ply
format ascii 1.0
comment Created by Open3D
element vertex 14222
property double x
property double y
property double z
property double nx
property double ny
property double nz
property uchar red
property uchar green
property uchar blue
end_header
-6.8204 -5.3706 1.3238 0.509395 0.224059 -0.830851 166 163 103
-5.0285 5.1825 2.0046 0.505012 -0.0560873 -0.861288 164 161 82
6.8929 -2.2168 1.2125 0.0745633 -0.191586 -0.978639 175 157 118
-6.1367 -1.9397 1.6013 -0.235262 -0.237356 -0.942504 171 148 110
-6.9319 5.3811 1.2967 0.261769 0.0531748 -0.963664 161 147 105
3.5315 -7.2158 2.6092 -0.614818 -0.136757 -0.776722 147 145 88
-6.9508 0.6443 1.2944 0.0920777 0.069994 -0.993289 164 144 116
7.9049 4.0494 0.796 -0.562924 0.0943832 -0.821102 165 150 127
4.5046 2.5861 2.2435 -0.637503 -0.340133 -0.691303 152 142 103
-3.0003 -1.2778 2.8207 0.108742 -0.0201126 -0.993866 165 152 97
-0.3939 3.7766 3.8401 0.394806 -0.182943 -0.900367 142 137 85
-3.53915 -1.44255 2.6438 0.727391 -0.232932 -0.64548 167 123 103
-7.3608 -7.3302 1.0718 0.431198 -0.902222 -0.00794808 159 132 101
4.6884 -2.6191 2.0884 -0.536612 -0.258068 -0.803398 156 137 108
3.2524 3.2032 2.5952 -0.575195 0.0460845 -0.816718 153 144 97
-1.6018 -2.6566 3.3515 0.281258 0.242694 -0.928436 137 126 72
-3.8076 2.1705 2.4097 0.78402 0.308178 -0.538831 142 133 99
0.5065 -1.3753 3.7808 -0.604662 0.421029 -0.676105 140 144 54
-7.7239 -2.4045 0.8779 -0.00595297 -0.413453 -0.910506 178 156 113
-5.4611 -2.5791 1.8798 0.875664 -0.480011 0.0529253 148 135 104
1.9949 5.0075 3.2774 -0.780642 0.400676 -0.479642 145 131 93
0.3122 7.2087 3.807 0.01111 -0.425268 -0.904999 149 123 75
-0.6509 1.724 3.648 0.416267 -0.817045 -0.398948 147 133 93
4.4418 -2.2198 2.2872 -0.383126 -0.0403908 -0.922813 161 161 102
0.3267 2.9307 3.8559 -0.0989633 0.117347 -0.988148 117 113 82
-5.7289 -5.1091 1.7657 0.817429 0.027353 -0.575379 164 163 101
7.9277 -2.5824 0.7951 -0.547537 0.135385 -0.825757 179 141 125
4.012 -0.337 2.387 -0.0809946 0.374814 -0.923555 162 149 100
1.5328 4.0889 3.513 0.0655982 0.79284 -0.605889 151 138 77
0.2117 -0.8232 3.8802 -0.391586 0.226763 -0.891762 121 128 83
3.0689 1.565 2.7593 -0.365886 -0.296017 -0.882327 149 142 88
5.8413 2.8525 1.7694 -0.272584 0.218766 -0.936931 172 140 89
-5.7354 3.2678 1.695 0.47874 0.0054342 -0.87794 170 132 112
-2.864 1.0996 2.899 0.0649253 0.868082 -0.492157 149 135 84
-5.0356 -5.2875 1.9757 0.491749 0.0583911 -0.868777 150 156 86
3.5762 6.8756 2.5632 -0.301731 -0.173905 -0.937398 147 140 97
-0.9194 7.8146 3.6645 0.269768 0.149179 -0.951299 131 129 78
3.8924 2.1869 2.4826 0.151004 -0.15362 -0.976524 143 128 79
4.9105 -0.0317 1.9788 0.147523 0.869867 -0.470711 166 149 92
4.2093 -0.0994 2.2466 -0.582278 -0.0509818 -0.81139 147 158 103
2.6259 5.2611 2.893 -0.222518 -0.199445 -0.95431 145 120 89
0.2943 -5.3181 3.8901 -0.400961 -0.194792 -0.895146 125 136 63
-7.8741 -2.1121 0.8984 -0.444048 -0.012077 -0.895922 175 162 113
-0.7077 -7.6062 3.7496 0.122034 0.0653353 -0.990373 142 123 75
5.9944 0.8932 1.5947 -0.262879 -0.16533 -0.950558 159 142 115
-0.0986 2.9687 3.9398 0.23368 0.061879 -0.970343 144 139 57
1.0493 -0.8228 3.5502 -0.560587 -0.039445 -0.827155 147 128 85
6.1282 -1.5287 1.5126 -0.407281 -0.0258085 -0.912938 163 166 107
-5.1429 -5.7686 1.9275 0.312705 -0.155215 -0.937083 151 162 84
-2.2199 6.6444 3.0694 0.610587 -0.186458 -0.769686 161 148 75
-1.7117 3.4597 3.3279 0.364131 0.133261 -0.921765 138 125 65
-1.1439 -3.8216 3.438 0.0553254 0.0901785 -0.994388 153 139 65
3.5838 6.6385 2.4711 -0.133454 0.406847 -0.903695 154 144 92
-6.3476 -4.0506 1.4891 0.0447112 -0.0841443 -0.99545 174 150 108
4.6708 -2.4678 2.0309 -0.661621 -0.00359349 -0.74983 160 135 81
1.3662 4.8013 3.3917 0.261116 0.26717 -0.927598 157 126 89
1.305 -2.1229 3.4531 -0.623982 -0.154957 -0.765921 158 141 86
5.043 -3.777 1.9013 0.597626 0.547169 -0.586045 173 151 101
-3.5801 -1.5491 2.5952 0.595746 -0.747548 0.293699 165 117 86
3.1548 -4.241 2.7851 -0.261852 0.0365527 -0.964416 150 150 95
6.8242 4.0949 1.24 -0.209843 0.757259 -0.618486 168 168 112
-3.8444 -1.3049 2.5057 0.817077 -0.110579 0.565825 147 142 85
5.4607 -4.6851 1.8744 -0.505859 -0.189618 -0.841517 162 166 97
-3.8089 3.405 2.4057 0.557497 -0.0485399 -0.828759 156 154 105
-7.0784 7.3726 1.1625 -0.404021 0.288448 -0.868081 156 149 96
7.6174 4.0412 0.8661 0.56221 -0.0921004 -0.82185 166 153 118
-4.2331 -3.9686 2.3793 0.911271 0.406191 0.0677763 155 140 92
-1.4199 0.0005 3.326 0.222462 0.087679 -0.970991 147 126 81
-4.2908 -5.2773 2.3635 0.396142 0.236281 -0.887267 148 141 107
0.1588 -1.1603 3.9114 -0.500154 0.100442 -0.860092 152 125 61
4.2242 -7.1612 2.2896 -0.404807 0.208485 -0.890317 182 111 96
-2.9409 1.5753 2.8411 0.592656 -0.0810771 -0.801364 143 131 95
-5.0845 -4.8905 1.9933 -0.543202 -0.405994 -0.734915 171 141 99
3.725 6.934 2.4644 -0.396027 -0.0218082 -0.91798 168 146 82
0.9011 2.4979 3.5619 -0.639788 0.0929219 -0.762914 154 136 81
1.5589 6.0008 3.4098 -0.539799 0.0605066 -0.839617 150 138 74
4.0819 6.8547 2.3344 -0.461639 -0.126972 -0.877934 157 143 107
2.0389 3.6109 3.1892 0.177186 0.0150546 -0.984062 144 137 92
4.4666 -3.7059 2.235 -0.300126 0.150186 -0.942003 163 144 101
-4.9529 -2.8678 2.0554 0.486065 -0.0935137 -0.868905 158 137 94
1.4516 5.8058 3.4899 -0.508612 0.151168 -0.847621 143 134 56
-1.6486 -6.5383 3.4382 -0.498634 0.800009 -0.333692 143 102 80
4.0516 0.7391 2.3311 -0 -0 -1 152 141 107
1.012 -3.2672 3.6416 -0.141537 0.595261 -0.790969 152 130 78
7.4019 -0.0502 1.1447 -0.593492 -0.166574 -0.787413 181 147 124
-5.5662 4.6356 1.8328 -0.681306 -0.200636 -0.703966 162 142 98
-6.1556 -5.9373 1.5727 0.311882 0.184195 -0.932095 158 160 105
2.7235 0.5245 2.8687 -0.437106 -0.126555 -0.890462 157 133 95
-1.2298 7.3259 3.4527 0.517399 -0.252175 -0.817745 131 109 100
-5.2186 4.785 1.9499 0.408827 -0.142147 -0.901474 154 151 99
0.6462 -3.9624 3.6854 -0.0371219 -0.560143 -0.827564 127 127 79
2.5654 -5.905 2.9706 -0.36064 0.236138 -0.902318 151 140 78
-5.0889 -2.6374 1.9888 0.449373 0.158333 -0.879201 152 150 105
5.3946 6.3293 1.8238 -0.302963 0.461108 -0.834022 157 148 89
-7.7554 -2.0334 0.8626 -0.551763 -0.196381 -0.81055 164 146 118
-1.8196 -5.9845 3.2795 0.0610062 -0.114442 -0.991555 140 126 81
-7.5706 0.9315 0.9916 -0.317256 0.310236 -0.89616 158 156 117
6.7655 -6.7622 1.2969 -0.392824 -0.0704146 -0.916914 175 152 110
3.75595 4.962 2.53615 -0.669624 -0.082169 -0.738141 138 140 94
-4.2023 4.222 2.3475 -0.212475 -0.617918 -0.756989 145 121 101
-6.2743 -7.3813 1.5292 0.557699 -0.0502734 -0.828519 164 161 94
-4.5485 -3.9955 2.1915 0.854345 0.158609 -0.494913 148 151 105
6.9874 0.1802 1.1501 -0.264433 0.176018 -0.948205 167 149 123
0.6282 5.4075 3.8381 -0.173206 0.0305457 -0.984412 130 127 70
7.0792 -7.9506 1.2507 0.194261 -0.421604 -0.885727 174 152 100
4.6219 -2.7044 2.17 -0.334236 0.0339236 -0.941879 148 130 85
6.2063 -1.613 1.5578 -0.169331 0.108829 -0.979532 151 138 117
4.7416 -6.6571 2.107 -0.154525 0.27695 -0.948378 150 134 100
-2.545 -6.3722 3.0387 0.635921 -0.124555 -0.761637 162 142 86
6.7799 0.8686 1.2639 -0.266165 0.290246 -0.919192 153 150 131
4.8524 -2.0172 2.0798 0.00726882 0.758054 -0.652151 172 143 95
-4.5758 -1.6869 2.1552 0.09872 -0.845644 -0.524539 146 151 114
5.7173 -7.1794 1.7518 -0.0971844 -0.0827889 -0.991817 147 145 112
7.1754 -2.9973 1.1583 -0.62042 -0.741249 0.256182 150 165 99
0.3196 -4.8659 3.8152 0.233532 0.0671471 -0.970028 133 133 74
3.009 4.6646 2.7436 0.269714 -0.0777076 -0.9598 155 139 98
2.056 -7.4739 3.1656 -0.0810735 0.22905 -0.970033 137 160 100
6.7694 5.138 1.2521 -0.453269 0.0972006 -0.886059 156 147 119
-1.885 -2.6785 3.1974 0.66414 0.0167524 -0.747421 163 129 85
6.2256 0.7281 1.4733 -0.766146 -0.153836 -0.623983 166 154 111
-6.0394 -3.4186 1.5337 0.436936 0.103196 -0.893553 153 157 81
-1.4153 -0.8333 3.4025 0.301565 0.0451432 -0.952376 153 130 94
-5.3548 2.9889 1.8008 0.350407 0.286494 -0.891704 160 160 116
1.7687 6.7034 3.2989 -0.596673 -0.48777 -0.63723 150 132 104
3.7831 -6.2896 2.4418 -0.146763 0.443137 -0.884359 147 136 110
6.8401 6.274 1.2968 -0.341297 -0.104506 -0.934128 170 138 86
-7.0848 7.694 1.1678 0.625148 -0.130583 -0.769505 165 147 138
2.2245 3.9261 3.0837 -0.197981 0.189429 -0.961728 135 121 87
7.6368 1.8256 0.9855 -0.171028 0.0613162 -0.983356 166 145 108
3.0175 -3.9371 2.8012 -0.572027 -0.103859 -0.813633 143 130 72
6.9928 2.416 1.2017 -0.101189 0.00437589 -0.994858 157 147 114
3.8894 -6.009 2.4781 -0.349394 -0.418236 -0.838452 142 136 109
2.7954 7.9911 2.9051 -0.146579 0.555024 -0.818818 158 160 72
4.8804 -5.323 1.9691 -0.613336 0.540438 -0.575974 167 134 97
-5.5573 6.3614 1.7551 0.37401 0.0652126 -0.925129 156 137 102
-5.9991 3.1105 1.5902 -0.485878 -0.131575 -0.864066 165 155 88
4.6748 2.5334 2.114 -0.499289 -0.459159 -0.734768 140 129 114
-0.1403 -2.6637 3.9596 -0.475751 0.172302 -0.862538 150 132 69
3.19625 -4.0555 2.7486 -0.409685 -0.178064 -0.894679 144 145 89
-6.5719 -1.8829 1.3261 0.877442 0.0274163 -0.478898 162 137 98
7.7368 -3.1058 0.8309 -0.834287 0.00876704 -0.55126 167 151 111
-7.6367 -7.2343 1.0541 0.528285 0.0764296 -0.84562 174 156 100
6.4671 -1.5547 1.4154 -0.399672 -0.122243 -0.908471 167 147 117
5.3267 6.0558 1.8463 -0.88821 -0.349963 -0.297672 158 147 78
5.6339 3.6947 1.7347 -0.390442 0.0767654 -0.917422 157 130 90
6.7516 5.1569 1.324 -0.571965 0.126276 -0.8105 165 153 106
4.8235 -4.3798 1.9903 -0.629145 0.585588 0.51114 173 142 94
-0.9084 7.2304 3.6538 0.0201006 0.0569012 -0.998177 144 128 64
-2.5575 -1.5922 2.9464 -0.504447 -0.828849 -0.241956 140 126 93
4.6329 0.2889 2.1097 0.0481717 0.0948253 -0.994328 184 138 101
7.1616 -1.6114 1.1627 -0.237065 0.23711 -0.942114 173 155 107
-4.6589 -7.5598 2.0922 0.238862 0.0471313 -0.969909 160 158 115
-1.6802 2.9703 3.3907 0.105436 -0.352178 -0.929975 138 138 81
4.1208 -4.6741 2.4261 -0.506517 0.337833 -0.793291 153 139 100
-3.2579 -3.1899 2.6738 0.390653 0.0161086 -0.920397 121 157 89
1.5068 6.1047 3.4635 -0.170556 -0.073659 -0.982591 140 150 89
-1.3214 -6.3782 3.5371 -0.726167 0.648062 0.229558 147 122 65
6.9841 -4.5081 1.2265 -0.712296 -0.0945799 -0.695478 172 154 106
4.9853 2.0182 1.9347 -0.901511 0.234292 0.363847 158 149 93
-3.7001 -1.5984 2.5028 0.537629 -0.415762 -0.733551 154 144 88
5.3179 -5.8982 1.8081 -0.537798 0.231956 -0.810537 177 135 97
3.4171 1.3432 2.6797 -0.171821 0.189387 -0.966752 162 142 80
-0.5984 3.115 3.8567 0.33188 -0.373873 -0.866068 149 142 78
-7.477 -1.6433 0.9751 0.624499 0.167592 -0.762833 167 163 126
-5.803 6.7556 1.6458 0.741027 0.318425 -0.591173 163 151 110
4.7059 7.7421 2.1194 0.210095 0.266904 -0.940544 168 167 90
-1.5106 4.1552 3.2923 0.460185 -0.562534 -0.686866 134 134 60
-1.7776 -7.1969 3.2074 0.376643 -0.139971 -0.915723 141 131 93
-2.2672 -2.8274 3.0983 0.401504 -0.0640921 -0.913612 156 136 70
-5.4483 -4.818 1.8819 0.27704 -0.592972 -0.756064 151 139 95
-5.4556 -2.10645 1.8325 0.256552 0.194596 -0.946738 158 154 101
-6.782 5.3347 1.248 -0.0749169 0.453122 -0.888295 176 151 97
1.2323 -5.6814 3.493 -0.240023 -0.571836 -0.78447 148 137 80
-6.908 -0.269 1.2201 0.496797 -0.209785 -0.84213 174 152 95
0.7937 -6.72825 3.63135 -0.411878 -0.571896 -0.709431 152 134 76
2.028 -4.3405 3.2135 -0.0807659 0.0865668 -0.992967 150 143 81
2.2424 5.2163 3.0326 -0.686941 0.188875 -0.70174 147 147 74
1.0323 3.0533 3.5202 0.248265 0.438954 -0.86353 135 141 60
0.0448 -3.0379 3.8989 0.0352453 0.528581 -0.848151 132 118 62
0.8695 3.8002 3.6446 0.06295 -0.182364 -0.981214 148 150 69
6.6908 5.6398 1.3121 -0.381259 0.246115 -0.891106 178 128 95
-3.3285 1.9487 2.6708 0.399825 -0.238626 -0.884984 144 132 100
7.9511 5.456 0.7541 -0.385139 0.464132 -0.797653 169 151 121
-2.0672 -2.8242 3.1943 -0.147307 -0.159319 -0.976175 148 129 89
-2.2198 3.3025 3.0913 0.572358 0.781652 0.247842 157 144 80
-3.8004 -2.7038 2.516 0.239257 -0.402486 -0.883607 148 135 76
5.267 -3.0253 1.9141 0.387987 0.198839 -0.89996 173 146 108
0.5762 -0.1524 3.7883 0.275875 0.398194 -0.874834 159 134 68
-4.5616 -6.6575 2.1459 0.357555 0.0550083 -0.932271 159 144 94
-4.14475 7.6379 2.33635 -0.0014082 0.00554701 -0.999984 150 140 99
5.3714 -1.9635 1.9424 -0.573316 0.784083 -0.237743 166 130 95
3.5657 -5.4984 2.5758 -0.334052 -0.336197 -0.880557 157 142 94
1.1984 5.5105 3.5518 -0.529217 0.0359807 -0.847723 141 125 81
-7.0728 3.164 1.1607 0.280849 -0.103343 -0.954172 172 133 100
-0.1188 -7.3614 3.9268 0.600847 -0.207551 -0.771949 126 121 65
7.2097 -6.8281 1.1483 0.0552439 0.320609 -0.945599 170 150 106
-1.3423 2.4511 3.4758 0.556829 -0.306554 -0.771988 140 143 69
-5.9738 -0.4996 1.5848 0.267259 0.0506506 -0.962293 159 157 123
-5.036 7.0869 1.8607 -0 -0 -1 152 147 106
-0.5966 -1.4762 3.7402 0.347324 -0.0785694 -0.934448 143 136 80
0.637 -2.4466 3.811 -0.654412 0.498822 -0.568262 143 130 71
7.9239 1.0911 0.8429 -0.29596 0.0674127 -0.952819 175 162 120
2.0101 7.407 3.2746 -0.241684 0.235481 -0.941349 141 124 77
-5.394 -3.6061 1.8416 0.602329 -0.726489 -0.330776 155 159 97
4.371 4.5592 2.284 -0.238181 0.220586 -0.945839 149 146 103
-2.2352 1.6116 3.0645 0.629168 0.352591 -0.692695 150 143 95
5.7757 0.0155 1.6254 -0.690785 -0.0440697 -0.721716 152 148 99
-6.9879 -3.8255 1.1776 0.732396 -0.0251038 -0.680416 176 144 101
3.7912 5.5371 2.4796 -0.510875 0.357519 -0.781785 160 139 106
7.4966 7.0984 1.0622 -0.548979 -0.175461 -0.817212 145 157 123
1.1642 -4.4697 3.5245 -0.267161 0.162441 -0.949862 142 121 61
-0.1708 3.2098 3.8637 0.176691 -0.0802641 -0.980988 136 114 69
1.3481 -5.7689 3.5248 -0.1526 -0.0290087 -0.987862 156 124 62
-6.6406 6.60525 1.3352 0.423896 0.249124 -0.870775 179 153 109
5.5123 -0.9655 1.7718 -0.423436 0.198068 -0.884009 169 172 109
3.3532 -5.7713 2.6151 -0.370799 0.257083 -0.892422 154 134 80
-7.356 1.2494 1.0463 0.0718613 -0.168756 -0.983035 177 151 124
2.7932 -1.3175 2.8238 -0.513823 -0.0844779 -0.853727 164 159 103
-5.6976 -4.9478 1.6671 0.864434 -0.502211 -0.0231678 173 142 108
-4.855 -2.9977 2.0902 0.395846 0.234404 -0.887897 168 154 104
6.8489 -4.5553 1.2885 -0.288341 0.051756 -0.956128 159 160 110
7.0197 -2.0016 1.1706 -0.251008 -0.242042 -0.937235 166 162 109
4.1764 4.7191 2.2894 -0.382745 0.0242964 -0.923534 155 142 101
4.1627 3.6172 2.3584 -0.701916 -0.228883 -0.674482 142 135 100
-5.5064 -4.0146 1.8519 0.353733 0.0377873 -0.934583 169 146 96
-7.1483 -2.7487 1.0733 0.649642 0.0816674 -0.755841 171 151 110
7.1783 -4.3115 1.1029 -0.253202 0.504356 -0.825538 170 148 107
-2.2262 -3.3952 3.0978 0.2144 -0.107672 -0.970793 140 129 81
7.6136 -7.1145 0.984 -0.330637 -0.0230167 -0.943477 162 154 116
2.5725 7.4463 2.8908 -0.708301 -0.186996 -0.680693 163 122 88
-6.5753 7.1545 1.3602 0.307893 -0.582535 -0.752233 174 146 114
7.194 -1.351 1.1525 -0.0350155 0.166289 -0.985455 160 149 106
1.326 -3.4196 3.5176 -0.536779 0.00566201 -0.843704 137 133 70
1.3248 5.5584 3.4845 -0.457783 -0.182247 -0.870184 146 112 61
5.433 -6.2273 1.8358 -0.305787 -0.042131 -0.951167 149 145 112
2.1976 -3.4524 3.1476 -0.486513 0.763459 -0.424776 132 127 94
-4.9951 -1.2437 1.9287 0.194313 -0.130691 -0.972195 152 153 108
3.03065 5.6488 2.8131 -0.330157 -0.0124921 -0.943843 168 146 96
5.5861 7.451 1.756 -0.279831 -0.153118 -0.94776 163 137 127
4.6645 -3.1948 2.1747 -0.191575 -0.105717 -0.975768 161 120 121
-3.9561 5.8201 2.4301 0.293311 0.0838008 -0.952337 142 137 86
4.2403 7.6017 2.2862 -0.144884 -0.228921 -0.962603 166 123 91
7.4634 -1.1043 1.1064 -0.696889 0.717082 -0.0117835 167 142 118
7.3595 5.9207 1.0643 -0.472055 0.070583 -0.878739 160 150 120
-2.785 7.1983 2.8853 0.0942122 -0.139554 -0.985722 154 124 79
2.2406 -1.5199 3.1977 -0.639335 -0.0700541 -0.765731 149 139 84
-0.8464 -1.2559 3.7294 0.222836 0.496541 -0.838923 147 116 74
1.2414 -7.0351 3.4874 -0.390023 0.296238 -0.871851 144 129 80
1.0846 -0.779 3.5143 -0.428908 -0.0263167 -0.902965 148 144 90
-5.1639 -5.2971 1.8798 0.483821 -0.18193 -0.856048 158 122 104
-3.3893 -4.7856 2.612 0.349287 -0.38722 -0.853264 145 161 101
-6.0859 -6.9604 1.5507 0.377064 -0.430087 -0.820273 164 164 111
5.7954 4.256 1.5717 -0.132734 -0.11957 -0.983913 156 167 114
-3.6571 4.5205 2.5082 -0.831703 -0.200643 -0.517699 159 124 82
-7.2894 -5.9167 0.974 0.288308 -0.307018 -0.906983 169 158 123
5.9177 -3.5249 1.6354 -0.618737 0.077705 -0.781745 154 134 107
7.0888 5.6052 1.1729 -0.434797 0.0222308 -0.900254 168 152 116
6.7984 -7.1549 1.2144 -0.981227 -0.179807 -0.0697351 157 164 115
-6.217 -7.8621 1.4747 0.348987 0.152677 -0.924607 163 148 99
7.2163 4.9605 1.1398 -0.156986 0.00310295 -0.987596 159 140 107
1.2177 0.2217 3.5288 -0.182279 -0.049879 -0.981981 165 143 88
-0.0056 -4.3593 3.9881 0.165605 -0.0781735 -0.983089 149 119 57
6.2964 6.6672 1.4936 -0.64271 0.706025 -0.297409 189 150 108
2.351 -3.2916 3.0404 -0.363319 -0.284301 -0.887227 158 123 87
5.3445 4.9705 1.8842 -0.232815 0.258746 -0.937469 173 141 100
-5.0978 -2.0351 1.9513 0.295119 -0.538682 -0.78913 145 139 97
7.0237 -3.6009 1.1639 -0.487869 0.19342 -0.851218 178 146 118
-1.3897 -3.4172 3.3839 0.39519 -0.165175 -0.903627 136 139 77
7.9365 -5.049 0.8588 -0.234083 0.102349 -0.966814 168 147 132
3.2697 -1.7362 2.6526 -0.671765 0.140935 -0.727234 135 129 94
-0.3801 1.7714 3.7814 0.332031 0.26423 -0.905504 180 121 81
3.8132 1.0273 2.5521 -0.258194 -0.0767295 -0.963041 152 141 91
-2.4991 6.6272 2.9626 0.968412 0.244748 -0.0477046 159 128 95
-1.4326 -0.3995 3.4367 0.519801 -0.171188 -0.83696 164 148 90
-4.7508 6.4008 2.0335 0.499825 -0.151276 -0.852813 163 144 96
6.8167 7.2818 1.2958 -0.606902 -0.101051 -0.788327 167 156 93
0.0677 -3.789 3.9133 -0.289208 0.522909 -0.801826 141 137 67
6.8703 -6.9552 1.1278 -0.393258 0.121726 -0.911335 168 149 114
-3.0969 6.1016 2.7984 -0.0243972 0.465359 -0.884786 145 128 91
-0.7253 -7.5149 3.6988 0.339178 -0.0115257 -0.940651 134 123 98
2.6454 -7.2086 2.9005 -0.173448 -0.438838 -0.881667 142 143 66
-4.1477 -6.8439 2.3633 0.434034 -0.107882 -0.894414 142 127 95
-6.9809 7.0588 1.2198 0.638404 0.18082 -0.748161 164 149 117
0.2071 2.832 3.8452 -0.465407 -0.167536 -0.869096 143 138 64
-7.5206 -4.6423 1.0547 0.269144 0.21849 -0.937989 161 160 123
7.5754 2.8481 1.0043 -0.2731 0.247595 -0.929577 165 156 117
-3.3022 -6.1487 2.7694 0.471656 -0.225768 -0.852391 155 147 95
7.8947 7.65 0.929 0.142751 -0.551691 -0.821741 175 169 125
5.7384 -2.8861 1.6607 0.245146 0.47399 -0.845717 167 142 90
-4.4679 0.9463 2.1802 0.160511 0.265941 -0.950532 156 122 86
-4.8189 -0.5312 2.0541 0.414106 0.187983 -0.890606 149 140 92
-4.6006 1.0374 2.2162 0.175661 0.578913 -0.796243 176 151 106
-4.9823 -4.8454 1.9861 0.450517 -0.115994 -0.8852 170 132 102
0.7399 6.3458 3.7487 -0.385582 0.520805 -0.761635 143 126 75
-4.8129 -0.7547 2.1747 0.59246 -0.0211519 -0.805322 161 150 120
0.7355 -6.952 3.7209 -0.270358 -0.850741 -0.450717 149 137 75
5.9126 -4.6041 1.6497 -0.403985 0.0696954 -0.912107 141 144 112
-4.0445 5.792 2.3813 0.260034 0.121046 -0.957982 153 144 99
-1.8908 -7.4381 3.2963 0.167593 -0.418858 -0.892452 156 140 89
1.7532 -7.4195 3.2814 -0.522566 -0.00115701 -0.852598 159 130 84
3.8705 -4.9255 2.4519 -0.470745 0.199483 -0.859422 151 135 88
5.5717 0.0708 1.7927 -0.479251 -0.226155 -0.848041 175 146 106
-7.559 1.0142 0.9917 -0.172431 0.272654 -0.946534 176 149 128
-7.8257 5.5165 0.8399 0.0474822 -0.0633887 -0.996859 156 155 118
-6.0109 -0.3382 1.5672 0.272448 0.191006 -0.943021 147 154 80
-5.5704 6.8456 1.7097 0.707576 -0.433554 -0.558003 152 143 104
-2.0027 -3.7119 3.1905 0.469322 0.138106 -0.87216 136 139 84
-5.0632 -7.8308 1.88 -0 -0 -1 163 160 96
5.7888 -0.8583 1.6015 -0.416178 0.18541 -0.890179 166 155 105
-1.1934 -5.5152 3.5127 -0.305205 -0.213031 -0.928153 158 138 76
2.1914 -6.7252 3.1671 -0.32574 0.139984 -0.935039 143 147 93
-0.8166 4.669 3.7163 0.531486 0.285469 -0.797515 148 111 68
1.2887 1.6073 3.524 -0.891811 -0.450906 -0.0368361 151 139 66
5.4023 5.1772 1.8851 -0.340735 -0.209691 -0.916477 165 142 93
-7.0452 -4.1028 1.1569 -0.0780284 0.0712842 -0.994399 168 152 124
-4.6276 -3.5274 2.1049 0.323895 0.75074 -0.575744 170 145 88
2.9632 -4.5533 2.9698 -0.35801 0.146634 -0.922132 151 117 90
-5.9012 3.7201 1.6781 0.590256 0.0240517 -0.806858 152 139 102
0.5072 -2.5976 3.7633 -0.321635 0.436 -0.840509 136 128 63
-6.7412 -7.1923 1.2861 0.372644 0.0558985 -0.926289 149 144 116
4.5083 -4.6681 2.1526 -0.129159 0.326577 -0.936304 155 142 117
5.3755 -0.1575 1.9035 -0.400926 0.0803542 -0.912579 173 137 108
-4.3839 6.6002 2.2892 0.14429 -0.0646263 -0.987423 150 152 77
0.5168 4.2193 3.8827 -0.676915 -0.504266 -0.536192 137 136 74
3.4737 0.2478 2.5624 -0.934487 -0.353246 0.04417 169 136 77
5.9483 4.2473 1.6697 -0.325648 -0.0745286 -0.942549 158 141 111
1.1598 4.314 3.598 -0.72547 -0.286487 -0.625794 143 139 78
-6.9172 -1.9981 1.2343 0.347731 0.0691492 -0.935041 160 173 95
-7.4043 1.3349 1.0661 0.265296 0.104946 -0.958438 178 155 108
6.94955 -0.1503 1.1794 -0.526579 -0.213411 -0.822904 168 156 109
5.0399 6.246 1.9359 -0.753594 0.149548 -0.640103 152 150 85
6.5516 -0.9037 1.4287 -0.271498 0.288152 -0.91829 171 143 106
-7.8746 4.1419 0.7622 0.291531 0.310725 -0.904688 169 139 115
-6.7793 2.4459 1.3711 0.142888 0.073716 -0.98699 177 143 116
-5.0671 4.5216 1.992 0.339423 -0.108956 -0.934302 173 140 106
4.53 7.1789 2.2008 0.492704 -0.0673626 -0.867586 152 139 70
-3.0604 -7.708 2.8227 0.473968 0.315759 -0.82198 164 136 83
3.3227 -4.9096 2.7039 -0.573128 -0.321818 -0.75363 152 129 71
0.0777 -1.8268 3.9665 -0.402506 -0.912765 0.0696385 115 133 74
7.253 -6.9848 1.0977 -0.479209 0.0151489 -0.87757 162 162 137
0.0641 6.1918 4.0467 -0.315274 -0.000507165 -0.949 139 122 86
7.0733 -7.7007 1.1725 -0.408275 -0.382692 -0.828769 146 165 107
7.6104 -1.6379 0.9394 -0 -0 -1 172 155 118
-5.8939 -7.2084 1.6115 -0.0842424 0.495034 -0.86478 172 159 107
7.54055 -6.70255 0.9711 -0.0160021 0.824908 -0.56504 179 146 121
0.1675 -0.9878 3.9152 -0.651811 -0.092259 -0.752749 122 134 79
3.2278 1.8155 2.7768 -0.836773 -0.511537 -0.195297 169 138 73
-3.3985 -0.7312 2.6519 -0.0653463 -0.984719 -0.161424 141 140 66
-1.6301 -5.1606 3.4193 0.900741 -0.280083 -0.331992 131 145 89
-0.6131 -2.8355 3.8687 0.298441 -0.100036 -0.949171 150 131 63
6.578 2.2131 1.2754 -0.506604 0.0130257 -0.862081 181 135 116
1.9451 3.7606 3.1989 0.594156 0.469645 -0.653003 150 160 80
-7.7473 4.19 0.8783 0.438204 0.0952446 -0.893815 172 161 121
2.083 -0.8315 3.2084 0.0537346 0.314984 -0.947575 140 147 74
-1.9616 -0.4145 3.2123 -0.00266389 -0.343339 -0.939208 146 152 73
3.3231 6.2496 2.6405 -0.434933 -0.0200419 -0.90024 153 162 89
-6.3527 4.3543 1.552 0.237964 -0.227812 -0.944179 160 142 113
-3.39885 -2.8402 2.65025 0.219312 0.149015 -0.964208 156 134 85
5.6509 -1.9583 1.829 -0.288633 0.322273 -0.901571 167 132 97
-6.6249 -3.5397 1.2688 -0.0922324 0.297803 -0.950161 169 152 131
-3.5318 -4.9172 2.6524 0.236509 -0.121472 -0.964006 149 158 94
-3.2975 -3.5757 2.5618 -0.667549 -0.0783146 -0.740436 161 131 92
5.5694 -6.0853 1.6616 0.0435453 -0.114346 -0.992486 166 138 94
3.707 -2.6815 2.4656 0.0246544 0.351374 -0.93591 162 162 89
-2.6125 -2.7818 2.9137 -0.0120732 0.074705 -0.997133 149 144 79
0.8479 -7.4608 3.7089 -0.320096 0.300724 -0.898389 140 144 68
-0.8821 -1.9151 3.6259 -0.0914637 0.326913 -0.940618 144 123 77
-2.3694 3.0214 3.0937 0.516595 0.591121 0.61944 152 131 76
2.3418 2.6253 3.0224 -0.643616 0.305078 -0.701916 156 130 92
3.0915 2.2461 2.7516 -0.271841 0.0627727 -0.960293 140 136 73
5.4019 -3.6051 1.8874 -0.941822 -0.323642 0.0907099 167 133 108
3.3567 -3.7498 2.6962 -0.424916 -0.557562 -0.713142 149 152 96
3.7883 -7.8558 2.4315 -0.385018 0.394781 -0.834212 157 134 80
-4.4049 -7.5729 2.1557 0.537918 -0.0890686 -0.838279 152 140 91
3.7651 -0.3651 2.5393 -0.267122 0.407367 -0.873326 158 151 77
-5.4051 -7.9673 1.7609 -0.136868 0.930227 -0.340507 176 150 101
-4.4035 -6.9878 2.2235 0.32123 0.155678 -0.934117 153 127 114
4.1054 -4.6517 2.3161 -0.166216 -0.081932 -0.98268 147 149 88
-4.9819 0.0579 1.9836 0.217977 -0.168385 -0.961318 138 160 84
-5.4293 -2.4235 1.8481 0.75575 -0.340604 -0.559312 153 150 106
-4.8472 6.0375 2.0916 0.38141 -0.047546 -0.923183 162 134 93
5.1685 0.9281 1.9365 -0.22063 0.197356 -0.955182 159 139 102
-0.0513 5.6263 3.9331 0.377705 -0.110912 -0.919259 161 135 86
5.1893 -1.4277 1.8852 -0.419514 -0.635144 -0.648537 155 153 111
6.0735 0.4894 1.4929 -0.810128 -0.0615732 -0.58301 179 154 112
0.6706 -1.5852 3.8255 -0.4374 -0.295361 -0.849378 153 142 79
-1.8072 0.1444 3.2435 0.72408 -0.000293552 -0.689716 165 128 85
1.8177 0.8521 3.3245 -0.878598 -0.19714 -0.434973 140 123 78
4.1593 5.9792 2.303 -0.622619 0.24651 -0.742683 160 148 100
-2.0923 1.4048 3.1656 0.309054 0.0424594 -0.950096 154 138 76
-4.7872 5.2457 2.0432 -0.0824517 0.0489635 -0.995392 156 135 92
3.8138 -3.0705 2.406 -0.45761 -0.149763 -0.87645 151 143 91
3.6095 -3.4374 2.5396 0.630465 0.740192 -0.233728 154 156 92
6.9213 -0.0034 1.1771 -0.468546 -0.228382 -0.853409 162 150 102
6.5709 -2.5335 1.3782 -0.560317 -0.0523467 -0.826622 173 136 119
5.3691 -4.8864 1.9413 -0.0708865 -0.508716 -0.858011 161 166 114
-1.879 -5.999 3.2638 0.28302 0.0849137 -0.955348 157 128 93
0.6076 -6.1756 3.7965 -0.380955 -0.160475 -0.910561 157 148 60
-2.4702 6.2649 3.0656 0.468487 -0.116529 -0.875752 149 135 88
7.6707 4.7195 0.8853 -0.301233 -0.430654 -0.850762 176 160 120
3.2901 1.7754 2.6685 -0.610401 0.0136659 -0.791975 140 146 90
4.6294 -5.3966 2.1545 -0.392761 -0.252731 -0.884232 158 137 79
1.0323 -0.8745 3.5872 -0.560587 -0.039445 -0.827155 142 148 62
-7.3507 4.2336 1.0164 0.0408453 -0.14851 -0.988067 161 157 118
3.8913 -6.2226 2.4438 -0.0219421 0.0960869 -0.995131 154 127 109
2.7424 3.019 2.9802 -0.463841 -0.0361742 -0.885179 143 125 97
-2.2285 -4.2488 3.1037 0.575438 -0.412441 -0.706232 159 158 70
-2.8038 -2.8082 2.9056 0.252812 -0.11282 -0.960915 149 123 73
1.2546 -0.9915 3.4922 -0.00902099 0.171067 -0.985218 133 133 77
-3.7522 -7.2646 2.4568 0.593241 0.378331 -0.710585 167 128 93
-3.9244 5.6172 2.4373 0.231698 -0.30573 -0.923496 145 129 116
-2.0818 1.3442 3.1682 0.382493 -0.0692694 -0.921358 163 145 85
-4.556 -2.3906 2.115 -0 -0 -1 169 139 96
-7.5964 -7.9599 0.9431 -0.0487656 -0.00669969 -0.998788 184 151 134
3.4467 1.6045 2.588 -0.386751 0.455548 -0.80181 151 135 83
7.4975 5.4495 0.9342 -0.34054 0.207807 -0.916978 163 158 123
6.1105 -6.6005 1.5355 -0.488961 -0.419139 -0.76501 162 150 108
3.2492 1.4096 2.7235 -0.396671 0.318587 -0.860904 160 141 90
-2.4037 -6.9356 3.0419 0.220881 0.0700367 -0.972783 146 124 92
0.1667 -3.781 3.8442 -0.0648507 0.0555608 -0.996347 138 142 83
-4.2891 1.0007 2.2717 0.646718 0.0465279 -0.761309 163 141 80
1.5326 -6.5141 3.4376 -0.0551736 0.441094 -0.895763 152 136 73
6.7074 -3.3024 1.3903 0.0690711 -0.435948 -0.897317 178 161 98
-5.777 5.4674 1.7024 -0.139434 0.650924 -0.746228 165 138 106
-6.8696 -4.5744 1.2884 0.304993 -0.0239309 -0.952054 164 148 108
-5.7116 -2.3555 1.6642 0.2206 0.214244 -0.951544 166 144 112
0.5994 -3.7635 3.7973 -0.291123 -0.45297 -0.842654 140 132 66
0.7441 0.4103 3.7047 -0.47633 -0.161766 -0.864258 129 146 87
5.5232 -4.8514 1.8347 -0.84563 0.0137731 -0.533593 182 166 99
3.2404 -1.8266 2.7326 -0.7564 0.134226 -0.640189 165 136 94
2.7509 -3.457 2.8676 -0.422578 -0.260497 -0.868084 149 121 75
0.1103 -3.0073 3.9475 0.0352453 0.528581 -0.848151 137 124 65
-2.2748 -0.4597 3.0895 0.130896 -0.132158 -0.982548 112 122 94
7.7709 2.7675 0.8948 -0 -0 -1 181 163 111
3.0266 6.1452 2.7642 -0.622335 0.40581 -0.669341 146 120 104
1.3525 -5.5292 3.4326 -0.0593843 0.0963144 -0.993578 129 135 85
-0.8584 -1.8386 3.6697 0.239272 0.0189257 -0.970768 154 129 54
7.5398 3.5946 1.0278 -0.114734 -0.368545 -0.922502 179 147 107
-4.3366 -3.4734 2.2699 0.0290716 0.245134 -0.969053 161 149 90
5.649 -5.5028 1.7021 -0.0315591 -0.0516245 -0.998168 164 143 96
7.3479 -0.1031 1.0428 -0.64361 -0.0494177 -0.763757 156 137 109
7.566 0.8236 0.9595 -0.0429191 -0.244306 -0.968748 187 165 110
-0.1363 1.5262 3.9193 0.087615 -0.163674 -0.982616 149 119 56
4.7613 0.2087 2.1831 0.471713 -0.0504569 -0.880307 147 166 109
-7.7353 2.7385 0.9002 0.129817 0.219499 -0.966937 174 148 102
0.209 7.084 3.9437 -0.132748 -0.028233 -0.990748 139 137 72
2.5646 1.1626 2.9447 -0.135187 -0.168717 -0.97635 154 123 87
1.7638 -6.9445 3.2827 -0.0478753 0.103549 -0.993471 174 148 83
-7.77 4.5282 0.9111 0.570532 -0.221087 -0.790958 157 158 103
-5.8045 1.7202 1.6073 0.767731 -0.0772027 -0.636104 152 135 103
-0.3762 2.6038 3.8418 0.00593255 -0.0555462 -0.998438 147 135 81
2.5754 1.8811 3.0327 -0.79808 0.187961 -0.572485 137 148 91
-5.0264 -1.7304 1.9856 0.335378 -0.387652 -0.858631 164 135 117
6.3938 -3.4719 1.381 -0.369022 0.26103 -0.892013 160 130 95
-5.7557 2.2156 1.6122 -0.0939219 -0.995548 0.00789623 159 139 120
7.5239 1.7616 0.9519 -0.424556 -0.545684 -0.722483 175 143 115
2.6517 6.2703 2.9452 0.0297266 -0.627892 -0.777733 157 147 79
5.5949 7.3874 1.7895 -0.364279 -0.0627669 -0.929172 153 135 115
-7.6475 1.3972 0.9439 0.07732 -0.695682 -0.714176 159 174 114
-7.7819 -3.146 0.8982 0.571775 0.55988 -0.599673 162 170 103
-7.2518 2.2427 1.1142 0.164749 0.770541 -0.615731 176 161 104
2.6634 3.2081 2.9551 0.120932 -0.027535 -0.992279 148 139 82
-6.7432 6.4006 1.2775 0.537626 -0.289238 -0.792022 168 153 107
-2.8781 7.2837 2.8405 0.242667 -0.250515 -0.937206 156 138 82
-6.3254 0.84 1.4586 -0.463472 0.857053 -0.225063 164 144 101
6.5507 6.494 1.3787 -0.644395 -0.257651 -0.71998 154 141 101
-6.0285 4.6001 1.5574 0.478109 0.204062 -0.854266 169 147 113
-7.3946 -4.7685 1.039 0.339513 0.225676 -0.913127 168 159 103
5.1104 -5.0903 2.0457 -0.487134 0.00711585 -0.873298 153 136 91
0.3011 6.9781 3.9226 -0.296763 0.316472 -0.900987 136 126 58
-2.2441 3.6404 3.1096 -0.459511 0.020889 -0.887927 140 140 74
3.2129 0.9849 2.7491 -0.638428 -0.0268332 -0.769214 155 147 93
-5.4061 0.1491 1.8677 0.549189 0.0270799 -0.83526 166 145 112
-6.5348 0.1064 1.3836 0.0697253 -0.167952 -0.983326 158 155 113
-1.2595 1.6421 3.4973 0.535901 0.328198 -0.777879 146 133 77
2.1896 -1.5434 3.2281 -0.69016 -0.640546 -0.33672 151 132 87
-3.7731 5.454 2.4765 0.320115 -0.245455 -0.915029 150 149 102
6.5693 2.7765 1.3745 -0.1906 -0.17121 -0.966622 175 147 109
6.0334 -6.7235 1.5929 -0.409214 0.0172807 -0.912275 189 144 110
2.393 5.9563 3.0243 -0.320896 -0.14724 -0.935599 140 132 68
-4.44105 5.6419 2.1904 0.995007 -0.0966161 0.025017 154 142 99
-1.8253 5.2152 3.283 0.464617 0.306441 -0.830798 137 143 90
0.0598 1.731 3.9288 -0.206339 0.125233 -0.970433 132 128 73
0.8581 0.9335 3.7168 -0.733848 -0.419173 -0.534566 135 130 75
-0.5257 7.2456 3.8476 0.608134 -0.0681172 -0.790907 136 120 65
0.8284 0.2335 3.6475 -0.207927 -0.15247 -0.966188 141 115 73
2.7489 6.9529 2.8969 -0.199099 0.229317 -0.952771 155 142 82
6.3359 4.887 1.4935 -0.144598 0.583729 -0.798969 160 168 101
-2.8103 -3.4287 2.8918 0.473276 0.0561747 -0.879121 144 142 71
6.6139 -5.4411 1.3375 -0.623569 0.0890099 -0.776685 177 165 113
-2.1387 -3.577 3.1603 0.351328 -0.0303266 -0.935761 146 125 93
1.4364 -4.8899 3.4199 0.140739 -0.136657 -0.98057 145 133 69
1.5025 -4.1473 3.3543 -0.47354 0.452395 -0.75571 147 121 70
4.4251 3.352 2.2461 -0.472325 0.127615 -0.872137 139 137 78
4.6582 -2.0669 2.231 0.67421 -0.0679002 -0.735412 157 135 89
1.6973 -7.3183 3.3053 -0.711151 -0.0412112 -0.70183 167 131 95
2.1693 0.6659 3.194 -0.471822 -0.153582 -0.868215 153 133 93
1.3766 -1.1726 3.4005 -0.409804 0.0284843 -0.911729 138 128 78
3.2048 6.3921 2.6869 -0.125963 0.0463414 -0.990952 165 132 96
7.5703 5.3392 0.9127 -0.209947 -0.426175 -0.879941 184 159 95
-0.1721 5.8049 3.8411 0.872105 0.0962021 -0.47977 146 125 71
5.8892 2.6685 1.6769 -0.570022 0.435202 -0.696903 157 140 111
-7.5452 -6.5007 0.9637 0.651164 0.0827651 -0.754411 162 175 110
4.6726 -4.8732 2.1865 0.483667 -0.434687 -0.75968 146 146 106
-3.7528 -3.5144 2.4951 0.645107 0.0713044 -0.760758 155 130 98
2.9303 -3.9789 2.8871 -0.197281 0.0759872 -0.977398 131 109 90
4.9745 4.3439 2.0038 -0.405211 -0.201642 -0.891709 155 129 86
0.3033 -5.0297 3.8234 0.183645 -0.433488 -0.882249 146 136 84
1.7023 7.4568 3.2919 -0.539949 -0.0442706 -0.840533 142 129 66
7.8712 -3.9025 0.8647 -0.528799 -0.12726 -0.839152 201 158 130
-2.60295 -4.3264 2.95175 0.976854 0.212389 0.0254395 146 122 93
5.8215 2.7395 1.718 -0.543213 0.353369 -0.76161 146 150 84
3.0052 -1.6341 2.7786 -0.518004 -0.210551 -0.82906 152 127 95
-6.1042 1.3766 1.5897 0.343406 -0.32005 -0.882972 157 139 121
6.9447 3.4343 1.2406 -0.425682 -0.302094 -0.852956 172 151 123
-1.3575 1.897 3.3853 -0.13514 0.860441 -0.491303 150 134 90
4.1803 -1.7046 2.3194 0.266173 -0.0557092 -0.962314 141 138 78
-5.1605 5.8202 1.9863 0.42021 -0.0719694 -0.904568 166 133 108
1.3232 -1.5502 3.5246 -0.612897 0.139025 -0.777837 153 139 73
6.2225 -6.9513 1.5051 -0.293174 -0.129472 -0.947252 170 155 123
-0.6423 -3.6827 3.7418 0.221926 0.264016 -0.93864 150 117 71
0.3792 -7.4467 3.9353 -0.16784 0.198834 -0.965554 136 136 97
4.6163 3.7402 2.1451 -0.338663 0.29296 -0.894138 175 135 108
-7.1032 -3.577 1.172 -0.450166 -0.708106 -0.544001 167 160 103
-4.8502 -4.0466 2.109 0.541029 0.223284 -0.810822 157 143 87
2.687 -5.7199 2.9503 -0.135084 -0.150727 -0.979303 146 136 72
-0.5145 -0.2682 3.8187 0.545633 -0.177351 -0.819043 126 121 90
3.9961 4.8301 2.4004 -0.463566 0.469952 -0.751167 176 149 79
-2.6393 -1.5321 2.9678 0.508373 0.0858475 -0.856847 151 146 70
2.7652 2.8547 2.9189 -0.381224 0.161725 -0.910227 137 133 79
1.9007 -3.2401 3.2018 -0.524026 0.0860037 -0.847349 142 134 89
-0.4161 -4.1054 3.8309 0.0852465 -0.0639008 -0.994309 155 119 60
-1.663 -7.5217 3.2983 0.60221 -0.0434787 -0.797153 138 163 79
-2.5839 -6.1394 2.9754 0.147465 0.443403 -0.884109 161 144 67
-5.1853 4.9256 1.9016 0.198704 -0.450538 -0.870363 168 147 119
-5.5801 5.6003 1.837 0.316018 0.00578168 -0.948736 152 139 91
5.6631 -4.2308 1.7846 -0.319074 0.213093 -0.923463 155 161 96
-7.0391 -0.5149 1.2112 0.461276 -0.0294836 -0.886767 175 152 112
2.4209 6.8832 2.9664 -0.987965 0.0181554 0.153607 161 144 58
-5.1125 4.7672 2.0225 0.0598318 -0.423387 -0.903971 155 122 123
7.2789 -5.336 1.1165 0.235654 -0.245969 -0.940195 173 144 114
7.1088 -4.8679 1.1793 -0.00674592 -0.0368296 -0.999299 171 156 123
-0.1056 2.0395 3.8526 0.67622 -0.211302 -0.705747 150 111 68
6.3731 -4.9824 1.4351 -0.507194 0.033402 -0.861184 166 153 99
4.498 -0.2039 2.0796 0.603354 -0.36417 -0.709468 146 146 97
1.7112 0.1176 3.4058 -0.529233 0.173223 -0.830606 157 132 85
4.1739 6.6129 2.4662 0.274039 -0.167002 -0.947108 165 148 79
-1.3598 -5.9375 3.4278 -0.0560681 -0.449314 -0.891613 144 126 71
7.6538 4.8852 0.8507 -0.0714759 0.109452 -0.991419 164 133 117
-6.1655 -7.7763 1.5775 0.511283 0.225252 -0.829368 165 146 117
0.7803 -5.1167 3.7809 -0.988342 -0.00319827 -0.152214 139 138 62
-2.7636 -0.3377 2.9011 0.239542 -0.0680016 -0.968502 151 140 79
3.5832 0.8071 2.6253 -0.405096 -0.092953 -0.909537 151 141 91
-2.4913 2.4514 2.9707 -0.198797 0.578776 -0.790884 150 127 79
2.83255 -4.9057 2.80665 -0.63733 0.0745966 -0.766972 146 134 84
-3.5581 -3.611 2.6175 0.320573 0.17087 -0.931685 139 146 90
-2.3756 -5.589 3.0326 0.947041 0.313487 -0.0695681 156 138 78
-3.3154 -0.854 2.7807 -0.135094 -0.88134 -0.452758 148 144 98
4.7131 7.6784 2.1099 -0.0661669 -0.123616 -0.990122 169 138 110
1.9212 -2.7077 3.2708 0.0594677 0.0205583 -0.998019 161 140 69
5.3467 -7.2301 1.8892 -0.193091 0.132975 -0.972128 171 142 99
3.4471 3.2472 2.669 -0.342923 -0.0183493 -0.939184 166 161 97
-3.4864 3.3901 2.55 0.692876 0.195774 -0.693971 154 137 102
-1.1431 -4.1935 3.453 0.822314 -0.521043 0.22872 142 134 84
6.4717 -7.6645 1.511 -0.359181 -0.427887 -0.829398 162 123 105
-5.5574 -6.3807 1.7463 0.334698 -0.363428 -0.869424 158 151 125
-4.6474 0.8969 2.1804 0.110651 0.44959 -0.886355 178 149 106
6.5545 0.5048 1.3878 -0.499045 -0.155957 -0.852427 155 137 101
5.3289 7.694 1.8652 -0.360992 -0.207603 -0.909168 150 156 88
0.5856 7.4994 3.8078 -0.372219 0.238918 -0.896867 130 135 73
-5.2134 -4.7429 1.9139 0.55642 -0.133823 -0.820054 140 144 106
-4.6064 0.2052 2.1632 -0.215513 -0.341422 -0.914869 168 132 86
3.4062 -7.3759 2.5421 0.208933 0.509308 -0.834836 154 145 93
3.0993 -0.8851 2.7402 -0.372851 -0.167538 -0.912641 151 139 96
2.1085 7.3369 3.1968 -0.374507 0.0736332 -0.924296 145 140 75
6.356 -0.641 1.4192 -0.0447881 -0.325274 -0.944558 159 158 121
1.5838 -5.2214 3.3337 -0.325016 -0.00192294 -0.945706 150 131 74
-2.0939 1.298 3.1709 0.39005 0.162746 -0.906297 153 135 83
-2.9223 -0.2954 2.8246 0.386632 -0.0305003 -0.92173 166 145 110
5.27 -4.8719 1.7552 -0.778587 0.426687 -0.460152 165 141 113
-1.0392 -0.8348 3.5038 -0.0355778 -0.146443 -0.988579 162 105 85
3.2912 -2.8231 2.6549 -0.361468 -0.177329 -0.915366 151 140 91
5.2923 -0.225 1.8568 -0.405745 0.0950552 -0.90903 166 155 111
0.6501 2.7124 3.7238 0.230368 -0.172151 -0.957755 144 125 84
-4.1884 0.7435 2.3394 0.553328 -0.376436 -0.743051 148 129 98
-4.1298 -3.4337 2.3764 0.10812 0.0458512 -0.99308 168 159 100
-1.2767 2.4693 3.4939 0.38605 -0.458121 -0.800681 134 153 80
-5.4336 -6.5608 1.8688 0.313809 -0.087517 -0.945444 162 141 99
-7.0675 -4.9767 1.1481 0.736899 0.249921 -0.628108 164 143 105
-3.227 1.0496 2.6347 -0 -0 -1 139 126 89
-0.2293 -7.6184 3.9338 0.390065 0.114739 -0.913611 161 113 77
2.4413 1.1274 2.9435 -0.521081 -0.282008 -0.805572 134 131 80
1.6469 -4.6697 3.3297 -0.397964 0.0713163 -0.914625 136 123 65
-6.4514 0.7076 1.3434 0.224703 0.372343 -0.900483 156 141 107
-0.5197 -4.4223 3.7236 0.490439 0.0703036 -0.868635 158 140 74
5.8643 6.2425 1.6602 -0.141775 0.0617607 -0.98797 177 136 102
5.1285 -1.3771 2.0597 -0.474396 0.432457 -0.766765 155 129 98
2.1423 2.2613 3.0631 -0 -0 -1 157 145 83
-2.7159 -5.4194 2.965 -0.167516 0.146011 -0.974997 139 127 94
-3.1054 -7.6337 2.765 0.541985 0.128845 -0.830453 147 122 76
6.4628 -0.5006 1.3793 -0.51127 -0.173565 -0.841712 172 145 118
1.161 -1.8971 3.5105 -0.186993 0.246145 -0.951024 140 132 83
5.9136 6.447 1.6194 -0.389606 -0.488589 -0.780697 134 138 96
-1.4191 -3.2063 3.4499 0.449459 0.293384 -0.843749 141 119 94
-0.3085 -2.8258 3.9584 0.00747706 0.858651 -0.512506 146 128 79
1.1678 0.6019 3.5666 -0.00542889 0.33983 -0.940471 163 133 102
7.5785 -0.2344 0.9988 -0.550277 0.107795 -0.827995 159 164 109
-4.6973 -2.7516 2.1059 0.6644 -0.265632 -0.698579 157 134 87
-7.6891 -4.1884 0.9691 0.0954195 -0.167266 -0.981283 191 142 108
3.1786 -7.3122 2.7776 0.0475149 0.947513 -0.316166 144 134 87
-7.3295 0.681 1.0373 0.301929 0.165147 -0.938917 167 143 115
-4.9312 -7.2073 2.0072 0.685191 0.185322 -0.704393 151 154 103
6.2525 -2.5181 1.4261 -0.3438 0.183148 -0.921009 159 159 94
-0.5862 -6.1296 3.846 0.772215 0.198146 -0.603674 144 128 57
-3.2791 3.3066 2.6584 0.330451 -0.812451 -0.48034 150 134 76
-7.4166 -6.1197 1.0298 0.343074 -0.195719 -0.918692 181 158 126
-6.357 -2.8542 1.46 0.41903 -0.164097 -0.893021 167 163 109
5.671 -2.8087 1.6987 -0.342391 0.410304 -0.845233 170 145 119
6.5028 6.547 1.312 -0.73682 -0.385878 -0.555152 151 147 94
6.6585 -3.2281 1.3238 -0.533851 -0.487814 -0.690681 168 160 116
-6.6836 0.8659 1.3319 0.350636 -0.219512 -0.910422 172 149 104
6.8593 -0.879 1.2539 -0.175575 0.489393 -0.854206 161 146 126
2.1368 7.2837 3.1156 -0.343385 0.111297 -0.932577 160 127 104
5.6906 6.891 1.7549 -0.154016 -0.379503 -0.912281 151 147 98
-7.3153 -4.1067 1.0828 0.656134 -0.0130232 -0.754532 190 155 118
0.5253 1.9985 3.742 -0.607996 0.0393493 -0.792964 135 156 86
-2.3104 2.4607 3.1058 0.0793673 -0.337003 -0.938152 142 141 85
2.28 6.2734 3.1767 -0.119932 -0.504684 -0.854933 139 112 82
-4.6281 -0.6249 2.1593 0.358974 0.235016 -0.903274 157 134 85
7.3051 7.7086 1.0725 -0.231132 -0.0545934 -0.971389 182 150 125
0.6621 -2.9581 3.6903 -0.337946 -0.20869 -0.917737 123 145 62
1.9987 6.3969 3.1356 -0.431701 0.0676584 -0.899476 143 138 88
1.1976 4.1791 3.6052 0.0861136 0.0461699 -0.995215 144 149 80
4.0045 -4.8865 2.3789 -0.529874 0.18485 -0.827686 161 157 76
-0.994 -3.1555 3.551 0.520173 -0.512925 -0.682882 152 118 54
-4.1998 -7.0072 2.2528 -4.61904e-05 0.164691 -0.986345 145 138 105
-0.744 2.4136 3.6056 0.696434 -0.139031 -0.704024 140 134 84
-2.5115 -0.9991 2.9808 0.49592 -0.204152 -0.844029 161 120 95
7.3703 7.5509 1.0786 -0.148576 0.0850947 -0.985233 186 154 100
-4.467 4.6174 2.2042 0.370649 -0.168225 -0.913411 167 132 106
7.1441 4.9727 1.0983 -0.070276 -0.00178956 -0.997526 187 143 101
-7.4003 -5.2017 1.024 0.908893 -0.0565977 -0.413172 170 152 120
-4.2315 -7.0503 2.2618 0.000232619 -0.071434 -0.997445 153 146 114
7.6899 2.3856 0.9232 -0.41269 0.019275 -0.910668 206 149 112
0.9509 4.3532 3.5975 -0.41293 -0.0982555 -0.905447 149 116 83
5.001 -3.021 1.9691 -0.515701 -0.327612 -0.791658 153 153 103
-3.466 6.9544 2.5391 0.0931079 -0.289738 -0.952566 147 155 88
3.0885 3.5018 2.7808 -0.435639 0.422323 -0.794897 156 143 82
0.7434 -1.8852 3.7041 -0.436506 -0.182399 -0.881018 149 146 75
-6.8468 1.2105 1.2902 0.661934 0.0361377 -0.748691 160 137 100
-0.2255 -7.233 3.839 0.0624134 -0.0901407 -0.993971 155 145 79
6.7585 -1.0909 1.2591 -0.514367 -0.38838 -0.764584 163 148 110
-4.4637 5.3421 2.1873 0.395579 0.0354667 -0.917747 151 144 120
6.0369 -5.1976 1.6081 0.808203 0.0151768 -0.588708 156 154 103
1.3156 -1.087 3.4326 -0.616787 -0.188665 -0.764186 135 120 91
4.1176 -0.5598 2.2688 -0.710247 -0.582821 -0.394803 147 129 110
3.6944 -3.1223 2.4949 -0.3096 -0.330741 -0.891492 145 138 92
-2.3964 -5.9587 3.0325 0.177308 0.320936 -0.930356 158 148 98
0.7438 -1.779 3.6784 -0.504274 0.0252683 -0.863174 136 127 74
-6.5938 2.5828 1.4266 0.289988 0.953348 -0.0838748 179 134 101
5.50255 1.3474 1.845 -0.404876 -0.168418 -0.898727 170 143 100
-0.3174 -2.545 3.8719 0.550306 -0.570597 -0.609576 157 129 75
2.2134 -1.1747 3.1575 -0.506043 0.136649 -0.851614 162 137 101
-4.2216 3.0192 2.3001 0.373116 0.251519 -0.893041 161 144 102
-1.3807 -4.602 3.3657 0.627787 -0.0326614 -0.7777 140 140 88
-7.2176 7.3691 1.1835 -0.348891 0.931071 -0.106686 173 151 108
3.3695 -6.012 2.6098 -0.647418 -0.169077 -0.743144 165 127 96
-0.5192 -1.376 3.803 0.228591 -0.0564908 -0.971882 140 134 75
-1.1449 2.1902 3.5574 0.656728 -0.222842 -0.720451 136 146 67
-4.0827 1.2474 2.3256 0.79978 -0.273814 -0.534208 148 157 123
-4.1942 4.1202 2.3516 0.230007 0.113725 -0.966521 163 146 92
4.2524 0.6279 2.2741 -0.4119 0.504093 -0.759097 158 147 112
3.6016 -5.7481 2.4914 0.142904 0.720603 -0.678461 145 152 75
-4.1476 -7.6114 2.3005 0.403108 -0.112316 -0.908234 170 136 102
6.9139 -4.6098 1.29355 -0.441333 0.249593 -0.861933 167 142 118
-1.3053 -2.4864 3.4452 0.424489 -0.216493 -0.87917 161 146 49
6.5047 -6.5761 1.4231 -0.549344 0.0387662 -0.834697 167 143 104
-1.1239 -2.1384 3.5774 0.598016 -0.00225323 -0.801481 137 129 81
-2.5817 -6.2452 2.8959 0.51525 -0.0264565 -0.856631 156 123 81
-0.6689 0.2381 3.7836 -0.269794 0.258533 -0.927563 153 131 80
6.0774 7.8991 1.5354 -0.966043 -0.0628403 -0.250623 185 160 100
-2.5719 -6.9194 3.0438 -0.121367 -0.209327 -0.970285 164 137 75
1.847 -4.857 3.2637 -0.813092 -0.303584 -0.496707 145 139 93
-6.0277 -7.3836 1.5869 0.874777 0.132734 -0.465991 154 149 93
7.7018 5.3737 0.872 -0.468545 0.0545618 -0.881753 178 145 100
-6.6715 6.0035 1.2433 0.342281 -0.11692 -0.932295 158 154 109
-1.6942 0.2037 3.3588 0.495254 0.00912029 -0.868701 145 142 81
-2.588 -3.7487 2.9235 0.343582 -0.190655 -0.919566 149 134 98
2.7387 -6.326 2.8773 -0.559565 0.130847 -0.818392 156 135 73
0.1714 -7.2525 3.7729 0.424911 0.896378 -0.126322 145 131 59
0.9341 -1.3357 3.5602 -0.956635 -0.0711083 0.282476 145 149 68
-0.2675 -5.4042 3.8734 0.395092 -0.430168 -0.811701 131 116 85
3.5146 6.7033 2.589 -0.305583 0.00876667 -0.952125 153 147 104
-2.4545 -7.2859 2.9949 0.384655 -0.448947 -0.806528 142 133 90
-4.1717 6.1358 2.3187 0.212837 0.389561 -0.896071 157 129 101
-5.7787 1.7047 1.7804 0.643197 0.141905 -0.752437 166 150 100
-1.271 5.7995 3.4043 0.531605 -0.20486 -0.821844 158 128 86
-4.4561 1.6718 2.2437 0.46657 -0.00132562 -0.884483 166 139 94
-3.7775 5.8822 2.5474 0.69467 -0.478891 -0.536746 158 146 99
4.1825 -7.4058 2.3562 -0.218315 -0.262887 -0.939803 160 139 94
-5.9936 6.4242 1.7071 0.806175 -0.420543 -0.416203 167 148 95
3.7059 7.3611 2.4472 -0.807227 -0.0579335 -0.587391 159 138 97
-7.1229 3.2221 1.2039 0.494273 0.0745078 -0.866108 164 169 104
4.4194 3.0995 2.2684 -0.0636997 -0.207952 -0.976063 153 143 76
-2.3253 -0.9062 3.0569 0.319449 -0.0341181 -0.946989 146 141 83
-4.2002 5.0547 2.3301 0.693145 0.133059 -0.708411 160 140 89
1.8107 2.8243 3.2431 -0.144756 0.33171 -0.932209 139 144 75
6.3368 -3.0691 1.4462 -0.340558 -0.797371 -0.498217 174 145 122
-0.4597 5.0016 3.8592 0.227035 -0.0589317 -0.972102 137 124 93
2.9384 3.2302 2.7392 -0.71274 -0.170018 -0.680511 138 136 89
-0.2831 0.1991 3.941 -0.0921291 -0.159075 -0.982958 118 118 76
-7.557 1.1652 0.9667 -0.0151051 0.0238098 -0.999602 185 145 109
2.053 6.7974 3.1418 -0.316733 -0.272827 -0.90843 149 149 65
-5.4162 -2.9019 1.8763 0.347258 0.155831 -0.924732 164 134 98
1.96205 1.79445 3.2317 -0.434909 -0.00923017 -0.900427 132 123 75
7.1429 0.8859 1.0842 0.397981 0.0125602 -0.917308 180 147 97
2.2743 5.0369 3.1117 -0.0775531 -0.0493824 -0.995764 143 132 61
7.0254 -4.422 1.1166 -0.775185 0.481983 -0.408387 173 162 114
6.4592 4.8862 1.4946 0.0341749 -0.810858 -0.584244 159 146 97
3.0411 0.6811 2.7416 0.0790562 -0.455346 -0.886798 172 144 104
1.91 0.4469 3.2455 -0.904313 -0.382182 -0.190145 149 143 80
-1.4426 2.9357 3.4211 0.0854528 0.598662 -0.79643 143 146 68
4.7976 4.1354 2.1354 -0.0123122 -0.190594 -0.981592 159 147 92
-7.7303 -6.9099 0.92 0.164344 0.136322 -0.976938 185 140 89
0.9487 6.1726 3.6932 -0.13131 0.049549 -0.990102 155 118 68
-4.25675 -7.28305 2.30895 0.556734 0.0599936 -0.828521 162 126 92
-4.6918 6.2873 2.0974 0.278307 -0.18376 -0.94275 170 156 106
-2.7427 5.0566 2.9713 -0.79303 -0.224771 -0.566199 153 131 89
-2.4315 -5.5309 2.9635 0.947041 0.313487 -0.0695681 152 144 96
-5.9783 -1.1413 1.5447 0.333482 0.301338 -0.8933 139 141 118
-2.3395 -7.6436 3.0622 0.270213 0.105669 -0.956984 138 151 78
-4.9294 7.4837 2.0315 0.291301 -0.103777 -0.950986 164 157 106
-0.5484 -6.2004 3.8138 0.784959 0.171174 -0.595432 155 142 75
1.0436 5.4345 3.6053 -0.586486 0.503509 -0.634439 154 124 91
6.341 -5.3442 1.4657 0.0972089 0.211796 -0.972467 180 140 113
-7.6513 -5.6583 0.9054 0.281366 -0.202584 -0.937973 184 165 117
-6.587 2.2482 1.3541 0.306744 -0.0549019 -0.950207 152 159 110
-3.6749 7.7779 2.5673 -0.40467 0.361269 -0.840075 144 139 94
1.7711 6.9594 3.3236 -0.385544 0.359423 -0.849806 143 122 71
6.9474 3.5534 1.2121 -0.581833 0.158023 -0.797809 157 147 106
-1.4803 6.9351 3.4442 0.324779 -0.208898 -0.922432 140 140 55
-1.9619 -4.0409 3.2115 0.297527 -0.102473 -0.949198 141 118 67
-5.29 1.4106 1.8116 0.819515 -0.0314265 -0.572195 155 154 110
-7.2855 -5.3802 1.0426 0.161755 0.294926 -0.941729 168 161 125
4.8268 -0.0509 1.9979 0.525682 0.825186 -0.206704 153 152 115
-4.7522 -2.5291 2.0746 -0.628552 0.463705 -0.624419 150 138 101
4.2922 5.0755 2.3084 -0.443936 -0.497024 -0.745579 166 140 104
-2.2638 -1.0934 3.062 0.101764 -0.140411 -0.98485 150 162 91
-6.0092 6.1056 1.5633 0.492475 0.0994757 -0.864623 167 122 98
-1.9837 5.987 3.177 0.433328 0.117582 -0.893533 156 145 80
-7.3802 -6.3565 1.0604 0.437635 0.153634 -0.88593 173 157 113
1.1644 -4.2095 3.5971 -0.369364 -0.710749 -0.598671 142 153 90
-2.844 -1.8448 2.8359 0.130396 -0.0998085 -0.986425 152 131 114
-5.8172 2.7342 1.5906 0.28498 -0.101835 -0.953109 165 170 90
-5.5058 -2.6575 1.7895 0.870461 -0.274522 -0.408578 176 151 97
5.6627 2.3488 1.6582 -0.699744 0.117345 -0.70469 159 151 116
-5.9008 -3.1569 1.6323 -0.0563333 0.640116 -0.766211 164 152 101
1.1747 2.617 3.5974 -0.223101 0.0946414 -0.97019 146 134 102
-6.2731 -5.7853 1.5467 -0.318336 -0.40864 -0.85538 164 150 91
-0.6494 -3.8547 3.7025 0.0630979 -0.0912294 -0.993829 151 128 83
-0.3127 5.6019 3.812 0.245547 -0.388223 -0.888251 135 129 83
-4.3187 -7.6421 2.2568 0.363134 -0.045389 -0.930631 146 148 101
7.8853 -3.8189 0.8212 -0.11189 -0.24549 -0.96292 179 154 124
-7.52 -1.256 0.8605 0.938117 0.221381 0.266322 170 142 127
5.1781 2.7499 1.9388 -0.470384 0.189196 -0.861942 169 125 103
-3.9094 -5.568 2.397 0.469607 -0.37975 -0.797032 182 133 102
7.1851 -7.6952 1.1262 -0.0892519 -0.420494 -0.902895 143 162 112
1.2906 -3.1415 3.5024 0.379924 0.127834 -0.916142 138 117 83
0.5702 6.064 3.8174 -0.625216 -0.317598 -0.712907 156 112 77
-5.8181 0.568 1.6597 0.916181 -0.0606679 -0.396147 158 154 98
0.4627 -7.3111 3.7962 -0.393278 -0.121192 -0.911397 142 124 82
-0.2212 2.4129 3.9503 0.42818 -0.25036 -0.868321 152 140 59
-5.4258 -7.6107 1.8549 -0.00722589 0.444643 -0.895679 144 151 119
-5.9612 -7.007 1.6527 0.572214 -0.304652 -0.761419 150 158 89
-1.72 -5.3447 3.2442 0.142109 -0.534423 -0.833185 168 136 78
3.6232 -4.5217 2.4873 -0.311764 -0.766508 -0.561488 168 144 85
4.7646 7.4085 2.0517 -0.600666 -0.177227 -0.779609 149 146 97
7.3135 -7.3647 1.0893 0.0485675 -0.15192 -0.987199 168 145 102
5.6463 -4.2639 1.8493 0.807404 0.101919 -0.581129 145 143 100
-3.0764 -2.1706 2.8364 0.76012 0.589246 -0.273872 163 130 87
-7.4977 -1.8169 0.9519 0.95232 -0.149126 0.266172 162 150 132
-0.2285 -0.5667 3.8885 0.374307 -0.0400149 -0.926441 123 138 73
-0.3245 -6.7933 3.8733 0.361281 0.32539 -0.87384 141 131 57
5.7155 4.2406 1.6866 -0.617058 -0.57994 -0.531891 166 133 117
-5.0418 0.0453 1.9318 0.217977 -0.168385 -0.961318 153 133 98
-3.2741 -7.1243 2.6521 0.428798 0.251194 -0.867775 145 129 96
-4.7768 -0.9873 2.1015 0.170709 0.139862 -0.975345 154 136 109
-0.1968 -3.3304 3.903 0.196508 -0.00116881 -0.980502 133 127 59
-1.7573 -0.5345 3.2961 0.563852 -0.225051 -0.794621 157 151 72
3.1833 -0.0203 2.7039 -0.106339 -0.213222 -0.971199 149 135 66
-5.0647 -0.5556 1.9667 0.134254 -0.280105 -0.950535 166 140 110
0.1855 -4.9573 3.8357 -0.377991 -0.200025 -0.903943 138 125 70
-0.8473 2.7624 3.6969 0.290755 -0.0105219 -0.95674 145 131 85
-3.861 -1.1363 2.4997 0.26708 -0.124713 -0.95557 144 131 91
-4.3078 7.4131 2.2806 0.344048 -0.0254939 -0.938606 165 154 102
-7.2528 -0.6278 1.1368 0.183226 0.108737 -0.977039 163 162 130
-6.2594 -2.1801 1.4381 0.468747 -0.33517 -0.817274 178 139 110
-2.28795 6.1656 3.10925 0.251654 -0.0754068 -0.964875 146 132 81
4.7344 -6.4013 2.1426 -0.590632 0.328256 -0.737158 148 131 99
4.7228 6.2913 2.1546 -0.0863779 0.379812 -0.921022 170 141 102
-2.0712 5.3505 3.2126 0.484967 0.165933 -0.858646 140 133 84
2.2528 5.9225 3.0021 -0.224269 -0.0458709 -0.973447 153 133 82
-6.1731 1.7042 1.3945 0.533863 0.536076 -0.653921 181 156 112
0.5871 0.664 3.7873 -0.435578 0.0458082 -0.898984 139 119 77
-7.7124 -7.7344 1.0706 0.998202 -0.05579 0.0219104 167 136 116
-1.3646 -3.143 3.488 0.283821 0.082789 -0.955297 157 142 78
-7.4892 -6.9624 0.9672 0.285444 -0.162553 -0.94451 166 153 118
-2.4137 1.3688 3.0063 0.56346 -0.361189 -0.743004 141 140 90
-5.5279 0.6828 1.7949 0.17222 -0.256333 -0.951122 162 149 102
-6.8754 7.5828 1.2943 0.186602 -0.161118 -0.969134 165 157 116
6.2032 5.0728 1.471 -0.586277 0.342454 -0.734169 151 160 94
5.5104 -7.3512 1.7212 -0.345857 -0.183472 -0.920175 155 151 116
7.69995 -3.34695 0.9233 -0.858912 0.0223875 -0.511634 178 153 116
-0.2439 4.044 3.9391 0.446682 -0.246134 -0.86017 135 135 67
4.7254 -0.7327 2.1686 -0.0374904 0.241671 -0.969634 151 138 87
-2.2341 4.6321 3.0293 -0.103025 -0.487702 -0.86691 164 141 73
7.8808 5.2056 0.9045 -0.038613 -0.250403 -0.967371 179 156 130
0.5088 -3.4809 3.8261 -0.363763 -0.0617241 -0.929444 136 115 68
-7.2282 -2.6233 1.1201 0.985818 0.145557 -0.0835272 162 136 129
-1.9901 4.0403 3.191 0.0163469 0.575056 -0.81795 149 156 95
-4.1505 6.3763 2.3293 0.740447 -0.66997 -0.053662 151 141 102
6.6404 -5.8481 1.3937 -0.509622 -0.143929 -0.848275 164 153 116
-7.5099 -7.077 1.0003 0.378489 -0.257663 -0.88902 163 143 113
-2.6165 -7.3439 2.9562 0.120902 -0.192558 -0.973809 156 126 87
7.011 5.4964 1.2343 -0.588865 -0.0810733 -0.804155 176 155 112
2.3662 4.7265 3.0672 -0.77169 0.0427141 -0.634563 146 142 75
2.5759 6.7389 2.9233 -0.516405 0.300238 -0.801987 155 141 65
3.6091 -2.091 2.4809 -0 -0 -1 158 149 87
3.5617 6.6847 2.5218 -0.109188 0.232475 -0.966454 161 150 84
5.9424 -5.5856 1.6837 -0.546523 -0.217638 -0.808669 152 151 105
0.1748 -5.1511 4.0195 -0.453051 -0.0741424 -0.888396 145 117 77
5.3532 -6.5614 1.816 -0.41169 -0.250744 -0.87615 152 152 94
0.7399 -2.8833 3.7127 -0.224577 0.167711 -0.959916 127 135 80
7.0128 -7.0766 1.2657 -0.565295 -0.0807962 -0.820922 171 158 123
-2.3557 1.4308 3.0264 0.552191 -0.200328 -0.809292 143 147 76
4.5861 5.7573 2.1709 -0.58989 0.142664 -0.794781 142 140 111
-7.1785 -2.8779 1.1743 0.676443 -0.438969 -0.591381 174 158 112
-0.0826 1.4178 3.9694 0.167828 -0.406987 -0.897884 146 139 63
2.8221 -1.4563 2.9153 -0.2732 -0.262589 -0.925423 152 144 65
4.3594 -6.4438 2.296 -0.261081 0.148427 -0.953838 195 137 93
5.7571 0.6741 1.661 -0.334393 0.00360108 -0.942427 161 133 123
-0.5979 -0.0328 3.8026 -0.140743 0.506772 -0.850514 128 119 82
3.6946 -4.2327 2.5639 -0.312178 -0.0059668 -0.950005 154 132 95
-6.8262 7.3127 1.2744 -0.0808048 0.294631 -0.952189 177 177 101
-2.2922 -0.3636 3.0626 0.0125986 -0.0667061 -0.997693 167 138 82
2.3525 3.8572 3.0561 -0.371307 -0.0670482 -0.926086 157 138 82
-2.2045 -6.3988 3.1785 0.297199 0.176806 -0.938303 136 129 92
-7.7939 7.7662 0.9141 0.193478 0.165687 -0.967013 165 156 119
5.1474 7.587 1.8343 -0.261601 0.249064 -0.932487 176 132 94
7.664 7.6793 0.9337 -0.649429 -0.0776739 -0.756445 184 171 100
-2.4252 -6.3345 3.0989 0.185888 -0.07855 -0.979426 162 140 84
3.6965 -7.4175 2.4269 0.598046 0.424779 -0.679635 135 143 94
3.9324 -0.3616 2.4124 -0.211983 0.408419 -0.887838 163 137 90
5.3541 3.7164 1.8923 0.448614 0.528578 -0.72066 172 142 103
-6.4568 -5.536 1.443 0.438835 -0.0469407 -0.897341 154 134 113
-0.3674 5.0598 3.791 0.0556894 -0.753382 -0.655221 143 130 60
2.3083 -1.5455 3.1019 -0.767967 -0.077518 -0.635781 157 125 67
5.3615 -3.6553 1.8896 -0.631146 -0.322424 -0.705477 162 135 97
-4.5067 0.0537 2.232 -0.498503 -0.608465 -0.617467 140 131 100
0.5703 -1.5001 3.7484 -0.333535 -0.149908 -0.930743 156 150 85
-4.2262 5.3473 2.3378 0.248157 -0.0878596 -0.964727 166 148 87
-0.2377 3.6882 3.8937 0.372851 -0.314314 -0.873034 149 105 77
-3.843 -2.6709 2.4767 0.239257 -0.402486 -0.883607 176 134 75
5.7075 6.4154 1.6939 0.0340688 0.0485917 -0.998238 165 125 100
-4.6298 6.6462 2.0934 -0.086893 0.357063 -0.93003 165 132 96
-6.8884 3.3878 1.1337 -0.455475 0.289727 -0.841784 166 138 114
5.86525 -2.65295 1.6279 -0.466842 -0.00731481 -0.884311 167 142 112
-5.9919 -2.2968 1.6816 0.169805 -0.553581 -0.8153 174 140 102
-3.6095 -2.8457 2.5347 0.482328 -0.168733 -0.859587 163 144 109
-4.1896 -3.1831 2.3747 0.0124336 -0.391718 -0.920001 152 138 99
-1.6089 -4.9994 3.3842 0.482786 -0.130416 -0.865973 135 136 69
2.9148 -0.1877 2.9005 0.00235695 0.723675 -0.690137 164 136 102
4.7415 -5.8008 2.0608 0.276372 0.881587 -0.382653 153 142 109
4.316 -6.888 2.242 0.119594 -0.23097 -0.965583 159 145 92
-4.4842 4.2159 2.2672 0.602981 0.299595 -0.739363 172 155 79
-1.8828 -2.4348 3.2398 -0 -0 -1 142 130 86
6.9951 -5.7644 1.2229 -0.349975 0.593279 -0.72494 162 155 109
3.6712 2.8229 2.5445 -0.948206 -0.132443 0.288727 149 145 93
5.2135 6.3999 1.923 -0.648486 -0.0143064 -0.761092 167 154 106
3.0409 4.5415 2.787 -0.445078 -0.174009 -0.878423 154 147 100
5.2148 4.4101 1.9253 -0.322799 -0.297809 -0.898393 173 144 98
-4.5926 -4.8526 2.2149 0.382794 -0.0851621 -0.9199 167 139 90
-0.3005 -7.512 3.8903 0.299263 -0.229437 -0.926175 141 128 55
4.4983 -6.4572 2.2063 -0.396897 0.139437 -0.90721 159 146 103
-0.7451 -3.9793 3.7353 0.268722 0.0720737 -0.960518 150 142 69
-0.5463 -1.5363 3.7594 0.314504 -0.0297348 -0.94879 139 125 82
1.8403 5.2885 3.3019 -0.428455 0.0806244 -0.899959 126 140 71
-6.7574 7.2355 1.2943 0.242098 -0.0460508 -0.969158 150 155 119
4.7425 -7.1833 2.1576 -0.394 0.0581042 -0.917272 155 130 83
-6.3407 -3.269 1.4705 0.0825831 -0.0757363 -0.993702 164 159 104
1.3024 2.7557 3.4996 -0.583144 0.261205 -0.76923 153 129 71
4.3571 5.8466 2.2783 0.349342 0.21818 -0.91124 154 147 95
-1.0552 3.1218 3.6012 0.788673 0.237724 -0.566994 128 142 79
-1.1467 -0.8693 3.549 0.206624 0.232752 -0.950333 157 141 82
6.492 5.6165 1.4631 0.0864655 0.504432 -0.859111 170 151 120
-7.84 2.8223 0.843 0.129817 0.219499 -0.966937 151 154 99
6.7883 -2.5631 1.2571 -0.421342 0.275115 -0.864166 161 139 99
-3.0575 -3.4372 2.6967 0.28664 -0.115057 -0.951104 156 151 72
7.6005 -4.4428 0.9242 0.0826983 0.781889 -0.617908 177 149 110
-5.0223 7.3847 1.9359 0.258639 -0.114945 -0.959111 159 154 79
-6.2561 2.7624 1.547 0.675055 0.125706 -0.726979 164 167 106
7.2801 0.0414 1.1432 -0.256991 -0.018871 -0.96623 163 160 109
4.8318 -2.709 2.0259 -0.108587 0.713256 -0.692442 158 151 100
3.5815 -3.2391 2.616 -0.197328 -0.119213 -0.973062 151 129 92
-6.2981 -7.9155 1.4674 0.4242 -0.0899121 -0.901094 166 131 112
-5.0091 7.3929 2.0179 0.259658 -0.221818 -0.93988 159 159 110
3.8203 -3.6323 2.4476 -0.46887 0.058742 -0.881312 163 149 93
-2.3364 -6.4721 3.0955 0.282655 0.265161 -0.921844 149 155 59
6.7135 -7.8772 1.2783 -0.0395299 0.264354 -0.963615 171 165 106
-7.3803 -1.327 1.0343 0.666154 -0.158553 -0.728766 185 130 107
-6.1247 -5.9824 1.6337 0.731104 -0.00645415 -0.682236 149 159 104
-5.158 -1.17 1.934 0.0111651 0.360771 -0.932587 160 145 95
-3.0217 3.2767 2.7492 0.337352 -0.0874245 -0.93731 154 124 102
-5.4846 -3.6356 1.676 0.412158 -0.801895 -0.432538 167 144 94
-3.655 -7.10925 2.5759 -0 -0 -1 156 128 84
-1.0757 -6.1604 3.6277 -0.0257373 0.40357 -0.914587 139 142 68
-3.8883 7.5706 2.481 -0.0600158 0.137504 -0.988681 169 144 93
1.3546 5.9345 3.4873 -0.272242 -0.450223 -0.850402 158 119 77
-1.13145 5.04475 3.53775 0.437995 0.346655 -0.829452 132 140 79
2.3505 6.6348 3.036 -0.484469 -0.314006 -0.816511 139 135 75
-6.7717 6.3658 1.2702 0.537626 -0.289238 -0.792022 160 138 85
4.7954 2.9201 2.0955 -0.441909 -0.125292 -0.888267 160 149 94
2.1761 0.4243 3.1754 -0.111205 0.240112 -0.964355 123 128 82
4.9972 -4.9917 2.0519 -0.291114 -0.594101 -0.749864 150 137 94
-7.8582 -3.6262 0.7868 -0.317798 -0.0731783 -0.94533 177 156 125
-0.6709 7.6418 3.7337 0.407731 -0.207798 -0.889143 136 129 76
4.40535 0.2558 2.2316 -0.490965 0.249253 -0.834761 166 138 101
1.5879 -7.2922 3.4097 -0.397997 0.219165 -0.890823 150 146 69
-7.098 2.4249 1.116 0.722238 -0.155397 -0.673961 156 151 125
6.7658 -7.2735 1.2717 -0.765434 0.000577376 -0.643514 176 138 121
-7.2032 -2.9317 1.1125 0.829098 -0.440151 -0.344765 166 168 111
6.4854 5.5707 1.5329 0.0864655 0.504432 -0.859111 166 142 116
7.1043 -7.1076 1.1908 -0.609631 0.115206 -0.784269 146 159 110
-7.4711 4.0608 1.091 0.392182 -0.0745619 -0.916861 147 154 122
-0.9313 -5.4224 3.7164 0.0743103 0.459791 -0.884913 135 116 63
6.5025 -2.4732 1.4109 -0.570958 0.00948178 -0.820925 162 150 106
3.7913 4.3436 2.5345 -0.198345 -0.398107 -0.89564 158 156 92
-5.1813 -0.3047 1.9461 0.242802 -0.0149578 -0.96996 145 147 99
-3.1003 -7.3274 2.7364 0.980493 0.168589 -0.101046 140 133 89
-7.04915 0.84135 1.23865 0.174565 -0.482691 -0.858217 164 141 114
3.7468 -6.9795 2.3762 -0.572859 0.812979 0.104391 177 138 106
3.5789 5.6288 2.583 -0.161054 -0.702352 -0.693371 166 141 90
2.5616 -4.7525 2.9571 -0.878972 -0.161197 -0.448803 146 123 92
-7.8589 7.0471 0.8463 0.605513 0.068094 -0.792917 165 145 110
1.2634 5.1518 3.4584 -0.915759 -0.251243 0.313468 147 136 67
7.281 -0.9581 1.0724 -0.137633 -0.910969 -0.388836 174 145 118
4.2208 6.0427 2.2902 -0.0638318 0.232183 -0.970575 165 157 98
-7.281 4.6067 1.115 0.800623 0.178982 -0.571812 159 130 117
1.895 -0.5001 3.2685 -0.113365 -0.342752 -0.932561 134 131 91
4.2109 4.5422 2.327 -0.0901669 0.254449 -0.962874 167 145 102
-1.3597 -1.5798 3.5203 0.334021 -0.0129828 -0.942476 166 124 61
-7.5955 -2.4892 0.9196 0.440361 -0.350056 -0.826767 184 164 127
5.8281 7.4636 1.7208 -0.55265 -0.21513 -0.805169 164 147 107
-2.5819 -6.1038 2.9876 0.252208 0.352527 -0.901175 144 148 81
4.8933 -7.7345 1.9994 0.120567 -0.851375 -0.510514 167 151 92
1.2655 6.4735 3.5956 -0.334345 -0.0595541 -0.940567 144 137 100
5.2113 4.7969 1.9473 -0.404569 -0.160472 -0.900318 174 146 94
2.26895 -1.59045 3.07235 -0.608632 -0.788998 0.0839539 137 144 96
-2.711 -3.6454 2.9382 0.582997 0.70247 -0.408228 140 141 89
6.5113 -1.5873 1.3936 -0.238274 0.0478516 -0.970018 162 164 106
3.3854 -5.7433 2.6546 -0.0163637 0.106642 -0.994163 143 136 92
-2.63475 1.76515 2.9858 0.309805 0.30746 -0.899716 135 131 74
1.7386 1.1013 3.2926 -0.529687 -0.0156106 -0.848049 150 152 66
2.4913 0.6888 3.0158 -0.28336 0.215871 -0.934402 136 130 80
-2.1169 4.5668 3.2436 0.708083 -0.0221999 -0.70578 145 138 94
-7.2925 -1.3796 1.0724 0.378067 -0.5772 -0.723813 163 173 108
-6.2845 6.9497 1.468 0.498678 -0.100758 -0.860911 151 165 104
5.9229 -5.5969 1.6754 -0.434125 0.0776782 -0.897498 159 133 118
-5.2484 2.0957 2.0037 0.332429 0.192534 -0.923267 156 134 93
-3.8325 6.4626 2.4859 0.334845 -0.126014 -0.933809 170 134 92
-0.1245 -1.5399 3.9378 0.120195 -0.259948 -0.958113 138 125 62
0.51885 -5.39065 3.8337 -0.383202 0.141365 -0.912783 149 123 67
-3.9653 -3.6198 2.3845 0.28789 -0.0890342 -0.953516 152 144 105
2.7338 2.3489 2.898 -0.434573 0.0644505 -0.898328 150 123 61
2.7538 -4.0403 2.829 0.386597 -0.279742 -0.878799 155 140 81
5.2335 -6.5551 1.9753 -0.384613 -0.51451 -0.766389 157 139 101
-6.844 2.5848 1.3166 0.393683 -0.105535 -0.913168 165 146 124
4.7114 -0.3563 2.1023 -0.399924 -0.0843079 -0.912662 159 130 117
5.5395 -6.9778 1.7326 0.244395 0.0160376 -0.969543 184 135 90
0.3331 -0.033 3.8841 -0.664273 -0.0606572 -0.745025 157 130 69
-6.4138 -2.3788 1.4115 0.644967 0.0464953 -0.762794 140 140 114
5.4425 -0.9571 1.8776 -0.239593 0.19816 -0.950436 149 148 100
-3.4738 -1.4404 2.5627 0.297808 -0.051093 -0.953257 158 138 75
2.1479 6.7412 3.1754 -0.513404 -0.533031 -0.672528 134 127 84
5.0049 5.241 1.9903 -0.564704 0.090762 -0.820288 166 155 100
2.079 -3.9844 3.1547 -0.524321 0.180778 -0.83211 146 131 77
-4.5332 1.6842 2.1865 0.437502 -0.107592 -0.892757 159 120 100
-4.7595 2.1842 2.0513 0.378081 0.867852 -0.322316 157 157 104
3.5118 0.252 2.6859 -0.999827 -0.00542398 0.0177938 153 114 94
0.7724 -5.818 3.6276 -0.520489 -0.259845 -0.813371 131 140 70
-3.043 7.7958 2.7243 -0.0857287 0.034163 -0.995733 162 134 89
1.24775 -6.2944 3.441 -0.976401 -0.205351 0.0668667 155 130 92
7.4686 -3.057 0.9605 0.251367 0.103512 -0.962341 169 143 123
-5.9332 -6.6396 1.6515 0.180452 0.466046 -0.866163 163 139 111
6.5149 7.0263 1.4299 0.569134 -0.74882 -0.33964 172 154 105
-3.2652 -6.7362 2.6541 0.5362 0.0851343 -0.839787 143 143 87
2.8889 1.5735 2.9224 -0.798429 0.263102 -0.541561 151 129 91
-0.7879 -4.0082 3.8018 0.832064 -0.281092 -0.47818 141 143 84
4.2045 -5.94 2.2916 -0.452878 -0.530095 -0.716869 162 142 96
1.8412 -6.5406 3.2707 -0.310382 0.0397885 -0.949779 156 121 82
5.6005 0.7761 1.7153 -0.105499 0.206411 -0.972761 155 162 103
7.1464 6.9248 1.0944 -0.534319 0.0353457 -0.844543 153 157 112
-3.6656 1.5638 2.5063 0.090949 0.128101 -0.987582 157 134 94
0.0248 -3.004 4.0109 -0.0165248 -0.61591 -0.787644 135 117 83
-2.6417 -7.0795 3.071 -0.413302 0.460777 -0.785409 149 119 74
-2.8179 -3.8904 2.7781 0.29048 -0.620016 -0.728836 165 120 89
-4.3671 2.8017 2.3204 0.614833 -0.347351 -0.708045 154 133 109
3.9142 -3.13 2.3854 -0.488575 -0.247476 -0.83669 163 140 87
4.2961 6.103 2.3346 -0.201231 0.0988207 -0.974546 176 131 77
5.8824 6.8215 1.6988 -0.411433 -0.244558 -0.878017 166 146 95
-1.3725 -0.5343 3.4871 0.545926 -0.139469 -0.826144 141 117 60
-7.5977 2.5689 0.9583 0.0153304 0.027997 -0.99949 166 165 126
6.8727 3.5773 1.2602 -0.217171 -0.00185147 -0.976132 170 149 87
5.7209 2.9261 1.7423 0.383629 0.608843 -0.694362 154 126 99
1.181 0.6936 3.5981 0.422941 0.475271 -0.771517 145 154 75
6.0767 -7.2638 1.6194 -0.582797 -0.0656866 -0.809958 162 148 120
-7.5027 -1.5391 0.9839 -0.592507 -0.111772 -0.797774 183 150 122
5.2444 2.2019 1.8804 -0.11473 0.36786 -0.922776 168 158 106
1.0147 -3.9532 3.5091 -0.297449 0.185336 -0.936576 153 135 75
3.7918 -6.7825 2.4749 -0.414789 -0.31646 -0.853114 152 136 99
1.4715 -3.7403 3.32 0.893949 0.431062 -0.122638 158 139 79
2.5595 6.5628 2.8939 -0.747295 0.0565418 -0.662083 159 149 93
-2.9527 6.7056 2.7507 -0 -0 -1 149 139 92
-4.6353 -6.1847 2.1531 0.322678 -0.130503 -0.937469 173 132 110
7.992 4.3459 0.901 -0.837728 -0.196114 -0.509658 176 138 124
3.6867 -5.0277 2.4984 -0.327686 -0.197987 -0.923809 151 137 102
6.4014 -6.4383 1.483 -0.223626 -0.336554 -0.914726 169 134 98
-2.9074 2.9869 2.9418 0.566125 -0.542402 -0.620727 143 127 86
-2.2534 1.3951 3.1019 0.432525 0.0427413 -0.900608 141 131 87
7.5071 6.8074 1.0257 -0.156577 -0.172423 -0.972499 181 166 115
-2.8519 5.4136 2.9171 0.715919 0.121138 -0.687594 136 123 93
-1.6161 -2.1422 3.4089 0.57497 -0.806556 -0.137391 143 127 83
2.3333 5.857 3.0952 -0.268317 -0.00433706 -0.963321 152 135 82
5.7314 0.2329 1.8006 -0.245139 0.227078 -0.942519 144 143 110
2.8827 7.9066 2.8436 -0.12178 0.102986 -0.9872 150 145 94
7.5216 4.7914 1.021 -0.551825 -0.426189 -0.716835 178 158 107
-1.3893 7.0563 3.4193 0.387846 -0.0895016 -0.917369 146 134 77
0.7732 -3.4863 3.7227 -0.642872 -0.181495 -0.74416 131 151 80
5.408 2.5848 1.8238 -0.292215 -0.15363 -0.943932 154 128 106
5.4406 4.9697 1.8472 -0.376116 0.283176 -0.882241 164 141 101
6.719 -7.4766 1.3572 -0.542189 -0.266473 -0.796883 170 166 90
-6.7098 2.9971 1.3546 0.497143 -0.0804835 -0.863928 148 134 117
7.4467 4.4674 1.049 -0.132788 -0.403324 -0.905371 170 161 127
-3.9577 -7.8618 2.3882 -0 -0 -1 147 142 98
3.2432 5.4829 2.6958 -0.538549 0.100567 -0.836571 166 123 82
3.3339 7.7533 2.6251 -0.295007 0.121224 -0.947774 147 135 82
6.9072 -6.3998 1.2461 -0.535677 0.0918364 -0.839414 167 148 103
0.9289 7.0153 3.6066 -0.243928 -0.471318 -0.84756 140 132 69
3.8147 1.7467 2.4481 -0.908764 0.119637 -0.399794 182 124 88
6.7761 -5.9365 1.2936 -0.351034 -0.199553 -0.914852 163 139 125
6.8043 -2.9713 1.2426 -0.0155401 -0.116174 -0.993107 163 139 106
-4.6964 3.3666 2.0875 0.395724 -0.102593 -0.912621 155 156 80
7.1646 6.0278 1.1593 -0.09318 0.0373441 -0.994949 159 139 113
-4.0858 -4.6366 2.3348 0.390025 -0.0478876 -0.919558 154 123 80
-6.524 1.0435 1.3857 0.667982 0.0519305 -0.742363 169 154 103
0.0986 -3.5441 4.0048 -0.563145 0.37198 -0.737901 134 117 78
-3.0449 -2.8291 2.72735 -0.149259 -0.254224 -0.955559 160 139 90
-4.4293 7.6027 2.2376 0.610608 -0.0203125 -0.791672 156 125 99
6.78 -6.6344 1.3207 -0.428383 0.153223 -0.890511 154 146 125
0.0911 7.1325 3.937 0.156536 0.362757 -0.918642 134 147 64
4.42 3.5456 2.2535 -0.69373 -0.0417604 -0.719024 169 139 92
-0.4307 -2.0929 3.8293 0.560225 0.159565 -0.812826 137 121 75
-2.8415 5.9631 2.9299 0.322568 -0.567012 -0.757923 152 133 84
-6.6379 -4.1994 1.3447 0.589402 0.157719 -0.792294 174 140 127
1.3321 -2.8589 3.4204 -0.444701 0.0615855 -0.893559 154 125 81
-3.3663 -7.2246 2.6063 -0.140417 0.253731 -0.957029 139 133 92
7.4537 3.1923 1.0464 -0.898037 0.430352 -0.0912488 161 161 100
7.30525 4.7352 1.12815 -0.468467 -0.138988 -0.872479 162 154 98
3.4851 -7.0561 2.5802 -0.947775 -0.316109 -0.0423938 159 143 84
-7.1867 -0.9524 1.0843 0.815931 -0.255836 -0.518463 160 170 106
-7.199 7.09805 1.1974 0.80345 0.284933 -0.522763 186 148 116
3.4674 -2.3605 2.5287 0.0421965 -0.611363 -0.790225 160 134 90
-0.7035 3.5069 3.6819 -0 -0 -1 137 146 54
3.69 -3.5774 2.4939 -0.530286 0.0746162 -0.844529 153 135 90
-3.1175 -5.9617 2.8058 0.232995 -0.327484 -0.915679 160 148 77
-3.1563 4.2678 2.8199 0.130554 0.102348 -0.986144 146 144 83
2.6819 5.7084 2.9307 -0.322497 -0.200563 -0.925079 146 113 89
4.9113 3.9771 2.053 -0.349298 0.173963 -0.920721 153 153 92
2.6638 4.7675 2.9793 -0.423845 0.00148355 -0.905734 156 131 99
-1.2425 2.1194 3.5288 0.64671 -0.56897 -0.507975 162 140 87
-4.4787 -5.7009 2.1943 0.350289 0.166795 -0.921671 147 143 92
-1.4094 2.9015 3.442 0.392693 0.295965 -0.870745 131 128 74
-5.8825 -0.328 1.6021 0.369256 -0.0963637 -0.924318 167 154 110
3.3103 -2.1531 2.6239 0.455231 -0.0476121 -0.8891 128 122 96
4.5917 -4.1145 2.2058 0.0224277 0.405693 -0.913734 170 133 99
1.3039 0.4062 3.5626 0.460706 0.0517103 -0.886045 133 127 81
-2.4533 -1.0851 3.0921 0.343549 -0.186064 -0.920518 151 133 84
1.9007 -2.9796 3.2116 0.0871156 0.012148 -0.996124 141 140 79
-5.6424 1.7216 1.8112 -0.140082 -0.0985729 -0.985221 153 129 90
5.484 1.8624 1.7392 -0.797734 0.219265 -0.561732 151 155 122
7.1213 0.3347 1.208 -0.454107 0.160634 -0.876347 171 161 119
7.6123 -3.9663 0.9488 -0.103613 0.0726038 -0.991964 169 146 113
2.1802 5.6053 3.1501 -0.532946 0.304424 -0.78949 154 151 93
3.8438 2.7187 2.5399 -0.0514435 0.067356 -0.996402 160 142 88
-1.6537 -5.1225 3.343 0.553067 -0.0883214 -0.828442 152 131 80
-6.70295 -7.44745 1.2926 0.378524 0.258949 -0.888631 176 156 112
2.7994 3.8594 2.7831 -0.981344 0.0581887 0.183243 143 130 76
-2.8457 -1.0917 2.8305 0.621347 -0.0778375 -0.779659 141 118 95
-2.8976 -3.8597 2.698 -0.129739 -0.962146 -0.239671 142 140 104
-7.5674 -2.3339 0.908 0.44118 -0.113346 -0.890232 178 136 115
-3.0044 5.8467 2.8692 0.629535 -0.0804995 -0.772791 147 115 99
1.9787 -4.4574 3.2079 -0.222849 -0.170682 -0.959795 144 137 72
-1.6115 5.7695 3.3918 0.993774 -0.0743859 -0.0829405 152 147 83
1.5823 4.4696 3.3541 -0.412669 0.0524648 -0.909369 126 130 69
-3.5342 6.7784 2.5839 0.298836 0.162795 -0.940316 158 132 96
0.2432 2.0044 3.8012 0.645829 -0.762848 -0.0311248 144 121 65
6.6108 -5.9394 1.3454 -0.467134 0.0185743 -0.883991 182 140 111
0.8033 7.4337 3.6984 -0.423661 0.363027 -0.829893 153 128 76
-0.4025 -5.3695 3.8181 -0.25065 -0.5931 -0.765119 141 116 61
0.0058 4.9233 4.02 0.0784767 0.215887 -0.973259 144 135 75
-2.2482 5.8381 3.0952 0.2322 0.365821 -0.901253 143 126 79
5.6762 4.2931 1.6839 -0.650079 -0.430125 -0.626411 177 153 96
-1.5802 -1.1485 3.3561 0.301074 -0.20275 -0.931798 141 127 70
2.1569 -0.8159 3.1702 0.35931 0.623928 -0.693982 143 131 95
-3.3582 0.3311 2.6243 0.578227 -0.0661911 -0.813187 153 145 93
-4.4563 6.3186 2.2573 0.19907 -0.636614 -0.745046 155 142 85
-5.1854 -7.0118 1.8412 0.125423 0.416489 -0.900447 164 152 87
-1.7767 5.1591 3.3118 0.530926 0.315195 -0.786619 162 130 91
-3.4378 0.6647 2.5746 0.530022 -0.203656 -0.823165 166 139 80
-1.145 2.1891 3.5904 0.59363 -0.196804 -0.780303 140 124 90
6.2263 0.3645 1.5453 -0.63613 0.448384 -0.627926 174 155 108
-3.8016 1.0676 2.5526 0.38784 -0.00417667 -0.921717 147 121 86
3.5065 -4.5686 2.6809 -0.143659 -0.467769 -0.872098 148 133 83
-5.2258 1.3114 1.9587 0.760203 -0.333925 -0.557302 155 140 97
-4.5455 -3.4573 2.1426 0.344902 0.843814 -0.41112 155 123 111
-3.1798 -2.4441 2.7751 0.991649 0.0661434 -0.11071 148 124 88
-3.5058 5.9693 2.6114 -0.01706 0.305522 -0.952032 151 138 100
5.8037 3.3065 1.6383 -0.155198 0.106676 -0.982107 168 160 90
7.6733 6.2588 0.843 -0.522748 0.074207 -0.849251 165 163 115
-5.9906 -6.9289 1.6088 0.660383 -0.160233 -0.733635 162 148 117
-0.5643 3.7348 3.7723 0.322158 -0.134742 -0.937048 136 130 71
5.5266 3.5418 1.8169 0.0425726 0.719845 -0.692828 140 142 103
-5.0672 -1.9673 1.8919 0.274714 -0.500442 -0.82103 155 158 91
4.5197 0.0542 2.2024 -0.374981 -0.294048 -0.879161 157 147 104
1.732 -1.1751 3.3149 -0.323575 -0.14824 -0.934518 151 127 74
-4.7191 5.208 2.0853 0.578378 -0.370516 -0.726771 147 159 91
2.9878 -5.1595 2.7961 -0.346555 0.349924 -0.870318 162 141 80
-3.4244 -3.4818 2.6695 -0.181703 0.0696808 -0.980882 149 142 98
5.9101 2.1914 1.7076 -0.659293 0.607708 -0.442746 149 152 98
7.2556 5.487 1.0766 -0.366206 0.0776489 -0.927288 166 157 126
5.1042 7.6078 1.9962 -0.354995 0.0557358 -0.933205 155 141 111
2.2114 3.3225 3.1108 -0.484647 0.223503 -0.845674 121 135 90
0.9644 -4.7405 3.6222 0.112789 -0.136595 -0.984185 149 134 57
6.2102 -1.615 1.5163 -0.331739 0.111884 -0.936713 162 154 109
5.0081 -6.4119 1.9277 -0.16437 -0.00425607 -0.98639 162 149 108
4.2431 -1.935 2.5031 -0.76753 0.505955 0.393583 155 141 111
3.132 -2.6001 2.7209 -0.0549317 -0.00574553 -0.998474 147 135 93
-7.6807 -4.9904 1.0027 0.458241 0.145895 -0.876773 154 151 100
3.7367 5.0651 2.449 -0.710887 -0.339924 -0.615704 165 139 96
7.7314 1.4626 0.8949 -0.0509116 0.860521 -0.506865 159 142 107
5.5095 2.0369 1.7873 -0.458705 0.130355 -0.878975 171 138 95
-5.3299 -3.2008 1.8126 0.115524 0.307788 -0.944416 144 157 112
6.7048 -6.9912 1.306 0.22698 0.66393 -0.712514 180 142 114
-2.4649 3.6975 3.0026 0.44592 0.156296 -0.881321 171 131 71
2.1424 6.5004 3.1415 -0.391525 0.584518 -0.710667 138 136 70
-6.1942 4.4498 1.5133 -0.0413254 -0.973981 -0.222829 156 159 98
-0.0042 -4.0364 4.0979 0.442533 0.798655 -0.407817 140 128 44
-0.2843 -1.9095 3.8836 0.226485 0.0650703 -0.971839 134 126 61
0.1819 6.457 3.9152 -0.694279 -0.0528621 -0.717762 138 133 71
0.7944 -0.3045 3.6588 -0.395087 -0.0431866 -0.917628 141 111 90
3.1327 -4.4755 2.7208 -0.582201 -0.113334 -0.805107 160 136 84
6.5922 1.032 1.2829 -0.486689 0.0353226 -0.872861 170 153 128
-4.04 1.3771 2.4193 0.516761 0.183072 -0.836327 169 128 95
-6.9349 -6.7123 1.2576 -0.146552 -0.185813 -0.971595 176 140 109
5.6548 2.0221 1.7583 -0.389352 0.109707 -0.914532 164 135 105
2.49735 4.95285 2.9958 -0.201737 -0.426722 -0.881596 164 139 89
-2.1765 5.3926 3.1784 0.282701 -0.110085 -0.95287 147 118 102
-1.2756 -1.1707 3.5213 0.756052 0.24971 -0.605004 146 124 88
5.90345 -1.6886 1.6572 -0.262393 -0.14471 -0.954049 160 139 113
-5.1248 2.7836 1.9405 0.645125 0.450364 -0.617241 148 133 107
7.1906 3.9714 1.0495 -0.485228 0.290617 -0.824679 177 126 123
-7.4708 -3.8158 0.9514 0.339273 0.0032408 -0.940682 165 148 118
-6.7682 2.492 1.2906 0.142888 0.073716 -0.98699 183 142 123
1.8503 7.4558 3.2685 -0.343953 -0.28618 -0.894314 140 131 95
-1.3883 -7.2728 3.3644 0.646858 -0.205663 -0.734355 146 127 85
0.3744 6.8953 3.8593 -0.567093 -0.362054 -0.739812 139 136 67
-1.9144 5.631 3.235 0.648568 -0.00747305 -0.76112 143 143 70
1.4905 5.3627 3.3536 -0.322803 -0.11318 -0.939675 130 114 85
-7.7507 -4.4219 0.8535 0.500944 0.444883 -0.742384 165 156 122
2.0353 6.9016 3.2815 -0.654128 0.014548 -0.756244 149 130 74
0.631 -2.4748 3.8208 -0.564269 0.610295 -0.556004 147 133 72
-5.9679 -5.083 1.6914 0.833382 0.473204 -0.285575 147 145 103
-1.506 -4.8691 3.3433 0.226646 0.126484 -0.965729 152 142 79
-2.5894 -4.0957 2.9217 0.593926 0.160402 -0.788368 145 127 96
2.7891 -7.1883 2.8942 -0.0467137 0.0729641 -0.99624 157 119 95
0.9014 -5.9401 3.6581 -0.493141 -0.0164618 -0.869794 141 132 82
1.1845 0.5122 3.4802 -0.0460885 0.184428 -0.981765 156 106 87
3.9002 7.199 2.4602 -0.11883 0.130268 -0.984332 151 137 113
4.7041 2.4143 2.1553 -0.299764 0.156951 -0.941014 145 148 96
7.1129 -3.3439 1.1681 -0.332011 0.00328506 -0.94327 178 160 116
1.8184 -5.7609 3.3599 0.354372 0.225102 -0.907606 141 124 69
0.5851 4.288 3.708 -0.48787 0.0417963 -0.871915 148 123 85
5.7866 -6.0946 1.8139 0.39269 -0.430942 -0.812455 158 139 103
-7.3118 4.0564 1.118 0.0651496 -0.127923 -0.989642 165 164 100
5.5271 0.8881 1.7772 -0.159006 0.478207 -0.863733 169 156 71
0.1849 2.6754 3.9665 -0.0168537 -0.353167 -0.935409 127 131 57
-0.5506 1.7553 3.7836 0.0520728 -0.0440914 -0.997669 152 115 65
-2.2759 2.0532 3.0455 -0.683083 0.72606 0.0789607 141 159 82
-3.9806 5.1126 2.3935 0.732545 0.190962 -0.653384 161 145 92
1.2519 3.0936 3.5079 -0.16234 0.544143 -0.823137 143 126 60
-0.5706 -5.917 3.79 -0.57231 0.654101 -0.494584 131 117 78
6.0382 -3.7382 1.597 -0.188135 0.36234 -0.912861 147 143 97
2.3786 -2.8086 3.0565 -0.389707 0.124963 -0.912421 142 127 96
-7.9174 -3.7614 0.7822 -0.365154 0.158768 -0.917309 164 170 128
5.5245 0.5377 1.8128 -0.178768 0.0643512 -0.981785 160 135 94
5.4744 5.5051 1.9127 0.561135 -0.228293 -0.795619 156 153 87
-4.1693 -4.8972 2.3674 0.372173 0.0500377 -0.926814 159 137 88
7.4539 4.4973 1.0491 0.143474 0.245493 -0.958722 160 150 118
-3.2118 -3.7975 2.7365 0.733907 -0.124396 -0.667762 148 142 106
3.2065 3.8242 2.6598 -0.365416 -0.364767 -0.856397 162 125 81
-2.2137 0.7093 3.0929 0.346098 -0.411893 -0.842947 144 150 99
2.8841 5.6389 2.9164 -0.323942 -0.189188 -0.926968 160 124 88
-6.1082 6.3764 1.4933 0.40262 -0.118506 -0.907664 150 138 112
6.472 6.3144 1.4551 0.0193271 0.19383 -0.980845 166 147 124
0.4975 6.1862 3.7757 -0.910153 -0.308315 -0.276702 134 156 72
6.5602 -5.3041 1.3174 -0.0216353 0.203376 -0.978862 179 132 117
3.5081 -3.9643 2.6237 -0.324894 0.0142638 -0.945643 157 140 79
-5.075 1.5679 1.9113 0.0614197 -0.932598 -0.355652 151 140 99
-1.811 5.2234 3.3286 0.504413 0.340021 -0.793696 154 137 95
-5.6249 -7.4654 1.7664 0.40957 0.352968 -0.841229 174 143 94
-1.057 7.4828 3.5842 0.514033 -0.147433 -0.845005 147 136 78
-3.2239 -0.1675 2.7206 0.988977 0.131433 0.0681966 161 138 86
6.8489 -1.2788 1.2854 -0.800318 0.245966 -0.546801 164 135 122
-0.6291 2.6937 3.793 0.50317 -0.339071 -0.794891 142 164 71
5.9066 -6.3574 1.6711 -0.548288 0.531611 -0.645577 172 135 111
3.2293 6.5123 2.6212 -0.214421 0.0640439 -0.97464 145 129 95
-3.0797 -5.824 2.7391 0.137704 -0.153782 -0.978462 160 150 87
-2.6342 6.9001 3.0182 0.440528 0.163907 -0.882649 138 132 79
-0.8197 -4.5555 3.6462 0.0103891 -0.652592 -0.757639 161 124 70
-7.5772 1.3398 0.9963 0.377796 0.0850091 -0.921978 160 152 113
-3.8776 -0.0073 2.4528 0.181714 -0.233228 -0.955293 141 141 89
6.1183 0.2256 1.5239 -0.397407 0.315323 -0.861765 148 141 113
2.067 -3.1495 3.1436 -0.447559 0.502385 -0.739797 143 122 93
-3.3559 -5.6323 2.7327 0.0498473 0.0939466 -0.994329 150 150 89
-7.8381 -1.1289 0.8325 -0.0626445 0.0177794 -0.997878 178 143 120
-4.205 5.0325 2.372 0.444134 0.130978 -0.886335 152 137 90
2.9145 5.6769 2.7984 -0.322001 -0.01885 -0.946552 147 154 69
7.091 7.0497 1.1559 -0.501598 -0.526359 -0.686546 156 152 130
-2.4915 7.4589 3.0237 0.46778 -0.293725 -0.833611 143 127 90
6.5463 -3.477 1.3266 -0.199473 0.548017 -0.812335 178 155 116
6.4671 1.5681 1.4569 -0.251285 0.608531 -0.752692 142 149 114
3.5802 -4.4239 2.5027 -0.234425 0.0112219 -0.97207 157 116 93
-2.108 -4.3036 3.195 0.424773 -0.274194 -0.862778 160 130 65
-7.2654 -7.2985 1.1214 0.524767 -0.488583 -0.69707 170 146 122
-2.2097 -1.9933 3.1 -0.637245 0.217295 -0.739393 160 132 98
2.5948 -4.3032 2.9054 -0.59446 0.0202416 -0.80387 145 133 90
-6.4129 -4.4582 1.4141 0.714402 0.0955704 -0.693179 168 130 133
1.5942 5.1283 3.3981 -0.483222 0.301749 -0.821854 144 135 61
1.5098 -7.4462 3.3602 -0.210824 0.321528 -0.923132 136 132 66
-7.6801 -5.9228 0.8717 0.38952 -0.105589 -0.914945 180 154 118
6.6564 -5.8057 1.3913 -0.51674 0.0423284 -0.855095 180 143 104
0.6205 0.7407 3.7965 -0.502661 -0.0131917 -0.864383 131 116 84
3.486 -6.5063 2.6368 -0.750192 0.0119017 -0.661113 147 133 105
6.3536 -6.8659 1.4407 -0.412691 -0.433643 -0.801024 156 148 111
0.8428 5.6601 3.736 -0.551384 -0.100624 -0.828161 144 148 76
-6.3742 6.5385 1.4312 0.237862 -0.0901048 -0.967111 165 149 115
-1.6715 4.7736 3.3391 0.294373 0.0869273 -0.951729 138 144 74
4.6485 -2.1755 2.187 -0.365625 0.0581216 -0.928946 156 123 101
0.4642 -0.9908 3.7633 0.174669 0.566467 -0.805361 144 145 72
5.4301 -2.9527 1.7958 -0.57183 0.293853 -0.765938 183 149 91
3.2833 1.1076 2.7128 -0.484769 -0.0877067 -0.870234 154 146 88
5.1988 -5.7452 1.8726 -0.033417 -0.0814968 -0.996113 164 136 96
5.8423 4.0061 1.6772 -0.655459 -0.721943 0.221749 165 144 112
4.508 6.7923 2.186 -0.231369 -0.534866 -0.812642 151 130 88
-2.4068 7.8192 3.1363 -0.873232 -0.241261 0.42339 164 140 89
-4.6269 5.8185 2.199 0.598591 0.602011 -0.528462 156 122 95
4.53385 -5.8871 2.24455 -0.721507 -0.190616 -0.665652 161 132 94
1.9804 -3.7175 3.2219 -0.551553 -0.0739029 -0.830859 138 117 80
6.7759 -1.8298 1.3743 0.221699 -0.169211 -0.960321 172 154 101
-0.0434 -7.2201 4.0127 0.398513 -0.252578 -0.881698 158 133 79
-4.8598 5.0762 2.0677 0.293908 -0.00699164 -0.955808 167 136 102
-7.8051 -4.5968 0.7811 0.998991 -0.0437409 0.0102055 168 154 114
-5.9868 -3.4304 1.5631 0.196271 0.130074 -0.971884 167 144 105
-2.8187 -1.6959 2.8285 0.0945001 0.0667316 -0.993286 150 130 79
1.4072 3.6972 3.4551 0.87676 -0.0816453 -0.473947 126 150 60
4.932 4.2491 2.0737 -0.451117 -0.176986 -0.874739 152 144 91
-6.5913 -1.8396 1.4275 0.764643 -0.0136736 -0.644309 178 158 106
-7.3145 -4.1582 1.0568 0.693144 -0.117221 -0.711204 154 165 115
5.2976 6.1542 1.9338 -0.953519 -0.153424 -0.259349 168 140 86
-1.7803 -0.2435 3.3455 0.588524 0.113645 -0.800452 134 134 88
0.8868 -7.7348 3.6741 -0.132036 -0.177777 -0.975173 150 148 63
-4.8541 7.3144 2.0605 0.182709 -0.151056 -0.971493 146 131 106
3.7902 3.4073 2.5062 -0.589624 0.00671404 -0.80765 165 148 101
-1.3709 -1.5066 3.4476 0.3739 -0.0734314 -0.924558 138 139 56
6.2256 -1.6424 1.444 -0.334787 -0.0224853 -0.942025 165 144 112
-7.5575 6.5221 1.0008 0.631894 -0.187884 -0.751937 183 153 109
2.6584 0.4758 2.9012 -0.544726 -0.153774 -0.824395 137 121 96
2.4908 3.9724 2.9949 -0.615023 0.3262 -0.717872 128 148 73
-0.3936 7.2639 3.8932 0.531122 -0.0498151 -0.84583 128 138 73
-5.5167 -4.3095 1.7961 0.447502 -0.322426 -0.834136 168 148 102
3.9973 7.6682 2.3477 -0.228524 0.105266 -0.96783 165 146 79
6.0955 5.1924 1.6022 -0.454151 -0.0211495 -0.890673 154 133 103
-4.9628 -2.076 2.0618 0.246835 0.022757 -0.96879 165 140 95
-6.7272 -0.9807 1.2691 0.286253 -0.38777 -0.876181 181 138 117
-4.5739 5.8005 2.164 -0.137741 0.988028 -0.0694913 162 141 84
-2.9351 6.3773 2.8012 0.133404 -0.194264 -0.971836 174 134 85
1.7324 2.6169 3.2315 -0.408627 -0.118054 -0.905035 151 119 76
3.6499 -7.7906 2.5314 -0.179276 0.0869069 -0.979953 149 154 69
-1.4604 -6.25025 3.4427 0.533594 0.0989597 -0.839931 140 138 70
-3.11615 -2.82775 2.79345 -0.315985 0.258183 -0.91296 147 129 94
-0.0704 -6.7882 3.9435 0.338443 -0.61464 -0.712513 134 123 69
2.4844 6.5427 3.0066 -0.566853 -0.110411 -0.816386 134 127 60
4.7184 5.8868 2.1404 -0.522612 0.166009 -0.836252 155 133 92
4.2536 0.9443 2.3171 -0.580662 -0.331413 -0.743637 153 128 92
-0.2772 -4.1415 3.8536 0.329972 0.182719 -0.926138 149 116 59
0.8144 -7.5862 3.6385 0.442299 0.204116 -0.873332 141 149 77
0.5068 1.875 3.8019 -0.347362 -0.353621 -0.8685 146 130 58
-7.419 -0.4801 0.9698 0.508526 0.0625544 -0.858771 155 150 116
0.7812 -3.9226 3.6236 -0.140569 -0.274725 -0.951192 140 121 68
-5.3127 -6.8624 1.9547 0.507969 0.199795 -0.837884 171 151 113
-3.5129 4.7077 2.5241 -0.72427 0.32281 -0.609284 172 139 113
-3.1266 3.346 2.7052 0.175988 0.267664 -0.947304 153 140 83
3.4959 -7.0032 2.6939 -0.701237 -0.30273 -0.645462 141 145 90
-3.2563 -7.021 2.7482 0.146186 0.334507 -0.930986 156 128 75
0.76515 2.7554 3.75765 -0.440132 -0.127592 -0.888822 131 128 80
6.879 -3.2549 1.3808 -0.528903 -0.081905 -0.844721 158 151 104
-2.8096 -6.9611 2.837 0.312215 0.0392329 -0.949201 163 139 85
-6.9627 -5.1109 1.1792 0.84503 0.435665 -0.310033 172 145 93
-5.0817 6.0593 1.9316 0.684677 -0.329488 -0.65012 161 134 91
-2.3773 -7.6077 3.0694 0.390673 0.281049 -0.876576 163 118 76
-3.5256 3.1865 2.6094 0.541536 0.10991 -0.833462 159 137 89
3.5858 2.0195 2.5611 -0.33186 0.459837 -0.823662 155 129 96
-1.0693 3.2222 3.6175 0.827158 0.115008 -0.550076 148 141 77
7.9217 4.1533 0.7827 -0.55724 0.419444 -0.716625 168 146 112
-4.1524 -5.2435 2.3645 -0.0209025 -0.0462501 -0.998711 165 114 97
-7.6244 -3.442 0.8759 0.300002 0.0235207 -0.953648 166 142 97
-7.0491 -6.4323 1.173 0.121169 -0.037782 -0.991913 171 147 102
6.59 -5.7912 1.3698 -0.507077 -0.176727 -0.843588 166 153 96
-5.4599 -1.3926 1.8667 0.230231 0.0403681 -0.972298 162 146 104
-2.0091 -7.0974 3.156 -0.0267311 0.555698 -0.830954 150 122 92
2.1411 5.7818 3.2172 -0.932411 -0.0960858 -0.348392 158 143 71
-5.4084 -4.2485 1.8473 0.349013 -0.208461 -0.913638 150 142 92
7.394 3.0603 1.0114 -0.568907 0.0509896 -0.820819 169 158 112
-0.5535 5.9418 3.7912 0.391109 0.0872132 -0.916203 136 138 69
3.7286 -5.5365 2.4858 -0.5817 -0.0329774 -0.812735 147 133 93
2.7374 0.9542 2.8502 -0.534969 -0.0778175 -0.84128 165 131 85
-1.9865 -6.5108 3.3155 -0.400393 -0.826444 -0.395822 153 132 78
2.3204 -4.6186 3.0774 -0.355853 -0.187697 -0.915499 151 138 68
3.8166 1.0845 2.5235 -0.216751 -0.053868 -0.97474 148 138 94
-1.142 -4.8245 3.5696 -0.00228175 0.432952 -0.901414 145 123 69
5.9704 -0.8404 1.5767 -0.141438 -0.0622184 -0.98799 157 138 97
2.0771 6.4902 3.1689 -0.342623 0.56521 -0.750431 142 120 75
-6.3881 1.8118 1.4033 0.0537815 -0.23313 -0.970957 176 153 105
3.4759 4.3311 2.6568 -0.959164 0.232312 0.161354 155 127 115
-1.5544 -1.1301 3.3518 0.38616 -0.157668 -0.908857 160 128 85
-4.2116 5.8803 2.3714 0.175522 -0.154988 -0.972199 177 143 82
6.1062 7.2415 1.5718 -0.27861 -0.957062 0.0800557 172 156 106
-7.0166 -4.4731 1.2296 0.318726 0.0261645 -0.947486 149 163 118
0.0116 6.363 3.9846 0.287454 0.0799499 -0.954452 144 144 69
-5.6781 0.2884 1.6876 0.69478 0.00439868 -0.719209 166 145 98
-2.1793 -4.5654 3.1817 0.661697 0.0247021 -0.749364 147 142 84
4.5772 -3.7067 2.1605 -0.391946 0.0179707 -0.919813 162 138 93
5.1795 7.4769 1.9122 -0.337972 0.0414997 -0.940241 160 138 91
4.5008 4.9988 2.2503 -0.0774798 0.232582 -0.969486 171 148 87
3.5751 7.7528 2.6622 -0.615701 -0.0797895 -0.78393 152 149 82
6.3152 -3.5136 1.413 -0.491189 -0.0292776 -0.870561 176 127 113
1.4325 -3.3343 3.4527 -0.596774 0.27621 -0.753372 126 146 87
-5.0624 -5.2461 1.9919 0.552306 0.000387017 -0.833641 138 150 87
-4.2115 4.7329 2.2935 0.475725 -0.0312483 -0.879039 163 125 96
2.5306 -1.2411 2.9335 0.226479 0.0629345 -0.971981 159 118 78
6.159 -2.4571 1.5465 -0.165508 0.705861 -0.688744 164 146 79
-5.882 -6.624 1.6703 -0.324437 0.791016 -0.518684 163 160 92
-1.8865 0.5084 3.3108 0.607714 0.72311 -0.328322 132 143 89
-6.7154 4.1103 1.2959 0.801789 -0.431172 -0.413794 176 136 111
3.3829 5.1398 2.6806 -0.416885 0.190503 -0.888772 150 153 95
7.8367 1.1867 0.8291 -0.471391 0.716231 -0.51459 185 156 132
5.5597 4.2865 1.8174 -0.665397 -0.0355396 -0.745643 158 143 97
-5 -0.4669 1.9497 0.47867 -0.157493 -0.863754 144 147 105
-3.208 -2.0872 2.7288 0.770423 0.397893 -0.498126 161 141 76
0.3214 5.073 3.8856 -0.381661 -0.343488 -0.858109 128 132 81
4.3828 6.7907 2.221 -0.37668 -0.604078 -0.702284 166 166 105
-3.2904 2.3401 2.6557 -0.0926755 -0.282348 -0.954825 147 122 88
-1.3735 3.8333 3.4116 0.879915 -0.16365 -0.446058 170 148 75
6.7057 1.2389 1.3986 0.177155 0.690093 -0.701704 165 139 96
3.0113 -2.2377 2.7437 -0.61279 -0.145131 -0.776804 148 146 99
-7.2897 4.0676 1.1167 0.0651496 -0.127923 -0.989642 177 142 136
0.6989 1.7015 3.7 -0.69836 -0.391736 -0.59903 138 137 72
5.2456 6.3205 1.9419 -0.366614 -0.247553 -0.896834 168 133 99
1.6204 3.6716 3.3683 0.280495 0.175936 -0.943594 155 129 86
5.4966 -2.0441 1.7675 -0.0584325 0.300194 -0.952087 166 138 110
-5.8492 6.0693 1.6803 0.121104 -0.606511 -0.785798 158 137 84
-0.3476 -3.3352 3.8801 0.324591 0.311614 -0.89305 146 137 77
-5.8717 -3.137 1.6925 -0.0664874 0.630672 -0.773196 152 142 108
7.8463 5.4747 0.8224 -0.503858 0.460295 -0.730927 182 161 105
-3.6633 -3.2264 2.5035 0.335511 0.151803 -0.929725 155 134 95
1.9785 -0.2045 3.1901 -0 -0 -1 163 143 84
6.3398 -2.2383 1.5702 -0 -0 -1 151 158 108
6.035 2.3754 1.565 -0.123352 0.113847 -0.985811 180 151 116
-5.3219 -5.4301 1.907 0.51421 -0.108639 -0.850756 136 142 99
4.5794 1.763 2.1963 -0.277244 -0.198296 -0.940114 178 138 111
0.0915 3.4062 3.9476 -0.374273 0.213179 -0.902482 136 118 62
-0.654 -3.3368 3.7454 0.562838 0.153997 -0.812095 172 145 79
-7.6141 -7.7561 0.9712 0.0954193 0.33744 -0.936499 164 147 130
-3.2073 0.7844 2.8098 -0 -0 -1 129 141 78
-7.7774 -6.5905 0.9176 0.691932 -0.0700835 -0.718553 168 162 118
6.6299 -5.4436 1.3621 -0.623569 0.0890099 -0.776685 177 144 87
4.8681 -0.6303 2.0503 -0.540473 -0.20993 -0.814751 153 144 92
-4.6868 4.5447 2.1517 0.274196 -0.0562413 -0.960028 180 164 87
-2.472 3.0118 3.0929 -0.0460501 0.561036 -0.826509 143 154 81
3.2577 -1.8279 2.6087 -0.76124 -0.0769603 -0.643887 172 138 99
-1.9109 0.8076 3.2257 0.251607 -0.140812 -0.957531 158 147 91
-2.1259 5.6265 3.0909 0.596786 -0.328936 -0.73188 136 125 87
3.566 -6.1563 2.5893 -0.0870847 0.0213809 -0.995971 143 134 94
2.1366 -3.9473 3.0946 -0.570077 0.229108 -0.789001 136 148 92
4.8047 4.3501 2.0431 -0.550053 -0.251327 -0.796415 150 153 106
-0.80425 0.50365 3.69055 0.623699 0.193397 -0.757362 136 141 78
-2.6704 5.2259 2.912 0.49064 -0.231344 -0.840091 140 144 103
3.9921 -0.2809 2.4032 -0.15315 0.315969 -0.936327 152 139 89
-0.9848 0.4836 3.5157 0.30261 0.0713371 -0.950441 139 115 87
2.1959 1.7167 3.1099 -0.456881 -0.0455303 -0.888362 155 148 76
-4.3247 -2.033 2.2994 0.382096 0.133371 -0.914448 172 147 88
-6.8172 0.7378 1.321 -0.0482613 0.283262 -0.957827 161 157 123
-4.7509 -5.702 2.1842 0.547509 0.266974 -0.793069 159 124 103
3.7366 7.1946 2.4966 -0.0278134 -0.1187 -0.992541 151 144 78
-4.9278 6.0505 2.037 0.492447 0.0573725 -0.868449 159 137 90
-1.9553 0.4804 3.2614 0.452751 0.380504 -0.80637 156 130 102
0.1281 2.2709 3.9228 -0.197582 0.318948 -0.926949 132 135 83
-5.4867 -6.3906 1.7704 0.320605 -0.362754 -0.874998 163 124 99
-0.8711 -7.7111 3.6384 0.611371 -0.118093 -0.782483 133 142 64
3.4961 -0.4775 2.5766 -0.182497 -0.277983 -0.943091 151 160 96
4.2394 -2.021 2.2141 -0.724221 0.537958 -0.431398 161 143 104
5.2426 6.0552 2.0054 -0.877306 0.145847 -0.457235 168 169 103
6.5987 5.9166 1.3237 -0.538482 -0.0302728 -0.842093 161 152 119
2.2472 6.7911 3.0325 -0.590572 -0.537073 -0.60231 139 144 82
1.7227 1.5462 3.2734 -0.460042 0.442128 -0.769989 151 129 87
-6.1033 1.2985 1.6088 0.0743324 -0.358078 -0.930728 156 143 114
2.3266 5.1802 3.0972 -0.922346 -0.152221 0.355114 139 112 98
-1.7439 -6.8043 3.3456 0.216635 0.137199 -0.966564 151 128 77
1.8456 -5.9161 3.2724 -0.255909 0.440005 -0.860759 140 131 73
5.1708 4.8474 1.8962 -0.404569 -0.160472 -0.900318 162 149 98
5.998 -1.5887 1.5814 -0.57778 -0.0570068 -0.814199 172 144 114
-4.9894 1.0533 2.0413 0.0142777 -0.85841 -0.512765 162 144 117
3.0274 -1.1732 2.6072 -0.213436 -0.770185 -0.601049 138 153 78
3.4509 -5.0592 2.6071 -0.532766 0.259238 -0.805578 147 154 112
2.6224 4.7556 2.8942 -0.423845 0.00148355 -0.905734 155 163 97
4.4609 -4.0638 2.2251 -0.285928 -0.166763 -0.943629 162 154 102
-1.0638 -4.5903 3.5723 0.245749 0.0465321 -0.968216 146 134 93
-1.7017 -3.3628 3.3751 0.00862556 -0.0407408 -0.999133 138 141 65
-4.5942 2.4814 2.2317 -0.366599 0.802233 -0.471198 167 138 95
-5.6065 3.9663 1.6992 -0.118187 0.682566 -0.721204 175 133 107
-1.5405 5.1826 3.3394 -0.000247978 0.339599 -0.94057 136 118 53
-0.3352 -1.5777 3.9092 -0.0767874 0.502109 -0.861388 129 131 78
7.5738 5.5644 0.9564 -0.35152 0.514762 -0.781955 158 157 114
-0.7839 -4.2006 3.7385 -0.0356668 -0.181016 -0.982833 141 113 78
-5.1339 2.1642 2.0156 -0.0897734 -0.00334465 -0.995957 166 158 92
-3.7203 -3.6571 2.4792 0.830865 -0.0179046 -0.556186 156 136 76
-4.734 1.4147 2.07 0.222606 0.10375 -0.969372 146 161 109
7.9501 6.1825 0.8388 -0 -0 -1 146 161 125
2.1033 7.1591 3.1725 -0.329684 -0.067788 -0.941654 154 123 77
-4.0439 0.4805 2.4215 0.150736 0.217248 -0.964408 152 153 89
5.0648 3.6367 1.9899 -0.19514 -0.108196 -0.974789 150 151 102
-7.39 1.1032 1.0861 0.101013 -0.14831 -0.983769 163 166 111
1.2883 -2.5324 3.4576 -0.39718 -0.148681 -0.905617 166 120 84
6.0766 -7.6661 1.6465 -0.403516 0.080339 -0.911439 152 141 96
-6.4943 -0.1826 1.3505 -0 -0 -1 158 141 106
5.7629 4.5585 1.7197 -0.654379 -0.357336 -0.666408 151 142 97
5.5178 -4.8102 1.7003 -0.569677 0.0135278 -0.821757 157 146 119
-2.40125 -2.34465 3.0417 0.260723 0.0302388 -0.96494 146 132 65
0.141 2.5404 4.0159 0.365792 -0.299798 -0.881089 153 135 56
0.3914 -0.85455 3.8731 -0.113261 0.382733 -0.91689 134 122 61
3.3206 -4.5443 2.7185 -0.429039 0.0951354 -0.898262 151 143 96
-1.3774 -2.7232 3.5356 0.354725 0.0102542 -0.934914 140 142 73
5.8872 -1.5188 1.6547 -0.194149 -0.135694 -0.971542 172 134 97
-7.0757 -1.6591 1.1158 0.340159 0.127295 -0.931712 151 143 110
-3.9392 -4.4096 2.3953 0.377946 -0.157754 -0.912289 154 135 98
1.2456 -3.6467 3.5516 0.31664 0.466368 -0.825978 142 135 71
-3.8919 -0.2826 2.428 0.179897 0.0377665 -0.98296 150 133 89
-3.9695 -6.0941 2.4499 0.946088 -0.139918 -0.29213 160 147 94
-3.2167 7.6097 2.6614 0.330701 0.246894 -0.910868 154 128 77
-4.6355 -1.3323 2.2214 0.0219555 0.0317381 -0.999255 150 124 116
0.9332 -5.9301 3.5485 -0.561296 -0.0392466 -0.826684 136 125 81
-2.4254 -0.3226 3.0085 0.19687 0.162223 -0.966916 142 115 88
1.7643 -6.54 3.3627 -0.201512 0.977093 -0.0684245 143 137 74
-6.7406 -0.7355 1.3609 -0 -0 -1 166 148 134
7.261 4.8942 1.0921 -0.472525 -0.320244 -0.821075 171 143 108
1.5314 -3.9547 3.4437 -0.476014 0.0626835 -0.877201 145 128 76
-5.3423 -1.6944 1.9378 0.283878 -0.0227501 -0.958591 155 128 98
0.5302 4.3513 3.7945 -0.630483 -0.292297 -0.719064 155 130 82
-2.3672 5.2817 3.0459 0.52613 -0.149204 -0.837213 149 143 63
7.9195 5.5653 0.8503 -0.244862 0.299842 -0.922029 176 157 119
-6.0381 -4.8411 1.549 0.495851 0.399046 -0.771294 162 131 99
-6.213 7.405 1.4685 0.132825 -0.0715196 -0.988556 170 136 101
-6.6658 -1.1716 1.3099 0.337543 -0.118122 -0.933869 158 144 108
-3.2005 -2.2926 2.6802 0.478497 -0.241997 -0.844084 128 125 103
-5.5419 -2.1485 1.764 0.353986 0.196631 -0.914347 168 145 117
1.8763 6.7308 3.1967 -0.171031 -0.575237 -0.799906 159 122 92
1.1808 7.0885 3.4637 -0.598135 0.767407 0.230913 145 140 72
3.7476 -2.6365 2.4921 0.00111222 0.332094 -0.943245 133 143 93
-4.7472 1.5254 2.1386 0.310861 0.106535 -0.944466 172 140 91
3.8578 1.0897 2.5084 -0.0547244 0.0231362 -0.998233 134 134 88
-1.22 -7.7566 3.569 0.0017689 -0.2898 -0.957086 142 147 81
6.1342 2.3485 1.5173 0.0457696 0.0109514 -0.998892 170 149 110
4.7356 5.8093 2.0767 -0.32926 0.223867 -0.917318 158 131 108
-2.99585 -6.5299 2.8374 0.289944 0.221413 -0.931079 157 141 95
-3.9554 7.1636 2.4545 0.64324 -0.222957 -0.732484 126 128 102
-2.3483 -1.0551 3.0777 0.260922 -0.0668503 -0.963042 149 129 97
-5.1308 7.6428 2.005 0.710466 0.703051 0.0309538 165 139 89
0.8158 -2.2341 3.69335 -0.35639 0.318357 -0.878427 150 137 70
3.9164 -3.566 2.3213 0.17729 -0.242083 -0.95392 155 138 105
6.618 3.6899 1.3807 -0.165073 0.250263 -0.954002 164 162 78
-4.3736 -2.2167 2.2257 -0.247716 -0.32966 -0.911022 154 161 79
4.0581 -6.9121 2.4353 -0.108616 0.713367 -0.692323 166 150 97
4.8156 -4.5728 2.1577 -0.596929 0.350495 -0.721685 154 137 91
3.1901 -3.3721 2.7451 -0.0611363 -0.151852 -0.986511 156 131 102
-4.2038 -1.6605 2.3231 0.382965 -0.447593 -0.808083 159 140 94
-0.4138 2.7121 3.787 -0.136103 -0.133768 -0.981622 144 136 82
1.3004 1.5892 3.4623 -0.76109 -0.177958 -0.623756 139 123 86
-5.5935 -5.8255 1.7308 0.206084 -0.343684 -0.916194 159 147 117
-2.7489 -1.1817 2.8652 0.522994 0.165504 -0.836113 149 129 92
7.6315 -5.1172 0.8255 -0.127079 0.0588882 -0.990143 160 148 118
7.0306 -6.5969 1.1998 0.163595 -0.397152 -0.903054 168 160 109
0.015 3.8215 4.0076 0.177833 -0.0107565 -0.984002 137 131 80
4.5401 -6.6814 2.2327 -0.539779 0.551608 -0.635899 151 139 109
-1.3436 3.5749 3.434 0.857711 0.481027 -0.181508 138 152 79
5.5338 2.5447 1.7869 -0.333403 -0.0201507 -0.942569 163 156 122
5.041 -5.704 2.0006 -0.616546 -0.0522306 -0.785585 141 153 78
-3.166 -2.2091 2.7227 0.703062 0.393787 -0.592145 154 147 94
-3.4371 3.5724 2.6168 0.837246 -0.413209 -0.35816 141 140 94
5.6738 1.1743 1.7626 -0.43186 -0.371738 -0.821771 160 140 132
-5.4758 -1.2693 1.8327 0.409389 0.00357712 -0.912353 170 148 100
-2.9809 6.5075 2.8019 -0.176552 -0.493369 -0.851714 156 134 81
-3.7124 0.2979 2.5638 0.433742 0.236956 -0.869321 157 141 109
3.3526 -5.6944 2.6812 -0.0163637 0.106642 -0.994163 132 134 88
6.6802 -6.3899 1.2855 -0.163507 0.0464763 -0.985447 166 142 106
5.3141 -6.0522 1.8393 -0.498534 -0.0169314 -0.866705 165 151 93
-0.006 0.1818 3.9191 0.20697 -0.17827 -0.961968 133 126 59
-3.0269 7.0245 2.8409 0.17502 0.110606 -0.978332 151 123 92
7.1043 -4.3214 1.1481 -0.476622 0.577839 -0.662521 159 141 107
4.336 -6.106 2.207 -0.801704 0.210623 -0.559383 165 134 86
0.1511 3.5237 4.0646 -0.839772 -0.412966 0.352479 124 119 60
0.5235 3.0014 3.7853 -0.291439 0.225771 -0.929565 152 124 60
7.1951 0.6578 1.1232 -0.0390048 0.0687415 -0.996872 156 143 112
-0.4709 2.8762 3.8441 -0.963288 -0.222429 -0.15034 136 134 94
-4.1481 -5.3919 2.3496 0.180927 0.0201462 -0.98329 137 149 102
-0.8322 -2.562 3.7816 -0.503581 0.601907 -0.619769 139 124 83
-0.3509 6.1523 3.9136 0.428539 -0.379351 -0.820029 147 141 87
-1.9564 3.8035 3.1931 -0 -0 -1 146 127 66
-4.1585 -2.3331 2.3591 -0.0170785 0.549639 -0.835228 144 134 105
-0.1217 -3.6864 4.0211 -0.0494819 0.138184 -0.98917 155 136 52
5.6601 6.8491 1.7243 -0.131395 -0.37657 -0.917023 178 142 123
3.2261 2.3224 2.7228 -0.103467 -0.173621 -0.979362 144 129 76
-2.0441 -3.904 3.1698 0.315438 -0.0335499 -0.948353 152 145 61
-1.6556 -1.2142 3.3793 0.228774 -0.422486 -0.877022 132 144 85
-3.4522 2.4602 2.6472 0.307113 -0.27053 -0.912412 145 142 73
-1.5928 3.0474 3.2446 0.258689 -0.301844 -0.91759 149 131 75
-5.8262 6.1253 1.5717 0.149985 -0.710224 -0.687813 162 130 116
-0.7393 -6.9973 3.6269 0.7122 0.101433 -0.69461 130 129 72
1.2831 -0.4919 3.5015 -0.256606 -0.364818 -0.89502 159 125 71
3.4588 -6.493 2.6058 -0.364334 -0.264814 -0.892824 154 134 78
-3.5543 -1.0888 2.5251 0.796791 -0.136869 -0.58855 165 137 77
3.9208 1.5409 2.3658 -0.547642 -0.304616 -0.779293 157 159 85
-6.8612 6.4999 1.2423 0.0996938 -0.0517611 -0.993671 169 152 105
4.941 -2.7061 2.0159 -0.283161 0.416445 -0.863941 154 153 99
-1.2734 1.5975 3.4575 -0.155334 -0.189236 -0.969567 142 150 79
-0.6747 -0.703 3.7258 0.608175 0.140996 -0.781181 125 134 92
-1.6317 3.3799 3.3436 0.485613 -0.065463 -0.871719 145 146 81
3.2774 0.9353 2.6929 -0.535138 0.00968425 -0.844709 145 145 97
1.2577 -1.5432 3.4292 -0.560361 0.466204 -0.68458 142 109 79
-1.0697 2.8104 3.451 -0.751671 -0.0228341 -0.659142 143 149 73
3.8877 2.072 2.415 -0.566742 0.0443325 -0.822701 157 146 76
5.7756 0.1677 1.6352 -0.683911 0.079684 -0.7252 157 146 113
-4.8826 -2.2433 1.9942 -0.0402346 0.262861 -0.963994 157 150 95
-7.5961 -6.8071 1.0208 0.234545 -0.0336003 -0.971524 166 130 114
7.7586 4.9715 0.9221 0.257319 0.0354124 -0.965677 181 167 119
4.2541 1.4518 2.3248 -0.505751 -0.264097 -0.821261 160 131 88
5.4646 0.9244 1.8252 -0.342459 -0.059731 -0.937632 175 139 83
-2.2855 -6.4731 3.1014 0.282655 0.265161 -0.921844 156 133 77
5.4483 5.1732 1.8394 -0.295907 -0.322569 -0.899104 154 136 109
-5.0107 -4.1734 2.0519 0.642717 -0.0900756 -0.76079 149 142 89
-4.7976 6.3535 2.1399 0.588289 -0.261635 -0.765156 176 128 117
-6.054 1.8283 1.61 0.422536 0.252624 -0.870427 162 159 110
6.0079 -7.6253 1.554 -0.337365 -0.0284547 -0.940944 158 132 121
1.3796 -7.2855 3.3685 -0 -0 -1 147 141 82
-5.863 -7.9876 1.6957 0.350204 -0.504743 -0.789045 186 134 96
5.2258 -0.1553 1.9751 -0.240304 0.0507728 -0.969369 161 143 111
-2.0574 4.2515 3.1777 0.273725 -0.172703 -0.946176 141 135 86
-1.3708 -4.4657 3.3976 0.284191 0.345525 -0.894342 145 143 87
-3.7445 7.0659 2.5265 0.188654 -0.192513 -0.962989 157 127 99
3.7939 -3.0445 2.509 -0.526463 -0.11362 -0.842572 162 152 103
4.4534 6.5389 2.2303 -0.16789 -0.154414 -0.973637 165 155 101
-0.404 -7.5188 3.9 0.436102 -0.0885087 -0.895534 145 138 69
1.1098 -4.0985 3.4959 -0.452945 -0.452722 -0.768039 139 127 75
-7.1088 -5.1143 1.083 0.0545235 0.787822 -0.613485 160 166 110
4.2802 6.408 2.333 -0.479936 0.00715674 -0.877275 139 142 110
3.9104 -4.4839 2.3979 -0.767153 -0.245541 -0.59261 161 151 99
-4.7922 1.0839 2.1038 0.677145 0.116973 -0.726493 175 129 100
5.2814 5.021 1.9438 -0.124056 0.217576 -0.968128 172 155 92
2.2705 6.0176 3.0647 -0.341199 -0.0718386 -0.937242 147 139 91
1.0884 -1.7769 3.549 -0.197327 0.00569231 -0.980321 150 118 78
-0.0237 2.9808 4.0295 0.124272 0.253116 -0.959421 126 116 84
2.2356 3.2481 3.0786 -0.484647 0.223503 -0.845674 156 143 95
-2.8432 4.5855 2.9899 0.234221 0.886279 -0.399563 139 118 73
2.7679 5.3161 2.9042 -0.38141 0.253446 -0.888983 145 131 74
4.3737 -0.4785 2.2447 -0.51189 -0.120484 -0.85056 140 140 88
2.0415 -5.5848 3.132 -0.337593 0.176848 -0.92453 153 132 70
5.5351 -7.8985 1.7587 -0.499014 0.331487 -0.800688 157 138 120
2.3293 3.8839 3.0437 -0.523494 0.0736169 -0.848843 173 138 87
-4.892 -4.8604 2.0648 0.545378 0.0137423 -0.838077 172 152 108
1.1645 -6.795 3.5101 -0.465061 0.0883651 -0.880857 127 138 63
7.5328 2.0266 1.0584 0.393255 0.699477 -0.596726 163 156 119
-3.455 -1.447 2.5791 0.297808 -0.051093 -0.953257 136 166 70
3.2721 -1.6404 2.7603 -0.563319 -0.200162 -0.801628 164 132 81
-2.6605 -7.1446 2.8992 0.556938 -0.149265 -0.817031 171 151 90
-5.6213 -3.6396 1.835 -0.329864 0.306619 -0.892846 167 137 91
-5.1325 -4.2381 1.9204 0.516243 -0.709626 -0.479504 161 163 109
5.176 0.9992 1.9023 -0.869895 0.0928159 -0.484425 158 137 109
-6.2057 2.3676 1.5153 0.561974 -0.00743711 -0.827122 179 144 108
-2.9508 -3.2026 2.9056 0.457353 -0.0650124 -0.886905 164 146 84
-7.4907 -3.0279 0.9729 0.513884 0.441178 -0.735721 155 169 115
-6.5123 1.0883 1.4331 0.484353 0.0308286 -0.874329 141 148 104
5.0164 6.9576 1.9311 -0.0584127 -0.464035 -0.883889 152 168 95
-6.1616 -3.166 1.5955 0.574179 0.305151 -0.759738 159 145 93
2.2402 3.1483 3.086 -0.477118 -0.124912 -0.869917 139 141 71
4.3314 0.8178 2.3627 -0.71761 -0.0816801 -0.691638 155 133 110
-3.5689 -0.8964 2.5566 0.762983 -0.337009 0.551618 153 151 88
-4.4311 0.6908 2.1563 0.000394609 0.324 -0.946057 165 137 101
-1.5653 -2.1133 3.3645 0.57497 -0.806556 -0.137391 135 124 76
5.1423 4.38205 1.92465 -0.303539 0.917546 -0.256854 152 146 99
3.0649 3.3381 2.695 -0.166572 -0.0268779 -0.985663 159 136 76
-7.44865 -6.992 1.08055 0.389568 -0.392216 -0.833308 165 153 108
-2.9657 -3.356 2.7446 0.447312 0.0594984 -0.892397 160 135 71
-5.863 -2.3232 1.652 0.0029362 0.257882 -0.966172 152 150 113
-7.5769 -6.9215 0.9695 0.414535 -0.172945 -0.893449 166 173 103
-7.7159 -5.8626 0.9221 0.293232 -0.021206 -0.955806 177 154 104
6.2966 7.0606 1.4638 -0.572474 -0.17012 -0.80208 164 155 100
0.5531 -0.0949 3.768 -0.206949 0.322808 -0.923562 157 148 76
0.6201 -6.7283 3.758 -0.409992 0.256915 -0.875158 150 140 73
6.8399 6.961 1.2609 0.00468351 -0.27316 -0.961957 176 140 105
3.2032 6.9236 2.832 -0.821602 0.483085 0.302653 139 137 84
1.9143 -1.7299 3.2695 -0.196385 0.269186 -0.942853 133 144 90
1.099 -7.4496 3.6148 -0.912248 0.319376 -0.256522 134 137 66
-4.0011 -6.6774 2.4346 -0.137661 0.187693 -0.972533 153 147 75
-6.1732 4.3057 1.5707 0.290255 -0.365048 -0.884586 151 138 97
0.7898 -5.9473 3.7591 -0.540116 0.00588769 -0.84157 139 129 66
-3.7309 -4.0397 2.4846 0.089856 -0.0255341 -0.995627 164 136 95
-1.4678 -0.7012 3.4642 0.288606 0.217151 -0.932498 153 148 80
-3.2126 5.7064 2.8106 0.895009 0.396622 -0.20408 150 156 88
3.9629 -3.6998 2.4254 -0.279225 -0.284488 -0.917115 144 136 90
4.3533 -0.9166 2.329 0.0455272 0.505184 -0.86181 155 152 94
-4.6681 -3.8712 2.0849 0.110836 0.431482 -0.895287 158 147 104
0.001 -6.8148 4.0229 0.485215 -0.585957 -0.649015 143 149 44
3.9791 -4.5084 2.3563 -0.406041 -0.237366 -0.88249 168 152 96
3.3688 -5.3861 2.5742 -0.478634 0.796594 -0.369252 150 156 77
5.7228 -4.0285 1.8465 -0 -0 -1 159 150 102
-4.2973 0.2441 2.1655 0.831046 0.235284 -0.503988 146 149 108
4.1454 0.6215 2.3541 -0.275019 -0.214961 -0.9371 164 142 107
-3.8002 -2.9158 2.4421 0.291795 -0.805517 -0.51575 158 131 68
4.5524 -2.805 2.0865 -0.322122 -0.00890159 -0.946656 154 141 92
-1.5766 6.4009 3.3657 0.549269 0.466799 -0.693111 156 129 75
-5.3222 -4.4406 1.8708 0.87213 -0.0110883 -0.489149 178 147 91
-2.305 5.4021 3.1338 0.575242 0.121729 -0.808875 163 127 71
5.2876 -7.2218 1.8062 -0.35378 0.374604 -0.857037 166 138 97
4.927 0.5743 2.0372 -0.325349 -0.142977 -0.934722 173 148 90
-3.7994 3.9461 2.4448 -0.266285 -0.0362027 -0.963214 165 143 84
1.3518 -7.0138 3.4735 -0.543409 -0.334187 -0.770082 154 130 76
0.0764 -6.5047 3.9256 -0.902136 -0.0427337 -0.429331 135 122 68
-0.354 5.4363 3.8465 0.374896 -0.409689 -0.83163 151 129 57
0.8816 -1.9931 3.6459 -0.413582 -0.198793 -0.888499 151 134 71
2.719 5.2017 2.8854 -0.470776 -0.0379612 -0.881436 152 138 68
3.8199 -7.6432 2.4542 -0.449942 0.087669 -0.888744 163 153 75
1.0394 7.9431 3.5853 -0.47794 -0.0219078 -0.878119 153 118 62
-3.1691 -6.0918 2.7978 0.443893 -0.0232602 -0.895778 145 127 81
-4.4769 -5.6698 2.2062 0.350289 0.166795 -0.921671 151 118 88
-1.49275 7.29645 3.43935 -0 -0 -1 139 138 76
-5.7618 3.7311 1.7281 0.342343 -0.315349 -0.885074 158 152 102
2.7413 -2.4389 2.7919 0.0205262 -0.363561 -0.931344 152 126 80
1.8725 2.7367 3.2441 -0.148434 0.12669 -0.980774 121 124 70
-3.2508 -4.8632 2.7515 0.119157 -0.00318455 -0.99287 150 145 88
5.8451 3.4657 1.7072 -0.776139 0.354868 -0.521226 172 155 100
0.7776 3.0596 3.6573 -0.374413 -0.147661 -0.915429 141 141 70
3.1508 -1.9965 2.7245 -0.725137 0.471002 -0.502328 165 141 89
6.931 -0.1517 1.2864 -0.64234 -0.207543 -0.737784 159 136 104
-2.4107 3.9732 3.0323 0.539186 0.0195533 -0.84196 149 145 81
-6.1392 -0.8971 1.5436 0.824465 -0.0546503 -0.563268 171 144 91
-3.8586 -6.8294 2.5342 0.576922 -0.768283 -0.277311 163 117 99
-0.1504 -6.3897 3.9412 0.338611 -0.272372 -0.900642 158 129 76
7.9725 5.0544 0.7938 -0.52303 -0.194813 -0.829751 180 164 121
5.8828 -4.0024 1.6303 0.525651 0.560209 -0.6402 149 146 93
-6.2313 -1.216 1.5998 -0.461623 -0.88375 0.0767458 170 164 120
-1.3722 -0.2162 3.4264 0.630784 0.0943139 -0.770206 147 145 68
7.8195 3.8887 0.844 -0.497514 0.0914419 -0.862623 176 166 123
-3.1596 4.2504 2.7016 0.461457 0.0520021 -0.885637 141 130 105
-7.2577 -3.8646 1.0661 -0.0579998 0.100378 -0.993257 168 148 105
-3.1254 -6.2379 2.7484 0.344201 0.566057 -0.74907 155 139 105
-3.9609 0.7122 2.3892 0.153267 0.0170734 -0.988037 162 138 108
0.6634 1.3507 3.7356 0.197471 0.0550768 -0.97876 137 113 82
-0.4126 3.6188 3.9328 0.185172 -0.0738319 -0.979929 157 125 50
-3.176 -5.5054 2.7379 0.442666 0.363213 -0.819831 162 144 91
3.849 4.5005 2.4502 -0.307391 -0.275035 -0.91097 142 147 89
4.1865 -2.7923 2.3228 -0.0690703 -0.19003 -0.979346 157 146 107
-6.5944 -2.3621 1.386 0.158589 0.113474 -0.980802 167 153 92
0.1204 -3.0431 3.9465 -0.577319 -0.114478 -0.808454 157 128 77
-6.25 1.7063 1.4994 0.390957 0.725221 -0.566752 173 137 98
-2.7777 -0.1818 2.8914 0.24918 -0.0531292 -0.966999 148 128 83
3.7662 -3.9407 2.4718 -0.401507 -0.128029 -0.906863 155 163 91
-7.2884 -0.4386 1.095 0.427625 0.00980269 -0.903903 171 144 126
3.1715 0.162 2.6581 -0.0904085 -0.175991 -0.980231 171 150 83
2.9401 5.1579 2.8083 0.260562 -0.36695 -0.893003 151 159 91
-1.7818 7.7518 3.3306 0.176695 0.0832069 -0.980742 131 129 64
4.1228 7.0897 2.4055 -0.510635 0.179133 -0.84093 151 142 93
-0.8298 0.7767 3.6645 0.148337 0.316376 -0.936964 125 139 79
-0.9144 -0.0415 3.5994 0.310841 0.250223 -0.916933 146 159 78
-7.9984 -2.8498 0.7559 0.261015 0.510267 -0.81945 196 154 113
2.2707 -1.6078 3.0657 -0.608632 -0.788998 0.0839539 159 124 72
7.5153 7.6832 1.047 -0.367486 0.0939559 -0.925271 171 136 103
-4.2686 -3.0731 2.249 0.429006 0.0134184 -0.903202 153 159 95
4.6417 -6.7671 2.1185 -0.440628 0.219752 -0.870377 162 160 111
5.374 -4.3755 1.8357 0.06197 0.0575025 -0.99642 177 147 116
1.1064 -7.0596 3.5381 -0.395793 0.309437 -0.864637 146 120 70
-2.0682 -1.0005 3.2569 0.420935 0.35912 -0.832974 137 130 101
-6.1365 -6.8569 1.4612 -0.823355 -0.525 -0.215551 166 146 113
-4.0201 -7.2075 2.4164 0.297128 0.371468 -0.879617 139 127 82
7.7767 4.5261 0.9313 -0.354848 -0.0726047 -0.9321 175 156 119
6.7877 -3.6758 1.2511 -0.213389 0.0985552 -0.971984 161 149 116
2.4335 6.4954 3.0536 -0.456864 -0.160442 -0.874948 154 118 95
-7.7499 5.184 0.916 0.181787 -0.0195632 -0.983143 163 142 116
6.9103 2.9578 1.2869 -0.297538 0.361292 -0.883708 171 145 109
7.6506 6.0293 0.9749 -0.306728 -0.106203 -0.945853 175 149 114
6.2626 2.6204 1.4968 -0.30756 0.00174104 -0.951527 153 126 111
2.8638 6.9589 2.8153 -0.123619 0.194908 -0.973 157 148 88
-4.8713 -4.1553 2.0624 0.543114 0.177047 -0.820781 173 147 93
5.1268 6.3344 1.9275 -0.375471 0.126972 -0.918096 155 157 112
2.4615 1.0457 3.045 -0.0209236 -0.144429 -0.989294 149 142 90
-4.3672 -7.4751 2.2622 0.162873 0.0460863 -0.98557 161 143 106
3.8506 -4.9908 2.4198 -0.418049 0.332048 -0.845565 171 145 111
3.382 -7.1251 2.7873 -0.00355916 -0.607718 -0.794145 140 139 90
2.583 -4.7766 2.9195 -0.557225 -0.0690487 -0.827486 133 144 76
3.9229 -5.0601 2.4154 -0.552629 -0.109556 -0.826195 138 139 110
-6.8909 -7.3319 1.1494 0.290857 -0.34713 -0.891573 132 155 101
-2.2503 2.7966 3.1458 0.817541 0.494706 0.294775 149 137 72
-1.9803 0.5605 3.2413 0.465684 -0.0308436 -0.884413 140 135 70
5.977 -2.8149 1.597 -0.349383 0.0679445 -0.934513 161 147 110
0.33165 5.8398 3.8518 -0.517583 -0.142736 -0.843643 144 124 70
5.6273 2.1039 1.6611 -0.434367 0.357269 -0.826852 168 145 102
-0.2193 -6.8104 3.9357 0.429945 0.166941 -0.887287 142 117 76
7.5411 5.2732 0.9205 -0.0881242 -0.13881 -0.98639 173 144 125
-2.5964 7.7786 2.9302 -0.12126 0.25454 -0.95943 154 129 73
2.3139 4.2214 3.0448 -0.196548 -0.211996 -0.957302 137 131 74
2.3237 -1.1749 3.087 -0.504107 -0.31496 -0.804162 147 131 82
-6.5367 3.6769 1.4227 0.565656 0.178793 -0.805026 173 159 104
-2.3515 7.2469 3.0726 0.710179 -0.233246 -0.66426 155 136 90
-6.1126 5.0514 1.4998 -0.140208 0.0805707 -0.986838 173 148 103
-6.896 2.4038 1.281 0.0447577 0.212432 -0.97615 161 143 116
-3.5669 -1.0728 2.6058 0.360563 0.0926092 -0.928126 159 150 95
-5.2722 -2.3068 1.9244 -0 -0 -1 153 134 104
0.8922 -1.6922 3.6603 -0.257723 0.109206 -0.960028 152 126 44
-4.791 -7.2919 2.1226 0.341523 0.223509 -0.912911 152 141 81
5.5986 -0.5868 1.7 -0.969268 0.20676 -0.133301 149 150 113
-5.2373 -6.4412 1.93 0.455559 0.432944 -0.777834 160 159 103
-7.2499 1.2122 1.0157 0.141758 -0.171025 -0.975015 184 150 101
-3.7658 7.3413 2.4985 -0.0793159 -0.16755 -0.982668 153 144 99
-4.9976 0.104 1.9965 0.219962 -0.0638678 -0.973415 163 145 96
2.7298 -2.8948 2.8865 -0.489094 -0.220183 -0.843983 157 147 68
-6.1486 -2.2807 1.5684 0.457212 -0.218568 -0.862082 165 137 92
4.74 -2.1903 2.0944 -0.53251 0.228402 -0.815025 172 134 91
-1.3025 5.8086 3.5536 0.589672 0.232338 -0.773503 145 115 89
-3.6005 1.5842 2.5492 0.205895 -0.0692215 -0.976123 147 145 103
1.765 4.9661 3.2399 -0.599423 0.152247 -0.78582 166 133 95
-5.5802 -4.9578 1.8493 0.140427 0.345513 -0.927848 168 135 84
7.6624 6.6268 0.9502 -0.543249 0.322505 -0.775159 153 137 116
2.515 5.1041 2.963 0.743941 -0.5899 -0.313959 152 137 75
-4.6139 -7.9393 2.185 0.287884 0.402637 -0.868911 157 140 98
-7.1933 4.0084 1.1243 -0.0316805 -0.254896 -0.966449 164 145 90
-2.3511 -6.1062 2.9946 -0.451695 0.0318791 -0.891603 144 145 68
0.0807 -6.5784 3.925 -0.947173 0.238361 -0.214587 147 127 65
4.6293 3.7846 2.1747 -0.338663 0.29296 -0.894138 142 146 101
-1.7791 7.5232 3.4355 0.770132 0.484889 0.414463 137 125 71
3.011 -1.6853 2.6722 -0.527942 -0.815267 -0.237944 136 130 93
-0.1027 7.4482 3.9041 0.555606 -0.256743 -0.790812 146 110 78
6.2637 1.4256 1.4236 -0.886843 -0.258494 -0.383002 155 137 116
4.1493 -6.3319 2.3625 -0.845573 0.0862379 -0.526848 164 130 101
-2.7766 5.9091 2.9626 0.322568 -0.567012 -0.757923 163 149 79
3.1348 -5.6975 2.7923 -0.441478 -0.185314 -0.877927 131 155 100
-1.7889 -4.1384 3.3828 0.764703 0.180056 -0.618716 158 144 88
1.9965 7.9684 3.203 -0 -0 -1 137 120 86
3.3358 5.0587 2.5588 0.371698 -0.808982 -0.455399 158 125 112
-7.8091 5.7208 0.8759 0.904309 0.189885 0.38232 178 146 107
-0.2041 7.8191 3.8733 -0.223804 -0.29759 -0.92809 148 141 77
-3.5011 6.8265 2.6021 0.303909 0.0430939 -0.951726 139 126 84
-3.057 -6.2625 2.7388 0.470174 -0.0853103 -0.878441 168 130 80
7.8315 4.0334 0.8738 -0.503454 0.367573 -0.781936 171 150 94
4.2102 -0.164 2.3836 -0.533452 -0.132751 -0.835348 154 148 82
-1.3444 1.8192 3.3422 -0.0473163 -0.216473 -0.975141 143 147 68
3.9668 -6.9244 2.3761 -0.108616 0.713367 -0.692323 143 123 98
6.9485 -5.2197 1.1758 -0.566199 -0.318491 -0.760252 167 149 100
2.3445 5.8544 2.99 -0.611437 -0.0831044 -0.786917 152 140 95
-7.8449 -0.0218 0.8094 0.797105 0.00147439 -0.60384 170 163 117
-4.1066 2.3677 2.2596 0.0719574 0.808827 -0.583628 164 138 85
-7.9936 -1.6127 0.815 0.987582 0.0972865 -0.123357 158 150 133
-3.9767 -7.3289 2.3355 -0.0723155 0.216211 -0.973665 158 136 93
-1.549 4.7509 3.3673 0.220299 0.209664 -0.952633 148 136 72
-7.3811 2.0712 1.0745 -0.860286 -0.0296878 -0.508947 177 127 120
3.3891 5.256 2.6662 -0.42974 -0.131189 -0.893372 155 144 99
-7.3375 -7.6962 1.0336 0.153183 -0.254273 -0.954924 179 143 121
0.9177 -4.8221 3.6059 0.112789 -0.136595 -0.984185 148 137 83
3.9626 -0.7081 2.4062 -0.446798 -0.792173 -0.415733 159 142 99
-6.1695 2.706 1.5096 0.615359 0.213369 -0.758819 160 149 111
1.9491 -3.9194 3.232 -0.170577 -0.00283249 -0.98534 158 135 78
3.6465 7.361 2.5816 -0.625342 -0.0400321 -0.779323 155 120 93
-2.3153 -4.8265 3.1072 0.632553 -0.287884 -0.719027 156 134 63
4.5131 4.9528 2.212 -0.0774798 0.232582 -0.969486 194 159 94
5.1987 -6.193 1.9282 -0.417275 -0.241299 -0.87616 151 137 91
6.5576 -6.3824 1.3244 -0.357049 0.0558422 -0.932415 178 144 106
-5.7293 -1.1313 1.614 -0.865721 -0.499334 -0.0345256 150 154 112
-5.5535 5.0338 1.8089 0.522949 0.0884581 -0.847761 152 142 99
4.46725 -0.7441 2.30365 -0.434194 0.138393 -0.890125 145 141 98
-0.7579 0.804 3.6622 0.115454 0.0715078 -0.990736 147 132 90
3.7725 -0.189 2.5439 -0.379553 -0.0118985 -0.925093 155 133 99
4.9475 -0.1398 1.9271 -0.224023 0.14819 -0.963252 190 163 99
5.7704 0.8166 1.7396 -0.442032 0.157131 -0.883129 151 145 118
6.7561 -3.8955 1.2731 -0.190804 -0.897355 -0.397928 172 140 94
-4.7014 -5.7128 2.1114 0.34924 0.177489 -0.92007 166 126 115
-5.8927 -5.5673 1.6595 0.899528 -0.12872 -0.417468 163 147 99
-4.3999 -6.5953 2.2506 0.476493 0.211441 -0.853374 160 147 79
-5.6609 -6.7901 1.6774 0.758742 0.407709 -0.508019 161 159 101
1.4684 -3.2813 3.4604 -0.56883 0.12062 -0.813562 155 135 64
3.4467 -0.551 2.622 -0.487944 -0.225103 -0.84335 149 129 91
7.0525 -5.6883 1.2342 -0.300328 0.398381 -0.866658 170 154 124
3.5618 6.1358 2.6443 0.211908 -0.275555 -0.937638 165 156 104
6.2633 5.0909 1.4276 -0.686258 0.54285 -0.48411 175 154 94
-3.3021 -4.5165 2.7299 0.995406 -0.0468187 -0.0835125 142 135 75
-4.0624 -1.0201 2.3496 0.081826 -0.356243 -0.930804 160 139 98
0.86 -0.4149 3.6245 -0.282901 -0.133744 -0.949779 137 119 85
-0.0334 2.0584 3.9728 0.83731 0.253262 -0.48453 146 145 65
1.668 -5.0211 3.2592 -0.464083 -0.265863 -0.844952 146 128 90
-3.0469 -5.2955 2.7572 0.275617 -0.159057 -0.948017 156 133 86
6.3161 -1.214 1.5087 -0.151818 -0.351357 -0.923851 165 160 95
2.926 -7.3443 2.853 -0.0855648 -0.297958 -0.950736 153 142 90
4.4173 0.4233 2.2486 0.0121278 0.149532 -0.988682 156 142 91
-1.1021 -2.6998 3.4867 0.258296 -0.0251205 -0.965739 152 135 72
-3.5865 5.3278 2.6229 0.472316 0.635425 -0.610862 171 139 89
5.0972 4.068 1.976 -0.389409 0.0932261 -0.916335 136 150 98
-7.6473 -4.2342 1.0044 0.0991551 -0.156302 -0.98272 161 148 113
-7.3558 1.5205 0.9622 -0.810645 0.35483 -0.465779 181 155 111
-1.6979 7.8582 3.3081 -0 -0 -1 142 135 87
-0.5463 -2.2067 3.7473 0.702335 -0.207539 -0.68092 146 114 88
0.9504 -3.3931 3.6231 -0.0285661 0.338683 -0.940467 147 139 61
-3.976 -7.6625 2.3864 0.433671 0.2509 -0.865436 155 151 107
0.7684 -5.8156 3.6871 -0.520489 -0.259845 -0.813371 130 105 72
5.0814 5.1693 1.9977 -0.227435 -0.801647 -0.552843 149 144 109
6.4463 7.0067 1.437 -0.0872936 0.389869 -0.916724 171 152 129
1.79835 7.9019 3.2358 -0.681666 0.0871736 -0.726452 157 142 95
0.9831 1.3254 3.6378 -0.757136 -0.611697 -0.229286 150 146 80
-7.3086 0.8186 1.0996 0.965988 0.11497 -0.231623 164 163 112
0.0349 3.265 3.964 -0.475454 -0.0455241 -0.878562 151 124 79
1.5829 -1.7179 3.3413 -0.169316 0.024534 -0.985256 133 138 79
7.3853 -7.1626 1.0761 -0.22832 -0.176809 -0.957397 160 141 120
1.5501 0.435 3.4358 -0.914171 0.386237 0.12293 163 124 76
7.5956 -0.8602 0.9564 0.422109 -0.636096 -0.645915 177 145 122
-5.1929 5.9623 1.8676 0.410275 -0.455907 -0.789824 152 134 86
-5.822 2.6207 1.685 0.0876049 0.0552757 -0.994621 186 145 104
5.374 -5.5897 1.8358 -0.430829 -0.0360917 -0.901712 176 145 97
3.2116 -6.572 2.7856 -0.264034 0.351445 -0.898205 152 137 97
3.9139 -6.9646 2.4695 -0.0256559 0.0551569 -0.998148 154 129 98
-0.2171 -4.732 3.9852 0.59488 -0.248108 -0.764566 142 138 70
4.5042 2.7331 2.215 -0.0145478 -0.324579 -0.945747 161 163 99
7.7327 4.6616 0.9498 -0.404798 -0.0858499 -0.910367 152 143 126
-5.6934 -5.0375 1.5977 0.986607 -0.159359 0.0347937 138 150 103
5.7152 7.6504 1.6961 0.0857832 -0.060448 -0.994478 163 145 123
6.6982 -4.6879 1.3308 -0.638515 -0.567956 -0.51935 161 144 102
-3.9987 -4.6479 2.394 0.397465 -0.0406478 -0.916717 134 132 101
3.7477 0.5266 2.5054 -0.468659 -0.107538 -0.876809 161 132 91
6.7081 0.5594 1.3006 -0.50551 -0.119655 -0.854484 165 134 123
-2.2015 -0.7839 3.1685 0.69675 -0.129862 -0.705461 151 138 75
-4.2431 3.5882 2.3224 0.325522 0.240821 -0.914353 155 137 87
-3.0964 1.6089 2.7324 0.330836 0.0606958 -0.941734 164 148 99
-5.4925 -1.3367 1.8846 0.258772 0.0273832 -0.96555 146 149 105
2.2285 4.9785 3.1149 -0.430392 -0.231618 -0.872419 158 146 84
-7.1859 3.4057 1.1401 -0.401864 0.314314 -0.860065 178 142 115
7.6994 6.1802 0.8811 -0.72427 0.115862 -0.679713 177 151 124
1.1125 -2.4542 3.6037 -0.0344838 0.484935 -0.87387 137 128 78
-4.0679 3.2038 2.3489 0.30271 -0.0628016 -0.951011 171 137 97
3.6277 3.2767 2.605 -0.448992 -0.00918813 -0.893489 132 138 106
4.5523 2.1774 2.2659 -0.164082 0.983791 0.0723384 171 149 110
0.8226 -7.2606 3.5814 -0.271237 -0.12157 -0.954804 158 131 77
-6.5853 -6.4017 1.3076 0.2653 0.12347 -0.956228 143 160 106
2.4197 -1.3249 3.0856 -0.581478 0.178535 -0.793731 126 147 78
-3.6313 2.308 2.5671 0.51717 -0.321617 -0.793156 160 122 105
-7.4787 3.0027 0.9181 0.356146 0.52574 -0.772501 171 166 103
3.1946 1.8033 2.838 -0.812442 -0.442522 -0.379622 153 131 76
-0.2718 6.9491 3.8117 0.691213 -0.346142 -0.634359 156 135 65
-6.6427 1.0263 1.295 0.533754 0.0358884 -0.844878 176 145 112
1.5838 6.3604 3.3121 0.25344 0.364239 -0.896158 142 127 88
-3.111 -4.8384 2.771 0.247395 -0.0136122 -0.968819 147 137 93
-1.3555 -6.1052 3.5183 0.3898 -0.175592 -0.904004 145 136 70
5.6538 -0.9193 1.7078 -0.538978 0.338543 -0.771292 159 133 115
0.2275 0.6011 4.0171 -0.54876 0.411273 -0.727816 160 122 83
1.9497 -2.131 3.1269 -0.307909 0.0600425 -0.949519 132 129 92
1.7592 -5.508 3.3712 -0.260999 -0.269518 -0.926952 142 129 94
5.8969 -4.5352 1.641 -0.346182 -0.146495 -0.926659 139 149 110
-0.9086 0.8937 3.7288 -0.171635 0.110521 -0.978942 147 140 66
1.7081 -4.2022 3.3006 -0.442397 -0.0631239 -0.894595 150 134 92
-5.8986 4.6909 1.6628 0.504715 -0.292447 -0.812243 180 141 110
-1.0105 1.1794 3.6316 0.261219 0.241124 -0.934678 138 113 62
-2.364 -2.1321 3.1025 0.388772 0.567642 -0.725698 158 146 69
4.1833 -3.7061 2.3234 -0.527389 -0.0415608 -0.848607 158 173 92
-7.3899 -0.3644 1.0502 0.459436 0.25327 -0.851336 164 166 113
6.2972 4.6864 1.551 -0 -0 -1 165 134 115
5.7144 1.2521 1.6959 -0.292416 0.0519972 -0.954876 167 154 97
-0.591 -2.6763 3.7271 0.482316 0.302337 -0.82217 148 120 68
4.4862 0.9574 2.2281 -0.525355 0.558913 -0.641575 159 140 98
-7.9434 -1.4833 0.7762 0.822058 -0.564508 -0.0745107 179 163 119
-3.285 -7.8466 2.7515 -0.0738489 0.329894 -0.941125 133 142 95
-5.3716 -0.7107 1.7555 0.0577241 0.135255 -0.989128 157 146 114
4.3266 6.2387 2.2745 -0.394782 -0.0874856 -0.9146 168 153 104
-5.643 -4.2333 1.7636 0.424837 -0.0409518 -0.904343 177 140 93
2.566 7.1519 3.0195 -0.20023 0.0126707 -0.979667 139 125 97
-2.4912 6.2403 3.0391 0.554737 0.368553 -0.745946 152 134 87
-7.7224 -3.5907 0.9522 0.496616 -0.274735 -0.823343 168 147 105
-4.3011 -6.5463 2.2964 0.455677 0.172321 -0.873306 147 121 96
3.8055 1.9674 2.394 -0.647739 0.232278 -0.725591 163 131 88
-2.0938 3.1998 3.253 0.635443 0.736122 -0.233102 163 128 80
-4.8198 5.2419 2.1114 -0.0824517 0.0489635 -0.995392 160 133 107
-2.892 -5.2086 2.7971 0.380684 -0.0519912 -0.923242 159 127 70
5.0584 -0.9942 2.0093 -0.434277 0.0964407 -0.895602 140 144 104
-5.134 -7.7468 2.0186 0.296651 0.649439 -0.700162 180 137 102
5.9325 3.5245 1.678 -0.762062 0.100584 -0.639644 153 151 106
2.4879 7.2023 3.0306 -0.229605 -0.295629 -0.9273 157 130 69
-0.9943 -4.1162 3.5684 -0.0863957 -0.330072 -0.939994 146 121 76
7.165 -3.4887 1.0758 -0.480746 0.172826 -0.85966 174 141 102
-7.16705 -1.30475 1.14515 0.278732 0.00956101 -0.960321 165 154 115
-2.5241 -2.1923 3.0019 0.433096 0.402361 -0.806556 141 151 85
3.0998 -6.2589 2.7076 -0.855282 -0.2183 -0.469933 152 153 88
1.4488 -5.805 3.3522 0.025248 -0.217988 -0.975625 142 146 93
3.2183 3.3492 2.7122 -0.0767594 0.0879692 -0.993161 167 148 79
-1.0042 6.5456 3.5698 0.689684 -0.170041 -0.703862 130 137 77
-6.5356 3.2536 1.3846 0.464917 -0.177112 -0.867458 170 144 117
-6.3081 4.1588 1.45 0.368352 -0.437003 -0.820576 156 150 103
4.1631 3.6519 2.2962 -0.400421 -0.201588 -0.893882 154 155 86
2.0757 -7.6861 3.227 -0.565277 0.00373108 -0.824892 136 135 68
1.3109 -3.1126 3.4627 -0.462674 0.078961 -0.883005 169 138 80
5.8907 -3.3795 1.5466 0.447633 -0.293544 -0.844664 174 150 115
1.0728 6.20575 3.6494 -0.414577 -0.10644 -0.903768 133 113 84
-6.146 5.8681 1.5079 0.37505 -0.312149 -0.872869 171 151 101
5.7022 1.7789 1.7457 -0.953984 0.102776 -0.281695 162 122 113
3.4381 -2.8703 2.6217 -0.0605213 0.377877 -0.923876 162 139 82
2.6645 -3.3068 2.9264 -0.522549 -0.188004 -0.831623 143 144 92
-7.0905 5.0956 1.1067 -0.33696 0.00132982 -0.941518 161 153 130
-3.6998 -1.0771 2.475 0.320795 -0.437051 -0.840284 164 137 107
-1.929 -7.4559 3.313 -0.532138 0.277906 -0.799748 147 128 102
1.3983 -5.2407 3.3907 -0.389462 0.116703 -0.913619 139 132 75
-4.6087 2.9939 2.1021 0.0660461 0.58479 -0.808491 151 146 95
-6.7078 4.0592 1.2315 0.916823 -0.252978 0.308929 177 154 111
2.8774 -6.5219 2.8895 -0.130987 -0.00115295 -0.991383 145 126 83
-6.7918 1.1324 1.3262 0.479868 0.357912 -0.801015 172 139 107
6.2915 5.2414 1.5423 -0.717892 0.277009 -0.638668 144 155 102
-0.644 -3.4152 3.7203 0.239825 -0.504755 -0.829281 148 134 97
1.05395 0.30325 3.5274 -0.446397 -0.0762325 -0.891582 141 136 88
1.8008 -7.2131 3.218 -0.50563 0.0358763 -0.862004 150 145 92
1.1794 0.5703 3.4714 -0.00216638 0.335308 -0.942106 145 132 55
-5.9138 -5.4457 1.6412 0.95716 0.010442 -0.28937 172 156 83
3.1081 -3.7118 2.7807 -0.422416 0.279103 -0.862361 129 152 88
1.0024 4.485 3.6065 -0.517401 -0.187662 -0.834912 162 138 78
0.3996 7.8881 3.8466 0.0475898 0.442104 -0.8957 140 131 55
2.9769 -4.4236 2.9127 -0.881339 -0.214269 -0.421107 146 131 81
-3.6727 -1.5932 2.5956 0.553997 -0.390062 -0.735486 157 131 79
5.9894 5.1396 1.5266 -0.378309 0.148864 -0.913631 172 140 114
-4.2915 -1.6403 2.1782 0.0105027 -0.895044 -0.445854 155 133 87
5.9785 5.1136 1.657 -0.314619 0.218427 -0.923745 170 165 94
3.7499 -3.6444 2.5379 -0.694279 0.174056 -0.698342 152 137 82
-1.5117 5.5237 3.4028 0.0109075 -0.774093 -0.632978 150 147 89
-4.3776 4.7623 2.2241 0.284765 -0.0302794 -0.958119 159 146 104
-6.6652 5.415 1.2349 -0.377025 0.459841 -0.803989 162 142 104
4.9338 4.9208 2.0789 0.0345566 0.110853 -0.993236 159 146 117
6.508 -3.1047 1.3416 -0.649993 -0.181845 -0.737863 187 166 125
-3.7648 4.6411 2.5784 -0.30666 -0.200047 -0.930559 152 147 86
3.2912 1.9102 2.6099 -0.165007 0.0034187 -0.986287 169 135 105
1.3774 3.6953 3.4003 0.87676 -0.0816453 -0.473947 131 131 70
-3.6573 -0.0371 2.531 0.361484 -0.19521 -0.911714 151 137 106
1.2765 -5.2145 3.5316 -0.692268 -0.591792 -0.412974 150 116 85
7.1505 5.316 1.1565 0.270475 0.106697 -0.956796 162 146 117
7.9387 6.3828 0.8728 -0.250933 -0.0497959 -0.966723 181 158 108
1.5622 1.4192 3.4187 -0.119275 -0.217009 -0.968855 136 125 65
0.0236 -1.3863 4.0129 -0.194443 -0.0362614 -0.980243 128 132 69
4.9864 7.8702 1.9364 -0.265427 0.471072 -0.841213 134 149 102
1.6686 6.2244 3.4626 -0.929371 0.364476 -0.0585412 140 132 71
-0.1412 -6.8562 3.9503 0.317784 -0.646684 -0.693407 138 122 68
5.0995 3.9398 2.0054 -0.450236 0.135074 -0.882634 161 149 89
-6.2001 5.8251 1.5636 -0.757771 0.191997 -0.623635 164 129 98
-1.2218 -1.4797 3.5344 0.263709 -0.113779 -0.957868 121 123 61
-0.6133 6.5511 3.694 0.133774 0.413665 -0.900547 135 141 61
-5.1586 6.308 1.9429 0.0748447 -0.910536 -0.406599 142 138 91
-2.8947 -2.0351 2.8957 0.130102 -0.197782 -0.971574 169 141 86
-0.5663 5.5565 3.8172 -0.160937 0.229803 -0.959838 137 130 99
-2.8564 5.599 2.8148 0.302851 0.124698 -0.944845 164 125 73
-6.9557 4.7027 1.1807 0.923131 -0.33693 -0.185225 159 140 112
-1.6206 -4.6138 3.4352 -0 -0 -1 146 115 73
-0.253 3.8118 3.8929 0.589324 0.344576 -0.730729 150 129 64
1.7186 0.9678 3.3313 -0.621499 -0.295269 -0.725641 157 142 74
-7.2429 -6.9933 1.1099 0.323852 0.0498075 -0.944796 177 155 108
-0.1609 1.7606 3.9175 0.580093 -0.194363 -0.791022 132 130 75
-3.0964 1.3273 2.7086 0.436811 -0.328251 -0.837525 161 139 79
-5.2057 1.3997 1.9335 0.819515 -0.0314265 -0.572195 155 125 81
2.1547 2.8386 3.184 -0.489361 -0.278659 -0.826363 169 139 82
-4.4793 -0.7342 2.2749 0.88497 0.205414 -0.417892 158 122 83
-6.4843 -7.2211 1.497 -0.250294 -0.840551 -0.480444 162 150 104
3.1361 4.8353 2.8361 -0 -0 -1 143 134 66
-6.4339 -0.8996 1.3863 -0.0253748 -0.19087 -0.981287 187 146 110
-3.9496 -6.7864 2.3319 0.317817 -0.0239681 -0.947849 150 143 89
6.9163 -1.7737 1.3114 -0.509769 0.462283 -0.725555 177 150 114
-5.5662 0.1782 1.7984 0.388815 -0.20421 -0.898399 167 142 107
-5.895 4.0771 1.556 -0.361576 -0.331202 -0.871532 165 145 108
5.8108 6.3798 1.6667 -0.350055 -0.175033 -0.920231 167 145 96
-0.5715 -4.9262 3.8768 0.746363 -0.0982736 -0.658243 149 132 70
3.1278 -1.4123 2.6881 -0.468003 -0.102421 -0.877771 150 144 73
-4.3389 -4.803 2.2858 0.569017 -0.119357 -0.813617 168 116 97
-7.6655 3.4453 0.9462 0.564275 -0.225025 -0.794329 156 164 109
5.6806 -7.2403 1.7679 0.208854 -0.203198 -0.956604 174 164 116
-5.7081 -7.5 1.7405 0.38674 0.163093 -0.907652 157 138 103
0.9521 3.5149 3.5435 -0.473601 -0.70089 -0.533343 161 103 87
-2.8664 -3.2838 2.846 0.680728 0.456777 -0.572682 145 140 83
-3.5406 -2.1076 2.6325 0.154067 -0.0799672 -0.984819 159 140 88
-6.9704 -5.5736 1.2575 0.689755 -0.0247558 -0.723619 164 154 135
-6.5522 6.9169 1.4163 -0.0423689 0.223694 -0.973738 166 159 109
5.9486 -3.3697 1.6102 0.447633 -0.293544 -0.844664 164 158 105
-5.9659 -2.8518 1.547 0.0180103 0.936797 -0.349411 161 170 113
-5.3795 -7.9373 1.8531 0.101994 -0.273359 -0.956489 156 146 105
0.1744 -5.6198 3.986 -0.666217 -0.156872 -0.729072 143 133 62
-5.5121 -7.1425 1.6994 -0.390106 -0.68065 -0.620107 156 160 116
6.5289 -2.679 1.3876 -0.522287 -0.241285 -0.817923 181 143 97
-4.8457 1.6126 2.0469 0.587111 0.0889929 -0.8046 151 143 93
-0.4669 1.9895 3.8156 0.431219 0.267259 -0.861756 144 137 75
-7.39845 0.49915 0.9973 0.335994 -0.134224 -0.932251 164 158 111
-7.3083 6.7109 1.1182 0.489101 0.0937887 -0.86717 165 165 124
7.8835 -5.0264 0.8922 -0.234083 0.102349 -0.966814 164 152 125
5.46 -4.734 1.8072 -0.91296 -0.403295 -0.0621063 152 154 114
-1.8646 -0.2624 3.1993 0.358124 0.164581 -0.919054 152 151 81
-0.479 -7.7371 3.837 0.329289 0.0460907 -0.943104 139 133 81
-5.3294 -7.7569 1.7849 0.256828 0.0355771 -0.965802 153 163 113
-4.1622 -0.381 2.281 0.469068 0.394047 -0.790381 160 147 101
-2.72 -0.3048 2.9425 0.236575 -0.227106 -0.944698 169 141 63
0.7758 -0.2609 3.6259 -0.407796 0.204078 -0.889974 150 125 80
-4.1306 -4.229 2.3653 0.218596 0.216611 -0.95147 154 139 90
6.9174 6.6668 1.2805 -0.325697 0.164553 -0.931044 168 148 119
-2.8237 0.5122 2.8697 0.524194 -0.0829452 -0.84755 154 137 84
-4.0984 -3.3275 2.3217 -0.880803 -0.378467 -0.284516 149 137 82
0.7731 -5.4744 3.6702 -0.298771 -0.325257 -0.897187 141 106 74
5.0854 0.644 1.9463 -0.360072 -0.136435 -0.922894 140 130 100
4.9968 -3.613 2.0274 0.420712 -0.733432 -0.533928 168 136 104
-5.7981 1.4534 1.658 0.458576 0.294082 -0.838584 156 152 104
5.9132 -3.7055 1.6131 -0.0568307 0.273498 -0.960192 148 137 107
4.9521 -3.1342 2.0478 -0 -0 -1 157 136 113
4.2938 -6.0486 2.2587 -0.752743 -0.102414 -0.6503 156 144 94
-2.2895 -7.0544 3.0767 0.659401 0.428086 -0.618007 152 162 88
-6.9959 3.3668 1.2157 0.232598 -0.127619 -0.964164 172 131 111
2.29125 2.99515 3.09535 -0.331289 -0.0853595 -0.93966 164 123 78
1.3627 -5.6895 3.5028 -0.478281 -0.290967 -0.828605 157 137 63
6.8092 0.3565 1.26 -0.411085 0.119694 -0.903705 176 151 103
-5.69845 0.4524 1.789 0.293692 0.570953 -0.766654 172 146 98
-2.6557 7.6841 2.89515 -0.0694169 0.118183 -0.990562 150 142 77
-5.7968 6.8838 1.6265 0.767587 0.00153436 -0.640943 152 153 106
-2.1223 -4.0203 3.141 0.416235 0.135192 -0.89915 146 148 79
3.5505 5.8678 2.5349 -0.491954 0.137657 -0.85967 171 134 83
-7.0681 4.3663 1.1505 0.0708538 0.360055 -0.930237 168 138 112
4.0879 -5.5864 2.4365 -0.685299 0.52511 -0.504604 190 140 84
-2.429 -0.1064 2.9796 0.125956 -0.477379 -0.869623 141 123 80
-2.311 -6.7042 3.0749 0.379532 0.485023 -0.78785 139 125 97
2.8382 3.0952 2.8646 -0.482721 -0.186969 -0.855583 159 138 88
1.1409 7.6736 3.5523 -0.938183 -0.0805595 -0.336635 146 136 70
-5.6256 4.8074 1.7019 0.592153 0.0809131 -0.801753 168 141 111
-4.0097 -5.3743 2.383 -0.00695239 -0.26487 -0.964259 169 130 96
-2.3518 -4.9688 3.1351 0.734415 0.0826177 -0.673653 138 133 93
4.8138 -6.3277 2.1343 -0.496035 0.103894 -0.862064 154 155 88
-4.2245 2.7953 2.2842 0.292697 -0.0459396 -0.955101 156 149 94
6.3091 -1.1048 1.5033 -0.416994 -0.00755947 -0.908878 202 152 92
4.0442 1.349 2.3694 0.00745212 0.024954 -0.999661 153 134 89
0.9771 -0.854 3.5663 -0.553506 -0.0373202 -0.832008 155 138 84
3.4766 -1.9934 2.5774 -0.608642 -0.428698 -0.667663 169 138 82
1.0639 6.3018 3.5844 -0.339019 -0.123119 -0.932688 141 127 84
-3.5005 0.6515 2.5652 0.543398 -0.219432 -0.810289 150 144 98
-3.1643 -3.0203 2.7658 0.397483 0.182015 -0.899376 163 125 98
1.4049 -1.6661 3.3489 -0.246204 0.0611501 -0.967287 137 141 73
1.4818 -4.5132 3.3283 -0.266802 -0.203026 -0.942124 146 136 72
-5.8905 1.8162 1.6861 0.62231 0.750039 -0.223989 158 134 117
7.3938 2.3717 1.0435 -0 -0 -1 163 153 124
6.7178 -0.1574 1.2865 -0.221159 -0.153276 -0.963117 158 124 112
-3.9275 -4.0843 2.4587 0.55372 0.0399622 -0.831744 148 128 91
0.5995 7.3466 3.688 -0.399665 0.54279 -0.738679 159 130 67
-1.5815 -0.5921 3.4133 0.445579 -0.0367762 -0.894487 143 133 75
-0.8387 -3.0884 3.6805 -0.0317106 0.0205464 -0.999286 135 139 65
-5.4882 4.1592 1.8284 0.449929 0.00953999 -0.893013 150 142 84
-3.6305 5.2666 2.5258 0.0471147 0.53182 -0.845546 163 128 99
-5.3382 -0.4566 1.8644 0.130299 0.196055 -0.971897 148 167 97
3.5305 -0.6948 2.5107 -0.733863 0.281537 -0.618208 164 137 99
-5.312 5.4281 1.8838 0.128371 0.17203 -0.976692 165 135 103
-5.4841 6.3974 1.818 0.261015 0.0407385 -0.964475 157 162 110
-5.9583 2.6533 1.584 0.0425997 0.214874 -0.975712 161 146 123
0.9669 6.819 3.6358 -0.299227 -0.183838 -0.936305 151 122 89
5.8265 0.3364 1.5665 -0.632997 0.757008 -0.162028 182 145 98
7.6211 5.907 1.0397 -0.0288078 0.188841 -0.981585 166 151 134
6.3977 -0.9253 1.4358 -0.460853 0.644724 -0.609873 151 141 114
-6.6983 4.1404 1.2698 -0.445431 0.657075 -0.608148 178 158 115
-4.9802 -2.4964 2.0887 0.529469 -0.280405 -0.800647 167 150 100
4.1696 1.9559 2.3882 -0.0619258 -0.195979 -0.978651 159 139 102
7.2868 -4.7592 1.0421 -0.454059 0.0656649 -0.888549 168 158 107
1.5239 5.7593 3.3546 -0.816686 0.247307 -0.521405 135 134 76
-3.0844 -0.626 2.7053 -0.057834 -0.47578 -0.877661 160 125 86
5.3409 4.5669 1.8846 -0.260578 0.154335 -0.953037 156 143 94
0.2963 7.6888 3.8753 -0.650958 -0.0638021 -0.756428 145 123 62
2.2021 4.4222 3.1299 -0.499404 0.113486 -0.858905 136 149 82
-4.9463 3.7966 1.9563 -0 -0 -1 167 157 90
3.2248 4.8409 2.6184 -0.0325584 0.176241 -0.983808 159 152 79
-4.0349 6.6588 2.3588 0.399323 -0.0149615 -0.916688 160 133 97
0.6775 -0.6261 3.658 -0.37796 -0.0762231 -0.922679 144 129 68
7.6198 1.4421 1.0116 -0.181557 0.780576 -0.598112 184 159 108
6.0465 -3.0727 1.5255 -0.0895889 0.336157 -0.937535 169 137 82
-4.4539 -6.5978 2.1861 0.561361 -0.000918951 -0.82757 162 137 92
-1.6096 1.3868 3.3569 0.00815844 0.832563 -0.553871 120 131 69
-4.1916 6.5916 2.3211 0.214498 -0.444517 -0.86971 154 136 99
-2.6857 1.5985 2.9279 0.362902 0.369833 -0.855293 153 144 84
6.3332 1.061 1.4212 -0.725398 0.596844 -0.342892 171 146 102
-1.1368 5.5043 3.6019 0.172579 0.939111 -0.29713 146 120 73
-2.2602 7.5384 3.1561 0.458382 0.117244 -0.880988 145 140 77
-1.2902 2.1291 3.4618 0.213599 -0.214474 -0.953088 135 132 76
-1.4337 0.8298 3.3595 0.347534 -0.128559 -0.928812 127 117 96
2.1141 -6.2137 3.1706 -0.504634 0.359061 -0.785124 145 139 79
-7.3647 1.2875 1.0472 0.10551 -0.108392 -0.988493 169 169 130
4.887 -0.9275 2.067 -0.355913 -0.0520062 -0.933071 153 152 95
-1.8166 -3.1524 3.3244 0.633886 0.771987 0.0471724 142 143 77
5.3276 2.7391 1.8319 -0.140987 0.199285 -0.969746 164 133 105
6.0096 3.1667 1.6368 -0.981986 0.146245 -0.119645 150 141 108
-0.1046 6.7576 3.9631 -0.124806 -0.210296 -0.969639 141 121 62
-0.4744 7.8729 3.7733 -0.21823 0.970801 -0.0996055 137 133 68
-3.5859 -4.6599 2.5314 0.405013 -0.273364 -0.872489 152 151 84
1.9334 -3.126 3.2086 -0.40564 -0.0921335 -0.909377 147 140 70
7.234 2.202 1.1045 0.757625 0.160347 -0.632688 179 152 102
1.43 5.2738 3.3706 -0.474053 -0.117148 -0.872669 144 158 102
-4.5839 -7.9763 2.2128 0.0577824 0.295407 -0.953623 164 141 92
-7.049 -7.2682 1.165 0.522531 0.703987 0.481003 175 158 94
0.2335 -7.4236 3.8639 -0.100227 0.216154 -0.971201 149 128 62
0.9964 -0.4891 3.6095 -0.171687 -0.12158 -0.977621 139 143 68
-3.5068 0.8113 2.4681 0.60239 -0.339176 -0.722555 159 134 97
1.8536 -1.4192 3.3426 -0.912099 -0.329607 -0.243791 144 129 82
-5.5502 -5.6702 1.8659 -0.0594404 0.556937 -0.828425 175 157 111
-0.4183 1.0414 3.8097 0.685322 0.196774 -0.701151 127 127 74
5.2692 4.706 1.9259 0.712013 0.564039 -0.418208 164 150 101
-3.1431 7.3612 2.6688 0.137271 -0.243643 -0.960101 112 135 108
3.3004 -5.8674 2.6738 -0.690682 0.181662 -0.699969 164 139 84
-5.8846 -5.5811 1.5978 0.899528 -0.12872 -0.417468 165 146 119
6.9778 -2.1391 1.263 -0.258351 -0.146274 -0.954913 171 156 120
-2.4117 -2.1025 3.1325 0.51903 0.493572 -0.69785 161 145 91
2.8718 -2.4136 2.7849 0.0869507 -0.490942 -0.866843 150 139 89
7.8105 3.044 0.8885 -0.410227 0.14182 -0.900889 187 155 123
3.7052 -3.1554 2.6004 -0.358879 -0.208928 -0.9097 160 143 94
4.9137 -2.0769 2.0313 -0.524811 0.299196 -0.796904 139 156 99
-1.3453 1.9853 3.5467 0.94419 -0.227765 -0.237967 147 124 77
5.1339 -6.0592 1.9353 -0.373449 -0.0130332 -0.927559 151 140 92
3.4796 -1.1598 2.5877 0.377509 0.275561 -0.884055 150 158 89
-5.744 -0.1422 1.6633 0.425278 0.271441 -0.863399 168 147 114
-5.6746 -0.7154 1.7849 0.662943 -0.248227 -0.706322 170 153 118
-4.4705 0.7474 2.2318 0.000497124 0.317041 -0.948412 147 139 101
-1.5786 -3.3409 3.3293 0.320435 0.129554 -0.93837 148 138 64
-0.7138 -7.1565 3.7214 0.636816 0.0123944 -0.770916 139 142 65
4.1189 7.0637 2.3934 -0.314106 0.107047 -0.943334 136 125 97
6.4154 2.557 1.4758 -0.363344 0.083901 -0.927869 143 147 100
-4.2711 -0.8088 2.3581 0.058029 -0.0366787 -0.997641 166 140 87
-0.5546 -1.9664 3.8091 0.53525 0.0368435 -0.84389 147 130 83
4.959 5.4079 2.0724 -0.707838 -0.342036 -0.618043 173 129 96
5.9395 4.8117 1.5922 -0.659952 -0.437717 -0.610629 165 141 116
3.8084 -6.0673 2.4583 -0.577353 -0.289012 -0.763633 147 147 86
1.359 -5.6316 3.4223 -0.408706 -0.138204 -0.902141 150 129 73
-1.9811 -1.7926 3.2473 0.11799 0.0609972 -0.99114 152 149 79
-3.3518 6.854 2.6242 0.176427 -0.19022 -0.965759 158 115 86
-5.8553 -0.0553 1.6999 0.627654 0.474122 -0.617461 154 141 103
3.1368 -4.8008 2.6687 -0.151538 0.435782 -0.887204 154 125 94
0.9463 -4.6489 3.6095 0.112789 -0.136595 -0.984185 151 126 77
-5.0966 2.3099 2.0485 0.549774 -0.157232 -0.820382 180 159 86
-5.628 -5.8711 1.7558 0.175146 -0.28522 -0.942323 165 157 76
-7.2086 -3.4535 1.1144 0.69989 0.065217 -0.711267 178 157 111
-6.2552 -3.653 1.5109 -0.490179 0.0398466 -0.87071 178 154 105
-7.1248 7.1742 1.0513 -0.720619 -0.0639324 -0.690377 167 165 120
-4.0398 -2.7192 2.3469 0.409093 -0.0237385 -0.912184 158 148 98
-1.9223 1.8614 3.2043 -0.251433 -0.885229 -0.391345 157 144 76
0.9505 -1.7564 3.585 -0.397576 0.322781 -0.858921 125 132 67
-7.8606 4.2311 0.8192 0.483924 -0.0858847 -0.870886 174 150 125
-2.8733 7.5213 2.8355 0.263233 0.68122 -0.683116 157 129 81
-1.6055 6.4781 3.3529 0.438847 0.0887973 -0.894164 132 132 79
1.2088 -3.4201 3.5988 -0.442976 0.156616 -0.882748 160 126 83
0.0545 -3.1679 4.0561 -0.102881 0.343008 -0.933682 140 127 59
7.249 -5.7144 1.0973 -0.271531 -0.398037 -0.876263 162 149 120
6.8126 -5.3849 1.2883 -0.125625 -0.0186837 -0.991902 167 139 117
5.7998 -3.0806 1.667 -0.589534 0.355898 -0.725112 168 151 100
-6.4226 -5.9905 1.4098 0.211339 -0.0434736 -0.976446 160 143 107
6.7652 5.5012 1.2143 -0.305006 0.2176 -0.927158 167 158 114
-7.0447 5.4936 1.1963 0.467837 0.315428 -0.825611 179 139 130
-6.6121 2.1684 1.3538 0.308171 -0.0583961 -0.949537 170 156 100
3.9476 -6.1919 2.4864 0.105422 0.14482 -0.983826 141 141 86
-2.4684 -3.6709 3.0656 -0.542307 -0.58737 -0.600749 143 135 69
3.4365 -2.0663 2.6562 -0.0375797 -0.0270474 -0.998928 163 128 75
-3.1243 2.2253 2.7737 0.516644 -0.56605 -0.642391 159 143 85
7.2552 -2.4782 1.0436 0.389966 0.117965 -0.913242 169 173 98
-5.1911 -7.9983 1.8685 -0.00319626 -0.254047 -0.967187 169 161 106
-2.8522 -1.0625 2.7956 0.451083 -0.15953 -0.878108 171 122 97
1.7589 2.4194 3.3387 -0.824185 0.039633 -0.564932 142 134 77
0.2855 7.0693 3.8816 -0.539524 -0.0664797 -0.839341 149 124 92
-5.0718 3.0341 2.008 0.360553 -0.455131 -0.814161 171 127 86
4.8157 -1.7974 2.1153 -0 -0 -1 177 140 94
4.2663 6.0475 2.2824 -0.191167 0.137141 -0.97193 155 132 74
-1.8156 0.438 3.3325 0.118312 0.444328 -0.888017 155 125 93
-0.4316 0.9019 3.7228 0.299863 0.107465 -0.94791 122 141 54
5.7578 -1.7554 1.6991 -0.369085 0.0320805 -0.928842 163 142 95
4.5512 -0.2533 2.1502 0.0323948 0.0203301 -0.999268 134 150 113
4.1437 0.1988 2.2953 -0.264173 0.19178 -0.945216 166 145 90
-0.855 2.9761 3.7182 0.593645 0.371366 -0.713914 135 112 58
-3.3533 -1.5483 2.6129 0.354876 -0.01052 -0.934854 167 156 102
-4.707 3.248 2.0339 0.0897475 -0.223794 -0.970496 173 158 87
-6.4072 3.5642 1.484 0.440519 0.166577 -0.882154 158 153 112
0.1973 -1.0643 3.9282 -0.691313 -0.0876421 -0.71722 137 143 70
-7.1131 -3.7676 1.0586 0.230191 -0.842003 -0.487896 182 143 117
-3.6402 -1.2662 2.555 0.674753 0.13955 -0.72473 156 110 85
-5.2938 -4.603 1.812 0.773316 0.16428 -0.612367 165 134 95
5.2447 4.0165 1.9092 -0.408416 0.113094 -0.905763 155 147 107
2.5894 3.2264 2.9671 -0.390257 -0.148369 -0.908673 156 145 70
2.3284 6.3732 3.0816 -0.787272 0.31765 -0.52849 146 138 100
-1.1799 3.4833 3.5799 0.551132 0.580613 -0.599284 143 145 63
4.0186 6.8612 2.4348 -0.501486 -0.237747 -0.831859 161 143 91
-2.6454 5.9716 2.9118 0.292756 -0.868996 -0.398924 158 132 95
-3.4604 6.9648 2.6063 -0.0318452 -0.13972 -0.989679 152 129 88
-2.3453 2.1038 2.9602 -0.683083 0.72606 0.0789607 149 139 64
-1.5205 -5.4329 3.4204 -0.351127 -0.912286 -0.210817 143 127 89
2.758 5.3666 2.8873 -0.343989 0.239344 -0.907957 160 132 84
7.2372 -1.6854 1.0927 -0.420642 -0.0705836 -0.904477 170 153 123
-5.9694 -4.8787 1.6819 0.430482 0.268201 -0.861832 164 150 115
-7.7695 -4.8736 0.9457 0.857336 0.510849 -0.0633206 152 153 125
4.7242 1.5265 2.0321 -0.788616 -0.321676 -0.524032 158 145 101
-1.8728 -3.7661 3.249 0.429902 0.897337 -0.099857 154 162 83
-0.1008 -3.2035 3.9367 0.273422 0.217136 -0.937066 122 125 68
6.3944 -4.9479 1.4051 -0.466181 0.122211 -0.876208 158 132 115
5.3868 -5.7115 1.8787 -0.46697 -0.0177347 -0.884095 165 151 116
-7.0878 -6.4372 1.1427 0.216454 0.0903131 -0.972107 183 141 125
-0.2752 -6.2171 3.9431 0.0711817 0.106029 -0.991812 145 135 64
6.5151 2.7628 1.2884 -0.1906 -0.17121 -0.966622 153 156 108
-4.1218 -5.9328 2.3772 -0.0358897 0.260013 -0.964938 149 160 101
0.9761 7.2941 3.6278 0.220377 0.171936 -0.960142 168 142 95
6.7239 -4.4159 1.3403 -0.330507 -0.148849 -0.931992 174 156 125
-2.0907 0.499 3.1867 0.248082 -0.488609 -0.836491 133 134 69
-1.5545 -5.4228 3.2745 0.115802 -0.88317 -0.454534 158 122 81
-5.1035 -0.0277 1.9636 0.126818 -0.168393 -0.977528 178 136 104
6.6833 2.1244 1.2952 -0.77546 -0.611427 0.157539 174 132 117
-5.221 0.7509 1.9432 0.290007 -0.208822 -0.933964 167 133 114
5.9585 -3.1775 1.5265 -0.146972 0.303232 -0.941514 158 134 112
-4.0493 -3.4889 2.372 0.433885 0.172625 -0.884276 157 143 91
-0.6016 6.5984 3.7504 0.523887 0.115869 -0.84387 148 124 78
3.7978 -4.7708 2.5054 -0.253867 0.149346 -0.95564 150 148 104
-2.0433 7.2738 3.2681 0.541657 0.424695 -0.725425 145 128 74
7.7224 4.1057 0.9307 0.0335041 -0.0410872 -0.998594 161 147 116
7.48 6.0088 1.0049 -0.172229 0.0283858 -0.984648 181 136 132
-0.3738 -3.1062 3.7655 0.723664 -0.205738 -0.658773 139 135 62
1.7494 -0.1377 3.2443 0.193095 0.652193 -0.733048 142 159 86
-2.3568 -5.9303 3.0281 0.0817988 0.274459 -0.958113 154 123 100
-5.81 6.0373 1.707 -0.0296594 -0.179462 -0.983318 165 136 92
5.6857 2.1082 1.7476 -0.296633 0.191814 -0.93553 142 146 137
-1.033 -2.7414 3.5848 0.415192 -0.282987 -0.8646 153 131 88
4.4475 3.7933 2.2305 -0.315757 0.253937 -0.914228 155 146 88
3.1009 1.213 2.79565 0.451525 0.503867 -0.736371 166 138 96
-3.0136 4.6026 2.8129 0.239984 -0.00367495 -0.97077 147 129 99
-6.2363 -6.3744 1.528 0.342819 0.346986 -0.872969 171 160 119
1.8729 7.7862 3.2142 0.205985 -0.0386615 -0.977791 144 130 90
-7.8889 4.5407 0.7889 0.670261 0.227925 -0.706258 145 139 112
0.2127 -5.533 3.8579 -0.208055 -0.382428 -0.900256 123 114 70
4.0586 -2.6667 2.3276 0.27919 0.26171 -0.923883 171 134 99
2.6455 -2.7609 2.8963 -0.569593 -0.194273 -0.798638 148 152 81
4.8768 -7.3404 2.0217 -0.45023 -0.0921683 -0.888143 171 121 85
6.566 1.8991 1.3948 -0.286416 -0.065639 -0.955854 163 148 105
-0.973 1.9121 3.6277 0.917033 0.064216 -0.393606 142 142 75
-1.3479 -5.0422 3.3958 0.717158 -0.0064654 -0.696881 170 132 87
-7.7861 -4.7413 0.9462 0.755458 -0.260164 -0.601331 178 160 135
-4.1398 1.7005 2.2735 0.649993 -0.0194176 -0.759692 148 141 91
6.9622 6.0295 1.1788 -0.58301 0.0242768 -0.812103 155 163 114
-6.9973 -5.9238 1.1788 0.472359 -0.0267542 -0.881 169 150 108
-3.4258 -2.3957 2.6834 0.882736 -0.323014 0.341233 159 137 81
-0.99205 7.2568 3.5997 0.401591 0.00648008 -0.915796 136 126 70
0.1744 -2.4727 3.927 -0.135039 0.186344 -0.97316 143 125 60
-3.8374 3.8209 2.444 0.251819 -0.383882 -0.888381 154 142 94
0.0461 -4.0131 4.0352 0.442533 0.798655 -0.407817 142 126 56
5.0573 3.7562 1.9692 -0.255544 0.217447 -0.942026 150 140 93
-2.5611 0.2913 2.9513 0.546377 -0.0508481 -0.835995 150 148 91
5.0905 5.7746 1.8752 0.39673 0.254625 -0.881913 158 167 120
-4.184 4.5949 2.2726 0.297277 -0.290753 -0.909444 152 145 100
5.954 6.9643 1.5726 -0.176833 -0.169944 -0.969458 147 147 108
-3.8442 -5.3886 2.3897 0.605554 -0.116853 -0.787178 151 138 104
3.6859 -5.781 2.5866 0.216037 0.150166 -0.964768 147 146 87
0.3655 0.755 3.809 -0.750128 0.643944 -0.150481 143 140 74
-3.8119 7.5124 2.4818 0.340781 0.0652089 -0.937879 134 140 100
0.1551 -7.0048 3.9004 -0.190102 0.428045 -0.883538 134 128 51
-6.3758 -2.2842 1.458 0.638324 -0.192533 -0.745301 185 163 120
-1.5715 0.054 3.384 0.170782 0.028749 -0.984889 141 127 75
3.9177 -7.5858 2.4337 -0.374666 0.324347 -0.868576 142 142 93
-0.4608 5.0661 3.8647 0.236604 -0.317028 -0.918429 136 115 72
-1.2834 1.6827 3.5227 0.352367 0.268054 -0.896652 139 142 77
4.2189 1.1314 2.3009 -0.196105 -0.0471967 -0.979447 163 137 107
-1.3049 5.0743 3.4801 0.254933 0.299407 -0.919437 141 128 62
-5.3036 -6.3496 1.8558 0.65678 0.0824386 -0.749563 168 133 98
-1.7417 -0.3984 3.2848 0.524073 0.137289 -0.840535 138 125 78
3.0119 -6.0851 2.8031 -0.341855 -0.0543224 -0.938182 148 144 85
2.0946 -2.0584 3.1023 0.199539 -0.0258341 -0.979549 164 132 82
-1.2291 -5.3311 3.4822 0.120959 -0.0993869 -0.98767 163 127 75
1.5158 -1.9545 3.4159 -0.212083 0.197731 -0.957039 138 123 69
-1.1923 -2.4755 3.6024 0.742947 0.0601319 -0.666644 135 125 66
5.6326 -2.7849 1.7634 -0.447024 0.419993 -0.789795 159 143 112
-1.9553 4.2108 3.2929 0.356743 0.0814356 -0.930646 138 134 78
-3.5105 6.0098 2.5972 -0.0824027 0.393033 -0.915825 145 143 82
-3.8603 -0.9777 2.4688 0.490075 0.1242 -0.862787 147 157 85
2.4439 -4.9489 3.0559 0.0717797 -0.644731 -0.761032 145 148 79
5.6967 6.9166 1.6886 -0.353163 -0.247943 -0.902109 167 137 107
2.5926 0.6974 2.9792 -0.750496 0.108799 -0.651858 152 143 76
0.1193 4.5303 3.9298 -0.694583 0.538834 -0.476668 138 133 91
-6.1576 4.1784 1.6226 0.35574 0.0724516 -0.931772 176 157 108
-5.5734 -3.8764 1.7228 0.377532 0.146939 -0.914264 154 136 105
5.0776 -0.9538 1.9824 -0.388133 0.258089 -0.884728 162 122 98
-2.1907 7.4085 3.1037 0.206558 0.332294 -0.920279 148 145 89
2.5005 7.3283 2.9894 -0.702718 -0.157528 -0.69381 141 121 87
1.2476 -1.2551 3.504 -0.558183 -0.237879 -0.794887 146 151 69
6.715 6.4543 1.3557 -0.204 -0.00645587 -0.97895 155 157 112
-1.8174 -5.8331 3.1975 0.018903 -0.0780644 -0.996769 149 129 82
-3.6123 -5.6626 2.6015 0.136107 0.901674 -0.410437 173 133 110
1.7534 7.5583 3.3065 -0.494815 -0.0442099 -0.867873 149 137 74
-3.9174 -3.3208 2.4242 0.291787 -0.0808234 -0.953062 158 135 101
-4.3073 -7.2614 2.2662 0.347019 -0.0893593 -0.933591 153 148 94
-1.7839 -0.4473 3.2488 0.326954 0.0171066 -0.944886 159 138 90
5.6026 -7.4697 1.7906 -0.467292 -0.205284 -0.85994 155 145 115
4.1988 -4.6457 2.3038 -0.705721 0.686808 -0.17393 158 140 103
4.8332 0.5673 2.0468 -0.37138 -0.302547 -0.877805 144 129 101
-0.1846 1.4407 3.9405 0.0308183 -0.235105 -0.971481 140 140 73
-6.7752 1.3489 1.3366 0.724439 -0.421266 -0.54564 169 153 110
1.7623 -3.8726 3.2299 -0.287696 0.467832 -0.835682 150 135 84
-3.4529 -5.6722 2.6773 0.169264 0.222767 -0.960065 140 145 90
5.7932 5.2467 1.6769 -0.420166 0.242655 -0.874402 181 149 102
5.4079 0.7488 1.9167 0.0980334 0.413482 -0.905219 149 148 102
6.5113 -6.9542 1.4487 -0.289263 -0.458632 -0.840228 144 171 91
-6.8558 -0.0521 1.2144 -0.135008 0.634088 -0.761384 174 149 122
3.8729 4.9996 2.4275 -0.393333 -0.478133 -0.785288 157 133 94
-3.0709 -1.7521 2.7601 0.500732 -0.188025 -0.844934 129 135 102
-6.3259 3.4767 1.4802 0.332766 0.393941 -0.856783 171 140 113
4.83 -4.3088 2.0283 -0.9494 0.31088 0.0446379 145 147 100
-3.4688 1.1438 2.555 0.898289 0.295797 0.324932 153 129 92
4.3201 0.6466 2.2855 -0.40541 0.442748 -0.79976 161 139 100
6.9414 -7.5992 1.2172 -0.488491 0.102133 -0.866571 160 176 112
-7.5451 -5.9383 1.0003 0.34767 0.0510596 -0.936226 165 142 109
1.4259 2.7803 3.3615 -0.0980259 -0.978405 -0.181975 163 123 76
2.483 -0.6551 3.0786 -0.984885 0.12803 -0.116665 174 141 78
-4.0205 1.5096 2.4799 0.401519 -0.041669 -0.914902 152 134 85
-3.3558 0.7476 2.6656 0.49824 0.232975 -0.835153 146 127 99
6.06 2.6697 1.5323 -0.29988 -0.120466 -0.94634 151 153 113
-4.1046 1.6153 2.31 0.56353 -0.20959 -0.799066 150 144 108
6.695 6.0284 1.3204 -0.475971 0.348686 -0.807384 158 138 112
-5.0473 -0.9888 2.0789 0.32185 0.15161 -0.934573 156 136 79
-2.9636 -5.3076 2.8505 0.321187 -0.13012 -0.938034 163 137 85
3.3347 -5.005 2.616 -0.706822 0.238049 -0.666135 140 144 84
2.0582 -2.935 3.239 -0.0519675 -0.159627 -0.985809 138 144 83
-6.7446 -7.2847 1.303 0.440927 0.110904 -0.890665 187 154 107
-6.8884 7.5269 1.282 0.232163 -0.90562 -0.354899 159 148 107
-3.2486 -6.1473 2.6683 0.692569 0.0684461 -0.718097 173 158 89
-7.7823 -0.4212 0.8445 0.606613 0.122154 -0.785557 171 149 120
-3.3361 7.7529 2.7305 0.0807594 0.290333 -0.953512 149 139 102
-7.1522 6.3617 1.1092 0.460996 0.394154 -0.795063 166 146 111
5.3695 -6.9458 1.7407 0.114522 0.557078 -0.822526 164 160 95
-6.5614 -4.3073 1.4251 0.552738 0.32339 -0.768049 161 140 112
-1.0895 -4.6882 3.5757 0.183486 0.0276105 -0.982634 144 117 79
1.3132 6.2699 3.5112 -0.286992 -0.21585 -0.933298 142 133 68
2.8184 7.9545 2.9098 -0.146579 0.555024 -0.818818 159 141 90
2.565 -4.4801 2.9398 0.108573 -0.4269 -0.897758 159 146 67
-4.2159 7.2939 2.3102 0.267594 0.0666571 -0.961223 169 138 103
-2.3137 -0.1916 3.0662 0.330516 -0.0275617 -0.943398 159 135 78
-3.132 -7.893 2.687 0.311212 0.295243 -0.903315 158 152 90
-5.0979 -5.5649 1.8712 0.434169 0.255545 -0.863825 163 127 103
0.3026 0.2664 3.8913 -0.489361 0.202344 -0.848282 142 121 88
7.6949 -3.4861 0.8933 -0.369279 0.111386 -0.922619 165 152 97
1.2842 -2.8899 3.5382 -0.507901 0.0403755 -0.860469 143 128 66
3.2668 5.1069 2.6671 -0.617938 0.286246 -0.732268 157 135 82
7.7894 0.5477 0.8562 -0.767772 0.466288 -0.439433 184 157 111
3.3988 6.9401 2.6499 -0.985951 -0.143128 -0.0861114 134 156 80
-3.8985 4.943 2.4951 -0.279677 -0.946441 0.161337 148 136 101
-7.8456 2.0705 0.8324 0.210086 -0.104 -0.972136 185 146 105
1.2577 -2.0292 3.4674 0.142769 0.445868 -0.88364 137 142 71
5.2011 4.9768 1.8844 -0.600959 0.287326 -0.74585 173 148 84
2.7841 7.1677 2.9314 -0.0566236 0.178153 -0.982372 150 142 105
7.7584 2.2468 0.9377 -0.0582223 0.294206 -0.953967 169 144 115
-0.4716 -1.012 3.7864 0.922236 -0.166256 0.349054 150 122 78
-7.9209 4.4803 0.7523 0.880967 -0.209707 -0.42417 176 146 108
6.4513 -4.8811 1.3346 -0.687147 -0.0455964 -0.725086 166 149 103
3.6664 0.5832 2.5569 -0.505178 -0.168942 -0.846318 145 159 81
7.1616 5.693 1.131 -0.526155 -0.0800108 -0.846617 160 152 114
3.748 -5.8438 2.5147 -0.549768 -0.0235949 -0.834984 163 139 93
-6.6635 0.3977 1.339 0.730475 -0.175847 -0.659912 154 137 117
0.1668 4.8096 3.9063 0.165955 0.440526 -0.882267 129 119 83
-7.55675 3.104 0.99065 0.465385 0.298821 -0.83314 157 145 114
-4.4387 -6.4343 2.297 0.393863 0.0778058 -0.91587 160 137 99
0.7676 -2.6396 3.6473 -0.404427 -0.272867 -0.872916 144 117 65
3.8438 -4.7816 2.5086 -0.137221 0.190341 -0.972081 140 137 98
-5.6704 6.6062 1.7618 0.752902 0.194296 -0.628799 169 139 106
5.4403 3.9079 1.8377 -0.410168 0.0420498 -0.91104 160 149 81
-2.2486 0.8364 2.9989 0.498193 -0.158592 -0.852439 150 155 82
6.0262 4.4234 1.5754 -0.399686 0.00966136 -0.916601 168 147 110
3.5575 0.096 2.6154 -0.220408 -0.175282 -0.959529 160 130 84
-1.7296 -6.0175 3.2611 0.239057 0.222836 -0.94509 133 133 76
2.4365 1.2924 2.9591 -0.139116 0.168237 -0.975881 155 146 82
4.4689 -5.6396 2.168 -0.576942 -0.329442 -0.7474 167 143 77
4.2398 7.3057 2.3484 -0.525534 0.255916 -0.81137 152 135 95
3.3277 3.4247 2.7299 -0.149192 0.179595 -0.972362 147 137 85
-3.7947 7.8804 2.4109 -0.316484 0.192089 -0.928945 159 136 92
5.4702 6.1662 1.7603 -0.0790267 0.292672 -0.952942 161 135 100
5.6588 -7.5923 1.7616 -0.307485 -0.141801 -0.940928 156 141 106
3.3706 -7.6243 2.6459 0.82241 -0.176808 -0.540723 162 140 96
-6.9597 3.8193 1.1637 0.481837 0.692998 -0.536271 158 157 100
-2.4868 -2.6747 3.0992 0.467087 0.0853508 -0.880082 155 123 84
-0.5922 0.7047 3.7319 0.312015 -0.328858 -0.891347 146 132 63
-3.6612 1.4517 2.5323 0.325901 0.152458 -0.93303 141 131 107
5.5002 4.1875 1.8155 -0.548221 0.144981 -0.823671 156 153 110
-0.9265 1.594 3.6102 0.291852 0.244181 -0.924769 151 131 72
2.56185 1.59995 2.99835 -0.752332 0.0327436 -0.65797 153 127 75
0.1496 -5.7647 3.9359 0.0328413 0.321573 -0.946315 134 123 64
-7.7136 -5.3903 0.8014 0.720205 0.681585 -0.12941 181 139 124
-6.9636 7.5414 1.0938 -0.0771907 0.982771 -0.167937 170 161 123
-7.8008 -6.3579 0.8767 0.123962 0.0019067 -0.992285 160 126 112
3.1133 -5.461 2.7509 -0.327392 -0.0723479 -0.942115 158 156 82
4.6389 -6.7701 2.0865 -0.407323 0.207689 -0.889356 155 129 116
5.6003 5.1455 1.6808 -0.0649103 0.230644 -0.970871 175 143 109
-4.2542 6.6883 2.2463 0.0618773 -0.247832 -0.966825 147 144 103
4.5604 -0.4561 2.0634 0.255164 0.806188 -0.533808 158 141 95
5.1615 2.7824 1.9121 -0.525215 0.0165432 -0.850809 166 142 96
3.3462 5.3713 2.6117 -0.598868 -0.0416865 -0.799762 151 141 96
1.6529 -4.5206 3.3014 -0.0371911 0.131164 -0.990663 153 141 83
0.0027 -3.6336 4.0464 -0.0414913 -0.0683396 -0.996799 130 133 69
2.8503 1.046 2.8012 -0.571792 -0.383428 -0.725284 164 132 85
2.75405 4.8388 2.90185 -0.258474 -0.125002 -0.957896 147 135 89
-5.8536 -3.1431 1.6614 -0.0664874 0.630672 -0.773196 163 150 130
-4.1452 0.4993 2.4274 0.731996 -0.140509 -0.666663 160 138 106
6.9224 -6.7639 1.1528 -0.266435 0.30281 -0.915051 174 158 126
6.8817 3.4229 1.2242 -0.277529 -0.332845 -0.901217 177 142 121
-4.0839 -1.3133 2.3473 0.289871 0.196666 -0.936642 162 146 113
6.4696 -5.0343 1.3756 -0.302493 0.0238669 -0.952853 158 165 107
5.3303 3.1704 1.8594 -0.113174 0.432662 -0.894425 170 155 93
-0.2954 3.9304 3.9412 0.829196 -0.118908 -0.546163 133 139 80
-1.586 1.9519 3.3923 0.714968 0.540303 -0.443727 171 157 72
4.7093 0.9583 2.1395 -0.278745 -0.0395416 -0.959551 158 136 104
3.3229 1.0505 2.7017 -0.489156 -0.0191679 -0.871986 148 147 77
2.2973 -1.6286 3.0601 -0.555857 -0.783807 0.276892 150 111 78
2.8408 -4.7928 2.8796 -0.392634 -0.0384822 -0.918889 152 124 87
0.2757 -3.8047 3.9657 -0.182826 -0.838935 -0.512604 126 119 82
-6.3133 5.1699 1.375 -0.927456 -0.232235 -0.293076 173 145 90
5.9603 0.8775 1.6407 -0.332372 -0.0086592 -0.943109 178 152 93
2.1862 -5.4506 3.1461 -0.22867 0.0358527 -0.972844 141 138 75
3.3664 -2.0111 2.6019 -0.227818 0.240197 -0.943612 162 147 101
-0.3018 1.3789 3.9514 -0.484043 0.0894518 -0.87046 124 120 77
3.5491 -5.5543 2.6131 0.156347 -0.579924 -0.799527 152 122 91
7.6742 -3.2164 0.941 -0.839354 -0.0495604 -0.541322 168 141 130
-1.9757 -5.8289 3.2195 0.44534 0.0148284 -0.895239 161 131 83
-2.652 3.2329 2.9306 -0.00428022 0.107695 -0.994175 151 148 101
5.9271 -3.0238 1.592 -0.392962 0.283168 -0.87487 143 145 124
-3.3069 1.9185 2.6775 0.399825 -0.238626 -0.884984 159 155 106
-7.6662 1.0393 1.0135 -0.0638313 -0.0812512 -0.994648 177 169 118
-7.2418 -2.4995 1.0577 -0.202536 -0.475708 -0.855968 146 133 106
-5.7024 0.3481 1.5714 0.833515 -0.521224 0.183242 164 155 111
-2.9823 3.3864 2.7855 0.242635 -0.210241 -0.947062 174 143 95
1.1437 3.695 3.4822 -0.326694 0.238141 -0.914637 140 121 86
-2.843 -1.5324 2.863 0.00174367 0.31013 -0.950692 146 151 96
-6.1123 7.6129 1.5447 0.296868 -0.0300961 -0.954444 147 158 117
4.2416 4.6829 2.2658 -0.195623 0.142226 -0.970311 171 130 85
5.5292 -4.545 1.7313 -0.299895 0.854639 -0.423858 158 143 109
-7.7098 -3.7804 1.0078 0.970556 0.0142611 -0.240452 173 136 100
-6.2139 -5.4233 1.4998 -0.175857 -0.0800992 -0.981152 176 147 144
-3.2706 -5.9035 2.7132 0.486766 0.515238 -0.705399 152 138 91
-5.772 0.5319 1.6619 -0.145427 -0.738754 -0.658099 161 132 106
6.2711 -4.9932 1.4326 -0.119176 -0.0629295 -0.990877 148 135 99
3.2874 6.2216 2.6929 -0.400954 -0.0165235 -0.915949 166 161 98
-4.621 2.1953 2.165 0.0255684 0.77053 -0.636891 139 140 88
-4.3041 -1.2712 2.2459 0.796304 0.425757 -0.429687 150 146 82
-4.7184 -3.2797 2.1095 -0 -0 -1 154 134 108
-6.5179 5.9693 1.5197 -0.0506212 -0.0453395 -0.997688 162 148 93
0.3072 5.4388 3.7517 -0.644882 -0.72358 -0.246089 140 138 59
-6.786 -3.2707 1.271 0.563981 -0.0655972 -0.823178 177 155 110
-1.8345 -3.5345 3.4133 -0 -0 -1 155 112 88
5.8134 0.9778 1.7063 -0.319246 0.478132 -0.818213 146 157 102
-5.1542 0.0782 1.9896 -0.0654044 0.0150597 -0.997745 146 124 89
-2.4466 3.643 3.0214 0.538622 -0.0895977 -0.83777 157 122 79
-4.1839 -5.0348 2.3581 0.437578 -0.101226 -0.893464 163 129 93
6.5782 -7.8245 1.4649 -0.763314 -0.583459 -0.277357 150 163 117
6.5401 -5.2468 1.3987 -0.011584 0.0435481 -0.998984 155 156 98
4.8382 7.1777 2.0096 -0.594006 0.441409 -0.672544 151 151 87
-2.044 2.6505 3.183 0.446215 0.0917752 -0.890207 165 144 66
-5.9062 5.2373 1.6254 0.721169 0.0634964 -0.689843 164 163 115
-3.335 6.6839 2.6353 0.232101 -0.128049 -0.964226 152 136 94
-0.0978 -6.0065 4.0434 0.813609 0.0900408 -0.574398 150 142 63
5.943 -2.2869 1.624 -0.449495 0.130094 -0.883759 176 140 99
5.3913 3.2698 1.9289 -0.152861 0.627848 -0.763178 173 152 86
1.3192 -7.6975 3.4366 -0.678491 -0.209559 -0.704084 137 133 64
-2.0455 6.0671 3.2312 0.539005 0.199512 -0.818333 136 146 88
7.5965 2.84335 0.99125 -0.2731 0.247595 -0.929577 182 144 130
2.6678 -6.5878 2.9204 -0.52464 0.0604944 -0.849172 157 122 98
-2.7432 5.6856 2.9155 0.642659 -0.259165 -0.720988 152 127 85
-0.7137 6.3467 3.694 0.110065 0.306545 -0.945471 147 114 79
-1.4692 -0.0141 3.4186 0.433999 -0.223501 -0.87275 155 152 81
-0.7624 0.7583 3.678 0.379759 -0.0696776 -0.922458 163 126 68
5.0679 4.7548 2.0112 -0.374082 0.850005 -0.370884 166 148 90
-5.7855 2.6368 1.5789 0.256941 -0.352712 -0.899764 169 147 100
-2.5585 -5.2341 2.9965 0.638328 0.121758 -0.760074 168 134 79
7.2635 7.9006 1.0265 0.263174 -0.631754 -0.729127 166 178 113
-6.6861 -3.3819 1.3835 0.200671 0.112744 -0.97315 151 157 116
3.2383 6.4845 2.7846 -0.013133 0.0420088 -0.999031 169 140 75
1.4547 0.6917 3.3752 0.726944 0.683476 0.0664279 148 139 79
-6.2324 5.4127 1.5089 -0.955355 0.235058 -0.17901 157 142 119
7.4026 -7.7988 1.0255 -0 -0 -1 168 163 109
6.0883 -4.1669 1.5667 -0.320307 0.196516 -0.926706 155 160 93
4.2563 3.2655 2.2945 -0.471026 0.168714 -0.865835 157 151 103
0.7 3.583 3.7412 0.22812 -0.9026 -0.365069 125 124 60
-5.2046 7.7052 1.9506 0.820333 0.571848 -0.00657305 178 159 116
-5.5816 1.9596 1.7101 0.294024 0.204673 -0.933627 158 151 95
0.3292 -4.7284 3.8646 0.602058 0.325398 -0.729138 145 127 67
-2.7676 -7.1566 2.8083 0.469155 -0.233493 -0.851689 148 149 106
7.0487 5.0283 1.2722 -0.301836 0.777146 -0.552213 157 153 104
4.6259 -1.5829 2.1793 0.855562 -0.124492 -0.502509 175 161 87
1.6845 4.503 3.3028 -0.334676 -0.166533 -0.927501 143 132 81
-0.361 2.0282 3.9175 -0.206745 -0.11377 -0.971758 149 122 76
3.8178 4.298 2.4502 -0.452221 -0.779115 -0.434137 172 136 87
7.608 -6.4019 0.9179 0.217265 0.598815 -0.770854 199 134 132
-2.3763 5.1176 3.1057 0.667683 -0.250638 -0.700985 147 126 83
-7.7008 -0.9782 0.9041 0.62596 -0.028261 -0.779343 166 141 108
-0.8213 6.7611 3.5922 0.376555 0.188167 -0.907083 143 128 96
2.252 4.0256 3.1455 -0.314761 0.328378 -0.890558 156 134 72
-3.8703 -7.1685 2.4466 0.144446 0.0894089 -0.985465 160 145 85
-4.2137 0.2801 2.3274 0.681637 0.272288 -0.67914 149 159 90
-0.6467 -6.2678 3.7213 0.674301 0.0533427 -0.736527 141 139 67
7.5513 3.8628 0.9636 -0.21278 0.0286039 -0.976681 165 148 110
-5.3456 5.6224 1.9094 0.448081 0.229033 -0.864157 171 125 85
-4.3824 0.9996 2.1926 0.429978 -0.0422501 -0.90185 150 158 117
6.4839 6.7164 1.323 -0.550319 -0.180546 -0.815201 170 145 119
3.421 -3.2799 2.656 -0.51194 -0.038127 -0.858175 164 126 91
3.9454 4.2026 2.5275 0.459512 0.762318 -0.455763 162 134 87
-7.4987 0.4658 1.027 -0.250778 -0.0769007 -0.964985 165 151 120
-3.1775 -2.6482 2.8521 0.082378 -0.33291 -0.939353 157 136 103
-5.1154 3.1193 2.0196 0.0679748 -0.305896 -0.949635 176 143 79
4.3913 -5.4072 2.2818 -0 -0 -1 148 129 87
3.2332 -5.9389 2.7388 -0.196137 -0.192141 -0.961567 148 146 78
-1.051 -5.2418 3.5868 0.63841 0.497678 -0.587154 146 147 76
-7.10195 5.0109 1.13105 -0.118765 -0.189985 -0.974577 171 147 116
4.56235 5.30165 2.15225 -0.317665 0.0155233 -0.948076 158 149 101
-3.0886 -0.933 2.7601 0.157088 -0.0503536 -0.9863 149 130 74
-5.0686 -2.9082 1.9876 0.547193 -0.266752 -0.793362 152 136 96
-4.6383 5.1769 2.2213 -0 -0 -1 147 156 81
6.0697 2.2023 1.5387 0.0375819 -0.00905696 -0.999253 152 137 104
5.5153 -0.1832 1.8177 -0.517706 -0.50114 -0.693426 173 168 106
-2.8466 -7.5128 2.8174 0.37743 -0.103897 -0.920191 143 140 92
-6.7075 -7.0206 1.2982 0.377878 0.053945 -0.924282 178 161 112
6.3293 3.6544 1.5191 -0.726717 -0.334756 -0.59985 178 147 109
2.0894 -3.1637 3.2141 -0.0440008 0.569211 -0.821013 155 132 82
-5.2613 -2.6039 1.8312 0.470839 -0.879032 0.074915 149 144 99
4.2205 -3.8057 2.2509 -0.828831 0.0297147 -0.55871 152 136 93
7.1123 4.7889 1.2033 -0.336176 -0.243494 -0.909778 166 152 108
-1.5696 -0.9182 3.4097 0.250689 0.126942 -0.959709 159 141 66
-4.6984 -5.1533 2.1816 0.313117 0.0524107 -0.948267 157 149 87
6.6435 -2.5676 1.3166 -0.444796 0.119439 -0.887632 165 151 117
2.0394 -3.8432 3.2238 -0.528442 -0.13105 -0.838794 159 147 81
4.9716 -1.6317 2.0365 -0.638749 -0.113805 -0.760953 153 152 102
2.4758 0.8932 2.9704 -0.640252 -0.147447 -0.753881 141 144 91
-6.7625 5.938 1.2572 0.195521 -0.474703 -0.858154 195 167 116
0.2777 -5.0704 3.9232 -0.103213 -0.287369 -0.952243 131 118 61
3.8889 4.2028 2.3383 0.513555 0.835405 -0.195858 146 136 95
-5.7775 1.0393 1.6745 0.190288 0.301508 -0.934282 181 131 99
2.2129 -6.8373 3.0895 -0.442023 0.272452 -0.854626 135 133 85
-0.5926 4.6869 3.8045 0.625596 0.0177704 -0.779945 159 127 73
-5.2237 5.6681 1.9412 0.180399 0.22473 -0.957576 165 142 79
4.2507 -3.4669 2.3124 0.350853 0.35259 -0.867515 181 141 88
-6.2108 -2.6396 1.5326 0.508434 -0.0922676 -0.856143 161 152 94
4.5372 -6.9226 2.1574 -0.661595 -0.120838 -0.740061 136 149 95
3.8868 1.2145 2.5029 0.0917871 -0.0219843 -0.995536 168 147 93
-2.3254 5.8445 2.9927 0.251674 0.367171 -0.895458 156 145 83
-5.7411 6.4121 1.71345 0.149389 -0.0769574 -0.985779 167 141 116
3.4114 0.7239 2.5936 -0.620812 0.154005 -0.768684 161 121 99
-0.8373 4.806 3.6331 0.912627 0.20239 -0.355177 155 124 87
-3.1987 1.3184 2.7471 -0.378389 0.635596 -0.672933 157 133 89
-2.9725 0.5091 2.7662 0.207885 0.126114 -0.969989 150 125 99
1.6492 -2.91135 3.2878 -0.757421 0.197708 -0.622274 159 138 78
-1.9324 -0.8443 3.246 0.464423 0.802962 -0.373581 146 144 69
3.7242 1.0534 2.5257 -0.386546 -0.304394 -0.87059 150 121 89
5.1096 -3.8376 1.97575 -0 -0 -1 161 151 110
-5.0152 -4.0439 1.9943 0.694458 -0.175296 -0.697853 154 136 92
1.2781 2.7469 3.5632 -0.649236 0.156444 -0.744324 143 113 86
5.6892 2.4851 1.7378 -0.558432 0.0655507 -0.826957 164 147 113
0.2163 -1.5091 3.9252 -0.0395346 -0.472621 -0.880378 149 119 77
-6.3397 -1.1919 1.5203 0.324304 -0.900565 -0.289498 178 136 110
-6.0217 4.1094 1.5917 -0.380455 -0.453629 -0.8059 179 163 121
-3.2514 -3.7375 2.6876 0.295008 0.142858 -0.944755 147 121 93
0.0079 6.5232 4.0141 -0.182975 -0.100951 -0.977921 145 141 71
2.0747 6.2137 3.1555 -0.434334 -0.08317 -0.896904 137 116 71
-7.0172 6.2281 1.2507 0.545061 -0.0138599 -0.838282 194 145 100
7.3678 5.5253 1.0889 -0.543138 -0.0308587 -0.839076 161 145 107
-2.2532 1.7355 3.1197 0.42603 0.268458 -0.863961 161 143 75
-4.999 6.21915 2.03405 -0.079873 -0.209424 -0.974557 156 131 95
3.2664 6.4136 2.7343 -0.215247 0.0792536 -0.973338 160 127 105
-6.9928 -7.5392 1.1761 0.464231 0.131624 -0.875879 189 149 119
-3.2869 -0.418 2.7167 -0.420629 -0.516906 -0.745573 142 144 93
3.6188 -7.2927 2.5235 -0.768739 -0.232012 -0.595995 175 137 87
1.3154 7.2618 3.5312 -0.76747 0.016832 -0.640864 137 121 70
-4.5656 1.281 2.2665 -0 -0 -1 165 148 93
5.5833 5.3457 1.7365 -0.209349 0.145963 -0.966886 177 148 105
3.372 0.4678 2.6139 -0.521879 -0.513101 0.681447 169 130 97
4.8374 0.8426 1.9774 -0.427974 0.21048 -0.878941 163 148 93
3.7677 6.2164 2.4096 -0.630053 0.206498 -0.748593 157 114 82
2.2427 7.5288 3.1009 -0.266725 -0.399169 -0.877224 132 142 83
3.5872 -1.6154 2.5085 -0.00262093 -0.499096 -0.866543 144 139 109
1.2881 -1.8128 3.5318 -0.822185 0.382296 -0.421737 140 110 59
-0.3803 7.0968 3.9185 0.310081 0.0947937 -0.945973 148 133 83
-6.8998 4.8364 1.2492 0.869548 -0.49332 0.0228412 168 149 102
6.6479 5.4272 1.3505 -0.551183 -0.12761 -0.824568 175 164 99
-2.9405 2.6659 2.8413 0.277641 -0.720375 -0.635591 152 144 73
-4.8634 -4.7452 2.0088 0.656487 -0.0796807 -0.750118 156 164 108
-2.8875 1.307 2.833 0.0266701 0.0652575 -0.997512 139 145 99
-5.589 0.3902 1.6685 0.747505 0.295233 -0.595041 165 159 120
-3.763 -4.7307 2.5807 0.46486 -0.122352 -0.87689 167 122 88
-1.7237 -7.6319 3.3831 0.916352 -0.30672 0.257336 149 142 83
0.3078 7.1985 3.8577 -0.134442 -0.471193 -0.871724 138 117 89
4.0497 1.1655 2.3443 -0.448692 -0.0286871 -0.893226 172 141 101
-0.0452 4.3992 3.9643 -0.833958 -0.244962 -0.494477 137 116 61
2.3215 2.3698 3.0615 -0.549138 -0.116645 -0.827552 157 142 93
1.6996 -1.3125 3.2691 -0.549476 0.237916 -0.80092 144 125 86
-0.4787 0.0545 3.7848 -0.217923 0.812843 -0.540182 132 125 59
3.5367 1.6015 2.5085 -0.280947 -0.111544 -0.953219 138 145 81
7.1936 5.5443 1.15 -0.374407 -0.0336249 -0.926655 176 156 113
-3.7279 -4.5699 2.4548 0.339687 -0.0348291 -0.939894 146 144 105
-0.3171 -3.0306 3.8875 0.256296 0.0121533 -0.966522 147 123 71
-5.7197 5.3867 1.6213 0.889884 0.383368 0.247257 173 164 113
-3.033 -7.90335 2.7626 0.509397 0.127418 -0.851046 153 148 87
-5.7974 6.6491 1.6272 0.584524 0.0934445 -0.805978 168 150 111
2.605 7.0135 2.9459 -0.161608 0.232366 -0.959109 145 135 95
-3.0113 -6.5295 2.7562 0.3421 0.280038 -0.896965 130 123 78
-5.9733 -0.2331 1.6102 0.190294 -0.21567 -0.957745 165 140 104
-6.6739 -4.0573 1.3779 0.556254 0.324179 -0.765173 157 148 85
5.588 -0.1703 1.7541 -0 -0 -1 157 154 114
-6.8905 3.0384 1.1942 0.665742 0.0419924 -0.744999 147 145 114
-1.8942 5.3622 3.2919 0.3224 -0.1156 -0.939519 145 148 69
1.5232 5.236 3.4568 -0.467863 -0.178022 -0.865686 136 130 53
2.7951 0.7514 2.8309 -0.0335237 0.225823 -0.973591 153 147 95
-4.4191 -2.6652 2.2224 0.310678 0.311316 -0.898088 153 156 109
-6.8201 -6.6445 1.2094 0.267973 -0.164679 -0.949248 171 162 125
-6.645 -1.2012 1.2961 0.262532 -0.299867 -0.917146 159 139 113
2.2912 0.5731 3.1254 -0.619825 0.0111737 -0.78466 146 128 98
1.981 1.6694 3.2035 -0.26405 0.343499 -0.901269 152 136 64
-6.1567 2.3918 1.5557 0.474281 0.0524017 -0.878813 159 138 79
5.377 -5.1986 1.8383 -0.27428 -0.0341765 -0.961042 170 147 108
-5.2678 -2.0571 1.9145 0.237364 -0.262096 -0.935395 167 158 95
5.5791 -0.5975 1.6601 -0.950703 0.0790528 -0.299857 164 144 111
-4.6696 6.7104 2.1251 -0.0121052 0.0183667 -0.999758 156 134 95
3.2518 -5.4004 2.6735 -0.602474 0.627198 -0.493607 166 161 90
2.0204 -0.446 3.272 -0.192415 -0.546282 -0.815201 139 130 87
-6.1232 -5.2404 1.4646 0.0190659 0.288453 -0.957304 154 139 121
0.2815 3.9164 3.8733 -0.514986 -0.0468682 -0.855916 114 152 67
5.4154 6.7337 1.7345 0.150779 0.092659 -0.984215 151 160 110
1.5252 2.2618 3.3085 -0.770283 -0.192223 0.608041 146 120 81
-6.2354 5.5354 1.5647 -0.955355 0.235058 -0.17901 163 157 111
-2.7263 -1.9168 2.8996 0.46784 -0.106214 -0.877408 152 125 93
7.472 -2.4422 0.995 0.353946 -0.0885088 -0.931068 164 146 97
1.5314 6.8878 3.329 -0.567197 0.192848 -0.800686 137 136 78
1.55515 -3.0502 3.42195 -0.238752 0.519277 -0.820579 144 135 78
-3.7961 7.1639 2.4968 0.260703 -0.061743 -0.963443 158 139 100
0.6238 4.1304 3.6831 0.38611 0.230562 -0.893174 148 135 86
7.4682 -2.0349 1.0125 -0.423873 -0.139802 -0.894867 164 158 128
0.0091 -3.6647 4.0015 -0.387602 0.381748 -0.839066 136 136 51
4.9127 -2.4687 2.0462 -0.287057 -0.00473248 -0.957902 144 133 105
-1.9092 3.4595 3.2263 0.357338 0.519114 -0.776422 135 129 74
5.9981 -3.7833 1.5306 -0.188627 0.547356 -0.815366 174 143 118
-3.066 -3.2659 2.7834 0.630608 0.107347 -0.768642 166 154 72
-6.1535 -2.4266 1.4917 0.137337 0.508129 -0.850261 170 150 104
2.5691 -1.0323 2.9975 -0.145957 0.393957 -0.907466 148 118 77
7.0676 6.4078 1.1005 0.368283 0.634752 -0.679306 160 156 94
-5.3679 2.4106 1.8408 0.281358 0.629759 -0.724045 161 144 97
-0.677 -6.0745 3.7502 0.679314 0.119335 -0.72408 110 127 77
-2.6341 -7.6822 3.0066 0.54401 -0.277874 -0.791732 144 139 104
7.5682 -5.4263 0.9828 -0.719203 -0.0326838 -0.69403 151 153 97
6.8338 1.5964 1.2847 0.309138 0.0428561 -0.950051 171 143 98
-5.8344 -6.2707 1.6151 0.326651 0.236746 -0.915014 159 122 93
5.7767 5.6941 1.7315 -0.742134 -0.440445 -0.505218 159 142 129
-3.2505 3.3403 2.7482 0.393055 -0.328229 -0.858937 142 131 92
-5.9531 3.3521 1.6337 0.235509 -0.0672039 -0.969546 167 136 114
-1.4067 -7.771 3.396 0.526338 -0.466093 -0.711144 155 149 78
-6.5063 7.6463 1.4316 0.631554 0.710808 -0.309664 155 148 114
-4.2038 -5.5227 2.2865 0.528003 0.134743 -0.838485 149 150 95
2.0079 -2.4512 3.1946 -0.386169 -0.0602043 -0.920461 161 125 95
0.5309 3.0243 3.8122 -0.0668087 0.444326 -0.893371 119 122 72
6.9238 3.0772 1.2662 -0.326959 -0.147835 -0.933404 163 143 124
-4.24 -1.809 2.3123 0.311094 -0.18713 -0.931774 151 142 100
-5.3297 -0.8132 1.7861 0.139874 -0.425561 -0.894054 168 139 86
1.8844 -5.3428 3.1603 0.0570788 -0.348237 -0.935667 147 118 72
-0.8184 -2.6636 3.6244 0.449373 0.320106 -0.834024 144 154 67
-7.5764 -0.8692 0.9979 0.450594 0.093843 -0.887783 167 158 119
-7.7705 -4.3963 0.9327 0.468937 0.0116376 -0.883155 162 161 138
4.0068 -7.5167 2.4274 -0.31774 0.315191 -0.894257 158 136 105
5.5433 0.4777 1.7966 -0.0834451 0.0811708 -0.993201 163 149 116
4.5794 4.1297 2.0947 -0.455984 0.105546 -0.883707 159 146 107
-2.6676 -3.1519 2.862 0.531181 -0.448075 -0.71908 153 136 93
2.6087 0.5292 2.8865 -0.512216 0.110792 -0.851681 161 133 101
1.4108 4.127 3.507 -0.0905131 0.161963 -0.982637 136 133 81
-1.8677 -1.4188 3.2751 0.461668 0.37089 -0.805794 154 136 87
-7.6949 4.3063 0.9364 0.305756 -0.023477 -0.951821 167 143 101
1.9269 -7.4731 3.1443 -0.16115 0.0893715 -0.982875 145 133 100
-7.2883 4.1751 1.0786 -0.160202 -0.479455 -0.86282 176 171 112
4.3617 -7.5258 2.3112 -0.425701 -0.0221043 -0.904594 168 141 74
2.1922 -2.39 3.1228 -0.421871 -0.64469 -0.637495 159 135 73
-0.7868 -0.5904 3.6554 0.479913 -0.0485743 -0.87597 129 131 80
-2.3654 -1.8652 3.0539 0.38429 0.846878 -0.367584 154 123 89
-5.2614 -6.24 1.9568 0.363307 0.374288 -0.85318 148 141 104
5.2248 3.0809 1.8593 -0.615255 0.340795 -0.710859 162 151 112
-3.0552 -1.1234 2.7902 -0.0125947 -0.183961 -0.982853 145 138 80
7.3819 -4.7294 1.0577 -0.201182 0.155378 -0.967152 162 139 113
-7.7742 -3.168 0.8288 0.979152 -0.197546 -0.0472948 163 158 118
1.2863 -1.0489 3.4907 -0.468932 -0.375281 -0.799542 146 143 94
4.3924 3.7302 2.2136 -0.627048 -0.0366394 -0.778119 172 131 105
6.0233 -2.0701 1.5441 -0.427465 0.178208 -0.886293 165 153 107
-6.4611 -1.2739 1.5115 0.287934 0.191283 -0.938352 180 143 103
0.7096 0.0166 3.8233 -0.469132 -0.116293 -0.875438 144 136 65
0.7263 -5.6788 3.6554 -0.15684 0.419463 -0.894121 124 137 72
-2.2231 3.754 3.1485 0.147071 -0.05209 -0.987753 162 126 91
-1.54955 -0.1355 3.38685 0.28581 0.0404972 -0.95743 147 130 74
-4.4735 -2.1203 2.2393 0.339502 0.112415 -0.933864 152 126 105
2.9167 -1.6334 2.7947 -0.56641 -0.189478 -0.802046 147 137 79
-5.966 -5.0004 1.5943 0.709702 -0.0468033 -0.702945 171 157 114
-0.033 -2.3757 4.0725 0.625112 0.431228 -0.650597 134 119 52
-0.9241 0.3095 3.6672 0.840893 -0.278637 -0.463962 133 143 62
4.5473 -4.6321 2.2193 -0.129159 0.326577 -0.936304 153 134 96
-1.0422 2.007 3.478 0.45862 -0.639269 -0.617255 130 120 70
-1.7934 -2.251 3.2633 0.428575 0.5425 -0.722508 127 131 75
-5.6296 1.1233 1.7419 0.535061 0.10138 -0.838708 159 143 96
1.0361 -6.9565 3.6567 -0.481175 -0.0323939 -0.876026 151 133 75
6.7399 1.8027 1.3302 0.66832 0.323765 -0.669719 177 138 106
3.6382 -2.3425 2.5919 0.104021 -0.581026 -0.80721 168 139 84
4.5537 -2.4672 2.1436 -0.548957 -0.0919885 -0.830773 159 147 95
0.0809 -2.7226 3.9731 -0.315121 -0.296185 -0.90165 153 130 59
-4.9073 6.3109 1.9978 0.460466 -0.472098 -0.751728 155 135 94
-5.1569 -2.7301 2.02 0.50282 0.222131 -0.835362 160 126 106
-1.6131 5.7147 3.3947 0.904941 -0.0714761 -0.41949 149 131 87
7.9272 4.3493 0.9149 -0.493507 -0.561107 -0.664537 178 148 111
5.5323 -3.0278 1.7878 -0.0452957 0.00336265 -0.998968 137 131 116
1.1387 4.3231 3.518 -0.72547 -0.286487 -0.625794 129 139 72
4.2352 -4.3118 2.3084 -0.340202 0.141316 -0.929673 169 131 107
7.0254 -3.3248 1.1679 -0.164824 0.0411538 -0.985464 159 146 101
4.6881 -0.8048 2.0809 -0.453173 0.363664 -0.813869 158 135 94
-5.6152 2.3106 1.7559 0.446348 0.128699 -0.885556 163 137 90
4.2364 2.19 2.2236 -0.200587 0.614063 -0.763342 143 147 90
1.9666 7.141 3.2217 -0.372428 -0.0941931 -0.923269 150 123 96
-5.5673 -2.5643 1.8084 0.864181 -0.279159 -0.418643 163 153 113
-4.9584 6.1015 2.0619 0.489645 0.0724009 -0.868911 155 130 89
4.8373 5.6067 2.066 -0.335008 0.0177607 -0.942048 152 137 105
6.7945 0.1679 1.353 0.194781 0.137233 -0.971199 181 151 118
0.8354 7.6738 3.7182 -0.399198 -0.477949 -0.782436 146 128 87
-3.1079 3.707 2.7441 0.285679 0.311517 -0.906281 161 137 96
-6.05 -6.3399 1.592 0.358662 0.216876 -0.907924 166 138 114
5.4671 6.2771 1.8724 -0.678244 -0.533615 0.505214 154 140 104
6.8653 -0.3349 1.2373 -0.0978113 0.258027 -0.961174 160 158 123
-2.3709 0.8302 2.9847 -0.173495 0.209023 -0.962397 154 130 63
-5.3793 -5.1158 1.9335 0.739759 0.0987991 -0.665579 156 145 94
3.8825 0.5195 2.4192 -0.376611 0.353601 -0.85623 172 155 82
4.4915 4.3605 2.2177 -0.540193 0.258281 -0.800926 160 133 97
6.9317 4.908 1.2061 -0.19089 0.241759 -0.951375 176 167 117
1.0417 -4.3831 3.6065 -0 -0 -1 155 144 67
-5.6802 -5.0253 1.7321 0.811726 -0.0470954 -0.582136 150 158 109
-4.0129 -4.9902 2.4175 0.342033 -0.0103791 -0.939631 152 134 99
-6.9044 -6.9988 1.2331 0.253613 0.110093 -0.96102 162 144 96
-3.7927 -4.167 2.4982 0.225818 -0.143831 -0.963493 144 127 78
6.8423 -0.1146 1.2833 -0.441646 -0.054871 -0.89551 157 138 102
-2.8645 -6.503 2.8495 0.255697 0.0663102 -0.96448 164 119 90
-7.2186 2.6654 1.0262 -0.195152 0.60129 -0.774833 184 160 113
-2.7116 -4.7564 2.9236 0.184103 0.0779495 -0.979811 160 125 75
7.3645 -4.2999 1.093 0.00799593 -0.720308 -0.693609 160 169 100
5.5403 1.4061 1.8035 -0.383587 -0.128027 -0.914588 159 142 97
7.11785 -3.6644 1.0912 -0.183198 -0.0818309 -0.979664 176 147 114
-0.9971 3.0219 3.588 0.552025 0.0777019 -0.8302 149 134 94
-4.6742 6.4709 2.1891 0.219094 -0.774847 -0.592968 136 145 93
-4.4024 5.9286 2.1788 0.700438 -0.0944103 -0.707442 163 154 101
5.3825 -4.307 1.8339 0.0191559 0.0183243 -0.999649 144 160 116
3.5251 1.1421 2.5744 0.125725 -0.582747 -0.80287 155 139 80
6.5176 -1.2365 1.4314 0.606396 -0.0115644 -0.795079 158 149 119
-2.1938 6.87 3.1434 -0 -0 -1 138 128 85
-7.4217 -2.9959 1.0536 0.236196 -0.436707 -0.868043 167 140 132
-2.3309 -3.2364 3.1238 0.00514084 -0.13364 -0.991017 151 132 65
3.5828 -6.5152 2.5071 -0.727611 -0.0581662 -0.683519 152 152 98
-3.5197 -2.0076 2.5914 -0.0916796 -0.433297 -0.896576 135 134 83
-1.7622 -4.2298 3.2796 0.717607 0.354525 -0.59946 179 133 80
7.3768 -1.8765 1.0243 -0.375303 0.0680764 -0.924399 177 150 117
5.9894 3.0363 1.6432 -0.771857 0.177491 -0.610519 140 146 114
3.1649 -4.8566 2.7552 0.0734089 0.528981 -0.845453 152 134 90
-0.2329 7.1527 3.9448 0.302337 0.103458 -0.94757 143 130 71
7.2021 2.412 1.1512 0.350759 0.418587 -0.837707 169 155 107
5.8388 -6.7807 1.6749 0.104847 -0.385941 -0.916546 161 152 109
-1.0827 2.4852 3.5556 0.513151 -0.132615 -0.847991 130 119 79
-5.5944 -3.5993 1.7343 -0.596278 0.362527 -0.716259 163 151 110
3.8117 -1.8094 2.4503 -0 -0 -1 154 136 91
2.7546 -6.6321 2.8984 -0.0338679 -0.224845 -0.973806 149 133 74
-3.6956 7.6198 2.566 -0.0634013 0.295165 -0.95334 151 147 102
-5.6597 -5.7069 1.6819 -0.278493 -0.520471 -0.807188 155 149 104
-5.4099 4.3705 1.8626 -0.00565653 -0.734827 -0.678231 176 146 98
-1.5621 -2.1339 3.3899 0.57497 -0.806556 -0.137391 152 132 80
-4.0687 -4.8151 2.4076 0.205142 -0.222372 -0.953136 171 129 99
1.1525 -3.9434 3.4472 -0.515757 0.179411 -0.837739 145 126 67
-7.5328 -0.9001 0.99355 -0.48336 -0.47484 -0.735452 181 147 121
5.8402 6.4714 1.73 -0.55124 -0.0271856 -0.833904 173 141 116
4.7233 2.3065 2.0589 -0.286773 0.491362 -0.82239 161 138 87
-3.0658 4.842 2.7167 0.29079 0.811527 -0.506818 148 125 89
7.3809 0.2729 1.0615 -0.192847 0.0042656 -0.98122 180 143 113
-5.7556 -2.9498 1.7987 0.191075 -0.202216 -0.96052 164 132 101
1.0545 -3.7433 3.5992 -0.110376 -0.125254 -0.985966 161 119 73
1.4677 6.0094 3.3586 -0.287671 0.192622 -0.938159 137 132 78
1.1068 -7.1174 3.5266 -0.208732 0.111886 -0.971552 154 126 66
5.5042 6.83 1.805 -0.21019 -0.131006 -0.968844 155 135 106
4.5175 -2.1427 2.1722 -0.322202 0.0492152 -0.945391 144 125 77
-4.9355 -5.7679 2.0771 0.487557 -0.0597461 -0.871044 160 157 101
-3.6782 -7.5884 2.5057 0.823824 -0.203464 -0.529072 155 130 100
-2.5964 4.9927 2.9002 -0.389844 -0.822935 -0.413279 149 142 85
5.8108 -0.7785 1.6735 -0.492808 -0.111338 -0.862986 186 131 103
5.298 -0.993 1.842 -0.419545 0.107769 -0.901315 160 136 88
-1.8714 -2.2147 3.2213 0.534482 0.784431 -0.314637 145 137 75
-0.8065 0.3109 3.7509 0.449515 0.0228013 -0.892982 167 119 84
0.9728 -7.9342 3.6423 -0.0894481 0.987959 0.12624 155 109 52
-7.1783 0.4482 1.0305 -0.565372 0.0809229 -0.820857 178 166 117
7.943 4.1796 0.9465 0.750983 -0.437942 0.494197 179 150 119
-3.5845 6.8531 2.6436 -0.00913748 -0.14167 -0.989872 153 132 74
-7.4349 -3.3648 0.9283 0.0455236 -0.270443 -0.961659 178 166 116
4.5599 2.2174 2.1632 -0.376946 0.0624204 -0.92413 165 140 107
4.6667 5.2032 2.0967 -0.693165 -0.53576 -0.482166 157 143 95
6.7683 7.6925 1.3458 -0.824902 0.533217 -0.187659 183 139 100
5.809 -1.7526 1.6901 -0.200084 -0.465755 -0.861997 166 160 94
-0.1764 -6.4922 3.982 0.613839 -0.0391426 -0.78846 149 110 70
1.4194 4.378 3.3775 -0.510088 0.263878 -0.818644 159 138 82
2.3008 0.6865 3.049 -0.480767 0.121229 -0.868428 132 140 86
-7.0034 -7.3714 1.1066 -0.410362 -0.119712 -0.904031 178 155 111
1.7198 -1.7053 3.3679 -0.445179 0.216988 -0.868753 145 130 93
1.6797 -6.6492 3.2428 -0.399169 0.0566995 -0.915123 134 153 86
-7.4105 -4.2854 1.0565 0.694709 -0.276075 -0.6642 163 150 120
2.8978 -1.6711 2.8681 -0.391671 -0.301498 -0.869306 154 144 86
1.4618 4.8121 3.4658 -0.337387 -0.0353143 -0.940704 153 120 74
3.9286 -3.2225 2.4866 -0.636955 0.0606949 -0.768508 158 129 99
-6.8255 7.7207 1.2859 0.229854 -0.094525 -0.968624 171 157 107
-0.2437 0.1775 3.8634 -0.0921291 -0.159075 -0.982958 149 111 48
7.4428 -1.1191 0.9777 0.848991 0.00285858 -0.5284 177 155 98
1.2042 -1.7785 3.5355 -0.427111 -0.140933 -0.893149 139 127 78
-7.385 3.9851 1.0599 0.383418 0.485429 -0.785716 171 159 115
5.4421 -7.3733 1.8294 -0.399442 0.0968483 -0.911628 152 150 102
-5.1135 3.8797 1.9747 0.174144 -0.107094 -0.978879 169 138 116
-6.9976 -7.609 1.1896 -0.163366 -0.500902 -0.849946 178 151 127
-3.1444 1.8035 2.8004 0.614754 0.167616 -0.770703 136 141 93
-0.6819 -4.8854 3.6823 0.417936 -0.444 -0.792587 145 128 79
-1.4645 -7.0598 3.3721 -0 -0 -1 153 134 83
5.7194 7.5561 1.6988 -0.194132 -0.313769 -0.929442 162 163 121
3.4208 -2.444 2.6302 -0.452044 -0.28697 -0.844574 148 115 77
0.4722 -5.9272 3.8614 -0.843718 -0.00420794 -0.53677 145 115 83
3.5075 3.3892 2.6665 -0.455001 -0.0503821 -0.889065 146 117 86
1.8464 0.83445 3.1949 -0.943445 -0.164167 -0.288028 152 136 76
-7.054 5.9749 1.1533 0.541023 0.134884 -0.830121 172 145 96
0.9108 -4.7604 3.6884 -0.0555714 -0.126937 -0.990353 144 132 63
5.7615 7.3473 1.6906 -0.321412 0.217166 -0.921701 166 150 90
-6.4865 -6.9242 1.339 0.210068 0.419201 -0.883256 177 139 112
-0.3039 7.7245 3.9678 -0.727697 0.681427 -0.0781987 137 140 61
-0.0481 -3.7238 4.0336 -0.244798 0.534861 -0.808701 145 116 80
-7.8015 -3.6602 0.826 -0.16843 0.807132 -0.565835 165 153 113
-6.2006 6.8073 1.5201 0.423526 -0.0666986 -0.903425 163 149 123
-0.2797 4.8653 3.9282 0.749805 0.115662 -0.651471 145 118 89
7.3355 -0.2277 1.1522 0.841755 0.118757 -0.526636 176 156 117
-4.2928 4.9775 2.2451 0.708021 0.180264 -0.682797 173 150 100
-0.2242 7.8255 3.8927 -0.223804 -0.29759 -0.92809 143 112 87
-0.4175 3.4054 3.8491 0.304714 0.435474 -0.847061 149 143 77
1.6449 5.1216 3.3275 -0.402669 -0.667659 -0.626171 140 134 84
-2.9083 4.3441 2.8489 -0 -0 -1 154 131 88
-4.344 -7.5756 2.2547 0.350513 0.0129029 -0.936469 151 134 100
7.2572 4.694 1.1185 -0.212284 0.45067 -0.867082 169 140 105
-0.4688 3.3814 3.7447 0.067144 0.597713 -0.798893 124 121 51
0.5917 6.4851 3.8077 -0.742109 0.432911 -0.511726 130 154 79
-5.2602 4.0388 1.8678 -0.0744866 -0.112096 -0.990902 163 147 75
-0.8659 0.1842 3.6709 0.176511 -0.141516 -0.974072 145 128 64
-2.8287 0.2921 2.8385 0.533145 0.840427 0.0971557 144 113 93
-1.9531 -7.8212 3.2363 0.152104 0.0980551 -0.983489 144 143 70
5.08875 0.4801 1.89685 -0.337939 0.272038 -0.900995 155 137 102
5.0021 -2.7411 2.0137 -0.029644 0.799091 -0.600479 162 142 100
6.223 -4.2874 1.5186 -0.476385 -0.0626534 -0.877002 171 150 116
5.4789 2.182 1.8177 -0.427686 0.105534 -0.897746 176 136 114
-0.5539 -4.0028 3.7799 0.439638 0.138908 -0.887369 155 126 62
3.9875 -0.4531 2.2841 0.099299 0.586424 -0.803894 165 153 87
5.711 -0.4964 1.7046 -0.357461 0.259208 -0.897236 169 140 92
-6.4559 -6.0978 1.4832 0.237948 -0.0144809 -0.97117 165 142 110
2.7509 -4.6815 2.8684 -0.233382 0.148006 -0.961055 140 132 95
6.2329 5.3407 1.6428 -0.217201 -0.415181 -0.88343 169 159 114
3.6912 -2.5614 2.5356 -0.438763 0.228463 -0.869075 168 113 95
2.7379 -7.0128 2.9463 0.19341 0.298932 -0.934469 149 136 76
4.805 -4.3573 2.0979 -0.65132 0.420585 -0.631577 175 162 98
3.4298 6.9064 2.6221 -0.303202 -0.818323 -0.488279 173 130 70
-4.1968 -2.5226 2.218 -0.291109 0.183025 -0.939019 153 142 99
2.3244 0.5401 3.048 -0.947719 0.0749092 -0.310189 152 126 76
1.8086 -6.8209 3.3206 -0.315831 0.178096 -0.931951 163 138 71
-6.5716 -4.1752 1.4313 0.550241 0.0873607 -0.830423 168 127 108
6.1191 -2.8526 1.5301 -0.11187 -0.0935239 -0.989312 166 131 90
4.8791 -0.0513 2.0794 0.525682 0.825186 -0.206704 165 139 115
6.71 -7.9267 1.2722 0.02601 0.168322 -0.985389 162 163 121
7.1395 -6.0332 1.1271 -0.237523 0.455651 -0.857884 185 150 121
1.243 3.827 3.4811 -0.479183 0.190497 -0.856793 153 144 69
6.2613 -6.4025 1.5149 -0.148667 0.0483568 -0.987704 175 138 96
-2.9882 -6.4267 2.8293 0.19486 -0.151888 -0.968999 159 147 92
-6.6419 2.1029 1.2958 0.229505 0.077777 -0.970195 158 142 115
5.4204 -3.8139 1.8258 -0.393097 0.0952227 -0.914553 164 145 89
-0.2644 -6.6949 3.8959 0.504371 0.155945 -0.849289 158 129 69
-0.8203 1.2555 3.701 0.0105715 0.21927 -0.975607 149 147 66
5.21895 -6.10995 1.88295 -0.54466 -0.0285806 -0.83817 168 147 101
6.3878 -5.9799 1.4128 -0.150534 0.238893 -0.959307 147 133 102
7.3624 -5.9009 1.1343 -0.770866 0.0161698 -0.636792 156 165 113
3.8635 -3.3007 2.4871 -0.689689 0.233276 -0.685501 157 135 95
3.9873 -0.4942 2.3883 0.0754413 0.646489 -0.759184 147 138 89
5.7593 0.9374 1.6779 -0.405911 0.490256 -0.771288 170 142 103
3.6389 -4.7727 2.5436 -0.0533873 0.169466 -0.984089 172 162 80
-3.8133 7.7806 2.3966 0.19485 -0.154681 -0.968559 144 150 94
2.8649 -0.7639 2.808 -0.294439 0.0816565 -0.952175 164 138 100
6.5533 6.5302 1.3269 -0.510146 -0.546215 -0.66438 168 150 108
-0.9119 -2.736 3.6249 0.396883 -0.0207296 -0.917635 152 122 80
1.8528 -4.1395 3.2273 -0.218615 -0.258892 -0.940841 115 154 67
-7.7023 -3.3508 0.8976 0.621647 0.31183 -0.718552 184 169 110
-2.7273 -3.2797 2.9924 0.834269 -0.459383 -0.304898 144 138 77
-7.5795 5.2598 0.9241 0.423096 -0.067685 -0.903553 163 165 138
-3.9486 -4.6847 2.3634 0.420425 -0.00705953 -0.9073 154 150 106
1.6207 -4.4652 3.3464 -0.278375 0.122803 -0.95259 141 129 78
4.4096 1.6722 2.2189 -0.304515 0.0798076 -0.949158 152 122 114
-2.8209 -0.4701 2.8545 0.371623 -0.147147 -0.916648 131 135 88
4.5113 0.702 2.3193 -0.143147 -0.78282 -0.605559 161 117 94
-1.3539 6.8555 3.4815 0.419758 0.151761 -0.894858 155 115 84
-1.3153 -5.3213 3.5548 0.0426898 -0.384729 -0.922042 133 121 59
7.3935 0.6209 0.9835 -0.63365 -0.0927359 -0.768041 168 154 121
-3.0545 6.2243 2.8521 0.907913 0.203643 -0.366366 136 126 90
-2.3369 4.4743 3.1141 0.43396 -0.0561464 -0.899181 167 134 89
-6.3517 1.4552 1.4061 0.161419 0.300925 -0.939887 163 153 91
3.7346 2.3026 2.5266 -0.276035 0.339858 -0.899056 156 133 79
-7.4628 -6.0109 1.0176 0.339209 -0.296094 -0.892897 164 155 120
-3.9019 -3.5639 2.4334 0.255601 0.374503 -0.8913 150 139 91
4.2331 -6.2254 2.2939 -0.700153 0.084812 -0.708938 170 128 86
4.3484 -6.2359 2.1156 0.857559 0.348238 -0.378581 153 144 103
-4.2829 3.3759 2.2997 0.585642 0.430598 -0.686738 151 155 99
-5.0823 -1.5057 1.9809 0.64478 -0.0589218 -0.762094 136 163 99
-3.6782 1.0884 2.5797 0.149625 -0.0184208 -0.988571 177 131 95
-4.1973 4.5504 2.3245 0.297277 -0.290753 -0.909444 159 144 111
-4.7023 3.061 2.1911 0.179207 -0.0250657 -0.983492 170 148 92
-5.6906 2.1602 1.7919 0.497021 -0.192993 -0.846005 160 148 107
5.4905 -2.7744 1.8381 -0.350231 0.0789311 -0.933332 160 149 98
-1.5015 -6.7708 3.4297 -0.726979 0.612156 0.311073 172 137 88
-0.5962 -3.3949 3.7943 0.279264 -0.531667 -0.799589 141 148 69
-3.7518 1.1579 2.513 0.445158 -0.481367 -0.755063 172 153 84
-5.7767 4.1998 1.7095 0.104704 -0.551377 -0.82766 157 147 108
-4.4696 -6.4038 2.1579 0.494143 0.118943 -0.861206 153 107 95
0.3459 -7.6586 3.823 -0.956629 -0.260382 -0.130624 154 129 72
7.7052 -3.2599 0.8633 -0.839354 -0.0495604 -0.541322 161 168 115
-2.9443 1.5068 2.8076 0.472313 -0.193586 -0.85991 148 137 84
7.7788 3.0886 0.8987 -0.00888837 0.106658 -0.994256 164 140 114
-5.0212 4.1323 2.0218 -0.66558 0.46358 -0.58489 163 159 96
5.7469 -4.8325 1.703 0.641289 -0.0490259 -0.765731 146 154 116
-0.7402 -1.3122 3.6562 -0.187956 0.747932 -0.636609 147 125 80
1.5746 -5.4716 3.3438 -0.197529 -0.0663442 -0.97805 144 119 85
7.4034 -6.9862 1.0501 -0.281841 -0.17597 -0.943186 160 158 117
-7.9867 -3.0334 0.835 0.685524 -0.418212 -0.59595 167 158 131
3.0232 0.9007 2.7054 -0.141098 -0.818476 -0.556945 148 130 78
-2.5826 7.2752 3.0353 -0.500168 -0.301073 -0.811903 144 135 84
-1.7587 -4.1393 3.3428 0.764703 0.180056 -0.618716 146 132 92
2.1267 4.7236 3.203 -0.169842 -0.160519 -0.97231 154 124 78
-0.5924 -1.8469 3.7392 0.53896 -0.224584 -0.81184 134 117 84
3.6762 -4.5683 2.518 0.137674 -0.781346 -0.608723 142 138 97
0.9369 6.9168 3.6629 -0.269817 -0.255342 -0.928439 141 142 73
4.9528 -1.1052 1.9554 0.0527081 -0.177063 -0.982787 157 142 91
3.7871 0.6982 2.4374 -0.21883 -0.0146346 -0.975653 177 153 93
4.7757 7.6184 2.1085 -0.53531 -0.0552891 -0.842844 162 150 90
-5.1854 5.5635 1.9169 0.264047 0.271161 -0.925609 149 158 98
-0.5226 -4.5005 3.7454 -0.921833 -0.0771769 -0.379827 139 115 92
5.1056 -6.4782 1.9535 -0.660185 -0.265685 -0.702543 162 146 109
0.9008 6.499 3.6413 -0.736008 0.00031227 -0.676973 149 136 73
2.3576 -6.7732 3.0905 -0.385668 0.139778 -0.911988 145 141 81
-0.5021 1.3472 3.8618 0.240093 0.286318 -0.927565 129 120 62
-7.7935 -7.15815 0.93875 0.294367 0.303953 -0.906069 176 138 120
-4.4352 5.741 2.3042 0.96488 -0.222374 -0.139843 149 140 98
0.4509 7.1261 3.8715 -0.334553 0.0262212 -0.942012 137 123 98
6.0338 3.6258 1.6396 -0.24628 -0.116576 -0.962162 154 146 120
-7.2094 7.293 1.192 0.458898 -0.159896 -0.873983 144 148 112
-4.0075 -7.5598 2.378 0.313934 0.0508338 -0.948083 148 127 87
-5.89925 -1.8417 1.5994 0.247735 -0.644939 -0.722967 166 160 108
-4.3719 -2.7013 2.1878 0.372779 0.209282 -0.904012 164 129 108
-6.0604 1.5568 1.4626 0.587281 -0.160016 -0.793407 146 145 107
-4.2798 -7.8166 2.2581 0.682192 -0.367842 -0.631907 173 141 109
-5.2716 -3.2182 1.8772 0.372979 0.425357 -0.824596 149 150 105
2.4528 2.1154 3.0084 -0.251366 -0.00922651 -0.967848 147 134 68
7.335 -2.322 1.0928 -0.630155 0.319378 -0.707745 153 150 122
-0.9787 2.0675 3.7153 0.721039 -0.368955 0.586494 148 127 83
-7.8892 3.7616 0.8567 0.587201 0.317337 -0.744642 185 139 118
-0.6201 5.9369 3.7339 0.466113 0.0612254 -0.882604 136 149 70
4.7926 -3.2658 2.1186 -0 -0 -1 144 137 94
-4.3743 -2.1837 2.1907 0.190773 0.26625 -0.944837 154 142 96
-4.3319 5.9434 2.3326 0.661578 -0.0719143 -0.74642 163 143 115
3.2961 -4.1844 2.6044 -0.426579 -0.229895 -0.874745 172 131 83
5.4393 0.6574 1.8552 -0.186436 -0.0580277 -0.980752 157 132 110
6.6412 -2.8454 1.3359 -0.731851 0.421319 -0.535616 172 153 97
1.3059 7.1978 3.4269 -0.581076 0.49042 -0.649491 152 149 57
-1.9702 5.5352 3.1791 0.1619 -0.0121267 -0.986733 156 144 88
-1.3608 7.5176 3.4767 0.386392 0.322125 -0.864255 133 143 75
-5.0839 5.9976 1.9585 0.473153 -0.158358 -0.866631 164 153 89
-2.3853 5.3209 3.0276 0.430869 0.117603 -0.894719 162 125 68
7.0116 1.4668 1.2214 -0.0775996 -0.310004 -0.947563 160 139 116
-2.2316 5.2682 3.1012 0.47519 -0.0443909 -0.878763 148 120 89
-2.298 -3.3648 3.0714 0.110318 0.0451316 -0.992871 149 127 84
-4.4632 1.0224 2.171 0.0333297 0.609147 -0.792357 177 130 95
-5.1518 5.9582 2.0196 0.52364 -0.356066 -0.773963 165 158 82
-4.5637 -2.8275 2.2884 -0.297159 -0.467068 -0.832793 155 133 101
0.0098 4.8567 3.9863 -0.338496 0.189431 -0.921703 130 129 68
-0.0539 3.1689 4.0414 -0.697837 -0.0490632 -0.714574 100 116 50
3.0228 -2.2333 2.8707 -0.61279 -0.145131 -0.776804 153 126 105
5.4633 -7.1901 1.8305 -0.365557 0.188474 -0.911507 166 146 107
-1.40355 -1.487 3.46145 0.3739 -0.0734314 -0.924558 151 133 66
-1.411 7.0659 3.4081 0.502424 -0.141241 -0.853007 159 128 80
-5.5517 -2.6444 1.7552 0.644252 -0.0777173 -0.760855 160 144 106
3.379 -3.7418 2.6089 -0.494781 -0.586204 -0.641527 149 135 98
2.1471 6.7458 3.1495 -0.469926 -0.54598 -0.693596 150 135 63
4.991 5.25535 1.9413 -0.398455 -0.0648922 -0.914889 172 153 90
2.4386 4.0922 3.1038 -0.260932 0.147144 -0.954077 153 134 84
-3.5362 5.2181 2.5694 0.377273 0.45025 -0.809284 140 162 87
4.5893 -4.8534 2.1307 -0.182703 -0.167193 -0.968848 156 147 97
5.8214 -7.2943 1.7886 0.0356027 -0.275424 -0.960663 154 131 109
-1.1402 -6.2659 3.5698 0.282546 0.100305 -0.953995 154 134 72
-0.31 0.0256 3.9092 0.314039 0.0955743 -0.944587 140 121 88
5.4697 -7.7225 1.9212 -0.665937 0.122859 -0.735822 165 145 74
-2.8203 5.8041 2.7926 0.821165 0.566543 -0.0686807 131 129 84
-2.5433 3.052 2.8986 0.343636 -0.675743 -0.65214 152 138 107
-1.256 -4.9577 3.4793 -0.656243 0.752256 0.0587879 163 134 63
3.6092 -1.7271 2.642 -0.263305 -0.271268 -0.925789 153 135 110
-0.0169 -5.361 3.9655 0.165575 0.0886438 -0.982205 127 135 77
-1.2305 6.629 3.6102 0.350619 -0.405812 -0.844028 133 127 56
-3.2206 1.7184 2.7152 0.470832 0.210147 -0.856829 167 144 95
-2.4848 5.2749 3.02 0.240677 -0.133777 -0.961342 113 140 86
-1.2188 2.9537 3.5104 0.213123 -0.358417 -0.908909 128 153 71
0.3727 2.6177 3.8502 0.599818 0.309251 -0.737958 147 145 60
7.9494 -3.9657 0.8895 0.821381 -0.265911 -0.504604 165 174 107
-2.6556 -1.8264 2.9676 0.767648 0.0113978 -0.640771 155 133 96
1.8844 5.9668 3.2745 -0.404012 -0.555857 -0.726497 140 128 73
-7.2295 1.2904 1.0664 0.307851 0.230153 -0.923178 167 137 112
-2.3972 4.1842 3.1132 0.16913 0.477695 -0.862092 156 126 63
-7.8412 2.797 0.8857 0.129817 0.219499 -0.966937 171 145 119
-1.5877 3.2113 3.3926 0.111985 -0.0103503 -0.993656 137 153 81
3.3926 1.9535 2.5995 -0.512013 -0.0648428 -0.856527 172 143 100
-1.0955 4.9519 3.5762 0.299091 -0.263933 -0.916997 157 128 96
7.3995 -0.0317 1.0316 -0.522007 0.243282 -0.81751 159 161 106
-7.0765 -7.2766 1.2595 0.685338 0.343683 -0.642023 140 126 115
-1.7671 -5.7974 3.198 -0.298482 -0.481347 -0.824144 138 149 88
-3.7572 -6.1208 2.4815 0.197942 -0.0268736 -0.979845 162 143 105
-3.8508 -2.057 2.4474 0.313258 -0.109583 -0.943325 157 149 99
0.0537 6.021 3.977 -0.0715753 0.383731 -0.920667 144 140 70
-7.4448 -3.2242 1.1217 0.761328 -0.615711 0.203177 169 135 102
4.3138 1.7069 2.3369 -0.554405 0.284712 -0.782032 162 151 98
0.4927 5.0059 3.8969 -0.530453 -0.114022 -0.840011 132 136 84
5.4843 -1.6427 1.7338 0.158145 0.405407 -0.900353 174 152 86
3.9103 3.20935 2.4359 -0.461568 -0.185228 -0.867551 157 146 108
0.2919 -7.4742 3.8201 -0.186861 0.220422 -0.957339 132 139 74
-7.4824 -6.0112 0.9867 0.337477 -0.296311 -0.893481 166 157 98
2.943 1.2568 2.7288 0.0270484 -0.116958 -0.992768 151 146 100
-2.1462 1.0861 3.1518 0.961486 -0.0259779 -0.273625 133 133 95
3.9937 6.4091 2.4055 0.921779 -0.206559 -0.32811 155 156 93
0.2203 4.6507 3.9142 -0.226561 -0.0429528 -0.973049 143 117 81
-4.3922 -6.5246 2.2179 0.4913 -0.0547326 -0.869269 158 118 100
6.6391 -1.6561 1.2513 -0.66477 -0.151831 -0.731456 163 161 98
-5.128 0.8343 1.9474 0.453119 -0.30186 -0.838787 170 152 97
-5.8967 -0.1606 1.5285 0.305233 -0.339092 -0.889859 164 153 100
6.9083 -1.9401 1.211 -0.342591 0.42738 -0.836647 155 151 103
6.775 1.9228 1.3339 -0.934026 0.113596 0.33866 191 143 121
-2.7647 7.7823 2.9119 -0.0341225 -0.457855 -0.888372 159 137 90
-5.7286 4.2812 1.6809 0.328845 -0.427336 -0.842167 157 133 102
-1.2087 -3.429 3.4991 0.523913 -0.23683 -0.818185 136 118 76
-0.0584 2.8376 3.9761 0.375492 -0.143783 -0.915605 154 100 74
-5.1341 5.5072 1.9633 0.419591 0.349081 -0.837905 185 166 90
-7.0324 2.2138 1.206 0.240328 0.175228 -0.954745 180 137 116
-2.913 -5.1158 2.8165 0.44944 0.279104 -0.84859 150 157 79
5.3001 -6.3382 1.7776 -0.314105 0.243102 -0.917736 150 150 109
-0.0935 5.8125 3.9616 0.430092 -0.00239608 -0.902782 128 125 66
1.2877 0.1582 3.4426 0.157311 0.494664 -0.854728 147 118 92
6.8933 -1.5101 1.2381 -0.108432 0.69992 -0.705942 155 157 96
-4.786 7.6321 2.0049 -0 -0 -1 172 150 100
-4.8228 3.312 2.0826 -0.12749 -0.123111 -0.98417 149 136 98
5.4932 2.392 1.8288 -0.387955 -0.0857289 -0.917682 160 144 95
-1.9262 -6.313 3.3069 0.539484 -0.267244 -0.79846 170 142 85
-2.6611 2.6725 2.9038 0.345776 -0.128578 -0.929466 141 121 66
-2.9577 -2.5132 2.849 0.713419 0.012444 -0.700627 163 138 85
2.2107 -7.3436 3.0779 -0.315169 0.217641 -0.923743 161 137 105
5.0636 -2.7475 1.9763 0.0342579 0.53858 -0.841877 161 146 100
5.9484 -4.8284 1.6621 0.802097 0.347883 -0.485404 149 159 80
-7.8275 -1.4901 0.8927 0.386402 -0.0193686 -0.922127 166 138 117
1.3624 0.088 3.4835 0.170545 0.226163 -0.959044 140 129 79
-3.6819 3.5066 2.5455 0.550912 0.807959 0.209041 167 142 89
3.3377 -1.7306 2.6259 -0.756372 0.247326 -0.605584 141 136 86
1.988 2.5569 3.2225 -0.471749 -0.558187 -0.682554 142 139 81
-1.7691 -4.9726 3.2894 0.159618 -0.327603 -0.931235 156 144 86
2.7594 6.2671 2.9519 0.0255787 -0.677735 -0.734861 170 116 92
-5.3899 -4.9514 1.8307 0.301352 -0.20162 -0.931953 175 156 98
1.9661 4.6068 3.2105 -0.158266 -0.0823868 -0.983953 147 105 73
-1.0823 2.3298 3.59 0.377962 -0.135558 -0.915843 113 106 71
-4.7314 7.3644 2.0846 0.539641 -0.253104 -0.802949 143 148 99
-0.6586 -7.5568 3.7439 0.216991 -0.0701187 -0.973652 145 118 79
2.282 0.6955 3.1296 -0.60626 -0.138478 -0.783117 154 123 67
-3.2902 5.8672 2.6738 0.400282 -0.146306 -0.904638 181 149 95
-4.372 -1.2811 2.2197 0.487313 0.35789 -0.796518 162 129 99
1.6125 -2.3634 3.388 -0.512733 0.358142 -0.780282 138 125 65
-6.4133 4.9795 1.4387 0.386205 -0.922304 -0.0142016 170 137 128
4.7038 6.9429 2.1535 -0.611608 -0.0708066 -0.787986 162 128 106
3.219 3.7813 2.7413 -0.295059 -0.341027 -0.892547 151 144 84
-6.3897 5.6741 1.3745 0.382402 0.0256084 -0.923641 169 150 126
2.043 -3.6137 3.1918 -0.2393 0.200213 -0.950079 149 119 92
7.7063 7.1569 0.9827 -0.414238 0.0846657 -0.906222 158 147 117
0.5529 -4.6952 3.7404 0.652652 0.298026 -0.696582 152 125 66
5.7135 -3.7447 1.6502 -0.164573 -0.0830786 -0.98286 142 162 100
0.3292 -0.8647 3.8997 -0.241682 0.349304 -0.905304 138 119 82
1.9101 -0.7235 3.1578 0.10902 -0.482374 -0.869155 154 136 97
2.0508 4.3019 3.2079 -0.528173 -0.0952044 -0.843783 147 134 78
1.4759 -4.6427 3.4718 -0.492648 0.204765 -0.845795 150 123 85
-0.3703 3.4543 3.8625 0.39784 0.338499 -0.852726 158 134 65
-6.955 5.2654 1.2145 0.160843 -0.177938 -0.970808 164 151 103
-6.8691 -2.3223 1.1879 -0.0732488 -0.244089 -0.966983 183 139 109
5.5137 7.0634 1.8617 -0.665488 0.741553 0.0849975 156 140 81
0.9814 5.9717 3.6938 0.179324 -0.144905 -0.97306 142 145 60
5.3306 -4.0836 1.8216 -0.360315 0.303483 -0.882084 160 148 97
-3.3262 -2.0065 2.66 0.296591 -0.0302209 -0.954526 145 154 101
-4.9569 5.04865 2.04595 0.433223 0.146769 -0.889256 161 135 103
6.0711 0.3649 1.6627 -0.373141 -0.233349 -0.89795 159 145 114
-2.9314 -7.6875 2.8634 0.163682 0.0351274 -0.985887 151 132 80
-3.0921 3.3945 2.7268 0.296157 -0.162711 -0.941178 149 144 77
2.7973 -7.3269 2.8239 -0.436818 0.0716952 -0.896688 162 139 83
0.954 -5.9108 3.567 -0.561296 -0.0392466 -0.826684 157 138 81
-0.7121 5.4239 3.7879 0.499336 -0.302203 -0.811996 159 128 66
3.8397 -4.3691 2.4392 -0.774476 0.130353 -0.619027 162 125 89
-7.1773 -5.452 1.1285 0.290284 -0.34786 -0.891476 168 153 110
-1.3866 4.394 3.505 0.771121 0.152539 -0.618146 159 138 91
1.974 -7.8348 3.2504 -0.724632 0.408226 -0.555211 144 117 86
3.1858 0.9222 2.7695 -0.00641148 -0.0221797 -0.999733 173 136 97
1.0791 4.0427 3.5169 -0.316545 -0.0281807 -0.948159 148 136 71
6.9697 -3.8559 1.2259 -0.00256937 0.106567 -0.994302 169 150 116
-5.2247 -7.6365 1.9562 0.822684 0.146798 -0.549219 149 131 102
7.895 0.5052 0.8156 -0.767772 0.466288 -0.439433 168 148 120
3.7441 7.7164 2.4617 -0.214103 0.625479 -0.750291 163 137 86
-6.4901 4.0277 1.3747 -0.168538 0.199969 -0.965198 170 158 108
6.708 -2.6114 1.3279 -0.437048 -0.289534 -0.851563 189 140 103
5.5942 3.5095 1.7619 -0.705599 0.00341456 -0.708603 168 149 87
4.4536 -6.3084 2.2899 -0.482742 0.149742 -0.862866 155 144 97
-6.6824 -5.0204 1.2748 0.9502 0.188058 -0.248505 153 139 114
1.8334 5.4905 3.3231 -0.452981 -0.0891357 -0.887053 131 138 82
7.7079 5.8216 0.9427 -0.626934 -0.245545 -0.739365 170 144 114
-6.9216 -0.3427 1.1827 0.415116 8.34393e-05 -0.909769 166 147 103
4.0993 6.9883 2.3075 -0.527445 0.174802 -0.831412 163 148 95
2.2404 1.7059 3.0196 -0.737382 -0.204602 -0.643744 114 143 81
5.1381 -0.4467 1.8812 -0.172572 0.035475 -0.984358 172 141 102
5.221 -4.8814 1.8293 -0.592941 -0.698471 0.400697 168 150 83
-5.1487 -6.6503 1.9907 -0.120318 -0.772704 -0.62326 169 144 115
4.7691 -4.4246 2.1048 0.0337845 -0.604653 -0.795772 178 146 105
-5.1936 -1.693 1.9005 0.412749 -0.421442 -0.807481 174 142 99
-4.2727 1.2146 2.2659 0.219975 -0.45025 -0.865382 165 149 90
-1.6965 -5.4877 3.3262 0.305008 -0.622221 -0.720979 157 136 66
-7.5662 2.0866 0.9408 -0 -0 -1 159 169 108
-5.176 -3.5478 2.0156 0.909147 -0.202498 -0.363932 150 134 94
-1.5601 0.3152 3.3926 0.4044 -0.00634945 -0.91456 131 140 69
6.8128 -5.9954 1.369 -0.095136 -0.239122 -0.966318 176 139 88
0.3516 1.7105 3.9415 0.318411 -0.767076 -0.556964 148 122 66
-1.2638 7.7506 3.4084 0.309767 -0.21557 -0.926053 155 135 75
2.5859 -3.15935 2.9764 -0.336778 0.0869836 -0.937558 151 124 82
1.76 -1.6484 3.3223 -0.189489 0.628437 -0.754428 148 141 86
-3.9481 -0.7095 2.4127 0.478231 0.00591579 -0.878214 143 136 103
-6.4926 1.3298 1.5075 -0.108702 0.799806 -0.590335 161 148 108
-4.08935 2.68385 2.36295 0.362375 -0.151487 -0.919639 153 147 96
-6.1299 0.6653 1.5935 0.388024 -0.181547 -0.903592 153 153 107
5.4037 -4.0246 1.8107 -0.548008 0.0874773 -0.831886 175 123 113
-5.939 4.9095 1.6083 0.175761 -0.347414 -0.921093 175 162 96
-6.2249 2.6955 1.5939 0.441831 0.281439 -0.851808 170 134 116
3.8827 4.272 2.4621 0.163746 0.940968 -0.296255 152 135 98
-7.5544 5.7879 0.93 0.482206 0.330198 -0.811447 178 158 116
7.0744 -1.9082 1.2263 -0.280464 0.565293 -0.775747 160 141 126
2.9893 -5.6457 2.8012 -0.471379 -0.330785 -0.817547 152 149 95
0.6367 -7.1473 3.7717 -0.287781 -0.54666 -0.786349 128 124 76
7.7564 -5.2206 0.8908 -0.182494 -0.138065 -0.973465 162 164 113
-1.7723 -0.3142 3.3174 0.588927 0.119872 -0.799247 152 133 69
-1.7965 1.364 3.34585 -0.0606272 0.705807 -0.705805 155 122 80
5.6041 -3.1843 1.7844 -0.0578243 0.13344 -0.989369 154 152 111
7.5354 5.084 0.9519 -0.575312 0.0295833 -0.817399 180 150 104
6.591 0.1657 1.4694 -0.978436 0.20211 -0.0426 165 165 114
-4.038 -2.1644 2.3387 0.19584 -0.507674 -0.838996 137 134 106
4.8798 -6.8212 2.1401 -0.546974 0.642808 -0.5363 152 145 95
7.1554 -1.6979 1.0742 -0.962303 -0.271973 -0.0019027 162 146 137
-2.0321 6.1455 3.1568 0.447052 -0.0037916 -0.8945 150 119 71
-4.8988 -5.3989 2.0272 0.46422 0.361261 -0.808696 164 128 102
-0.9167 0.6691 3.6019 0.332161 0.303338 -0.893115 161 128 80
-3.8095 -0.1437 2.616 0.0429033 0.582451 -0.811733 140 155 91
4.0165 7.2037 2.4587 -0.369246 -0.0719353 -0.926543 147 148 107
-3.9689 -0.9419 2.3567 0.513702 0.05762 -0.856031 154 139 100
2.4953 -3.2734 2.9547 -0.344723 0.243241 -0.906642 144 122 80
-2.0307 6.7387 3.1651 0.977828 -0.2072 -0.030351 135 142 96
-3.1342 -6.6544 2.7187 0.410953 -0.0623954 -0.909519 150 151 90
4.8108 -7.1084 2.0458 -0.679237 -0.155737 -0.717205 134 150 104
3.3789 -1.9971 2.6816 -0.227818 0.240197 -0.943612 169 130 77
-6.0764 4.9791 1.5598 0.180816 0.0688365 -0.981105 148 147 116
-1.6649 1.3049 3.3116 -0.0357393 0.70441 -0.708893 144 127 64
-0.2132 -3.8994 3.9097 0.580601 -0.136777 -0.802617 136 128 68
-2.751 4.5195 2.8822 0.181113 0.798215 -0.574501 152 136 75
1.8323 0.1613 3.2687 -0.790953 0.00758893 -0.61183 161 126 76
-3.3533 1.5923 2.6091 0.508604 0.0601685 -0.858896 135 144 92
5.188 7.1238 1.9651 0.0456177 0.521334 -0.852133 162 135 81
-4.0558 7.0161 2.3564 0.904211 -0.344535 -0.252383 146 139 97
0.8778 -6.5049 3.5519 -0.0382407 -0.997745 -0.055152 155 136 72
6.6953 3.9987 1.2352 -0.54255 -0.137222 -0.82874 169 156 98
-4.0046 -4.7577 2.4537 0.349528 -0.267196 -0.898018 161 139 93
1.7773 7.6058 3.235 -0.227058 0.0591521 -0.972083 166 144 66
4.4892 7.3136 2.2314 -0.551583 -0.203431 -0.808932 155 147 94
2.2038 3.5416 3.0522 0.864792 -0.440292 -0.241409 149 146 84
3.9211 -4.7993 2.4387 -0.479961 -0.256839 -0.838851 171 134 91
-0.08675 -2.9946 3.94805 0.0841245 -0.303703 -0.949046 130 141 71
6.487 -4.0798 1.3169 -0.309187 -0.865736 -0.39358 161 161 85
-3.7132 -2.0538 2.5528 0.311184 -0.272171 -0.910542 160 132 96
0.3618 -2.4143 3.9116 -0.395875 0.209567 -0.894072 137 143 69
4.0763 -2.9716 2.4203 0.024338 0.0448755 -0.998696 145 153 96
-0.8522 3.0144 3.6411 0.666534 0.113543 -0.736777 129 144 89
7.4723 6.4084 1.1069 -0 -0 -1 171 143 122
-0.6588 -3.3708 3.6856 0.403647 -0.528144 -0.747083 136 139 84
2.7551 -7.5306 2.9948 0.0359152 -0.0534774 -0.997923 144 138 86
-2.8178 -0.3864 2.8648 0.40648 -0.0573778 -0.911856 149 123 83
-2.5085 7.9607 2.9188 -0.888406 -0.19176 0.417089 126 157 89
-3.30265 -4.3329 2.731 0.916159 0.332901 -0.223225 147 137 92
6.3062 -7.9242 1.4513 -0.84534 -0.0906821 -0.526475 165 145 110
-3.7628 -4.1032 2.5282 0.296117 -0.213859 -0.930902 164 137 112
-5.8378 4.7014 1.6726 0.184545 -0.393039 -0.900813 145 138 97
-2.0119 4.8556 3.1971 0.343689 -0.13843 -0.928824 154 152 60
-0.6217 6.9563 3.7021 0.194742 -0.430457 -0.881352 142 121 76
-6.1276 -2.7278 1.627 0.408139 0.113926 -0.905783 154 152 97
6.1883 -3.025 1.5678 -0.14267 -0.0202588 -0.989563 165 148 94
2.1461 3.8156 3.1016 -0.190563 -0.0153921 -0.981554 148 136 89
-0.7722 7.46 3.7275 0.384147 0.543784 -0.746143 132 115 68
-7.8373 -2.8044 0.8336 0.384724 0.134674 -0.913154 188 135 113
-6.6949 6.3623 1.4215 0.434645 -0.768087 -0.470241 135 154 89
-5.5404 -2.6744 1.7812 0.870461 -0.274522 -0.408578 163 167 91
7.1161 3.4123 1.1546 -0.499341 -0.252711 -0.828731 193 148 121
-5.6682 0.4141 1.6616 0.45629 0.341131 -0.821845 159 139 99
0.3836 -1.2712 3.9294 0.31679 -0.0538451 -0.946966 136 123 63
-4.4704 -7.8349 2.3297 0.254306 -0.371791 -0.892804 153 142 111
-1.3357 -3.4456 3.4423 0.303777 -0.158672 -0.939437 141 121 73
1.7177 -2.0756 3.2138 -0.704399 0.349251 -0.617936 159 127 80
5.3053 4.9278 1.8776 -0.197941 -0.000143234 -0.980214 160 125 92
-2.1601 -0.2015 3.0994 0.119166 -0.654605 -0.74652 150 138 81
-6.0577 -6.2339 1.6481 -0.19426 0.41743 -0.887703 170 127 119
6.2247 6.6898 1.5664 -0.64271 0.706025 -0.297409 150 139 104
4.9648 2.5557 2.023 -0.452793 -0.224797 -0.862812 171 149 96
7.4715 -1.7239 1.1359 -0.944935 -0.211023 0.250133 167 162 106
3.3439 -0.241 2.6101 -0.556509 -0.782813 0.278392 157 145 91
-4.7269 -0.8806 2.1415 -0.723747 0.0355157 -0.689151 174 137 98
2.9156 -1.288 2.8521 0.0758927 0.342271 -0.936531 153 140 79
-1.009 -1.6908 3.5079 0.221731 0.0236962 -0.97482 127 141 79
-7.8177 -2.4661 0.8974 -0.509969 -0.347412 -0.786916 175 143 126
-6.6482 -2.0128 1.324 0.381175 -0.2258 -0.896504 174 165 114
-7.3002 -4.781 1.1 0.478477 -0.204294 -0.854005 159 166 97
3.0927 -3.8782 2.7001 -0.489748 0.298476 -0.819182 147 144 107
1.2184 -6.3617 3.5785 -0.842334 0.49227 -0.219417 122 125 65
3.4249 6.1292 2.6153 0.0460543 0.177691 -0.983008 153 140 97
-5.32 7.5432 1.8968 -0.0250609 -0.374732 -0.926794 160 141 110
-6.0915 0.6135 1.5695 0.293313 0.00671328 -0.955993 183 136 106
-6.3252 -2.3021 1.4558 0.511235 -0.165691 -0.843318 156 148 96
4.8496 -3.9589 2.1527 0.0216994 0.702152 -0.711697 166 154 104
3.98145 7.4513 2.3929 -0.597191 -0.130301 -0.791445 154 140 95
-5.9051 -1.4075 1.5943 0.111511 -0.161399 -0.980569 165 169 93
-6.8068 1.4174 1.1992 0.462812 0.806546 0.367815 167 144 108
-2.1615 6.4461 3.2302 0.30271 0.301223 -0.90423 134 136 80
4.2686 -4.0524 2.3345 0.0476778 0.122494 -0.991323 134 138 99
-5.6508 0.3222 1.6949 0.675637 0.178963 -0.715183 174 145 121
-0.2688 7.4393 3.8576 0.252506 -0.401851 -0.880202 156 137 82
2.17 0.6552 3.1474 -0.373758 0.0939229 -0.922758 149 132 74
7.1715 1.4806 1.1892 -0.248191 -0.206493 -0.946447 177 137 125
-2.6194 -7.7097 2.959 -0.0315921 -0.977063 -0.210594 148 123 98
3.9752 3.8744 2.4177 -0.496398 -0.421242 -0.759042 184 143 89
7.4571 5.0794 1.0606 -0.581032 0.0379576 -0.812995 171 138 107
-0.1127 5.9654 3.9054 0.163675 0.168232 -0.972064 135 140 76
-2.39745 -2.9385 3.08345 0.598588 -0.14088 -0.788572 147 127 89
3.6286 1.6902 2.5017 -0.0724634 -0.183421 -0.98036 158 136 88
-4.6556 0.9462 2.0943 0.371094 -0.0565354 -0.926873 160 150 89
5.5012 5.2406 1.7916 -0.557025 -0.143662 -0.817976 178 139 111
-7.5051 0.0683 1.0304 0.445216 -0.0882964 -0.891059 167 168 122
-6.141 7.3002 1.5127 0.199144 -0.12227 -0.972313 169 156 104
-2.9466 -2.4358 2.7709 0.942363 0.160884 0.293376 157 139 87
-3.8267 -4.2522 2.5024 -0.210178 0.0423101 -0.976747 176 147 99
-4.0956 -6.6465 2.3964 0.342256 0.308888 -0.887383 146 138 90
0.4814 5.6807 3.7734 -0.337528 -0.430281 -0.837218 144 125 81
-3.9842 6.7785 2.3918 0.433235 0.0721433 -0.898389 141 142 91
-0.3832 0.1031 3.9258 0.457088 -0.199124 -0.866845 139 135 82
-4.0396 -5.8262 2.3945 0.165415 0.338565 -0.926289 160 133 83
-5.3584 0.9035 1.803 0.454269 -0.352198 -0.818288 158 175 108
2.9327 -0.8159 2.8134 -0.438787 0.328823 -0.836266 149 146 84
7.5133 3.8683 0.983 -0.351644 0.455404 -0.817896 165 137 110
-0.7973 6.2177 3.6959 0.0590489 -0.375882 -0.924784 124 117 73
-5.5421 -1.9902 1.8234 0.772153 0.266006 -0.577079 168 134 126
5.763 6.3135 1.6956 -0.0149973 -0.0340814 -0.999307 171 145 107
0.2343 1.7008 3.8878 -0.0315075 -0.789557 0.612867 164 134 74
7.3433 -4.0481 1.04935 -0.529642 -0.126485 -0.838738 182 146 123
-7.1443 4.9063 1.1988 -0.0159912 -0.373508 -0.927489 159 146 107
5.3134 -5.3018 1.8942 -0.513475 -0.225942 -0.827824 160 139 92
1.2423 0.9269 3.4551 0.215795 -0.454651 -0.864132 138 108 71
-5.3128 -7.0891 1.8717 0.336444 0.0773169 -0.938524 174 168 115
-0.1856 -5.223 4.011 -0.00275397 -0.323118 -0.946355 167 144 63
7.1353 4.1197 1.1363 -0.560897 0.0838586 -0.823628 149 138 133
4.988 -6.7269 2.0025 -0.751999 0.390226 -0.531245 148 147 104
6.0035 -3.1412 1.5454 -0.146972 0.303232 -0.941514 167 133 123
2.9752 0.5317 2.8832 -0.0434956 -0.895774 -0.442376 140 151 88
0.6213 4.555 3.7729 -0.604277 0.643776 -0.46947 128 134 77
7.0581 2.8383 1.1761 -0.278601 -0.01306 -0.960318 169 155 111
5.5027 1.9096 1.8196 -0.453609 0.095236 -0.886097 173 149 109
-6.2116 -4.3501 1.547 -0 -0 -1 177 137 101
0.2228 -0.1329 3.9113 -0.624419 0.461797 -0.629955 140 114 72
5.7 1.7371 1.7143 -0.999396 -0.0297052 -0.0180337 168 156 107
-1.6127 3.8731 3.4192 0.489959 0.135852 -0.861095 120 142 74
7.7284 1.1216 0.8766 -0.863735 0.235137 -0.445727 168 160 122
-0.449 2.3602 3.7703 0.385309 -0.0790462 -0.919396 137 121 68
-2.1753 -6.5102 3.1483 0.332959 0.102599 -0.937343 157 116 83
-0.9787 7.8164 3.6161 0.185951 0.427632 -0.88462 153 142 91
5.4501 3.8857 1.8042 -0.266575 0.14476 -0.952881 163 127 104
-5.6721 7.4152 1.8069 0.349181 -0.936933 0.015102 156 148 104
0.7522 -6.3517 3.7151 -0.92893 -0.212881 -0.302936 142 128 70
6.8383 7.0057 1.3067 -0.267308 -0.0984244 -0.958571 152 147 107
-2.3148 -4.19 2.9407 0.884112 0.00227797 -0.467269 154 145 77
-2.5409 6.856 3.0242 -0.487233 -0.145344 -0.861092 150 115 83
4.5173 4.1527 2.1547 -0.772128 -0.174791 -0.610955 152 132 109
-3.7314 6.1687 2.4986 0.447222 0.0112159 -0.894353 157 144 77
3.4289 -1.4072 2.6466 0.301517 0.859463 -0.412809 155 145 100
-3.8256 -0.5087 2.4807 0.0781908 -0.0813528 -0.993614 149 143 103
3.7561 5.1099 2.4709 -0.604292 0.00138781 -0.796762 155 146 106
-5.4495 1.9627 1.831 0.362588 0.667888 -0.649966 163 143 112
-0.3403 -1.3405 3.8026 0.314144 -0.17561 -0.932992 141 142 87
-2.7312 -0.9596 2.8569 0.326518 -0.150959 -0.933058 157 147 87
3.5933 2.3609 2.5892 -0.0601442 0.129051 -0.989812 162 119 80
7.3797 -4.9522 1.0963 -0.253366 -0.068532 -0.96494 165 158 114
3.9723 4.2424 2.431 -0.335946 0.894551 -0.29482 159 137 101
-1.132 -2.8185 3.6472 0.223426 -0.961796 0.158209 146 147 85
6.014 -6.2405 1.6847 -0.72188 0.684042 -0.104767 174 161 98
-3.2932 -7.077 2.663 0.325338 0.192868 -0.92572 164 138 99
1.3985 7.4521 3.4775 -0.278144 0.0977054 -0.955557 144 131 83
1.5535 -6.9989 3.347 -0.370208 -0.110981 -0.922296 134 122 75
5.9998 5.2292 1.5882 -0.382537 -0.0756665 -0.920836 153 145 106
7.313 -7.21 1.0657 -0.23652 0.135118 -0.962186 176 147 110
-5.231 -1.7042 1.9315 0.78308 -0.359165 -0.507727 149 146 100
6.7902 5.6062 1.3748 -0.381259 0.246115 -0.891106 167 150 84
1.7915 5.419 3.2879 -0.182815 0.18181 -0.96619 143 126 83
0.903 5.0385 3.7013 -0.36437 0.340569 -0.866745 139 125 75
-4.969 -0.8575 2.0511 0.409661 -0.269208 -0.871611 149 153 86
3.0351 -1.7035 2.8477 -0.517673 -0.185233 -0.835286 158 147 91
-6.5764 -0.8232 1.45 -0.391039 -0.328277 -0.859839 150 148 100
-0.5301 -3.3686 3.8097 0.382374 0.302721 -0.873012 137 135 82
-6.9818 6.4123 1.2478 0.261994 0.00789179 -0.965037 187 129 105
-1.7745 1.7826 3.2946 0.205143 -0.306243 -0.929587 131 140 73
5.2111 3.2691 1.9645 -0.34203 0.0010054 -0.939688 163 143 88
-6.0625 1.3894 1.5425 -0.141779 -0.56724 -0.811257 174 146 123
-5.27 -4.5658 1.9911 0.774965 0.245751 -0.582268 150 137 113
7.96805 -2.451 0.85045 -0.873493 0.122084 -0.471281 169 146 127
-3.5724 1.2885 2.6226 0.809289 0.587176 -0.0165987 167 134 84
5.6916 0.9755 1.8066 -0.321794 0.278278 -0.904992 154 142 107
-2.6286 2.6623 2.9359 0.291613 -0.0748027 -0.953607 159 127 74
4.3446 6.2132 2.2578 -0.630855 -0.0350023 -0.775111 163 142 92
-4.5639 5.3356 2.0093 -0 -0 -1 150 144 96
-0.1842 7.3628 3.9298 0.418359 -0.519467 -0.74507 149 138 91
-3.7419 -5.2072 2.543 0.810513 0.0572988 -0.582911 169 131 81
0.85595 -1.86025 3.626 -0.402641 -0.050181 -0.913982 145 126 70
-4.0829 7.8575 2.3482 0.556104 0.294467 -0.777198 147 139 97
4.8989 -3.743 2.0569 0.465783 -0.636106 -0.615155 173 143 112
7.6387 5.0547 0.9061 -0.159904 0.108689 -0.981131 179 143 104
1.7366 -2.1699 3.2542 -0.314674 -0.0310849 -0.948691 140 135 83
6.4031 -7.7004 1.4317 -0.71794 0.58232 -0.3814 176 146 115
2.7628 -0.0559 2.8902 -0 -0 -1 142 137 80
6.1863 4.4337 1.4884 -0.289458 -0.192723 -0.937588 173 157 107
0.443 -2.4001 3.8792 -0.0442801 0.0792353 -0.995872 125 120 72
-4.5905 0.9296 2.1598 0.175661 0.578913 -0.796243 167 131 99
3.8618 4.7067 2.4727 -0.309582 0.0959424 -0.94602 165 119 103
-4.9854 5.1607 2.0146 0.492459 -0.0346388 -0.869646 167 160 109
-0.0038 -0.3414 3.9845 0.165254 0.103552 -0.9808 150 134 77
-3.9345 4.1156 2.4081 0.643668 0.60484 -0.468892 152 155 85
0.2072 -3.8321 3.8906 0.0119038 -0.877771 -0.478932 139 144 71
6.1965 -6.0184 1.5352 -0.571528 0.0115496 -0.820501 162 139 106
-5.8881 0.549 1.6929 0.218295 -0.516885 -0.827754 147 131 95
-7.7871 -2.878 0.8167 0.0487677 -0.525336 -0.849496 158 151 112
2.9193 -3.5182 2.8651 -0.259747 0.0881092 -0.961649 130 145 93
-5.9743 -6.7363 1.5969 -0.144043 0.179791 -0.973102 175 160 118
-7.6103 -6.3168 0.8897 0.290785 -0.519884 -0.803221 161 181 118
4.0933 -5.2067 2.4096 -0.400736 -0.209732 -0.891865 147 157 100
-5.0492 -6.4747 1.9813 0.583801 0.0869465 -0.807228 146 160 106
-5.00295 1.84075 2.00105 0.11904 -0.0730426 -0.990199 151 151 107
6.7093 -1.7368 1.2616 -0.352026 -0.638655 -0.684249 157 138 101
-6.8618 -4.4448 1.243 0.386635 0.0896912 -0.917861 155 154 128
1.6089 5.3634 3.3292 -0.382378 -0.0350919 -0.92334 132 136 73
-5.1527 0.8832 1.8743 0.0467217 -0.436114 -0.898678 169 140 101
-2.1915 -4.5326 3.1049 0.661697 0.0247021 -0.749364 155 144 92
-1.0613 3.357 3.5805 0.799851 0.600001 -0.0154102 146 118 83
2.1177 6.8614 3.1062 -0.510015 -0.0832853 -0.856124 159 133 81
-0.4675 -2.8271 3.8109 0.370832 0.131106 -0.919399 141 122 79
4.5044 -2.5797 2.1763 0.0614834 -0.00803476 -0.998076 157 150 90
5.5311 -6.1622 1.7511 -0.454231 -0.209961 -0.865789 161 155 102
-2.0687 4.3564 3.1812 0.379379 0.242599 -0.89287 140 137 69
-5.2827 -4.979 1.9357 0.623835 -0.334834 -0.706199 165 146 84
3.8111 6.0352 2.48875 -0.0503832 -0.305656 -0.950808 155 145 92
-2.3753 0.4276 3.0278 0.249757 -0.236731 -0.938925 149 151 82
3.4579 -7.2995 2.6664 0.420737 -0.0139467 -0.907076 151 133 73
3.6832 2.8031 2.6492 -0.042552 -0.547763 -0.835551 153 158 92
4.0581 1.8224 2.3445 0.0386231 0.156873 -0.986863 152 125 79
5.9188 -3.7412 1.591 -0.0434578 0.307985 -0.950398 151 140 111
-4.1878 -6.3869 2.428 0.731811 -0.135774 -0.667846 136 142 103
3.7112 -2.8893 2.4649 -0.521986 -0.102007 -0.846832 169 116 108
0.498 -1.6123 3.8305 -0.346601 -0.147208 -0.92639 136 124 67
3.4023 -0.3571 2.7059 -0.8629 -0.443499 -0.242306 144 126 80
6.9773 6.4938 1.2242 -0.347555 0.138155 -0.927426 172 146 122
2.0693 -2.8811 3.2055 -0.0477161 -0.0613444 -0.996975 158 132 80
5.5313 -5.0504 1.7511 -0.554207 0.281599 -0.783299 161 154 108
-7.4102 2.1214 1.1437 -0.860286 -0.0296878 -0.508947 162 148 133
-3.0119 -7.5604 2.8831 0.341029 -0.139294 -0.929675 165 141 68
2.4679 -3.558 3.0907 -0.34188 0.0967201 -0.934753 132 115 86
4.8809 -7.217 2.0098 -0.55352 -0.0884065 -0.82813 159 151 93
3.4572 -2.5306 2.6347 -0.0376667 0.107774 -0.993462 158 133 101
4.2539 -0.4319 2.3508 -0.605763 -0.253389 -0.754218 159 144 98
6.1478 -3.9203 1.6027 -0 -0 -1 153 147 103
-0.3253 6.1071 3.8942 -0.339176 -0.197159 -0.91983 134 134 62
-6.8554 -6.1326 1.1053 -0 -0 -1 156 159 104
7.4139 -5.812 0.9965 -0.699164 0.714414 -0.0279716 161 170 97
6.1816 0.881 1.5722 -0.595506 -0.185187 -0.781715 165 152 100
1.1176 2.4964 3.602 0.0422241 -0.175586 -0.983558 148 108 78
7.718 -4.6198 0.8759 -0.633007 -0.684357 -0.361881 167 155 130
-5.9397 -1.0757 1.6854 0.180065 0.72719 -0.662398 169 136 118
0.7136 -6.5671 3.7295 -0.473987 -0.0981488 -0.875045 126 115 88
2.9546 7.4725 2.7813 -0.611475 0.287431 -0.737213 149 131 94
-3.4791 0.2876 2.594 0.137331 -0.0276327 -0.99014 164 124 92
-1.9301 3.5385 3.2372 0.357338 0.519114 -0.776422 148 157 83
5.9899 -7.0277 1.6083 0.166114 0.42156 -0.891456 180 142 114
-1.4859 -7.4405 3.3913 0.680948 -0.133735 -0.720017 136 125 92
-2.7874 -6.7972 2.8873 0.838528 -0.01528 -0.544643 149 125 81
1.9626 1.0255 3.2184 -0.338471 -0.940879 0.0135353 145 138 67
7.8275 -4.6391 0.8708 -0 -0 -1 187 138 119
-0.1607 -6.5867 3.9871 0.743507 -0.0632169 -0.665733 147 120 74
0.8959 -6.9661 3.6513 -0.302941 -0.0856903 -0.949149 146 148 75
-3.8436 7.9512 2.4422 -0.0145716 0.257068 -0.966283 143 157 82
1.8652 3.8972 3.2381 -0.4977 0.22309 -0.838168 146 123 90
-6.8968 3.2514 1.2509 0.2948 -0.310491 -0.903708 181 154 111
7.0472 3.7699 1.1895 -0.545446 -0.0150905 -0.83801 146 141 105
7.1196 2.8682 1.2071 -0.274557 -0.00343733 -0.961565 179 146 120
4.708 7.4822 2.1107 -0.494693 0.245218 -0.833754 161 156 105
3.5441 -2.6376 2.6379 -0.485694 -0.0522081 -0.872568 134 139 88
-2.4219 -4.6529 2.974 0.533038 -0.81922 0.21154 125 140 102
7.4944 -2.533 0.9574 0.362177 -0.0526745 -0.93062 165 133 116
-7.592 3.0671 0.9844 0.132207 0.524456 -0.841111 172 155 110
5.6242 -4.1082 1.8356 0.0311742 0.259861 -0.965143 158 136 95
-1.1779 -2.0033 3.4652 0.867296 0.418345 -0.269787 158 133 81
-6.8147 -1.4658 1.2833 0.77296 -0.00648874 -0.634421 160 133 114
4.0083 -5.7133 2.4205 -0.482023 0.232988 -0.844613 143 142 92
2.942 1.3544 2.7794 -0.673385 0.33482 -0.659127 145 133 82
6.2921 -6.4588 1.4423 -0.166925 -0.394678 -0.90353 177 134 104
7.3967 -5.2482 1.08815 -0.301495 -0.0379217 -0.952713 165 139 114
-3.3795 4.762 2.5798 -0.315206 0.598396 -0.736592 144 148 98
-6.3374 -4.493 1.4782 0.714402 0.0955704 -0.693179 177 141 111
0.785 -3.7005 3.7485 -0.566817 -0.163402 -0.807476 139 127 83
1.5584 0.1853 3.4277 -0.207082 0.246466 -0.946769 142 146 65
-3.9199 1.9332 2.4241 0.427254 -0.171932 -0.887634 153 136 94
3.7617 1.8735 2.5701 -0.851814 0.0728232 -0.518758 153 138 100
3.8611 1.9743 2.3917 -0.611472 0.218394 -0.76053 163 144 81
6.5345 -2.9764 1.398 -0.599406 0.388699 -0.699733 146 159 108
7.7682 1.9436 0.9157 -0.336667 0.204825 -0.919077 162 142 101
-4.1733 -2.2243 2.4469 0.10445 -0.373294 -0.921814 172 132 82
4.8945 6.498 2.0309 -0.602661 -0.499754 0.62213 163 151 102
1.0503 2.5414 3.5734 0.0145006 -0.0114607 -0.999829 163 119 66
-1.1226 0.8571 3.4527 0.908042 0.270216 -0.320067 165 127 74
0.6102 -2.585 3.7364 -0.384608 0.185889 -0.904169 147 152 89
0.5862 -3.0626 3.8263 -0.795284 0.530124 -0.294093 142 129 87
4.9948 7.5092 1.9126 -0.31877 -0.126518 -0.93935 173 133 86
4.3449 -0.7212 2.2261 0.0704123 0.997508 0.00443411 157 136 96
-0.8892 6.0452 3.6387 0.0817699 0.599011 -0.796555 165 129 71
-3.47 6.7451 2.5704 0.370139 0.385459 -0.845232 153 136 83
1.7597 -4.4547 3.3518 -0.0989435 0.0503439 -0.993819 145 131 103
1.874 -4.8983 3.2006 0.255736 0.855395 -0.450443 130 125 87
4.5569 -7.3549 2.1879 -0.296136 -0.481587 -0.82485 162 153 98
4.0181 0.4344 2.363 -0.453836 -0.108933 -0.884402 144 143 75
5.0195 6.4211 2.0301 -0.12047 0.173812 -0.977382 151 131 125
-3.9648 5.1582 2.4839 0.44518 0.348954 -0.824649 143 126 103
3.307 0.0576 2.7051 -0.0776591 -0.0684981 -0.994624 152 141 113
-6.993 2.0579 1.2915 0.427074 -0.00121051 -0.904216 172 148 107
0.5061 -5.0925 3.7819 -0.565714 0.130788 -0.814163 139 122 80
4.865 -5.2404 2.0616 -0.390298 0.449905 -0.803276 165 152 91
-3.8064 4.0216 2.4719 0.270579 0.154723 -0.950183 164 132 74
-1.5355 -7.2517 3.3317 0.560316 0.253446 -0.78855 135 136 79
-7.3307 -5.8888 1.025 0.316858 -0.28274 -0.90535 147 159 127
7.1689 -6.4696 1.2099 -0.271894 -0.0161095 -0.962192 152 138 127
-3.8457 3.3889 2.5452 0.92474 0.296829 0.238221 142 145 89
-3.7476 4.8745 2.5079 -0.689008 -0.299868 -0.659809 166 119 101
-4.7561 1.2377 2.0957 0.308148 -0.150797 -0.939311 161 139 88
-1.9772 6.9751 3.2653 0.0313858 -0.0820795 -0.996131 138 142 82
-2.7011 6.4524 2.9071 0.243683 -0.573744 -0.781944 163 136 83
-7.7213 -1.6803 0.9013 -0.172922 0.199052 -0.964612 174 163 119
-3.3965 -3.5978 2.6881 0.261014 -0.0273856 -0.964947 152 140 86
-1.7323 -6.3233 3.3172 -0.0160543 -0.547094 -0.836917 150 134 96
-0.7329 -3.6594 3.7155 0.67995 0.0415873 -0.732078 157 112 73
0.3814 7.6663 3.7859 0.336402 0.928581 -0.156748 156 123 66
2.1522 0.584 3.1891 -0.167395 0.0792143 -0.982702 150 140 85
2.3874 -5.2892 3.0518 -0.675064 -0.0410841 -0.736615 157 139 63
-5.5414 6.0525 1.7843 0.560661 0.118024 -0.819591 176 137 125
-1.7096 1.3255 3.2473 -0.0357393 0.70441 -0.708893 158 138 88
-2.2595 7.5782 2.9914 -0.890087 -0.298 -0.344878 147 128 91
-3.4053 -2.8062 2.6795 0.219312 0.149015 -0.964208 155 127 106
5.4048 -4.5277 1.8542 -0.516931 -0.167724 -0.839435 165 157 103
7.5029 -3.4273 1.059 -0.156331 -0.54087 -0.82645 175 159 108
-6.4117 -0.8968 1.3802 -0.0253748 -0.19087 -0.981287 153 131 113
5.8455 -6.9093 1.7391 -0.282092 -0.0994628 -0.954218 179 145 102
-0.7214 0.1477 3.6878 0.07389 0.041965 -0.996383 137 143 62
3.5991 -0.3065 2.5597 -0.144653 0.0818924 -0.986088 163 134 78
0.2025 -3.7662 3.9537 0.210399 -0.327571 -0.921102 145 138 69
3.3537 0.4511 2.6664 -0.521879 -0.513101 0.681447 160 139 97
-4.0282 -1.2849 2.3864 0.26143 -0.350369 -0.899386 148 131 95
7.5517 7.1331 0.9718 -0.448709 -0.0537195 -0.892062 168 167 117
5.7839 -7.6629 1.7372 -0.313488 0.0595203 -0.947725 164 138 108
-4.1756 -3.1965 2.275 -0.82736 -0.555308 -0.0843112 154 143 100
4.1566 5.6664 2.3469 -0.350051 -0.284862 -0.892367 159 137 92
-7.7302 2.7283 0.8412 0.129817 0.219499 -0.966937 161 150 120
6.652 0.4169 1.4104 -0.482221 -0.157004 -0.861866 158 160 116
-0.8664 -3.6052 3.6226 0.553185 0.0686072 -0.830228 125 107 91
7.7953 0.446 0.8241 -0.767772 0.466288 -0.439433 168 142 128
-6.4077 -2.5206 1.4726 0.267936 -0.00300419 -0.963432 174 144 103
-4.6841 7.2025 2.1538 0.404518 0.00471622 -0.914518 174 144 87
-0.508 5.2311 3.7995 0.498521 0.206719 -0.84187 146 121 73
-4.295 -6.0595 2.2772 0.830596 -0.512505 -0.217829 142 149 76
-0.9959 -3.5528 3.5055 0.278227 0.281724 -0.918271 139 131 62
5.5047 1.5157 1.7961 -0.329316 -0.20453 -0.921802 152 150 114
4.546 2.0024 2.1567 -0.316077 0.0211036 -0.948499 163 142 109
-5.7077 2.4402 1.7276 0.205307 -0.239347 -0.948979 157 125 99
1.3895 3.5704 3.4442 0.406804 0.105016 -0.907459 155 146 83
-6.6263 -0.9914 1.3068 0.385717 0.0639463 -0.920399 162 147 111
5.2053 3.0007 1.8704 -0.758363 0.394212 -0.519117 161 148 96
-7.5483 -6.9719 0.9771 0.357094 -0.153975 -0.92129 180 134 116
-5.3361 3.1206 1.8723 0.286373 0.345756 -0.893556 152 145 108
-7.51 4.0475 1.0573 0.539811 0.178844 -0.822569 168 128 89
-2.0082 5.2255 3.2151 0.453908 0.241376 -0.857733 144 131 89
-0.6532 6.7615 3.663 0.380893 -0.0751066 -0.921564 149 130 85
-2.7465 1.4408 2.8263 0.247385 -0.0597063 -0.967076 147 122 108
2.628 -6.1222 2.9545 -0.252207 -0.139811 -0.95752 133 124 90
-2.9487 3.007 2.7699 0.926135 -0.327388 -0.187326 146 144 95
3.2353 -1.3426 2.6347 -0.422166 -0.178192 -0.888833 138 120 89
-1.4728 -4.2083 3.3897 -0.0456836 0.967009 -0.250613 144 137 81
-7.4329 1.2551 0.9997 0.237987 0.0230725 -0.970994 172 138 127
0.0463 4.0216 3.9283 -0.0813328 -0.406669 -0.909948 136 116 76
-6.9498 1.459 1.2551 0.10662 0.675246 -0.729846 151 151 104
-2.398 4.1171 3.0668 0.518039 0.172024 -0.83788 129 158 96
-7.0774 -7.4786 1.1687 0.430309 -0.301341 -0.850898 158 153 131
6.686 2.523 1.3218 -0.614215 -0.0904813 -0.783935 172 148 121
7.2466 5.6614 1.0421 -0.514845 -0.231486 -0.825439 181 155 104
-4.178 -0.7779 2.2975 0.0512364 0.0195814 -0.998495 163 158 82
-0.9667 3.2392 3.6772 0.589495 0.175539 -0.788468 155 132 79
-1.0518 3.04 3.539 0.187589 0.0899344 -0.978122 143 131 77
-3.0192 7.2815 2.8019 0.358436 0.916004 -0.180169 154 134 90
5.7116 5.8001 1.7221 -0.742134 -0.440445 -0.505218 167 140 109
6.0114 6.7312 1.5745 -0 -0 -1 177 139 88
0.2246 -1.8767 3.8843 -0.48645 -0.388057 -0.782802 150 119 86
2.8269 6.6072 2.8248 -0.908733 -0.182528 0.37535 153 132 95
-6.3575 -3.0879 1.4814 -0.698775 -0.160231 -0.697166 170 150 106
6.5879 -5.0742 1.3758 -0.0998031 -0.29365 -0.950689 177 144 107
3.8029 1.9392 2.5091 -0.386905 -0.15626 -0.908784 129 126 91
-1.1567 -0.0087 3.512 0.826067 0.213292 -0.521651 158 137 63
-5.6172 -6.9294 1.8036 0.57057 0.140186 -0.809196 173 143 103
-7.7076 -7.7135 0.8936 0.981824 -0.189402 -0.0122027 159 150 108
0.8645 2.388 3.6986 0.0746001 -0.499295 -0.863214 159 141 82
-7.2841 -1.7121 1.1319 -0.329945 -0.493452 -0.804762 183 155 103
2.1672 2.7304 3.1677 -0.375351 -0.103205 -0.921119 153 145 93
-6.8216 7.6043 1.179 0.755977 -0.241311 -0.608496 155 135 105
5.3091 -6.8335 1.9348 -0.2724 -0.0865072 -0.958287 156 146 101
-1.7599 3.6617 3.3045 0.0328626 0.0539658 -0.998002 154 145 82
5.5088 -5.0919 1.7521 -0.569008 0.0941035 -0.81693 158 137 111
4.85605 5.5548 2.07845 -0.523328 0.0647924 -0.849665 163 139 102
1.5258 0.9707 3.4494 -0.184744 -0.543238 -0.819 154 135 72
6.1983 -5.7184 1.4559 -0 -0 -1 169 144 96
2.6304 -3.6272 2.9326 -0.889439 0.229336 -0.395353 144 131 86
7.124 5.3455 1.0963 -0.255408 -0.132806 -0.957669 156 141 121
-1.3199 1.8205 3.5343 0.747308 0.149386 -0.647467 144 130 75
6.9217 -2.3128 1.2651 0.0634501 -0.168313 -0.983689 173 139 105
3.884 -5.7726 2.4128 -0.329853 0.137116 -0.934021 141 142 84
5.2414 7.6771 1.9205 -0.218637 -0.0661406 -0.973562 158 145 111
-2.6108 1.1316 2.8725 0.247426 0.566296 -0.786186 151 132 91
2.0018 5.4504 3.2356 -0.593886 -0.193753 -0.780871 149 127 65
-0.9508 -4.607 3.6864 0.437279 -0.446884 -0.780437 155 122 80
4.90365 -0.3856 1.99225 -0.385423 0.0522 -0.921262 156 148 106
1.6847 3.5505 3.3808 -0.256449 0.0611017 -0.964624 151 134 68
6.1428 5.0698 1.5054 -0.026454 0.840994 -0.540397 168 152 108
3.5764 6.7388 2.563 -0.0761829 0.161013 -0.984008 144 151 86
4.1627 4.2904 2.2295 -0.0997714 -0.314585 -0.943971 151 139 104
-0.5022 7.0636 3.8595 0.608687 0.321644 -0.72529 130 129 60
-7.5671 6.1345 1.0107 0.650007 -0.258044 -0.714775 176 149 112
-4.3988 -4.7002 2.1761 0.0595016 -0.150176 -0.986867 174 153 99
-7.752 -5.7186 0.853 0.284852 -0.194625 -0.938606 159 143 124
-0.0751 4.7054 4.065 0.521832 -0.16117 -0.837685 117 147 49
5.0804 4.3845 1.997 -0.179122 -0.353477 -0.918133 156 143 107
-2.5408 7.6528 2.9354 -0.0541853 -0.116393 -0.991724 146 145 89
-0.1699 -7.6265 3.9546 0.516001 0.199307 -0.833078 148 124 81
6.7471 0.7091 1.2595 -0.264201 -0.157103 -0.951586 163 136 104
-3.9954 0.0217 2.4247 0.151446 -0.12954 -0.979941 147 140 107
0.8481 7.7113 3.5991 -0.732085 0.672465 -0.108822 141 136 83
-2.0908 1.919 3.1874 0.191744 0.0863809 -0.977636 142 149 91
-2.9731 6.0726 2.7733 -0.225755 0.469026 -0.853844 154 134 97
2.9317 -2.5259 2.8661 -0.442356 -0.428753 -0.787713 137 138 91
-4.3567 5.8012 2.2738 0.648302 0.0679653 -0.758343 141 141 83
2.7476 5.9831 2.9219 -0.0256688 0.331258 -0.943191 147 144 89
-2.8188 1.9476 2.9268 -0.499646 0.615001 -0.610023 134 119 90
-7.4932 -4.4547 1.047 0.241928 -0.0583351 -0.968539 158 149 123
-4.1253 5.8903 2.31 -0.2902 -0.570199 -0.768542 141 123 109
-5.3656 7.1748 1.858 0.287833 0.148585 -0.946084 171 161 111
1.1746 -2.6659 3.5715 -0.318943 -0.248972 -0.914488 150 147 68
3.4977 -0.1134 2.6407 -0.497198 -0.0409006 -0.866672 144 132 95
7.481 -3.4023 1.0209 -0.156331 -0.54087 -0.82645 168 158 106
1.6086 5.4235 3.3776 -0.129875 0.127195 -0.983338 150 140 67
-5.1085 2.2593 1.9013 0.776615 -0.158907 -0.609605 138 140 86
-4.3228 -6.9618 2.2657 0.152077 0.0699226 -0.985892 173 151 90
-6.9018 -6.7081 1.1971 0.144941 -0.262044 -0.95411 154 149 124
0.0562 2.5955 3.9695 0.158437 -0.249843 -0.955236 138 118 86
7.8243 -5.5072 0.9332 -0.553581 -0.457238 -0.696047 173 150 108
-4.1186 1.7417 2.3411 0.48747 0.169222 -0.856585 152 154 87
4.2304 -6.6943 2.2771 0.135868 -0.0592387 -0.988954 157 132 91
2.7621 3.6531 2.913 0.110283 0.402616 -0.908701 140 120 87
7.939 7.4374 0.8231 -0.573538 -0.0135107 -0.819068 159 144 123
-3.4742 7.2237 2.6364 0.923661 0.333931 0.18799 155 147 95
-3.012 6.1194 2.811 -0.223649 0.332212 -0.916306 156 118 94
-7.1588 -5.0941 1.227 0.508081 0.841448 -0.183901 148 148 117
-4.248 -4.5348 2.2894 0.199524 0.0491429 -0.97866 158 138 102
0.5876 5.2702 3.76 -0.59406 0.561935 -0.575606 135 131 71
0.3306 -7.4437 3.9453 -0.230926 0.175863 -0.956946 125 136 53
0.7234 1.2141 3.6955 0.097868 0.370722 -0.923573 150 132 66
-4.0038 7.8015 2.3598 0.335703 0.302021 -0.892237 157 133 97
-3.2823 5.5711 2.6441 0.404504 -0.185211 -0.895586 153 142 98
-7.8929 -1.7426 0.8152 0.515965 0.0696785 -0.853771 170 147 144
0.0945 -4.0721 4.0011 -0.465952 0.606093 -0.644624 128 123 70
6.121 1.8674 1.5472 -0.630823 -0.0485261 -0.774408 154 126 106
-7.3078 2.015 1.1367 0.445681 -0.163333 -0.880165 165 154 100
-4.7217 6.8752 2.098 0.462061 0.0262825 -0.886458 152 148 89
-4.5363 -5.279 2.1842 0.325241 -0.316113 -0.89123 148 160 110
4.2949 -1.9386 2.2291 -0.323409 0.482563 -0.813966 157 141 104
-1.4216 4.4646 3.4613 0.823048 0.115845 -0.556032 148 137 95
-3.4067 5.2346 2.6478 0.502323 0.113406 -0.857211 146 112 74
-3.5723 -3.3623 2.5275 0.368017 -0.237023 -0.899102 163 129 81
-0.6296 -2.5535 3.8263 0.643802 0.156439 -0.74903 139 135 74
5.8244 -3.6284 1.6218 -0.309369 0.250448 -0.91737 161 145 97
-5.2687 -4.2487 1.8701 0.300936 -0.1144 -0.946758 156 146 105
2.389 -3.3846 3.0976 -0.561065 -0.353352 -0.748565 142 134 81
1.5134 4.5257 3.4124 -0.577426 0.191575 -0.793649 150 140 90
3.6679 -6.7397 2.5214 -0.456741 -0.163922 -0.874367 149 145 94
4.3619 3.6336 2.3321 -0.340997 -0.364208 -0.866645 158 149 96
-5.694 4.9997 1.5846 0.451086 -0.118523 -0.884575 165 151 115
-0.0852 1.4291 3.9531 -0.025986 -0.127684 -0.991474 139 124 67
5.7583 -5.9739 1.7362 -0.0852183 -0.204402 -0.975171 161 140 109
7.4975 0.4096 1.0087 -0.740708 0.0484398 -0.670079 187 157 99
6.772 -4.7197 1.3177 -0.525461 0.135323 -0.839987 171 149 113
5.0335 -3.414 1.938 -0.395118 -0.190557 -0.898649 165 126 90
-2.2879 -7.4706 3.1473 0.445592 0.0607363 -0.893173 147 139 81
4.8649 2.8944 2.0256 -0.237941 0.216989 -0.946731 171 128 111
-0.4547 -3.254 3.849 0.757308 -0.205188 -0.619986 145 140 62
-7.5162 6.6072 1.0912 0.563053 0.171495 -0.808431 174 157 105
-4.4731 -5.6712 2.2093 0.350289 0.166795 -0.921671 163 142 97
1.3805 0.3389 3.3509 -0.451872 -0.891982 -0.0134317 152 132 77
-0.91055 0.0592 3.68765 0.913372 0.0308396 -0.405956 129 129 76
2.7707 -6.3713 2.9987 -0.556601 0.112025 -0.823193 155 138 83
-7.6632 -7.7093 0.9904 0.134584 -0.0624046 -0.988935 152 145 100
3.4462 -4.5781 2.6169 -0.485604 0.13692 -0.86339 156 141 101
-7.2472 4.394 1.0638 0.794925 -0.0535667 -0.604338 169 170 103
0.2755 -1.5584 3.9447 -0.00519223 -0.520737 -0.853701 136 151 66
-4.0516 1.4688 2.3715 0.230366 -0.280913 -0.931676 159 148 100
0.0525 -7.011 3.8935 0.52573 -0.69058 -0.496696 130 128 77
0.1325 -7.4297 3.9144 -0.290572 0.614559 -0.733407 135 125 89
3.3853 4.833 2.6661 0.130897 0.577731 -0.805663 142 146 82
0.8992 -7.1316 3.6213 -0.406111 0.188639 -0.894142 146 124 70
-7.8888 -2.9735 0.891 0.323815 -0.179917 -0.928856 173 139 114
2.0614 0.5018 3.1001 0.536643 0.032648 -0.843178 170 118 79
3.4715 -7.4239 2.6079 0.245694 0.574281 -0.78092 160 142 82
4.7053 -2.9786 2.1211 -0.414136 0.234101 -0.879595 170 132 99
-2.13515 1.5088 3.1627 0.624103 -0.00889242 -0.781292 141 122 85
2.6212 4.9103 2.9739 -0.284994 -0.0035609 -0.958523 156 144 101
3.8746 3.5474 2.4484 -0.658537 0.16709 -0.733764 168 146 115
-7.8683 -6.2445 0.8792 0.226994 -0.0761745 -0.970913 163 148 114
-6.17 -2.3306 1.5405 0.281396 0.0125524 -0.95951 174 151 95
-5.7858 0.7545 1.7533 0.219041 -0.87689 -0.427885 146 167 96
2.3845 -7.0166 3.042 0.0433079 0.14579 -0.988367 131 135 84
-1.0364 -1.6091 3.5541 0.24833 0.0351429 -0.968038 141 126 84
7.148 -4.8062 1.1452 -0.453855 -0.188277 -0.870958 168 151 128
-5.899 7.2274 1.6649 0.915879 -0.129131 -0.380119 167 158 116
6.9873 -7.4062 1.1362 -0.75311 -0.408891 -0.515397 158 140 123
4.6757 -2.7602 2.1104 -0.510722 0.168518 -0.843069 177 141 108
-6.6568 -6.8595 1.3165 0.302621 0.192327 -0.933505 146 148 114
0.9992 -3.5547 3.5347 -0.243927 0.231936 -0.94165 140 142 76
-3.4847 -5.0208 2.6501 0.959921 0.2772 -0.0413822 130 148 76
3.8088 1.8799 2.5041 -0.819242 0.164113 -0.549464 139 135 77
4.5212 -4.2561 2.1412 -0.327367 0.522241 -0.787461 162 140 104
-6.0719 -0.9033 1.5261 0.677469 -0.021341 -0.735242 173 146 110
-6.4574 -4.366 1.3923 0.0947084 -0.179965 -0.979103 157 152 97
4.3349 0.7324 2.3217 -0.137448 0.0627009 -0.988522 166 125 104
-5.5656 4.4137 1.8731 0.331936 -0.357919 -0.872762 145 158 104
-2.6845 -2.2842 2.9482 0.355823 0.0650609 -0.932286 155 139 96
0.1498 7.3639 3.9722 -0.602311 0.038632 -0.797327 130 124 64
-4.7554 5.5532 2.1453 -0 -0 -1 165 137 93
-7.4716 -3.3205 0.9214 -0.14954 -0.0491388 -0.987534 165 147 122
-1.5675 6.9118 3.3749 0.632351 -0.0726144 -0.771271 138 145 76
-4.3889 5.266 2.2945 0.631934 -0.13724 -0.762774 167 130 89
6.7689 5.9873 1.2658 -0.434037 0.34373 -0.832743 164 170 104
5.1101 7.4065 1.9884 -0.333004 -0.134908 -0.933225 141 140 111
4.1172 -0.4134 2.4121 -0.0539182 0.34187 -0.938199 168 145 100
-5.9499 -7.5818 1.7192 0.690058 -0.293041 -0.661776 170 146 117
6.7195 -6.7187 1.31 -0.392824 -0.0704146 -0.916914 153 142 111
4.7202 3.4274 2.2028 -0.550761 0.777574 -0.303383 195 160 94
-3.0827 -7.8282 2.7956 0.464457 0.190634 -0.864834 152 135 90
0.1841 -4.7351 3.8584 -0.365719 0.375503 -0.851614 130 131 59
-1.2183 -0.8095 3.5358 0.26813 0.0672895 -0.96103 150 115 86
-6.9008 0.4811 1.3003 0.222477 0.17608 -0.958906 180 139 120
-6.4819 -3.3952 1.4611 0.541373 0.0422257 -0.839722 158 151 104
-0.98545 -7.81855 3.6029 0.404993 -0.0985363 -0.908995 143 111 70
-3.2458 -2.6528 2.7006 0.524463 -0.624138 -0.579128 147 123 77
-4.3206 -4.3886 2.2614 0.272256 0.113981 -0.95545 158 146 90
-3.4876 1.4879 2.6179 0.31781 -0.316478 -0.893778 166 129 95
7.2283 0.0615 1.1507 -0.225274 -0.0551017 -0.972736 179 144 113
2.09325 -2.7958 3.159 -0.231552 -0.188988 -0.954289 147 142 81
-5.8653 6.3698 1.6974 0.325105 -0.211823 -0.921649 156 145 99
-4.7337 6.4264 2.0981 0.393646 -0.0122161 -0.919181 169 145 106
-4.9948 0.4051 1.9434 0.633674 0.503058 -0.587699 157 157 93
2.5681 1.9612 2.9414 -0.812408 0.220496 -0.539792 158 134 84
-7.6314 6.3659 0.8793 0.258711 -0.235838 -0.936723 168 151 109
5.6073 -2.1499 1.7724 -0.00129937 0.0523085 -0.99863 153 153 90
-7.2597 -4.0708 1.1419 0.687112 0.00939967 -0.726491 176 151 101
-2.6068 -1.501 3.0358 0.512171 -0.204334 -0.834223 144 146 91
-1.1284 -1.6322 3.5554 0.297057 0.0993087 -0.949682 132 121 78
-4.3761 -7.3181 2.186 0.12505 -0.0805124 -0.988878 158 144 103
-3.8122 2.7793 2.5263 -0 -0 -1 169 141 100
7.413 5.8458 0.996 -0.34137 0.0898283 -0.935627 174 169 125
-4.4869 0.1007 2.1697 -0.498503 -0.608465 -0.617467 169 140 90
-4.8219 -1.9948 2.0198 -0.170867 -0.128283 -0.976907 167 130 108
0.8654 -1.5945 3.6716 0.431691 0.306077 -0.848504 144 129 90
5.8528 7.7884 1.6468 0.210523 -0.891199 -0.401801 176 142 98
1.7026 3.4783 3.3345 -0.224261 0.135182 -0.965108 131 139 74
-2.8051 -7.2341 2.843 0.469155 -0.233493 -0.851689 162 136 89
4.8496 6.6235 2.025 -0.992406 -0.1051 0.0639112 156 137 90
-7.5957 -5.1569 1.0246 0.293863 0.0682366 -0.953409 161 176 117
5.0965 -5.4065 1.8315 -0.951424 0.293671 -0.0924626 170 139 103
-4.0298 -3.0127 2.4413 0.266423 0.556432 -0.787021 157 137 93
-5.2278 -2.9094 1.9058 0.168366 -0.228034 -0.958986 156 137 114
-0.8704 6.8531 3.6598 0.281192 -0.165896 -0.945204 139 130 69
-3.1611 1.6537 2.7868 0.171109 0.46824 -0.866875 173 136 70
6.856 5.3211 1.2771 -0.244827 -0.0921119 -0.965181 151 153 124
6.7088 -4.3226 1.2843 -0.322125 -0.137274 -0.936692 168 127 108
-2.0224 -4.3298 3.2284 0.243015 -0.35622 -0.902248 128 140 77
-0.1973 -1.3201 3.8933 0.573321 -0.210645 -0.79179 129 136 61
3.5558 2.3866 2.5254 -0.0601442 0.129051 -0.989812 157 156 95
6.2701 7.7858 1.5775 -0.904437 0.424549 0.0418615 162 131 112
2.924 2.172 2.7624 -0.369782 0.387761 -0.844336 155 125 77
4.8345 5.9555 2.0858 -0.341884 0.341759 -0.875395 165 134 94
-1.1554 -3.6892 3.6131 -0.00353844 -0.000862105 -0.999993 153 136 71
-3.9228 0.8323 2.3783 0.386356 0.115595 -0.915078 164 129 85
4.0509 5.865 2.3854 -0.420652 0.0439692 -0.906156 160 129 114
-0.7803 2.2004 3.5753 0.780485 -0.193721 -0.594403 146 143 77
-2.9254 -1.0469 2.7544 0.247522 -0.329345 -0.911189 169 130 83
6.2602 -5.8487 1.4959 -0.44201 -0.161465 -0.882358 174 143 102
7.0849 -3.7116 1.099 0.0571713 0.318747 -0.946114 170 136 132
2.0845 2.9647 3.1197 -0.388203 -0.580917 -0.715425 158 125 78
1.2624 -2.9575 3.4897 -0.391257 -0.00287623 -0.920277 150 123 73
2.9111 5.5324 2.8471 -0.635393 0.0541146 -0.770291 156 151 92
4.3214 -4.0124 2.285 -0.282844 -0.0629244 -0.9571 156 140 101
4.6313 1.0146 2.1317 -0.295007 -0.267882 -0.917175 173 145 101
6.6264 3.9956 1.3915 -0.588561 -0.0204633 -0.808194 187 147 101
2.0685 0.3653 3.1263 0.175037 -0.266239 -0.947881 147 140 96
4.0374 -5.8934 2.3449 -0.268883 0.298523 -0.915743 159 137 72
2.124 -2.3912 3.1345 -0.475434 0.697087 -0.536687 151 128 97
7.6435 7.6762 1.013 -0.485984 0.0818593 -0.870126 174 158 126
-2.7542 0.716 2.9068 -0.686843 0.254419 -0.680821 142 134 105
2.4049 -2.97 3.018 -0.224335 0.252633 -0.941196 165 123 73
5.9316 -4.6532 1.6803 -0.377159 -0.0803304 -0.922658 154 168 105
6.949 -2.9746 1.2488 0.0564938 -0.410708 -0.910015 161 125 117
5.2217 0.8618 1.9244 -0.231474 0.214057 -0.948999 157 144 115
4.3221 -4.1525 2.2546 -0.10235 -0.0687974 -0.992367 147 133 102
-3.5471 -7.4978 2.5888 0.423912 -0.236644 -0.874242 160 135 96
5.4252 -4.3276 1.9236 0.860819 -0.00479697 -0.508888 165 150 116
-3.3291 -6.181 2.6749 0.859434 -0.510008 -0.0355696 171 143 101
0.5395 -5.7238 3.7005 0.0314436 -0.956082 -0.291409 161 132 82
3.3249 7.2528 2.6309 -0.441613 0.0813355 -0.893511 143 136 91
4.544 1.8479 2.1651 -0.417385 -0.28673 -0.862308 163 154 89
-4.1578 4.286 2.2137 -0.395984 -0.766512 -0.505624 154 138 101
-7.7003 4.3396 0.9586 0.364731 -0.0647312 -0.92886 174 151 109
1.4703 3.935 3.4001 0.186942 0.526301 -0.829494 143 128 71
-5.56195 4.50115 1.78005 -0.719768 -0.261801 -0.642958 145 135 104
0.3772 -2.1154 3.7749 -0.234319 -0.660227 -0.713579 140 130 72
-3.9187 -1.6171 2.3931 0.681432 0.252938 -0.686784 165 144 67
-3.754 -5.4726 2.453 0.426126 -0.168831 -0.88877 145 123 97
0.3679 2.7235 3.9927 -0.176963 0.55276 -0.814335 140 128 91
-0.3306 -4.3546 3.8268 0.440416 0.098957 -0.892324 127 134 68
2.9254 -1.3889 2.8046 -0.223541 -0.0400141 -0.973873 153 129 81
7.5052 4.9181 0.9276 -0.524445 -0.0782362 -0.847842 172 160 111
-1.1728 7.1427 3.5472 0.515006 -0.0867673 -0.852784 147 145 70
5.2473 5.6075 1.9017 -0.441909 0.210249 -0.872073 162 144 71
0.5059 6.089 3.8935 -0.83235 -0.501736 -0.235488 149 142 59
1.799 -1.7078 3.2763 -0.360089 0.308055 -0.88059 157 137 93
3.0502 -5.9172 2.7596 -0.228125 0.0472235 -0.972486 161 148 95
2.2553 -6.9549 3.0528 -0.37043 -0.0411526 -0.927948 153 127 71
-0.9421 -1.0574 3.5971 0.456682 -0.107242 -0.883142 145 124 62
-4.6854 0.50085 2.0882 -0.0716109 -0.372845 -0.925126 157 129 97
-4.2745 2.3915 2.3098 0.0450993 0.671133 -0.739964 139 136 89
7.5726 -3.5277 0.8678 -0.867219 -0.0317959 -0.496911 169 150 126
-0.3196 -7.2849 3.8786 -0 -0 -1 159 129 89
-5.7837 4.2215 1.7272 0.104704 -0.551377 -0.82766 164 164 91
-0.2543 -3.7819 3.8799 0.458504 -0.064416 -0.886355 141 132 78
1.8629 0.2553 3.3652 0.562358 0.50034 -0.658342 151 142 96
1.7041 -2.055 3.3493 -0.4367 0.658885 -0.612505 137 125 81
-4.5275 3.9205 2.1965 -0.139201 0.248158 -0.958666 157 159 103
-0.0994 3.3792 3.8627 0.443081 0.434125 -0.784356 142 124 81
7.5094 -2.389 1.0095 -0.14256 -0.113442 -0.983264 156 146 112
6.7534 -0.2812 1.2934 -0.0528092 0.153284 -0.98677 165 161 122
-5.9104 -6.6704 1.5859 0.103575 0.0531198 -0.993202 162 139 99
2.2618 3.5877 3.1492 0.864792 -0.440292 -0.241409 152 139 56
6.5469 -2.4152 1.4287 -0.257933 0.328658 -0.908545 161 138 109
0.9923 -7.9251 3.5849 -0.0894481 0.987959 0.12624 147 113 76
5.6229 -7.512 1.7384 -0.399141 -0.170178 -0.900958 152 131 105
-0.1102 2.6868 3.9218 0.290126 0.368658 -0.88313 143 149 72
-3.7935 1.5422 2.5329 0.207564 0.358824 -0.910034 152 139 84
6.4974 5.5665 1.4108 -0.343211 0.588911 -0.731704 162 142 119
-3.0214 2.5674 2.9224 0.296428 -0.762482 -0.57511 149 139 86
-0.42 6.668 3.932 0.657811 -0.0535142 -0.751279 151 127 60
0.3304 3.1735 3.8075 -0.588316 -0.575437 -0.568117 140 146 68
-1.2435 7.9179 3.4426 0.86272 -0.0985651 0.495983 138 118 77
-3.6681 4.4732 2.583 -0.755847 -0.167123 -0.63306 139 147 82
5.3853 3.666 1.8889 0.163404 0.492012 -0.855116 171 143 117
-3.1261 5.3454 2.7745 0.0146364 -0.244577 -0.969519 159 133 106
3.5938 3.356 2.6222 -0.412714 -0.0759215 -0.907691 156 146 79
6.3678 6.9076 1.4307 -0.0767528 0.231106 -0.969897 151 138 95
-0.9365 2.8856 3.5912 0.55482 -0.136522 -0.820693 153 151 69
-2.1053 -4.1893 3.1506 0.502914 -0.19632 -0.841746 145 126 66
-0.8644 -0.2881 3.6114 0.129634 0.00667181 -0.991539 148 144 70
0.4667 4.322 3.839 -0.50338 -0.200953 -0.840373 131 124 80
2.2918 2.2036 3.0983 -0.164608 -0.0759307 -0.983432 158 140 80
-2.7471 -2.4421 2.8962 0.279249 -0.0528504 -0.958763 156 133 85
-0.1415 5.8738 3.8795 0.0754535 0.275449 -0.95835 125 128 69
-3.9949 3.5841 2.3909 0.391823 0.0948272 -0.915141 161 130 101
0.8942 -3.3228 3.5757 -0.141537 0.595261 -0.790969 142 131 98
2.8494 -5.2646 2.8049 -0.405642 0.0579238 -0.912195 159 132 88
-7.5835 -1.3834 1.0205 -0.697199 -0.199984 -0.688419 188 141 123
5.8064 -3.9098 1.6486 -0.554654 -0.304594 -0.774327 167 159 125
4.626 0.1075 2.1164 0.23769 -0.367778 -0.899023 145 161 106
-1.4919 4.543 3.4661 0.915329 0.158162 -0.370349 135 107 72
-6.7004 2.8645 1.3673 0.574225 -0.10085 -0.812462 170 128 104
-7.7219 -0.5433 0.8957 0.583995 0.157671 -0.796298 169 150 124
-2.2423 0.1434 3.0921 0.325248 -0.818183 -0.474121 141 137 94
5.2434 3.2271 1.9233 -0.33404 0.222359 -0.915955 161 141 85
5.6096 2.9868 1.7994 -0.184907 0.397957 -0.898576 152 136 99
-6.8401 7.2571 1.2217 -0.0749676 0.238404 -0.968268 181 149 126
-6.3007 -7.2735 1.4781 0.0375879 -0.0270635 -0.998927 164 147 112
-5.9128 -7.5345 1.6395 0.382786 -0.187324 -0.904646 173 144 96
5.709 -1.3983 1.7505 -0.103724 -0.113606 -0.988097 174 135 97
6.9944 5.5387 1.2308 -0.50598 -0.157348 -0.848072 164 135 99
-0.6572 1.3206 3.7138 0.2767 0.0814533 -0.957498 147 140 63
3.8947 5.8086 2.4329 -0.525455 0.138156 -0.839529 144 164 94
1.0952 2.407 3.6057 -0.0571828 -0.374481 -0.92547 131 138 77
-5.8702 -4.7462 1.6817 0.19016 -0.143834 -0.97116 180 148 124
-3.046 2.3461 2.7251 0.759473 -0.596611 -0.259339 144 135 76
4.743 -7 2.0312 -0.97042 -0.202761 -0.131046 154 152 100
-1.5905 -6.5998 3.2801 0.0588704 0.82397 -0.563567 149 144 81
3.9283 7.6367 2.4026 -0.336404 -0.0438692 -0.940695 159 147 87
-4.4131 5.2495 2.1727 0.462552 0.756894 0.46169 167 132 91
-6.8142 -7.8469 1.2843 -0.011379 -0.0511871 -0.998624 164 148 96
-4.3594 3.3796 2.3149 0.585642 0.430598 -0.686738 159 140 97
4.8882 -1.5416 2.0764 -0.529013 -0.146165 -0.835931 164 139 96
-5.6802 -7.9974 1.7446 0.184155 -0.489347 -0.852424 171 136 112
2.56 -2.2433 3.0624 -0.133019 0.112554 -0.984702 147 137 75
4.3418 -2.3611 2.3217 -0.043935 -0.403081 -0.914109 190 127 87
-6.0338 -2.8333 1.5931 0.44796 0.469337 -0.760957 172 156 114
-1.634 -4.3505 3.3164 -0.317017 -0.627527 -0.711133 137 144 93
-4.5396 4.1448 2.1405 0.568189 0.361179 -0.739399 159 148 97
-0.1272 0.334 3.9515 0.230454 0.0950455 -0.96843 144 124 71
0.1189 7.1563 3.9779 0.087765 0.391061 -0.916171 125 121 67
-4.8916 0.3442 2.105 0.25625 0.108259 -0.960529 168 140 82
-6.633 2.108 1.3853 0.298903 0.0690455 -0.951782 162 146 112
-6.0324 5.6276 1.6053 0.531267 -0.239162 -0.812746 157 142 106
5.441 -4.3324 1.8265 -0.229085 -0.0432286 -0.972446 156 138 103
2.3212 2.8191 3.0747 -0.279903 0.0623737 -0.958 149 126 74
5.5319 5.2275 1.742 -0.363929 -0.254417 -0.896007 170 142 114
3.2029 -4.6612 2.7784 -0.442004 0.498258 -0.745903 164 131 95
3.4152 6.4849 2.6176 -0.0128186 -0.980798 -0.194605 153 140 84
4.9338 3.7032 1.9358 -0.132941 0.197906 -0.971164 169 156 97
0.5966 0.1319 3.7438 -0.51546 -0.710536 -0.478998 145 130 64
1.3393 2.4859 3.4062 -0.275564 -0.071585 -0.958613 150 133 56
2.7899 -5.5415 2.8065 -0.631611 -0.732026 -0.255355 141 141 64
2.2404 3.6063 3.0998 0.864792 -0.440292 -0.241409 150 113 97
0.8569 -1.1011 3.6624 -0.630594 -0.0751477 -0.772466 146 136 64
4.7564 -1.2826 2.0854 -0.486032 -0.0104289 -0.873879 155 155 99
-5.6977 0.8369 1.705 0.434119 -0.634085 -0.639904 145 138 104
7.28 -0.0565 1.0736 -0.24214 0.00398601 -0.970233 159 141 112
-5.2965 0.4566 1.8989 -0.0418595 -0.218545 -0.974929 147 151 98
0.0418 5.5981 3.9521 -0.162738 0.275758 -0.947351 123 128 81
-0.6008 5.7409 3.724 0.201113 -0.278236 -0.939222 137 127 88
6.9398 -0.0065 1.2171 -0.434128 -0.332442 -0.837266 157 157 104
-0.8701 -7.511 3.6759 0.445046 0.218081 -0.868547 126 138 69
-0.8172 -5.7339 3.6802 -0.241173 -0.148838 -0.959001 150 122 72
-4.2207 -6.6671 2.3077 0.498365 0.101962 -0.86095 160 134 99
-6.0021 -7.0116 1.6098 0.572214 -0.304652 -0.761419 153 151 101
2.1946 -4.9856 3.1922 0.0933092 -0.214381 -0.972283 135 116 86
6.4071 -1.6004 1.4373 -0.414907 0.511805 -0.752269 166 128 98
0.73735 4.2824 3.7507 -0.264197 -0.471767 -0.841211 134 125 73
3.1952 2.1061 2.7134 -0.433281 0.00559304 -0.901241 144 123 94
-1.5317 -7.3666 3.2923 0.26502 -0.551752 -0.790781 158 145 66
-2.4036 -2.8457 3.0431 0.542381 0.242748 -0.804299 137 127 91
4.8254 -6.1577 2.0999 -0.786792 0.0400429 -0.615918 158 130 96
6.6588 -0.8752 1.3256 -0.659801 0.125132 -0.740949 147 136 101
3.8822 -0.7557 2.5542 -0.33039 0.0223033 -0.943581 147 143 97
-1.3615 7.7396 3.4111 0.339292 0.356549 -0.870491 123 131 89
-3.0962 0.9614 2.8022 -0.344217 -0.00726876 -0.938862 137 146 102
0.5362 4.8007 3.7958 -0.680979 -0.272901 -0.679553 139 125 71
-4.9978 -6.427 2.0722 0.28002 -0.203592 -0.938157 161 142 93
-3.6112 -4.4419 2.5323 0.29 -0.0114562 -0.956958 157 136 104
7.041 2.0716 1.2186 -0 -0 -1 172 142 103
-2.3375 -1.5221 3.1564 -0.000598748 0.0781 -0.996945 158 121 71
-1.4534 -4.3981 3.4716 -0.24301 0.225745 -0.94339 146 134 77
7.6947 1.674 0.9271 -0.260901 -0.180892 -0.948266 168 155 117
-3.4163 5.7495 2.6487 0.231547 -0.0129461 -0.972738 155 142 97
6.206 4.8726 1.5277 -0 -0 -1 159 149 106
7.7462 3.873 0.8112 -0.433144 0.123726 -0.892792 171 159 102
-0.5324 6.714 3.8392 0.684287 -0.132121 -0.717144 145 120 80
-0.0833 7.6088 3.9661 -0.4284 0.461436 -0.776885 126 114 84
-2.7626 7.7236 3.0011 -0.225834 0.168277 -0.959522 141 137 84
-5.3939 -2.4944 1.7262 0.910021 0.387264 0.147948 176 134 110
-3.5855 -3.8817 2.5201 0.232031 0.0071017 -0.972682 154 147 108
-2.0081 -4.8424 3.1452 -0 -0 -1 141 138 75
-7.7214 -3.8788 0.8384 0.596227 0.513027 -0.617509 168 155 125
-4.0692 -7.4305 2.3757 0.306214 -0.12325 -0.94395 167 139 93
-4.2184 -0.2046 2.2567 0.651522 0.11917 -0.749211 171 154 82
-1.6652 -1.2539 3.3098 0.228624 -0.422429 -0.877089 151 132 93
1.5662 1.584 3.3697 -0.574977 0.11411 -0.810173 151 119 77
-2.7313 -4.5675 2.9493 -0.222055 0.228118 -0.947974 167 150 85
4.0525 6.9108 2.3772 -0.189946 0.0964469 -0.977046 167 154 90
-0.933 -1.6192 3.5879 0.319953 -0.0285137 -0.947004 140 119 62
-1.3887 -5.2755 3.4547 -0.0285158 -0.489002 -0.871816 147 116 65
-4.4325 3.3662 2.2347 0.439354 0.348581 -0.827925 155 133 107
0.9664 2.6552 3.6237 -0.361865 0.463559 -0.808806 140 116 85
7.258 -2.9967 1.0464 -0 -0 -1 174 134 138
7.6599 -4.9139 0.8867 -0.245251 0.456814 -0.855087 156 141 126
-0.3202 -7.7786 3.8127 -0.0265992 -0.401638 -0.915412 132 124 85
3.1214 -6.41 2.7954 -0.513877 -0.229133 -0.826697 158 154 115
-4.404 1.8553 2.262 0.551743 -0.153007 -0.819859 153 141 93
-3.2641 3.0897 2.7034 0.437441 0.367955 -0.820521 166 144 82
-0.0914 -4.1929 3.9558 0.409679 -0.0541288 -0.910623 135 137 64
-0.5047 6.0441 3.7752 0.506395 -0.060229 -0.860195 142 107 51
0.3213 3.121 3.8701 -0.347864 -0.0756143 -0.934491 142 113 74
-3.972 7.3801 2.4216 0.167929 -0.13237 -0.976872 135 144 91
5.041 2.3431 2.0244 -0.597735 -0.262698 -0.757432 162 145 93
1.2236 5.9991 3.5187 -0.602619 -0.792854 -0.0907378 148 130 78
7.4049 6.0957 0.9953 -0.565863 0.0955594 -0.818943 173 157 108
0.5943 0.012 3.8912 0.703286 -0.293117 -0.647666 140 148 75
5.5054 2.9354 1.7828 -0.218571 0.534294 -0.816552 175 151 100
-5.9226 7.6242 1.6669 0.718991 0.418044 -0.55524 164 165 96
-7.7112 -6.5 0.8426 -0.00634662 0.141015 -0.989987 186 152 126
-6.1998 7.8077 1.4998 0.204872 0.319097 -0.925313 158 127 100
7.1004 -6.5278 1.1431 -0.306997 0.00652416 -0.951688 177 143 109
-1.1559 -5.1769 3.528 0.365985 -0.00540817 -0.930605 146 125 76
5.8201 4.1041 1.759 -0.595436 -0.380335 -0.707673 179 131 116
0.4173 0.3787 3.8908 -0.114412 -0.0978642 -0.988601 146 129 78
-4.8719 -6.3833 2.0559 0.294488 -0.943782 -0.150173 164 152 82
4.8214 -4.5083 2.0128 -0.654814 0.428554 0.622543 157 159 101
-1.4798 -1.096 3.3591 0.371946 -0.0803484 -0.92477 154 123 72
-3.1749 4.5137 2.7332 0.124253 0.0604463 -0.990408 145 114 65
-5.1653 3.2114 1.9673 -0.0500898 -0.0435992 -0.997793 164 144 100
-4.0245 3.0766 2.337 0.908215 0.343257 -0.239416 174 140 67
-0.2788 -0.1892 3.8807 -0.439542 -0.106469 -0.89189 134 120 58
7.6279 1.3683 0.8302 0.233609 0.91941 -0.316404 170 171 107
-5.9531 3.5575 1.6007 0.747576 0.0754914 -0.659872 158 135 90
0.4383 4.3701 3.8153 -0.487748 -0.240774 -0.839125 119 120 50
6.7922 1.0214 1.3525 -0.630464 -0.0355663 -0.775404 159 141 113
-3.9387 -7.20015 2.4447 0.239116 0.282197 -0.929079 155 143 84
5.2938 7.351 1.8828 -0.231404 0.0776763 -0.969752 169 135 96
-5.9532 6.01 1.6756 0.514969 0.14174 -0.845409 155 140 99
-7.1003 -6.1966 1.3032 -0.647936 -0.59627 -0.473963 165 133 119
-2.7618 3.1089 2.9818 0.350038 -0.520114 -0.779073 169 140 71
-1.6837 -6.6215 3.2852 0.237438 0.893701 -0.380686 144 131 81
7.625 -6.6294 1.0752 0.112907 0.77617 -0.620333 164 150 121
5.4361 -6.1181 1.8322 -0.519976 -0.15032 -0.84085 143 131 98
-0.9062 4.8988 3.6173 0.846904 0.356697 -0.39436 133 134 75
7.9894 7.074 0.8086 -0.160781 0.398942 -0.902771 163 159 117
-5.0623 -0.9735 1.9574 0.706418 -0.0777573 -0.703511 165 141 102
3.7019 -4.5201 2.5414 -0.243018 -0.750918 -0.614056 154 136 91
-4.60085 -5.54455 2.19065 0.329374 -0.0572487 -0.942462 161 154 89
-1.2254 0.608 3.5406 0.210545 -0.0712678 -0.974983 136 129 70
-2.311 -7.08 3.0053 0.312056 0.46064 -0.830922 150 149 71
2.1076 -7.5377 3.1818 -0.164592 0.034538 -0.985757 147 137 68
1.7514 -5.5174 3.2435 -0.974064 0.1804 -0.13658 147 124 66
6.0632 7.7425 1.6294 -0.745107 0.170861 -0.644688 174 145 74
-2.2477 0.4788 3.0145 0.657607 -0.155601 -0.737117 149 140 75
4.5562 -5.799 2.1505 -0.522082 -0.365868 -0.770436 135 150 91
6.5624 -1.756 1.387 -0.331358 -0.476746 -0.814196 181 143 98
6.3923 -3.0305 1.4805 -0.586717 -0.120567 -0.800766 148 155 107
-2.4397 -5.4451 3.0714 0.962254 0.258331 -0.0856307 154 124 88
2.447 6.3249 3.107 -0.787272 0.31765 -0.52849 142 129 84
-5.0609 4.3439 2.0425 -0.258649 -0.225515 -0.939278 147 149 97
-7.917 1.8246 0.8116 0.349595 0.0507555 -0.935525 157 167 115
4.6622 -4.4493 1.9969 -0.470544 0.745225 -0.472471 154 134 98
7.5078 6.2636 0.9721 -0.366592 0.200813 -0.908452 167 140 124
4.1256 3.7608 2.3275 -0.419701 -0.170087 -0.891584 151 124 73
-2.7525 -1.7546 2.8495 0.553022 0.084978 -0.828822 151 144 91
6.4735 5.3621 1.5056 -0.493347 0.284797 -0.821888 158 137 118
-0.6715 -1.02 3.783 0.118647 -0.640134 -0.759046 155 131 62
6.1875 -2.8941 1.556 0.369733 -0.0594406 -0.927235 162 158 103
-0.4577 -3.7218 3.8039 0.326059 0.0392577 -0.944534 130 122 83
-5.5788 -1.7372 1.8304 0.984554 -0.000969833 -0.175076 176 157 93
1.7776 3.5291 3.2839 -0.304245 0.231782 -0.923966 145 112 68
7.2743 -3.6087 1.0468 -0.26878 -0.3476 -0.898294 172 137 103
-5.7609 6.2543 1.7443 0.371172 0.44994 -0.812272 169 158 83
1.5947 -5.5807 3.394 -0.257461 0.0694158 -0.963792 150 135 80
6.2983 7.8477 1.559 -0.71238 -0.154135 -0.684658 163 143 102
-4.9197 4.4925 1.9876 0.143202 0.252302 -0.956994 165 135 105
-3.6061 2.933 2.534 0.301867 0.0579912 -0.951585 145 138 106
7.3421 -0.3377 1.0255 -0.233537 0.623079 -0.746481 160 141 113
3.2043 -4.0602 2.7716 -0.409685 -0.178064 -0.894679 152 133 103
4.8488 -3.7153 2.0182 -0.121991 -0.28269 -0.951422 169 136 109
3.8588 1.8351 2.4079 -0.835281 0.191196 -0.515509 137 145 97
-3.7917 -1.5897 2.4618 0.412694 0.363396 -0.835241 141 144 96
-3.6482 -7.63 2.6106 0.522277 -0.444328 -0.727873 147 145 98
-1.2337 4.0479 3.6198 -0 -0 -1 148 130 77
-6.2797 -7.1485 1.4667 0.316493 0.175965 -0.932131 168 143 108
3.4074 6.5188 2.6905 -0.269977 -0.795968 -0.5418 177 138 80
-6.7378 6.9611 1.3143 0.396498 -0.881774 -0.255469 167 146 120
3.4374 -1.6455 2.577 -0.31645 -0.190266 -0.929332 154 144 68
-6.1132 -1.3348 1.581 0.0282493 0.0333039 -0.999046 158 151 104
-3.8187 -4.8295 2.4348 0.689846 -0.701413 -0.179256 157 139 101
5.3 -6.0869 1.8872 -0.445395 0.0780395 -0.891927 173 142 109
3.763 -0.716 2.5257 0.544726 0.772657 -0.325999 154 142 79
5.8403 6.976 1.6349 -0.209223 -0.274328 -0.9386 158 129 86
3.0806 -1.0394 2.8263 0.00450024 -0.607364 -0.794411 158 148 90
-1.3734 6.1583 3.5416 -0.249685 0.734617 -0.630868 154 143 82
-6.82 -3.2018 1.2313 0.375461 -0.236742 -0.896093 161 142 110
6.9581 -6.0752 1.313 -0.404993 -0.566563 -0.717626 164 155 112
6.8072 1.0731 1.2953 -0.504849 -0.254256 -0.824913 168 149 117
-6.2332 -7.3466 1.4729 0.557699 -0.0502734 -0.828519 150 165 91
-7.5215 3.0571 0.9883 0.369438 0.464371 -0.804907 157 150 126
1.613 -1.3331 3.3243 -0.62004 0.150249 -0.770049 137 124 103
7.64285 4.69195 0.98335 -0.327873 0.115201 -0.937672 180 147 121
5.1717 -7.8508 1.9748 0.086087 0.00676089 -0.996265 181 127 97
2.0147 1.8816 3.1971 -0.239206 0.106122 -0.965152 156 131 77
0.3452 7.191 3.9029 -0.134442 -0.471193 -0.871724 147 120 82
7.6434 2.2024 0.9615 -0.438501 0.0756148 -0.895544 165 146 106
-1.425 7.5774 3.3515 0.580376 0.30598 -0.754679 143 131 89
-0.6855 3.261 3.7603 0.563867 -0.0717598 -0.822742 153 133 75
1.2832 5.978 3.3512 -0.492401 0.00772187 -0.870334 145 149 95
-3.5806 3.6962 2.5357 -0.0406497 -0.0583456 -0.997468 154 153 72
-0.5028 -0.0143 3.7953 -0.140743 0.506772 -0.850514 137 128 75
-1.2618 -1.9165 3.4664 -0.442063 -0.142351 -0.885616 159 135 76
3.2244 6.2268 2.6742 -0.262685 -0.260619 -0.929018 161 132 85
-7.2075 7.5785 1.0852 0.531363 0.0605006 -0.844981 166 140 102
-3.9701 -0.8294 2.3926 0.55262 0.0843307 -0.829156 161 150 97
-5.5873 -4.085 1.7643 0.54854 -0.113102 -0.82844 174 129 85
2.8698 6.566 2.9283 -0.921528 -0.21527 0.32318 150 139 92
-5.049 -6.6394 1.9268 0.431609 0.129763 -0.892679 164 136 118
1.9049 3.959 3.2898 -0.509749 0.318851 -0.799056 163 132 97
2.3032 2.4846 3.0328 0.676567 -0.170649 -0.716335 144 139 92
1.355 4.2757 3.4343 -0.298977 -0.171939 -0.938643 147 115 85
5.45175 -6.0857 1.7611 -0.445146 -0.221859 -0.867539 159 152 97
3.4623 4.3014 2.5525 -0.84944 -0.0849012 -0.52081 155 142 91
-5.6523 -5.1562 1.7201 0.450228 0.0597558 -0.890912 178 148 100
-4.0736 0.0919 2.4361 0.206486 0.0656803 -0.976243 156 154 100
-3.2306 7.4475 2.6633 0.713715 -0.238629 -0.658534 118 133 86
4.4225 -0.6953 2.2838 -0.448955 0.327292 -0.831456 154 155 107
6.2193 -3.4893 1.492 -0.579577 -0.0233558 -0.814582 185 137 89
6.5989 -7.204 1.3992 -0.311434 0.113082 -0.943515 163 153 99
6.5936 2.9863 1.3438 -0.631502 -0.338044 -0.697805 171 148 115
4.2519 2.763 2.2594 -0.0915788 -0.993835 0.0624932 155 155 84
-6.2339 2.8676 1.5553 0.0484916 0.0531153 -0.99741 154 145 101
3.9604 -3.7771 2.4532 -0.518921 -0.263652 -0.813147 173 151 100
5.9192 4.0031 1.6632 -0.587508 -0.196089 -0.785101 143 151 103
-2.6377 -1.0025 2.9376 0.383615 -0.321433 -0.865748 162 144 96
-5.5031 -3.2537 1.8232 -0.0109878 0.401481 -0.915801 160 157 93
-4.7037 -3.5695 2.0291 0.308515 0.474439 -0.824455 154 144 92
4.217 5.4968 2.4141 0.302346 -0.011795 -0.953125 137 149 111
6.4193 0.0249 1.4161 -0.00710601 -0.828168 -0.560436 175 152 107
-5.3536 5.0933 1.7992 0.441342 -0.368099 -0.818364 155 146 99
5.2686 -6.0443 2.0063 -0.689646 -0.00250943 -0.724142 170 144 110
6.0084 -5.0707 1.5386 0.808203 0.0151768 -0.588708 168 135 112
-1.3792 -6.4223 3.4474 0.456644 -0.0288799 -0.88918 139 141 103
-4.6029 1.6717 2.1542 0.213769 0.197699 -0.95667 152 140 96
5.9288 7.8175 1.6546 -0.155868 -0.0913929 -0.983541 170 152 106
0.6515 -4.9591 3.7371 -0.575868 -0.175241 -0.79854 134 139 64
3.2392 -0.5313 2.6205 -0.18514 -0.647077 -0.739604 160 136 87
-5.3514 4.7666 1.8159 0.589376 0.244883 -0.769849 145 149 93
-3.9619 2.9053 2.4874 0.283516 -0.160698 -0.945407 140 143 88
-0.8652 -5.8736 3.6692 0.0809133 0.267523 -0.960148 139 126 61
2.97 -4.2984 2.8471 -0.96167 -0.132907 -0.239846 159 132 82
1.9245 5.5583 3.2323 -0.593886 -0.193753 -0.780871 157 136 70
7.5814 -7.0789 0.9284 -0.330637 -0.0230167 -0.943477 184 169 120
6.7433 5.7857 1.3016 -0.361406 -0.260067 -0.895405 168 133 103
-5.7258 -0.1232 1.6652 0.425278 0.271441 -0.863399 156 151 102
2.6502 -3.4739 2.9889 -0.851687 0.445482 0.275999 152 146 74
-5.4845 7.2909 1.8623 -0.489099 -0.0149756 -0.8721 168 142 104
2.1252 -2.0903 3.1575 0.199539 -0.0258341 -0.979549 157 109 89
1.0129 1.6213 3.6016 -0 -0 -1 150 148 70
-4.3666 4.1088 2.2712 0.325236 0.43005 -0.842187 151 143 80
-6.8371 7.7439 1.2492 0.968493 -0.247683 -0.0259685 167 159 122
5.5369 -1.5053 1.83065 -0.493405 -0.0477565 -0.868488 156 152 111
7.546 7.9198 1.0376 -0.1527 0.48708 -0.859905 167 159 98
-0.2551 -1.6127 3.7995 -0.184673 0.563461 -0.805237 132 140 74
-0.0444 -1.4674 3.9604 0.243573 0.051813 -0.968498 148 119 49
6.6337 -6.7289 1.3319 -0.274924 -0.0461473 -0.960358 172 151 105
2.3623 -1.6352 3.0438 -0.155439 0.42408 -0.892185 160 133 79
3.1814 3.2739 2.7055 -0.351644 -0.0341352 -0.935511 130 129 108
-1.4951 4.6743 3.3413 0.504552 -0.241302 -0.828976 152 113 74
2.3404 4.2499 3.0265 -0.230188 -0.0688491 -0.970708 168 141 92
-0.3931 2.1729 3.8985 -0.0501982 -0.111037 -0.992548 137 129 72
4.8084 -1.0836 2.0968 -0.119332 0.0271733 -0.992482 154 136 93
1.9932 7.2661 3.1817 -0.37072 0.0697411 -0.926123 138 134 85
5.9058 -0.5799 1.6245 -0.145848 -0.105362 -0.98368 165 162 115
-7.8348 7.2661 0.826 -0.239604 0.276136 -0.930773 174 145 128
-6.4 -4.0772 1.4789 -0.235895 0.486601 -0.841174 168 123 102
-1.1839 -0.2079 3.5099 -0 -0 -1 136 140 60
1.2751 2.2899 3.4881 -0.140951 -0.53879 -0.830565 139 118 72
2.7602 -3.4067 3.0625 -0.726084 0.543582 0.421095 149 131 81
3.2727 1.273 2.6775 -0.284557 0.032893 -0.958095 145 136 81
4.0367 5.422 2.3571 -0.150857 -0.0298674 -0.988104 154 139 106
-5.0703 0.7412 2.0955 0.507872 -0.288182 -0.811798 147 147 75
-1.3415 0.7231 3.4458 0.692897 0.0768053 -0.716934 132 141 69
-6.3963 4.1879 1.4421 0.378037 0.262352 -0.88784 165 143 110
3.4142 6.9811 2.5331 -0.408797 -0.810719 -0.419071 154 139 88
5.887 6.3095 1.6931 -0.221803 -0.112554 -0.968574 163 133 95
2.1882 4.63565 3.15455 -0.341667 -0.0249153 -0.939491 136 129 90
2.6237 4.5635 2.9627 -0.11783 0.290493 -0.949595 168 142 72
-5.974 4.4321 1.5841 0.617461 0.194605 -0.762149 180 158 102
-6.0984 -0.0405 1.5471 0.495112 -0.476714 -0.726366 172 152 109
-4.0878 3.8106 2.391 0.561905 -0.109655 -0.819902 165 142 106
-2.6298 -0.4677 2.9881 0.255034 -0.0554354 -0.965342 137 138 73
-7.4444 4.2041 1.0719 0.295951 -0.392568 -0.870806 188 154 135
-1.7881 0.9943 3.2362 -0.650507 0.392741 -0.650073 153 139 72
2.9763 -6.4048 2.9153 -0.248539 0.239193 -0.938624 145 147 79
-4.7668 -1.3601 2.0643 0.352381 0.0648473 -0.933607 147 154 86
1.1357 6.6353 3.5452 0.405489 -0.198218 -0.89235 138 118 80
2.3228 2.0322 3.0761 -0.193411 0.129243 -0.972568 155 135 93
0.3377 6.2615 3.9097 -0.259449 -0.102473 -0.960305 148 130 77
-6.2636 -6.4493 1.427 0.664125 -0.379864 -0.643926 170 149 119
-3.6807 -5.7015 2.5327 0.488896 0.427527 -0.760395 160 135 97
2.859 6.3833 2.8482 -0.795361 0.164465 -0.583396 156 128 96
-2.1519 1.5733 3.0967 0.66396 0.29024 -0.689143 164 122 77
-1.4593 2.1762 3.4882 -0.301367 -0.757056 -0.579693 136 131 77
-6.5372 -3.2123 1.3746 -0.0303994 0.162442 -0.98625 169 155 121
3.4917 4.8079 2.6186 -0.339427 -0.895792 -0.286961 148 151 98
2.3757 -3.6652 3.0098 -0.0650414 -0.34647 -0.935804 151 133 80
-2.2531 -7.6026 3.146 0.39046 0.0828088 -0.916888 142 131 92
6.171 1.5745 1.6288 -0.639705 -0.144701 -0.754877 143 128 95
-6.122 -2.7035 1.4917 0.127426 0.135533 -0.982544 137 137 101
-2.1558 -4.9986 3.0988 0.00611441 0.179991 -0.983649 138 140 83
1.8782 4.5878 3.2307 -0.328457 -0.136759 -0.934566 157 132 83
-7.107 -5.7182 1.1244 0.548348 -0.0419645 -0.835197 158 159 112
-4.9235 -0.8011 2.03 0.57725 -0.706298 -0.409786 147 134 66
-1.6301 4.0594 3.3847 0.526947 -0.300116 -0.795146 143 120 75
0.1042 -3.3293 3.9376 0.16741 -0.321432 -0.932017 139 117 87
4.6005 5.4474 2.1946 -0.329961 0.211048 -0.9201 156 139 79
4.3579 3.8808 2.3333 -0.126582 0.38733 -0.91321 158 129 104
-0.4756 -5.8856 3.7793 0.112638 -0.251203 -0.961358 145 139 60
0.1584 -1.4053 3.8694 -0.567701 -0.250184 -0.784298 114 126 79
7.4675 0.1737 1.051 -0.667245 -0.112419 -0.736306 172 160 107
4.3833 7.3201 2.2584 -0.520664 0.217581 -0.825571 149 149 112
-0.0635 6.3406 3.9925 0.205775 0.107561 -0.97267 143 125 66
-1.8468 -7.0351 3.2079 0.317823 0.214138 -0.923652 153 134 94
0.7458 -7.3626 3.762 -0.302742 0.00882686 -0.953032 128 119 76
-5.2127 -1.5204 1.8629 0.258831 -0.0715672 -0.963268 153 148 94
3.0929 -3.5863 2.7823 -0.863441 -0.281621 0.418521 165 145 76
-2.2548 -2.4923 3.1201 0.452124 0.280684 -0.846641 146 144 84
4.4783 -6.9175 2.2703 -0.367474 0.239171 -0.898755 136 150 104
0.8226 6.8371 3.6874 -0.311778 -0.373449 -0.873687 112 140 68
6.9275 7.0938 1.2448 -0.438521 -0.162494 -0.883909 162 155 102
-3.5791 0.7017 2.5266 -0.0967173 -0.28674 -0.953114 153 131 71
6.863 -3.3865 1.3328 -0.678981 0.0948954 -0.727997 171 148 115
4.6638 7.7232 2.1051 0.00360882 0.0950277 -0.995468 162 149 116
6.9877 -4.6931 1.1737 -0.357558 0.137338 -0.923737 177 169 112
-4.1177 0.6834 2.3557 0.119799 -0.27632 -0.95357 171 148 102
5.2144 -6.1354 1.9366 -0.473722 -0.102397 -0.874701 151 147 102
4.1934 -5.9003 2.3034 -0.503783 -0.35806 -0.786127 169 146 106
1.8227 3.4857 3.3092 -0.421016 0.119688 -0.899122 143 136 71
1.8536 -6.602 3.2105 -0.276493 0.453146 -0.847473 148 122 97
-6.1946 0.48375 1.552 0.265212 0.220455 -0.938649 159 151 120
-5.2806 -0.5647 1.8102 0.0834951 0.481341 -0.872548 161 173 97
1.1376 3.9483 3.5505 -0.34362 -0.20166 -0.917202 139 114 76
-4.4993 0.3289 2.2838 0.59099 -0.792822 -0.148878 151 133 105
-3.1511 -0.4542 2.8705 0.745963 0.278707 -0.604865 131 147 87
-1.2798 6.8919 3.5535 0.458368 -0.201429 -0.865636 152 142 78
3.3662 -4.2926 2.5761 -0.89473 -0.320577 -0.310949 157 134 97
-2.3885 0.1164 3.0384 0.187795 0.170542 -0.967289 154 143 94
3.0953 -5.1488 2.7913 -0.438647 0.355076 -0.825536 142 141 95
5.6963 1.9254 1.7367 -0.300675 0.0649375 -0.951513 171 123 101
-1.8547 4.381 3.2241 0.3984 -0.0215271 -0.916959 138 143 70
7.3746 6.0989 1.0608 -0.364452 0.111476 -0.924526 168 139 92
-4.9604 0.5005 2.0765 0.276318 0.00824011 -0.961031 178 132 99
1.2199 -1.5035 3.5076 -0.329708 0.345714 -0.878507 141 130 69
0.0546 -0.935 3.9989 -0.651223 -0.224599 -0.724889 136 127 66
7.5963 -3.6708 1.0039 -0.54125 -0.328561 -0.774013 166 153 104
-6.2095 2.6221 1.4639 0.619363 0.0440965 -0.783866 146 164 115
1.4878 -3.391 3.3781 -0.44904 0.0837041 -0.889582 141 143 69
2.9024 -2.8132 2.7904 0.141227 -0.26303 -0.954395 140 140 84
5.8589 -2.0636 1.6557 -0.357089 0.0691024 -0.931511 173 156 104
1.9371 4.9336 3.2388 -0.154405 0.305014 -0.939747 139 121 72
0.7612 -3.4837 3.6302 -0.615279 -0.223882 -0.75585 146 143 76
-5.7938 -7.4962 1.6808 0.38085 -0.39158 -0.837626 158 141 94
7.7284 -6.4759 0.9156 0.158959 -0.0905566 -0.983123 159 146 130
2.1349 2.0305 3.2148 -0.373277 0.059342 -0.92582 136 136 81
3.7899 -2.4884 2.5525 -0.0511073 0.359792 -0.931632 146 136 89
2.981 -7.0367 2.7801 -0 -0 -1 144 137 101
0.4656 4.9099 3.738 -0.572314 -0.00631375 -0.82001 124 123 64
3.342 -1.788 2.625 -0.32735 -0.260566 -0.908266 144 132 90
-3.9101 1.0715 2.4567 0.592414 -0.200118 -0.780383 147 145 72
5.6999 -0.4471 1.7865 -0.123603 0.322321 -0.938526 164 144 104
-1.8918 0.442 3.3084 0.460257 0.379528 -0.802572 147 139 82
-0.8084 5.7923 3.704 -0.0474211 -0.580071 -0.813184 155 142 65
-0.8554 -7.1885 3.5933 0.307801 0.00525949 -0.951436 152 117 67
6.4778 -2.1044 1.3991 -0.581138 -0.114794 -0.805668 175 150 88
6.702 -5.9122 1.3524 -0.546869 -0.335951 -0.766858 150 155 119
-7.0038 5.8599 1.2061 0.396376 -0.0069761 -0.918062 175 142 134
-3.2568 3.2641 2.7855 0.269525 0.120303 -0.955449 163 156 88
-3.7007 -2.2918 2.4414 0.819449 0.318822 -0.476295 156 133 88
3.8048 3.493 2.3781 -0.520491 -0.20267 -0.829466 150 126 99
-3.2955 -5.1574 2.6672 0.206208 0.483702 -0.850594 140 139 98
6.5673 0.8551 1.4187 -0.158298 0.0690943 -0.984971 151 149 84
4.1121 -0.0026 2.373 -0.458487 -0.252512 -0.852073 138 148 101
2.0442 6.0043 3.1734 -0.273715 -0.666268 -0.693662 159 118 64
-6.0505 -0.7889 1.6665 0.698509 0.0149643 -0.715445 163 146 96
-0.8148 3.1753 3.6809 0.387233 0.16839 -0.906474 140 120 87
5.2683 -6.5237 1.8234 -0.326581 -0.443047 -0.834898 158 144 103
1.419 -1.2522 3.3952 -0.942253 -0.295461 -0.157677 161 120 96
4.57985 5.91375 2.20185 -0.306246 0.187485 -0.933307 161 145 92
0.1194 -7.3715 3.9502 -0.368085 0.0600602 -0.92785 139 123 64
3.2895 -3.0767 2.6709 -0.334485 0.290253 -0.896589 150 134 97
-4.723 -5.4246 2.1001 0.478877 0.0184748 -0.877688 170 141 116
-0.9612 -1.237 3.6591 0.538568 -0.308234 -0.784179 153 111 78
-3.4348 0.1839 2.6344 0.158987 -0.204195 -0.965934 158 133 84
-5.072 6.2572 2.0127 0.22928 -0.360601 -0.9041 162 152 93
5.7707 -1.5281 1.5776 -0.394447 -0.229297 -0.889851 156 138 116
3.4349 0.3671 2.555 -0.576359 -0.41155 -0.706001 145 149 89
5.3843 5.9234 1.8616 -0.842076 -0.0727824 -0.534425 167 150 109
2.4929 -6.2141 2.9483 -0.159542 -0.285007 -0.945155 152 139 88
-3.0209 6.4469 2.8339 -0.293494 0.674384 -0.677546 150 127 71
-5.5818 1.7181 1.8297 -0.575692 -0.170768 -0.799636 146 147 103
1.3035 -5.4326 3.455 -0.156936 0.855886 -0.492778 142 146 61
0.1416 -5.0337 3.9619 -0.385953 -0.37759 -0.841704 126 121 67
6.0612 5.8401 1.5574 -0.641513 -0.0612024 -0.764667 160 147 107
-3.0055 -1.7188 2.7605 0.379869 -0.195092 -0.904234 154 129 105
7.0591 -1.3817 1.2051 -0.161631 -0.587507 -0.792913 171 149 110
0.0702 -6.7495 3.9905 0.322415 -0.112325 -0.93991 143 133 62
3.5221 -7.7606 2.5368 -0.0461228 0.979859 -0.194289 154 151 77
-5.2507 -3.1316 1.8973 0.394641 0.299916 -0.86851 167 162 88
6.6531 5.0553 1.4032 -0.407926 -0.0232945 -0.912718 177 153 117
-6.809 -5.9843 1.2936 0.280149 -0.170759 -0.944647 148 138 108
1.5497 -4.9518 3.4691 -0.493225 -0.504744 -0.708493 143 123 93
0.2908 7.077 3.9338 -0.460213 -0.134747 -0.877523 145 130 70
2.1805 -4.8109 3.1391 -0.312945 -0.325695 -0.892182 144 126 70
6.4853 3.8154 1.3861 -0.100564 -0.098343 -0.990058 156 157 119
-5.3604 2.3607 1.8111 0.0804639 -0.896355 -0.435973 155 143 90
-4.909 1.4121 2.0633 0.274138 -0.0971779 -0.956768 164 149 93
4.9499 4.6655 1.9699 -0.650471 0.635465 0.416019 163 134 105
-2.5556 -0.1945 3.0625 0.270155 -0.205082 -0.940722 137 134 87
7.5152 -5.1075 0.9158 -0.482338 -0.107775 -0.86933 186 154 127
6.9039 -0.235 1.2802 -0.123898 0.0385187 -0.991547 162 152 98
-0.7046 -4.5988 3.6705 0.335725 0.653354 -0.678541 130 114 78
-2.1849 0.5453 3.1827 0.743214 -0.11003 -0.659944 143 134 74
0.5261 6.2649 3.7949 0.0488476 0.248434 -0.967416 163 127 67
-0.2442 -5.4515 3.9277 0.391979 -0.427447 -0.814642 124 123 69
5.6668 -0.9661 1.6904 -0.502048 0.174381 -0.847077 151 139 103
1.3411 -7.8349 3.446 -0.222629 -0.168666 -0.960202 138 135 82
1.6558 0.9446 3.4224 -0.261282 -0.868002 -0.422261 150 134 77
-2.7535 4.5342 2.9779 0.0806652 0.763532 -0.640712 144 132 91
3.9363 -4.0619 2.4163 -0 -0 -1 155 152 93
-5.1869 2.2083 1.9769 0.431786 -0.273386 -0.859547 166 139 96
-7.39755 -2.4066 1.0818 -0.279517 -0.757113 -0.590466 169 144 109
0.9387 5.7798 3.6048 -0.997469 -0.0612004 0.0362089 155 144 68
-0.3486 3.5492 3.8918 0.0632167 0.138169 -0.988389 128 124 74
5.6267 -6.3428 1.7413 -0.577148 -0.0219534 -0.816345 169 137 99
-2.9613 3.2103 2.7967 0.327372 -0.025844 -0.944542 133 138 87
2.6482 -2.1551 2.9766 -0.57252 0.141036 -0.80767 165 123 90
-7.1669 -0.4901 1.0992 0.345028 -0.084429 -0.934787 169 151 115
2.5766 4.8295 3.0186 -0.12274 0.0874639 -0.988577 154 151 85
7.4824 -3.9894 0.9493 -0.242861 -0.0675078 -0.967709 168 148 120
-1.2255 -4.6035 3.5664 0.177104 -0.429541 -0.88551 141 136 99
1.0374 6.5205 3.5268 -0.372054 0.885973 -0.276818 139 129 74
-6.551 3.2172 1.439 0.615334 -0.0772325 -0.784474 168 151 110
3.1788 1.087 2.7572 -0.238283 0.0379655 -0.970453 135 138 69
6.3487 -5.9155 1.5082 -0.335981 0.174096 -0.925639 164 157 113
-5.981 -1.6392 1.591 -0.174767 0.480887 -0.859188 150 152 100
-2.0861 -5.3328 3.2101 0.807365 -0.205493 0.553113 146 128 64
1.498 -4.4758 3.4794 -0.515194 -0.144215 -0.844854 138 129 77
-1.1951 -6.2559 3.5421 -0.0151294 0.358183 -0.933529 133 144 73
3.64 -2.4246 2.5759 0.215819 0.328614 -0.919475 150 157 90
6.2661 5.6187 1.5154 -0.256483 -0.0886266 -0.962477 168 154 92
2.5057 -1.6394 3.0096 -0.122028 0.139764 -0.982637 148 135 59
-7.8085 -2.9189 0.9152 0.498932 -0.226614 -0.836489 185 155 118
-3.2294 5.8505 2.6163 0.38974 0.011798 -0.920849 150 154 94
4.0654 0.262 2.3829 -0.275823 0.197286 -0.940744 142 157 100
-7.2844 2.1276 1.0288 0.0587011 0.0475358 -0.997143 172 156 111
-3.6655 -2.439 2.5218 0.266585 0.0145187 -0.963702 168 130 94
-0.2474 -5.0078 3.8823 0.138315 0.190247 -0.971944 140 113 59
-4.066 -6.8466 2.4046 -0.0404984 0.167046 -0.985117 150 150 88
7.0966 0.0256 1.1217 -0.106287 0.0423324 -0.993434 179 153 118
-6.7822 1.8544 1.2434 0.670929 0.000215637 -0.741522 171 141 103
-3.1794 -2.5604 2.7092 0.460203 0.112496 -0.880657 156 135 86
-7.3836 7.6773 1.0634 0.31292 0.465925 -0.827644 166 162 131
-1.4862 -0.0621 3.3887 -0.194243 -0.176381 -0.964966 173 143 83
-7.5582 -7.8812 0.9557 0.0280238 0.273274 -0.961528 191 145 101
-6.0158 -7.9877 1.5683 0.761795 0.414262 -0.498052 167 153 118
0.93 -2.3943 3.5586 0.236212 0.310082 -0.920898 141 142 102
5.6262 7.5983 1.7383 -0.351333 -0.220896 -0.909818 143 147 100
5.3883 6.903 1.8201 -0.576375 -0.0508542 -0.815601 164 133 107
5.4019 -1.9836 1.7788 -0.599187 0.546305 -0.585257 154 144 94
2.4831 3.0641 3.0313 -0.414192 0.0142351 -0.910078 154 139 88
-0.78375 2.3344 3.7062 0.692924 -0.127093 -0.709721 136 131 80
-0.3832 -3.306 3.8768 0.326357 0.297203 -0.897308 140 133 72
-1.2419 5.297 3.5304 -0 -0 -1 156 133 83
3.5105 6.5052 2.5238 -0.815791 0.264339 -0.514402 163 134 102
5.6712 5.9878 1.8338 -0.456229 -0.65155 -0.606084 147 136 96
-7.2095 -0.8714 1.136 0.698968 -0.712948 0.0561149 179 135 112
-0.1969 -5.5356 3.9954 0.493038 -0.0354888 -0.869284 146 127 69
6.654 7.9526 1.354 -0.299568 -0.461185 -0.835205 164 161 104
-7.4767 4.4989 0.9973 0.212379 0.178823 -0.960686 156 159 129
6.1963 6.361 1.511 -0.650536 0.300732 -0.697397 160 144 112
3.1518 -0.1366 2.8002 -0.233 -0.14948 -0.96092 151 146 72
-6.1345 5.1082 1.5861 0.0120166 -0.129704 -0.99148 166 148 119
-1.0682 4.2261 3.5331 0.811193 -0.568684 0.13625 132 128 57
-2.0009 -7.8736 3.1774 0.375009 0.449127 -0.810958 156 143 79
3.0396 -4.6694 2.8045 -0.204764 0.0738347 -0.976023 156 150 101
-0.597 5.0236 3.7929 0.356885 -0.506343 -0.785016 132 127 66
-0.6627 -0.7485 3.7039 0.761756 -0.0320073 -0.647073 146 118 77
1.7758 -7.0967 3.2803 -0.489084 0.0600793 -0.870165 163 137 80
-2.7891 7.6291 2.9483 -0.210866 0.452011 -0.866731 150 127 77
2.5553 6.4946 3.0169 -0.551527 -0.130542 -0.823879 142 117 78
-3.0157 -3.6723 2.7752 0.451263 0.163327 -0.877317 135 123 90
-6.4668 2.5498 1.4906 0.0970576 0.0999008 -0.990252 153 137 119
-3.2659 -1.2517 2.6452 0.738228 0.421397 -0.52673 154 137 92
2.3286 -6.9109 3.0359 -0.200739 0.160665 -0.96638 143 137 74
-4.4375 -5.1616 2.2403 0.675358 -0.0376455 -0.736529 143 142 104
-1.6785 4.1051 3.2629 0.196527 0.379562 -0.904052 147 140 66
7.3604 6.2081 1.1211 -0.391935 0.255061 -0.883929 188 133 105
-7.1752 -7.4804 1.0735 0.928214 -0.36721 -0.0597955 161 139 114
-1.4521 7.6983 3.3444 -0.155289 0.627096 -0.763306 155 115 103
-3.978 -3.65 2.3519 0.409818 -0.0364196 -0.91144 153 136 103
4.9418 5.4881 1.9176 -0.563192 0.0718711 -0.823195 167 155 87
-1.344 0.7678 3.5055 0.722189 -0.0733241 -0.687798 155 134 64
-0.8487 -5.625 3.6124 0.486752 -0.233264 -0.84182 158 138 78
5.5832 5.2338 1.8672 -0.263862 -0.352056 -0.898016 131 155 111
-1.4227 4.9306 3.4415 0.0909073 0.195917 -0.976398 156 148 81
-6.8326 5.9312 1.2485 0.061625 0.34152 -0.937852 168 124 129
-2.6259 4.5523 2.9355 0.1754 0.359516 -0.916506 150 137 108
7.4906 -1.2879 1.0063 -0.667243 -0.134134 -0.732663 174 151 105
3.2647 -2.4942 2.7724 -0.376208 0.198029 -0.905125 143 129 82
-1.0569 6.9067 3.5213 0.373509 0.236766 -0.896902 143 117 99
-4.4266 -7.776 2.1306 0.255618 -0.393195 -0.883208 154 118 111
4.8511 -7.7051 2.0231 -0.298544 -0.787402 -0.539324 170 142 77
4.4105 6.4482 2.1901 -0.300413 -0.0176024 -0.953647 169 156 90
-5.5918 -4.8679 1.7574 0.717347 -0.435372 -0.543935 144 147 118
7.4364 1.224 1.0001 -0.970683 0.127289 0.203892 193 152 127
-2.3292 5.1509 3.131 0.52917 -0.376416 -0.760454 147 126 78
-6.0128 -7.9492 1.585 0.761795 0.414262 -0.498052 174 150 106
-2.5899 7.1823 3.0358 -0.387163 -0.287853 -0.875926 154 122 68
-3.1563 0.5135 2.7636 0.443734 -0.583206 -0.680419 152 148 98
3.9636 3.5072 2.3558 -0.0499304 0.224702 -0.973148 166 147 95
4.9488 5.365 2.0817 -0.653379 -0.118691 -0.747669 150 123 107
7.6286 -3.8735 0.947 -0.415424 0.0712325 -0.906835 188 159 108
-4.1486 -2.6654 2.3829 0.615339 0.130847 -0.777327 150 133 95
-3.8632 2.8617 2.3508 -0.810081 -0.266989 -0.522001 167 121 108
-2.8671 7.0657 2.8839 0.176392 -0.00608959 -0.984301 140 147 106
4.3609 7.4535 2.3036 -0.42263 -0.151725 -0.893512 156 155 91
2.6517 7.7587 2.8993 -0.740784 0.14458 -0.656 154 126 91
-3.3722 6.65 2.6849 0.302588 0.0116954 -0.95305 143 144 78
-5.3806 -4.7488 1.7987 0.362588 -0.266863 -0.892924 170 148 96
-0.7498 -2.3501 3.7031 0.790879 0.458357 0.405486 150 113 72
2.7026 -3.3601 2.9286 -0.908363 -0.382187 -0.169735 142 134 86
7.645 1.4202 0.9103 0.284815 0.820797 -0.495149 187 160 110
-1.539 -3.2682 3.3158 0.29516 0.251355 -0.921792 140 138 81
2.6035 5.5467 2.9553 -0.388352 -0.246541 -0.887919 141 131 82
5.2239 -6.5575 1.9044 -0.384613 -0.51451 -0.766389 154 144 87
-5.0379 -5.6946 1.959 0.607287 -0.107804 -0.787134 173 142 86
2.6291 0.2767 2.9702 -0.485878 -0.34066 -0.804906 152 118 72
-4.7351 -7.1969 2.086 -0.480271 0.697008 -0.532465 157 151 98
0.4842 5.7022 3.7532 -0.28255 -0.384243 -0.878933 134 143 92
1.6389 -6.8775 3.3112 -0.183336 0.134713 -0.973776 161 140 93
6.033 -0.7219 1.6014 -0.406386 -0.066382 -0.911287 174 149 120
-7.2252 -3.204 1.1922 0.678658 0.734144 -0.0213259 167 156 121
4.1568 -0.6767 2.3489 0.0353594 -0.17718 -0.983543 156 121 84
-3.1767 6.3748 2.7842 0.0853777 0.597881 -0.797025 176 128 93
-1.197 5.7723 3.5443 0.680092 -0.134007 -0.720776 138 124 74
3.085 7.425 2.7733 -0.232202 0.0852798 -0.968922 140 136 76
4.2877 -0.6713 2.335 -0.082766 0.572209 -0.815921 148 154 99
-0.7411 -3.3175 3.6749 0.445834 -0.417826 -0.791614 141 125 80
-3.2393 -5.4789 2.6841 0.509747 0.17076 -0.843208 144 126 85
-0.9882 1.5543 3.5385 -0.0088328 0.216718 -0.976194 136 122 76
0.5407 5.8874 3.8525 -0.13608 0.27156 -0.952753 120 124 76
-7.4946 -5.2953 1.0557 0.749377 0.172044 -0.639402 150 148 103
-0.0526 -4.9477 4.0113 0.385243 -0.0201253 -0.922596 147 134 70
-4.7249 -5.251 2.1347 0.324966 -0.0699529 -0.943135 151 144 101
5.7253 -0.6462 1.6201 -0.116988 0.104467 -0.987624 174 140 107
3.6802 7.5137 2.487 -0.769686 -0.0542439 -0.636114 140 142 106
5.9056 6.095 1.6514 0.0870583 0.147669 -0.985198 158 147 115
0.669 6.0272 3.7693 -0.535587 -0.255853 -0.804789 137 142 75
1.9975 5.527 3.1555 -0.210437 -0.27814 -0.937206 154 131 81
-6.3822 2.0014 1.4763 0.759611 -0.0522308 -0.648277 172 170 100
1.3583 4.3194 3.455 -0.323761 0.0472804 -0.944957 128 136 70
6.8277 -5.0884 1.2639 -0.0762614 0.241868 -0.967308 171 147 130
4.9995 2.4016 2.0754 -0.591696 -0.255977 -0.764442 154 144 99
-6.8692 -3.6193 1.2576 0.308254 0.100794 -0.945949 150 142 120
-3.2915 -3.8949 2.729 0.803225 -0.00919642 -0.595605 154 125 88
-6.5101 6.8418 1.3953 0.272914 0.397914 -0.875889 163 152 111
-4.8357 3.2689 2.0976 0.121817 0.399905 -0.908425 154 153 104
-6.7438 3.2303 1.2848 0.398736 -0.10574 -0.910949 157 143 120
0.3742 5.9232 3.8285 -0.12182 -0.0420645 -0.99166 150 131 82
-6.6669 3.9903 1.4379 0.00987672 -0.448 -0.893979 150 149 114
3.449 2.0563 2.5929 -0.345388 0.367213 -0.863633 138 143 91
1.8223 0.7105 3.2409 -0.988504 -0.118766 -0.0935629 151 127 61
3.00315 -5.93455 2.7491 -0.220308 0.0500119 -0.974147 150 136 92
2.7466 5.1037 2.8574 -0.630591 -0.248438 -0.735278 136 141 79
6.0786 -2.2556 1.5078 -0.438286 0.06235 -0.89667 157 140 137
2.17095 -1.9024 3.18505 -0.0694129 0.245172 -0.966992 141 138 78
3.44485 -6.86065 2.6109 -0.168016 -0.0592707 -0.984001 165 152 88
-0.4813 1.7692 3.8007 0.315513 -0.0213947 -0.94868 137 103 58
1.6349 -2.8391 3.3839 -0.414585 0.214484 -0.884373 153 142 85
7.0249 -6.481 1.1808 -0.359392 -0.0165087 -0.933041 159 165 109
3.4763 -3.3598 2.564 -0.226396 0.150161 -0.962391 149 145 87
6.6078 2.903 1.3675 -0.400848 0.261541 -0.878019 164 149 91
1.9903 -5.7514 3.1043 -0.500332 0.144386 -0.85371 147 124 81
-0.5109 -4.8029 3.6945 -0.174004 0.537914 -0.824846 131 115 87
-2.9313 2.6859 2.7886 0.273574 -0.727598 -0.629093 141 153 83
-7.4036 -3.7801 1.081 0.219347 -0.551058 -0.805123 161 141 110
-2.3493 -0.6223 3.0342 0.46707 0.106949 -0.877728 163 137 70
-4.4507 -3.798 2.1844 0.53826 0.721034 0.436333 153 159 107
-0.3364 2.6139 3.8642 0.140021 -0.0198796 -0.989949 135 133 62
-0.5254 -4.2591 3.8609 0.55865 -0.324704 -0.763202 142 125 82
6.0606 5.347 1.5635 0.213537 -0.240482 -0.946874 177 159 122
-7.5505 -3.5215 0.9736 0.201087 -0.124285 -0.971657 163 149 112
-3.2614 -3.888 2.6205 0.763173 -0.0169858 -0.64597 152 135 103
-4.785 -2.139 2.0384 -0.178093 0.18927 -0.96564 173 138 97
3.857 1.9809 2.4293 -0.611472 0.218394 -0.76053 160 127 96
6.5882 -1.7348 1.4511 -0.343376 -0.18298 -0.921201 173 154 111
5.755 6.442 1.6504 -0.493133 -0.181407 -0.85083 154 142 92
-6.1742 -3.476 1.4734 0.209909 -0.109386 -0.971583 169 133 106
-0.4272 -2.8963 3.8841 0.299536 0.372141 -0.878515 121 126 59
-0.3253 3.7856 3.8047 0.326121 0.10783 -0.939158 118 125 74
3.5755 -4.8964 2.5251 -0.314658 -0.0155136 -0.949078 157 157 88
-7.9758 -1.7319 0.829 0.515965 0.0696785 -0.853771 163 168 145
2.6135 -1.9602 2.8938 -0 -0 -1 144 106 88
3.7932 -0.7261 2.3723 -0.275044 -0.45545 -0.846709 136 139 109
6.2443 -7.463 1.5341 -0.315859 -0.0906168 -0.944469 169 152 98
7.2704 2.4519 1.197 0.350759 0.418587 -0.837707 152 146 119
-5.1004 -0.8118 1.9337 0.63628 0.0943697 -0.765664 173 137 79
-7.8786 -4.4861 0.8483 0.349861 0.364201 -0.863108 191 161 112
6.6281 7.6234 1.4108 -0.434222 0.142926 -0.889395 176 142 109
-5.5102 -3.00145 1.7899 0.245081 0.0858079 -0.965698 157 137 106
3.0883 6.3125 2.6715 -0.572418 -0.0637501 -0.81748 162 137 78
3.3132 3.6633 2.6987 0.151633 -0.0333948 -0.987873 170 125 72
-1.854 0.8921 3.2404 0.294122 -0.0952841 -0.951006 152 138 91
-2.6578 6.3922 2.8701 0.493028 -0.441646 -0.749582 154 135 81
5.3129 5.8072 1.919 -0.148133 -0.102924 -0.983597 153 140 103
6.7221 -4.7949 1.3688 -0.725626 -0.0958189 -0.681385 167 159 101
-2.28465 3.50795 3.1366 0.168211 0.0599552 -0.983926 143 132 99
1.2587 -2.2148 3.5749 0.97309 -0.050079 -0.22492 128 126 88
-1.9166 4.5199 3.2807 0.0831152 0.27386 -0.958172 135 133 69
0.8953 -3.788 3.5851 -0.280474 0.0372701 -0.959138 141 132 72
1.7969 2.9269 3.3438 -0.191707 0.521536 -0.831413 141 134 91
-3.2793 5.0637 2.6618 0.166053 -0.0784431 -0.982992 157 146 84
0.9146 -4.2006 3.7055 -0 -0 -1 137 139 93
-7.6723 -7.1551 1.0008 0.432174 -0.00745767 -0.901759 175 146 110
5.3154 -1.1079 1.932 -0.526922 -0.353442 -0.772937 176 150 100
3.4706 -1.0339 2.6231 -0.47991 -0.211338 -0.851483 163 138 87
6.4784 -6.337 1.3984 -0.481322 -0.571367 -0.664732 172 155 114
-0.0435 -2.7593 3.9205 -0.104141 0.263461 -0.959032 147 125 70
-5.4119 5.8345 1.8527 0.424726 -0.19009 -0.885141 179 150 119
5.4905 -7.6624 1.7969 -0.68676 0.12375 -0.716272 175 146 100
5.9896 7.6082 1.6609 -0.580382 0.359944 -0.730477 168 132 117
-3.6285 5.774 2.426 0.660073 -0.736025 -0.150237 166 144 91
2.2326 -0.3988 3.119 -0.462877 -0.365582 -0.807523 158 129 99
-0.6101 -2.6618 3.735 0.523998 0.232735 -0.819305 164 125 81
6.5581 4.9237 1.437 0.15278 -0.731916 -0.664046 171 138 100
-7.4648 -5.0229 1.0712 0.0490968 0.0349765 -0.998181 172 131 118
6.2468 -3.6296 1.4858 -0.621425 -0.116482 -0.774767 176 149 118
3.5652 -0.9568 2.5208 -0.32609 -0.436406 -0.838579 154 154 109
1.2581 -1.8293 3.435 -0.822185 0.382296 -0.421737 144 129 82
-2.635 -4.2676 2.8912 0.156152 0.215997 -0.963827 141 120 94
-4.7635 -5.3101 2.1523 0.374801 -0.0627099 -0.924982 177 160 94
-4.399 1.5461 2.2413 -0.73572 -0.322837 -0.595392 143 155 104
-0.8404 0.348 3.6101 0.597224 -0.135085 -0.790617 149 117 87
-7.5621 -5.7618 1.0819 0.140525 0.624633 -0.76817 155 172 113
0.391 2.282 3.8672 -0.344502 -0.41858 -0.840303 150 137 82
-6.4833 7.0465 1.4202 -0.0767108 -0.234815 -0.969008 168 152 111
3.2289 -0.9968 2.7884 0.00450024 -0.607364 -0.794411 147 131 102
7.1047 -3.9412 1.2062 -0.0285372 0.181839 -0.982914 157 169 130
7.5105 0.7118 0.9836 -0.082776 -0.0600916 -0.994755 169 146 122
-1.5778 5.7876 3.2765 0.959206 -0.014643 0.282328 144 147 79
-2.4842 4.8966 3.0017 0.184114 -0.608876 -0.771603 127 131 105
-5.1996 3.0867 1.8892 0.389823 0.127421 -0.912032 165 141 105
-1.3274 5.7963 3.4204 0.587652 0.226358 -0.776806 138 124 95
-2.6283 0.9229 2.9614 0.652507 -0.295531 -0.697779 162 142 97
-4.8957 5.4248 2.0574 -0 -0 -1 137 127 103
4.1073 -0.8591 2.3542 -0.463488 0.0622118 -0.883917 158 128 104
-4.5849 -4.3152 2.1735 0.728077 -0.083919 -0.680339 175 123 93
-3.3058 -4.5926 2.782 0.991057 -0.104764 -0.0826415 158 122 98
-3.0149 -3.8599 2.7623 -0.0316565 0.0925135 -0.995208 143 148 92
2.9767 3.2064 2.7552 -0.633693 -0.287193 -0.718299 153 135 90
-2.4818 -5.2614 3.0518 0.58925 -0.171899 -0.789453 152 143 83
-7.0815 5.8299 1.1374 0.15234 -0.247562 -0.956821 168 141 111
-4.1808 -1.0188 2.428 0.349142 -0.0526928 -0.935587 153 147 94
-3.39 6.7251 2.6344 0.27444 -0.122961 -0.95371 160 149 88
-1.2524 5.8139 3.527 0.491452 0.0225921 -0.870612 142 137 99
2.4568 3.2486 2.9827 -0.324991 -0.0819854 -0.942157 138 126 83
-0.3012 3.0104 3.9628 -0.199012 0.223361 -0.954203 149 136 66
4.5181 -4.5686 2.1246 -0.328714 0.160073 -0.930765 154 138 99
1.5815 6.8965 3.3546 -0.635244 0.0674958 -0.769357 144 107 82
2.576 0.3255 2.9816 -0.4822 -0.237134 -0.843357 156 141 92
0.4194 -2.6813 3.7955 -0.707195 0.637537 -0.30565 156 133 86
6.7009 -3.1853 1.2343 -0.999659 0.0218819 0.0142665 172 151 128
2.91375 -5.58315 2.7811 -0.495858 -0.853911 -0.157991 144 139 87
-4.8179 1.8815 2.0258 0.406161 0.0298399 -0.913314 163 141 94
3.8924 3.157 2.462 -0.348374 0.247908 -0.903979 151 159 108
3.0993 -4.9204 2.654 -0.232935 0.751536 -0.617199 153 155 98
-5.0344 -6.2844 1.9931 0.785817 -0.0734787 -0.614079 161 143 82
-0.9135 4.7801 3.5513 0.654472 0.322284 -0.683959 141 136 65
5.9308 2.6692 1.5964 -0.451351 -0.0824552 -0.888529 166 141 90
1.4478 1.237 3.4368 -0.371475 0.231419 -0.899139 162 139 81
4.3212 -5.5129 2.2696 -0.301932 0.0221421 -0.953072 150 122 80
-4.3555 -1.6678 2.2674 -0.650956 -0.735167 -0.189172 164 126 94
4.7968 -7.1224 2.0926 -0.679237 -0.155737 -0.717205 155 141 94
-5.6801 5.2288 1.7236 0.308841 -0.291347 -0.905392 164 137 107
4.0209 -1.038 2.315 0.60927 -0.792935 0.00665117 169 137 83
-7.5808 -1.1475 0.9238 0.245442 0.443479 -0.862024 180 133 112
-5.8254 -1.5152 1.6097 0.0785817 -0.0545791 -0.995412 174 144 116
-5.5392 5.4327 1.8177 0.619237 -0.137624 -0.773049 176 147 98
5.157 6.6309 1.9688 -0.898913 -0.187874 -0.395801 156 153 104
7.5893 -0.9387 1.0024 0.396477 -0.449366 -0.800548 167 160 97
-6.5354 6.0619 1.3384 0.82951 -0.125098 -0.544301 178 154 89
0.5216 -4.4291 3.8063 -0.253484 0.0137925 -0.967241 135 126 82
-7.811 5.2944 0.9208 0.0930913 -0.00630893 -0.995638 161 140 140
2.4799 2.7028 3.0169 -0.393992 0.656411 -0.643347 150 135 71
-6.0026 3.35175 1.6245 0.235509 -0.0672039 -0.969546 167 146 107
2.8615 5.7395 2.8488 -0.245554 -0.0819706 -0.965911 149 141 88
-1.3963 -7.5354 3.4373 0.526848 0.194806 -0.827334 128 126 63
7.3595 -3.9015 1.036 -0.474403 0.0759733 -0.877023 182 160 122
-7.1691 0.6271 1.0418 -0.632876 -0.264594 -0.727639 179 147 103
-4.376 2.2838 2.2164 0.509795 0.0292141 -0.8598 160 128 92
3.1707 -6.0375 2.7596 -0.147717 0.0571572 -0.987377 156 140 102
-3.0006 1.0841 2.7662 0.28058 0.14805 -0.948344 150 135 84
-2.2006 5.563 3.1536 0.263556 -0.400781 -0.877447 145 129 72
-7.1966 -2.6048 1.1594 0.985818 0.145557 -0.0835272 174 152 110
-7.062 2.947 1.13 0.519904 -0.00898207 -0.854178 187 151 106
4.9483 4.0852 2.0495 -0.468546 0.0190504 -0.883234 170 131 101
3.4578 0.3081 2.5958 -0.723796 -0.687383 -0.0601939 150 129 78
7.3079 5.1325 1.1049 -0.480109 -0.100511 -0.871431 174 147 105
0.0911 -0.5872 3.955 0.0302877 0.224435 -0.974018 137 110 72
-7.4231 -6.9571 1.0803 0.341262 -0.376816 -0.861133 174 142 102
5.2218 -5.9323 1.9652 -0.449386 0.129259 -0.883937 170 135 104
2.5195 -2.4156 2.9635 -0.180294 0.0924968 -0.979254 161 143 85
1.0001 2.6395 3.5834 -0.160595 0.448871 -0.879047 150 125 75
5.06 -6.2395 1.9778 0.00260116 -0.0991907 -0.995065 158 143 106
-6.6516 1.0418 1.3057 0.519457 0.0668117 -0.85188 173 137 111
-2.9807 -2.8369 2.749 0.350572 -0.133737 -0.926938 133 111 100
-0.2426 1.2073 3.8992 0.175576 0.338223 -0.924542 134 127 76
3.394 -7.3875 2.6106 0.0394609 0.6208 -0.782975 152 126 106
0.2388 -1.0825 3.8621 -0.26393 -0.104539 -0.95886 144 127 79
5.5032 0.1987 1.7484 -0.371391 -0.0586251 -0.926624 155 146 92
3.7251 4.4578 2.389 -0.549517 -0.124774 -0.826113 154 148 103
-3.5867 -0.5278 2.4794 0.471446 -0.0470778 -0.880638 150 142 72
4.6735 -2.9583 2.1003 -0.255536 0.0427123 -0.965856 146 149 97
-7.1227 1.5821 1.115 0.504818 -0.247382 -0.827019 171 159 112
3.6633 -4.0994 2.5654 -0.757914 -0.17088 -0.629576 155 134 108
-2.476 -1.7317 3.0757 0.744636 0.371099 0.554799 159 145 82
5.4738 -4.0336 1.9088 -0.158699 -0.189144 -0.96904 156 122 88
4.7884 -6.6423 2.121 -0.154525 0.27695 -0.948378 150 135 83
-7.2067 -7.5713 1.1795 0.928214 -0.36721 -0.0597955 174 143 114
-4.5304 -4.3955 2.1888 0.779717 0.36997 -0.505136 173 142 84
-7.231 -4.2007 1.1184 0.568111 -0.074443 -0.819578 167 144 121
7.1808 -0.937 1.0564 0.0654145 -0.386852 -0.919819 165 156 107
-1.8406 1.5327 3.2387 0.605095 0.132576 -0.785038 167 139 69
-6.0036 4.3286 1.5862 0.221137 -0.15567 -0.962738 151 173 110
6.6315 5.5391 1.3333 -0.576158 0.537352 -0.615869 163 141 112
-5.7619 -1.0806 1.7291 -0.149742 0.495899 -0.855372 173 146 104
-2.5568 1.6969 3.0391 0.26981 0.232445 -0.934437 128 120 95
-3.7366 4.5979 2.4858 -0.305747 -0.182171 -0.934523 165 130 104
7.866 5.2349 0.8617 -0.1029 -0.396741 -0.912145 170 161 115
-5.7398 -6.2862 1.7258 0.575733 -0.151505 -0.803479 153 138 102
-1.1699 7.3103 3.5346 0.469219 -0.253631 -0.845875 155 139 69
1.1547 -2.8633 3.5008 -0.293166 0.0173505 -0.955904 134 138 69
1.2791 -1.5009 3.4812 -0.579325 0.413529 -0.702407 139 139 78
-3.554 -4.6224 2.6088 0.996226 0.0503614 -0.0706909 157 150 114
3.8755 -5.0333 2.4841 -0.45379 0.082399 -0.887291 149 150 94
3.8239 3.844 2.5397 -0.447875 -0.401087 -0.799085 158 139 90
5.8655 2.161 1.6543 -0.560379 0.15046 -0.814455 156 147 92
5.1624 3.0105 1.924 -0.736223 0.308297 -0.602435 149 137 106
3.2516 -6.8734 2.7099 0.539349 0.141415 -0.830123 144 149 85
-5.1994 3.2252 1.9838 -0.109037 0.462774 -0.879745 148 145 89
1.3645 7.2313 3.4286 -0.371895 0.0144544 -0.928162 131 121 69
1.8661 -1.1929 3.2612 0.34802 -0.592833 -0.726245 152 142 63
7.6314 3.6251 0.9028 -0.328192 -0.775628 -0.539158 164 151 117
-0.3732 -3.9127 3.8279 0.217627 0.022357 -0.975776 140 112 78
7.8181 2.086 0.8606 -0.492414 -0.0682883 -0.867678 172 137 123
-6.3224 -4.8699 1.4664 0.499583 -0.107144 -0.859614 159 170 100
-1.8129 4.4633 3.2432 0.508663 -0.0146002 -0.860842 144 140 104
-4.834 7.1399 2.0918 0.4684 0.0105887 -0.883453 155 132 106
6.4513 -7.686 1.4432 -0.00158593 -0.081596 -0.996664 177 140 113
-6.6249 -0.0673 1.3781 0.0440108 0.0877302 -0.995172 157 140 110
5.395 0.0011 1.8703 -0.264904 -0.125304 -0.956099 154 157 103
0.575 0.8222 3.7963 -0.787142 -0.0367747 -0.615675 141 133 40
-1.7128 3.1535 3.3391 0.153402 0.311122 -0.937908 144 144 62
4.7324 -7.7561 2.1012 -0.421638 -0.257064 -0.869563 151 137 94
6.1491 -2.4426 1.5692 -0.165508 0.705861 -0.688744 156 139 99
5.3353 7.4445 1.8447 -0.262545 0.175903 -0.948751 161 147 111
3.6459 2.2797 2.5626 -0.0680376 0.0501601 -0.996421 150 134 78
-7.2921 3.5804 1.0388 -0.405967 0.312128 -0.858934 161 164 109
5.4288 0.2225 1.8165 -0.718839 0.038668 -0.6941 155 153 100
4.7693 7.1005 2.0957 -0.65758 0.0366398 -0.752493 154 152 112
-2.6329 -0.9715 2.9205 0.432005 -0.343278 -0.833986 161 146 98
5.0533 0.905 1.9321 -0.213958 0.194993 -0.957183 154 163 95
4.6849 2.2405 2.0074 -0.746097 0.519282 -0.416756 156 146 115
-5.5689 2.5126 1.7142 0.194322 0.0655705 -0.978744 145 152 106
-2.8965 5.0574 2.7844 0.0970743 -0.195778 -0.975832 158 143 88
-0.6931 4.5073 3.6979 0.436052 -0.11008 -0.893164 137 124 84
-2.4722 7.7748 2.9645 -0.795192 -0.166395 0.58308 147 137 78
-4.1078 -3.7024 2.3283 0.50302 -0.0491799 -0.862874 176 159 97
-4.9518 6.2828 1.9992 0.311627 -0.307899 -0.898936 170 130 99
-7.0879 -3.5259 1.0586 -0.520244 -0.64493 -0.559831 173 154 122
7.7022 7.2804 0.9055 -0.340765 -0.365487 -0.866198 167 176 104
-2.1982 -2.9545 3.1769 0.519111 -0.0943944 -0.849478 139 151 83
-7.0326 -3.9491 1.1961 0.761702 -0.0329397 -0.64709 170 148 112
1.0442 -5.824 3.5845 -0.563453 0.234627 -0.792131 154 140 83
-5.9625 3.0276 1.5066 -0.190996 -0.131467 -0.972747 144 159 107
4.2489 -0.4122 2.3295 -0.577701 -0.188514 -0.794181 152 137 89
-3.6181 -1.0946 2.5934 0.7874 -0.0531969 -0.614143 142 158 103
-2.4944 -3.3831 3.0598 0.182811 0.306891 -0.934023 150 120 83
2.4864 -2.745 2.9783 -0.516552 -0.0618297 -0.85402 146 114 78
6.5623 3.1347 1.2971 -0.0895468 -0.316108 -0.944488 166 151 95
4.9446 -3.3916 2.0357 -0.504217 0.615526 -0.605717 139 133 87
3.717 6.6479 2.492 -0.265026 0.0430948 -0.963278 135 145 89
5.9194 -6.6323 1.6114 -0.161823 -0.0418808 -0.985931 173 153 91
-6.0709 5.9839 1.4844 0.56129 -0.31152 -0.766752 155 146 105
-0.9742 -7.3785 3.6643 0.50171 0.289373 -0.815199 128 132 96
-3.1152 3.3449 2.8372 0.186598 0.104533 -0.976859 143 135 86
-0.5245 -7.1325 3.8054 -0 -0 -1 132 118 79
-0.7534 5.0878 3.749 0.293032 0.523672 -0.799938 123 116 86
3.4239 6.4141 2.6163 -0.652359 0.286353 -0.701733 141 141 86
-3.5903 -1.0366 2.6417 0.939301 -0.0438643 0.340279 139 131 113
-1.219 -2.0704 3.4508 0.841661 0.247401 -0.479999 126 132 92
-0.65 -4.9718 3.7531 0.807216 -0.144249 -0.572359 128 139 63
4.8591 4.4162 2.0835 -0.516419 -0.193775 -0.834124 164 124 103
1.5954 7.0516 3.3706 -0.656105 0.0794905 -0.750472 126 125 70
4.9095 7.6688 1.9775 -0.633429 0.129415 -0.762902 158 149 84
2.6127 2.7485 2.9822 -0.247284 -0.164755 -0.954833 150 127 75
3.8347 4.031 2.4298 -0.246091 -0.340778 -0.907364 143 150 102
1.2241 6.5798 3.5295 -0.0858141 -0.254962 -0.963136 126 132 61
-6.2942 6.0194 1.53 0.449736 -0.0959276 -0.887995 177 150 97
-7.1622 -6.6178 1.1179 0.391805 -0.19798 -0.898495 170 165 108
-7.0978 -6.0796 1.1716 0.500732 -0.338398 -0.796714 175 140 112
-2.2413 -4.1219 3.0801 0.567351 0.125979 -0.813783 148 133 105
-4.1109 -6.6799 2.3615 0.216455 0.165595 -0.962146 154 130 98
1.8722 1.8442 3.2304 -0.536691 0.0396937 -0.842844 147 130 71
-5.6931 6.6584 1.6642 0.78771 0.211762 -0.578507 159 139 101
-7.9306 -3.7167 0.8079 -0.365154 0.158768 -0.917309 182 142 104
-3.8486 -5.508 2.5342 0.725915 -0.259445 -0.636974 164 139 109
-1.2604 7.7545 3.5341 0.367666 -0.238016 -0.898983 150 137 107
0.0228 -6.7249 3.9416 -0.749816 0.313308 -0.582764 134 144 60
4.1698 4.9149 2.3783 -0.177343 -0.099247 -0.979132 170 141 99
-0.4265 -5.4218 3.8853 0.173541 -0.271083 -0.946783 143 115 78
-5.9663 3.7477 1.4866 0.387658 -0.892371 0.231073 169 142 110
2.4135 -0.89175 3.08055 -0.775567 0.244103 -0.582159 145 136 73
0.9483 7.8652 3.6841 -0.350036 0.36684 -0.861919 130 146 84
2.6734 -7.645 2.9895 -0.215755 0.515693 -0.829162 155 133 64
-0.3438 -0.1551 3.9052 -0.615681 0.0378153 -0.787087 140 130 58
6.9291 6.6431 1.249 -0.325697 0.164553 -0.931044 178 148 119
-4.5093 -0.8406 2.2533 0.879655 0.210001 -0.42674 162 127 100
3.4136 -7.5297 2.5139 -0.338878 0.032272 -0.940277 140 113 114
-5.3502 7.3832 1.7756 0.749138 -0.580197 -0.319629 159 142 93
2.8508 -6.7614 2.935 -0.287336 0.0902009 -0.953573 139 147 85
1.5963 3.94 3.363 -0.0236217 0.120365 -0.992449 139 121 78
-6.2876 0.4413 1.5063 0.255027 -0.237928 -0.937204 162 142 115
-2.5933 1.554 2.939 0.175696 0.489905 -0.853888 161 156 95
0.9051 -7.9407 3.6452 -0.0894481 0.987959 0.12624 138 138 84
-6.8144 -5.8715 1.2743 0.162206 -0.276283 -0.947289 152 127 116
-0.6833 0.236 3.6961 0.262881 -0.0516284 -0.963446 131 118 57
-1.4054 5.5754 3.3737 -0.0642468 0.101165 -0.992793 134 129 83
2.7692 1.8023 2.9673 -0.338331 -0.12118 -0.933192 145 140 75
7.0165 4.9153 1.1443 -0.326214 -0.135538 -0.935529 178 163 136
1.6964 -7.2593 3.395 -0.311356 0.792508 -0.524394 156 134 59
-6.8918 3.6055 1.2594 -0.0397043 -0.34846 -0.936482 165 136 100
2.6476 5.1116 2.9903 -0.386392 -0.228868 -0.893488 136 133 106
3.6855 -5.1883 2.5133 0.882575 0.372058 -0.287462 162 124 97
4.1228 -7.1193 2.3362 -0.428828 0.118991 -0.895516 140 135 93
3.3726 7.6301 2.6603 -0.392105 -0.157142 -0.906399 158 140 83
5.4495 5.7002 1.8053 -0 -0 -1 172 153 108
2.1401 -0.905 3.0596 -0.897035 0.269838 0.350022 147 152 107
-5.3637 4.8551 1.925 0.433321 0.13942 -0.89039 153 140 95
-3.8668 5.7216 2.3882 0.189258 0.0182884 -0.981757 149 147 81
7.4737 -0.4924 1.0093 -0.340701 -0.89176 -0.297803 168 151 120
-3.1088 -2.1642 2.7377 0.703062 0.393787 -0.592145 159 145 75
-6.1232 2.8943 1.5579 0.396139 -0.0160619 -0.91805 153 155 112
6.9318 6.3444 1.2566 -0.319112 -0.181928 -0.930091 158 141 106
1.9655 -6.3208 3.3643 -0.950333 0.309524 -0.0325996 133 144 94
6.092 1.917 1.5733 0.0309814 -0.59143 -0.805761 175 157 105
-2.8415 3.0902 2.8137 0.199713 -0.588199 -0.783669 144 153 82
5.3357 -3.6297 1.8369 -0.577553 -0.304178 -0.757567 153 144 111
-6.5477 5.4924 1.4122 0.292299 0.0892623 -0.952152 174 150 125
1.4952 7.3725 3.4256 -0.272543 0.24034 -0.931642 149 119 84
2.0561 -4.2179 3.2114 -0.397171 -0.272424 -0.876379 143 133 68
-2.6655 7.67 2.9839 -0.0694169 0.118183 -0.990562 140 140 69
0.1075 -6.0682 3.9616 0.933106 0.28543 -0.218729 135 117 80
-3.088 -5.6859 2.7375 0.329332 0.0495605 -0.942913 148 135 87
0.5946 -1.171 3.8114 -0.402213 -0.0887426 -0.911235 139 125 65
-4.4537 -1.8986 2.1434 0.292345 -0.806955 -0.513185 147 142 96
-5.5259 -4.5496 1.8102 0.255597 0.027058 -0.966405 129 148 97
6.0616 -3.6835 1.5879 -0.188135 0.36234 -0.912861 160 156 112
3.3347 -1.206 2.7463 0.097385 0.537619 -0.837545 160 139 82
0.4357 -3.4333 3.7991 -0.577177 0.377954 -0.72389 147 132 86
2.987 7.6729 2.7889 -0.703469 -0.231544 -0.671951 162 137 81
2.3989 7.7858 3.0016 -0.405779 0.0591028 -0.912058 151 127 80
5.5066 -1.8966 1.8494 -0.368435 0.649395 -0.665239 162 160 96
3.6139 3.5131 2.5537 -0.450938 -0.342086 -0.824398 154 130 92
-5.53545 0.88795 1.77535 0.321291 -0.443329 -0.836798 169 148 109
2.8943 -6.8372 2.8104 -0.72296 0.247339 -0.645099 159 149 81
-5.4091 7.4468 1.9122 -0.404528 0.183098 -0.896009 161 130 112
2.9187 -3.2257 2.9061 -0.104262 -0.0757376 -0.991662 162 124 86
1.0553 -0.152 3.6247 0.0225629 0.163393 -0.986303 150 129 78
-3.9791 -4.0684 2.3685 0.841214 -0.174082 -0.511913 159 134 84
6.0757 -3.6655 1.5955 -0.188135 0.36234 -0.912861 177 143 103
-1.6308 -7.1828 3.3105 0.371517 -0.200269 -0.906569 158 115 82
7.4066 -2.5969 0.976 -0.296626 -0.154867 -0.942353 173 165 118
-3.1626 -6.9345 2.7004 0.0732471 0.326324 -0.942416 161 154 102
6.7911 -7.7873 1.284 -0.269223 0.213211 -0.93918 152 162 106
4.5196 4.2509 2.158 -0.607604 0.17492 -0.774739 157 133 102
6.9243 -4.1142 1.2084 -0.302106 -0.0084057 -0.953237 148 158 99
5.8373 -0.2298 1.6708 -0.509341 0.509658 -0.693412 176 159 112
-4.9758 4.723 1.8633 -0 -0 -1 181 173 99
-6.0444 -5.05 1.5511 0.392391 -0.250039 -0.885161 148 156 123
-2.0336 5.143 3.1855 0.4525 0.181142 -0.873173 150 136 79
-0.277 -5.0986 3.9233 0.0993011 -0.509383 -0.854791 140 126 71
4.1857 -4.5775 2.3522 -0.175358 -0.290774 -0.940585 146 152 87
-3.512 -4.8637 2.6482 0.243595 -0.262921 -0.93356 152 142 70
-4.356 3.9885 2.1892 0.290225 0.126167 -0.948605 159 149 104
-1.4513 -7.1128 3.4688 -0 -0 -1 157 135 83
-1.6011 -0.4609 3.3756 0.475374 -0.228327 -0.849639 153 126 71
4.4258 -6.3304 2.204 -0.00604582 -0.401803 -0.915706 156 139 84
5.8451 1.9719 1.6645 -0.12624 -0.00985328 -0.991951 161 163 94
-2.3321 -3.7993 3.0681 0.125932 -0.277466 -0.952446 131 133 78
-7.5713 -5.9014 0.9186 0.265328 -0.182408 -0.946746 165 159 127
2.4637 -2.6239 3.0804 -0.518027 -0.213084 -0.828398 137 134 85
7.0393 6.0891 1.1488 -0.24417 0.206479 -0.947495 156 151 110
-0.599 4.316 3.8272 0.42296 -0.898485 -0.117602 145 137 72
0.8052 6.9307 3.6591 -0.427687 -0.0827232 -0.900134 140 131 92
3.1237 -3.6477 2.8505 -0.940537 -0.117975 0.318547 155 137 88
2.335 -6.2053 3.0483 -0.349693 -0.181297 -0.919155 145 149 94
4.4551 -3.7981 2.1728 -0.292858 0.0934857 -0.951575 164 139 118
-2.069 -2.5096 3.1853 0.339486 0.338306 -0.877666 156 145 87
-0.5473 -0.2766 3.7667 0.573947 -0.0879329 -0.814157 142 104 74
1.6521 1.8411 3.3111 -0.37888 -0.35248 -0.855691 142 121 91
7.7989 6.6595 0.8904 -0.43378 -0.0206425 -0.900782 182 158 131
6.9584 6.2523 1.2335 -0.454661 0.349638 -0.819168 155 150 105
7.2324 -1.8601 1.1378 -0.593566 -0.0997237 -0.798583 163 138 123
-4.8553 4.9184 2.0178 0.395118 0.144964 -0.90712 154 159 102
-0.1954 -5.3597 4.0125 0.214202 0.0802878 -0.973484 124 133 84
-1.7839 1.2304 3.2262 0.285149 -0.396672 -0.872549 140 141 79
-3.1538 -3.1696 2.7081 0.409479 0.218624 -0.885737 156 134 68
-3.427 6.8167 2.6463 0.11482 -0.215247 -0.969786 155 125 77
7.1541 -4.9062 1.2041 -0.104391 0.0801103 -0.991305 191 135 100
1.7168 -3.7539 3.3401 -0.668912 0.501696 -0.548504 133 139 81
-3.0664 -2.2059 2.7701 0.72157 0.21251 -0.65892 140 137 71
7.8553 1.9381 0.9133 -0.489582 -0.256663 -0.833327 167 147 121
-1.5123 -5.8301 3.3963 -0.640695 -0.744074 -0.189376 144 132 82
6.6495 7.662 1.2839 0.276828 -0.931152 -0.237323 160 146 126
-3.82805 2.34815 2.4583 0.653576 0.153208 -0.741192 153 145 78
2.7194 -7.4621 2.8904 -0.378254 -0.385237 -0.841734 156 139 90
-7.4165 -0.5918 1.0569 0.460752 -0.0336742 -0.88689 161 173 112
1.6688 -4.3487 3.3405 -0.179702 -0.0740801 -0.980928 141 115 79
2.8582 -2.5153 2.8243 -0.354503 -0.559603 -0.749114 130 164 96
-5.4339 -5.4011 1.815 0.359027 -0.0765734 -0.930181 151 158 104
-5.3338 -2.7851 1.9248 0.159375 0.28059 -0.946503 159 129 100
7.1633 6.9869 1.2238 -0.648437 -0.110497 -0.753207 164 143 119
2.0769 1.0088 3.1072 -0.824588 -0.484531 -0.292037 168 135 83
5.69185 3.29275 1.69805 -0.330012 -0.114476 -0.93701 158 145 102
-2.3669 7.7486 3.08 -0.0686144 -0.22598 -0.971713 133 144 94
4.2467 6.0631 2.3228 -0.201231 0.0988207 -0.974546 173 121 97
-5.5969 -1.8977 1.7272 0.602835 -0.0599721 -0.795609 171 161 95
-4.3595 3.0129 2.2283 0.318836 0.26725 -0.909352 153 123 71
-5.0532 -7.6779 2.0702 0.148678 -0.020835 -0.988666 147 147 91
7.6059 6.1341 0.9107 -0.526638 -0.190597 -0.828447 165 138 120
1.8695 -4.4188 3.3241 -0.555156 -0.340739 -0.758748 142 117 64
-4.6765 3.0597 2.1552 0.179207 -0.0250657 -0.983492 173 157 92
1.5047 6.0285 3.3526 -0.491417 0.118495 -0.862826 150 115 105
-6.4951 -7.1963 1.403 0.704042 -0.471947 -0.530652 163 173 133
4.1839 -6.4029 2.2708 -0.498499 -0.263946 -0.825731 161 133 99
5.8906 -1.645 1.684 -0.247819 -0.21639 -0.944331 152 141 102
4.6196 2.9001 2.1285 -0.305171 -0.262422 -0.915427 157 145 96
-3.1204 5.4049 2.7772 0.0773347 -0.32149 -0.94375 143 141 93
-7.4189 2.6374 1.0536 0.547548 0.147287 -0.82371 168 144 94
5.7346 6.8814 1.6817 -0.201874 -0.396076 -0.895751 154 153 98
7.0013 7.8041 1.255 -0 -0 -1 163 162 115
5.2585 -6.6591 1.9229 -0.450828 -0.200939 -0.8697 169 135 95
-0.7095 -5.16 3.7164 0.318331 -0.0497575 -0.946673 157 118 93
7.4712 -0.4201 0.9164 -0.352612 -0.541965 -0.76285 176 165 135
-5.9253 1.1685 1.6173 0.190963 -0.222629 -0.956018 163 154 105
5.0751 -2.3404 1.9793 -0.248 -0.288257 -0.92488 164 154 109
7.2424 6.2018 1.096 -0.188443 0.242652 -0.951635 155 160 107
6.6802 -5.8901 1.3103 -0.527678 -0.283804 -0.800632 169 146 119
3.919 -5.0192 2.3927 -0.517413 0.101642 -0.849678 143 136 104
4.7747 3.4015 2.0514 -0.665788 -0.43324 -0.607478 146 143 90
2.3634 6.6368 3.0777 -0.461732 -0.272394 -0.84416 171 137 76
-5.6093 -3.3693 1.7217 0.0436197 0.603543 -0.796137 173 139 112
-5.6061 -1.8556 1.8126 0.614848 -0.0488506 -0.787132 158 149 114
-2.9526 -0.4923 2.8306 0.361519 0.0794343 -0.928975 137 127 78
-5.9948 3.0271 1.6328 0.255136 -0.00909058 -0.966862 158 148 115
4.0703 1.0676 2.4729 -0.765213 -0.557325 -0.322239 150 123 84
-7.6654 5.3519 0.8978 0.0862061 -0.212016 -0.973457 174 155 116
-7.7172 4.9712 0.8971 -0.0627862 -0.232591 -0.970546 153 151 125
6.2129 -6.8749 1.5401 -0.386829 -0.156227 -0.908822 177 160 120
3.6931 2.84345 2.528 -0.401296 -0.410059 -0.819032 153 138 95
2.6356 -5.465 2.993 -0.475708 -0.284488 -0.832327 156 122 90
5.7773 -1.4962 1.6996 -0.287625 0.0346681 -0.957115 173 151 98
2.3899 -2.9269 3.0672 -0.244298 0.285983 -0.92657 137 148 98
1.588 0.5545 3.3281 -0.497497 -0.330706 -0.801954 155 142 87
-7.6463 4.1012 0.9707 0.498464 -0.0818889 -0.863034 176 169 106
-3.2401 3.6595 2.6846 0.539289 -0.83645 0.0975647 154 140 95
-3.1617 -3.5505 2.7177 0.0237491 -0.183862 -0.982665 137 134 81
5.6511 -7.5491 1.7233 -0.38228 -0.211651 -0.899481 166 147 99
-3.4851 1.0642 2.5825 0.217333 -0.358731 -0.907788 168 136 110
7.99 6.993 0.7683 -0.760777 0.284573 -0.583298 178 157 103
-5.5931 -7.6767 1.7369 0.360008 -0.286476 -0.887877 179 142 110
3.1361 -2.2528 2.7472 -0.589594 -0.155234 -0.792642 152 141 74
5.8927 -1.1684 1.6296 -0.346603 -0.0847333 -0.934177 153 158 109
1.447 -2.0937 3.316 -0.57643 0.633513 -0.51613 130 130 101
4.2976 -7.1257 2.2412 -0.356268 0.29289 -0.887293 140 138 93
0.1518 -2.3776 3.8658 -0.501297 -0.0582221 -0.863314 131 120 82
3.7919 2.0167 2.5254 -0.233525 -0.494717 -0.837091 137 132 84
4.8853 2.7239 2.0135 -0.398747 -0.129655 -0.907849 164 151 98
6.2021 -6.1342 1.5257 -0.642744 -0.315374 -0.698154 147 133 96
-3.9519 -1.5333 2.4999 0.713436 0.599337 -0.363048 165 126 79
-4.2737 -7.5043 2.2654 0.352816 0.131952 -0.926342 176 129 104
2.7676 2.1971 2.8727 -0.621188 -0.172894 -0.764351 154 141 82
5.9777 0.8429 1.6106 -0.243226 -0.0580076 -0.968234 166 142 116
-5.9391 -1.6474 1.6382 -0.175913 0.160034 -0.97131 168 139 101
7.2687 -6.1541 1.0709 -0.277508 0.194236 -0.940883 165 160 118
7.9441 5.3164 0.6921 -0 -0 -1 175 173 103
-7.5543 -2.4358 0.961 0.498448 -0.393817 -0.772307 177 143 129
0.5015 -4.2486 3.7864 -0.494197 -0.228776 -0.838708 129 138 63
6.66 -0.8521 1.3885 -0.594226 0.068777 -0.801352 168 161 112
1.8062 3.462 3.3464 -0.371643 0.204843 -0.905495 155 133 81
3.3138 -0.7785 2.7145 -0.546655 -0.0954018 -0.831906 160 143 81
2.2865 6.0971 3.0423 -0.461451 0.442207 -0.7691 161 138 76
-7.3267 7.5995 1.0032 0.225604 0.733285 -0.641402 182 150 114
4.5122 4.1722 2.1848 -0.58784 0.144341 -0.795996 148 142 96
4.5293 1.6537 2.2372 -0.222684 -0.013365 -0.974799 148 139 86
-0.047 5.0455 4.0556 0.694731 0.296242 -0.655431 134 116 72
-0.4367 -1.9438 3.8202 0.387738 -0.0672424 -0.919314 149 120 73
-3.4984 -4.738 2.5515 0.291431 -0.179676 -0.939566 155 136 81
5.2049 0.4787 1.8836 -0.115973 0.443782 -0.888599 156 135 106
-0.9697 -7.8925 3.613 -0 -0 -1 144 137 80
1.779 -0.9678 3.2779 0.549975 -0.450001 -0.703581 156 123 84
3.7351 3.3013 2.4905 -0.613839 0.0276621 -0.788946 162 125 101
4.7182 -4.6534 2.0843 -0.659233 0.286096 -0.695386 135 133 113
1.1116 7.7456 3.5268 -0.053298 0.222648 -0.973441 135 130 88
-3.1528 5.6285 2.7229 0.632903 0.422492 -0.648795 156 150 72
7.5909 -7.6888 0.9897 0.446373 0.595348 -0.668065 187 140 122
4.5455 0.4271 2.2496 -0.099437 0.317985 -0.942867 154 138 106
-7.0325 2.7321 1.204 0.431628 0.354308 -0.829556 147 148 101
-2.1025 2.2349 3.238 -0.787805 0.0965797 -0.608305 161 149 76
-1.4069 -4.1794 3.4892 0.41622 0.794648 -0.441922 146 126 72
0.0011 6.8496 3.9546 -0.087325 -0.238772 -0.967141 137 140 88
7.4273 -1.5481 1.0794 -0.289111 -0.0656872 -0.955039 170 172 98
-0.7849 -0.1139 3.6299 0.177407 0.184443 -0.966699 147 134 87
-2.1246 2.9732 3.2006 -0 -0 -1 145 132 68
1.8275 -4.6947 3.1859 -0.957749 -0.194679 -0.2117 134 137 85
-3.4582 5.627 2.5809 0.210273 0.141636 -0.967329 149 144 84
-5.3115 3.6374 1.9085 -0 -0 -1 158 161 117
5.8582 6.7262 1.7118 -0.607525 0.141969 -0.78151 152 137 92
1.0041 -1.1702 3.5977 -0.299509 0.100341 -0.948802 143 140 71
4.7221 -1.1892 2.0731 -0.418953 -0.11531 -0.900656 151 141 105
-4.3778 4.0299 2.2866 0.600651 0.644337 -0.473338 158 131 92
0.8591 -3.8705 3.638 -0.543538 -0.0236946 -0.83905 136 114 72
-2.1169 5.8903 3.1118 -0.205539 0.725774 -0.65651 148 136 92
-3.266 -5.0977 2.6441 0.531959 -0.566396 -0.629456 157 148 80
-7.4252 5.9586 1.0725 0.406576 0.251485 -0.878323 172 147 113
-3.2465 -6.0317 2.6414 0.599316 0.0254823 -0.800107 148 127 88
-3.4026 -3.0785 2.6114 0.0896427 -0.205676 -0.974506 164 133 90
-0.1326 -3.9531 4.0149 0.120635 -0.751691 -0.648389 134 120 68
-4.0613 -1.039 2.3666 0.145704 -0.15104 -0.977731 158 128 87
-7.6035 6.9851 0.9876 0.0204762 0.990705 0.134479 163 167 99
-5.9568 -6.1437 1.6836 -0.285802 -0.0537378 -0.956781 167 142 109
-0.0849 5.3491 3.9638 0.133615 0.0652956 -0.98888 134 117 62
-4.1289 -4.4033 2.3376 0.324907 0.0363761 -0.945046 149 147 82
-1.7154 3.3656 3.2924 0.308645 -0.150808 -0.939146 158 133 75
-5.0473 4.0827 2.0621 -0.668473 0.461773 -0.583017 169 122 102
-7.7112 -7.9027 0.9366 0.13217 -0.00194343 -0.991225 164 163 108
-7.1646 4.4577 1.2295 0.111863 0.766547 -0.63237 163 169 109
7.3912 -7.604 1.0897 -0.320885 -0.505523 -0.800924 173 154 93
-3.8404 -1.3083 2.4278 0.438686 -0.0778492 -0.895262 163 140 89
4.3334 4.0516 2.1955 -0.43713 -0.136214 -0.889024 166 123 96
6.786 -7.3907 1.2362 -0.38412 -0.131693 -0.913843 176 163 107
-4.3391 -4.1407 2.2038 0.902828 0.258375 -0.343721 164 137 86
5.0301 6.2713 2.0314 -0.60136 0.258396 -0.75604 164 162 97
3.0948 -2.5948 2.7944 -0.334179 0.10629 -0.936497 145 136 78
-2.78 -5.9858 2.8981 0.630148 -0.0700791 -0.773306 170 143 81
-1.3158 -1.793 3.4488 -0.373472 0.0923258 -0.923036 139 141 89
0.175 0.3454 3.9669 -0.290902 -0.0160445 -0.956618 140 120 62
-4.5249 -3.5658 2.1693 0.643604 -0.117194 -0.756333 157 141 82
-4.0486 2.7184 2.3075 0.411988 0.0605172 -0.909177 159 131 102
5.504 -2.7347 1.8284 -0.4472 -0.200855 -0.87159 160 137 104
4.4722 5.0337 2.1915 -0.0343145 -0.3757 -0.926106 164 145 98
-0.5615 7.4489 3.8541 0.48628 0.22511 -0.844309 131 129 59
-7.0758 -7.2102 1.1976 0.932865 0.291732 0.211316 169 150 121
-4.8542 -4.4069 2.0875 -0.000582985 -0.116211 -0.993224 176 138 96
4.0233 -3.4265 2.4245 -0.474761 -0.167482 -0.864032 153 149 75
1.5228 -2.4384 3.4247 -0.314312 0.558314 -0.767785 156 131 75
1.4423 -4.092 3.3923 -0.482303 0.393797 -0.782501 143 122 71
5.9123 -7.6677 1.6357 -0.357901 -0.305273 -0.882448 172 135 101
-3.7808 -2.5867 2.4128 0.384196 -0.244513 -0.890285 165 124 98
-6.3399 1.062 1.4632 -0.0625923 -0.193969 -0.979009 166 148 89
-3.6424 -0.1064 2.5415 0.0538663 0.312154 -0.948503 158 139 96
0.7294 -3.5868 3.724 -0.442543 -0.16943 -0.880596 132 124 71
-1.8534 3.1732 3.3268 0.473751 0.153071 -0.867254 143 139 82
-3.2452 -3.5232 2.7532 0.243297 -0.117818 -0.96277 148 145 92
-5.3268 -2.9929 1.9226 0.265409 0.134278 -0.954739 161 141 97
-7.5952 -6.6967 0.9604 0.217181 -0.546525 -0.808791 160 144 117
-0.4056 6.9145 3.7985 0.338196 0.00553949 -0.941059 134 139 85
4.2239 2.3851 2.323 -0.452818 -0.383562 -0.804883 163 172 88
-7.7081 -5.9293 0.9355 0.38952 -0.105589 -0.914945 165 145 116
-4.3213 3.2275 2.2441 0.336418 -0.00913757 -0.941668 147 135 88
-6.5192 -3.3122 1.3461 0.120699 0.133504 -0.983671 165 153 102
7.2351 1.5408 1.0907 -0.184838 -0.43081 -0.88331 184 161 116
-2.9924 2.8993 2.7293 0.512322 0.113047 -0.851321 144 137 83
-5.067 -6.2797 1.9573 0.202522 -0.11889 -0.972034 151 165 92
-1.8129 -6.2867 3.3465 -0.0160543 -0.547094 -0.836917 146 131 63
-5.5181 1.797 1.7255 -0.837917 0.035331 -0.544654 147 145 130
-6.0856 0.576 1.5839 0.112485 0.0755083 -0.99078 175 151 107
3.9248 6.0261 2.4786 -0.352078 -0.337076 -0.873167 148 136 94
3.6609 7.5555 2.5486 -0.695219 -0.207475 -0.688204 169 147 75
1.1623 -7.3033 3.5337 -0.571426 -0.244028 -0.783532 151 151 88
3.6639 -7.4481 2.5802 -0.277997 0.680368 -0.678098 153 111 104
1.6042 -6.9546 3.3071 -0.233431 0.0125641 -0.972292 159 131 84
-5.4103 -3.3965 1.7743 0.757095 0.592566 -0.275086 163 137 91
2.769 1.979 2.7618 -0.288988 -0.955184 0.0641127 151 114 92
-3.4235 0.4969 2.6176 0.296453 -0.0482114 -0.95383 156 146 94
-2.9212 3.5844 2.8651 0.895907 -0.0450425 -0.441953 166 139 93
5.7951 5.9782 1.6046 -0.539418 -0.143211 -0.82977 141 150 97
7.9352 6.8301 0.7603 -0.383725 0.173628 -0.906978 164 161 116
6.3122 1.6072 1.4991 -0.529063 -0.257011 -0.808726 162 154 123
-1.8062 -3.154 3.1841 0.622743 -0.780486 0.0550628 137 134 88
1.9466 -0.6864 3.1451 0.366166 0.929675 -0.0403418 132 135 75
-4.8447 5.8984 2.0891 0.423387 0.361049 -0.830895 160 149 116
0.0019 6.6667 3.978 -0.325415 -0.195103 -0.925224 139 126 62
-4.742 -7.4 2.0795 0.42591 0.213752 -0.879154 149 149 100
6.7169 6.6846 1.2367 -0.503824 -0.0890496 -0.859204 163 137 119
6.7564 0.4749 1.2997 -0.663063 -0.0638603 -0.745835 153 161 96
-0.2865 1.5693 3.8755 0.665766 0.331325 -0.668565 133 119 78
4.5146 6.5015 2.2348 -0.16789 -0.154414 -0.973637 148 140 86
-4.8946 0.2707 2.0051 0.579058 0.0282551 -0.814796 166 149 96
7.4381 7.2713 0.9917 -0.279317 -0.385789 -0.879289 168 149 129
-5.8146 0.7556 1.6324 0.604829 -0.0529412 -0.794594 165 147 100
5.7663 4.7013 1.6397 -0.881979 0.178665 0.43611 150 147 117
0.2928 -1.3131 3.8045 -0.0124303 0.0426265 -0.999014 147 145 77
-2.6199 4.5104 2.9691 0.333859 0.684129 -0.648463 155 131 78
3.7896 -3.3044 2.5527 -0.443056 0.0953492 -0.891409 152 152 93
-0.4947 5.7879 3.7573 0.156644 -0.0521046 -0.98628 145 131 57
5.0375 4.221 2.0324 -0.322709 -0.125247 -0.938175 185 140 97
-5.2584 6.2372 1.9376 0.0943515 -0.919399 -0.381842 155 158 91
-5.9471 6.1766 1.6979 0.356683 -0.0541585 -0.932654 151 147 91
-5.1065 -2.5269 1.9958 0.465711 -0.0837839 -0.880962 162 143 106
-7.5874 3.4879 1.0009 0.547279 -0.491653 -0.67732 172 148 124
-7.7553 -3.0464 0.9339 0.281928 0.245991 -0.927365 160 144 115
-0.4725 -0.861 3.8607 -0 -0 -1 133 133 68
-7.4143 -4.8532 1.0351 0.317414 -0.200566 -0.926834 165 152 130
0.3702 -1.2109 3.8476 0.235284 0.12104 -0.96436 149 112 64
1.313 -7.8429 3.4895 -0.449788 -0.0991221 -0.887618 143 127 86
-2.7981 5.9926 2.8823 0.322568 -0.567012 -0.757923 155 163 92
-2.0122 -3.2955 3.2042 0.384059 -0.173993 -0.906766 131 127 89
-4.3195 -5.0845 2.3114 0.508588 -0.244408 -0.825592 150 133 86
-4.4333 -1.1449 2.2211 0.162922 0.0184181 -0.986467 164 150 75
-6.9687 -5.3249 1.2108 0.550706 0.0540045 -0.832951 171 144 110
-6.5637 6.8013 1.3602 -0.280537 0.277941 -0.918721 173 150 120
-2.0726 1.411 3.245 -0.444699 -0.317427 -0.837546 158 122 83
-6.0424 7.7157 1.5632 0.35572 -0.19578 -0.913856 171 140 118
1.1779 -7.2227 3.5044 -0.410334 -0.0551193 -0.910268 151 130 96
4.2841 7.3502 2.3468 -0.525534 0.255916 -0.81137 143 145 100
-5.5433 -0.603 1.844 0.669801 -0.731345 -0.128458 162 145 107
6.5597 -6.49 1.4067 -0.582046 -0.212818 -0.784813 156 167 101
6.0777 -5.1712 1.612 0.808203 0.0151768 -0.588708 150 152 121
2.2631 0.3689 3.0501 -0.466804 0.0970087 -0.879024 156 127 88
4.5613 7.6746 2.1277 -0.0591605 -0.702067 -0.709649 165 142 108
-4.302 0.6795 2.2228 0.255335 0.773919 -0.579529 160 128 97
6.0936 -5.1348 1.6716 0.808203 0.0151768 -0.588708 136 147 93
-1.4721 -6.4504 3.4078 -0.432933 0.856155 -0.282077 133 140 83
7.2412 -2.3154 1.0668 0.115355 -0.0921678 -0.989039 163 147 121
1.4768 4.3872 3.4622 -0.510088 0.263878 -0.818644 136 160 72
-3.1291 5.3729 2.7522 0.0146364 -0.244577 -0.969519 158 117 68
0.7663 5.8044 3.7784 -0.521264 -0.294392 -0.80101 132 139 72
-3.9085 1.6117 2.5117 0.376952 -0.376246 -0.846372 162 134 89
-4.8859 1.25555 2.0475 0.361989 0.146329 -0.920626 166 144 86
5.4509 6.7311 1.8531 0.150779 0.092659 -0.984215 156 147 115
0.0234 -6.3719 4.0027 0.171684 0.0241518 -0.984856 140 135 51
3.6867 -7.4794 2.5108 -0.378391 0.0241734 -0.92533 154 146 106
-7.0139 -3.372 1.1859 -0 -0 -1 198 156 125
0.2822 -2.7854 3.9054 0.394641 0.594093 -0.700937 148 137 82
-2.04 -5.4308 3.1064 0.807365 -0.205493 0.553113 147 133 76
2.2775 -7.7165 3.0946 -0 -0 -1 137 129 84
2.5442 1.8191 2.9142 -0.996396 0.062067 -0.0578081 146 127 79
5.269 -0.103 1.908 -0.224851 0.0571848 -0.972714 156 137 93
3.9726 -4.8504 2.4916 -0.522924 0.166785 -0.835903 163 135 105
-4.0493 -5.5308 2.409 0.283692 -0.0830766 -0.95531 161 148 93
-6.2576 -6.656 1.5681 0.517273 0.0409081 -0.854842 169 141 117
1.9866 -2.8912 3.2312 -0.128362 0.0485706 -0.990537 135 144 89
0.4582 -5.2067 3.8412 0.0449873 -0.0844602 -0.995411 137 128 66
5.2114 -6.0752 1.8351 -0.440189 0.0944667 -0.892922 162 155 106
-3.4298 -1.684 2.5867 -0 -0 -1 158 122 98
0.2716 3.8623 3.8851 -0.572037 -0.142496 -0.807755 146 142 76
-2.998 -6.1659 2.7959 0.281991 0.327677 -0.901726 167 140 78
2.1686 -6.0837 3.1688 -0.750702 0.446267 -0.487127 146 144 74
-1.1148 -2.2441 3.5103 0.0290634 0.509876 -0.859757 131 120 74
-2.0956 -3.0612 3.2137 0.918474 0.357421 0.169281 145 126 85
-0.5502 6.0829 3.7532 0.164068 0.214047 -0.962946 148 122 72
-4.7447 -6.0182 2.0833 -0.0480509 0.196421 -0.979342 159 167 101
2.9699 -7.4491 2.8503 -0.335748 -0.0604912 -0.940007 161 147 86
4.7149 -0.8401 2.1093 -0.191922 0.123302 -0.973634 144 134 93
4.0828 4.2554 2.32 -0.639824 -0.218506 -0.736804 162 139 95
5.5017 6.7575 1.7477 -0.22544 0.0947803 -0.969636 175 161 90
-2.7919 1.3464 2.8998 -0.0843308 -0.269251 -0.959371 160 146 95
-5.2359 2.4536 1.9646 0.355608 -0.0100573 -0.934581 163 165 113
-2.3801 3.8232 3.0672 0.417899 0.0584238 -0.906613 146 140 82
3.5452 -7.39415 2.6127 -0.138812 0.267699 -0.953451 152 137 91
6.6075 -5.0042 1.3903 -0.214241 -0.103425 -0.97129 153 153 106
0.1682 6.5211 3.9811 -0.46818 -0.202967 -0.860007 155 122 52
-5.9541 -7.0879 1.7031 -0.7925 -0.425658 -0.43676 156 128 112
-5.0988 -4.1544 1.9152 0.560854 -0.284022 -0.777672 144 160 109
6.9986 -0.7921 1.218 -0.568475 0.763585 -0.306227 169 151 109
-4.59 -2.9178 2.2311 0.435634 -0.0330743 -0.899516 169 120 90
0.5963 3.5449 3.7706 0.22812 -0.9026 -0.365069 132 125 71
4.818 4.4182 2.099 -0.457961 0.316041 -0.830897 138 121 102
-2.8573 -1.96 2.872 0.222371 -0.201658 -0.953879 153 138 85
0.51 4.4735 3.8044 -0.311147 -0.0139465 -0.95026 146 125 91
6.763 -4.9062 1.2891 -0.593152 0.0957928 -0.799371 184 144 118
3.2012 3.4076 2.6768 -0.0540081 0.126398 -0.990508 151 132 95
6.4033 -6.4179 1.442 -0.395417 -0.454912 -0.797935 180 158 114
1.9402 3.6859 3.1519 0.577096 0.407461 -0.707768 144 139 87
-3.5126 6.75885 2.64335 0.370139 0.385459 -0.845232 151 142 87
7.7947 6.076 0.7645 -0.50272 -0.218454 -0.836391 170 160 109
-4.6536 6.0783 2.0949 0.18667 -0.402859 -0.896024 152 144 114
4.459 0.8497 2.1582 -0.334863 0.36369 -0.86925 158 134 94
-6.4182 -2.2279 1.4078 0.370512 -0.185121 -0.910193 179 143 112
-1.1485 5.9776 3.4752 0.514688 0.146551 -0.84476 145 113 74
-0.2168 -4.393 3.9144 0.634565 0.0776694 -0.768957 142 115 77
7.7509 -6.7042 1.0074 -0.512064 0.131905 -0.848759 166 140 118
-6.5911 -3.0492 1.3924 -0.00830491 0.00769254 -0.999936 151 157 126
4.8988 7.1621 2.0551 -0.358558 0.379162 -0.853037 175 129 99
-1.6185 0.696 3.3886 -0 -0 -1 139 139 74
-6.8807 -7.1309 1.2576 0.391713 -0.00756128 -0.920057 157 147 132
-5.8231 -2.6085 1.6069 0.465913 0.0690659 -0.882131 152 153 102
2.2685 7.2829 3.0865 -0.215727 -0.0578403 -0.974739 144 141 82
1.2999 1.4058 3.5149 -0.43301 -0.124364 -0.892769 143 158 72
-5.9188 7.2976 1.5995 0.915879 -0.129131 -0.380119 138 153 100
-0.6899 -4.9877 3.7307 0.809553 -0.134317 -0.571474 148 132 76
6.5539 -6.5907 1.3802 -0.272277 0.105847 -0.956379 164 151 107
3.1445 -1.73 2.7519 -0.343949 -0.366744 -0.864406 165 154 84
-3.0126 -1.7748 2.8468 0.329809 -0.134504 -0.934417 153 152 86
-4.6053 -4.2887 2.1134 0.546226 -0.226935 -0.806311 161 127 88
4.0265 0.1121 2.294 -0.623165 -0.0364225 -0.781242 156 153 90
6.4853 -0.6095 1.4029 -0.51127 -0.173565 -0.841712 186 142 107
0.4519 5.081 3.7529 -0.444433 -0.126429 -0.886846 130 130 62
6.7799 3.4688 1.2386 -0.287699 -0.329273 -0.899338 170 154 127
6.8569 2.8947 1.1981 -0.310723 0.747636 -0.586934 160 161 108
-1.7499 -0.6842 3.3485 0.316836 -0.252143 -0.914352 137 140 64
4.1295 0.1252 2.2855 -0.26306 -0.105947 -0.958945 161 132 92
-2.8617 -0.7001 2.8506 0.561633 -0.118379 -0.818874 142 137 79
-2.9143 -5.3981 2.8081 0.359012 -0.156916 -0.920048 146 134 85
2.8377 -1.4488 2.7926 -0.461166 -0.128852 -0.877908 146 145 94
-6.3544 -4.2178 1.3779 0.70328 0.0661267 -0.707831 181 134 122
-5.9951 1.8003 1.5801 0.384881 0.284738 -0.877947 151 138 107
-4.2004 7.4943 2.3422 0.42208 -0.0680655 -0.904 164 130 96
-3.9946 -5.8385 2.4403 0.165415 0.338565 -0.926289 148 136 87
5.8234 -0.2149 1.7365 -0.607706 0.18442 -0.772452 159 152 96
6.1357 0.7944 1.6241 -0.174476 0.473597 -0.863287 158 126 119
-6.4356 -5.115 1.5067 -0.0264655 0.368027 -0.929438 168 147 114
-2.4562 -1.3331 3.0869 -0 -0 -1 128 126 90
5.2209 3.5515 1.9202 -0.340177 -0.101716 -0.934844 156 144 86
-3.582 -5.8691 2.5608 0.322892 -0.0404383 -0.945572 163 134 98
-0.7293 5.2334 3.8379 0.55421 -0.0766091 -0.828844 128 133 59
0.6586 -3.5558 3.767 -0.42779 -0.205199 -0.880278 129 122 68
7.1241 2.514 1.2241 -0.134087 0.023937 -0.99068 165 145 117
-3.0112 4.4774 2.6911 0.367632 0.122026 -0.921931 157 136 96
5.9191 -0.3204 1.6017 -0.25039 0.568463 -0.78368 150 145 100
1.4968 -4.3613 3.3832 -0.562164 0.41468 -0.715551 130 124 80
0.4786 -0.2018 3.7836 -0.130505 0.00272801 -0.991444 146 128 64
-5.5588 -4.7003 1.7627 0.00511776 0.150287 -0.988629 148 145 106
-4.7918 -1.5866 2.0097 0.481896 -0.400658 -0.779262 142 151 106
-3.9779 0.3355 2.4358 -0.359763 -0.259176 -0.896325 166 137 91
-7.0081 3.0998 1.1612 0.378046 0.255834 -0.889736 183 167 111
2.7677 1.1276 2.7873 -0.936802 -0.100702 -0.335054 144 117 88
2.0056 1.963 3.1209 -0.377097 0.231642 -0.896738 146 144 72
3.1145 -5.7149 2.7466 -0.441478 -0.185314 -0.877927 138 140 97
-3.09 -6.4516 2.8801 0.208288 0.785859 -0.582273 154 130 89
0.5816 -5.525 3.7419 -0.483188 -0.752678 0.44722 147 138 79
-6.8875 -2.6279 1.169 -0 -0 -1 169 164 101
6.5426 1.0371 1.4302 -0.973044 0.0386013 -0.227365 175 131 107
-1.2345 5.6558 3.5146 0.661779 0.000248139 -0.749699 139 136 75
5.3829 -1.4101 1.8824 -0.250566 -0.235715 -0.938965 176 142 90
3.1581 7.2513 2.7187 -0.438849 -0.0921822 -0.89382 141 137 90
5.0898 -6.3565 2.0391 -0.796244 0.336786 -0.502564 162 142 111
-6.0906 -0.1486 1.5935 0.205539 -0.166555 -0.964372 169 152 106
-3.3536 1.5676 2.619 0.284124 -0.412329 -0.865597 157 154 90
6.9323 -3.3001 1.1756 -0.574083 -0.176178 -0.799619 150 142 99
7.1474 0.7698 1.081 -0.0296847 -0.0855634 -0.99589 178 139 102
-2.0225 -6.4401 3.2043 0.534546 -0.19725 -0.821799 150 140 93
2.7291 -6.4001 2.9501 -0.525028 0.208315 -0.825197 147 162 94
-4.1444 -3.5787 2.3336 0.375588 0.260628 -0.889386 151 138 92
-7.8437 0.7463 0.8648 0.590773 -0.262208 -0.763043 160 168 115
-3.7495 2.9695 2.487 0.521268 0.488557 -0.699709 156 153 73
-5.4658 -2.2047 1.7951 0.0468692 0.440667 -0.896446 169 146 96
0.8764 -0.0619 3.7227 -0.421575 0.0856449 -0.90274 158 131 96
4.8933 -3.9587 2.0126 -0.748273 -0.328711 -0.576227 155 129 95
-5.6137 1.9903 1.8023 0.244145 0.0309479 -0.969245 172 123 103
-6.349 -2.5489 1.4308 0.430627 -0.0944376 -0.897575 162 157 111
-4.3836 3.7478 2.3353 0.741708 -0.658107 0.129474 153 144 85
-1.4609 -3.0454 3.4351 0.0246558 0.0851571 -0.996062 141 129 70
1.4619 5.544 3.366 -0.332346 0.0561184 -0.941487 142 130 74
-7.6492 -6.5814 0.8594 0.477024 -0.0916209 -0.874102 175 158 127
-3.6893 6.1297 2.4686 0.968682 -0.155042 -0.193949 142 117 79
3.9274 5.3775 2.4562 -0.168403 -0.159204 -0.972777 178 123 91
1.2645 6.8997 3.4406 -0.397264 -0.383474 -0.833744 162 141 81
-0.1892 5.5215 3.8934 0.411737 -0.51542 -0.751541 145 129 64
-6.6469 0.3942 1.2254 0.457617 0.570147 -0.68229 164 144 105
-6.7731 1.291 1.2896 0.740925 -0.296599 -0.602544 178 147 106
3.3458 2.7111 2.6415 -0.184785 0.261081 -0.947466 166 122 95
7.6837 -4.6248 1.0505 0.423769 -0.880853 -0.210993 155 152 107
-5.9478 7.1797 1.5394 0.417344 0.0599852 -0.906767 169 162 105
6.6145 -5.045 1.3207 -0.431601 -0.0506632 -0.900641 182 166 125
5.6068 -7.3555 1.7615 -0.330851 -0.00350147 -0.943676 159 156 92
5.4924 -5.9599 1.7535 -0.320149 0.202549 -0.925461 149 128 103
1.2877 1.2091 3.4917 -0.214572 0.293478 -0.931574 139 127 53
-0.1487 3.4147 3.9833 0.573079 0.786702 -0.229522 136 136 78
-7.5361 7.2781 1.0245 -0.863814 -0.487916 -0.125553 176 133 101
-6.2031 5.5383 1.5115 -0.955355 0.235058 -0.17901 166 161 103
0.5196 2.575 3.9058 -0.103405 0.403339 -0.909189 143 134 78
-4.3518 5.2047 2.2435 0.606708 -0.081541 -0.790732 148 139 101
0.5764 -3.4076 3.673 -0.136145 0.124481 -0.982837 151 128 88
-6.3279 -6.1354 1.4504 -0.0148501 -0.437976 -0.898864 173 135 121
-7.6645 -4.3625 0.9839 0.634294 -0.0243726 -0.772707 182 158 115
-4.2853 -1.2187 2.3598 0.952334 -0.262165 -0.155977 139 137 83
3.7343 1.4136 2.4557 0.0335192 -0.175262 -0.983951 175 138 77
1.6044 -5.8701 3.4238 -0.183352 0.0339581 -0.982461 134 116 81
0.2268 -2.0601 3.9791 -0.504386 -0.314262 -0.80426 144 134 85
6.2008 -4.1141 1.5624 -0.43015 0.111515 -0.895843 166 148 112
5.3251 4.2551 1.9213 -0.218798 -0.257946 -0.941059 167 125 100
-5.0094 -1.9983 1.9312 0.398432 -0.393997 -0.828262 155 144 87
5.1492 3.3703 1.9665 -0.382172 -0.163572 -0.909499 168 126 95
-3.778 0.6804 2.3708 0.110042 -0.585683 -0.803035 159 131 99
-0.3316 4.6089 3.8867 0.181968 0.0924171 -0.978952 133 135 60
-1.5114 1.1799 3.2707 0.610917 -0.701539 -0.366911 161 132 69
-0.1716 -6.8017 3.9051 0.429945 0.166941 -0.887287 148 133 86
-0.8905 -1.0578 3.588 0.49817 0.0259667 -0.86669 152 114 75
5.2026 -5.9399 1.9073 -0.504493 -0.0741216 -0.860228 151 155 96
-6.002 -1.588 1.6422 -0.0159091 -0.0646455 -0.997781 169 128 90
-2.618 -3.4605 2.908 0.234733 -0.142972 -0.961488 154 129 82
4.2655 0.2336 2.2351 -0.270044 0.00630688 -0.962827 158 141 114
1.601 -5.0157 3.2401 -0.833949 0.347857 -0.428396 150 124 72
-0.0898 5.0552 3.9944 0.380467 -0.104472 -0.918874 143 127 87
0.694 0.7659 3.6932 -0.459432 -0.0997528 -0.882594 147 122 75
-6.5608 -1.1469 1.3174 0.589975 -0.0459458 -0.806113 178 140 125
-6.877 4.8546 1.2777 0.869548 -0.49332 0.0228412 154 149 114
2.8989 0.8891 2.8451 -0.442993 -0.03974 -0.895644 141 168 89
0.5593 -0.2066 3.7695 -0.130505 0.00272801 -0.991444 141 129 60
-0.7115 -5.2673 3.7697 0.208098 -0.196182 -0.958232 138 126 73
-7.1804 5.6302 1.2046 -0.0400187 0.0209443 -0.998979 169 164 106
-1.215 5.9937 3.4766 -0.238643 -0.0395701 -0.970301 144 136 81
4.1949 -7.8085 2.257 -0.207824 0.502561 -0.839191 153 138 97
5.4939 0.1125 1.8062 -0.495613 -0.187102 -0.848151 150 149 111
7.1286 6.4782 1.2189 -0.269485 0.0168304 -0.962858 173 144 122
1.5327 2.2169 3.3739 -0.770283 -0.192223 0.608041 131 131 67
0.4692 3.7 3.8489 -0.54275 -0.0978934 -0.83417 127 142 73
6.8896 -2.1375 1.2657 -0.774624 0.184308 -0.604969 167 160 122
-4.5403 -4.6348 2.2749 -0.0165526 -0.314953 -0.948963 149 136 93
-0.7745 -5.9079 3.6925 -0.0294226 -0.00591626 -0.99955 136 120 85
-0.8715 0.0209 3.7074 -0.0861999 0.0776469 -0.993247 148 145 85
-1.4992 -7.8027 3.4428 0.906837 -0.405206 -0.115994 149 134 69
1.1073 3.8709 3.541 -0.292541 0.0129956 -0.956165 152 137 71
7.6963 3.9321 0.9323 -0.368296 0.153789 -0.916901 167 159 118
-6.5502 3.9654 1.4129 -0.30813 -0.0589019 -0.949519 162 151 117
0.7648 1.7855 3.6134 -0.601979 -0.302998 -0.738792 135 137 69
4.7683 2.4064 2.1058 -0.391213 0.294219 -0.872002 156 154 96
-6.791 3.4563 1.3144 0.150591 -0.0548138 -0.987075 163 139 121
5.8613 -2.9311 1.7567 0.63403 0.198056 -0.747516 159 159 109
-6.0211 5.9401 1.5903 0.478373 -0.00268376 -0.878153 176 141 96
7.1826 -1.1814 1.2193 -0 -0 -1 167 160 111
-6.6111 1.953 1.3273 -0.348631 0.130792 -0.928089 160 163 122
-2.6157 5.2126 2.9705 0.370059 -0.081951 -0.925387 146 135 80
-6.2462 -2.6082 1.5538 -0.436848 -0.801212 -0.408929 168 155 105
0.7438 -2.4482 3.7134 -0.654412 0.498822 -0.568262 133 109 77
4.6607 0.6561 2.1226 -0.403364 0.0916826 -0.910435 156 157 117
-5.2896 5.1446 1.89745 0.218339 -0.539892 -0.812924 162 150 94
-1.5449 5.0079 3.2836 0.0382986 0.293482 -0.955197 166 152 92
-6.2262 6.2591 1.5719 0.467548 -0.246038 -0.849037 163 157 115
6.1459 -6.659 1.5444 -0.586802 -0.149698 -0.795773 176 156 115
-4.9922 -6.0912 2.0011 -0 -0 -1 171 142 115
3.4202 -4.9767 2.6676 -0.770717 -0.14279 -0.620972 153 122 102
-1.6866 7.3855 3.2784 0.931341 -0.261026 0.253907 147 139 95
5.8935 4.5137 1.6343 -0.577288 -0.134265 -0.805426 157 142 108
1.3143 -1.1484 3.4353 -0.433595 0.0189418 -0.900909 144 135 88
-6.9594 -6.6073 1.2113 -0.00197856 -0.458205 -0.888844 157 141 109
5.8227 4.1277 1.6692 -0.229773 -0.243674 -0.942246 172 146 120
-5.6684 0.2263 1.6653 0.352215 -0.504754 -0.788142 169 140 85
1.2419 -2.4782 3.3948 -0.389522 -0.0114413 -0.920946 141 146 68
6.6138 -7.7971 1.2958 -0.656216 -0.145724 -0.740369 169 155 116
-7.2661 -6.9005 1.0572 0.234107 -0.0472149 -0.971064 174 163 123
-4.6072 -5.191 2.1293 0.211171 0.0603264 -0.975586 154 149 82
-7.1411 1.1602 1.1921 0.702397 -0.569851 -0.426507 171 157 120
-2.4274 7.7426 2.8781 -0.231357 0.104818 -0.967206 146 154 80
-2.2037 -7.7932 3.1493 0.241879 0.160718 -0.956904 146 129 60
7.3308 0.0152 1.0837 -0.520978 0.020031 -0.853335 180 152 126
-0.21075 -4.23675 3.9338 0.48622 -0.114857 -0.866255 140 137 69
-7.3792 5.0401 1.1512 -0.275812 -0.575854 -0.769624 153 148 109
-3.0809 3.3818 2.8134 0.296157 -0.162711 -0.941178 167 151 90
5.2837 3.8853 1.93 -0.293001 -0.0828275 -0.952518 156 155 98
-6.022 -0.5502 1.527 0.530127 0.141977 -0.835948 187 144 122
6.2674 5.3634 1.5197 -0.734607 -0.111538 -0.669262 158 146 105
-4.0721 -0.566 2.3658 0.587741 -0.0695134 -0.806057 168 133 88
5.548 4.9696 1.8047 -0.434692 0.182607 -0.881872 158 137 101
-6.0318 -4.9087 1.5814 0.502652 0.247416 -0.828327 166 146 89
-4.2806 -0.6958 2.3714 -0.00315013 -0.166506 -0.986035 156 144 107
-6.7249 -5.4848 1.3305 -0.043278 0.461689 -0.885985 157 144 107
-5.0619 -4.7602 1.8835 0.103173 -0.4603 -0.881748 165 150 113
6.2454 -6.5436 1.4173 -0.369494 0.0942872 -0.924437 183 148 97
3.6417 2.4767 2.599 0.230192 -0.184596 -0.955477 128 139 93
-5.3787 -1.3243 1.8571 -0.0769415 -0.0600709 -0.995224 173 142 98
-1.8914 4.7128 3.3094 0.772907 -0.233605 -0.589952 138 134 79
-0.0913 -2.4018 3.977 0.625112 0.431228 -0.650597 132 120 87
-5.956 5.8394 1.5819 0.225533 0.488017 -0.843193 168 141 97
-7.7866 -0.2944 0.8798 0.48288 -0.00835772 -0.875647 162 155 124
3.478 -2.6302 2.6495 0.178504 0.0681352 -0.981577 160 130 79
6.1703 0.9434 1.4748 -0.685613 -0.365105 -0.629788 146 152 107
0.3299 -2.9831 3.8542 0.493182 0.261907 -0.829564 138 125 67
3.2683 -7.3692 2.5825 0.14574 0.986532 -0.074263 152 128 93
2.3072 -2.8348 3.1188 -0.290838 0.265098 -0.919313 160 120 70
-7.4124 -3.9581 1.0483 0.287338 0.0512452 -0.956457 173 142 107
-5.058 7.3855 2.0277 0.297622 -0.226897 -0.927329 163 129 108
-1.6345 -4.9258 3.3396 0.585201 -0.183258 -0.789909 121 118 78
-1.8554 -3.1886 3.2501 0.379621 -0.263027 -0.886964 156 135 97
-3.6902 0.468 2.503 0.629452 -0.162015 -0.759962 146 135 90
5.0554 -7.5946 1.9887 -0.434302 0.190592 -0.880373 151 156 114
-4.2744 3.9171 2.3195 0.419191 -0.291469 -0.85984 149 131 111
6.1705 -1.3877 1.4142 0.554777 -0.155649 -0.81731 166 159 99
-5.6691 2.0636 1.7237 -0.144737 -0.189375 -0.971179 171 177 94
-7.5092 5.6853 0.9365 0.402005 0.0180142 -0.91546 168 130 120
-5.0736 -5.576 2.0031 0.86184 0.504706 -0.0500365 153 152 95
0.6122 0.8355 3.7295 -0.516124 -0.0128862 -0.856417 145 137 66
5.7028 3.1619 1.681 -0.284106 -0.115312 -0.951833 159 159 98
-0.7982 -1.7774 3.7028 0.816287 -0.558439 -0.147722 155 114 70
1.1807 5.4582 3.5649 -0.532517 0.356331 -0.767759 139 122 79
3.472 -3.7248 2.5611 -0.521709 0.178871 -0.834161 157 154 111
-4.9445 -5.3206 2.0444 0.29623 -0.143286 -0.944308 142 150 84
-4.4759 -1.5171 2.2869 0.625318 0.778187 -0.0583354 162 140 93
-6.5342 6.4324 1.4689 -0.0135582 -0.0634626 -0.997892 179 150 105
0.2042 1.9156 3.9318 0.645829 -0.762848 -0.0311248 157 112 87
-4.3262 1.1762 2.3264 0.330034 0.0430229 -0.942988 159 134 100
-7.7146 3.4834 0.8359 0.323101 -0.141568 -0.935716 187 166 106
-2.5705 0.2932 3.0697 0.577492 0.165681 -0.799408 155 131 74
-2.4436 7.471 2.9688 0.0218398 -0.988128 -0.152074 154 139 89
-1.5687 -4.8289 3.4149 0.122869 0.0505833 -0.991133 127 134 81
-2.4274 -3.1214 3.0329 0.478519 0.0323841 -0.87748 146 131 101
1.3557 6.5192 3.4777 -0.451459 -0.154566 -0.878803 139 129 87
-5.4345 6.6228 1.7321 0.078189 -0.315384 -0.945737 154 144 85
-6.5558 4.9072 1.4365 0.315634 -0.946488 -0.0673526 168 150 118
-6.3075 5.0059 1.4866 0.427137 -0.193676 -0.883201 149 143 84
5.8833 6.66 1.6745 -0.675538 0.349417 -0.649273 169 153 107
4.2375 -6.3998 2.3289 -0.503935 -0.225467 -0.833795 155 142 80
-3.0817 7.2504 2.7549 0.308764 0.950522 0.0342492 143 125 75
4.8136 1.1185 2.1206 -0.385712 -0.0794589 -0.919191 172 126 82
1.6605 -0.4246 3.3215 -0.237496 0.274761 -0.93172 151 142 62
-4.8717 -1.606 2.002 0.399388 -0.568705 -0.719071 156 153 96
5.0511 -6.5903 2.0605 -0.839122 0.25609 -0.479888 154 144 92
-5.8718 1.0229 1.6818 0.370581 0.209116 -0.904953 163 133 112
1.2565 -4.2708 3.5705 -0.168417 0.296661 -0.940015 129 126 76
-4.5984 -4.0997 2.0793 0.818409 -0.0142494 -0.574459 180 150 99
5.16 -7.8775 1.9288 0.086087 0.00676089 -0.996265 154 157 103
-6.9435 1.1816 1.1688 0.346695 0.278609 -0.895645 178 124 114
-7.1347 1.4982 1.151 0.504818 -0.247382 -0.827019 164 176 116
-4.4324 4.5975 2.0992 0.371138 0.171608 -0.912583 171 143 97
-3.9701 1.8266 2.3929 0.278598 0.100133 -0.955174 166 136 98
3.3514 -2.4351 2.7024 -0.497088 0.494296 -0.713145 160 123 96
6.3189 7.4463 1.4243 0.0351413 0.153286 -0.987557 156 140 101
-5.9692 2.2777 1.6153 0.419794 -0.129521 -0.89833 163 135 119
6.8411 3.734 1.2296 -0.371251 -0.00779534 -0.9285 166 153 106
-0.7157 -0.8527 3.6694 0.0819422 0.0737855 -0.993902 163 138 68
2.9974 5.8148 2.8439 -0.36178 -0.0451992 -0.931167 157 123 89
3.0229 -3.9054 2.7797 -0.572027 -0.103859 -0.813633 150 143 94
-4.0253 7.4642 2.408 0.304869 0.154588 -0.939765 154 133 112
-5.0088 -4.331 2.0676 0.125988 -0.105048 -0.986454 144 125 88
-3.9125 6.6683 2.4308 0.543651 -0.0408542 -0.838316 145 129 95
-3.3747 4.7849 2.5509 -0.361575 0.864069 -0.350212 154 142 109
5.315 -4.6149 1.9143 -0.139647 -0.146868 -0.979249 150 155 97
-0.391 -7.468 3.836 0.25561 -0.782928 -0.567174 158 142 58
0.7764 4.1236 3.7525 -0.404504 -0.0885819 0.910236 139 123 75
1.3063 -1.4024 3.5192 -0.461292 0.0892486 -0.882748 149 129 81
6.2474 5.4476 1.502 -0.8808 -3.53764e-05 -0.473489 170 150 105
-5.2564 -7.4375 1.9537 -0.934599 -0.172631 -0.311004 161 134 117
7.0525 4.7454 1.2368 0.0626258 -0.385194 -0.920708 164 137 111
1.802 3.6842 3.3446 -0.324883 0.179109 -0.928639 129 132 85
-0.1635 -1.0327 3.9407 0.160932 0.408388 -0.89851 149 130 50
4.1712 -2.1146 2.3643 -0.637913 -0.367424 -0.676806 174 141 94
-3.5007 6.4767 2.6751 0.691036 0.398182 -0.603258 157 136 83
-7.3744 6.3227 1.0767 0.239286 0.405637 -0.882157 176 157 105
1.421 0.1448 3.4732 -0.167977 0.258008 -0.951428 134 134 75
-0.2057 -5.8829 3.9103 0.370487 -0.120778 -0.920952 136 116 76
1.99 6.8371 3.2369 -0.49786 -0.0424417 -0.866218 155 131 59
7.3707 1.833 0.9995 -0.461947 -0.0947588 -0.881831 171 147 113
-0.8 1.622 3.6599 0.299995 0.436808 -0.848057 139 135 74
-0.9027 -4.3544 3.503 0.966343 -0.169258 -0.193734 153 126 78
6.1843 -1.3335 1.5285 -0.0455099 -0.0377973 -0.998249 171 141 94
5.5872 3.5446 1.8652 0.555359 0.796569 -0.23886 165 125 96
-6.3176 7.4686 1.5169 0.0523108 0.65782 -0.751356 181 169 100
-7.5899 -4.2108 0.9639 0.205996 -0.12249 -0.970856 173 148 128
6.1553 -2.1298 1.5515 -0.511019 0.190064 -0.838293 161 172 103
-4.6536 -4.1979 2.054 0.754495 -0.189264 -0.628424 160 118 101
-7.0462 -6.8964 1.2406 0.449933 -0.0490456 -0.891715 164 151 119
2.5032 5.0245 2.8387 0.963172 -0.268681 -0.0104922 146 141 81
1.0074 -5.5035 3.5972 -0.643823 0.0624697 -0.76262 145 132 70
6.7609 -7.0191 1.3127 0.283335 0.594666 -0.752392 154 146 104
6.3649 -4.909 1.4746 -0.498825 0.0663492 -0.86416 148 125 104
-2.0711 -5.4787 3.134 0.807365 -0.205493 0.553113 148 136 77
-3.441 0.1397 2.6404 0.182284 -0.0752662 -0.980361 148 142 102
5.2916 2.6032 1.8612 -0.0716178 -0.125214 -0.989541 158 161 78
4.0366 -6.8614 2.487 -0.088289 0.615308 -0.783327 159 154 109
-3.8424 -6.7963 2.4762 0.549059 -0.730643 -0.405827 140 140 96
2.8033 7.5982 2.9255 -0.281881 -0.244311 -0.927823 151 139 87
1.3191 -1.7353 3.4555 -0.817465 0.23915 -0.523983 150 144 71
3.9232 3.67 2.4377 -0.701146 0.182709 -0.68921 157 138 100
7.6205 -6.463 0.9151 0.504993 0.563597 -0.653713 154 156 111
1.1063 4.2653 3.5565 -0.246978 -0.02263 -0.968757 137 136 78
-7.0252 2.2429 1.1759 -0.00809179 0.459537 -0.888122 175 145 115
-2.2086 -5.7159 3.1286 -0.165329 0.439477 -0.882908 142 138 75
-4.3629 -7.354 2.2638 0.244591 -0.079363 -0.966373 168 140 89
3.9462 1.9526 2.4341 -0.525511 0.074781 -0.847494 158 148 85
-0.6258 6.2654 3.7137 0.762501 -0.381853 -0.522284 144 130 77
7.9751 4.4318 0.7905 0.799837 -0.299552 -0.520124 175 132 114
3.1545 7.8003 2.6865 -0.0397918 0.729809 -0.682492 127 120 87
-5.3573 6.4997 1.8302 0.496115 -0.143278 -0.856354 161 142 99
-3.0196 -7.5099 2.7954 0.352005 -0.93429 -0.0565182 140 134 90
7.2498 0.2086 1.0578 -0.182874 -0.300474 -0.936094 169 144 119
5.6018 -3.613 1.7885 0.06959 -0.345535 -0.935822 150 135 111
7.6198 1.4814 1.0085 -0.428013 0.737466 -0.522445 173 152 117
2.3654 -5.2209 3.0825 -0.638246 0.0310211 -0.769208 159 134 83
4.4603 -3.2522 2.2125 -0.520139 -0.649652 -0.554443 174 140 88
7.0967 -7.6533 1.0627 -0.279999 -0.442897 -0.851729 164 156 109
-4.7618 -3.4879 2.1019 0.36757 0.776819 -0.511317 150 123 109
-1.0614 -5.0259 3.5545 -0.863156 0.421599 0.277878 137 128 67
0.0033 6.053 4.0524 0.152582 0.265337 -0.952006 147 135 75
-3.3099 4.4077 2.7309 0.278724 -0.0240818 -0.960069 157 138 84
-2.5676 4.0473 2.9467 0.322782 -0.135986 -0.936653 154 140 90
-5.4567 -7.8667 1.772 0.255738 -0.251753 -0.933391 158 141 113
-3.9059 -6.3787 2.5177 -0 -0 -1 135 146 78
-3.1652 -7.8731 2.7025 0.315419 0.284211 -0.905392 160 146 92
-1.6299 -5.1081 3.3757 0.891774 -0.180165 -0.415065 126 127 76
-1.5478 7.97075 3.3966 -0 -0 -1 140 150 80
-1.5547 0.1952 3.421 0.349318 0.0333958 -0.936409 150 132 69
5.1127 -2.9663 1.8737 -0.0805734 0.119957 -0.989504 147 158 114
1.4059 -4.1516 3.4499 -0.791744 0.174914 -0.585275 130 125 87
7.7512 6.8309 0.8383 -0.636437 -0.111368 -0.763246 149 168 118
-6.7864 -7.6853 1.2757 0.501395 -0.259952 -0.825244 153 161 99
6.0285 -5.5289 1.573 -0.662194 -0.14795 -0.734581 169 160 112
1.6966 4.1979 3.2409 -0.391987 0.812849 -0.43084 146 154 73
-3.9564 7.7008 2.4405 0.27113 -0.394666 -0.877911 141 135 94
7.7063 7.6096 0.863 -0.671358 0.303702 -0.67605 163 156 106
-3.8836 -5.8137 2.4116 0.335109 0.3511 -0.874317 164 136 85
1.6617 -2.031 3.3471 -0.637085 0.00208867 -0.770791 134 137 58
-7.6746 0.838 0.9905 -0.520223 -0.0569979 -0.852126 164 150 116
-5.3102 5.6946 1.943 0.452299 0.217565 -0.864922 165 163 115
-4.1433 -6.3582 2.3067 0.731811 -0.135774 -0.667846 163 155 109
5.8143 7.4678 1.7133 -0.497903 -0.364385 -0.786967 150 145 94
-7.3325 -3.1058 1.0597 0.277958 -0.477386 -0.833572 173 154 108
4.7645 3.9233 2.1088 0.017094 -0.322248 -0.946501 146 128 102
3.821 -3.4648 2.4897 -0.562668 0.191135 -0.804284 165 140 100
-0.6624 5.4439 3.7258 0.444088 -0.150649 -0.883228 139 141 71
3.663 -4.8602 2.5527 -0.114124 0.0976777 -0.988653 149 129 101
7.0823 6.0155 1.0923 -0.311551 -0.108777 -0.943983 168 154 122
-0.3878 1.0023 3.9158 0.428415 -0.138175 -0.892955 138 144 78
7.813 -6.8061 0.9018 0.613893 0.64223 -0.458995 191 149 113
-2.1302 -4.1294 3.0427 0.434273 -0.110307 -0.894002 141 124 78
-0.6294 2.8362 3.6204 -0.469531 0.714702 -0.518403 143 107 57
3.2209 1.6059 2.7564 -0.00542156 -0.648054 -0.761575 151 139 80
3.9593 -7.1021 2.4806 -0.949048 -0.314697 -0.0165784 151 134 96
0.2381 3.3631 3.8872 -0.313792 0.079467 -0.946161 140 143 59
-2.3998 6.1942 3.0723 0.522813 0.506255 -0.685837 148 145 93
-7.7705 6.0478 0.9009 0.631524 0.110625 -0.767424 171 154 112
-7.7952 0.0982 0.8753 0.517299 0.183442 -0.835913 163 152 113
-4.5953 -2.8142 2.2091 0.383093 -0.276838 -0.881249 156 156 93
7.5592 -3.4444 1.0299 -0.380811 0.641008 -0.666402 172 132 140
7.5068 -1.0224 1.0555 0.565235 -0.428333 -0.705011 162 142 130
-1.9643 -3.7165 3.292 0.429902 0.897337 -0.099857 155 137 69
4.4723 2.1589 2.1735 -0.369564 0.0761829 -0.926077 161 147 97
-3.0976 7.833 2.7414 -0.0589514 -0.223961 -0.972814 157 136 86
5.7128 6.1902 1.6919 -0.175811 -0.2597 -0.949551 164 145 114
-1.0583 -4.7622 3.5496 -0.198388 0.172808 -0.964769 145 112 60
-4.2805 7.8706 2.3104 0.494943 -0.258451 -0.829599 145 134 93
-4.9289 5.9359 2.0225 0.408858 0.238838 -0.88079 174 141 82
0.5363 6.4133 3.8273 -0.0402769 0.101598 -0.99401 146 119 87
7.7507 0.5106 0.8139 -0.767772 0.466288 -0.439433 169 156 119
0.0867 -5.4089 3.9376 -0.555574 -0.474194 -0.682992 147 122 72
-6.7531 -7.6491 1.2832 0.352229 -0.636679 -0.685985 170 133 136
1.0702 6.9452 3.5771 -0.39271 0.00398787 -0.919654 142 126 61
6.6577 -4.1403 1.3259 -0.315687 0.0796507 -0.945514 171 136 106
-7.6755 -0.4973 0.9407 0.413093 -0.0280265 -0.910258 181 138 132
2.3752 4.9127 3.05 -0.422828 -0.0574158 -0.904389 134 126 98
-2.5964 4.0297 2.9715 0.590772 -0.774333 0.226711 145 145 83
1.1911 -7.6699 3.5469 -0.610593 -0.192948 -0.768081 138 124 68
0.4714 5.2388 3.7569 -0.471034 0.1222 -0.87361 127 124 74
0.035 -5.5213 3.9611 -0.0596473 -0.285136 -0.956629 157 134 73
0.3002 -6.4603 3.9443 -0.781533 0.527923 -0.332421 147 115 82
6.5513 -2.01 1.3556 -0.556542 -0.0565823 -0.828891 177 150 94
-0.4355 4.3957 3.7696 0.193506 -0.189683 -0.962588 160 140 69
4.1056 -5.6945 2.2806 -0.285741 0.313922 -0.905431 156 139 87
2.41 -1.699 3.0287 -0.337624 -0.0414989 -0.940366 155 139 81
-0.0015 -1.1181 3.9309 0.0245326 0.261148 -0.964987 146 126 82
-6.4773 -5.938 1.4314 0.398287 -0.233982 -0.886916 151 153 102
-5.5897 -4.5207 1.6649 0.889287 0.436613 -0.136153 161 161 108
-6.1055 -5.0461 1.5829 0.379835 -0.257599 -0.888464 171 147 107
-7.2098 -7.1372 1.0502 0.375276 0.00828148 -0.926876 157 143 121
4.6869 5.6128 2.1573 -0.282852 -0.069198 -0.956664 143 142 107
2.8001 -1.0158 2.8232 -0.445713 -0.359221 -0.819939 144 133 119
-5.0251 5.5803 1.9779 0.47621 0.0958488 -0.874092 167 128 108
-1.1716 -4.2174 3.5309 0.726493 -0.310174 -0.613188 139 122 84
-5.4873 -4.7733 1.7729 0.0646841 -0.477716 -0.87613 145 145 94
-2.5247 -5.8717 3.0478 0.163691 0.245663 -0.955434 139 120 78
-1.2679 2.816 3.5085 0.477647 -0.408497 -0.777807 135 122 70
3.1637 -4.1381 2.6712 -0.597408 0.040579 -0.80091 146 142 93
-0.2852 -3.3913 3.9049 0.125939 -0.192304 -0.973221 146 125 70
-6.8346 0.4044 1.212 -0.0699546 0.454416 -0.888038 166 152 104
-3.7506 -3.8601 2.52 0.229261 0.229733 -0.945866 145 129 101
0.4905 2.1634 3.8125 -0.647841 0.0546291 -0.759814 134 130 75
1.4962 -5.5211 3.4725 -0.294211 0.312379 -0.903249 152 145 61
3.6893 6.6958 2.5696 -0.326631 0.184909 -0.926888 169 130 89
-5.7443 5.6626 1.7326 0.158164 -0.175588 -0.971675 165 152 83
5.1749 7.8903 1.9647 -0.066912 0.244064 -0.967448 156 147 94
-2.9122 2.5903 2.9307 0.214032 -0.483495 -0.848777 154 144 107
4.0403 -4.7155 2.3641 -0.396002 -0.0553971 -0.916577 143 129 87
6.0341 4.2932 1.5663 -0.447651 -0.144119 -0.882518 171 151 104
0.1064 -4.8362 3.9095 -0.720253 0.0754473 -0.689597 134 141 80
5.3236 -3.4476 1.8522 -0.250751 -0.179291 -0.951304 162 134 98
7.3158 -2.6105 1.059 -0.440786 -0.0661684 -0.89517 173 151 106
-2.5505 -3.812 2.8841 0.255924 -0.240839 -0.936216 164 141 80
-0.6893 -1.5603 3.7304 0.598698 -0.296693 -0.743999 129 128 71
-4.9807 -0.2211 1.9655 0.632703 0.046313 -0.773008 145 156 98
7.5524 -1.0389 1.0419 -0.227093 0.0896939 -0.969734 176 143 110
0.7847 -7.2169 3.6853 -0.545779 -0.182733 -0.817761 128 124 81
2.0913 -4.3338 3.2381 0.0312341 -0.0543114 -0.998035 159 148 73
5.81 -6.7619 1.7048 0.359629 -0.235195 -0.902968 153 162 123
-6.5344 -5.7072 1.4096 0.728903 -0.202822 -0.653884 155 154 109
2.4344 -5.2574 2.9878 -0.736914 -0.00743978 -0.675945 136 126 74
4.6596 -4.7508 2.123 -0.422348 -0.02088 -0.906193 171 140 82
-7.6126 -4.9454 1.028 0.458377 0.354479 -0.815006 169 160 114
-7.8553 5.8288 0.9065 0.892528 0.282109 0.351863 192 154 115
7.2338 -4.5934 1.1593 -0.0102043 -0.947141 -0.320657 176 150 100
-6.43 -6.7838 1.4655 -0.0029295 0.670021 -0.742336 147 136 111
-2.7566 5.6552 2.918 0.637328 -0.396074 -0.661013 143 148 77
-3.1643 -5.0253 2.7465 0.664852 -0.0161716 -0.7468 147 121 101
-6.7694 7.6283 1.3223 0.256607 -0.0205621 -0.966297 165 139 117
3.1651 -5.5916 2.7126 -0.487001 -0.00542811 -0.873385 152 128 80
-2.0841 4.9077 3.1618 0.560482 -0.135956 -0.816931 134 129 73
6.3334 -5.9404 1.4594 -0.264175 0.0133058 -0.964383 163 138 113
-2.5073 1.723 2.9924 0.275143 0.234938 -0.932256 144 147 94
-6.5403 -7.1361 1.3536 0.681006 -0.0957786 -0.725987 154 140 112
1.0907 -1.4709 3.5604 -0.169661 0.509906 -0.843334 137 142 82
-1.5436 2.6056 3.4069 0.198871 0.697063 -0.688878 142 134 95
-1.6876 -2.5374 3.3845 0.356906 0.476494 -0.803475 148 132 72
-3.9506 -2.1161 2.4468 0.540385 0.137764 -0.830063 165 125 94
-6.3912 -3.0752 1.453 -0.0617682 -0.129425 -0.989664 154 135 94
2.6122 7.2686 2.9308 -0.333316 -0.31877 -0.887291 155 132 92
-7.0655 7.234 1.2335 0.0782564 -0.222866 -0.971703 167 160 105
-6.6394 -3.201 1.4241 0.164028 0.0498445 -0.985196 183 151 106
5.0249 -6.4357 2.0983 -0.092919 -0.332245 -0.938605 165 141 97
-6.3094 -1.2023 1.4276 0.324304 -0.900565 -0.289498 163 146 101
-3.6456 4.4125 2.4859 -0.845134 -0.0317912 -0.533609 151 146 81
5.9222 0.3712 1.6761 0.20874 -0.182465 -0.960799 172 141 105
-2.9816 3.3183 2.8614 0.114778 -0.175765 -0.977718 157 154 92
-6.5544 -1.4825 1.342 -0.0104971 -0.104217 -0.994499 143 154 110
-7.2977 -1.0762 0.9852 0.392598 -0.448556 -0.80291 165 145 124
0.75575 0.75055 3.7397 -0.511512 0.0384306 -0.858417 151 126 64
3.0225 4.3662 2.7884 -0.86765 0.411862 -0.278483 144 147 89
1.6747 -6.2641 3.3027 -0.676255 -0.455455 0.578999 154 125 77
-0.9754 -0.9679 3.5465 -0.128722 -0.452696 -0.882325 135 131 75
-7.9716 -3.8819 0.819 0.622254 -0.270142 -0.734727 170 154 113
-5.2534 -7.7616 1.8761 0.796248 0.0753547 -0.600259 151 160 80
4.0338 3.1174 2.3876 -0.2983 -0.18301 -0.936763 158 145 76
2.2036 -4.5469 3.1081 -0.355853 -0.187697 -0.915499 143 137 99
5.4237 6.9911 1.7557 -0.0260803 0.0273191 -0.999286 156 137 109
5.3686 -7.0947 1.8978 -0.0504157 0.328703 -0.943087 158 143 105
-1.6297 -2.6086 3.3947 0.0599602 0.038959 -0.99744 141 142 73
3.1192 -6.2869 2.746 -0.852058 -0.211796 -0.478685 176 157 97
-5.9116 1.2732 1.5728 0.156923 -0.321133 -0.933942 152 153 112
1.7777 3.2979 3.323 -0.41793 0.32968 -0.846549 154 131 101
-0.1381 -6.0973 3.8774 0.0815213 0.367717 -0.926358 149 124 68
-3.4286 5.7819 2.6821 0.134917 0.185062 -0.973422 150 128 100
4.0228 0.5111 2.3893 -0.363249 0.156012 -0.918537 158 155 88
0.7218 5.3831 3.7227 -0.244166 -0.252106 -0.93639 154 138 70
-6.9591 4.461 1.2514 0.305285 0.412826 -0.858123 173 135 111
7.8229 6.6707 0.8517 -0.535415 0.00692361 -0.844561 168 148 116
-5.7134 5.6587 1.6569 0.158164 -0.175588 -0.971675 176 145 111
-6.8912 -1.5989 1.2075 0.595495 0.216125 -0.773741 161 162 118
-0.8209 2.6143 3.6345 0.114571 0.238698 -0.964311 143 127 96
-2.3554 7.6388 3.1309 -0.893416 -0.297957 -0.336198 148 129 83
-5.0357 -6.9985 1.8863 0.337954 0.426681 -0.838886 156 141 99
5.5058 4.427 1.8375 -0.66836 -0.131931 -0.732044 163 138 112
3.089 -1.252 2.6863 -0.468291 -0.579572 -0.666933 152 124 89
6.6756 -7.2286 1.3728 -0.580104 0.0332837 -0.813862 174 155 106
3.647 -3.4459 2.6059 0.630465 0.740192 -0.233728 159 137 90
-0.1288 -2.6874 3.9814 -0.284367 -0.248855 -0.925855 141 119 73
-0.1044 6.2335 3.9387 0.382059 0.0917151 -0.919576 147 126 62
2.5357 -3.5748 2.9576 -0.431198 -0.00697234 -0.90223 131 141 92
-3.8424 -7.3724 2.346 -0.412689 0.842466 -0.346321 161 133 88
-1.2867 0.9763 3.4246 0.325999 0.370181 -0.86988 160 122 80
4.696 -7.573 2.1054 -0.241758 -0.0209887 -0.97011 151 144 86
1.9005 -2.1601 3.2053 -0.610348 0.320795 -0.724269 151 146 84
-7.0249 2.3911 1.296 0.648927 -0.0510076 -0.759139 148 155 101
-3.1081 7.6754 2.7705 0.355521 0.0110422 -0.934603 175 133 95
-6.9683 2.3845 1.2998 0.171089 0.119657 -0.977963 159 155 119
-6.2418 5.4161 1.4451 0.408306 0.418059 -0.811488 148 140 111
3.7595 -7.7745 2.5302 -0.56165 0.0724912 -0.824193 167 124 92
2.7987 -7.4932 2.881 -0.468944 -0.178631 -0.864975 157 127 62
0.0875 -3.2542 3.9087 0.0471054 0.669509 -0.741308 148 126 77
7.2605 -2.5122 1.1104 0.189602 0.475334 -0.859132 170 163 113
7.0679 -2.3528 1.049 0.200869 -0.542575 -0.815637 178 162 122
5.6458 -5.7993 1.7966 0.00540042 -0.246069 -0.969237 173 162 113
6.4054 -0.6506 1.4435 -0.0447881 -0.325274 -0.944558 182 159 113
3.6031 -6.8658 2.556 -0.161201 0.0264975 -0.986566 153 129 109
5.7633 -7.8748 1.6648 -0.782614 -0.621671 -0.0322453 172 152 100
-0.5848 -4.8666 3.7655 0.800337 -0.366068 -0.474821 148 135 76
-0.778 -3.3228 3.6714 0.372472 -0.160159 -0.914119 138 134 86
2.006 -0.75005 3.14495 0.560545 0.764742 -0.31774 149 147 84
0.7209 -1.3286 3.6496 -0.0858836 0.96668 -0.24115 148 120 84
1.3231 -5.0373 3.3995 -0.563555 0.779955 0.27217 142 132 81
5.0853 -7.7335 1.8954 -0.819032 -0.313594 -0.480464 154 147 110
-2.732 3.3324 2.9079 0.575895 0.266415 -0.772896 153 154 90
-7.6887 -4.5103 0.9617 0.44904 0.0235477 -0.893201 185 169 119
2.4648 -0.317 2.9738 -0.307905 0.0250217 -0.951088 148 135 78
-3.9479 2.9719 2.4238 0.294925 -0.0975968 -0.950523 167 135 85
0.8832 2.656 3.6897 -0.344152 0.329014 -0.87938 152 139 74
5.4578 -0.4084 1.798 -0.357475 -0.856012 -0.373437 177 139 114
5.5735 -3.88 1.775 -0.112323 0.428758 -0.89641 167 168 82
-3.854 5.6327 2.4426 -0.0956591 -0.293557 -0.951143 163 141 82
-6.2524 4.3307 1.4078 0.359667 0.0339805 -0.932462 173 152 112
-0.1325 1.2086 3.9277 0.193913 0.599584 -0.776464 137 127 76
-3.602 -3.9857 2.566 0.319354 0.142299 -0.936891 152 123 98
-3.5912 -3.9247 2.576 0.325745 0.149122 -0.933624 152 131 101
-4.0646 2.7591 2.395 0.421896 0.0901153 -0.902155 162 140 80
0.34555 5.1004 3.89285 -0.384252 -0.272827 -0.881995 128 131 67
4.8768 5.1083 2.0725 -0.386333 -0.429421 -0.816299 145 147 88
7.1535 4.2067 1.1627 -0.60438 -0.282216 -0.745036 177 159 121
5.1852 -7.8681 1.8841 0.086087 0.00676089 -0.996265 174 129 81
-7.592 0.848 0.8945 -0.338777 0.229728 -0.91239 166 137 110
-3.9862 4.8862 2.3502 0.750277 -0.217268 -0.624403 152 172 96
-5.6888 -4.1319 1.7613 0.375839 0.543182 -0.750798 168 144 111
-1.8922 7.4119 3.2438 0.808435 0.0955984 -0.58077 149 126 78
-4.9168 3.0847 2.0504 0.569933 -0.47527 -0.670294 151 138 99
-4.8019 -1.8969 1.9872 -0.182786 -0.12359 -0.975354 174 145 99
1.6261 6.187 3.3517 -0.705077 0.179956 -0.685917 153 127 100
-4.3441 -1.2757 2.1749 0.655132 0.158629 -0.738674 159 150 102
0.6395 -5.5262 3.7551 -0.444976 -0.609739 -0.655908 133 127 67
5.9112 2.8661 1.6894 -0.754884 0.267195 -0.598963 147 148 87
-5.0468 1.5389 2.0023 0.718441 0.0885265 -0.689932 172 134 101
5.5795 6.1737 1.7077 -0.306669 -0.523087 -0.795195 150 161 98
-6.0418 0.3387 1.471 0.696959 0.556326 -0.452494 181 155 115
2.7777 -4.5216 2.9189 -0.292986 0.511482 -0.807803 152 126 97
-6.2333 -2.5164 1.4574 0.251558 -0.348391 -0.902963 162 151 111
-4.0606 0.5771 2.5383 -0.111563 0.79103 -0.601519 169 153 80
-1.2157 5.8129 3.4255 0.573576 -0.222902 -0.788242 147 139 84
-7.3161 -6.0251 1.0881 0.342041 -0.392162 -0.853942 181 152 101
3.833 2.2455 2.4179 -0.575538 0.0691021 -0.81485 166 148 81
0.179 5.2518 3.9419 -0.334164 0.178702 -0.925419 132 132 65
3.3195 3.7347 2.711 -0.241404 -0.394647 -0.886554 167 139 78
-5.3906 -5.4048 1.8363 0.359027 -0.0765734 -0.930181 172 159 92
6.0646 5.1108 1.5903 -0.442671 0.119774 -0.888649 161 159 107
-4.94215 -3.4 2.0491 0.615359 0.678445 -0.401304 171 147 106
2.0882 -3.1621 3.0966 -0.396238 0.540414 -0.742259 155 128 71
6.7498 2.8799 1.2482 -0.182366 0.893648 -0.410045 176 150 123
-4.4263 7.465 2.2719 0.38538 -0.104901 -0.916776 163 156 110
-7.3995 4.8466 1.0787 0.604117 -0.183961 -0.775372 161 145 113
-1.0794 -5.8491 3.641 -0.0519424 0.409436 -0.910859 144 129 72
-6.1579 -0.4561 1.5079 0.123176 0.288947 -0.949388 161 148 99
5.5231 -3.93 1.7574 -0.491217 -0.0505913 -0.869567 173 147 110
-5.0537 5.0954 1.9413 0.676811 0.193564 -0.710253 175 146 94
1.7774 2.5056 3.28 -0.836523 -0.246082 -0.489564 138 126 85
6.1972 7.2166 1.4689 -0.658402 -0.326759 -0.678037 178 157 105
-1.2331 -3.0425 3.5176 0.592944 0.0103519 -0.805177 132 131 69
6.3177 6.9529 1.3918 -0.0333417 0.415256 -0.909094 164 162 112
3.9596 -5.1133 2.3673 -0.425934 -0.338798 -0.838926 138 169 99
-1.5357 4.7575 3.3647 0.220299 0.209664 -0.952633 172 140 77
-5.5309 -7.9541 1.8792 -0.215138 -0.868812 -0.445961 154 133 90
6.253 4.2406 1.5515 0.0163371 0.0173257 -0.999716 178 133 100
3.0092 -4.857 2.7323 -0.363951 0.314159 -0.876837 154 146 95
-1.392 -3.2742 3.4329 0.407292 0.189752 -0.893369 140 137 79
-6.7167 -2.5018 1.347 0.381934 -0.0302302 -0.923695 167 162 102
3.8794 -4.6305 2.3704 -0.67758 -0.0639323 -0.732665 159 138 94
0.449 4.033 3.8398 -0 -0 -1 133 131 64
-7.6718 -2.9152 0.9362 0.832899 -0.190983 -0.519428 152 144 131
-0.1736 0.8974 3.979 0.437874 0.436561 -0.785927 146 127 74
3.29715 7.3209 2.664 -0.441613 0.0813355 -0.893511 164 139 93
0.3411 4.4603 3.8894 -0.296267 0.186504 -0.936719 139 114 60
1.2824 4.4872 3.482 -0.294801 0.149806 -0.943743 118 126 73
1.9273 -2.5251 3.2251 -0.0932077 -0.246815 -0.96457 161 126 77
-5.4821 4.3889 1.8458 0.385237 -0.366725 -0.846821 163 141 108
2.4281 -5.1431 2.9676 -0.267643 0.125706 -0.955283 149 138 64
-7.7292 -4.0781 0.9331 0.23375 -0.0388375 -0.971521 174 141 110
-0.1952 -2.9012 3.9198 0.0600402 -0.169183 -0.983754 143 131 56
-0.9111 -3.2002 3.6511 0.393639 0.0667241 -0.91684 154 118 80
-4.3252 6.8422 2.2485 0.462241 0.0568429 -0.884931 169 148 101
-5.3729 0.1687 1.7951 0.184086 0.0707566 -0.98036 163 147 109
2.5053 -6.0063 3.0502 -0.0440529 0.343816 -0.938003 147 136 81
-1.8448 2.9923 3.2926 0.474886 0.157214 -0.865891 142 116 78
7.3885 1.6081 1.0514 0.194805 -0.107124 -0.974975 159 150 115
-6.0757 7.9214 1.599 -0.0419657 0.705311 -0.707654 175 135 91
3.6668 -4.2144 2.5924 -0.312178 -0.0059668 -0.950005 149 143 83
5.1589 7.3769 1.876 -0.355182 0.12606 -0.926258 173 165 110
-0.7609 2.7047 3.6478 0.403526 -0.403033 -0.82142 152 135 72
-1.8724 -1.2221 3.2329 0.505948 0.110389 -0.855471 144 135 93
-1.9706 2.6801 3.2335 0.302669 0.0898611 -0.94885 168 141 85
-3.6745 -3.9319 2.4848 0.120121 0.0855875 -0.989063 138 136 99
5.6865 -3.3373 1.7349 -0.14366 0.0761352 -0.986694 160 173 102
-3.8877 -2.421 2.534 0.170361 0.425096 -0.888972 160 139 68
-4.7275 0.7296 2.0912 0.858286 0.138108 -0.494238 145 120 97
5.1896 4.7201 1.8797 -0.503089 -0.337871 -0.795453 168 157 99
4.7501 5.9716 2.1624 -0.449332 0.45384 -0.7695 153 142 95
2.9028 7.7247 2.8592 -0.591888 -0.185614 -0.784357 153 130 90
-2.0113 6.8177 3.2508 0.0375237 0.361667 -0.931552 150 135 89
3.9978 4.8491 2.4674 -0.290055 -0.0341179 -0.956402 169 139 101
-0.6592 5.2716 3.8137 -0.195715 -0.425746 -0.883423 139 96 94
7.5153 -6.6437 1.035 -0.584835 0.811088 0.010174 168 159 119
-1.8747 -2.7958 3.2424 0.518288 -0.282652 -0.807146 141 137 87
1.5908 -3.1148 3.3117 -0.304748 0.229033 -0.924485 136 144 88
-3.3523 -5.291 2.565 0.11252 0.548344 -0.828648 143 143 94
4.3369 1.5756 2.2404 -0.44242 0.0651415 -0.894439 144 138 116
-0.2363 7.0748 3.8864 0.152669 0.346249 -0.925637 157 128 76
-3.6993 2.21 2.5134 0.64511 0.132385 -0.752534 152 155 89
0.0627 -7.005 3.963 0.52573 -0.69058 -0.496696 126 130 73
6.413 -0.525 1.385 -0.51127 -0.173565 -0.841712 179 152 107
5.1086 7.7911 1.9233 -0.166405 -0.0997614 -0.980998 158 142 99
6.4665 -2.6061 1.5217 -0.585381 -0.0874995 -0.806023 178 150 101
-4.8259 -5.2068 2.0523 0.476803 -0.124979 -0.87008 164 142 111
-4.426 -1.2512 2.1736 0.300377 0.319217 -0.898818 172 158 102
4.7176 0.7838 2.16 0.206729 0.0424432 -0.977477 170 133 75
5.1388 -7.5672 1.9999 -0.448031 0.802508 -0.394016 151 131 98
0.8331 2.2824 3.6906 0.190991 0.00330919 -0.981586 141 133 80
-4.3346 7.6494 2.2672 0.674489 -0.0843142 -0.733455 157 140 97
3.8682 0.7919 2.4478 -0.756384 0.39436 -0.521885 150 126 89
7.5112 -3.8917 1.0212 -0.208365 0.292202 -0.933382 171 160 117
5.3639 -1.6561 1.9558 -0 -0 -1 159 139 94
-4.7692 -7.3338 2.0508 0.341523 0.223509 -0.912911 162 149 103
2.7747 -4.6711 2.9182 -0.514858 0.0933586 -0.852177 156 132 97
3.9918 4.1934 2.4647 -0.199554 0.970004 -0.138816 168 148 106
-7.3567 -1.1761 1.1296 0.746361 0.0460732 -0.663944 169 152 118
4.0956 -4.9832 2.3195 -0.357192 0.120435 -0.926234 162 151 100
-0.8012 5.3883 3.7056 -0.205327 0.910534 -0.358844 143 139 73
-2.838 4.8848 2.7981 0.214054 -0.178918 -0.960296 160 147 95
1.258 5.8014 3.5425 -0.47047 0.209126 -0.857278 157 146 69
5.2705 -4.6437 1.8922 -0.11873 -0.212693 -0.969879 157 157 109
-0.351 -4.5527 3.9425 0.319483 0.33807 -0.885234 134 139 61
-7.1769 -4.2246 1.2057 0.224454 -0.253748 -0.940868 178 160 110
2.318 -5.3609 3.0814 -0.455925 -0.0505801 -0.88858 147 143 77
-7.16835 -5.89825 1.1006 0.473461 -0.0876039 -0.876448 168 154 122
1.1409 -7.5359 3.4992 -0.369516 0.509438 -0.77713 149 147 64
-6.8932 -1.3845 1.1572 0.546072 -0.507059 -0.666856 160 150 124
6.3441 3.8234 1.4257 -0.585761 -0.261786 -0.767041 151 145 109
-2.14605 -5.00145 3.16005 0.00611441 0.179991 -0.983649 147 127 99
3.039 -5.6834 2.7994 -0.427729 -0.273483 -0.861542 163 142 83
-6.44915 3.01915 1.4338 0.198411 0.698136 -0.687924 164 163 109
-5.968 5.0668 1.5451 0.327265 0.0252118 -0.944596 174 164 90
-3.272 -6.7512 2.6076 0.0648752 0.422212 -0.904173 163 127 111
3.1229 -0.4546 2.7803 -0 -0 -1 167 139 87
6.937 3.7876 1.2377 -0.370232 -0.0617921 -0.926882 159 158 105
-0.3027 2.3553 3.9157 0.721097 0.0535788 -0.690759 143 122 80
-2.4631 -6.0446 3.0873 0.118765 0.221141 -0.967983 143 123 81
4.319 0.2285 2.2654 -0.437181 -0.188738 -0.879347 158 142 94
-2.7604 -3.0925 2.8452 0.221845 -0.0865177 -0.971236 152 130 91
-1.889 6.532 3.1848 0.0554031 0.272918 -0.960441 147 149 89
4.9131 2.28 2.047 -0.133134 0.038773 -0.990339 126 137 120
-5.0589 3.9856 1.9073 -0.529971 0.594964 -0.604275 161 137 95
3.502 1.7472 2.6992 -0.404894 0.184994 -0.895454 143 150 81
-5.8099 -7.9271 1.701 0.159251 -0.547523 -0.821497 157 149 103
-3.6611 -0.0456 2.5693 0.255739 -0.538488 -0.802887 150 139 71
-5.2342 -4.7407 1.9026 0.491477 0.156579 -0.856699 164 148 100
-4.7628 -5.55605 2.09455 0.512448 -0.143794 -0.846594 151 143 114
-4.5309 5.8144 2.1138 -0.404702 0.894366 0.190592 150 141 94
-0.9723 -2.6652 3.614 0.409709 0.0857553 -0.908177 142 148 59
-6.504 -4.1427 1.3037 0.052447 0.882677 -0.467045 167 152 108
-7.3046 0.6335 1.1524 0.127418 0.0336993 -0.991276 151 150 107
5.2726 -4.1788 1.9904 -0.369746 0.269091 -0.889313 147 140 103
5.976 -4.2453 1.6196 -0.389171 0.10908 -0.914685 157 143 110
5.5084 -6.5719 1.7343 -0.469252 0.147411 -0.870673 150 155 113
1.1647 -4.5733 3.5254 -0.195964 -0.070839 -0.978049 143 134 65
-6.7587 2.4713 1.3182 0.145634 0.0708759 -0.986797 151 177 100
-7.7598 5.0286 0.8861 0.848109 0.118828 -0.516325 157 152 111
-7.8921 -3.7522 0.8424 -0.365154 0.158768 -0.917309 160 167 107
2.7579 2.436 2.9247 -0.583674 0.381264 -0.716912 144 145 86
-4.9881 -2.7435 2.0286 0.505214 0.0912904 -0.858152 159 133 106
6.4738 -1.5591 1.4346 -0.399672 -0.122243 -0.908471 168 136 95
3.4464 -6.2112 2.5928 -0.479711 0.0104274 -0.877364 139 147 99
-4.5451 3.0436 2.1999 0.241124 0.375211 -0.895029 177 135 83
-5.0315 2.5528 1.9805 0.574205 -0.0755185 -0.815221 151 143 93
4.6089 -7.1001 2.1643 -0.151037 0.188903 -0.970311 141 137 78
5.7099 -2.1503 1.6819 -0.358342 0.206161 -0.910543 154 146 104
-0.9108 1.6477 3.6797 0.457084 0.334206 -0.824245 167 134 67
0.1443 -3.8556 3.8749 0.221671 -0.749468 -0.623827 146 139 65
-1.9715 2.7419 3.2307 0.237925 -0.0104978 -0.971227 151 161 94
6.1421 6.5702 1.4943 0.113963 -0.0617282 -0.991565 168 149 108
1.9076 -1.4436 3.2195 -0.559662 -0.0315274 -0.828121 156 123 85
0.44155 6.349 3.8036 -0.387945 0.092454 -0.917034 145 127 72
-2.6752 -4.7085 2.8843 0.172318 0.0505235 -0.983745 150 141 96
-6.9598 -5.8533 1.2231 0.267292 0.279126 -0.922303 156 155 132
5.8577 -3.5983 1.6241 -0.388683 0.278156 -0.878382 169 165 102
0.6456 -2.9191 3.7876 -0.653036 0.257428 -0.712232 155 142 70
7.9097 7.6443 0.912 0.142751 -0.551691 -0.821741 176 166 131
-7.4038 -1.1115 1.0355 0.157595 -0.288995 -0.94427 175 153 120
7.7878 5.8031 0.8641 -0.52253 -0.23693 -0.81904 178 145 118
4.5281 -0.6839 2.1611 -0.515506 0.318842 -0.795357 145 131 97
6.4219 -6.993 1.4069 -0.444495 -0.545055 -0.710873 164 154 111
6.1476 -4.6277 1.5539 -0.154174 0.300488 -0.941242 159 148 106
1.2995 6.0348 3.4366 -0.546583 0.188554 -0.815901 144 134 59
2.5424 2.1794 3.04 -0.345369 -0.116101 -0.931258 136 141 74
-5.2425 -4.7854 1.9018 0.390873 -0.671619 -0.629402 175 141 85
3.4856 0.8774 2.5424 -0.243667 -0.00547785 -0.969844 156 151 114
4.8847 2.8142 2.0075 -0.237941 0.216989 -0.946731 146 141 100
-2.7633 4.5809 3.0042 -0.0548367 0.439939 -0.896352 160 123 78
-0.50175 -5.2523 3.83495 -0.443267 -0.268187 -0.855331 131 122 76
-5.3184 5.0664 1.9718 0.901501 -0.332406 -0.277133 173 138 97
-6.8933 3.096 1.294 0.482156 0.115202 -0.868478 161 141 115
-2.9436 5.4834 2.8287 0.610568 -0.189618 -0.768929 141 144 73
6.8694 0.7429 1.1908 -0.429812 -0.494748 -0.755305 153 169 111
-2.3182 7.2336 3.1447 0.815334 -0.353353 0.458663 147 133 67
6.4423 -1.7136 1.2914 0.275852 0.691083 -0.668064 191 161 121
3.1041 6.8039 2.7527 -0.780121 0.145005 -0.608592 139 142 97
-0.2604 -5.8679 3.8839 0.191049 -0.509191 -0.839181 133 139 83
7.5101 2.0755 0.9346 -0.465571 -0.100811 -0.87925 167 161 107
3.4408 -5.3865 2.5888 0.23465 0.349573 -0.907049 152 148 102
-7.3081 3.3725 0.9286 -0 -0 -1 181 164 122
2.0321 -5.1166 3.1845 -0.33492 -0.123929 -0.934061 145 147 85
-2.5365 5.9961 2.9259 0.496221 -0.867746 -0.0279655 138 151 91
-6.1424 1.9912 1.5681 0.106992 0.157794 -0.981659 167 175 126
0.3236 0.4966 3.8741 -0.313716 -0.0826031 -0.945917 136 134 89
2.9764 2.9308 2.8332 -0.602026 -0.0194753 -0.798239 168 128 84
-4.03 5.3168 2.3597 0.469246 -0.0367255 -0.882303 161 149 86
6.503 -4.1474 1.3799 0.164086 0.160253 -0.973342 161 148 107
6.0374 -1.6634 1.5668 -0.434512 -0.250848 -0.865029 180 147 98
5.9659 5.2245 1.6315 -0.362193 -0.083412 -0.928363 161 139 106
-2.154 -2.6812 3.0994 0.21009 -0.309784 -0.927306 160 137 67
-1.3152 -4.9823 3.4929 0.573178 0.204094 -0.793607 147 126 72
-7.5792 2.6232 0.9809 0.465217 -0.0489289 -0.883843 167 147 102
0.3056 -2.1121 3.95 -0.81918 -0.494318 -0.290851 140 112 70
-7.9516 4.0753 0.8229 0.91402 -0.356325 0.193907 176 147 124
-4.231 -1.4412 2.2595 0.604134 0.198027 -0.771885 153 132 109
-2.7056 -5.8795 2.9048 0.720905 -0.199388 -0.663732 149 156 81
4.1818 3.6761 2.3119 -0.119332 -0.281359 -0.952154 155 145 87
-3.6856 7.7066 2.5487 -0.312348 0.256681 -0.914633 131 135 102
-5.2318 -3.55555 1.8821 0.58614 -0.536425 -0.607196 160 151 99
-5.9857 1.928 1.5809 0.503738 0.195519 -0.841439 151 154 103
4.2773 -2.5452 2.3799 -0 -0 -1 151 127 80
-4.9602 3.1935 1.9741 0.55346 -0.552046 -0.62364 162 144 117
6.3471 -6.6063 1.5324 0.123251 0.287514 -0.949813 179 160 113
-0.4413 -3.5717 3.8158 0.792265 -0.0382833 -0.608976 155 136 60
-4.2917 -7.7675 2.2912 -0.344173 0.217517 -0.913363 163 147 123
6.4792 4.9919 1.3722 0.15278 -0.731916 -0.664046 165 151 107
4.582 -6.1492 2.2391 -0.17486 0.143271 -0.974114 152 147 99
6.8546 -5.9089 1.2419 -0.318579 -0.496453 -0.807491 157 154 119
-1.8941 -4.1105 3.2347 0.538809 -0.127135 -0.83278 142 134 81
-0.2455 -2.854 3.9139 -0.0949968 0.404869 -0.909426 146 139 80
1.8617 7.7867 3.2733 -0.401859 -0.202275 -0.893081 162 127 88
-1.4247 -4.5722 3.4221 0.49062 0.585139 -0.645681 158 136 101
-1.5821 6.4419 3.4546 0.539461 0.0629713 -0.839653 148 149 91
6.4486 -4.8252 1.4106 -0.727974 0.0241496 -0.68518 183 135 106
3.2445 2.5779 2.6379 -0.319598 0.523377 -0.789894 158 137 72
5.6855 6.0783 1.7474 -0.363978 -0.541927 -0.757519 163 131 111
-2.6252 5.6698 2.9858 0.506081 0.515422 -0.691536 154 124 77
-3.7875 3.0763 2.5186 0.535114 0.00793573 -0.844742 153 141 89
1.7245 -0.9903 3.1969 -0.997682 0.0445975 0.051388 152 133 78
6.896 -7.4526 1.2569 -0.37257 -0.330132 -0.867297 163 147 114
6.0454 -2.05 1.6172 -0.425698 -0.560142 -0.710649 178 141 88
-1.3075 -2.9407 3.5747 0.731384 0.138153 -0.667826 145 122 74
-4.3324 6.0812 2.2447 0.521492 0.0827935 -0.84923 164 140 97
0.0142 2.9972 3.9388 -0.0832431 -0.230953 -0.969397 131 148 83
-3.5353 7.2911 2.5992 0.92524 0.30214 0.229439 138 137 74
-3.0938 2.7311 2.7938 -0.184455 -0.801085 -0.569419 160 127 78
5.5433 -5.9929 1.6734 -0.364006 0.273776 -0.890251 154 136 107
-3.9842 1.3266 2.363 0.660893 0.251835 -0.706965 161 137 97
-2.0342 -6.8528 3.1481 -0.819408 0.24979 -0.515922 140 152 76
-0.1945 -1.9168 3.9139 -0.139055 0.279694 -0.949966 134 139 62
-3.0865 -1.6943 2.7008 0.467083 -0.371828 -0.802233 141 124 85
-6.6726 6.4788 1.3101 0.539968 -0.0294529 -0.84117 174 147 122
6.7006 3.8267 1.402 -0.390501 0.052706 -0.919093 172 133 110
-0.895 2.141 3.641 0.219979 -0.448213 -0.866438 138 139 69
-5.5087 -0.1074 1.9123 0.266386 -0.364105 -0.892449 175 145 70
-7.6923 -2.7701 0.9605 0.615892 0.148092 -0.773787 175 177 118
-6.1578 3.4875 1.5536 0.404593 0.428775 -0.807748 155 153 103
1.5342 -5.1228 3.3665 -0.659948 0.13914 -0.738315 145 139 74
0.7435 2.8805 3.697 -0.350284 -0.0262242 -0.936276 143 141 83
-6.0636 -4.7784 1.6486 0.484516 0.171179 -0.857871 173 142 100
-0.3494 7.1952 3.9231 0.353452 0.143957 -0.924309 142 116 57
-3.6024 6.2931 2.5748 0.528812 -0.437441 -0.727327 140 125 87
-6.845 -1.0297 1.2523 0.0991677 0.31681 -0.943291 158 146 117
5.4756 7.4061 1.7988 -0.271686 -0.00138855 -0.962385 156 148 103
5.8544 0.2926 1.65 -0.632997 0.757008 -0.162028 179 151 105
-3.9392 -7.0181 2.4626 0.0798212 0.0712758 -0.994258 155 134 94
-7.5699 4.1557 0.9582 0.571589 0.0821408 -0.816419 164 139 98
-3.7429 -4.6828 2.4829 0.550399 -0.303468 -0.777797 147 136 100
-1.1606 -4.8543 3.4435 -0.65476 0.751269 -0.0829777 155 146 73
-4.1064 1.3182 2.4003 0.753662 0.26724 -0.600481 174 150 99
4.799 -7.3412 2.1228 -0.6456 0.07033 -0.76043 168 143 91
4.9916 4.7378 1.9989 0.246178 0.455169 -0.855697 166 146 104
-6.2616 -7.731 1.5 0.698979 0.0621265 -0.712438 161 144 109
7.79 -6.5573 0.9559 0.020453 -0.355822 -0.93433 162 149 107
-5.755 -2.0741 1.7674 -0.559171 -0.231741 -0.796005 165 146 105
-7.913 2.1388 0.8224 0.200004 -0.113412 -0.973209 163 172 147
5.2054 4.767 1.9644 -0.503089 -0.337871 -0.795453 155 149 115
-6.5843 5.462 1.2771 0.252333 0.424677 -0.86947 181 155 123
-6.546 -6.2458 1.4092 0.728655 0.104158 -0.676914 176 153 104
-7.3219 6.2803 0.9845 0.0990349 0.916171 -0.388358 163 161 115
4.0506 -6.087 2.4807 -0.498236 -0.602445 -0.623555 146 147 93
-2.9294 -4.3156 2.7731 0.569524 -0.703561 -0.425023 154 143 81
-2.5126 0.1161 3.0594 0.159369 0.213449 -0.963868 148 124 71
1.0849 -2.0092 3.669 0.150272 -0.923228 -0.353651 149 122 87
5.8768 3.793 1.6404 -0.28462 0.405754 -0.868536 176 135 109
6.4304 0.3304 1.3429 0.274141 0.538765 -0.796605 173 175 122
-2.6272 -7.314 2.9648 0.132507 -0.279948 -0.950826 139 141 63
-5.9547 2.6209 1.5695 0.0425997 0.214874 -0.975712 154 148 117
6.6464 1.1735 1.3389 -0.223369 0.088333 -0.970723 156 163 113
-4.4909 -7.9223 2.2463 0.473404 -0.820582 -0.32021 161 147 109
-5.2532 -7.6943 1.9939 0.741607 -0.0645831 -0.667719 159 164 93
-2.1792 -4.5214 3.191 -0.237272 -0.953952 0.183516 147 132 70
-6.9319 -6.5111 1.1792 0.621143 0.24363 -0.744866 174 162 107
-0.1191 4.5431 3.9895 0.455152 0.122187 -0.881991 125 112 79
-5.6422 2.2438 1.76 0.382344 0.167841 -0.908649 169 151 103
0.7286 3.6221 3.6624 -0.380957 -0.509003 -0.771873 143 144 66
-5.6563 -5.1064 1.7936 0.285218 0.302338 -0.909529 164 146 103
-5.2129 3.7368 1.9391 0.193216 0.108531 -0.975135 139 140 103
-0.2124 2.6507 3.8609 0.371521 -0.739585 -0.561237 130 142 73
-6.5107 1.3405 1.3639 0.361669 -0.0312734 -0.931782 159 150 120
7.6006 7.852 0.9895 -0.57479 -0.030863 -0.817719 178 149 107
4.3505 5.7222 2.198 -0.376134 0.280056 -0.883228 157 152 98
5.9239 6.031 1.5576 -0.0819778 -0.112838 -0.990226 165 137 79
2.2993 3.7082 3.1074 -0.183468 -0.0798715 -0.979776 149 147 81
7.4332 -1.5945 1.0371 -0.847209 -0.373363 -0.377939 156 135 110
0.5406 -2.1595 3.8213 0.116139 -0.648248 -0.75252 157 124 71
1.9787 5.9419 3.2641 -0.273715 -0.666268 -0.693662 141 133 68
5.0721 2.9025 1.9513 -0.662949 -0.172104 -0.728614 164 140 106
2.7708 0.9865 2.9266 -0.534969 -0.0778175 -0.84128 150 128 90
6.0091 -6.39575 1.5569 -0.682933 -0.0839378 -0.725642 161 153 112
-7.1538 7.3588 1.2174 -0.0135493 -0.341154 -0.93991 151 162 84
0.0742 4.2592 4.0204 -0.0340085 0.573562 -0.818456 140 124 64
-4.9539 -3.9905 2.0796 0.639725 -0.126967 -0.758044 176 160 108
-3.9604 4.40745 2.399 0.133107 -0.955646 -0.262721 160 134 84
-3.9486 -4.8641 2.4555 0.263605 -0.0887881 -0.960536 160 150 87
6.2888 5.9577 1.4953 -0.081034 -0.362013 -0.928644 147 133 89
3.2308 3.5443 2.7075 -0.0638136 -0.06928 -0.995554 149 134 96
2.5412 7.789 2.9746 -0.336073 0.171281 -0.926131 149 137 84
-5.3552 4.8506 1.8436 0.433321 0.13942 -0.89039 166 146 95
1.8155 5.4333 3.3525 -0.280012 0.132357 -0.950828 142 142 72
-4.3834 -3.8668 2.2457 0.671857 0.540986 -0.505908 157 135 97
3.8747 6.0225 2.4853 -0.352078 -0.337076 -0.873167 162 141 104
2.2682 4.9255 3.0264 -0.460741 -0.0711953 -0.884675 142 136 72
1.0351 -6.1421 3.5739 -0.623097 -0.324233 -0.711775 147 138 99
-0.0262 -0.2603 3.9962 -0.0370224 0.0713281 -0.996766 140 135 59
6.0681 -6.1871 1.6721 -0.834985 0.412724 0.36395 173 144 101
-2.448 -4.8761 2.9962 0.500971 -0.252019 -0.827958 152 132 87
-0.2184 -3.9847 3.9256 0.615603 0.100612 -0.781608 147 140 73
7.283 -7.6026 1.0588 0.106708 -0.207245 -0.972452 159 154 99
-4.9606 -0.1601 2.0391 0.511191 0.338569 -0.789971 167 124 90
-7.859 3.7977 0.8579 0.587201 0.317337 -0.744642 178 140 119
5.6913 6.0736 1.7153 -0.627443 -0.497966 -0.59862 162 153 126
4.46 -4.5921 2.2346 -0.163449 0.387548 -0.907244 150 152 95
-4.4604 -7.3467 2.2686 0.0672257 -0.138626 -0.988061 160 132 91
-3.9697 6.283 2.3725 0.340898 0.658967 -0.670486 153 144 105
1.6611 -7.4621 3.3969 -0.389013 0.12889 -0.912171 147 110 73
-3.0969 5.9424 2.7053 0.393396 0.140657 -0.908546 158 163 87
-3.9329 -0.3463 2.4976 -0.530575 -0.286414 -0.797783 142 141 84
-0.9445 7.8119 3.6578 0.269768 0.149179 -0.951299 145 138 76
6.7534 5.0701 1.2623 -0.462385 0.0587478 -0.884731 168 165 104
3.4753 2.2122 2.6579 -0.637373 0.0754038 -0.766857 151 150 102
-5.5109 2.3454 1.8158 0.262749 0.0502145 -0.963557 160 138 91
-4.6377 -4.5741 2.1739 0.633885 0.177512 -0.752781 153 134 104
-4.1527 -6.217 2.3917 0.375683 -0.307359 -0.874296 160 140 85
-1.1444 -0.946 3.542 0.196532 -0.385888 -0.901369 139 121 82
-2.7617 -1.4813 2.9446 0.198267 -0.948134 -0.248459 159 141 107
-4.5148 4.5184 2.1725 -0.108432 -0.157401 -0.981564 155 148 89
-4.3344 -7.295 2.2366 0.331071 -0.0123822 -0.943524 140 145 103
-5.3565 1.8812 1.9216 0.416316 0.513871 -0.750078 163 152 112
-5.1898 6.6209 2.0098 0.828958 0.0622299 -0.555838 181 149 83
-1.2053 -6.2217 3.5645 0.209005 0.0413565 -0.97704 152 145 82
7.7183 3.5777 0.9818 -0.185061 -0.886057 -0.425035 165 139 103
-4.1321 5.9999 2.2816 -0.279928 -0.217706 -0.93501 165 143 92
0.087 -2.6394 3.8921 0.0962527 -0.278688 -0.955546 112 118 71
3.355 -6.4783 2.7859 0.585208 -0.786114 -0.198889 158 122 82
-2.5274 -3.0619 2.9819 0.395972 -0.462878 -0.793063 166 139 88
-2.6818 4.3066 2.9609 0.382797 -0.359131 -0.851171 157 122 101
-6.2782 6.0429 1.5389 0.469578 -0.127485 -0.873638 161 162 118
5.0278 -5.9006 1.9942 -0.381664 0.113908 -0.917256 164 152 103
4.5351 3.9751 2.2269 -0.993488 -0.060265 0.09669 156 161 92
-6.9279 7.1881 1.2947 0.0148901 0.0915162 -0.995692 167 154 120
-2.1738 -0.3984 3.0164 -0.249593 -0.419876 -0.872587 159 136 77
-4.4252 -6.5575 2.2305 0.497317 -0.0494787 -0.866157 169 134 123
6.53865 1.7973 1.34155 -0.477798 -0.0955647 -0.873256 171 157 100
4.0394 -2.5685 2.3425 -0 -0 -1 175 116 91
6.8908 0.6786 1.2848 -0.32558 -0.20041 -0.924031 161 154 119
-5.4349 5.6639 1.8257 0.503115 -0.0309959 -0.863663 157 154 99
6.987 3.9367 1.259 -0.444369 -0.0621156 -0.893688 167 136 107
0.9636 0.2486 3.6216 -0.334087 -0.180114 -0.925173 139 150 87
3.2412 5.3752 2.7612 -0.47348 -0.0995852 -0.875157 142 140 107
-1.437 0.9052 3.3853 0.096013 0.458005 -0.88375 151 134 65
4.6644 -2.5629 2.1517 -0.671275 -0.215384 -0.709224 168 140 106
1.4656 5.4221 3.4104 -0.391464 0.0665127 -0.917786 156 122 71
4.0244 -3.7806 2.4193 -0.480947 -0.228129 -0.84655 157 154 95
0.8742 -0.645 3.7088 -0.35437 -0.190499 -0.915496 145 127 76
-4.416 1.8046 2.246 0.50636 -0.0367639 -0.861538 153 146 90
-6.9928 -2.4534 1.2366 0.00381184 -0.384573 -0.923087 174 140 99
0.4453 7.4307 3.8167 -0.255281 0.0756603 -0.963902 130 138 54
0.978 -0.0043 3.6474 -0.375173 -0.197661 -0.905636 146 119 76
6.5573 0.3581 1.3996 -0.251098 0.233656 -0.939338 153 164 103
-4.4197 -5.8351 2.2152 0.298052 0.0463333 -0.953425 156 142 98
6.5156 -1.4168 1.363 0.13146 0.0326324 -0.990784 174 159 115
-4.0194 7.9434 2.4432 0.339386 0.18993 -0.921273 155 132 99
-3.0216 7.3679 2.7242 0.218972 -0.102946 -0.970285 172 118 78
-4.7693 -5.0894 2.0945 0.514411 0.0447024 -0.856378 155 130 102
2.7475 2.1071 2.9477 0.103177 -0.194636 -0.975434 141 141 74
-0.8429 -5.1656 3.6627 0.44847 -0.248115 -0.858669 129 138 68
-4.5768 3.3574 2.1653 0.502403 -0.159413 -0.849811 161 126 99
-3.3141 -5.6296 2.6077 0.208559 -0.28487 -0.935603 154 151 100
5.7606 -0.015 1.6936 -0.57021 -0.0889609 -0.816668 165 142 95
6.9237 -1.6114 1.1046 -0 -0 -1 162 151 105
-7.285 -5.9705 1.0738 0.319384 -0.406192 -0.856155 162 143 114
3.2551 3.8672 2.6211 -0.323495 -0.378318 -0.86731 143 145 83
4.6449 -2.9404 2.1941 0.214709 0.0766291 -0.973667 164 141 101
4.2858 -6.591 2.224 -0.465198 0.271689 -0.842482 168 122 103
2.7916 -2.6111 2.9529 -0.739686 -0.110435 -0.663829 140 140 90
5.5678 -7.0662 1.8168 -0.453248 -0.133185 -0.881378 148 127 106
6.7611 1.6734 1.2358 -0.283086 0.326918 -0.901658 186 168 115
1.9299 -6.8358 3.2503 -0.407314 -0.184701 -0.894416 134 121 77
3.1035 2.7692 2.7587 -0.676265 -0.106378 -0.728937 148 131 99
-6.7101 -7.6551 1.3508 0.676515 -0.0870789 -0.731263 164 136 117
-0.958 2.967 3.5907 0.583286 0.181956 -0.791624 137 132 62
6.4239 5.3184 1.4527 -0.329909 0.101919 -0.938495 175 165 102
7.6345 -3.1289 0.9961 -0.569457 -0.298054 -0.766082 182 145 135
-6.8095 3.7844 1.3241 0.585395 0.780214 -0.220404 174 153 101
-0.2301 0.8871 3.9418 0.443465 0.431563 -0.785552 135 108 73
5.5304 -6.6546 1.7406 -0.562165 -0.0157935 -0.826874 157 154 120
-2.4968 6.9598 2.9641 -0.695133 0.413692 0.587919 148 126 87
-2.4032 -1.8171 2.9965 0.932914 0.354439 0.0635916 152 138 94
3.31415 -5.26425 2.77965 -0.933727 0.339822 0.112587 148 147 89
-2.3708 7.0703 3.0469 0.616349 0.0805548 -0.783342 150 134 71
-2.1149 4.0257 3.1888 0.160045 0.176211 -0.971254 158 138 82
2.297 3.0321 3.0396 -0.229232 -0.142724 -0.962851 137 148 87
-0.5329 4.5095 3.7722 0.382276 0.263436 -0.885701 140 144 91
4.8513 -2.08 2.0801 -0.198878 -0.0964704 -0.975265 158 145 83
-1.3707 -0.3437 3.4557 0.705501 0.0532023 -0.706709 148 137 76
0.2628 -0.4266 3.9876 0.0648515 -0.752615 -0.65526 154 125 63
4.6054 -3.4005 2.102 0.861029 0.42308 -0.282192 163 149 107
-3.0446 -3.6339 2.9086 -0.0239072 -0.999278 -0.0295176 145 127 103
4.3719 6.503 2.2281 -0.300413 -0.0176024 -0.953647 165 149 104
7.988 4.04 0.7967 -0.401985 -0.175939 -0.898584 170 146 120
5.2014 -0.6538 1.9228 -0.138634 -0.0908218 -0.98617 168 132 95
-2.0318 -6.3227 3.1859 0.278347 -0.442203 -0.852631 173 141 73
-0.5696 2.483 3.7092 -0.612181 -0.739934 -0.278804 157 128 77
5.165 -5.9884 1.9374 -0.284588 0.272261 -0.919175 167 135 97
-0.024 1.5621 3.9249 0.0626734 -0.0788582 -0.994914 127 148 72
1.5878 -1.4701 3.3406 -0.451045 -0.095128 -0.887417 145 138 74
-1.3221 6.701 3.4673 0.423173 -0.124824 -0.89741 121 120 85
-1.0408 -6.2214 3.5534 0.259398 -0.444928 -0.857177 139 115 81
-3.7556 5.9883 2.5374 0.743357 -0.409344 -0.529016 154 125 103
4.1851 -7.2916 2.2939 -0.204743 -0.0283383 -0.978406 179 141 85
-4.3855 5.6781 2.1452 0.897763 -0.36922 0.240204 142 131 91
-4.9367 0.3948 2.0647 0.352508 0.218206 -0.910014 173 148 83
4.0578 -0.2406 2.4116 -0.146216 -0.0585959 -0.987516 155 134 91
4.5285 7.2992 2.1918 -0.28668 -0.0618162 -0.95603 153 152 96
-2.6183 -7.6465 2.908 0.54401 -0.277874 -0.791732 146 157 90
4.603 1.8879 2.1171 0.215175 -0.285994 -0.93376 150 145 101
-7.7947 -7.4449 0.9206 -0.068396 -0.740398 -0.66868 184 173 104
7.00465 1.0507 1.1981 -0.518377 0.57197 -0.635717 182 155 120
-0.34795 -2.09065 3.91875 0.28809 0.175309 -0.94142 155 123 77
-1.1284 0.9293 3.4972 0.531202 0.676387 -0.510221 144 126 72
7.4131 5.7567 0.9812 0.755935 0.523412 -0.393194 176 153 118
7.2878 6.8181 1.0369 -0.0913932 0.0243555 -0.995517 168 161 115
-5.745 1.2028 1.7562 0.336252 -0.116193 -0.934577 146 141 113
0.1953 5.2178 3.888 -0.303282 0.0539992 -0.95137 146 126 75
-4.7922 0.864 2.154 0.393437 -0.000702549 -0.919351 165 143 102
-0.9451 1.2163 3.6868 0.630968 -0.0477145 -0.77434 141 128 62
2.8894 4.7798 2.9063 -0.290218 -0.372081 -0.881663 155 134 86
-2.6249 4.5603 2.9802 0.289618 0.331661 -0.897843 163 124 110
-7.262 4.5805 1.0957 0.793305 0.198545 -0.575541 152 168 120
-3.1628 -7.7053 2.7444 0.331235 0.137454 -0.933482 155 144 101
-5.8487 1.105 1.7036 0.308487 -0.0298376 -0.950761 143 126 106
-5.7703 -5.2058 1.6573 0.429744 -0.233707 -0.872182 154 136 97
1.3805 6.5546 3.4584 -0.447104 -0.587111 -0.674832 144 152 75
4.9742 -0.8626 2.0633 -0.281964 0.0517077 -0.95803 162 143 89
7.0138 0.7347 1.1807 -0.21758 -0.724807 -0.653692 174 158 116
6.2694 -3.0885 1.571 -0.600173 0.0543736 -0.79802 160 157 121
2.9322 -4.1893 2.9275 -0.937801 -0.012008 -0.346966 158 138 86
-5.3879 -1.5335 1.8689 -0.104601 -0.0408925 -0.993673 150 114 102
-7.4228 -0.6196 0.9869 0.41731 -0.0573609 -0.906952 157 144 112
4.1441 -1.5888 2.3 0.267829 -0.0771658 -0.960371 176 142 111
-2.5867 -6.5057 2.935 0.359593 0.49926 -0.78831 140 142 84
-1.6014 3.8176 3.3136 0.507563 0.0824948 -0.857656 162 134 70
6.1128 -7.1383 1.6127 -0.252295 -0.194036 -0.947997 163 154 107
-2.8303 6.9834 2.8728 0.379685 -0.05198 -0.923654 161 132 85
-4.8917 -3.0028 2.1095 0.822521 0.350018 -0.44827 158 143 95
-4.3719 5.3613 2.1403 0.679654 -0.075508 -0.729636 174 157 100
-2.8305 -2.8995 2.8645 0.600355 -0.18892 -0.777099 147 149 80
2.8318 -6.082 2.8719 -0.340207 -0.124268 -0.932103 156 131 86
-4.682 -3.4514 2.2385 0.0904768 0.968205 -0.233223 153 144 104
0.8675 -5.2893 3.6149 -0.696633 -0.222939 -0.68191 142 136 62
-4.0369 -3.0705 2.4527 0.266423 0.556432 -0.787021 158 122 103
6.1742 5.0861 1.536 -0.286872 0.556883 -0.779478 156 148 108
-7.2101 -2.297 1.065 -0 -0 -1 147 154 99
3.4842 3.2495 2.6048 -0.373077 -0.0683548 -0.925279 156 143 96
-7.0759 2.7116 1.1685 0.449974 -0.867873 -0.210523 169 157 126
5.5608 0.3187 1.7616 -0.0810748 0.0321861 -0.996188 164 157 104
2.8008 -5.75645 2.94025 -0.139856 -0.167088 -0.975972 152 132 82
0.1447 -0.9348 3.8968 -0.524593 -0.0650488 -0.848864 146 141 65
-5.3854 6.9944 1.867 0.190101 0.0989259 -0.976768 164 134 89
-5.5257 -3.2777 1.8618 0.190862 0.35932 -0.913488 159 142 89
3.0823 -3.2462 2.7335 -0.528979 -0.291964 -0.796831 153 126 94
1.2714 7.3207 3.5292 -0.624433 0.171606 -0.761994 143 130 76
0.5703 1.8698 3.7298 -0.659971 -0.21769 -0.719061 139 131 82
6.9504 -5.4982 1.2732 -0.420061 -0.162845 -0.892766 174 149 109
-5.03335 -1.35405 1.9894 0.360987 -0.152308 -0.920049 153 149 108
0.9692 5.2878 3.5367 -0.827918 0.0149178 -0.560651 136 130 86
-5.5532 -0.5773 1.7309 0.669801 -0.731345 -0.128458 154 164 101
3.8031 -6.6551 2.4412 -0.555775 0.333073 -0.761693 151 131 88
-6.7197 -4.9107 1.3715 0.0784503 0.6741 -0.734463 147 149 110
-1.7503 -6.833 3.3057 0.426009 0.346804 -0.83561 155 135 78
-6.3985 -6.4606 1.3435 0.316876 0.575035 -0.754271 161 139 114
1.9718 -1.5836 3.2543 -0.243648 -0.161972 -0.956243 161 134 80
-1.1277 -6.0861 3.4365 -0.592084 -0.709872 -0.381468 148 130 82
-7.9179 -4.7812 0.7676 0.189498 0.187259 -0.963859 179 156 125
-2.0077 1.9121 3.1528 0.070762 -0.0214513 -0.997263 161 119 67
1.7367 0.2235 3.2312 0.552065 0.526886 -0.646231 152 135 62
3.1714 3.9017 2.6772 -0.836546 -0.349578 -0.421883 158 140 89
7.341 -5.6045 0.9889 -0.556157 -0.129474 -0.82093 181 137 99
-7.2467 -3.8696 1.1243 -0.119949 -0.306986 -0.944125 152 151 123
0.405 -2.2444 3.8896 -0.403922 -0.0801376 -0.911277 134 130 89
1.4991 -3.7762 3.395 -0.207936 -0.484848 -0.849521 144 134 81
0.9289 -5.0609 3.6476 -0.552104 -0.125982 -0.824202 132 120 70
4.8703 -3.6718 1.9515 -0.124976 0.192985 -0.97321 170 152 102
-7.4271 -4.7273 0.9742 0.37972 0.240289 -0.89335 185 163 126
-1.4149 -4.2002 3.4104 0.449539 0.300657 -0.841142 130 130 83
4.5117 7.6261 2.128 -0.0857747 -0.787038 -0.610913 139 147 118
-0.682 7.7962 3.6847 -0.534391 0.0372867 -0.844415 135 116 75
-2.1926 -1.083 3.1338 0.567291 0.112435 -0.815806 129 144 70
0.0442 -5.5248 4.0451 -0.458466 -0.497323 -0.736532 114 133 70
6.0451 -3.112 1.5739 -0.0895889 0.336157 -0.937535 155 159 119
-0.4702 -3.4301 3.7693 0.399767 0.158749 -0.902765 136 126 67
-7.852 3.5554 0.8549 0.177715 -0.0178362 -0.98392 170 143 103
3.7425 -5.9116 2.4761 -0.286069 0.0845588 -0.954471 176 138 91
-0.323 -4.233 3.8065 0.277713 0.197689 -0.940103 133 129 52
-3.5906 3.1914 2.5694 0.479728 0.171881 -0.860418 157 135 93
2.434 1.2513 3.0463 -0.366318 -0.0778726 -0.927225 149 146 74
-2.9173 1.7131 2.7995 0.401756 0.0110605 -0.91568 174 140 70
6.8404 3.4687 1.3168 -0.325388 -0.123312 -0.937506 160 134 97
-4.8135 -6.3643 2.0374 0.37555 -0.853224 0.361899 169 125 91
-4.4041 1.4976 2.2739 -0.73572 -0.322837 -0.595392 148 131 108
6.3299 7.4131 1.3954 0.0472529 0.191822 -0.980291 147 162 93
-4.949 -1.9884 2.017 0.415891 -0.253879 -0.873258 140 160 103
-4.3093 2.7053 2.3281 0.304292 0.126825 -0.944099 152 136 102
5.0079 2.9091 2.064 -0.355717 0.779325 -0.515866 156 135 108
-7.5434 6.9378 0.914 0.318474 0.313237 -0.894683 168 134 115
5.6489 -0.6403 1.8289 -0.649715 -0.752139 -0.110263 163 141 100
0.6003 -1.3113 3.7619 -0.672975 0.381983 -0.633398 135 127 59
3.4587 0.2297 2.6076 -0.999827 -0.00542398 0.0177938 157 134 102
-6.8107 -1.5904 1.3171 0.60297 0.240821 -0.760548 158 146 105
-5.5706 -5.1821 1.7419 0.0802704 0.125125 -0.988888 181 153 90
4.2644 1.4463 2.2834 -0.486276 -0.288911 -0.824661 148 135 105
4.6827 6.2579 2.1282 -0.162527 0.322618 -0.932471 156 136 99
-4.9515 -3.9295 1.9118 0.645929 -0.706857 -0.288321 173 141 113
-4.6706 4.7863 2.0919 0.276872 -0.0779118 -0.957743 162 155 103
5.7971 -0.8943 1.6516 -0.416178 0.18541 -0.890179 190 155 103
-3.2684 7.1308 2.626 -0 -0 -1 155 139 99
-2.649 -4.1431 2.9963 0.0740709 0.149896 -0.985923 162 144 90
-5.4458 0.0195 1.8208 0.249497 -0.266508 -0.930981 171 143 97
6.3006 -7.3922 1.5324 -0.2435 -0.293782 -0.924338 157 150 101
-2.0602 -6.951 3.2618 -0.904241 0.154838 -0.397963 152 133 77
-6.6056 7.7029 1.359 0.377883 0.157317 -0.91239 158 148 113
-1.1903 -4.5043 3.5488 0.451284 0.0432818 -0.89133 123 123 62
-2.9073 3.8483 2.8638 0.239951 -0.0143821 -0.970679 170 139 94
2.9528 -0.2779 2.8477 -0.28688 0.742986 -0.604708 154 133 60
-5.8228 1.5185 1.6773 0.430361 0.36139 -0.827156 162 145 112
-3.7071 -5.3787 2.5628 -0.411656 0.166315 -0.896035 151 125 98
-4.2533 5.3083 2.2985 0.31193 -0.0412913 -0.949207 159 158 95
5.10775 7.55635 1.96225 -0.180854 -0.129936 -0.974889 155 156 96
-3.443 -2.0248 2.5764 0.25203 -0.0295082 -0.96727 151 145 69
-6.1947 -6.4705 1.4777 0.290029 -0.124452 -0.948891 166 148 114
-0.5504 5.1015 3.7787 0.312312 -0.264367 -0.912453 128 126 64
1.2216 1.1504 3.3905 -0.00732835 0.612179 -0.790685 165 121 87
1.8515 -2.0217 3.2718 -0.280251 -0.143969 -0.949069 137 129 78
2.8346 6.7515 2.85 0.0118238 0.282214 -0.959279 148 148 70
2.765 -4.6545 2.8911 -0.514858 0.0933586 -0.852177 145 125 85
-1.8091 -7.3886 3.3054 0.18966 -0.148171 -0.970605 134 143 76
6.1683 1.742 1.4903 -0.699393 -0.362404 -0.616046 157 145 102
0.8129 -6.4859 3.6144 -0.535651 0.0826827 -0.840382 150 143 63
6.1659 -7.7623 1.5288 -0.562431 0.187565 -0.805289 177 140 99
5.5398 1.5358 1.7924 -0.329316 -0.20453 -0.921802 168 135 93
1.9447 -6.2121 3.2051 -0.44307 -0.277961 -0.852307 146 118 84
5.41425 2.20085 1.88595 -0.195723 0.207854 -0.958378 154 147 94
-4.0233 7.0628 2.4253 0.784612 -0.594302 -0.176604 163 146 80
2.3477 6.5773 3.1424 -0.635311 -0.277355 -0.720732 140 134 91
1.7833 4.8029 3.2818 -0.65517 -0.240099 -0.716313 143 123 73
-5.4553 3.4941 1.898 -0.34507 -0.893814 -0.286396 146 138 87
-4.4098 -5 2.2407 0.363927 -0.123789 -0.923165 156 142 102
-1.7857 -1.8692 3.2767 0.335229 0.0630108 -0.940027 154 119 76
0.3358 2.5279 3.8279 0.726528 0.377522 -0.574137 155 119 60
-6.0671 -0.3683 1.6073 0.272448 0.191006 -0.943021 161 155 121
1.353 5.6895 3.4744 -0.264605 0.288133 -0.920306 151 128 87
6.5423 3.8508 1.3655 0.073345 -0.0171914 -0.997158 172 157 115
-4.8276 5.5548 2.1292 0.369611 0.237843 -0.898231 167 110 91
2.4414 3.2275 3.0906 -0.386308 0.00776828 -0.922337 162 139 89
-5.8805 6.7548 1.6414 0.997464 -0.0361339 -0.0613259 165 166 104
6.5947 1.1888 1.395 -0.523358 -0.0161593 -0.85196 149 147 112
-1.4182 4.1514 3.3615 0.660733 0.220697 -0.717443 156 144 50
-6.2672 6.645 1.5107 0.436683 0.026159 -0.899235 161 157 112
-2.717 5.602 2.9712 0.506081 0.515422 -0.691536 160 123 82
-1.7499 -1.1619 3.2966 0.296275 -0.777491 -0.554733 143 129 89
-3.3875 -5.5183 2.6773 0.0498473 0.0939466 -0.994329 152 137 81
3.8282 -2.8979 2.5074 -0.466358 -0.427676 -0.774341 161 144 94
-3.7575 0.8018 2.5601 0.123923 -0.722337 -0.680348 163 140 83
-6.7053 -5.351 1.3186 0.17666 0.190322 -0.965696 169 144 118
2.3217 5.7371 3.0551 -0.466694 0.210394 -0.859029 155 119 98
4.3545 1.6473 2.2674 -0.351332 0.0845394 -0.932426 166 148 79
1.7029 4.2718 3.3181 -0.612128 0.758777 -0.222615 155 132 82
-0.7402 0.4636 3.7251 0.344002 0.320142 -0.882707 142 132 72
1.6851 -3.1526 3.2399 -0.313514 -0.15494 -0.936858 149 136 86
-6.8323 -0.5597 1.2975 0.634072 -0.242972 -0.73411 187 167 111
-2.4645 -5.7654 3.0832 0.263449 0.0212989 -0.964438 147 126 87
0.252 6.9762 3.9489 -0.182397 0.358104 -0.915692 139 118 66
-7.2564 -6.6157 1.1088 0.0181922 -0.520052 -0.853941 165 148 119
3.74935 -5.85355 2.429 -0.378498 -0.303597 -0.874396 158 152 87
2.5628 -0.4809 2.9806 -0.248441 -0.154733 -0.956208 154 129 109
-3.7432 0.553 2.4941 0.304856 -0.578381 -0.756662 162 161 98
-6.5627 -6.9625 1.3756 0.301374 -0.0738771 -0.95064 159 158 110
-5.15145 -5.8445 1.96745 0.26316 -0.142792 -0.954126 163 141 109
-7.4835 5.1978 1.0084 0.499723 -0.0895646 -0.861543 169 143 117
-1.7279 3.5686 3.3528 0.15809 -0.0546336 -0.985912 144 145 61
6.5416 5.4483 1.3202 -0.479544 -0.0225756 -0.877227 173 140 119
-4.2888 5.9643 2.3541 0.143 -0.018971 -0.989541 159 137 105
-6.5209 5.1258 1.3477 -0.344741 -0.426217 -0.836357 167 170 104
-7.622 -5.8083 0.9636 0.395236 0.0232232 -0.918286 178 147 111
-1.1205 -2.6456 3.5323 0.223875 0.16413 -0.960698 141 108 73
2.4864 -7.559 3.0286 -0.524121 -0.0141502 -0.851526 144 141 83
-6.9963 4.4877 1.2078 0.155158 0.487097 -0.859455 165 160 95
-1.9097 2.979 3.2684 -0.288625 0.391666 -0.873667 149 135 84
-6.6238 0.2851 1.2711 0.565234 -0.385465 -0.729334 152 139 109
5.2403 -6.4966 1.8235 -0.483202 -0.392678 -0.782509 166 152 97
6.7548 4.9832 1.2918 -0.526505 -0.0742359 -0.846925 172 131 113
-7.5333 -6.6795 0.9835 0.381881 -0.321383 -0.866533 167 149 126
-1.7377 -2.5295 3.3786 0.356906 0.476494 -0.803475 140 120 76
4.7886 -3.0156 2.072 -0.468157 -0.873064 -0.136337 164 144 88
2.0869 7.6189 3.113 -0.382441 -0.216914 -0.898158 143 152 94
7.7957 6.4988 0.8626 -0.270897 0.0324253 -0.962062 168 160 110
-0.1126 -7.1964 3.8734 0.566399 -0.240535 -0.788248 154 132 86
5.4325 6.6241 1.7642 0.477217 -0.0980021 -0.873304 151 149 106
6.8837 2.3442 1.236 -0.537853 -0.332015 -0.774907 175 140 114
-7.1727 3.3578 1.1181 0.821031 -0.096371 -0.56269 168 164 129
-1.004 1.7188 3.6094 0.672172 0.222415 -0.706199 157 127 67
4.774 2.8318 2.0472 -0.461444 -0.0857485 -0.883016 143 148 106
6.1889 2.6316 1.4681 -0.34424 0.0635755 -0.936727 154 159 104
0.5065 5.2792 3.7466 -0.248461 0.062872 -0.966599 136 128 73
1.024 5.359 3.6667 -0.799426 -0.0879044 -0.594298 140 116 76
-3.9144 0.626 2.355 0.0253433 -0.467167 -0.883806 176 122 83
-0.6712 5.3718 3.7249 0.121732 -0.473925 -0.87211 145 120 82
1.5613 -2.8512 3.3993 -0.48706 0.0559832 -0.871572 160 119 49
-1.8455 -5.3199 3.2428 0.545054 -0.668048 -0.506586 157 122 77
6.0634 4.2739 1.5426 -0.304028 -0.266595 -0.9146 168 147 111
-4.0658 -7.5899 2.4011 0.538635 0.066708 -0.839894 151 139 93
4.5071 -2.3665 2.171 -0.460558 0.0921678 -0.882831 171 130 94
0.9362 5.9714 3.6125 0.156818 0.0614579 -0.985713 152 143 84
2.4488 4.0087 2.9795 -0.615023 0.3262 -0.717872 132 134 69
-7.0791 2.7191 1.1246 0.445965 -0.877343 -0.177156 160 136 112
7.6797 6.412 0.897 -0.385288 0.190412 -0.902938 183 170 114
-2.0926 -3.0977 3.0654 0.869937 0.465756 -0.162113 167 141 68
1.6728 -5.7829 3.2789 0.0664097 -0.430607 -0.900093 151 120 95
1.1071 -2.0759 3.445 0.0977048 0.47012 -0.877178 158 139 75
-7.3779 -1.2945 1.0196 0.271866 0.204277 -0.940404 188 137 117
-0.6308 7.3464 3.7205 0.477027 0.21237 -0.852845 119 114 83
6.6096 -5.6726 1.3198 -0.302914 -0.282845 -0.910078 168 151 110
7.8117 6.7741 0.9099 -0.967615 -0.228729 0.106792 171 162 123
-4.0804 0.1368 2.4884 -0.715573 -0.0480007 -0.696887 154 133 93
6.6522 -7.5145 1.304 -0.560372 -0.214519 -0.799978 170 166 104
-6.0164 -2.0452 1.5687 0.209152 0.31593 -0.925442 149 180 110
-6.9033 3.5616 1.2997 -0.20632 -0.530678 -0.822078 174 160 102
4.2425 6.9479 2.2608 -0.261713 0.0520911 -0.963739 152 148 107
5.1152 -7.1079 2.0001 -0.169638 -0.375543 -0.911148 161 120 116
2.5756 -3.8483 2.9516 -0.488355 0.31321 -0.814499 152 156 74
-6.8777 3.8117 1.2396 0.503165 -0.616739 -0.605358 148 178 116
-7.5625 -1.0139 1.0047 0.454795 0.0951716 -0.885496 172 150 116
-5.6805 -6.1898 1.712 0.332627 -0.125805 -0.93463 182 150 113
-1.9337 2.8013 3.2118 0.268449 0.0839208 -0.959631 157 118 74
-7.5374 -3.9207 1.1065 0.396423 0.0220191 -0.917804 150 150 136
-7.3358 3.5358 1.0514 -0.217075 0.337579 -0.915925 160 141 122
2.4797 -7.2488 2.9705 -0.294633 -0.283819 -0.91249 153 122 83
4.6581 -1.7095 2.2943 -0.996841 -0.000928496 -0.079416 142 116 111
0.8782 -6.7725 3.623 -0.304469 -0.205999 -0.92998 145 142 88
2.2556 -1.133 3.1116 -0.5021 -0.318225 -0.804132 152 127 92
-0.9171 -7.2254 3.6931 0.0663675 -0.400894 -0.913717 143 138 57
4.1565 -2.96 2.3855 -0.22288 -0.253038 -0.941433 162 123 94
7.4541 4.2612 1.0525 -0.481551 -0.492428 -0.724999 166 150 112
2.3473 -6.8231 3.0514 -0.120667 0.28942 -0.949566 153 124 85
2.4708 -0.8131 3.0082 -0.543665 0.181261 -0.819496 147 130 86
7.137 3.2177 1.1299 0.654554 -0.0705862 -0.752713 174 160 118
0.7831 1.0942 3.6614 -0.744562 -0.411343 -0.525762 154 136 71
0.8602 4.5439 3.6419 -0.302001 0.326865 -0.895519 151 120 97
3.1329 -2.4157 2.7611 -0.0682762 -0.00998219 -0.997617 134 148 76
-4.0377 5.2721 2.4357 0.782947 0.283521 -0.553724 159 135 82
5.9648 -1.6966 1.7078 -0.256995 -0.504348 -0.82437 157 164 106
7.3585 7.9018 1.0607 0.0824217 -0.63501 -0.768095 188 161 125
-6.7947 -1.6608 1.2465 0.497187 0.268519 -0.825047 161 154 101
7.242 6.7753 1.0693 -0.317019 -0.0482431 -0.947191 163 139 126
6.493 4.9224 1.5038 0.00478042 -0.814746 -0.579799 154 155 106
-3.9888 1.0886 2.4218 0.331928 0.120097 -0.935628 158 137 97
0.1686 -6.1759 3.9798 0.703709 0.563773 0.432382 141 134 71
1.9571 4.4541 3.2319 -0.124011 0.0718674 -0.989675 147 133 62
-0.5706 5.0898 3.8281 0.458811 -0.273352 -0.845441 137 135 63
3.0152 6.6198 2.7203 -0 -0 -1 158 135 114
3.5602 6.0478 2.6698 0.335293 0.0477327 -0.940904 155 141 91
-6.317 -4.1167 1.4921 -0.235895 0.486601 -0.841174 168 136 120
6.4285 -2.4973 1.4329 -0.0088598 -0.399844 -0.91654 151 144 106
6.5837 3.5241 1.3158 -0.40041 0.244875 -0.883011 153 156 108
3.5431 3.4268 2.5958 -0.411187 -0.0734475 -0.908587 158 134 105
-4.4142 -5.5454 2.277 0.347435 0.132176 -0.928342 165 125 98
-0.2303 -2.1836 3.8215 -0 -0 -1 162 119 64
6.2291 -1.9134 1.4998 -0.16271 0.00135396 -0.986673 178 157 117
1.6468 3.8594 3.2804 0.473426 -0.75626 -0.451596 136 144 77
-3.5735 2.4144 2.5522 0.443052 -0.306431 -0.842499 147 125 89
-4.1476 -4.4368 2.3503 0.406244 0.0874465 -0.909571 144 148 93
7.8562 3.9829 0.8314 -0.539915 0.235413 -0.808129 175 136 120
-7.7253 -6.4215 0.9069 -0.0856271 0.032378 -0.995801 181 153 131
-1.6333 -5.3987 3.3976 0.736723 0.0874797 -0.670513 151 120 59
-0.2613 4.9613 3.8809 0.672183 -0.220781 -0.7067 143 120 65
1.2484 -6.5236 3.4625 -0.38766 -0.173447 -0.905337 156 135 71
0.7928 -6.1596 3.6251 -0.262799 -0.340113 -0.902917 132 118 91
-4.1468 5.4496 2.3825 0.300216 0.045895 -0.952766 163 159 87
-6.2358 -7.0479 1.5396 0.229057 0.0488925 -0.972184 176 164 115
-6.5388 -6.6541 1.3425 -0.198185 0.227269 -0.953453 154 146 98
6.7154 -6.1123 1.2699 0.4963 0.119685 -0.859862 190 145 120
-7.4929 -4.6857 1.0283 0.294929 0.238794 -0.9252 167 147 126
4.5269 0.0774 2.1531 -0.374981 -0.294048 -0.879161 151 136 98
6.9614 2.5393 1.2137 0.0745809 0.0626698 -0.995244 152 150 127
-5.7423 6.0643 1.6705 0.0559247 -0.599749 -0.798232 168 145 105
-6.5872 0.7199 1.3879 0.327113 0.226255 -0.9175 161 141 117
-7.2849 7.8114 1.1583 0.0565448 0.548674 -0.834122 166 126 118
-7.1866 -1.2556 1.0426 0.430018 -0.105868 -0.896591 165 146 124
-5.3354 -1.6975 1.8 0.319649 -0.050554 -0.946186 165 163 91
-0.7808 -4.5985 3.7005 -0.0350608 -0.1778 -0.983442 137 124 73
-2.4406 4.9055 3.0209 0.204575 -0.478736 -0.853792 152 128 83
4.5087 -2.153 2.2501 -0.14471 -0.0175893 -0.989318 150 147 113
7.6555 -2.0076 0.9384 -0.403449 0.577758 -0.709524 181 149 125
-4.8814 -7.5449 2.0236 0.0981508 0.0432288 -0.994232 160 133 103
-1.4061 0.6749 3.4252 0.81673 -0.191265 -0.544398 142 142 83
-0.7059 -7.1515 3.7121 0.636816 0.0123944 -0.770916 147 120 76
-2.8302 1.0912 2.9206 -0.243871 0.773517 -0.584977 161 123 85
6.7946 -7.6579 1.3356 -0.543349 0.02604 -0.839103 169 135 118
7.7159 1.8045 0.8534 -0.103566 -0.150814 -0.983122 178 157 114
7.387 -7.2456 1.1285 -0.117757 0.0800953 -0.989807 165 141 103
5.4455 1.4821 1.7592 -0.329316 -0.20453 -0.921802 151 145 95
5.8327 -0.3993 1.5856 -0.509783 0.0675745 -0.857645 160 146 99
2.1435 -2.8682 3.1355 -0.363574 -0.183485 -0.913317 142 136 77
-1.7418 3.5203 3.2965 0.37757 0.0961565 -0.920975 155 139 72
0.86 -2.1705 3.6979 -0.618441 0.175883 -0.765895 138 130 78
-6.7776 4.589 1.3407 -0.137051 -0.107343 -0.984731 169 131 108
5.0089 0.5291 1.992 -0.464097 0.200118 -0.862882 155 134 89
7.0769 5.8337 1.1347 -0.238007 -0.117383 -0.964144 158 161 105
-4.593 -3.8163 2.2911 0.314715 0.772076 0.552136 142 140 91
7.6986 -3.7697 0.864 -0.508045 -0.0692084 -0.858546 155 149 124
-5.3876 -7.1829 1.801 0.379575 -0.29306 -0.877518 167 163 125
-4.7239 1.5378 2.1177 0.387704 0.0736294 -0.918839 147 142 84
7.7586 7.5696 0.9143 -0.149701 0.289663 -0.945349 169 148 124
5.4689 -1.6983 1.7668 0.478604 0.7273 -0.491907 160 140 93
-0.5684 -4.5554 3.7931 0.436166 -0.154934 -0.886428 143 143 86
6.968 -3.191 1.2197 -0.867463 0.0507652 -0.494904 167 149 110
6.0527 -2.1443 1.5888 -0.53002 0.189448 -0.826552 158 162 127
2.1413 -7.4926 3.2037 -0.201256 0.230011 -0.952151 162 120 90
-6.7273 5.2486 1.2396 0.372268 0.00662578 -0.928102 158 143 107
5.4341 -6.9365 1.7428 -0.0617456 0.360132 -0.930856 160 135 101
-4.9915 -3.3707 1.995 0.689246 0.612071 -0.387696 163 125 100
-0.1857 -4.7111 3.9358 0.59488 -0.248108 -0.764566 131 127 77
1.4484 4.9583 3.451 -0.492737 0.0363128 -0.86942 150 117 67
7.9251 6.1575 0.7704 -0.522481 0.844489 -0.117693 170 164 106
-5.9702 -6.3022 1.5871 -0.0606714 0.475479 -0.877632 143 139 84
-4.3626 -5.2764 2.3223 0.564162 0.0489516 -0.824212 154 151 91
4.3476 -6.4127 2.2825 -0.261081 0.148427 -0.953838 154 128 90
-5.2837 7.2782 1.9423 0.785717 -0.588644 -0.190123 158 145 104
-1.564 -0.2793 3.3227 0.439765 -0.0179035 -0.897934 156 135 78
0.5664 0.8378 3.7465 -0.787142 -0.0367747 -0.615675 127 122 51
-3.4191 -7.3939 2.6027 0.279322 -0.144103 -0.949323 159 147 101
0.5949 -1.6811 3.7937 -0.191959 -0.278223 -0.94114 141 134 67
5.7944 0.5797 1.6696 -0.563506 -0.287589 -0.774437 184 154 91
6.6511 -0.9433 1.3577 -0.486674 0.293771 -0.822707 180 144 113
-3.9479 4.0221 2.3296 0.622882 -0.0543691 -0.780424 153 131 109
6.6804 4.1693 1.3669 -0.518088 0.0411 -0.854339 182 134 102
7.0812 -6.4989 1.1401 -0.254532 -0.094232 -0.962462 164 142 133
1.506 -5.3187 3.3848 -0.617047 -0.105896 -0.779769 152 131 65
-6.0776 -1.4459 1.6091 0.172646 -0.207179 -0.962949 162 148 101
-7.8357 0.9116 0.8598 -0.974212 0.0449512 -0.221112 180 152 105
5.0492 -5.062 2.0018 -0.59663 -0.45493 -0.661114 154 146 116
3.3583 6.7133 2.6198 -0.201303 -0.181871 -0.962497 151 139 82
-6.4501 7.4194 1.4646 0.484416 -0.157518 -0.86054 151 142 110
4.3894 1.1986 2.2739 0.0882294 0.035856 -0.995455 164 145 94
-5.8436 -6.5643 1.7494 -0.129361 0.887254 -0.44277 165 138 117
-0.4251 6.4674 3.7972 0.957939 0.254283 -0.133012 133 127 71
4.568 -5.731 2.0963 -0.490209 -0.310083 -0.814582 154 125 86
3.7619 6.4557 2.4701 0.302871 0.0765687 -0.949951 160 139 116
-6.2907 6.8277 1.4976 -0.117658 -0.151924 -0.981364 166 148 81
-7.1032 2.0707 1.1536 0.646521 -0.283568 -0.708237 170 144 110
5.5894 -6.4328 1.7736 -0.335543 0.105371 -0.936113 153 151 102
-3.5381 -3.9106 2.5612 0.164355 -0.0174477 -0.986247 145 139 91
3.5996 6.909 2.5547 -0.350761 -0.195385 -0.915856 153 144 74
-1.0636 6.63 3.4647 -0.616431 -0.779511 -0.111249 142 117 66
2.8098 -0.5992 2.8444 -0.250942 0.327765 -0.910823 146 137 95
3.0583 -4.4941 2.8153 -0.793615 -0.0325476 -0.60755 155 134 104
-6.7871 -5.9508 1.2316 0.21217 -0.285976 -0.934453 152 149 124
5.5739 -2.587 1.7364 -0.623486 -0.00666617 -0.781806 141 140 95
-2.8863 4.6913 2.7616 0.0502564 -0.553089 -0.831605 156 130 107
0.5004 -5.4362 3.6771 -0.374126 -0.82744 0.418776 142 118 81
-7.7911 -1.2968 0.8483 0.107272 -0.107811 -0.988367 172 152 104
1.2721 -0.1305 3.5234 -0.365463 0.277604 -0.888466 144 130 73
7.7495 -6.5024 0.9575 0.108555 -0.164898 -0.980319 165 144 121
-5.5846 -2.3055 1.735 0.206065 0.366784 -0.907197 136 140 96
6.0009 -0.8352 1.5755 -0.354198 -0.203475 -0.912766 179 147 88
-5.4994 -2.3859 1.6952 0.58903 0.790924 -0.165779 156 132 110
3.7868 -0.9604 2.4287 -0.173274 -0.0851481 -0.981186 163 144 96
0.0977 -6.5648 3.7871 -0.199742 0.946581 -0.253155 143 131 76
-3.7637 5.6492 2.4434 0.0334981 -0.220049 -0.974914 148 142 96
1.8701 -6.2207 3.3287 -0.950333 0.309524 -0.0325996 132 139 72
-4.5868 6.8462 2.2916 0.96609 0.228278 -0.120662 155 156 91
-1.3036 4.2453 3.5675 0.810174 0.224645 -0.541435 140 126 74
-0.2848 -6.1623 3.9241 -0.597037 0.540462 -0.59283 128 123 45
4.5433 -6.3127 2.2089 -0.537968 -0.0229334 -0.842653 161 135 103
5.0446 -5.6425 1.9923 -0.573958 -0.371947 -0.729539 175 138 110
-4.6138 6.9927 2.1408 0.476392 -0.0778989 -0.875775 160 155 99
-7.3512 -7.0066 1.0533 0.143072 0.0820076 -0.986309 178 170 114
-3.5695 5.7976 2.5696 0.676963 0.0320489 -0.735319 138 139 82
3.3551 5.4043 2.6814 -0.598868 -0.0416865 -0.799762 149 122 95
0.3714 -4.461 3.8245 -0.143982 0.897901 -0.415985 160 128 73
1.004 -0.7496 3.5761 -0.560587 -0.039445 -0.827155 154 137 64
-4.2682 0.9486 2.3274 0.404195 -0.194322 -0.893793 158 127 78
-0.4769 -2.6546 3.8305 0.276946 0.130725 -0.951952 137 122 66
2.3605 -3.934 3.0033 -0.192534 0.275941 -0.941694 149 138 83
3.2198 -3.7973 2.7407 -0.219796 0.374311 -0.900878 161 154 82
4.7614 4.3331 2.1339 -0.31993 -0.0944065 -0.942726 142 154 106
5.5955 6.0827 1.7995 -0.317916 -0.557302 -0.767036 142 154 85
-7.1855 2.1603 1.1727 0.384819 0.200879 -0.900867 170 160 122
7.5944 4.6504 0.9995 -0.507231 0.0173348 -0.861636 166 142 116
7.618 -3.9966 0.922 -0.103613 0.0726038 -0.991964 162 153 124
3.6079 2.9475 2.5475 -0.846468 -0.203871 -0.491863 176 136 106
-2.5726 -3.9131 2.9891 0.276771 -0.244201 -0.929389 148 150 83
-2.5297 4.9258 3.0315 0.026703 -0.806958 -0.590005 137 122 80
6.9643 5.38 1.258 -0.0818983 -0.15363 -0.984729 180 146 139
1.9463 6.525 3.2517 -0.335203 0.553728 -0.76225 149 133 86
-2.4008 -1.8068 3.1221 0.63218 0.399864 -0.663669 151 150 96
3.4627 -3.7881 2.6174 -0.484702 -0.0943202 -0.869579 149 140 78
2.2285 2.0207 3.0915 -0.570448 0.210044 -0.794022 153 132 90
-0.2856 -6.3673 3.8864 0.336213 0.00596741 -0.941767 144 121 63
7.8713 -5.6057 0.8534 -0.25465 0.558786 -0.789248 170 139 114
-4.0403 -1.3938 2.5518 0.183748 -0.402498 -0.89679 165 130 89
-0.2758 4.6532 3.9424 0.333208 -0.206278 -0.920012 154 125 72
-0.6871 -6.2904 3.6549 0.388788 -0.144153 -0.90998 140 114 67
-0.9129 -5.7152 3.7218 0.270047 0.101527 -0.957479 131 138 63
2.8706 4.1184 2.834 -0.324461 0.0400908 -0.945049 140 150 101
-1.8642 -6.3026 3.1317 0.354859 -0.312452 -0.881164 171 121 63
-4.4295 -2.6508 2.1956 0.310678 0.311316 -0.898088 151 105 91
-4.053 4.7253 2.4009 0.391445 -0.187085 -0.900983 146 133 116
3.8777 3.8559 2.4839 -0.604459 -0.201531 -0.770723 154 131 96
0.7911 -1.5359 3.6671 -0.345699 -0.141787 -0.927571 144 151 75
6.8337 -1.4383 1.2359 -0.202853 0.107407 -0.973301 165 160 109
-7.582 3.2778 1.0083 0.417401 -0.00238691 -0.908719 160 164 107
-1.4972 4.1903 3.4041 0.391028 0.11933 -0.91261 164 130 89
-6.5021 2.1751 1.3723 0.297494 -0.00581109 -0.954706 155 150 125
-2.6168 -3.9801 2.9254 0.375114 -0.303824 -0.875774 138 154 104
5.2062 -0.2519 1.845 -0.375662 0.102851 -0.921032 153 149 116
1.6761 -2.5941 3.3921 -0.736322 -0.0779643 -0.672125 128 123 74
-5.0031 -4.154 1.9523 0.551418 -0.0285827 -0.83374 181 140 93
2.5214 -2.8428 3.0503 -0.250906 -0.0618881 -0.966031 157 141 66
-4.792 -4.0642 2.1537 0.541029 0.223284 -0.810822 123 149 100
5.1242 3.9054 1.9555 -0.388151 0.0862824 -0.917548 171 150 101
1.7639 0.3355 3.3288 0.562358 0.50034 -0.658342 170 132 81
-6.0342 2.8559 1.6214 0.0692008 -0.0691519 -0.995203 180 153 101
-7.8579 -3.7715 0.8617 -0.0413815 -0.0514847 -0.997816 164 149 113
0.4023 4.8398 3.8799 -0.719725 0.298837 -0.626652 147 122 72
4.0223 1.016 2.3246 -0.872943 0.0757448 0.481907 180 146 86
-5.568 -7.17 1.8367 -0.390106 -0.68065 -0.620107 149 151 103
-6.1541 1.8114 1.5515 0.1892 0.503219 -0.843193 176 134 100
-7.6312 -3.6409 0.8693 0.4812 -0.133443 -0.866394 183 169 116
-1.949 -3.7196 3.2289 0.429902 0.897337 -0.099857 146 143 75
5.6518 -5.3739 1.7016 0.00937499 -0.0040725 -0.999948 163 160 113
3.3655 -6.2631 2.6602 -0.599028 0.173776 -0.781644 133 141 75
5.7596 0.8816 1.6294 -0.239761 0.279684 -0.929673 158 137 104
-0.9157 3.1078 3.7066 0.562311 0.21527 -0.798414 137 132 72
4.55255 -2.1932 2.1703 -0.45131 0.127921 -0.883151 165 142 105
5.7045 1.7632 1.6577 -0.953984 0.102776 -0.281695 149 160 103
-6.8026 -2.9901 1.3087 0.459238 0.771476 -0.440368 159 150 110
-1.719 -0.0066 3.3317 0.511992 -0.035808 -0.858244 168 138 87
0.5707 7.5911 3.7692 -0.544885 0.0409538 -0.83751 138 132 73
-3.875 -7.3739 2.5266 -0.718213 0.594863 -0.360981 165 145 81
0.844 6.3532 3.6467 -0.527751 -0.0387975 -0.848512 143 138 57
2.4956 -5.6851 3.0171 -0.351045 0.088866 -0.932132 154 133 83
2.7314 -6.6209 2.8883 -0.0338679 -0.224845 -0.973806 161 127 90
-3.0437 -5.7241 2.767 0.698419 0.123026 -0.705036 138 138 59
3.1631 -0.6484 2.742 -0.0653312 -0.651018 -0.756246 141 128 84
6.4336 1.65725 1.4326 -0.598168 0.161193 -0.784991 162 148 117
6.142 3.5367 1.5451 -0.0812961 0.677044 -0.731438 171 154 103
3.7182 -6.3073 2.4316 -0.322566 0.809657 -0.490313 160 144 97
0.1564 -4.4296 3.9866 -0.422412 -0.341882 -0.839455 129 129 78
-0.2519 1.6365 3.8953 0.592745 0.0997492 -0.799189 136 127 72
-0.3459 2.4673 3.8043 0.660611 -0.00466203 -0.750714 121 127 70
-7.1479 -2.4964 1.0904 0.497698 -0.549095 -0.67141 166 161 138
-3.7733 -4.4765 2.4687 0.189336 0.00201513 -0.98191 163 145 111
4.9113 3.3536 1.9935 -0.282932 0.240173 -0.928583 145 146 95
-4.537 -6.5666 2.1564 0.402644 0.00413306 -0.915348 162 135 83
6.7465 -2.2929 1.269 -0.111007 -0.425784 -0.89799 169 140 138
4.671 6.5478 2.091 -0 -0 -1 171 132 95
1.0354 -1.2034 3.6485 -0.0604961 0.386868 -0.920149 142 133 63
6.7505 -2.4128 1.3332 -0.125026 0.0846026 -0.98854 155 143 128
-1.8787 -0.847 3.3005 0.528343 0.750476 -0.397039 160 134 52
-4.9703 -6.5661 2.0595 0.64902 0.311551 -0.694053 152 138 98
-5.2965 0.2082 2.0157 0.498778 0.022442 -0.866439 167 135 97
3.9183 7.3397 2.4591 -0.270847 -0.197457 -0.942153 160 146 106
-1.5358 6.6305 3.421 0.690576 -0.274356 -0.669204 136 138 73
-5.3134 5.1931 1.8526 -0.547926 -0.806731 -0.221273 174 123 83
-2.474 -2.1932 2.9244 -0.141375 0.984601 -0.102826 170 124 91
2.2933 -6.4504 3.04645 -0.248377 0.235077 -0.939706 159 137 76
3.3908 7.3311 2.6291 -0.120283 -0.0639114 -0.99068 152 139 87
4.1431 -3.7019 2.2857 -0.63413 -0.13502 -0.761347 159 129 92
3.604 6.6819 2.586 -0.0466215 0.312096 -0.948906 165 144 100
-4.9152 -0.3579 2.0614 0.601325 0.0758983 -0.795392 140 161 107
-5.1012 -2.91 1.9573 0.411933 0.0650812 -0.908887 166 157 112
0.4092 -2.8313 3.938 0.440247 0.291872 -0.849113 145 122 70
6.14497 -7.40523 1.5488 -0.454023 -0.0436627 -0.88992 168 151 102
-5.7043 5.9934 1.7591 0.202312 0.413581 -0.887705 155 134 98
-3.4328 4.581 2.5862 0.434931 -0.159413 -0.886241 163 153 103
6.6121 -1.386 1.4415 0.412189 0.10859 -0.904604 165 153 118
-6.7598 3.2791 1.303 0.350351 0.0115592 -0.936547 155 127 107
-5.6173 -2.7525 1.7024 0.502095 -0.234115 -0.832521 166 160 116
-7.868 -6.1646 0.8609 0.331229 -0.144065 -0.932487 168 155 114
-2.9035 6.4753 2.7442 -0.277495 -0.102379 -0.955256 153 135 83
-5.6741 -5.7833 1.7203 0.175146 -0.28522 -0.942323 162 140 113
-0.5813 5.7004 3.8386 0.000158189 -0.20202 -0.979381 140 119 75
6.5602 6.615 1.3358 -0.618002 -0.212339 -0.756958 163 160 110
1.9369 -7.4493 3.2278 -0.315359 -0.0717622 -0.946255 157 142 69
-7.8016 -4.4862 0.731 0.454869 0.715499 -0.530241 181 150 120
-1.5683 0.9557 3.3372 0.0839952 0.219174 -0.972064 148 127 85
-7.5548 -5.9248 0.9614 0.265328 -0.182408 -0.946746 165 140 114
5.4989 6.5621 1.7646 0.477217 -0.0980021 -0.873304 161 146 114
-6.7188 -2.7968 1.44 -0.66088 0.687273 -0.301486 156 138 98
4.7533 -2.384 2.0589 -0.122532 0.242308 -0.962431 169 149 105
7.4413 -0.9434 0.9698 -0.17517 -0.0828918 -0.981042 160 164 99
3.097 4.5218 2.7753 -0.445078 -0.174009 -0.878423 144 119 109
2.5473 0.7649 3.0268 -0.548287 -0.0343683 -0.835584 152 149 80
-5.0588 -7.4729 2.0257 -0 -0 -1 162 147 102
-0.326 7.3001 3.8906 0.36565 -0.235683 -0.900419 141 124 64
-7.6515 0.7007 1.0514 -0.317745 0.35976 -0.877275 165 143 113
4.6748 -3.7391 2.1346 -0.348146 -0.0889053 -0.933215 167 124 94
-1.851 5.9223 3.2542 0.16875 -0.556059 -0.813832 166 134 86
4.8177 5.7274 2.0653 -0.264981 -0.139631 -0.95409 146 146 103
5.6901 -1.4655 1.7385 -0.654092 0.0731713 -0.752868 165 153 108
-0.8617 0.4402 3.6481 0.737044 -0.205614 -0.643808 138 115 80
1.9676 -2.975 3.1521 0.0854366 -0.00592739 -0.996326 134 130 106
-2.9458 -6.6641 2.8347 0.49346 -0.0607099 -0.867647 128 145 73
1.7712 6.0338 3.307 0.0494919 -0.176228 -0.983104 137 138 74
-5.7383 -7.458 1.6394 0.207593 0.238951 -0.948582 153 133 121
-3.8968 -5.419 2.3894 0.333058 -0.372903 -0.866034 157 155 80
-3.7985 3.2458 2.45 0.999084 0.0120174 0.0410803 150 141 90
0.6584 7.6469 3.7811 -0.0772115 -0.540821 -0.837587 128 135 91
3.3081 1.6615 2.6863 -0.692489 -0.0691339 -0.718108 158 140 82
6.3015 -7.2538 1.4214 -0.233167 -0.392171 -0.889851 173 145 106
5.4998 5.4741 1.8358 0.331751 0.724125 -0.604635 157 145 113
-5.4579 -5.3452 1.8096 0.407634 -0.0765991 -0.909927 155 135 97
5.3103 -5.0719 1.8617 0.0967272 0.225086 -0.969526 155 149 89
7.0079 6.8511 1.1812 -0.655923 0.184118 -0.732028 170 153 121
-0.5936 4.3317 3.7248 -0.0365053 -0.0453306 -0.998305 144 126 71
-7.8845 2.2032 0.8109 0.200004 -0.113412 -0.973209 157 164 131
-3.4811 6.3664 2.6259 0.583029 0.40128 -0.706435 161 161 95
-5.9028 7.5298 1.5764 0.0538676 0.696898 -0.715145 165 145 108
-3.088 -1.7451 2.8382 0.50745 -0.302499 -0.806839 150 146 87
6.7713 -5.1822 1.2237 -0.829356 -0.464618 -0.310322 194 131 121
1.6387 -3.9106 3.2921 -0.685233 0.151119 -0.712474 141 126 74
1.5873 -6.6064 3.3342 0.104251 0.730965 -0.674405 135 131 79
5.3553 7.0018 1.8442 -0.745058 0.6669 0.0115153 160 125 104
6.8433 -5.1264 1.3617 0.738757 0.195878 -0.644879 148 149 115
4.5074 -3.2626 2.1805 -0.200659 -0.105403 -0.973974 174 142 99
-7.907 -1.902 0.8377 0.904724 0.0452976 -0.423583 178 155 114
-7.5162 7.1729 1.0376 -0.480296 0.375066 -0.792869 163 145 118
5.2375 -4.7799 1.8955 -0.759476 -0.129348 0.637546 150 141 87
5.4327 -6.8036 1.7727 -0.183612 0.0580339 -0.981284 181 149 98
-7.6403 -5.4515 0.9414 0.80527 0.566857 -0.173819 181 163 129
5.7983 4.8774 1.6702 -0.288538 -0.0922743 -0.953012 190 157 110
-6.0391 -6.5122 1.5145 0.693857 -0.20749 -0.689573 155 145 107
-1.5757 0.8411 3.3839 0.0413288 -0.147854 -0.988145 163 137 76
0.5726 2.5929 3.6924 0.512901 -0.256653 -0.819184 140 140 76
0.2025 4.3307 3.8645 -0.0661435 -0.094607 -0.993315 140 126 78
3.7755 -3.8622 2.4566 -0.401507 -0.128029 -0.906863 142 136 116
-3.9377 -3.1698 2.3619 -0.117483 -0.104854 -0.987524 150 151 84
2.3461 3.2731 3.021 -0.359262 0.136136 -0.923254 151 138 72
7.7865 -5.5575 0.8943 -0.357635 -0.0379971 -0.933088 162 152 118
-1.0876 -7.2867 3.4707 -0.429773 -0.577632 -0.694 144 133 74
7.7711 -5.1223 0.8815 -0.0163124 -0.256914 -0.966297 166 142 112
-0.13 5.664 3.8158 0.435576 -0.299714 -0.84879 157 134 87
6.5618 7.8001 1.4241 -0.196594 -0.0881437 -0.976515 163 142 119
6.7461 -6.8867 1.3513 -0.387892 0.0164007 -0.921559 169 158 98
-1.3439 3.0022 3.5369 0.503104 0.354048 -0.788376 143 121 70
2.0391 6.237 3.1781 -0.353187 -0.269514 -0.895891 132 126 88
-2.7186 6.7523 2.9438 -0.744256 0.582902 -0.326049 149 135 70
0.4162 -1.6535 3.8023 -0.221906 0.186071 -0.95715 145 145 85
6.0011 5.8629 1.6158 -0.567437 -0.299877 -0.766869 173 147 130
2.8878 4.2782 2.8402 -0.710964 0.139416 -0.68927 156 132 81
-2.9665 2.4157 2.7978 -0 -0 -1 153 148 79
-6.6871 5.5541 1.3938 0.261886 -0.0411671 -0.964221 176 153 107
0.0602 -0.6127 4.0285 -0.10693 0.112541 -0.987877 137 132 79
-3.1096 -7.051 2.7344 0.190642 0.0563723 -0.98004 150 120 81
-1.1575 2.5739 3.4822 0.284227 -0.0835006 -0.955114 166 124 71
4.3065 3.2676 2.212 -0.17805 0.207722 -0.961847 149 147 99
-0.6668 -3.9471 3.803 0.256498 -0.162534 -0.952781 130 115 68
-0.2213 0.1693 3.9141 0.0774771 -0.0573849 -0.995341 133 122 88
7.5535 -5.6817 0.9991 -0.393402 0.660114 -0.63991 162 154 108
-4.771 5.9962 2.1795 0.359501 -0.408895 -0.838787 172 129 106
-2.2414 -1.8895 3.1248 0.102725 0.152284 -0.982984 154 132 87
3.6688 5.9011 2.5154 -0.0191532 -0.138669 -0.990154 145 134 107
5.2786 4.4344 1.8793 -0.139532 -0.102318 -0.984917 160 127 96
-0.8953 0.8654 3.6526 -0.122294 0.0831158 -0.989008 153 138 59
-1.70115 5.16355 3.35395 0.161268 0.146363 -0.975997 145 127 78
6.9997 -6.5637 1.2081 -0.34648 0.0578603 -0.936271 146 155 116
3.2703 1.5395 2.7755 -0.556246 -0.0347092 -0.830292 151 119 92
-3.8342 3.4892 2.415 0.220382 -0.335304 -0.915971 153 154 95
-0.2051 -4.8416 3.9614 0.749688 0.293502 -0.593147 142 111 69
3.5128 -3.1516 2.6257 0.022054 -0.346114 -0.937933 152 130 100
4.3686 1.2064 2.3406 -0.150095 0.302544 -0.941243 165 164 88
-6.1656 0.0143 1.4153 -0 -0 -1 155 129 111
-3.4471 -6.7033 2.5759 -0.43686 -0.421661 -0.794579 162 156 110
-1.6694 5.6047 3.3555 0.287572 0.0197442 -0.957556 153 129 68
6.0038 2.7707 1.5709 -0.419756 0.155874 -0.894152 162 145 88
0.6453 -6.8907 3.6593 0.691661 0.450435 -0.564547 144 140 63
0.3949 7.3419 3.7908 -0.341434 -0.0274454 -0.939505 130 141 67
6.6793 3.7954 1.3692 -0.379746 0.104958 -0.919117 179 146 116
3.6704 0.7552 2.4885 -0.613908 0.0161894 -0.789212 160 139 91
1.331 5.6026 3.4539 -0.495094 -0.0233603 -0.868526 128 130 87
-7.922 4.2337 0.8261 0.560657 -0.0787706 -0.824293 182 160 121
3.9356 2.3456 2.396 -0.791983 0.0437513 -0.608973 168 148 88
-2.5954 -5.0441 2.9628 0.631493 0.00607385 -0.775358 164 122 85
1.2098 7.0617 3.5604 -0.620907 0.667414 0.411137 136 122 76
7.3547 -4.5945 1.0665 -0.192025 0.106559 -0.975588 173 158 116
-6.8666 1.7685 1.2465 0.693209 -0.688765 -0.21228 171 151 136
-3.5106 3.9831 2.6173 -0 -0 -1 143 145 95
6.6573 -1.0744 1.3188 -0.413588 0.165455 -0.895304 157 137 83
-7.0418 7.0041 1.0556 0.875 0.142492 -0.462678 177 162 101
0.0597 -1.069 3.9997 -0.457024 0.151809 -0.876404 115 139 73
-2.2985 -2.8817 3.089 0.564029 0.0180791 -0.825557 155 140 96
2.7494 5.1734 2.888 -0.470776 -0.0379612 -0.881436 137 137 86
2.3398 0.1432 3.0744 -0.0741921 0.379088 -0.922382 145 140 70
5.5078 -5.7126 1.7338 -0.521246 -0.582226 -0.623952 170 139 114
6.6336 1.6269 1.3416 -0.541211 -0.301803 -0.78486 160 138 109
-0.2432 6.5281 3.9305 -0 -0 -1 141 108 86
1.9233 -1.3977 3.3126 -0.912099 -0.329607 -0.243791 150 121 70
-7.7443 4.0649 0.8277 0.394037 -0.123339 -0.910781 172 163 114
5.7182 7.7533 1.657 0.340379 -0.512383 -0.78842 150 148 104
-2.1606 5.0621 3.064 0.463852 0.0262562 -0.885524 153 136 71
-5.0969 -7.1123 1.9172 0.328002 0.637891 -0.696785 156 144 110
5.1508 2.964 1.8857 -0.598774 0.00632316 -0.800893 155 142 117
-3.2535 2.1831 2.7012 0.434196 -0.100319 -0.895215 137 138 86
4.2214 4.3976 2.259 0.151074 0.0511127 -0.9872 155 139 98
7.8708 -2.4143 0.8445 -0.442665 0.17484 -0.879476 163 147 122
2.2116 -0.79005 3.13395 0.281807 0.645709 -0.709679 142 131 74
2.2788 -6.3504 3.1158 -0.108508 -0.0959533 -0.989454 155 141 80
-0.6598 0.7666 3.7059 0.319668 -0.333444 -0.88692 135 143 97
-0.8228 -4.5282 3.6923 0.0103891 -0.652592 -0.757639 161 134 74
-3.5334 -4.4683 2.5464 0.740563 -0.0772326 -0.667534 145 139 89
-6.6158 -5.4167 1.2992 0.151536 0.512832 -0.845009 176 134 103
-5.652 -4.1787 1.6252 0.375839 0.543182 -0.750798 166 134 121
-4.0768 -6.2903 2.3841 -0.108318 0.244762 -0.963514 141 153 98
7.4009 -3.6603 1.0724 -0.339328 -0.354874 -0.871161 171 153 103
6.5244 -1.3342 1.43 0.49301 0.0483437 -0.868679 160 146 90
5.0498 5.4203 1.9246 -0.523047 0.10808 -0.845423 160 144 98
3.6305 -2.4158 2.5928 0.215819 0.328614 -0.919475 169 156 79
7.5019 3.277 0.9715 -0.511527 0.031043 -0.858706 162 131 125
4.5352 5.4897 2.1551 -0.609988 0.362073 -0.704853 163 145 86
-5.007 2.7233 1.9891 0.489677 0.0362689 -0.871149 161 132 100
0.1204 -6.6642 3.9863 -0.180438 -0.109918 -0.977425 141 130 73
-7.1159 -5.7985 1.1512 0.509652 0.0381005 -0.859537 154 139 119
0.2327 2.2608 3.886 -0.213097 0.340952 -0.91561 144 128 81
-0.6882 -7.4802 3.7456 0.160757 -0.00350489 -0.986988 152 116 56
7.7658 7.0443 0.9145 -0.558426 0.288689 -0.777701 161 149 104
-0.91895 -3.37835 3.5688 0.332245 0.130764 -0.934085 154 136 76
-4.1863 -7.3354 2.2934 0.448827 0.161596 -0.878886 161 132 71
5.7627 0.2391 1.7275 -0.744323 0.324357 -0.583761 155 137 102
6.1079 6.9934 1.5981 -0.306208 -0.0777788 -0.948782 148 148 98
3.5359 0.3233 2.7341 0.0510819 -0.950868 0.305353 141 125 85
-0.8186 -7.7093 3.6942 0.279508 0.219086 -0.934814 148 133 77
5.9296 7.7662 1.7178 -0.512508 -0.323452 -0.795433 177 153 114
0.598 5.6557 3.7507 0.121639 0.267855 -0.95575 138 141 77
-4.3332 -6.7513 2.2472 0.36177 0.174639 -0.915764 166 131 96
0.744 2.314 3.6391 -0.244917 0.0321458 -0.969011 147 117 69
5.6628 -5.7914 1.7209 -0.128981 -0.347387 -0.928809 161 138 78
-5.5565 -1.0265 1.7381 0.679885 -0.0453804 -0.731913 169 133 108
-5.9761 2.1728 1.6272 0.365499 -0.118615 -0.923223 160 148 102
7.1567 -0.1409 1.1057 -0.2044 -0.0457806 -0.977816 154 142 92
2.3582 -5.3362 3.1155 -0.616542 -0.00913811 -0.787269 153 138 93
3.04 6.8029 2.8574 -0.790489 -0.370773 -0.487499 155 144 98
-0.5088 3.4301 3.8126 -0.285669 0.918932 -0.271952 129 138 56
0.928 -7.2341 3.6215 -0.271237 -0.12157 -0.954804 139 120 78
-4.096 5.6336 2.3657 0.412402 -0.119858 -0.903083 162 151 97
-6.5485 0.8975 1.3996 0.492772 -0.0518155 -0.868615 152 144 102
-4.0663 3.9086 2.3622 0.126699 -0.409298 -0.903561 160 150 97
-1.6257 1.7012 3.345 0.382602 -0.0527458 -0.922406 148 139 95
0.2228 2.3685 3.9337 -0.286926 0.418737 -0.861587 147 120 80
-1.1859 1.1221 3.5219 0.35084 -0.700532 -0.621423 147 126 76
1.3932 1.4724 3.3975 -0.426506 -0.261656 -0.865811 131 132 81
5.6104 7.9072 1.8807 -0.0296195 -0.967767 -0.250098 159 130 87
-0.1171 2.1422 3.9019 0.626008 0.526612 -0.575148 135 132 72
4.4768 -2.8034 2.2186 -0.508357 0.0528971 -0.85952 169 135 95
7.7939 -2.2997 0.8357 -0.207799 -0.0738193 -0.975382 179 149 109
-7.6531 -3.6225 0.9301 0.496616 -0.274735 -0.823343 152 140 133
-0.478 4.9683 3.9019 0.161851 -0.013923 -0.986717 143 120 66
4.9539 -0.7858 1.9889 -0.214511 0.033909 -0.976133 161 162 89
-3.9202 -1.1259 2.415 0.37897 -0.0429677 -0.924411 153 121 92
-5.1159 3.3988 1.9263 0.795026 -0.321693 -0.514244 154 123 116
1.8525 4.2884 3.279 -0.682615 0.702184 -0.202422 153 132 86
4.3564 2.1681 2.2188 -0.244732 0.368379 -0.896885 160 136 94
-3.8237 -3.2292 2.4803 0.351556 -0.148238 -0.924356 160 132 83
3.4527 5.3841 2.5608 -0.561533 0.0275548 -0.826996 150 142 90
3.6732 3.0417 2.5074 -0.793183 0.38347 -0.473087 150 131 84
0.4807 -7.1233 3.7984 -0.0541331 0.106226 -0.992867 140 127 78
0.8491 6.5017 3.7783 -0.40926 -0.0314698 -0.911875 142 132 58
-2.9063 5.8715 2.8454 0.092908 0.41989 -0.902807 158 149 91
-6.6004 -2.6211 1.3727 0.0427745 -0.223103 -0.973856 158 149 105
-5.9626 -7.3844 1.5573 0.702735 -0.104821 -0.703688 161 149 93
-1.2113 -6.2783 3.5506 -0.0151294 0.358183 -0.933529 148 136 79
-4.4577 0.9341 2.1348 0.160511 0.265941 -0.950532 173 146 91
-1.2483 -7.7468 3.5131 0.437179 -0.287335 -0.85224 139 149 74
-3.5505 5.9353 2.6752 0.553196 0.145264 -0.820288 156 144 69
-7.807 1.9551 0.839 0.352386 -0.0710289 -0.933155 155 154 129
-6.7249 -3.5454 1.329 -0.0847641 0.457181 -0.885325 161 151 100
-5.138 -2.0995 1.9854 0.261485 -0.71672 -0.646482 152 135 115
-6.7715 -2.0055 1.2912 0.301274 -0.222614 -0.927188 154 144 110
-7.0515 -5.0424 1.2329 0.758662 0.64177 -0.112083 153 144 117
7.2319 -5.3165 1.0627 0.235654 -0.245969 -0.940195 154 148 108
-3.9057 -5.7716 2.5164 0.270882 0.260207 -0.926777 160 143 97
2.3478 4.2169 3.0193 0.00516479 -0.334229 -0.942478 160 142 84
5.7052 4.9867 1.6664 -0.515552 -0.145047 -0.844493 158 146 109
1.6803 3.8682 3.327 0.473426 -0.75626 -0.451596 153 126 89
5.916 1.7913 1.6542 0.0415751 -0.033992 -0.998557 138 135 97
-4.0191 -0.5438 2.4029 0.296773 -0.160908 -0.941294 140 136 83
-4.0575 -0.4494 2.3272 0.378294 -0.29227 -0.878335 152 149 106
1.0728 -3.5021 3.6007 -0.237048 0.263804 -0.934995 162 117 71
-2.1015 5.4647 3.1746 0.331925 -0.152936 -0.930826 146 126 79
-1.5214 -4.9167 3.4032 0.226646 0.126484 -0.965729 134 127 78
4.2452 -4.3865 2.2441 -0.118151 0.299913 -0.946622 167 150 99
-3.0798 1.7571 2.7596 0.126999 0.46936 -0.873826 160 134 86
3.6333 1.0729 2.5828 -0.358302 -0.430191 -0.828586 154 150 92
2.9696 -3.8312 2.8386 -0.541816 0.0044974 -0.840485 164 138 70
-2.4543 6.4682 3.0563 0.51589 -0.114352 -0.848988 141 145 94
3.7354 0.3864 2.5316 -0.275268 -0.12744 -0.952883 148 147 96
3.2598 2.1131 2.7553 0.121824 -0.73913 -0.662454 159 138 95
5.0432 -4.7427 1.9575 -0 -0 -1 153 118 112
-6.2562 6.9827 1.458 0.498678 -0.100758 -0.860911 186 157 108
2.5809 -5.5338 2.9994 -0.409911 -0.0432756 -0.911098 151 126 77
-1.4441 -3.4655 3.4729 0.398884 -0.626931 -0.669215 134 134 80
-4.2327 3.2379 2.2684 0.117077 0.0301064 -0.992666 167 138 119
4.5613 -1.9821 2.207 0.0884788 0.0524691 -0.994695 163 136 84
-6.9028 1.4385 1.1796 0.399853 0.730739 -0.553297 177 151 98
6.2894 -7.6363 1.5566 -0.356795 0.11521 -0.927051 174 141 105
1.4607 1.3144 3.4436 -0.400027 -0.176704 -0.899308 144 135 64
1.0565 3.0906 3.5503 -0.0689808 -0.00848511 -0.997582 138 144 54
-2.5772 2.2486 2.9296 0.193111 -0.449805 -0.871999 144 132 78
2.4723 -6.0408 2.9855 -0.110939 0.249893 -0.961897 147 144 87
4.028 3.1734 2.3802 -0.147567 0.0248125 -0.988741 165 117 81
2.8699 -6.444 2.8584 -0.711584 -0.19958 -0.673659 169 126 88
2.1676 6.6263 3.2312 -0.452116 0.122457 -0.883513 154 133 79
7.262 7.2141 1.0378 -0.275545 0.037411 -0.96056 179 136 125
-3.7155 0.865 2.5077 0.353852 -0.314894 -0.880699 161 127 92
7.3468 1.466 1.0502 -0.37164 0.00605363 -0.928357 177 141 116
-0.5792 0.8714 3.7052 0.20583 -0.112386 -0.972113 130 137 59
-4.0901 -0.9379 2.3857 -0.0152199 -0.104547 -0.994404 151 125 87
-0.3372 -0.2631 3.907 0.37175 -0.159165 -0.914587 144 144 72
2.8151 3.7794 2.9574 -0.931626 -0.287526 -0.222267 146 137 76
-1.742 4.2373 3.3634 0.423078 0.344263 -0.838146 144 146 87
-0.23705 4.3679 3.87555 0.839045 -0.108243 -0.533185 141 117 70
-2.0515 1.7007 3.2577 -0 -0 -1 143 119 80
-4.2231 3.9487 2.3376 0.203459 0.000760844 -0.979083 152 138 87
7.1956 -6.4689 1.1137 -0.37033 0.220652 -0.902313 170 143 109
0.7512 3.1075 3.6825 -0.325564 0.22565 -0.918199 126 122 84
4.2784 6.0155 2.2477 0.065259 0.240144 -0.968541 162 130 85
2.6724 -3.3235 2.8942 -0.470245 -0.0454741 -0.881363 149 139 96
-0.4649 -2.11 3.8061 0.560225 0.159565 -0.812826 143 128 75
-6.1959 -4.6122 1.557 -0 -0 -1 162 161 93
5.8044 6.3933 1.6907 -0.350055 -0.175033 -0.920231 175 154 86
-5.415 3.0119 1.8391 0.350407 0.286494 -0.891704 160 151 99
1.9483 -2.8943 3.1786 -0.00190762 -0.0520249 -0.998644 161 135 100
-0.4245 7.4006 3.8806 0.164503 -0.191338 -0.967641 143 137 72
-5.3774 -4.4567 1.7799 0.0724813 0.389805 -0.91804 159 143 81
-3.1691 -7.3653 2.7396 0.871808 -0.200995 -0.446712 129 133 94
-6.6203 6.5862 1.437 0.456309 -0.049616 -0.888437 166 140 88
-6.3709 -7.4787 1.4273 0.782187 -0.622855 -0.0153354 150 152 102
6.1036 -7.5224 1.631 -0.482775 0.0682068 -0.873084 183 153 102
0.3614 -3.5757 3.8774 -0.254957 0.06101 -0.965026 140 131 63
-3.5749 -2.8579 2.6293 0.456514 -0.0118265 -0.889638 146 128 100
-2.6728 -3.1574 2.9633 0.546303 -0.444655 -0.709813 159 130 79
-2.3318 5.1574 3.0408 0.142979 -0.215957 -0.965878 159 146 86
5.6001 -3.3552 1.7546 -0.356972 -0.0166821 -0.933966 160 144 100
-2.5367 1.346 2.9098 0.633288 -0.282874 -0.720367 155 149 91
-7.5335 -6.9062 0.9331 0.467788 -0.0637626 -0.881538 175 153 104
-5.6848 6.4948 1.7144 0.547874 0.113771 -0.828789 146 182 104
7.6196 -6.8957 0.8014 -0.0653554 -0.884399 -0.462133 163 148 122
-4.0361 -2.5427 2.4515 0.323108 0.0224506 -0.946096 164 148 107
1.9236 -6.6043 3.2736 -0.498385 -0.0565694 -0.865108 136 137 85
4.1593 -0.9317 2.3099 -0.0356293 0.211703 -0.976684 167 138 96
-4.7907 6.2647 2.1045 0.458525 -0.145613 -0.876671 176 149 100
7.2895 5.4543 1.0733 -0.353857 0.274265 -0.894184 162 140 96
7.8565 5.1406 0.8519 -0.102863 0.0977713 -0.989879 181 154 124
-4.4755 -4.3271 2.2634 0.443824 0.345598 -0.826791 161 119 89
-2.5165 0.3247 3.0524 0.280463 -0.194183 -0.940018 134 133 80
3.7778 0.7506 2.5194 -0.400033 -0.0354075 -0.915817 168 138 96
-3.7604 -5.1601 2.5344 0.590989 0.0136575 -0.806564 151 125 93
0.6796 -0.4086 3.6769 -0.449459 -0.0963143 -0.888093 133 125 79
2.2777 -6.0597 3.0496 -0.438309 0.220139 -0.871449 150 155 98
6.4428 -7.613 1.4347 -0.652417 0.679633 -0.335338 172 138 105
-2.2329 6.1229 3.1516 0.0540057 -0.774266 -0.630552 139 135 81
-7.0334 7.0441 1.2534 0.188542 0.246386 -0.950655 159 150 125
4.3832 2.7201 2.2025 -0.182275 -0.266239 -0.946516 138 140 101
-2.231 -2.2524 3.1425 0.389243 0.285181 -0.875878 148 121 84
3.0311 -6.5847 2.8289 -0.244717 -0.208951 -0.946812 152 147 83
-2.4358 -1.6371 3.0604 0.432996 0.072244 -0.898496 149 130 82
-4.8955 5.7765 2.0187 0.704595 -0.371045 -0.604873 160 137 79
4.7943 1.4239 2.0566 -0.40638 0.0706112 -0.910972 152 147 101
3.7103 -1.9258 2.6246 -0 -0 -1 167 147 76
0.1953 5.6083 3.9049 -0.163011 0.270535 -0.948809 131 145 86
-5.4688 7.1548 1.8558 -0.00656573 -0.0209317 -0.999759 141 146 93
-4.1455 1.1133 2.3541 0.356917 -0.0917543 -0.929619 156 130 96
0.6551 1.6518 3.7978 -0.863689 -0.0279241 -0.503251 166 128 81
4.1801 4.6069 2.3034 -0.168747 0.201589 -0.964825 161 156 102
5.8305 -1.1261 1.6472 -0.0739254 -0.411035 -0.908617 172 138 98
-0.2694 1.8287 3.8355 0.392428 0.592174 -0.703797 138 139 66
1.5603 -5.1349 3.3598 -0.488126 0.0127848 -0.872679 133 134 79
4.17 5.8002 2.3464 -0.437223 -0.065616 -0.896956 151 147 108
6.2628 2.0096 1.5584 -0.255108 -0.159962 -0.953589 171 159 121
5.9667 -0.2816 1.6306 -0.25039 0.568463 -0.78368 171 146 107
2.6346 4.3247 3.019 -0.611327 -0.0780905 -0.787516 152 113 74
-1.3379 4.1839 3.4907 0.544526 0.520444 -0.657746 164 126 64
-7.1019 1.408 1.1546 0.58252 -0.0877288 -0.808068 160 144 124
-5.3194 -1.8007 1.9299 0.597971 0.00132901 -0.801517 169 160 106
-7.378 1.6469 1.0338 -0 -0 -1 176 142 113
1.7501 -2.512 3.2498 -0.522929 -0.475505 -0.707418 148 137 81
4.0935 5.7564 2.3009 -0.476723 -0.071561 -0.876136 162 138 103
2.2568 0.2758 3.116 -0.299239 0.0611204 -0.952219 154 132 82
2.1051 4.6952 3.1966 -0.169842 -0.160519 -0.97231 126 129 90
-6.9774 -7.4074 1.2648 -0.111665 0.18218 -0.976904 194 146 113
1.2994 -3.8043 3.515 0.510923 0.356112 -0.782395 127 133 84
7.2514 7.7632 1.1418 0.320275 -0.211281 -0.923463 175 156 113
-6.5981 -3.3367 1.3805 0.189032 0.16341 -0.968279 160 154 119
6.5784 -7.3987 1.383 -0.288332 0.0955701 -0.952749 172 147 110
-6.9067 4.7811 1.2959 0.905376 -0.35168 -0.23794 158 135 117
-2.0658 3.2017 3.1938 0.0870396 0.898906 0.429409 146 116 72
2.7119 5.8206 2.8658 -0.307133 0.0866108 -0.947717 158 123 79
-6.2424 1.2185 1.6107 0.19942 -0.701527 -0.684172 172 151 100
0.1248 6.6388 3.91 -0.327863 -0.131709 -0.935499 125 138 85
1.8837 1.5766 3.1664 -0.562164 0.510419 -0.650725 176 144 82
-3.6657 -1.656 2.5421 0.405 -0.0212671 -0.91407 167 143 82
4.0873 -5.949 2.3142 -0.111278 0.0137237 -0.993695 161 151 78
7.1998 -4.6291 1.1467 -0.621252 0.0152013 -0.783463 167 146 105
-5.7017 -1.2728 1.7064 0.662042 -0.210814 -0.719206 167 141 90
-1.4328 7.6884 3.4938 0.443672 0.0837715 -0.892265 139 143 68
4.1676 6.7847 2.4013 -0.449664 -0.175094 -0.875868 165 146 104
7.8159 -1.3946 0.9288 0.546961 -0.319357 -0.773851 182 158 113
7.3111 -0.2667 1.1084 -0.219786 0.0915692 -0.971241 148 153 111
-3.8969 -0.2364 2.445 0.179897 0.0377665 -0.98296 144 146 96
-0.3351 -6.838 3.8016 0.361281 0.32539 -0.87384 122 139 67
-7.5727 -0.3932 0.9473 0.207041 -0.0832126 -0.974787 185 166 109
7.0355 5.5246 1.1558 -0.464912 -0.0599252 -0.883326 173 160 108
4.5348 -4.9506 2.1497 -0.467466 0.020478 -0.883774 156 141 89
-4.8433 -0.7238 2.0706 0.42911 -0.250953 -0.867691 157 136 95
-3.2602 -1.1588 2.6709 0.738228 0.421397 -0.52673 161 156 84
4.1884 1.6298 2.3363 -0.512457 0.205605 -0.833735 136 138 82
0.79005 -1.60085 3.63325 -0.257566 0.0241229 -0.965959 144 136 79
4.9387 -4.0261 1.994 -0.583852 -0.165826 -0.794744 160 161 105
1.3672 -0.1224 3.4589 -0.275072 0.391594 -0.87806 124 144 66
-7.1197 -6.83 1.1087 0.637421 -0.0267015 -0.770053 167 140 108
-2.7098 -2.529 2.9584 0.361213 0.166085 -0.917573 141 125 75
-1.435 3.1075 3.4914 0.63745 0.0929 -0.76487 139 130 85
-3.1306 4.3878 2.7666 0.191707 -0.216405 -0.957297 150 128 102
0.8294 6.5484 3.6561 0.371729 0.583223 -0.722266 134 113 60
-3.2664 0.4381 2.6563 0.498054 -0.0133726 -0.867043 159 135 75
7.6072 -2.573 1.0479 0.369033 -0.118209 -0.921868 174 164 110
6.8313 -4.9377 1.3095 -0.46906 -0.0940374 -0.878146 174 152 116
-4.5097 -2.9608 2.1458 -0.101741 -0.591094 -0.80016 152 137 81
-0.8627 -5.666 3.7563 -0.461624 -0.732749 -0.499982 143 117 74
2.3165 -2.4369 3.063 -0.550334 -0.0933313 -0.829712 143 138 81
-5.5516 6.6302 1.904 -0.22418 0.973438 -0.0464893 166 156 89
7.0077 0.3183 1.2317 -0.40199 0.610592 -0.682335 183 152 122
6.621 6.3222 1.3139 -0.471078 0.0309644 -0.881548 159 154 109
-0.3493 4.3034 3.8424 0.677806 -0.00864164 -0.73519 149 137 68
-1.6651 6.1179 3.3986 0.502562 0.0838299 -0.860467 154 133 53
-2.5213 6.2054 2.9742 0.462593 0.428278 -0.776264 146 151 92
-3.8955 1.5592 2.3251 0.79234 -0.294824 -0.534113 139 137 90
-5.0002 -6.4158 2.0013 0.28002 -0.203592 -0.938157 174 156 108
6.6445 0.2028 1.3206 -0.331934 0.0402431 -0.942444 174 152 107
6.7401 -6.9852 1.3498 0.22698 0.66393 -0.712514 162 142 136
6.9628 -3.661 1.1484 -0.547273 0.0717816 -0.83387 180 139 121
7.8509 5.9928 0.8777 -0 -0 -1 164 154 112
-0.1936 6.2694 3.9169 0.254073 0.0936479 -0.962641 147 125 49
2.8425 -3.6478 2.8295 -0.998906 0.0231193 0.0406514 142 142 87
3.4867 7.4381 2.6065 -0.128262 0.0437768 -0.990774 153 139 76
-5.5144 -4.6236 1.7872 0.808686 0.583865 -0.0716192 147 150 105
6.4392 -7.2916 1.445 -0.307164 -0.142784 -0.940884 150 147 118
5.9319 6.9015 1.6585 -0.22658 -0.270559 -0.93566 163 160 110
-1.5446 1.8406 3.3878 0.327084 0.294011 -0.898094 159 131 77
6.871 -6.0425 1.3655 -0.099097 -0.189072 -0.97695 165 138 103
-3.0884 0.1109 2.716 -0 -0 -1 155 144 70
1.9461 -4.3727 3.2458 -0.353475 -0.0484757 -0.934187 127 137 79
-5.8366 -6.637 1.6189 0.55266 0.294851 -0.779506 174 151 110
-7.5757 3.918 1.0231 -0.784813 0.451635 -0.424375 172 174 108
2.1218 4.5766 3.1801 -0.258972 0.128921 -0.957242 119 136 85
4.3219 -1.6089 2.3512 -0.163685 0.935634 -0.312723 167 141 103
1.5254 5.9228 3.4298 -0.667792 -0.0150873 -0.744195 140 129 82
-5.3136 -1.0576 1.825 0.24836 0.124061 -0.960691 155 154 94
-2.1288 2.4868 3.1056 0.251367 0.0233239 -0.967611 136 150 82
-7.8501 -6.2465 0.7975 0.226994 -0.0761745 -0.970913 168 154 116
-7.8097 -2.0984 0.8881 -0.452114 -0.0235399 -0.89165 159 149 113
7.5209 -4.8612 1.009 -0.372423 0.0424804 -0.92709 177 142 91
3.5073 -6.9867 2.5701 -0.482802 -0.0910492 -0.870983 149 133 92
4.3086 -5.6368 2.2723 -0.609821 -0.351112 -0.710521 169 142 92
1.1993 -2.6845 3.5176 -0.305461 -0.130521 -0.943217 160 138 76
-1.9075 7.6433 3.2766 0.29797 0.292183 -0.908759 140 115 71
7.7646 7.7229 0.8547 -0.0758903 -0.394675 -0.915681 173 134 107
-2.6592 -5.9309 3.0123 0.436009 0.0715108 -0.897096 151 141 76
2.5345 -3.238 3.0001 -0.344723 0.243241 -0.906642 142 127 99
7.7842 -4.2194 0.9344 -0.356442 0.059841 -0.932399 152 159 124
4.5561 6.1018 2.2579 0.953214 0.190377 -0.23482 142 151 96
2.1168 0.8678 3.1976 -0.873584 -0.412639 -0.258032 159 138 86
-6.8631 6.7403 1.1759 -0.216749 -0.347181 -0.912406 172 141 108
-3.278 -6.5949 2.6319 0.115156 0.0399935 -0.992542 160 136 98
-2.3122 4.5796 3.095 0.267932 -0.293867 -0.917527 163 151 75
-6.1722 6.3874 1.529 0.415603 -0.122285 -0.901289 159 157 114
-1.39295 -5.64765 3.444 0.595142 -0.384818 -0.705494 153 129 86
1.9887 -5.7742 3.1862 -0.819221 -0.449782 -0.35577 158 118 88
2.824 6.517 2.8459 -0.921528 -0.21527 0.32318 148 131 68
4.6907 0.7056 2.1832 0.371058 -0.211709 -0.904155 166 148 100
1.0951 7.4875 3.6558 0.0798932 0.00759602 -0.996774 144 132 68
2.1666 4.2893 3.1123 -0.486666 0.16123 -0.858581 133 128 83
-0.5729 0.4153 3.7188 0.0980727 0.591432 -0.800369 145 115 59
7.1833 0.8246 1.1823 -0.0375467 0.187607 -0.981526 178 148 106
3.3041 -2.539 2.6355 -0.500358 -0.0725987 -0.86277 145 133 92
3.5927 -5.0204 2.5315 -0.299621 -0.17122 -0.938569 158 135 94
7.0336 -1.9496 1.1558 -0.20651 0.695904 -0.687802 189 140 129
-4.764 0.5763 2.1162 0.626837 0.174613 -0.759332 160 133 108
6.7334 -4.7363 1.4377 -0.617604 -0.237535 -0.749762 165 140 91
7.2413 7.8716 1.0452 -0.0724389 -0.338848 -0.938048 173 145 116
3.1602 -6.3993 2.6407 -0.552143 -0.168953 -0.816452 162 119 80
-1.5921 -0.9532 3.332 0.29571 0.133679 -0.945878 138 148 85
4.7278 -3.6091 2.0729 -0.558325 0.0623541 -0.827276 160 158 122
3.6531 -4.3063 2.568 -0.13987 0.142846 -0.979812 146 136 97
3.9951 -4.2961 2.3487 -0.271705 0.416879 -0.867403 155 162 88
1.1917 3.0512 3.5652 -0.071751 -0.0506242 -0.996137 152 138 71
1.0576 -6.0739 3.5399 -0.606577 -0.364007 -0.706798 149 141 71
5.0459 2.6563 1.972 -0.476451 0.195435 -0.857204 162 136 96
3.1705 4.5686 2.6709 -0.466251 0.0694351 -0.881923 160 143 91
4.6739 1.2936 2.097 -0.0975112 -0.221011 -0.970384 162 124 89
7.76135 -0.5869 0.98685 -0.322099 -0.732533 -0.599707 163 152 118
-7.1283 5.0131 1.1099 -0.118765 -0.189985 -0.974577 182 137 112
1.3434 2.9767 3.4334 -0.593616 -0.0383711 -0.803833 154 133 63
-7.352 -5.99745 1.0568 0.264536 -0.407537 -0.874033 168 152 114
-0.7552 1.7005 3.6688 0.24291 -0.861909 -0.445092 149 129 82
-3.1206 4.4122 2.7361 0.191707 -0.216405 -0.957297 154 140 73
-0.2415 1.2884 3.9621 -0.0413081 0.129453 -0.990725 144 110 84
-2.59405 3.1082 2.9419 -0.230082 0.171356 -0.957966 138 136 74
-2.0902 7.5662 3.1723 0.246966 0.30945 -0.918286 167 135 88
-6.8647 -5.3356 1.2408 0.343151 0.218555 -0.9135 177 144 101
-3.43565 5.79635 2.5897 0.187835 0.12425 -0.97431 154 142 92
4.1656 4.4207 2.2399 -0.971447 0.145104 -0.187714 164 124 92
-6.1216 -5.9274 1.5136 0.945002 -0.317053 0.0803042 170 153 102
-4.3417 4.6501 2.2331 0.518301 -0.0641192 -0.852791 149 141 89
2.4555 -6.8866 3.0636 0.187775 0.244394 -0.951321 146 132 84
-3.6952 3.7719 2.5359 0.274068 -0.178174 -0.945061 154 128 83
5.4218 4.2683 1.9101 -0.460289 0.0695775 -0.885038 158 146 102
2.4024 4.8331 3.0226 -0.21885 -0.0617065 -0.973805 149 127 73
2.2517 -3.5691 3.1812 -0.486513 0.763459 -0.424776 152 142 82
3.5036 -5.2696 2.6494 0.276942 0.299963 -0.912867 146 126 73
0.5784 3.9837 3.8417 -0.355955 -0.931321 0.0770524 149 120 64
-7.5765 3.5784 0.9184 0.593825 -0.263523 -0.760215 177 172 121
4.735 5.7617 2.1285 -0.526407 -0.0169221 -0.850064 164 141 99
-2.9808 6.4179 2.9327 0.124816 -0.345909 -0.929929 148 138 92
-3.4407 -6.7561 2.6385 -0.0753597 -0.164255 -0.983535 154 135 108
1.9394 3.9932 3.2669 -0.433683 0.295333 -0.851292 144 122 63
3.0052 -6.15415 2.7574 -0.206969 0.209068 -0.955748 151 129 72
-4.8302 -6.7767 2.0479 -0.304222 -0.684802 -0.66219 160 163 93
-6.1019 -2.3196 1.5936 0.374077 -0.0454385 -0.926284 164 148 120
-2.4907 3.4913 2.9821 0.330322 -0.272882 -0.903561 151 129 84
7.0503 6.1787 1.1173 -0.283202 0.142101 -0.948474 168 146 111
-3.5208 0.9822 2.648 0.388217 -0.418524 -0.821051 136 138 57
-7.6 -7.0861 1.0304 0.621827 -0.272103 -0.734364 164 164 103
-0.868 2.278 3.5814 0.341768 -0.156122 -0.926726 134 147 70
7.8022 5.1778 0.8854 -0.278258 0.0469172 -0.95936 159 141 107
-1.1068 0.2333 3.5877 0.405654 -0.0858082 -0.90999 145 118 70
-6.3572 1.2154 1.393 0.452595 -0.0430368 -0.890677 165 157 105
-7.4506 -0.4713 1.0209 0.397297 0.0859765 -0.913654 171 161 111
-7.7347 -4.5104 0.9021 0.765979 -0.0518322 -0.640773 172 141 121
2.5936 3.4864 2.9573 0.239896 0.165828 -0.956531 129 148 66
-6.0594 -3.2809 1.5819 0.525245 0.254686 -0.811944 177 145 119
2.1905 -6.9667 3.1255 -0.594833 -0.0228415 -0.803525 143 134 100
7.2228 1.051 1.1595 -0.672473 0.695443 -0.253259 156 174 111
0.2855 -6.5304 3.8041 0.4659 0.250549 -0.848624 151 118 76
2.2883 6.6934 3.111 -0.472087 -0.465945 -0.748351 154 131 71
-2.6147 2.1794 2.9784 0.426582 0.0943157 -0.899518 133 135 88
-5.6552 -6.5541 1.723 -0.149343 0.594246 -0.790296 165 145 111
5.076 -5.4322 1.9746 0.0121978 0.344216 -0.938811 159 156 81
2.3577 6.3214 2.9607 -0.46083 -0.711173 0.530913 133 145 75
5.73585 -1.25655 1.68685 0.0570954 -0.302939 -0.951298 162 149 113
0.6926 0.4542 3.7912 -0.563863 -0.0418331 -0.824808 153 143 69
7.4314 0.516 1.0789 -0.512584 -0.222968 -0.829182 173 159 122
1.7095 6.8491 3.2972 -0.232683 0.0178338 -0.972389 142 132 83
7.2494 6.7813 1.0822 -0.46187 0.0230048 -0.886649 168 158 129
0.1064 3.2817 3.9973 -0.421071 0.0806469 -0.903435 128 105 66
5.1245 -5.3064 1.9615 -0.420919 0.233041 -0.876652 177 159 108
1.0853 7.8893 3.5832 -0.520519 0.134141 -0.843247 152 138 69
5.8075 5.0725 1.6194 -0.328169 0.0921917 -0.940109 160 167 100
1.991 -5.8864 3.266 -0.250603 -0.102297 -0.96267 136 126 83
1.9929 4.8051 3.1629 -0.160785 -0.0144353 -0.986884 155 129 89
5.2935 -0.0742 1.9031 -0.0770037 -0.0614849 -0.995133 151 126 99
0.9211 7.4411 3.6415 -0.173612 0.232106 -0.957072 141 121 81
-0.4714 -4.2762 3.8132 0.269951 0.227615 -0.935584 154 141 80
5.352 -7.7575 1.9335 -0.487944 0.52281 -0.698986 152 148 84
-3.7095 -5.9558 2.5236 0.826476 -0.562745 -0.0159738 160 142 81
2.8233 4.3689 2.9518 -0.00818626 0.347507 -0.937642 158 143 88
-4.7385 0.99 2.1008 0.47877 -0.268662 -0.835823 163 148 98
-0.6608 5.68 3.7755 0.170527 -0.366221 -0.914769 145 147 71
-4.2884 2.6178 2.2132 0.398461 -0.279304 -0.873624 157 148 91
-7.0196 -1.1632 1.1557 0.347914 -0.180581 -0.919971 155 141 89
3.873 0.0856 2.4598 -0.408578 -0.0259578 -0.912354 154 135 84
-1.7811 3.0339 3.2546 0.195326 0.0522688 -0.979345 148 119 86
3.5489 -6.243 2.5456 -0.224819 0.455211 -0.861533 146 129 103
-5.0898 -0.9618 2.0304 0.706418 -0.0777573 -0.703511 154 140 108
-0.9165 5.3109 3.6175 -0 -0 -1 161 138 66
-1.8817 -5.9132 3.3055 -0.0238967 -0.0947798 -0.995211 157 139 86
1.7384 -6.692 3.3675 -0.0832481 0.0843331 -0.992954 140 140 61
1.5332 -5.4286 3.3802 -0.517918 -0.0372608 -0.854618 145 139 87
-4.03955 7.7944 2.3352 0.531917 0.104169 -0.840365 154 129 87
-1.568 7.0827 3.3584 0.296877 -0.273104 -0.915029 131 132 98
-6.5013 -5.4003 1.3733 0.779483 0.219831 -0.586584 175 124 128
3.7915 5.7519 2.532 -0.184615 -0.0172055 -0.98266 172 147 92
6.6894 -0.7879 1.378 -0.591793 0.0709475 -0.802962 174 131 100
5.8739 6.5343 1.5485 -0.623767 0.242861 -0.742922 154 147 116
1.3832 2.3555 3.4272 -0.364067 -0.195542 -0.910614 135 125 68
-3.8561 -0.351 2.4834 0.0230243 -0.0771855 -0.996751 148 124 102
-4.8667 -0.2565 1.9841 0.632703 0.046313 -0.773008 165 145 102
0.7047 2.6913 3.7824 0.367639 0.0262416 -0.929598 149 123 78
5.9711 -1.2533 1.5325 -0.592317 -0.106857 -0.798588 181 155 109
2.8181 0.7438 2.868 -0.297263 0.291262 -0.909286 135 150 79
5.4852 -2.2383 1.7224 0.260729 0.373649 -0.890172 164 157 108
2.4149 -0.4097 2.9888 -0.438462 -0.260798 -0.860079 149 130 73
-7.6765 -0.2365 0.9064 0.199262 -0.188034 -0.961737 175 158 110
2.7568 -7.1064 2.871 0.0612417 0.166635 -0.984115 152 126 83
3.4604 0.0688 2.6535 -0.302736 0.0168744 -0.952925 154 139 74
7.3625 1.6623 1.0721 0.244494 -0.220754 -0.944188 168 153 110
4.3969 -2.8871 2.289 -0.490141 -0.00667529 -0.871618 159 139 82
4.7055 -2.5424 2.0433 -0.75408 -0.0824202 -0.65159 159 158 108
0.3609 0.3372 3.8701 -0.162446 -0.0528344 -0.985302 153 120 75
2.6316 -6.4005 2.93 -0.292494 0.23807 -0.926159 152 131 74
7.1601 -7.5802 1.0863 -0.104489 -0.382532 -0.918015 171 157 123
3.854 0.51085 2.44115 -0.4475 -0.143617 -0.882677 152 145 91
-6.4405 -1.5266 1.4829 0.698168 0.0603957 -0.713382 157 155 117
-1.6292 0.2089 3.3528 0.349318 0.0333958 -0.936409 143 120 87
-7.7404 -5.1693 0.9633 0.431114 0.162691 -0.887509 167 166 128
7.6844 -2.9452 0.9257 -0 -0 -1 161 145 99
7.3451 4.0019 1.0262 -0.217441 0.957782 -0.188078 169 157 117
-0.5407 -4.6935 3.8255 -0.593253 0.277314 -0.755743 140 116 68
5.7184 5.6846 1.7792 -0.742134 -0.440445 -0.505218 153 145 100
-4.8569 -3.8206 2.1134 -0.0781807 0.254199 -0.963987 145 137 91
4.1792 -4.3292 2.3301 -0.31323 0.191533 -0.930162 162 142 105
-7.8567 6.9678 0.8103 0.605513 0.068094 -0.792917 166 152 128
-0.8464 7.0962 3.65075 -0.39933 -0.00461197 -0.916796 146 133 68
1.0327 -2.3584 3.6185 0.281606 0.74668 -0.602634 147 135 76
0.3713 -1.2306 3.8808 0.235284 0.12104 -0.96436 140 134 71
0.4612 -1.1854 3.8319 -0.0685809 -0.482952 -0.872957 141 97 68
-2.4814 0.2583 3.0242 0.269877 0.0222738 -0.962637 137 139 98
3.8755 -6.8815 2.4571 0.189698 -0.0292789 -0.981406 149 137 78
7.4109 -3.8422 0.966 -0.134083 0.285274 -0.949021 167 147 128
-0.7776 -0.9435 3.6988 0.636538 -0.294873 -0.71265 139 140 69
-0.8431 2.3885 3.6513 0.383647 -0.270055 -0.883111 152 152 77
-1.8008 1.6033 3.2813 -0.123944 0.234281 -0.964236 139 155 74
3.2841 -6.7902 2.7407 0.981783 -0.123655 -0.14426 137 113 96
6.4866 7.3601 1.4216 -0.384017 -0.14856 -0.911296 177 156 100
7.8428 4.343 0.7472 0.835995 -0.218756 -0.503247 181 144 119
0.2565 7.911 3.8503 0.0475898 0.442104 -0.8957 137 135 72
-1.8812 4.2561 3.2286 0.472921 -0.0207083 -0.880862 153 146 87
-0.0803 -2.6754 4.013 -0.047344 0.0152192 -0.998763 117 130 66
3.1937 7.1936 2.8018 -0.669477 0.662961 0.335088 151 140 87
-5.4345 6.2261 1.7947 0.433848 -0.125113 -0.892257 176 159 138
-0.149 7.8186 3.9114 -0.438468 -0.148153 -0.886452 142 125 85
7.5783 6.3195 1.1601 0.626396 0.56584 -0.536147 177 165 102
-0.4039 -1.7005 3.8603 -0.0721248 0.639212 -0.765641 132 106 60
-0.0831 -6.1849 3.9662 0.0360542 0.385763 -0.921893 130 129 60
4.499 -1.0494 2.1833 -0 -0 -1 179 127 81
2.7618 2.1396 2.949 -0.26469 -0.159759 -0.951008 145 122 100
7.1382 2.6814 1.1684 0.174637 -0.0472771 -0.983497 171 156 107
4.6279 6.5484 2.1611 -0.542287 0.385077 -0.746754 166 159 100
-2.3977 3.4713 3.0949 0.432583 -0.200092 -0.87911 129 143 64
0.8924 -5.1206 3.5865 -0.574182 0.0935196 -0.813369 156 126 79
-1.1735 7.574 3.4971 0.295457 0.0142246 -0.95525 136 125 77
-2.458 -6.0033 3.0068 0.118765 0.221141 -0.967983 160 124 88
0.9157 4.5529 3.5861 -0.464392 0.265642 -0.844852 138 141 65
-6.6964 -6.6426 1.3333 0.326221 0.00515057 -0.945279 166 161 110
1.2704 -3.0984 3.4867 0.219876 0.179375 -0.958895 144 139 76
-7.4909 -1.7044 0.9906 0.624499 0.167592 -0.762833 164 147 113
2.2766 -2.5337 3.0036 -0.280066 -0.0844505 -0.956259 148 124 80
1.3532 4.1058 3.4717 -0.0289047 0.240022 -0.970337 145 136 61
-3.8872 -1.9732 2.5311 0.32414 -0.0293286 -0.945554 153 132 114
-2.5568 -6.0376 2.95 0.199978 0.182739 -0.962609 143 137 94
-3.7225 -6.2255 2.5366 0.295003 -0.364903 -0.883074 159 124 84
-5.412 2.4239 1.7733 0.08199 -0.256077 -0.963173 157 153 110
-7.5866 4.2107 0.9896 0.535639 0.147772 -0.831417 184 148 111
2.3033 -2.7344 3.12145 -0.106981 -0.202946 -0.973328 150 143 83
2.7491 -5.7123 2.9401 -0.135084 -0.150727 -0.979303 159 149 56
-0.3118 -4.38 3.7943 0.276699 -0.160789 -0.94741 150 141 60
-7.3388 2.6004 1.1363 0.47032 -0.863477 -0.182229 178 155 94
-3.1141 -7.8004 2.6647 0.243775 0.217144 -0.94521 158 152 78
-3.9524 5.9229 2.4462 0.280597 -0.0180464 -0.959656 170 149 94
-4.6 -5.9952 2.0791 0.289421 0.758856 -0.583414 137 155 100
1.4218 6.585 3.4146 -0.642301 0.0338909 -0.765703 155 128 65
-7.5766 6.7717 1.0122 -0.385843 -0.263933 -0.884005 171 162 111
-2.2946 -4.9549 3.1551 -0.0552069 -0.150361 -0.987089 151 130 84
6.7211 -7.0146 1.2285 -0.775479 0.116836 -0.620468 173 156 111
7.4555 -5.7272 0.9171 -0.0895049 0.324731 -0.941562 164 139 118
-5.5283 0.257 1.7772 0.454076 -0.16054 -0.87638 145 152 93
4.9585 -3.9858 1.9219 0.193707 -0.111667 -0.974683 180 137 103
-4.8318 1.6838 2.0212 0.527408 -0.219294 -0.820824 153 138 101
-7.9184 -1.4264 0.8804 0.542825 -0.21412 -0.812092 165 136 101
2.0128 -4.9864 3.1121 -0.0724047 -0.153161 -0.985545 162 141 88
6.345 -6.1643 1.3754 -0.939823 0.105837 -0.324856 172 160 115
6.5041 -6.5373 1.4895 -0.549344 0.0387662 -0.834697 163 143 118
-3.3599 0.5287 2.6927 0.351217 0.00143712 -0.936293 174 159 86
1.1935 0.3547 3.5061 -0.0608141 -0.00673809 -0.998126 151 118 82
5.1156 -7.8819 1.9715 -0.67165 -0.289283 -0.682057 179 139 92
7.5635 -7.6769 0.9759 0.446373 0.595348 -0.668065 169 158 122
5.0814 -5.3997 1.9786 -0.533518 0.108789 -0.838763 173 138 93
-5.8889 6.5068 1.5896 -0.060975 -0.306806 -0.949817 170 149 113
4.0799 2.8616 2.4229 -0.932005 -0.207932 -0.296869 154 138 85
1.0546 4.0105 3.498 -0.461256 -0.145005 -0.875338 144 139 84
-6.6753 -5.2048 1.3435 0.1316 -0.016255 -0.99117 163 137 102
4.7927 6.1542 2.0707 -0.27857 0.343493 -0.89689 159 158 106
-6.0491 -6.5357 1.5906 0.283694 -0.147467 -0.947508 161 164 114
3.7991 5.7844 2.51 -0.22363 0.150131 -0.963042 153 143 101
0.5535 -1.3769 3.7618 -0.360171 0.280613 -0.889682 144 136 77
-3.5715 -3.2123 2.5476 0.117539 0.165089 -0.97925 142 130 93
-2.743 -1.1474 2.9411 0.326258 0.112496 -0.938563 152 144 99
-1.6718 -4.8287 3.2183 0.454157 -0.622164 -0.637693 141 139 71
4.2303 5.6557 2.2726 -0.525655 -0.133719 -0.840122 148 154 97
-1.6576 0.5041 3.3281 -0.344624 0.790007 -0.507072 137 155 72
-1.4956 1.8398 3.4589 0.117831 -0.200558 -0.97257 139 149 84
0.2663 -2.8356 3.8539 0.445076 0.320533 -0.836162 132 145 56
3.759 4.9386 2.4732 -0.321157 -0.273651 -0.906627 163 145 96
1.8121 0.2111 3.2762 -0.773495 -0.122295 -0.621892 151 134 74
5.9284 -2.3801 1.6331 -0.511028 -0.3715 -0.775138 160 139 108
-7.8449 7.4134 0.8723 0.998158 0.0603876 -0.0059023 174 157 122
-6.4644 7.5818 1.369 -0.346814 -0.442103 -0.827203 179 150 110
-5.9846 2.9608 1.6541 -0.00176646 -0.058201 -0.998303 159 140 115
-6.0601 -3.5149 1.5036 0.488141 -0.0573272 -0.87088 166 157 93
4.3546 4.6938 2.2998 -0.223247 -0.2438 -0.943781 155 128 100
-1.4338 0.5668 3.3623 0.832945 -0.527941 0.165773 153 136 66
-6.6202 7.3565 1.3827 0.471894 -0.171174 -0.864879 162 159 112
-6.0864 2.5063 1.5906 0.0557382 0.179499 -0.982178 181 146 98
2.143 -5.2758 3.1496 -0.372146 -0.0604833 -0.926201 150 139 70
-6.6827 4.5082 1.3363 -0.196526 -0.367066 -0.909198 153 153 92
7.3316 -6.4694 1.1049 -0.755966 -0.256667 -0.602194 164 128 107
5.216 5.675 1.9029 0.0203332 -0.160886 -0.986764 158 142 108
-6.5726 3.8586 1.4076 -0.299409 -0.0914546 -0.949732 160 142 117
-3.4696 0.2811 2.6071 0.150267 -0.1709 -0.973762 153 138 84
4.9043 -0.5653 1.9888 -0.402149 -0.199552 -0.893563 147 118 90
-4.363 -2.9786 2.2414 -0.247753 -0.510745 -0.823261 159 137 109
3.5078 -2.0233 2.6452 -0.144012 -0.90293 -0.404943 147 143 105
-1.3828 -0.2794 3.5175 0.735658 0.156868 -0.658939 167 118 74
7.7922 2.4659 0.9067 -0.457611 0.422191 -0.782526 173 147 124
-4.7851 4.4562 2.0293 0.601892 -0.549218 -0.579729 159 150 101
-2.3838 -3.0798 3.0538 0.277197 -0.165605 -0.946434 145 124 95
-5.2849 -0.679 1.9785 -0 -0 -1 166 161 73
3.2726 -5.7837 2.6879 -0.356104 -0.145697 -0.923018 160 142 85
-5.9805 -0.484 1.553 0.362908 0.041608 -0.930895 167 162 122
-5.0464 3.2072 1.9145 0.0560717 -0.177858 -0.982457 169 132 100
-0.7469 -0.4208 3.6702 0.511633 0.0150122 -0.859073 143 115 79
1.1215 -1.2098 3.6403 -0.426717 -0.459557 -0.778922 147 135 70
-7.5142 7.6427 1.0369 0.0155575 -0.305739 -0.951988 152 162 115
-7.7418 3.7818 0.9636 0.505984 0.506279 -0.698328 205 153 99
-0.8358 2.4874 3.626 0.168739 -0.0991762 -0.980659 155 136 78
1.561 2.7602 3.4263 0.104901 -0.866764 -0.487562 135 114 78
1.6141 3.1428 3.3925 -0 -0 -1 137 124 73
-0.2034 2.8922 3.8648 0.184785 0.157685 -0.970046 153 109 77
-6.6213 3.3663 1.3586 0.42689 -0.144513 -0.892682 166 136 96
-7.1086 -0.3461 1.1275 0.199891 0.260328 -0.944602 170 144 104
-1.1467 5.707 3.5345 -0.505489 -0.30786 -0.806042 141 141 66
1.7565 6.1917 3.2343 -0.411394 -0.180837 -0.893338 147 121 70
-7.775 -2.3726 0.8715 -0.192727 -0.313996 -0.929657 186 157 117
-2.3792 -6.937 3.1036 0.794066 0.274504 -0.542316 153 136 78
3.229 6.529 2.692 -0.013133 0.0420088 -0.999031 163 138 72
-7.7297 -1.2003 0.866 0.354756 -0.20748 -0.911647 197 152 123
-2.8084 2.7357 2.8963 0.226904 -0.663056 -0.713352 130 131 87
0.9013 2.9967 3.6609 -0.239393 0.0647494 -0.968761 131 126 80
4.3433 0.8724 2.3051 -0.633215 -0.151314 -0.759041 150 138 99
-5.6113 -7.7591 1.7171 0.188203 -0.185971 -0.964362 169 146 85
-4.1332 5.3037 2.3529 0.381426 -0.21487 -0.89908 140 135 101
5.208 -0.8678 1.9218 -0.466592 0.234076 -0.852936 161 143 105
7.8899 -7.5817 0.9111 0.133049 -0.136114 -0.981718 167 155 120
-0.9764 -0.1511 3.5626 0.776426 0.00918103 -0.630141 160 140 77
4.0853 1.0912 2.3899 -0.353223 -0.62964 -0.691945 145 151 97
-1.5388 1.0699 3.4354 0.670028 -0.291925 -0.682526 151 130 89
-0.6645 -3.5472 3.8426 0.836939 -0.121086 -0.533733 132 135 55
-4.2326 5.6892 2.3057 0.0634178 -0.373467 -0.925473 156 131 95
-2.3396 7.636 3.0692 -0.887085 -0.306063 -0.34555 148 121 78
-5.8243 -1.9912 1.7253 0.139431 -0.430918 -0.891554 188 135 96
-6.9803 -3.7727 1.2483 0.509119 -0.0438877 -0.859577 167 152 113
-1.4645 0.5468 3.4506 0.901802 -0.365366 0.230782 160 153 70
-5.6616 -0.0978 1.8062 0.623996 0.043211 -0.780232 155 150 118
5.1918 -7.3193 1.8989 0.451441 -0.79475 -0.405675 152 146 105
-0.6484 -0.5761 3.7299 0.633133 0.0428774 -0.772855 148 110 81
0.0848 2.6746 3.9444 0.0920935 -0.385352 -0.918163 141 119 67
-6.1557 -1.7039 1.5838 0.154758 0.59332 -0.78995 147 156 120
-0.6762 -2.4798 3.7263 0.0981417 -0.0481793 -0.994006 148 118 61
1.8302 4.3829 3.2114 -0.352224 -0.0330648 -0.935332 147 133 71
7.8018 4.7135 0.9341 -0.448993 -0.204284 -0.86987 171 146 99
-1.7413 -1.9193 3.3124 0.417977 -0.0605952 -0.906434 149 121 102
-5.8627 2.8709 1.5662 -0.378826 -0.292881 -0.877902 161 172 102
4.6113 -1.7898 2.2092 -0.927288 0.359473 -0.104481 157 162 97
4.1077 -5.3964 2.2884 0.498823 0.600264 -0.625187 149 123 89
-7.8221 -1.3705 0.9312 -0.0277966 -0.220877 -0.974906 175 166 102
-7.622 0.247 0.9993 0.0943418 0.218845 -0.971188 162 162 130
3.3089 7.5652 2.7055 -0 -0 -1 143 134 83
4.2203 -6.8878 2.2675 -0.333578 -0.172742 -0.926761 160 157 86
-7.6365 0.0704 0.9489 0.497038 -0.198355 -0.844753 177 149 114
4.1161 -2.0431 2.3944 0.316475 0.494142 -0.809733 163 131 87
-2.7591 1.1215 2.8394 -0.199912 0.788803 -0.581227 156 134 95
-5.8349 0.4334 1.7711 0.35192 -0.145688 -0.924623 161 133 98
0.2742 4.9925 3.9549 -0.449847 -0.434845 -0.780095 144 111 65
6.2373 -5.216 1.4374 0.523356 0.00986494 -0.852057 168 129 80
4.2078 -7.5573 2.3567 -0.307017 0.0650758 -0.949477 134 154 98
4.0903 -4.4235 2.3203 -0.133343 -0.0935804 -0.986642 139 159 89
-3.7054 -3.71 2.5631 0.702152 -0.292158 -0.649328 143 140 84
-1.2846 -3.1731 3.4097 0.211829 0.195794 -0.957493 133 120 71
-6.21505 -0.64885 1.5045 0.190254 0.298004 -0.935413 174 150 109
1.2029 -2.9344 3.545 -0.389086 0.0324292 -0.920631 162 116 81
-6.1371 5.165 1.5125 0.156394 0.354764 -0.921783 172 138 111
1.1168 -1.6805 3.5413 -0.167875 0.0237403 -0.985522 149 141 70
0.0119 1.9493 4.0226 -0.361661 -0.507234 -0.78225 135 122 69
-3.961 -6.6219 2.3898 0.0822881 0.422705 -0.902524 140 154 104
-6.648 -1.7116 1.3215 0.565653 0.0294267 -0.824118 160 134 124
-2.4873 -3.028 2.9903 0.600247 -0.298081 -0.742193 149 118 79
-4.774 3.4881 2.0078 0.437476 -0.328675 -0.837011 158 125 102
4.2383 -7.0503 2.3533 -0.468776 -0.0401393 -0.882405 176 158 97
7.64 -0.526 0.9993 -0.327683 -0.901128 -0.283889 175 145 110
-3.9665 3.4111 2.3856 0.365428 0.187753 -0.911708 157 147 97
-1.637 1.8409 3.2395 0.5409 -0.0382053 -0.840219 148 133 85
4.3982 3.2055 2.2472 -0.17571 -0.102471 -0.979094 153 135 88
6.5695 -5.8192 1.3994 -0.477218 -0.130982 -0.868969 161 145 86
4.7433 7.5495 2.1536 -0.587955 -0.00271958 -0.808889 154 133 94
5.40765 -6.34295 1.84935 -0.214392 0.170511 -0.961749 152 124 96
5.6539 -2.5551 1.6952 0.120718 0.829486 -0.545325 157 138 108
3.3903 0.8199 2.6764 -0.438991 -0.0416174 -0.897527 141 127 91
-0.7434 -1.9827 3.6434 -0.358323 -0.089378 -0.929309 156 134 76
-6.411 2.5279 1.4346 0.0176352 -0.120935 -0.992504 172 144 108
6.6896 5.9881 1.2863 -0.475971 0.348686 -0.807384 169 143 128
-6.5875 0.188 1.3887 -0.0775782 0.0188435 -0.996808 163 158 108
-3.953 -5.9501 2.3734 0.248679 -0.16848 -0.953821 151 142 100
4.9756 4.3476 1.9601 -0.352231 -0.261351 -0.898682 166 148 96
5.6354 -1.422 1.6968 -0.424759 -0.147876 -0.893147 174 158 84
-3.9785 3.5198 2.3898 0.391805 0.0949616 -0.915134 167 143 85
2.4507 -0.1498 2.9669 -0.57415 0.0773481 -0.815089 145 145 85
-0.8281 -2.8495 3.6686 0.11353 -0.00498458 -0.993522 138 127 91
7.7642 7.8926 0.8413 -0.362088 -0.234924 -0.902055 184 163 129
0.0911 7.5664 3.8808 -0.128507 0.0910339 -0.987522 160 126 58
-4.8982 -6.647 1.946 0.642503 0.545962 -0.537695 167 133 109
3.7274 3.1614 2.5494 -0.570634 0.174896 -0.802364 153 143 85
3.6703 7.7982 2.5006 -0.514126 -0.754933 -0.407124 166 129 76
3.0395 -6.5991 2.7022 0.159895 -0.338399 -0.927319 156 129 77
-3.9854 -4.4037 2.4408 0.420989 -0.165807 -0.891783 140 133 90
6.9172 2.9975 1.2113 -0.425617 0.327857 -0.843421 169 153 112
0.5466 -6.6254 3.7804 -0.291544 -1.55941e-05 -0.956557 149 143 67
-7.9258 -6.8449 0.85 -0 -0 -1 157 159 126
4.805 1.462 2.0927 -0.520099 -0.038494 -0.853238 148 146 96
2.9783 -1.5366 2.8104 -0.147292 -0.128868 -0.980662 145 140 102
7.8332 0.6085 0.8095 -0.767772 0.466288 -0.439433 171 145 122
-4.6306 3.6651 2.1631 -0.157712 -0.390137 -0.907149 142 138 98
3.7192 1.1648 2.4614 -0.188123 -0.319817 -0.928616 145 165 94
-2.2493 -2.2656 3.0867 0.36118 0.23276 -0.902979 131 142 79
5.1234 6.5248 2.0477 -0.6663 0.0767407 -0.741724 180 150 101
-0.6507 6.6045 3.7174 0.470449 -0.156006 -0.868528 142 124 75
-2.0884 2.4193 3.2042 0.190008 -0.173218 -0.966381 142 141 85
-4.0571 -6.557 2.4467 0.231334 0.238223 -0.943257 142 134 105
-7.4578 5.3794 1.022 0.48242 -0.103739 -0.869775 170 148 105
-0.2762 4.2321 3.8123 0.835081 0.0225983 -0.549662 136 122 54
3.9439 2.0476 2.4679 -0.536946 0.313172 -0.783335 160 125 80
5.1429 6.5255 1.9664 -0.676578 0.101528 -0.729338 170 149 99
-1.1431 6.4201 3.5179 0.102956 0.17167 -0.97976 144 137 59
3.89025 7.82105 2.4852 -0.447889 0.732314 -0.512944 154 136 69
7.5057 -4.2732 1.0669 -0 -0 -1 158 156 111
7.1511 5.4445 1.1284 -0.422956 0.0845572 -0.902196 167 156 122
-7.5883 -0.611 0.9659 0.371243 0.216421 -0.902962 168 126 132
-1.2794 -1.8671 3.5176 -0.395874 -0.265362 -0.879128 140 130 79
-7.3501 -4.7555 1.0187 0.400784 0.146729 -0.904347 152 140 122
4.9444 -1.1893 1.9898 0.337185 -0.526609 -0.780377 174 141 89
-5.131 5.497 1.9114 0.316941 0.224717 -0.921439 168 144 99
-0.6447 -4.3141 3.676 -0.0163023 0.0573255 -0.998222 149 138 58
-2.5651 -4.7768 2.9651 0.439568 0.131368 -0.888551 145 133 88
4.2005 0.3236 2.3346 -0.410667 -0.108493 -0.905308 155 156 83
-1.6926 -4.3834 3.3847 -0.317017 -0.627527 -0.711133 149 118 77
-3.8613 6.3458 2.5091 0.533294 0.18592 -0.825246 157 139 83
-5.287 0.0852 1.8144 -0.234 0.163423 -0.958403 160 149 93
-5.6083 7.1956 1.7119 -0 -0 -1 173 110 99
-4.3035 0.2906 2.2014 0.255457 0.0348342 -0.966193 172 144 98
-7.7057 6.467 0.8931 0.546438 -0.0382705 -0.836625 187 147 126
-1.3769 -6.3946 3.4743 0.598407 0.162325 -0.784576 130 128 91
-5.8213 5.1085 1.7023 0.28787 -0.111218 -0.951189 166 126 95
5.8861 3.6581 1.5782 -0.502013 -0.149978 -0.851756 168 156 111
4.9926 -1.5079 1.981 -0.446638 -0.0778181 -0.891324 173 143 97
-3.8896 6.1059 2.4435 0.165586 0.116135 -0.979333 150 158 80
-5.7891 -0.8238 1.6484 0.114852 0.197402 -0.973572 173 136 112
0.4783 -5.9056 3.8112 -0.797678 0.130434 -0.58881 153 125 64
-1.2438 7.723 3.5266 0.270709 0.149932 -0.950914 146 120 89
-3.6278 -0.6044 2.4981 0.0212546 -0.238594 -0.970887 139 164 94
-4.32 -2.4556 2.3218 -0.291109 0.183025 -0.939019 137 134 92
-6.1252 0.765 1.4996 -0.00409985 -0.497629 -0.86738 167 156 100
0.0279 3.6688 4.0666 0.161942 -0.160023 -0.973739 128 106 57
6.0541 1.0506 1.5518 -0.585907 0.0565596 -0.808402 160 138 104
-1.6991 -0.1533 3.328 0.129517 0.128987 -0.983152 149 134 85
-6.537 4.9156 1.3333 0.361456 -0.845351 -0.393359 160 143 108
-0.7365 6.1652 3.6883 0.255825 -0.268111 -0.9288 141 126 75
-7.8873 6.8843 0.8016 0.0583889 0.254257 -0.965372 163 156 127
0.4367 -1.4384 3.7839 -0.331394 -0.278532 -0.901442 135 131 74
4.7789 1.228 2.1325 -0.320861 -0.360932 -0.875658 153 146 83
3.8248 -3.2288 2.5096 -0.492631 -0.383126 -0.781364 176 141 92
-7.1865 7.1008 1.2191 0.80345 0.284933 -0.522763 181 145 107
3.5701 6.7314 2.592 -0.0761829 0.161013 -0.984008 147 141 79
-1.4599 6.5589 3.4697 0.198683 -0.135551 -0.970645 124 122 83
-7.3022 -6.565 1.0448 0.118351 -0.683668 -0.720133 163 143 90
-3.2431 6.1261 2.6589 0.361167 -0.204535 -0.909793 155 146 81
7.578 3.3955 0.9248 -0.2029 0.290357 -0.93516 186 159 108
-2.2388 -3.5816 3.1513 0.37307 -0.0665075 -0.925416 164 147 80
-4.9526 7.2339 2.0854 0.374631 0.0842025 -0.923343 148 137 113
5.4824 -6.9397 1.8412 0.122476 0.120613 -0.985115 166 127 111
0.1712 5.9716 3.9382 -0.337026 -0.303129 -0.891362 141 138 77
2.5989 -2.9714 3.0436 -0.245104 0.171236 -0.954255 154 140 59
-3.4256 -3.7286 2.6628 0.417951 0.500842 -0.75794 151 124 95
6.1474 1.405 1.6145 -0 -0 -1 166 141 107
-6.7864 5.6124 1.3316 0.299321 -0.243617 -0.922528 168 146 117
-2.3718 -3.4631 3.0611 0.234246 -0.173286 -0.956609 155 146 71
2.2912 6.0052 3.0968 -0.341199 -0.0718386 -0.937242 157 129 95
-3.2091 -6.5115 2.635 0.512994 -0.281467 -0.810934 163 136 87
-5.9486 -0.0258 1.5329 0.302176 0.428262 -0.851634 168 139 101
1.0341 -1.7438 3.6107 -0.326001 0.0907777 -0.941001 142 129 57
-5.793 5.8635 1.6163 0.412656 0.253705 -0.874842 151 140 98
-2.3196 1.5564 3.0324 0.430139 -0.180664 -0.884501 141 141 89
-7.6662 -3.9047 0.968 0.610429 0.183905 -0.770426 177 151 120
-0.9962 -4.9294 3.5703 0.209657 -0.228987 -0.950583 145 117 68
5.774 -2.9296 1.7006 0.522019 0.308471 -0.795199 165 145 116
-1.5209 7.6751 3.4486 -0.155289 0.627096 -0.763306 146 124 78
-6.5435 -3.0644 1.3965 0.28883 0.0510775 -0.956017 159 141 112
-7.8195 5.7779 0.8565 0.904309 0.189885 0.38232 185 152 103
5.8492 3.6052 1.7444 -0.763662 -0.354153 -0.539811 165 136 94
2.1981 0.2169 3.0715 -0.333911 -0.0484127 -0.941361 140 141 71
-4.2997 -2.5841 2.2591 0.038622 0.409783 -0.911365 151 139 86
-2.6082 0.0557 2.9846 0.567775 0.0314058 -0.822585 141 131 85
6.4265 2.183 1.4045 -0.33875 0.212699 -0.916519 184 133 113
4.2696 4.6628 2.3472 -0.213415 -0.0417596 -0.976069 166 137 93
4.325 4.6996 2.2427 -0.223247 -0.2438 -0.943781 155 137 93
5.0695 6.3754 1.9552 -0.405139 0.252538 -0.878685 138 148 99
-3.94965 5.4507 2.46475 0.336007 0.117164 -0.934544 153 150 97
-1.2864 6.827 3.5253 0.448098 0.171662 -0.877348 144 123 62
1.9437 -3.5776 3.1955 -0.566613 0.21442 -0.795596 146 140 79
2.2731 -3.1257 3.2223 0.0961976 0.0475478 -0.994226 153 147 83
3.4873 -0.5929 2.6411 -0.611123 -0.0984213 -0.785393 132 120 91
-0.7711 5.3868 3.7665 0.121732 -0.473925 -0.87211 152 107 68
5.437 5.39485 1.8425 -0.384324 0.145111 -0.911722 167 138 98
-3.1634 1.3231 2.6688 -0.378389 0.635596 -0.672933 150 143 102
-2.0247 -1.3719 3.1685 0.41647 0.307267 -0.855652 134 135 90
4.0582 -3.1576 2.3838 -0.37028 0.0302461 -0.928428 154 145 90
-1.5547 -3.4535 3.3499 0.334132 0.0163174 -0.942385 151 126 72
-3.1033 0.2693 2.6747 0.0449139 0.324261 -0.944901 147 156 100
7.688 2.4549 0.9617 -0.489641 0.0729301 -0.868869 172 147 117
5.901 -6.5839 1.7107 -0.0866704 -0.282304 -0.955402 186 144 104
6.3689 -1.0496 1.4076 -0.552725 -0.0880391 -0.828701 156 151 114
-2.593 2.3845 2.8863 -0.203854 0.226288 -0.95249 137 163 82
2.8845 -3.7827 2.9155 -0.949726 -0.279245 -0.141571 139 129 83
7.6895 5.0931 0.8181 -0.0241935 -0.29938 -0.953827 161 151 104
-6.6911 -1.4676 1.4132 0.219624 -0.000531359 -0.975584 185 137 105
4.9686 4.7281 1.9186 -0.650471 0.635465 0.416019 165 149 111
-2.9933 3.779 2.8211 0.209231 0.145373 -0.967 157 150 85
-4.7367 3.4617 2.1023 0.858112 -0.169742 -0.484594 183 134 91
6.3719 2.6301 1.4493 -0.185987 -0.238855 -0.953078 161 145 94
3.9357 3.8076 2.5073 -0.686252 0.0301511 -0.726739 166 144 93
-6.8749 3.1822 1.2671 0.45464 0.0504165 -0.889247 171 131 129
-2.178 -1.8389 3.101 0.186712 -0.00708982 -0.982389 147 112 84
4.3894 -4.4893 2.2519 -0.514273 -0.629588 -0.582359 149 152 96
-4.2457 -6.1469 2.2783 0.686293 -0.324784 -0.650781 154 142 86
-6.0132 -7.8499 1.6748 0.78635 0.542828 -0.294943 157 137 109
5.666 0.5724 1.7614 -0.458129 -0.0431394 -0.887838 162 142 116
4.2781 6.8826 2.3235 -0.484887 -0.0469806 -0.873314 159 134 95
-4.8106 2.4566 2.0717 0.422318 -0.386274 -0.820024 149 141 109
-4.0786 -7.8857 2.3275 -0 -0 -1 162 133 95
-4.9457 4.2172 2.0161 -0.190382 -0.0777654 -0.978625 161 158 89
4.5699 7.0515 2.2732 0.146619 -0.379375 -0.913552 153 156 113
0.2658 7.0613 3.9769 -0.265777 -0.208661 -0.941182 151 114 53
-7.5227 -3.9975 0.9682 -0.0979682 -0.0380344 -0.994462 175 150 126
-7.62885 -3.2942 0.95125 0.115522 0.107512 -0.987469 177 157 123
-2.7758 -7.0422 2.8145 0.33392 -0.0321577 -0.942053 155 123 88
1.2956 0.3803 3.4578 -0.651657 -0.356897 -0.669303 158 129 84
-0.4656 2.0452 3.8629 0.448638 0.164756 -0.878396 126 125 87
-3.4202 -0.3402 2.583 0.332804 0.160176 -0.929293 146 156 86
0.3538 3.8298 3.8403 -0.392295 -0.135818 -0.909757 136 128 90
-3.4379 -0.803 2.6317 0.609826 -0.580849 -0.539191 170 128 102
-4.6684 4.1809 2.135 0.112145 0.175728 -0.97803 153 163 122
3.4719 -4.0454 2.5939 0.0895961 -0.110273 -0.989855 139 136 88
2.4177 3.9036 2.9971 -0.480759 0.0735466 -0.873763 135 146 79
6.7378 4.0639 1.3084 -0.656052 0.405629 -0.636444 162 156 123
0.449 -5.3874 3.8268 -0.533792 0.13035 -0.835509 139 127 71
0.1907 -2.4438 4.0051 -0.143483 0.148357 -0.97847 122 132 78
-4.1993 -1.8132 2.351 0.612964 -0.210296 -0.761611 148 145 97
-3.2978 -1.9453 2.6274 0.60195 -0.0698307 -0.795475 149 139 76
-4.2137 -4.7001 2.272 0.23287 -0.0100858 -0.972456 166 157 112
4.6868 4.973 2.1014 -0.738621 0.622304 0.259184 156 129 122
-7.4607 -6.1002 1.0849 0.358396 -0.342991 -0.86828 170 166 115
-5.2005 -3.5762 1.9524 0.909147 -0.202498 -0.363932 163 154 117
1.3755 1.9603 3.4793 -0.989709 -0.127552 0.0648567 146 127 69
5.8711 -6.7095 1.695 -0.126394 -0.0459646 -0.990915 151 131 110
7.73 -3.682 0.9028 -0.500087 -0.166873 -0.849745 156 146 115
-7.3438 0.944 1.0912 0.748209 -0.0406145 -0.662219 173 143 111
-4.6654 -4.7558 2.1252 0.334136 -0.019087 -0.942332 162 140 91
0.2367 5.9864 3.8747 -0.443216 -0.217931 -0.869521 138 125 70
-4.2659 -4.9349 2.3 0.659112 0.118829 -0.742597 166 162 95
7.785 1.3547 0.9504 0.541021 0.810054 0.226071 165 147 116
2.4397 -3.9213 3.0212 -0.415293 0.0947733 -0.904737 144 134 104
7.1108 0.6591 1.1072 -0.265454 0.0040007 -0.964115 153 161 120
-1.8166 -5.381 3.2925 0.593932 -0.223671 -0.772798 154 123 84
-5.4079 -5.7752 1.7851 -0.00529238 0.622207 -0.782835 163 152 114
6.2351 6.4506 1.5508 -0.459713 -0.224785 -0.859148 153 122 100
2.2531 1.3398 3.1476 -0.728241 0.146047 -0.669578 151 123 71
1.5247 -1.8247 3.4135 -0.379117 -0.180519 -0.90757 136 147 65
-7.761 -5.1559 0.8669 0.268708 0.123072 -0.955327 171 155 121
3.1795 5.9303 2.7649 0.335037 -0.27687 -0.900607 149 142 76
4.641 5.8211 2.2557 -0.307938 0.269403 -0.912467 161 146 100
-0.1629 -0.5699 3.9397 0.498545 -0.458164 -0.735893 141 135 67
5.3538 1.0866 1.8604 0.294972 0.378211 -0.877467 166 140 98
-2.9839 -5.7829 2.7655 0.687263 0.0164055 -0.726223 172 137 99
-1.1807 -3.7202 3.5048 -0.274177 0.779635 -0.563024 147 128 66
-5.7145 5.1377 1.6609 -0.328306 0.49937 -0.801776 163 134 105
0.3181 4.4898 3.8492 -0.296836 0.142402 -0.944251 145 121 85
-2.9745 0.3439 2.8063 0.481468 0.154388 -0.862759 150 138 100
4.6134 -3.388 2.2538 0.861029 0.42308 -0.282192 171 147 88
6.3771 7.9022 1.4425 -0.588888 -0.0756484 -0.804666 159 149 113
3.449 -0.4562 2.5459 -0.904535 -0.277411 -0.323822 165 148 97
-4.0145 0.1141 2.3882 -0.0227787 -0.430645 -0.902234 151 153 91
-3.864 1.4926 2.4498 -0.0667013 0.996635 -0.0476333 147 156 90
-2.1759 1.0075 3.0549 0.922377 -0.191587 -0.335432 145 120 90
5.9961 -3.4607 1.625 0.435345 -0.274982 -0.857239 174 148 93
6.1341 6.1943 1.507 -0.939349 0.283179 0.193477 162 153 113
2.1922 5.7503 3.0836 -0.437572 -0.155056 -0.885713 141 140 73
4.4057 3.4648 2.3598 -0.780676 0.0732919 -0.620624 168 136 92
-1.8793 -1.8176 3.2644 0.288172 0.032596 -0.957024 156 152 68
-3.752 -2.9365 2.5017 0.478518 -0.303311 -0.824029 156 140 99
1.1289 0.1565 3.5932 -0.480275 -0.556482 -0.677985 144 126 74
-4.5038 -1.3384 2.1276 0.0855054 0.0438071 -0.995374 150 159 110
1.6635 0.5639 3.3063 -0.183536 -0.495203 -0.849169 145 140 81
0.2066 4.2033 3.8823 -0.522711 0.424908 -0.739072 150 127 64
0.8951 -2.0529 3.6928 -0.05704 -0.238707 -0.969415 162 131 87
0.6625 5.3573 3.7642 -0.0481945 -0.123045 -0.99123 147 117 82
-1.1193 4.159 3.5773 0.766088 -0.611 0.199468 139 143 78
7.6564 5.5965 1.003 -0.362837 0.497568 -0.787893 179 173 115
1.7578 0.9729 3.3041 -0.712049 -0.108874 -0.693637 159 149 63
-6.0813 -2.8739 1.4818 0.215006 -0.0637745 -0.974528 162 138 105
-1.2464 -4.2774 3.4644 0.224851 0.202385 -0.953143 126 131 62
5.1843 6.5564 1.861 -0.880478 -0.242128 -0.407593 145 148 109
3.6405 1.196 2.5976 -0.415635 -0.333486 -0.846188 158 133 87
0.1605 -5.0964 3.9159 -0.41703 -0.388016 -0.821906 140 129 65
-2.856 -7.9338 2.829 0.366547 0.0414849 -0.929474 156 131 100
2.1516 -6.2026 3.0814 -0.382755 0.0339398 -0.923226 147 145 84
-2.1082 2.0742 3.1762 0.58425 0.256852 -0.769857 138 134 89
2.9786 5.3595 2.7698 -0.587971 -0.45735 -0.667174 144 138 111
2.3785 4.6987 3.0134 -0.831148 0.15765 -0.533235 144 136 78
0.8984 -1.8007 3.5627 -0.348624 0.34039 -0.873267 138 139 58
-7.1134 -3.3543 1.172 0.367076 0.40572 -0.837047 178 156 125
-2.8303 -7.446 2.9541 0.956471 -0.25506 -0.141799 156 135 70
6.7748 1.9512 1.4093 -0.934026 0.113596 0.33866 184 147 137
4.5924 4.4584 2.1998 -0 -0 -1 156 142 107
-2.1657 -7.92 3.0901 0.136518 -0.131933 -0.981813 142 116 74
4.5713 2.9153 2.1293 -0.158051 -0.41006 -0.89826 167 137 89
4.1314 2.8914 2.378 -0.932005 -0.207932 -0.296869 154 142 96
5.8711 -4.6865 1.6174 -0.500548 -0.00899972 -0.865662 153 162 105
-7.5106 3.7273 0.9415 0.541376 -0.00403072 -0.840771 177 146 96
0.261 4.2571 3.8854 -0.0669868 -0.176511 -0.982017 143 131 74
7.3491 -1.3291 1.1426 -0.222603 0.733977 -0.641659 151 156 114
-5.6779 -3.759 1.7444 -0.0375008 0.211193 -0.976725 170 155 103
1.0529 4.1368 3.543 0.0431873 0.263978 -0.963561 137 140 75
-2.9806 -2.9822 2.8298 0.403185 -0.179317 -0.897378 153 129 90
3.5319 -6.6457 2.5665 -0.595729 -0.22044 -0.772343 156 155 81
3.244 0.8352 2.7496 -0.350878 0.108203 -0.930149 155 154 105
-6.5269 -2.5919 1.3719 0.265464 0.0100706 -0.964068 185 132 113
-6.6795 1.386 1.359 0.233675 0.715993 -0.657838 157 132 123
-2.1333 4.7863 3.1368 0.596484 -0.203977 -0.776273 153 128 77
7.5765 -5.4226 1.0294 -0.719203 -0.0326838 -0.69403 170 131 107
-4.3745 6.4402 2.2529 -0.743688 0.105536 -0.660144 141 140 93
-1.7441 6.3236 3.2334 0.0682568 -0.575938 -0.814639 154 122 71
1.5176 3.362 3.3243 -0.108705 0.790589 -0.602621 156 160 75
4.9142 3.7677 2.0297 -0.182512 0.792235 -0.582283 152 151 95
-2.8366 6.6533 2.9272 -0 -0 -1 158 148 101
4.6126 7.592 2.2343 -0.391342 -0.258931 -0.883066 139 123 97
1.797 -4.6062 3.2878 -0.38082 0.303037 -0.873581 131 134 78
-4.157 -0.6305 2.2628 -0.0892175 0.231593 -0.968713 155 157 96
-4.9203 7.2899 2.0129 0.488738 0.0416256 -0.871437 172 153 104
4.6961 6.1656 2.1093 -0.205108 0.320744 -0.924691 154 159 106
-2.0959 0.6706 3.105 0.518301 -0.214931 -0.827749 149 138 56
3.1402 -6.231 2.7515 -0.103723 0.0144627 -0.994501 152 132 93
-0.3455 -3.0901 3.8614 0.494174 -0.253639 -0.83154 138 118 81
1.3676 -0.3662 3.4173 -0.262537 -0.151323 -0.952983 146 133 89
7.5515 0.1368 1.0302 -0.273749 0.0662988 -0.959513 171 145 117
-0.6413 -2.4391 3.7187 0.7255 0.688153 -0.0097826 156 137 74
-7.3545 -7.5631 1.0329 -0 -0 -1 178 139 102
7.4847 6.7311 1.0348 -0.35457 -0.03073 -0.934524 163 144 114
4.4786 1.5313 2.2101 -0.171411 0.169577 -0.970496 150 132 96
-2.5044 -0.0177 2.9792 0.372045 0.200063 -0.906398 145 128 81
7.0827 3.5434 1.0664 -0.531187 -0.0386229 -0.846374 164 165 110
-7.4403 -2.7782 1.1264 -0 -0 -1 168 141 87
-2.1733 -6.0012 3.1895 0.121853 -0.747259 -0.653266 151 137 88
2.7492 -5.4757 2.9197 -0.648619 0.0246647 -0.760714 151 132 87
-0.1557 -1.9566 3.8964 0.10971 0.0173055 -0.993813 149 98 80
-4.6855 2.7294 2.0833 -0.087399 -0.126461 -0.988114 153 146 108
-4.909 -3.9576 2.0765 0.734377 -0.100566 -0.67125 178 133 100
-1.31 1.4453 3.5227 -0.121397 -0.484753 -0.866185 153 125 80
2.9028 3.4887 2.8193 -0.427637 0.241787 -0.871014 128 144 97
4.7035 1.2323 2.1072 -0.137935 -0.250729 -0.95818 169 141 105
-4.5884 -5.6634 2.1987 0.183022 0.0616334 -0.981175 155 136 88
4.9548 -5.2765 1.9681 -0.105084 0.346222 -0.932249 159 131 112
-3.5344 -4.0137 2.5043 0.555804 -0.181946 -0.811158 152 117 90
5.5342 6.1248 1.7945 -0.67449 -0.63357 -0.379014 173 135 101
2.3251 -4.9346 3.1212 -0.369383 -0.0806533 -0.925771 148 125 84
-2.9205 -6.2269 2.8192 0.554871 0.12538 -0.822434 170 141 90
-2.7412 5.1818 2.9178 0.49064 -0.231344 -0.840091 156 129 99
2.731 -0.0893 2.9241 -0 -0 -1 161 144 95
-6.1903 -7.1361 1.5254 0.316493 0.175965 -0.932131 177 158 113
3.502 5.9007 2.6309 -0.689003 0.441311 -0.574908 157 140 85
7.3339 -6.9972 1.0246 -0.281841 -0.17597 -0.943186 173 149 105
0.7064 0.3904 3.7244 -0.385352 -0.17938 -0.905166 126 136 59
-5.1294 1.8768 1.991 0.0788575 -0.076441 -0.993951 156 147 120
-0.5422 -4.6883 3.7484 -0.180052 0.184274 -0.966242 144 120 79
3.7875 4.719 2.4764 0.216963 0.0932485 -0.971716 152 138 89
2.0889 -1.4031 3.1899 -0.20278 -0.336652 -0.919536 123 141 67
-4.0621 4.1793 2.3352 -0.231861 -0.713799 -0.660856 154 131 105
5.0449 5.9529 2.0279 -0.549141 -0.822201 0.149764 182 151 98
6.5257 -1.0595 1.3555 -0.215023 -0.035656 -0.975958 167 145 114
-7.5499 -0.9689 1.0294 0.440213 -0.0140371 -0.897784 166 151 123
-2.2836 -5.0273 3.1259 0.209412 0.592886 -0.777581 163 130 81
-7.1543 3.3143 1.092 0.630772 -0.00268886 -0.775964 163 154 125
3.6325 3.038 2.5606 -0.707399 0.358376 -0.609224 155 129 94
-4.0097 -1.9685 2.4178 0.443546 0.423401 -0.789936 149 137 81
6.305 -2.7547 1.4391 0.0988521 0.0736465 -0.992373 166 147 105
5.0293 -7.6302 1.9659 -0.511662 0.479869 -0.71269 165 137 108
-6.6462 -7.7584 1.4109 0.832111 0.218045 -0.509948 163 143 107
4.1053 3.4022 2.4203 0.26291 -0.125582 -0.956612 171 135 89
0.79655 -3.9996 3.6913 0.0234377 -0.529383 -0.848059 153 133 80
-5.9271 1.5769 1.6372 0.486702 -0.165651 -0.857718 169 143 87
-3.8517 7.2867 2.4609 0.333663 -0.183781 -0.924605 158 121 100
-5.6196 -7.3696 1.7174 0.493408 0.328329 -0.805449 178 149 97
5.2865 -7.2276 1.8626 -0.35378 0.374604 -0.857037 153 137 108
4.1423 -3.9604 2.2907 -0.218777 0.19445 -0.956204 164 136 92
-6.5229 1.3672 1.4235 0.187692 0.290935 -0.938151 161 153 89
6.5167 6.4949 1.458 -0.621828 -0.0289289 -0.782619 174 157 114
-5.6038 5.5272 1.7222 0.406292 -0.0515395 -0.912288 171 142 101
-3.3525 1.8461 2.6791 0.348596 -0.139981 -0.926761 148 120 66
-5.0221 -4.4369 2.0698 0.145091 -0.00150241 -0.989417 168 132 96
-5.1972 -0.4664 1.9217 0.383035 0.199157 -0.902009 163 138 104
3.7368 -7.8792 2.51 -0.385018 0.394781 -0.834212 163 120 77
7.1716 -5.0841 1.1372 -0.240877 0.238656 -0.940756 186 152 106
6.1399 6.8835 1.5409 -0 -0 -1 152 152 105
-1.5323 -3.025 3.4875 -0 -0 -1 146 143 85
-3.2791 1.8135 2.7323 0.537129 -0.039521 -0.842574 160 123 90
-5.099 2.6968 1.9017 0.370503 -0.0322789 -0.92827 169 165 106
0.4347 -2.2291 3.9143 -0.508611 -0.163187 -0.84539 135 130 87
-3.4599 0.2262 2.6131 0.232425 -0.350898 -0.907111 160 150 97
-1.6887 -7.3993 3.4078 -0.0773521 -0.0636461 -0.99497 151 144 76
5.2914 7.6019 1.9108 -0.194852 0.129356 -0.972265 150 146 110
5.5496 -0.9905 1.8028 -0.577262 0.0104535 -0.816492 169 147 115
4.0124 6.4746 2.4168 -0.0816821 -0.0553853 -0.995118 166 134 94
-0.1742 4.0407 4.03 0.328709 -0.389423 -0.860407 130 141 80
-7.1063 6.4611 1.1976 0.347159 0.0630002 -0.935688 159 170 100
-5.0634 -4.5521 1.8704 0.740187 -0.542846 -0.39679 172 168 100
-5.181 4.1613 1.8687 -0.206108 0.14037 -0.968409 160 156 114
-0.8879 6.3197 3.7154 -0.55327 0.122458 -0.823952 145 121 88
4.7748 7.4375 2.1238 -0.769882 0.140944 -0.622428 137 148 97
2.5693 -1.6953 2.9716 -0.241326 0.112829 -0.963863 146 146 101
7.9523 -2.459 0.7226 -0.925202 -0.00173511 -0.379471 183 151 132
-7.394 2.1362 1.031 -0.067116 0.110058 -0.991657 175 148 111
-3.0466 -5.9419 2.7641 0.167174 -0.267672 -0.948897 150 137 81
-1.6778 4.3836 3.364 0.540077 -0.266992 -0.798143 125 126 82
-6.0872 2.6862 1.6212 0.189134 0.164214 -0.968123 170 150 103
-6.6946 5.7015 1.2791 0.247227 -0.609463 -0.753282 165 139 94
2.05255 2.60445 3.139 0.417082 -0.522766 -0.743477 147 128 75
2.6666 -6.2464 2.9785 -0.272212 -0.25656 -0.927404 161 149 84
5.8525 5.39 1.6767 -0.210713 -0.0114194 -0.977481 143 146 103
-7.1622 -2.6302 1.2061 0.971173 -0.00494439 0.238323 169 150 109
-5.8271 -7.1813 1.6014 -0.292323 0.488988 -0.82185 163 150 111
7.5211 -1.4047 1.0074 -0.753001 0.103589 -0.649815 161 140 129
-6.5296 -3.3975 1.3368 0.35625 0.21343 -0.909689 160 142 114
-6.7074 -6.3538 1.3365 -0.10019 -0.595047 -0.797422 180 130 119
0.8053 -1.8602 3.6421 -0.431329 -0.00871625 -0.902153 142 135 78
2.2159 -0.8638 3.1315 0.570723 0.413795 -0.709259 141 133 80
6.0987 -7.6399 1.6044 -0.332044 0.0839629 -0.93952 157 153 115
4.8441 -7.7723 2.1229 -0.298544 -0.787402 -0.539324 150 136 91
7.6998 5.7866 0.866 -0.407589 -0.165881 -0.897973 179 154 120
4.8547 -6.7535 2.0706 -0.451097 -0.0572785 -0.890635 165 138 88
7.8906 4.6346 0.8181 -0.497517 -0.207614 -0.842243 185 140 144
-3.233 6.2347 2.6705 0.437263 0.0700564 -0.896601 146 146 100
3.8695 5.2321 2.4392 -0.494869 0.238384 -0.83563 162 128 106
-3.6289 2.4299 2.5275 0.317694 -0.298608 -0.899946 154 128 96
2.9108 -3.8038 2.8142 -0.661311 -0.241563 -0.710151 147 130 90
1.7386 -0.1113 3.3751 0.193095 0.652193 -0.733048 132 124 68
-3.5286 7.4424 2.5096 -0.341108 -0.483361 -0.80623 150 136 85
1.6576 5.1798 3.3555 -0.506207 -0.359847 -0.78375 146 122 70
-3.9918 -2.7141 2.4595 0.362634 0.101379 -0.926401 162 154 91
-0.3509 1.126 3.8629 0.34167 -0.233422 -0.910371 129 116 67
-4.3446 -7.1547 2.3258 0.977006 -0.20849 0.0446151 133 143 97
3.2049 5.837 2.7708 0.0145804 -0.68635 -0.727126 175 130 84
2.6039 -3.2176 2.9713 -0.225841 0.209391 -0.951394 169 136 88
-6.1641 -0.9847 1.5116 0.140776 0.268256 -0.953006 180 133 106
-1.9484 -1.1138 3.2345 0.634886 0.488007 -0.598973 136 125 78
2.5159 -1.1882 2.9335 -0.140852 0.27133 -0.952124 143 140 95
5.4534 -6.9047 1.7819 -0.0617456 0.360132 -0.930856 157 147 101
7.0172 5.9635 1.1561 -0.169779 -0.0113133 -0.985417 154 150 109
-4.5963 6.3457 2.1433 0.550911 0.245507 -0.797636 155 152 94
2.4376 2.0728 3.054 0.0775087 -0.180787 -0.980463 135 115 89
-5.2599 1.5277 1.9047 0.308953 -0.00201249 -0.951075 158 135 95
5.1845 -1.0607 1.8964 -0.439772 -0.13667 -0.88765 159 147 115
1.7734 -1.1527 3.3453 -0.836363 0.0361196 -0.546984 163 127 76
7.2754 -6.5177 1.0136 0.530722 0.186226 -0.826834 164 153 111
4.3281 6.8226 2.2777 -0.658796 -0.407637 -0.632313 161 140 86
7.7394 -3.2314 0.8796 -0.839354 -0.0495604 -0.541322 171 152 115
-1.8809 6.6419 3.2795 0.150852 -0.00791074 -0.988525 141 139 65
-3.4778 -5.8428 2.5971 0.652792 0.119194 -0.748101 132 131 91
-3.0598 6.3522 2.8243 0.52904 0.109912 -0.841449 153 140 79
6.7481 4.065 1.3435 -0.656052 0.405629 -0.636444 168 156 115
2.9913 3.5203 2.8791 -0.427637 0.241787 -0.871014 160 149 89
4.8227 -1.3487 2.0456 -0.373502 -0.125268 -0.919132 149 160 90
-6.9493 6.2446 1.2253 0.545061 -0.0138599 -0.838282 160 153 107
7.4588 -6.3295 1.0015 -0.254484 0.202828 -0.945568 172 160 119
1.2116 -1.1072 3.5237 -0.454721 -0.211841 -0.865073 156 126 96
3.8475 -3.5932 2.3727 -0.46887 0.058742 -0.881312 160 136 84
-5.5941 4.2975 1.7794 0.471046 0.118663 -0.874091 164 167 98
-2.3304 -3.163 3.0236 -0.524214 -0.492282 -0.69488 127 133 89
-6.8596 2.2547 1.2458 0.162659 0.416994 -0.894236 152 155 97
6.3453 -1.3585 1.5988 0.332074 -0.249891 -0.90955 158 146 83
-5.0669 -2.7493 1.9616 0.427365 0.0492536 -0.902736 165 149 111
2.0038 -4.2739 3.2041 -0.304438 -0.0969055 -0.94759 146 132 78
-3.9526 2.6875 2.4005 0.362129 0.817299 -0.448203 139 129 93
-1.053 5.4833 3.5842 0.172579 0.939111 -0.29713 132 123 71
-7.6208 3.1951 1.0143 0.181895 0.189924 -0.964802 157 156 107
2.4842 -2.9633 3.0059 -0.192328 0.169351 -0.966607 147 147 79
-1.169 1.1237 3.6065 0.436975 -0.686833 -0.580787 151 136 71
4.049 2.1879 2.3102 -0 -0 -1 158 134 101
0.1099 1.6824 3.9125 -0.0845817 -0.135317 -0.987185 138 123 54
2.5629 1.6731 3.0177 -0.793637 -0.28607 -0.536939 151 121 83
2.3373 -3.8451 3.0967 -0.223423 0.519203 -0.82493 149 122 89
2.9253 -4.2353 2.8792 -0.96167 -0.132907 -0.239846 136 138 80
-6.0329 4.7426 1.5428 0.386757 -0.369073 -0.845106 171 153 104
-4.7185 -5.786 2.0416 0.97332 0.185173 0.135497 156 160 93
-7.8439 2.0856 0.8161 0.191228 -0.0534205 -0.980091 161 154 125
-1.9761 -6.732 3.2087 0.453201 0.445706 -0.771981 151 126 74
-5.2453 -7.9131 1.8463 0.315554 0.0142459 -0.948801 173 127 101
-1.9569 1.1633 3.2789 0.0185999 -0.730641 -0.682508 129 135 75
-5.191 7.3963 1.9278 0.225805 -0.159456 -0.961034 145 148 90
-2.2752 -1.4358 3.0847 0.0269755 -0.399625 -0.916282 151 130 64
4.2248 -0.2669 2.2914 -0.697894 -0.197566 -0.688412 158 156 91
-1.1886 7.2617 3.5313 0.539016 -0.242158 -0.806735 169 134 64
-0.2718 6.9401 3.9156 0.376868 0.100158 -0.920836 130 113 74
3.3351 -0.8105 2.6849 -0.728032 -0.0376784 -0.684507 142 136 78
-2.3894 3.413 3.0725 0.385296 0.161012 -0.908638 157 133 81
2.0486 6.9087 3.1017 -0.537996 0.0658769 -0.840369 148 126 84
0.7007 -0.8058 3.7218 -0.301099 -0.227708 -0.926007 128 124 67
-1.0454 -4.1836 3.6488 0.417542 -0.787152 -0.453928 148 149 69
1.3455 -2.3034 3.5932 0.88592 0.206934 -0.41512 147 155 85
-5.4522 2.6103 1.7794 0.417083 0.251197 -0.873465 154 153 125
5.5684 -7.632 1.7729 -0.704081 0.114542 -0.700821 171 155 91
-0.0016 6.7699 3.9524 -0.2839 -0.172794 -0.943156 150 130 77
5.3154 0.5075 1.8808 -0.38519 0.328275 -0.862476 161 137 93
4.3627 6.0031 2.288 0.304833 0.316223 -0.898376 165 120 95
-3.533 1.832 2.599 0.670716 -0.364912 -0.645739 154 144 84
-1.5322 3.456 3.445 0.596303 -0.281317 -0.751853 144 125 82
-3.1118 -7.2891 2.7662 0.980493 0.168589 -0.101046 135 139 64
-6.957 -0.1291 1.1409 0.25537 -0.0989021 -0.961772 179 159 118
-3.4114 0.9551 2.6528 0.182999 -0.00899001 -0.983072 155 140 90
1.8668 -6.3843 3.2524 -0.951448 0.305843 -0.0347313 152 143 79
4.7873 -0.4248 2.0445 -0.500895 -0.0104599 -0.865445 144 139 110
-7.2676 -1.0337 1.1982 0.182781 -0.219384 -0.958364 185 144 106
-1.49 0.2941 3.4493 0.147017 -0.0105354 -0.989078 126 113 79
7.8039 4.1354 0.9095 -0.278971 0.201998 -0.938814 176 148 140
-3.4912 4.3024 2.6823 -0 -0 -1 145 154 72
0.3059 5.3968 3.8786 -0.586577 0.0314651 -0.809282 165 111 79
-0.4999 -4.5761 3.8557 0.689106 0.0502447 -0.722916 152 124 103
-2.5592 -1.6576 3.131 0.689662 0.642429 0.334143 153 150 89
0.0295 0.5788 4.0162 -0 -0 -1 120 131 67
3.1761 0.9019 2.8481 -0.847459 0.102781 -0.520816 163 118 95
4.5963 0.6986 2.1164 0.371058 -0.211709 -0.904155 149 133 99
2.5076 7.179 2.9124 -0.20023 0.0126707 -0.979667 147 134 78
4.8437 -2.6826 2.1188 -0.244141 0.758631 -0.604048 161 150 93
-7.896 -1.9693 0.9503 -0.569093 -0.356116 -0.741158 147 163 107
-7.0402 6.3109 1.1522 0.544351 0.152905 -0.824804 164 153 115
-5.0181 -6.8982 1.9828 0.345232 0.643667 -0.683014 141 142 95
5.201 -4.2896 1.8698 0.0369832 0.726454 -0.68622 139 140 98
-4.2602 3.256 2.368 0.0107256 0.0342267 -0.999357 155 143 92
-7.1769 7.7162 1.103 0.359745 0.373451 -0.855054 178 159 114
7.5926 6.2103 1.0178 -0.774215 0.0888459 -0.626656 168 156 105
2.1812 1.6749 3.124 -0.44869 0.0184873 -0.893496 162 132 86
1.4368 -4.9838 3.4716 0.106883 0.362515 -0.925829 154 121 69
-3.7527 -1.9254 2.4625 0.21398 0.0639513 -0.974743 156 139 91
7.6965 -2.3825 0.9445 -0.330039 0.204804 -0.921482 181 163 110
2.2739 2.5451 2.9762 0.727306 -0.246865 -0.640378 134 128 70
5.187 1.3217 1.9601 -0.28607 -0.227848 -0.930725 167 145 109
-5.0039 4.56605 2.0398 0.0505602 0.220354 -0.974109 165 136 99
6.3287 7.2343 1.3795 -0.190858 -0.221784 -0.956235 175 132 100
3.1448 5.297 2.7405 -0.164063 0.00857369 -0.986413 139 131 79
-3.0667 -3.3103 2.6936 0.204487 0.0466285 -0.977758 156 136 86
5.3541 -1.0847 1.7716 -0.341815 -0.0846463 -0.935947 160 121 98
0.6485 2.9957 3.7585 -0.350975 -0.0454925 -0.935279 147 126 83
4.0261 4.85 2.455 -0.415371 0.51851 -0.747405 152 144 90
4.3361 -6.7154 2.2165 0.0120505 -0.0852092 -0.99629 146 160 83
7.5074 -5.7082 0.9689 -0.0895049 0.324731 -0.941562 155 150 131
-0.2689 7.7002 3.9297 -0.727697 0.681427 -0.0781987 121 140 79
0.18565 5.36315 3.94975 -0.396645 0.159575 -0.903996 134 124 61
1.1478 6.5185 3.5392 0.356105 -0.0805724 -0.930966 133 141 77
6.85 -0.4976 1.2088 -0.0822362 0.256093 -0.963148 157 143 110
-3.5163 2.29 2.6458 0.444669 -0.308665 -0.84083 178 132 86
2.9761 1.6511 2.7706 -0.644077 0.211384 -0.735175 158 150 104
-1.5611 7.1047 3.2922 -0.216773 -0.969501 -0.114358 124 149 88
2.8335 -0.4857 2.9285 -0.211452 0.158773 -0.964406 158 144 107
7.3427 2.9665 1.0836 -0.454463 -0.13733 -0.880116 167 170 112
7.9179 -2.5584 0.8049 -0.547537 0.135385 -0.825757 179 144 114
0.9586 -0.5368 3.6059 -0.383638 -0.000291294 -0.923484 134 108 74
-7.6706 0.6325 0.8996 -0.35736 0.708128 -0.608974 156 138 101
-1.6866 -5.2386 3.3262 0.603831 -0.126654 -0.786986 159 125 74
-7.3017 -0.9339 1.0309 0.915332 -0.344382 -0.208731 162 140 116
2.6087 -7.7397 2.9189 0.198527 0.523973 -0.828275 153 132 71
1.125 -5.4842 3.4995 -0.41182 0.16373 -0.896435 150 118 74
-1.5472 -3.4766 3.3736 0.337795 0.126337 -0.932702 140 132 83
-4.2058 -2.536 2.3052 -0.0527654 -0.423004 -0.90459 168 140 98
-2.9425 1.456 2.8664 0.541608 -0.0805134 -0.836767 150 128 72
5.5709 -6.4644 1.8467 -0.710707 0.263705 -0.652193 147 143 104
-0.646 2.5233 3.77 0.319241 0.436131 -0.841353 135 130 79
4.697 -2.7867 2.1797 -0.0197357 -0.134449 -0.990724 156 128 103
1.7406 -1.0504 3.2082 -0.828629 -0.389534 -0.402042 158 143 90
2.4517 -1.7755 2.9951 -0.224168 -0.226676 -0.947822 154 148 76
-7.2547 2.4414 1.048 0.432941 0.577717 -0.691957 177 140 119
-5.2752 2.2939 1.7967 0.447074 0.787487 -0.424252 161 155 87
1.6776 6.2824 3.3064 -0.836903 0.0101612 -0.547257 145 130 82
-7.3093 -6.3402 1.0583 0.358216 0.0813727 -0.930086 161 137 113
4.1594 6.2735 2.3117 -0.140084 0.221839 -0.964968 160 130 95
-3.9496 -2.9995 2.4883 -0.0711093 0.275386 -0.9587 159 144 92
7.2563 5.1837 1.1262 -0.532395 -0.117671 -0.838277 178 152 133
3.5044 -7.729 2.706 0.6412 0.765864 -0.0481095 147 146 78
4.3692 -2.8996 2.2943 -0.490141 -0.00667529 -0.871618 149 152 94
-1.9315 7.1545 3.2095 -0.0637484 -0.0324076 -0.99744 137 130 78
0.858 -2.6693 3.6609 -0.179422 -0.867294 -0.464336 139 129 82
-4.394 -4.9092 2.1507 0.507367 -0.0662251 -0.859181 153 139 98
5.7333 4.685 1.6754 -0.582481 -0.38668 -0.714979 154 146 118
6.3288 -1.6252 1.522 -0.42309 0.1772 -0.888592 160 144 120
-0.3473 0.7343 3.792 0.482861 -0.358291 -0.799045 151 126 66
7.0724 -3.5493 1.1513 -0.263818 0.110436 -0.95823 185 145 115
-0.9598 1.6405 3.5547 0.334987 0.0437094 -0.941208 147 130 78
4.9895 2.2155 2.1411 -0.721129 0.0912571 -0.686765 161 143 100
-3.2033 5.1172 2.683 0.268492 0.170814 -0.948016 162 120 100
-5.4435 -7.2405 1.80345 0.15299 -0.295329 -0.943067 154 140 100
3.6495 4.8033 2.3728 0.667469 0.653128 -0.357645 150 133 103
5.3474 1.2744 1.9067 -0.280764 0.214155 -0.93558 152 149 102
4.0437 -0.054 2.3915 -0.277468 -0.318639 -0.906356 157 152 104
2.032 4.1177 3.2348 -0.558105 0.0401505 -0.828798 166 145 68
4.8156 -7.4233 2.0235 -0.314472 0.543257 -0.778447 159 167 102
3.6034 0.2642 2.5796 -0.168261 -0.289048 -0.942411 140 135 93
0.5629 -1.6582 3.8341 -0.191959 -0.278223 -0.94114 138 139 90
2.5889 6.3793 2.8548 -0.905603 -0.222086 0.361333 148 133 84
-2.3777 -0.2472 3.0833 0.0867256 -0.0688119 -0.993853 136 130 76
1.9867 -5.0756 3.1968 -0.00959982 -0.667119 -0.744889 149 154 83
-4.4229 -7.8887 2.2998 -0.239747 0.799831 -0.550265 168 144 86
-2.6977 0.5372 2.9877 0.45276 -0.24442 -0.857477 134 155 80
-1.0611 1.5195 3.5986 0.328309 -0.571926 -0.751741 130 135 79
0.9551 3.9739 3.6402 0.780281 -0.414577 0.468281 148 145 76
7.9915 6.4603 0.8049 0.386741 -0.378703 -0.840842 170 145 130
2.2926 2.748 3.087 -0.654343 -0.161483 -0.738755 150 127 82
4.1576 5.5344 2.3775 -0.226966 -0.189163 -0.955355 147 152 71
-6.2097 2.4987 1.5286 0.453543 -0.156217 -0.877437 162 149 111
-4.7754 -5.7083 2.108 0.063737 0.214341 -0.974677 163 136 106
-7.1937 2.1723 1.0283 0.615396 0.706546 -0.349399 165 148 123
-5.4301 -3.1808 1.8821 0.103773 0.0382572 -0.993865 146 143 97
-3.3192 3.5807 2.7556 0.478798 -0.724949 -0.495178 146 140 94
-0.6767 -4.8175 3.747 0.702216 -0.42794 -0.569 160 122 80
5.5664 3.7294 1.7453 -0.655431 0.127398 -0.744433 160 140 89
0.8371 -1.1103 3.7172 -0.809159 -0.200996 -0.552144 134 131 80
6.9039 -7.6708 1.2602 -0.472159 0.142259 -0.869958 170 143 119
3.9388 -0.0684 2.4357 -0.339256 0.0397313 -0.939855 148 138 111
5.0638 5.948 2.0703 -0.549141 -0.822201 0.149764 140 143 93
2.1591 -3.1053 3.1102 -0.236428 0.790691 -0.564721 139 145 83
0.6729 -2.6637 3.7211 -0.363343 -0.711811 -0.601088 140 142 81
2.8741 -6.0673 2.8303 -0.433625 -0.0765724 -0.897834 145 155 76
-2.9395 6.8828 2.8435 0.188957 0.0505274 -0.980685 152 121 91
5.03 2.1287 1.9743 -0.884678 0.311732 -0.346653 156 144 96
5.4428 4.0759 1.8081 -0.3081 0.0606999 -0.949416 164 135 89
5.0848 -0.1021 1.9566 -0.137673 -0.515593 -0.845701 149 138 99
0.5308 -2.0442 3.764 0.136747 -0.431512 -0.891683 132 126 77
6.3126 -7.8004 1.4197 -0.560639 0.196297 -0.804457 157 157 106
0.7766 0.7165 3.6883 -0.520629 0.145437 -0.841305 137 142 82
-4.2961 -1.03 2.3158 0.604057 0.0488447 -0.795443 154 136 109
-6.4194 -1.5887 1.3424 0.693184 0.0864069 -0.715562 172 148 102
-1.4362 -1.6279 3.4081 0.414333 0.187704 -0.890559 162 137 72
6.3874 -5.3696 1.3778 -0.415552 0.091403 -0.904965 161 166 120
0.7397 -6.0524 3.6817 -0.703375 0.327784 -0.630731 124 130 59
7.6334 -7.0533 0.9924 -0.330637 -0.0230167 -0.943477 163 159 121
6.8863 -0.9437 1.1903 -0.175575 0.489393 -0.854206 165 153 116
7.4574 0.7872 0.9597 -0.0121072 -0.0773272 -0.996932 172 152 98
3.5274 -1.7811 2.5735 -0.141745 0.0676819 -0.987587 158 148 83
7.3189 6.8528 1.0454 -0.13059 0.108169 -0.985518 172 165 101
-3.2985 7.84535 2.70985 0.12996 -0.266194 -0.955118 156 145 73
1.2141 6.4208 3.5119 0.0372456 -0.132603 -0.990469 152 136 71
-1.4823 -0.1788 3.4622 0.627263 0.108875 -0.77116 123 124 71
-7.7481 6.2253 0.9223 0.361222 -0.17062 -0.916738 169 159 119
5.652 -1.9799 1.7483 -0.374612 0.176102 -0.910304 171 140 101
6.871 -3.5756 1.2882 -0.547208 0.306025 -0.779046 170 151 112
1.0888 -2.3278 3.406 0.184379 -0.815478 -0.548634 151 115 74
-2.48 7.1165 3.0081 0.332419 0.41707 -0.845902 149 132 73
-2.4991 6.0684 2.9481 0.595041 -0.0472813 -0.802304 176 150 75
2.7082 -7.4271 3.0067 -0.184755 0.547301 -0.816289 151 135 76
-0.1879 2.2261 3.9529 0.222327 0.206294 -0.952897 142 134 83
6.1005 4.6496 1.566 -0 -0 -1 169 150 107
-7.2265 -6.0316 1.0605 0.334902 -0.35605 -0.872393 177 156 119
-2.5245 2.5618 2.9989 0.107066 -0.246693 -0.963161 155 142 113
-2.7182 5.2604 2.8945 0.247448 -0.0501251 -0.967604 140 151 69
-0.7182 -1.2165 3.6687 0.69411 0.544087 -0.47136 146 127 70
3.8671 5.7857 2.4941 -0.669838 0.206117 -0.713325 148 118 95
-0.8445 1.4716 3.5735 0.437048 0.513277 -0.738604 140 121 78
-6.2798 2.1439 1.5277 0.632256 -0.182766 -0.752894 162 153 105
-1.3448 0.3341 3.405 -0.236555 -0.195391 -0.951769 127 154 84
7.4249 4.9266 0.9902 -0.479725 0.0334627 -0.876781 147 141 132
2.2299 -7.6253 3.0922 0.0839456 0.534215 -0.84117 153 160 75
4.6321 -4.5287 2.2074 -0.24031 0.22694 -0.943795 157 133 97
3.9115 -0.345 2.4706 -0.393569 0.347936 -0.850908 163 135 90
-0.9239 6.5529 3.6822 0.449856 -0.235941 -0.861372 136 114 81
3.0254 2.7206 2.7916 -0.722993 -0.079502 -0.686266 126 140 80
3.471 -3.7842 2.5805 -0.484702 -0.0943202 -0.869579 166 134 100
-2.8024 -3.549 2.8692 0.469242 0.136066 -0.872524 152 151 78
0.7954 0.0478 3.689 -0.439873 -0.215765 -0.871755 136 135 60
-0.7435 5.8812 3.6368 0.681162 -0.462609 -0.56746 144 133 88
4.3246 -7.4918 2.2762 -0.399183 -0.130738 -0.907502 154 140 96
-1.629 2.5745 3.3926 -0.110208 0.627065 -0.771132 144 137 85
-2.3239 -4.016 3.0503 0.611155 0.267016 -0.745112 144 148 76
6.4564 1.8921 1.3562 -0.70847 -0.0728077 -0.701975 181 138 114
0.302 -2.0973 3.7902 -0.947475 -0.217229 -0.23474 141 146 82
2.3448 1.3792 2.9853 -0.565813 0.268433 -0.779615 172 137 93
-4.5563 -0.757 2.1182 0.776679 0.050019 -0.627907 150 142 93
-7.7625 -3.0987 0.8363 0.579985 0.543025 -0.607241 177 156 126
-7.2962 -4.194 1.1736 0.650833 -0.100765 -0.752504 188 145 102
-5.7423 -6.8887 1.6833 0.671832 0.209073 -0.710585 156 138 99
0.2592 5.1292 3.8415 -0.387939 -0.110063 -0.91509 125 126 80
-7.8913 7.5124 0.9182 0.806984 -0.311246 -0.501899 174 166 105
-5.0338 -5.886 1.9574 0.515148 -0.0945583 -0.851869 153 157 76
-7.5255 -7.451 0.9795 0.674538 -0.530363 -0.51353 169 154 106
1.6892 6.8454 3.24 -0.232683 0.0178338 -0.972389 158 151 73
4.5214 -6.9835 2.2316 -0.829008 -0.405098 -0.38554 157 137 83
-7.0595 -6.1122 1.2365 -0.647936 -0.59627 -0.473963 185 136 120
-0.6037 3.7673 3.7512 0.251675 -0.0165085 -0.967671 146 123 73
4.4961 -6.7629 2.2299 -0.551344 0.0442959 -0.833101 158 134 98
-3.4177 3.3045 2.6458 0.504524 0.0193657 -0.86318 158 140 94
-3.906 0.3503 2.4044 -0.359763 -0.259176 -0.896325 159 149 97
2.3874 -2.2007 3.0277 -0.239735 0.268033 -0.933105 130 151 105
-5.1699 3.4188 1.8304 0.817669 -0.258582 -0.514346 169 135 89
4.5995 2.5449 2.1276 -0.673099 -0.364564 -0.643452 167 135 95
-0.1053 -4.9399 4.0503 -0.589865 -0.806642 -0.0372536 135 131 62
-5.8226 -0.2637 1.6803 0.507349 -0.397645 -0.76451 163 159 96
-3.1184 1.4288 2.763 0.228225 0.0593845 -0.971796 143 130 94
3.6693 -4.5588 2.5909 -0.273485 -0.703985 -0.655448 133 137 91
5.324 -2.2074 1.8826 -0.989203 0.138154 -0.0488929 158 132 95
-7.9838 3.9586 0.7957 -0 -0 -1 168 146 126
-0.8208 1.4077 3.5592 -0 -0 -1 155 125 87
5.2533 -6.8349 1.9206 -0.301259 -0.0872636 -0.949541 146 133 110
-5.5167 -4.8826 1.916 0.161563 -0.719355 -0.675593 165 159 89
5.9892 5.865 1.6282 -0.567437 -0.299877 -0.766869 157 132 111
7.063 0.2377 1.119 -0.309163 0.277179 -0.90972 166 145 91
-6.4395 -7.59705 1.3808 0.591192 -0.0544985 -0.804687 162 145 110
-3.3533 5.9217 2.6031 0.198029 0.0570708 -0.978533 160 142 99
6.5485 2.3092 1.3717 -0.418681 0.0766312 -0.904894 169 159 97
-5.8485 -0.8639 1.6531 -0.634653 -0.264767 -0.726026 160 143 98
7.1454 2.4479 1.1255 -0.0576336 0.19234 -0.979635 189 143 109
-2.1706 3.2263 3.1236 0.660433 0.730171 -0.175153 158 119 82
-6.2332 -1.4697 1.5383 0.424024 -0.0920061 -0.900965 169 149 99
5.8073 1.4228 1.6851 -0.259048 -0.110154 -0.959562 172 125 117
2.3644 -6.7844 3.1027 -0.102563 0.481446 -0.870454 139 139 92
4.1355 -3.6626 2.3331 -0.554309 -0.14292 -0.819948 140 137 109
7.6415 -5.6819 0.9523 -0.420578 0.484131 -0.767288 177 149 124
-3.9028 -3.1191 2.3864 0.308772 0.470033 -0.826879 155 128 96
-4.2415 6.2685 2.3346 0.38351 -0.1816 -0.905506 155 137 109
7.8339 -2.6285 0.8526 -0.480432 -0.040441 -0.876099 165 145 108
3.5397 -7.472 2.5839 0.103843 0.807419 -0.580768 147 136 72
3.0934 5.9696 2.6847 0.0145804 -0.68635 -0.727126 150 142 105
-1.9396 -6.1446 3.2016 0.991169 -0.0336386 -0.128267 152 147 89
4.9665 -4.1177 1.9941 2.8228e-05 -0.372204 -0.928151 174 127 113
-5.461 -0.5098 1.8626 -0.0743801 0.697324 -0.712886 172 153 88
4.3546 1.2979 2.322 -0.317551 -0.0125931 -0.948158 175 150 93
2.2042 7.5272 3.0781 -0.250069 -0.353693 -0.901314 143 138 82
-4.9252 1.5488 2.0628 0.573698 -0.103244 -0.812534 145 136 115
-4.6815 7.3838 2.1376 0.864099 -0.0631945 -0.49934 152 156 110
1.3781 -3.5872 3.4087 0.776068 0.623659 -0.0936376 148 122 73
-4.7587 -6.1648 2.0671 0.56561 -0.00358702 -0.824665 164 151 127
2.269 -6.3786 3.0787 -0.093054 -0.113374 -0.989185 162 145 93
2.5563 0.2468 3.0268 -0.485878 -0.34066 -0.804906 140 114 80
4.0732 4.3801 2.4219 -0.669958 -0.0810497 -0.737962 157 153 98
2.9861 -4.7307 2.7797 -0.511399 0.3895 -0.766003 170 139 89
-0.11345 3.70655 3.98605 0.38652 -0.168428 -0.906771 134 132 81
-5.2034 -6.9795 1.9463 0.182888 0.432316 -0.882981 164 138 96
2.2789 -2.9356 3.0554 -0.293091 0.255628 -0.921277 138 145 102
1.4954 2.2363 3.3929 -0.589279 -0.398962 -0.702553 131 130 77
-0.7092 -0.8984 3.677 0.567742 -0.265568 -0.779194 126 125 70
4.6207 -2.2213 2.2186 -0.387796 0.260637 -0.884128 133 151 103
-6.35045 2.70235 1.39835 0.583057 -0.173278 -0.793738 163 159 101
0.4842 -7.1834 3.7707 0.308463 -0.215878 -0.926416 138 137 74
7.4527 -6.7739 1.1376 -0 -0 -1 173 130 102
-2.2252 1.8178 3.1278 0.420436 -0.0372681 -0.906557 136 130 96
5.0947 6.6187 1.9436 -0.898913 -0.187874 -0.395801 153 134 89
1.8493 3.0128 3.3472 -0.820565 0.488832 0.29617 125 117 83
-1.5787 1.8741 3.3752 0.739777 0.277883 -0.61279 164 129 80
4.015 -5.6347 2.3832 -0.507981 0.317899 -0.800559 147 141 92
4.477 -5.7533 2.2123 -0.556664 -0.408432 -0.723401 170 143 89
2.9506 -1.4234 2.8811 -0.223541 -0.0400141 -0.973873 143 153 70
2.8089 -3.1566 2.8502 -0.262557 -0.154643 -0.952444 157 134 90
1.1928 4.3846 3.5821 -0.624954 0.452561 -0.636098 143 115 75
5.6167 6.8431 1.7575 -0.131395 -0.37657 -0.917023 150 147 77
5.4017 -2.6245 1.8489 -0.00649437 -0.00411935 -0.99997 145 137 106
3.7519 -0.4021 2.439 -0.37184 0.565654 -0.736051 150 138 83
-4.695 -6.2456 2.1213 0.482063 0.0748065 -0.872937 152 150 108
5.1879 -3.1421 1.9184 0.190454 -0.16461 -0.967797 167 142 112
0.4927 -5.725 3.7892 -0.72627 -0.153161 -0.67013 155 130 79
-1.2743 -3.9473 3.5111 0.389111 -0.013401 -0.921093 125 143 79
-3.8438 -3.6255 2.3993 0.290232 0.350108 -0.890612 150 133 99
-0.187 7.1583 3.9623 0.334833 0.268095 -0.903334 149 127 72
-2.7374 -6.6314 2.8574 -0.483095 -0.202437 -0.851844 151 154 73
-6.3943 0.6156 1.4079 0.470403 0.159127 -0.867986 181 141 98
0.7924 -4.4336 3.6371 -0.772889 0.0390132 -0.633341 139 140 82
6.5863 -6.8666 1.3692 -0.489905 -0.187334 -0.85141 154 146 111
1.4661 -4.0719 3.4405 -0.482303 0.393797 -0.782501 147 128 89
0.0069 0.1323 3.9708 0.456106 -0.371821 -0.808527 134 146 75
0.6001 0.3887 3.763 -0.516921 0.389441 -0.762318 148 120 70
-0.3719 5.67 3.8311 0.624095 0.402978 -0.669413 154 117 66
-5.6434 -0.7805 1.7004 0.378429 0.451954 -0.807793 165 153 102
-2.3978 -5.6193 3.0892 0.997152 -0.0641148 0.0397222 149 128 79
-6.462 1.3326 1.3785 0.204616 0.0816058 -0.975435 148 138 112
2.7421 -5.2871 2.9028 -0.484817 -0.109739 -0.867704 152 125 71
2.711 3.4086 2.98 0.239896 0.165828 -0.956531 148 130 81
-7.8774 -2.8693 0.8171 0.147348 -0.15135 -0.977436 162 142 135
5.8193 7.396 1.7539 -0.394034 -0.203394 -0.896308 154 148 116
6.6445 -2.0139 1.3025 -0.277503 0.791064 -0.545169 159 163 110
-7.4984 6.6057 0.9652 0.563053 0.171495 -0.808431 175 170 125
2.4477 0.0218 2.9866 -0.355306 0.0282119 -0.934324 158 139 76
5.4905 -6.2808 1.7867 -0.209489 -0.0265493 -0.97745 162 158 127
1.0975 0.8679 3.4572 0.294095 -0.74317 -0.601004 133 148 79
-1.2269 -6.0255 3.4777 0.12869 0.473086 -0.871567 141 149 66
-6.1558 7.0072 1.5547 0.60123 -0.654512 -0.458407 150 131 106
1.4239 -1.4012 3.4224 -0.414297 -0.0397531 -0.909273 146 123 66
-4.6565 1.6953 2.1559 0.0751554 0.213186 -0.974117 167 161 93
7.3454 0.7187 1.1188 -0.433256 0.543224 -0.719164 167 169 117
2.8485 -4.9846 2.9198 -0.917309 0.339251 0.208455 149 140 77
0.7323 7.0942 3.7428 -0.430057 0.238803 -0.870646 138 109 63
7.3005 6.2814 1.093 -0.393801 -0.107199 -0.912924 163 135 128
7.3565 3.7398 1.0617 -0.695976 0.30707 -0.649095 174 156 105
-1.1985 4.9679 3.538 0.437995 0.346655 -0.829452 146 153 81
5.6774 5.0994 1.7662 -0.596828 0.090009 -0.797305 174 133 96
5.76335 -5.70275 1.74755 -0.616037 0.00253902 -0.787713 160 155 102
-0.6678 -7.7512 3.69 -0.0157193 0.182627 -0.983057 138 120 56
-4.5517 4.463 2.2221 -0.0277668 0.0330582 -0.999068 151 145 92
3.6256 -3.0142 2.5653 -0.326409 -0.137713 -0.935143 164 141 100
-2.5246 0.9965 3.0272 0.626073 -0.333975 -0.704623 151 124 86
6.7349 3.557 1.2761 -0.106107 0.120141 -0.98707 165 166 103
-7.7766 -7.4892 0.9678 -0.233971 -0.79731 -0.556376 167 131 123
-2.1252 -0.7646 3.0521 0.578496 0.16871 -0.798047 165 135 98
-6.2933 1.9009 1.5955 0.369594 -0.102822 -0.923487 176 155 115
4.1987 4.4787 2.2544 -0.275537 0.208618 -0.93838 161 141 99
7.4538 7.14815 1.0017 -0.446974 -0.0262059 -0.894163 173 150 126
-6.7252 7.3427 1.3073 0.598513 -0.240933 -0.764024 172 154 102
6.724 -5.6274 1.393 -0.156318 -0.399316 -0.903389 156 164 99
-0.0195 2.6599 3.9714 -0.0666864 0.255854 -0.964412 155 111 61
-5.2558 -1.9362 1.9009 0.0597778 -0.121966 -0.990732 157 153 116
2.6737 -6.7112 2.9071 -0.346196 -0.174224 -0.921843 154 145 85
7.7383 -1.9645 0.9585 -0.0940728 0.699258 -0.708653 190 169 112
-3.0047 5.7213 2.8282 0.0380651 0.123736 -0.991585 147 118 83
4.2745 -1.9123 2.268 -0.323409 0.482563 -0.813966 153 128 117
-6.5212 5.3815 1.4041 0.664733 -0.23082 -0.71053 188 139 120
-2.7492 7.2937 2.7878 0.0379711 0.0149151 -0.999168 151 145 80
6.4461 2.9875 1.4744 -0.5874 0.457442 -0.667614 176 149 126
7.4023 5.0631 1.04815 -0.527697 0.0447707 -0.848252 176 146 100
-2.1979 -4.7194 3.1571 0.699763 -0.226969 -0.67736 144 146 78
-6.5196 3.5235 1.3487 0.505622 0.0523931 -0.861163 144 144 104
-5.5541 -1.2388 1.7722 0.685741 -0.121037 -0.717711 182 148 108
1.3251 1.0715 3.4149 -0.0264163 0.0445259 -0.998659 144 122 83
1.9844 -7.509 3.1809 -0.0899825 0.173117 -0.980782 160 151 78
-0.1255 -4.9098 3.879 0.658537 0.224692 -0.718222 136 135 84
3.3111 -2.7454 2.6983 -0.361468 -0.177329 -0.915366 169 135 87
3.3577 -7.8027 2.5903 -0.443104 0.260207 -0.857876 143 131 78
-2.3445 -6.4058 3.076 0.377391 0.0265364 -0.925674 137 137 69
-4.3929 7.8147 2.2275 0.56974 -0.0734051 -0.81854 149 145 112
0.0689 2.6146 3.9041 0.158437 -0.249843 -0.955236 123 130 87
-0.6688 0.3305 3.6773 0.407172 0.0518847 -0.911876 152 128 91
-2.4445 1.103 3.0381 0.420961 -0.170421 -0.890926 144 137 89
-7.8609 -2.4516 0.9902 -0.509969 -0.347412 -0.786916 179 165 105
5.1059 -0.3817 1.9073 0.334117 -0.242369 -0.910836 152 154 109
-2.8164 -2.6235 2.8479 0.458458 0.142941 -0.877146 160 136 84
-3.1726 -3.9101 2.757 -0.0752558 -0.90058 0.428126 136 136 94
4.4907 6.8948 2.1477 -0.371388 -0.294884 -0.880406 153 135 109
-7.5768 4.9333 0.8971 0.191002 0.0873152 -0.977699 180 149 110
-6.3533 -7.0424 1.4944 0.354091 0.399531 -0.845574 163 148 109
3.5529 3.0291 2.6696 -0.605855 0.131949 -0.784556 140 151 80
7.2995 -6.6477 1.1127 0.822625 -0.224847 -0.522237 164 153 121
-3.8755 4.4281 2.3669 0.133107 -0.955646 -0.262721 148 134 81
-0.2085 -7.4872 3.9115 0.309757 -0.204267 -0.928615 132 133 72
2.0825 -0.7741 3.0511 0.461217 0.747581 -0.477914 166 144 90
0.5997 -1.276 3.9105 -0.106028 0.296473 -0.949137 143 120 75
-1.625 3.4324 3.356 0.449894 0.15839 -0.878924 156 128 76
-4.91615 7.0464 2.0399 0.573033 0.340106 -0.745628 169 146 95
-7.9567 3.4278 0.8102 0.804124 -0.173455 -0.568593 177 158 111
-4.8682 -2.0785 2.0265 0.150127 -0.0663267 -0.986439 163 134 109
-1.8997 -5.9863 3.2056 0.313883 0.0954818 -0.944648 119 142 88
7.696 -4.919 0.9436 -0.317527 0.013952 -0.948147 164 158 121
2.7695 -7.8113 2.8884 -0.151705 -0.441991 -0.884098 153 123 79
-3.1359 6.6154 2.6329 -0 -0 -1 153 126 99
-7.7357 6.9275 0.9369 0.171257 0.983678 0.0552079 191 163 123
1.1012 0.7965 3.5473 -0.537003 -0.605785 -0.587071 160 130 68
5.1037 2.2722 1.9075 -0.464226 0.188334 -0.865462 167 149 116
-2.8932 -1.2608 2.7755 0.11033 0.268567 -0.956922 153 156 87
0.6685 -1.301 3.7789 -0.630409 0.512608 -0.582939 128 133 95
-0.6931 0.4311 3.7831 0.316951 0.0189371 -0.948253 143 100 80
-2.8178 -7.4392 2.8872 0.956471 -0.25506 -0.141799 147 136 95
7.4267 5.1478 0.9776 -0.548475 -0.275391 -0.789516 163 148 117
4.3316 -2.7337 2.3069 -0.398204 -0.103273 -0.911465 152 141 88
2.1947 5.1501 3.035 -0.499559 0.0996115 -0.860534 144 143 92
4.53955 -0.5962 2.23715 -0.534856 0.327104 -0.779058 160 143 106
-2.8928 1.0001 2.7837 0.42125 -0.331692 -0.844114 152 154 84
7.314 -5.4644 0.9509 -0.952465 -0.189391 -0.238624 190 147 115
-6.1887 6.6205 1.5283 0.561828 -0.0952243 -0.821755 150 144 85
-7.3759 0.959 1.0956 0.318867 -0.0427537 -0.946835 196 151 113
-6.8979 4.3405 1.1877 0.513986 0.056119 -0.855961 149 147 123
-2.1237 0.973 3.2416 0.863023 0.461501 -0.205447 142 137 84
-6.5525 5.9602 1.4703 0.656214 -0.32033 -0.683207 150 157 131
-5.479 7.6439 1.8278 0.981937 0.16795 -0.0871319 170 170 113
7.0367 3.6757 1.2206 -0.450131 -0.0339671 -0.892316 154 153 109
-2.1171 1.4953 3.0876 0.505002 0.124488 -0.854093 152 142 78
7.7123 7.3501 0.8563 -0.159878 -0.114696 -0.980451 164 162 127
-0.9803 1.0427 3.6121 0.354708 -0.186211 -0.916247 151 140 65
-3.4805 1.6491 2.5311 0.176444 -0.21985 -0.959444 150 156 94
7.9268 -6.9602 0.8737 0.398903 0.252666 -0.881497 168 159 130
5.6355 -6.5211 1.7175 -0.480124 0.241455 -0.843315 146 144 108
-1.863 4.7183 3.1962 0.696674 -0.499558 -0.514866 142 129 78
-4.2519 -0.4521 2.2208 0.0148075 0.635165 -0.772234 151 134 91
2.2837 6.1898 3.193 -0.999058 -0.0427131 0.00771162 141 110 71
-3.8019 -5.0372 2.4729 0.600607 0.0725854 -0.796243 173 145 83
-2.359 -3.7267 3.0214 0.289788 -0.291669 -0.911565 144 122 85
-3.2967 -6.8212 2.5566 0.176938 0.566702 -0.804699 156 142 90
-4.3581 -3.2642 2.3247 0.449755 -0.463902 -0.763227 148 140 102
2.8773 2.2637 2.8555 -0.587019 -0.0261755 -0.80915 144 162 83
-2.4722 -2.1816 3.033 0.750477 0.350568 -0.560255 156 118 73
5.6332 2.9464 1.6959 -0.164865 0.452476 -0.876405 149 141 113
-7.218 -2.9074 1.0819 0.829098 -0.440151 -0.344765 165 146 112
6.5899 0.021 1.4197 -0.60663 0.198701 -0.769752 168 155 124
2.6197 3.3057 2.9219 0.0269358 -0.0634136 -0.997624 175 136 96
-1.4529 -7.3119 3.4372 0.580693 -0.172968 -0.795536 151 134 83
4.4274 1.8012 2.2195 -0.368834 -0.180151 -0.91187 162 152 108
5.0483 7.222 2.0177 -0.227449 -0.105419 -0.968067 153 148 111
-6.8121 -3.2207 1.3264 0.636219 -0.152457 -0.756295 170 144 108
-2.8738 1.3802 2.8368 0.0720126 -0.229127 -0.970729 159 154 90
5.4117 2.2833 1.8622 -0.23133 0.0375557 -0.97215 158 139 109
0.716 3.2678 3.768 -0.944088 0.156601 -0.290127 135 125 89
1.43085 -6.54785 3.40295 -0.199143 0.358198 -0.91216 151 133 83
7.6077 5.6989 1.0286 -0.29776 -0.0618923 -0.952632 180 133 119
-6.4311 -4.3688 1.3569 0.0947084 -0.179965 -0.979103 161 142 102
1.7325 -1.1153 3.3194 -0.828629 -0.389534 -0.402042 136 142 99
-1.7293 -7.3346 3.2928 0.227144 -0.26708 -0.936522 148 139 88
-7.4736 5.1468 1.0829 0.354568 -0.627436 -0.693257 177 171 110
-7.1585 -7.6497 1.0694 0.727245 -0.325403 -0.60434 180 140 114
-3.5098 -2.0694 2.6602 0.330742 0.044114 -0.94269 144 141 89
7.6442 4.5002 0.9374 -0.288841 0.0151276 -0.957258 160 149 120
-0.9253 -6.4056 3.6265 0.432577 -0.0785877 -0.898165 140 128 88
4.2877 -4.8469 2.2395 -0.314844 -0.483678 -0.816657 149 135 98
5.6402 -1.7474 1.7869 -0.201906 -0.233836 -0.951081 154 142 90
5.6136 -1.876 1.7461 -0.429155 0.068 -0.900667 183 146 111
1.9073 2.1103 3.2248 -0 -0 -1 157 145 78
-0.586 -5.5252 3.7054 -0 -0 -1 149 138 82
7.391 -2.1916 1.0661 -0.5392 0.162265 -0.826398 166 145 93
1.3561 -5.9665 3.4098 -0.26032 -0.151072 -0.95363 147 128 84
-7.7854 -4.6775 0.7957 0.635348 -0.257659 -0.727973 164 142 129
0.9239 4.659 3.6921 -0.800943 0.116482 -0.587301 144 129 70
0.041 -6.5854 3.994 -0.994297 0.0916873 0.0544773 143 129 60
-2.9465 5.4017 2.7672 0.450619 -0.147665 -0.880419 150 149 87
1.2013 2.604 3.4542 -0.457969 0.331835 -0.824712 145 150 66
-7.8723 -2.214 0.8844 -0.174967 0.0266899 -0.984213 187 135 114
3.7678 3.0718 2.3824 -0.526478 0.381301 -0.759888 157 125 84
7.6581 1.5029 0.9843 -0.547412 -0.117027 -0.82864 161 152 109
7.7422 -7.1147 0.9308 -0.416042 -0.0461938 -0.908171 173 147 122
1.566 -3.027 3.3809 -0.545312 0.134033 -0.827448 128 146 71
-2.5766 5.5785 2.9749 0.0634598 0.386253 -0.920207 144 136 86
-4.2683 1.9483 2.3614 0.315447 0.0854398 -0.945089 165 139 83
4.6136 -7.2214 2.0896 -0.459677 0.224737 -0.85918 166 130 80
-5.7391 6.1718 1.5981 0.464653 -0.172044 -0.868619 168 158 109
0.5726 7.0885 3.7968 -0.398631 0.25974 -0.879561 142 138 71
-5.0146 -0.0295 2.0288 0.216384 -0.16467 -0.962321 157 139 94
2.5473 0.5241 2.9806 -0.6021 0.0774597 -0.794654 137 138 84
1.8208 7.8014 3.3325 -0.489681 0.0148474 -0.871775 143 122 77
-6.4709 -6.427 1.4586 0.410467 0.510101 -0.755853 165 145 119
6.9393 0.9339 1.1463 -0.60262 0.314862 -0.733287 162 144 109
0.8509 4.3408 3.6032 -0.323752 -0.347948 -0.879839 133 127 76
-3.0718 -7.9605 2.6969 0.548797 0.0534926 -0.834243 137 134 79
-3.6233 -1.8503 2.5549 0.40651 0.106536 -0.907414 138 140 90
3.3832 -4.9858 2.727 -0.770717 -0.14279 -0.620972 166 129 76
1.086 0.4532 3.5645 -0.35687 -0.0283748 -0.933723 131 137 85
-4.1201 -7.6226 2.3395 0.508647 -0.0445285 -0.859823 158 155 92
3.782 6.8176 2.4432 -0.505334 -0.0987646 -0.857253 163 149 94
-7.2006 7.6278 1.0731 0.371886 0.293816 -0.880553 176 143 123
-3.0965 6.9106 2.8267 -0.0428331 0.0563547 -0.997492 156 125 83
3.1382 3.1005 2.7105 -0.381847 0.0596788 -0.922297 148 140 94
-3.1139 -4.1533 2.7922 0.158693 -0.843513 -0.51313 140 142 91
0.846 2.8719 3.6383 0.117299 -0.481797 -0.868397 145 107 63
-1.7552 3.1843 3.3457 0.437567 -0.0203769 -0.898955 145 141 69
-6.3192 6.5314 1.4274 0.372268 0.108269 -0.921789 159 148 115
3.2309 -2.8994 2.7242 -0.496103 -0.0307072 -0.867721 136 122 86
-4.918 5.9236 2.0415 0.408858 0.238838 -0.88079 148 149 91
-6.23095 -6.09805 1.443 0.252791 -0.771778 -0.583486 170 149 105
-0.516 1.3357 3.7984 0.553862 0.0381573 -0.831734 141 152 73
1.1921 -1.9627 3.5583 -0.800385 0.358342 -0.480599 151 125 77
-0.8584 -3.03 3.6113 0.565132 -0.109046 -0.817762 148 121 71
-0.6122 0.8579 3.7331 0.24006 -0.275135 -0.930952 150 123 78
7.1987 7.0193 1.0815 -0.308523 0.809726 -0.499156 169 146 120
4.2691 6.226 2.306 -0.366307 -0.0083892 -0.930456 149 143 104
2.8912 -3.8894 2.8122 -0.703887 -0.0968116 -0.703684 155 126 87
6.6532 -3.4837 1.3145 -0.269067 0.570961 -0.775633 151 155 88
-2.8443 0.8085 2.887 0.621344 0.654612 -0.430599 146 134 100
-3.6008 -3.2103 2.4973 0.507408 0.173161 -0.844128 157 140 91
5.587 3.8942 1.7801 -0.203952 0.278138 -0.938639 185 139 114
4.2885 3.2887 2.2776 -0.397714 0.0558024 -0.915811 155 141 96
3.6506 -1.6147 2.531 0.237298 -0.725441 -0.646085 156 139 89
2.4746 1.2573 2.932 -0.179829 0.0748861 -0.980843 159 158 66
-2.2616 -3.3161 3.0538 0.0261337 -0.0251467 -0.999342 154 136 92
-3.9877 -4.5582 2.4141 0.331423 0.116043 -0.936319 172 143 96
-0.063 1.4804 3.8831 -0.025986 -0.127684 -0.991474 168 125 78
6.9814 1.2795 1.2539 0.103401 -0.0490973 -0.993427 171 143 98
-3.3895 2.4227 2.6212 0.251434 -0.200174 -0.946949 144 119 72
-0.4888 -5.2876 3.8076 0.421728 0.117121 -0.899126 149 130 71
4.313 -3.598 2.2644 -0.290903 0.0724372 -0.954006 148 137 97
-2.8468 0.5256 2.7825 -0.332274 0.805881 -0.490051 158 148 101
3.624 5.0769 2.6933 -0.308467 -0.272401 -0.911398 149 138 102
-4.102 -0.7932 2.3983 0.312023 0.0194303 -0.949876 155 147 84
1.7601 -6.6513 3.3707 -0.289186 -0.0651162 -0.955056 152 139 86
-2.6691 3.1099 2.8209 0.255058 0.0253684 -0.966593 137 148 92
5.6987 1.8225 1.6791 -0.972472 -0.112287 0.204183 150 166 104
-1.5952 -2.0602 3.2454 0.754504 0.592333 0.282606 139 122 85
5.01015 1.7542 2.00105 -0.722498 -0.0675127 -0.688069 156 145 95
-3.4528 -2.5147 2.6406 0.543808 -0.052705 -0.837553 159 143 92
-1.2261 -7.1899 3.4759 -0.441318 -0.595364 -0.671401 147 136 71
-7.8656 3.6628 0.8088 0.308698 0.0914092 -0.946758 172 141 114
3.4351 -1.4417 2.5793 0.301517 0.859463 -0.412809 146 139 96
-5.3784 -6.955 1.8472 0.602887 0.29506 -0.741261 169 143 111
6.2917 -0.9847 1.5131 -0.775901 0.124184 -0.618511 171 154 98
0.1917 6.4944 3.9647 -0.326563 0.11909 -0.937643 138 137 80
-1.8185 -6.8328 3.3188 0.398381 0.323933 -0.858114 140 111 87
7.0945 3.4391 1.0714 0.389932 -0.411715 -0.823677 166 132 130
1.0652 4.4068 3.6378 -0.365862 0.0316094 -0.930132 161 138 62
1.8191 5.1178 3.2871 -0.357252 0.101287 -0.9285 134 138 79
-7.2499 -5.6704 1.0462 0.535072 0.548622 -0.642426 158 152 127
3.5734 1.6644 2.578 -0.318568 0.400416 -0.859175 172 154 98
-4.2212 6.9035 2.2965 0.533027 0.0800787 -0.8423 164 126 95
-0.6507 2.7605 3.6977 0.482646 -0.325366 -0.813136 138 112 80
6.877 2.3994 1.1745 -0.535398 -0.132209 -0.834188 178 152 112
0.7324 -5.8716 3.7701 -0.784017 -0.358253 -0.506925 132 113 75
-6.094 3.6984 1.5826 0.294911 -0.946305 0.132415 158 147 100
-7.1733 5.1685 1.1431 0.431749 0.275143 -0.859005 171 173 128
-7.8363 -0.5418 0.8153 0.510342 -0.00458071 -0.859959 189 158 128
3.44715 -3.14895 2.58985 -0.371207 -0.435761 -0.81995 145 145 91
-7.3845 0.9255 1.0725 0.764668 0.240961 -0.59768 161 149 116
-6.5497 0.60165 1.3487 -0.00270585 0.320623 -0.947203 171 146 116
-4.4043 1.0313 2.2605 0.443809 0.163689 -0.881044 143 154 91
-0.8608 -0.0827 3.6607 0.24923 0.112765 -0.961857 142 148 81
5.594 -4.2753 1.7799 -0.164592 0.188507 -0.968181 155 163 113
-1.9467 5.201 3.2142 0.502067 0.241559 -0.830408 138 116 76
7.6382 -0.8848 1.0569 0.612696 -0.475701 -0.631119 165 165 119
0.286 5.2776 3.8854 -0.45175 0.0774222 -0.888779 155 123 77
-2.9521 2.7257 2.7305 0.204249 -0.353738 -0.912772 166 139 93
-2.4062 7.8426 3.1347 -0.201431 0.466341 -0.861366 142 126 80
7.4592 1.3905 1.0047 -0.136807 0.101462 -0.985388 166 150 120
-0.9472 7.5754 3.6346 0.619386 -0.369529 -0.692683 132 131 86
7.6271 -2.3371 0.9207 -0.221921 -0.671671 -0.706831 172 157 133
6.3739 5.2548 1.4081 -0.21572 0.231673 -0.948574 175 149 110
2.0771 -7.7999 3.1415 -0.724632 0.408226 -0.555211 170 135 104
0.5865 5.3907 3.7881 -0.595806 0.71841 0.35903 131 145 77
-2.0588 -0.2906 3.1937 0.218197 -0.287357 -0.932639 157 136 80
-3.689 0.8206 2.5758 -0.111783 -0.0549191 -0.992214 159 156 94
1.5156 -0.1403 3.4083 -0.426895 0.277772 -0.860583 157 124 92
-2.0598 6.5922 3.2277 0.176083 0.0479295 -0.983208 151 128 68
1.0269 5.1674 3.6736 -0.972105 0.202846 -0.117753 156 121 69
-2.0128 -5.6688 3.185 0.628636 0.185559 -0.755238 156 124 104
5.669 -1.6834 1.7736 -0.344312 -0.722383 -0.599677 162 141 86
-7.1804 -6.8878 1.1007 0.524739 -0.095188 -0.845924 162 151 110
-6.6232 7.0466 1.4358 0.45977 -0.171277 -0.871365 178 148 131
4.8016 1.1406 2.1044 -0.448974 -0.190923 -0.872909 157 140 88
-3.668 -2.2513 2.5847 0.28595 0.243253 -0.926855 149 146 88
5.6535 -2.3404 1.8025 -0.371976 -0.263779 -0.889974 175 142 121
-3.3286 5.1154 2.6795 0.167454 -0.120224 -0.978522 148 133 94
-4.1863 -6.01 2.3845 0.491156 0.160698 -0.85612 158 127 75
0.1668 -4.6254 4.0183 0.986148 0.14203 -0.0856722 144 128 75
2.3065 4.9045 3.0854 -0.466937 -0.12046 -0.876047 135 130 77
-6.0654 -5.8494 1.5545 0.837211 -0.465275 -0.287399 188 159 100
6.2331 5.7459 1.4785 -0.467035 -0.313361 -0.826852 167 167 118
-1.4593 2.2651 3.3721 0.848908 -0.419645 -0.32133 141 113 87
-5.0666 -6.9068 1.9869 0.197802 0.518824 -0.831683 162 136 105
6.1552 -2.0715 1.5 -0.35194 0.134323 -0.926334 181 145 90
-2.3171 0.7457 3.0021 0.328448 -0.31228 -0.891405 153 135 94
-3.5886 -1.5287 2.554 0.586922 -0.443366 -0.677458 162 145 94
5.2269 0.7296 1.8675 -0.119029 -0.178983 -0.976625 153 150 95
-0.4464 -6.7865 3.8303 0.235249 0.808787 -0.539001 151 115 80
4.4502 -5.091 2.2004 -0.624549 -0.0295339 -0.780427 170 163 98
3.6975 2.4355 2.5638 -0.143679 0.124693 -0.981737 151 129 87
0.2893 -3.7396 3.8155 -0.356016 0.216739 -0.908998 157 126 68
-6.7678 4.9156 1.2275 0.279575 -0.931461 -0.232846 147 150 107
-4.4359 6.3372 2.2551 0.19907 -0.636614 -0.745046 160 130 87
-6.0723 -2.5196 1.6745 -0.144841 0.62007 -0.771061 161 136 102
-5.3037 7.5451 1.8011 -0.295469 0.287846 -0.910957 170 154 122
3.1273 -2.9896 2.7705 -0.422812 0.179465 -0.888269 142 130 79
0.9067 -0.2178 3.6104 -0.274831 0.430149 -0.859907 143 122 69
-4.1466 -6.5195 2.3984 0.512862 0.0774102 -0.854974 139 127 85
-4.9328 -2.4408 2.024 0.438112 -0.424765 -0.792233 163 146 106
-4.8253 1.003 2.0787 0.158161 -0.502515 -0.849979 163 150 95
-1.3732 7.4607 3.5085 -0.869654 0.349455 -0.348687 152 143 84
1.4732 -6.2187 3.4617 -0.67047 -0.15733 -0.725064 159 132 68
5.9263 -1.2222 1.6958 -0.490758 0.170176 -0.854515 174 135 110
1.1154 6.7199 3.4699 0.153208 0.0423124 -0.987288 141 112 66
-6.6662 -3.9966 1.3844 -0.0742413 0.115488 -0.990531 159 135 127
-6.4027 -7.5566 1.4466 0.878156 -0.416691 -0.234969 169 138 108
-7.5338 -6.389 0.98775 0.574825 -0.121137 -0.80926 179 152 119
-4.6209 2.2124 2.0535 -0.529154 0.673273 0.516429 166 145 111
-7.092 5.9851 1.1245 0.478504 0.176296 -0.860206 176 145 124
4.1014 -4.4484 2.26 -0.0559645 -0.197408 -0.978723 157 123 116
-2.8762 -1.0737 2.8798 0.540931 -0.185603 -0.820332 145 131 96
2.3271 -2.6089 3.0207 0.0403096 -0.31218 -0.949167 157 115 66
0.1836 -4.6343 3.828 0.826813 0.50262 -0.252496 133 131 63
-0.1904 1.9023 3.89 0.0507419 -0.229678 -0.971943 151 132 56
5.3353 5.8387 1.9185 -0.205477 -0.238353 -0.949193 162 137 91
4.6483 -0.1573 2.1835 0.603354 -0.36417 -0.709468 154 146 111
-7.969 3.4412 0.7262 0.985943 0.108494 -0.127063 177 152 117
6.2093 7.1227 1.4898 -0.602899 -0.18777 -0.775407 173 152 99
-4.8291 -4.8115 2.0785 0.437734 0.0710794 -0.89629 153 133 94
-1.2459 6.5119 3.5605 -0.68292 0.0242115 -0.730092 158 118 85
1.5174 4.9532 3.3478 -0.85135 0.290725 -0.436671 139 140 95
5.5282 -0.4274 1.803 -0.156852 -0.982414 -0.101294 155 140 96
-5.4143 -7.4173 1.8038 0.125262 -0.101604 -0.986907 180 153 116
-2.711 6.8052 2.8924 0.329242 0.540139 -0.7745 163 133 88
-2.2357 1.3286 3.1428 0.388801 0.00940116 -0.921274 151 150 87
5.6164 7.8139 1.6206 0.474812 0.300829 -0.827076 164 130 96
3.3355 7.3371 2.6102 -0.311125 0.141579 -0.939764 154 143 83
1.1715 0.2035 3.4653 -0.514271 -0.213204 -0.830704 147 138 68
2.1436 4.2461 3.1604 -0.529755 -0.0475853 -0.846815 137 131 94
-5.6415 -3.0016 1.8356 -0.138355 -0.435533 -0.889477 151 152 111
3.2976 5.2338 2.7201 -0.40948 -0.0662028 -0.909914 154 135 101
0.1706 -4.4816 3.9203 0.865285 0.501254 0.00509209 128 125 71
-4.0313 -4.6342 2.3558 0.531347 -0.0763028 -0.843711 158 112 101
-3.1934 0.3785 2.7868 0.918342 0.00503328 -0.395757 147 126 86
3.8616 5.4705 2.3715 -0.271272 0.193509 -0.94285 184 148 84
-3.2298 -0.5688 2.7531 0.656308 0.475506 -0.585793 155 133 94
1.9586 7.1282 3.2126 -0.372428 -0.0941931 -0.923269 150 140 69
0.3674 0.7771 3.8941 -0.750128 0.643944 -0.150481 126 139 69
7.4263 -1.6273 1.0518 -0.865186 -0.483733 0.132117 172 152 112
-2.5305 7.4839 2.9322 0.107209 -0.17397 -0.978898 142 144 81
-3.2917 1.5026 2.6708 0.531059 -0.229781 -0.815584 145 147 92
5.2955 5.6874 1.9429 0.411025 -0.126636 -0.902786 152 163 100
-2.0153 0.8224 3.1838 0.166233 0.330942 -0.928894 131 126 83
5.4998 -6.132 1.7175 -0.40005 -0.193635 -0.895804 156 149 111
-4.0768 -0.8523 2.2735 0.374772 0.104922 -0.921161 154 161 105
6.6094 -2.9912 1.2601 -0.47422 0.326142 -0.817769 170 160 102
-4.1894 -0.9026 2.3503 0.288125 -0.0435402 -0.956603 168 129 93
-2.0137 -2.6989 3.1027 0.313684 -0.337555 -0.887501 159 138 91
-1.2461 7.8355 3.5425 0.732487 -0.263146 -0.627867 131 139 69
3.2073 -3.1655 2.6329 -0.553906 0.446847 -0.702506 149 133 74
-3.6268 -5.4875 2.4525 -0.46225 0.618508 -0.635432 146 140 104
-4.3294 -2.6972 2.2428 0.398172 0.114967 -0.910078 150 142 94
1.1357 -5.6377 3.5141 -0.259074 -0.109335 -0.959649 142 125 87
-2.3153 0.5185 2.9837 0.340226 -0.200749 -0.918666 156 134 71
4.1461 -7.6105 2.3454 -0.30194 0.255717 -0.918391 162 124 130
0.8097 -4.4901 3.6258 -0.772889 0.0390132 -0.633341 131 117 74
-3.4466 -5.1845 2.6076 0.230862 0.375407 -0.897648 154 143 91
-1.5648 0.9245 3.3631 0.292381 0.380204 -0.877473 162 130 73
0.8363 -5.7993 3.6309 -0.648124 -0.167618 -0.742859 153 139 66
7.20185 2.8961 1.1533 -0.343837 -0.00221414 -0.939027 185 150 104
-1.7958 4.7844 3.2991 0.426042 0.163387 -0.889828 148 135 88
0.6139 2.1142 3.7187 -0.533675 0.144726 -0.833214 131 144 63
7.4668 -2.6174 1.0133 -0.175815 -0.250512 -0.952015 172 156 107
-6.6283 -4.2619 1.2825 0.719516 -0.272385 -0.638829 165 130 111
-2.9167 3.4032 2.8114 0.360159 0.051558 -0.931465 155 125 70
4.0149 1.9538 2.3233 -0.0714649 0.401 -0.913286 162 138 93
5.405 -3.121 1.7596 0.0650672 -0.0022285 -0.997878 175 116 92
-7.7665 7.5988 0.8909 0.314521 0.104903 -0.943436 166 131 121
-5.022 2.4304 2.0497 0.581166 -0.21218 -0.785637 144 148 107
-4.4909 2.5128 2.1741 -0.4143 0.805657 -0.423405 166 149 103
1.5589 -3.1389 3.3845 -0.6117 0.0118382 -0.791001 144 123 67
-6.8474 -4.0327 1.2546 0.278191 0.250099 -0.927394 169 159 110
7.0102 -4.984 1.1621 0.0288967 0.342526 -0.939064 152 152 96
5.2491 0.5864 1.9302 -0.169452 0.0315356 -0.985034 199 141 97
4.9011 -0.6583 2.0653 -0.444235 -0.308205 -0.841228 150 151 99
-6.2754 -0.6483 1.468 0.190254 0.298004 -0.935413 165 147 113
1.4658 -2.0771 3.3997 -0.57643 0.633513 -0.51613 131 116 95
-3.6666 7.5544 2.5105 0.0941803 0.15709 -0.983083 158 142 87
5.939 5.9071 1.6411 -0.171306 -0.037477 -0.984505 170 146 107
-1.3054 -7.4451 3.4906 0.37594 0.0577042 -0.924846 139 140 80
4.544 -0.646 2.2062 -0.560131 0.208799 -0.801658 146 161 104
-2.7057 -0.844 2.805 -0.46302 -0.649288 -0.603355 163 126 68
-4.9574 7.1276 1.9819 0.782129 0.114807 -0.612449 159 153 96
0.4534 -0.7277 3.8634 -0.371479 0.925676 -0.0716079 126 128 75
-2.8174 -6.826 2.8593 0.44605 0.558985 -0.698982 147 145 95
0.0255 -2.7995 3.9876 -0.271442 -0.307457 -0.912025 139 116 62
-2.7168 -0.0605 2.9152 -0.105604 0.47471 -0.873784 135 155 86
7.0089 5.4882 1.2011 -0.470881 -0.101207 -0.876372 174 138 113
6.2373 -7.4199 1.5119 -0.350606 -0.15303 -0.923936 174 140 101
-5.2478 2.5915 1.9153 0.0801784 -0.290634 -0.953469 154 156 123
1.7693 -1.1199 3.2035 -0.828629 -0.389534 -0.402042 136 128 90
-6.0217 -5.6874 1.5931 0.615929 -0.167985 -0.769684 170 137 101
-0.9095 -4.4809 3.5796 0.0707677 -0.433874 -0.89819 135 135 74
-4.737 -1.6917 2.1326 0.351814 -0.393289 -0.849442 156 137 91
-5.7449 4.61 1.6919 0.184545 -0.393039 -0.900813 153 155 109
-1.1179 1.5386 3.6132 0.328309 -0.571926 -0.751741 158 122 77
5.5464 -6.8365 1.8117 -0.498757 0.043561 -0.865647 166 150 97
5.5016 -1.6073 1.8668 -0.753649 0.514815 -0.408629 145 150 90
6.0174 2.1968 1.5441 -0.312002 -0.31638 -0.895856 159 149 100
2.892 5.74445 2.84415 -0.212836 -0.0751392 -0.974194 145 127 82
-6.5081 6.4235 1.3905 0.237191 -0.276473 -0.931291 173 144 105
-5.2667 7.8269 1.8054 0.891964 0.452074 0.00545495 168 146 95
-0.9868 2.3622 3.6069 0.240448 0.0253423 -0.970331 139 134 78
-2.8479 7.5562 2.9577 -0.871624 0.4895 -0.025721 143 139 71
6.7977 -2.4939 1.2503 -0.400367 0.331231 -0.854396 160 156 114
-1.7948 -3.9696 3.2405 0.216328 -0.112537 -0.969813 146 140 83
7.0519 6.5997 1.1726 -0.32206 0.0538636 -0.945186 166 140 132
-1.1472 -4.052 3.5077 0.106299 -0.0506685 -0.993042 166 132 71
-4.4236 -7.8756 2.226 0.353093 -0.531657 -0.769848 158 166 92
3.3934 5.0816 2.6717 -0.306233 0.15661 -0.938986 131 143 84
-7.004 6.2709 1.2036 0.551518 0.00134148 -0.834162 181 158 107
-2.5209 -0.9758 2.9589 0.547752 -0.256654 -0.796302 145 146 78
-1.3141 3.5493 3.4981 0.678314 0.490261 -0.547297 133 112 71
-3.5832 0.0085 2.6159 0.330877 0.159378 -0.930118 154 132 80
3.3291 2.3121 2.7158 -0.010213 0.49019 -0.871556 157 142 80
-1.7621 7.661 3.3221 0.140459 -0.2913 -0.946264 171 135 100
0.7579 -7.7921 3.7063 -0 -0 -1 139 125 72
-2.4149 7.1276 2.9905 0.376694 0.378779 -0.845357 146 145 82
6.5069 -1.4513 1.4388 -0.0729511 0.0372025 -0.996641 172 148 118
4.7127 -5.1654 2.1589 -0.207517 0.280573 -0.937131 171 128 91
7.9515 6.6178 0.7585 -0.640062 -0.36218 -0.677604 178 153 122
3.2442 1.6312 2.6913 -0.0959088 -0.420497 -0.90221 150 156 107
-4.2035 7.4611 2.3103 0.337414 0.0130144 -0.941266 166 145 103
-2.9367 -3.0873 2.8216 0.268937 -0.180994 -0.945999 159 130 68
1.1225 -1.0766 3.5139 -0.225918 -0.370184 -0.901069 140 117 70
0.9459 -0.461 3.627 -0.24516 -0.190682 -0.950546 135 128 78
7.4228 -2.3026 0.9547 -0.712993 -0.112803 -0.692038 168 158 122
3.377 -3.4768 2.6951 -0.156577 0.480762 -0.862758 139 133 104
4.2823 -5.6451 2.3593 -0.112082 -0.0427289 -0.99278 160 132 87
-2.5781 -4.2319 2.9254 -0.190575 0.106902 -0.975835 137 135 88
0.3711 -7.7672 3.8642 -0.519096 -0.15148 -0.841186 153 123 86
-5.8691 -6.6202 1.6251 -0.324437 0.791016 -0.518684 167 147 99
3.9559 -6.3338 2.4372 -0.0782758 0.20999 -0.974565 153 145 73
-6.324 3.5195 1.465 0.352255 0.311719 -0.882467 166 140 114
0.1718 -3.5333 3.951 -0.595654 0.271649 -0.755912 135 139 62
-2.2987 4.914 3.0258 0.134563 -0.617768 -0.774761 156 133 70
-0.145 -5.3072 3.9199 0.271906 -0.0358697 -0.961655 131 126 54
3.2771 -6.9579 2.686 0.539349 0.141415 -0.830123 145 149 94
7.2761 -3.5456 1.0125 -0.555002 -0.548216 -0.625645 165 151 111
4.3916 -2.978 2.2386 -0.798726 0.318507 -0.510481 131 145 98
3.9617 3.9313 2.4328 -0.454126 -0.41873 -0.786406 153 129 85
-1.8641 6.1497 3.2568 0.337525 0.0253167 -0.940976 130 134 87
-5.5654 5.7614 1.7817 0.430492 0.0331957 -0.901984 167 139 90
-1.2496 -0.9546 3.4235 0.255498 0.311315 -0.915316 154 131 89
7.6805 6.5501 0.9233 -0.406421 0.0980965 -0.908405 170 165 121
-0.1219 -1.2721 3.9377 0.330478 -0.256523 -0.908284 149 135 84
7.8221 -3.7749 0.8946 -0.385363 -0.249224 -0.888472 175 146 116
2.2491 4.0964 3.1015 -0.327299 -0.104006 -0.93918 153 154 91
0.8509 -5.8947 3.7103 -0.657861 -0.126473 -0.742444 134 142 65
3.1459 1.9284 2.68 -0.749085 -0.151497 -0.644919 146 152 99
-4.6723 1.0225 2.1639 0.483301 0.09237 -0.870568 170 136 104
-6.8206 -3.7189 1.2597 0.092697 -0.0225704 -0.995439 174 153 115
-2.0386 3.5857 3.224 0.530079 0.555805 -0.640388 137 140 96
-5.7985 -1.3771 1.6382 0.560545 -0.151908 -0.814072 151 162 118
-0.6297 -0.539 3.8118 0.911117 -0.123814 -0.39311 139 139 80
5.3556 5.4594 1.8242 -0.162173 0.0200082 -0.986559 164 155 106
-2.1841 -3.4969 3.1151 0.373129 -0.0666559 -0.925382 138 128 97
2.6804 -1.057 2.9521 -0.423339 -0.665009 -0.615262 151 153 82
-1.3356 7.4439 3.3873 0.785155 0.614844 0.0741584 145 138 94
-6.4334 0.0983 1.3205 0.517237 0.320741 -0.793468 183 163 117
3.7462 -7.6369 2.5013 -0.262595 -0.0452069 -0.963846 149 118 103
-6.5084 -3.8242 1.4365 -0 -0 -1 159 135 122
6.3922 -2.0702 1.4772 -0.4164 -0.221253 -0.881849 165 163 109
-3.8524 3.0659 2.4425 0.342746 -0.15047 -0.927299 156 146 101
7.1777 -1.9323 1.1321 -0.353285 0.604455 -0.714019 168 137 114
7.0521 -0.0371 1.1606 -0.314207 -0.0438146 -0.948343 171 135 111
-4.7301 -3.4405 2.0732 0.282161 0.385144 -0.878663 157 162 93
7.0151 -2.6904 1.2091 -0.908083 -0.41847 0.0163669 178 146 101
-7.4855 4.6914 1.0569 0.175368 0.146361 -0.973563 150 141 110
-0.44445 5.75545 3.80755 0.153871 -0.156621 -0.975599 140 121 66
-6.5082 -1.4036 1.379 0.544391 -0.0339223 -0.838145 165 146 95
-6.28385 -4.00165 1.47665 0.0447112 -0.0841443 -0.99545 175 147 101
-4.3996 3.0118 2.2507 0.318836 0.26725 -0.909352 162 150 83
3.9393 1.0904 2.4983 -0.462686 0.160734 -0.871829 143 132 89
-3.7498 -3.4309 2.5012 0.709135 -0.261997 -0.654588 150 125 92
-0.4954 6.4421 3.7098 0.291448 -0.187177 -0.938095 170 130 69
7.5693 -0.4753 0.9598 0.0709991 -0.462632 -0.883703 160 139 110
4.6097 -0.7289 2.1228 -0.40258 0.230538 -0.885879 149 155 89
4.5724 -3.8118 2.1468 -0.288015 0.177793 -0.940977 156 157 91
-4.6001 -6.3676 2.141 0.122209 -0.0869507 -0.988688 166 156 97
5.5594 -6.9193 1.756 0.122476 0.120613 -0.985115 179 134 92
2.9445 1.7009 2.8081 -0.644077 0.211384 -0.735175 159 133 76
-6.3102 6.4186 1.4697 0.21366 -0.15789 -0.964064 163 150 89
-7.6267 -0.491 1.0004 0.324174 -0.00884235 -0.945956 173 147 117
-1.2129 -0.0315 3.4312 0.5115 0.190112 -0.837989 141 142 86
3.4562 1.8428 2.6504 -0.188853 -0.605031 -0.773481 152 139 96
7.8814 -2.3472 0.9034 -0.246233 -0.0248011 -0.968893 168 157 116
-2.7124 1.9663 2.9496 -0.609278 0.356586 -0.708256 140 121 88
-6.4072 -2.9948 1.4607 0.481945 -0.0592061 -0.874199 163 140 123
-5.0766 2.732 1.9905 0.625798 0.130473 -0.768995 181 132 99
1.8878 4.715 3.2409 -0.484013 -0.0991166 -0.869429 141 149 96
-0.1191 -2.8915 3.859 0.259655 -0.0979382 -0.960722 130 139 70
5.6123 -0.684 1.7892 -0.781581 0.275708 0.559568 168 156 109
-5.6937 -4.4312 1.868 0.721023 0.37688 0.581453 161 167 96
7.1764 5.6617 1.1353 -0.404537 -0.103887 -0.908602 162 150 111
-5.0144 -6.9563 1.9909 0.195765 0.334414 -0.921869 154 166 96
3.0176 -4.3687 2.7928 -0.474491 -0.0112608 -0.880188 134 131 60
-7.5006 1.3132 1.0216 0.360302 0.0955341 -0.927931 162 165 110
-4.0804 -2.9646 2.4373 0.389377 -0.0814428 -0.917471 153 135 98
4.9592 -7.4208 2.0045 -0.120424 0.0404644 -0.991898 175 148 95
-3.7112 4.6921 2.452 -0.729761 -0.207601 -0.651423 137 130 94
-1.3559 -1.2125 3.4148 0.384833 -0.0678791 -0.920487 130 119 68
-0.4458 7.1031 3.8112 0.726003 0.111929 -0.678522 124 140 73
0.8043 3.0775 3.7132 -0.50956 -0.0477807 -0.859107 149 141 76
6.50055 1.99305 1.3432 -0.543955 0.0639217 -0.836676 176 147 116
-0.6413 1.4335 3.7088 0.519485 -0.110684 -0.847281 146 146 66
6.3559 -6.3606 1.3613 -0.206004 -0.385046 -0.899612 177 160 117
3.1004 3.1072 2.7051 -0.193769 0.145427 -0.970209 162 152 93
0.365 -3.8275 3.7887 0.206377 -0.94439 -0.256 154 129 67
0.4968 2.9836 3.8264 -0.403499 0.294189 -0.866395 134 136 81
-6.3708 5.9149 1.4841 0.0921071 0.177822 -0.979743 181 137 107
4.4339 -4.9679 2.2548 -0.442048 -0.16383 -0.881903 144 146 91
4.0655 -7.7729 2.3441 -0.367902 0.295271 -0.881738 159 136 95
-4.0312 6.579 2.3551 0.423339 -0.297738 -0.855649 176 142 101
-5.4859 -2.1128 1.8207 0.256552 0.194596 -0.946738 161 155 85
-4.1287 -5.4405 2.4316 0.451186 -0.124107 -0.883758 162 145 91
-1.8453 -7.3194 3.249 0.180372 -0.45243 -0.873369 151 126 86
-0.3273 5.2331 3.9201 0.146581 0.0708536 -0.986658 134 147 65
4.2061 3.5357 2.339 -0.218572 -0.198819 -0.955352 150 153 97
3.99735 -3.00215 2.4032 -0.0541495 0.0476492 -0.997395 142 142 93
2.3417 -0.0827 3.0965 -0.660775 -0.219039 -0.717912 134 156 88
6.2252 3.8374 1.5476 -0.0725622 0.980329 0.183547 158 153 116
-7.5198 -0.136 0.9843 0.60609 -0.161159 -0.778899 178 150 116
-6.1954 5.7529 1.5272 -0.757771 0.191997 -0.623635 167 146 108
-5.0829 -4.8141 2.0207 -0.119988 -0.368079 -0.92202 149 150 90
7.5556 -4.0941 0.9818 -0.0604188 -0.0919755 -0.993927 166 157 121
5.4822 3.5782 1.845 -0.337773 0.0808504 -0.937749 156 149 107
0.7899 -0.9667 3.7569 -0.471589 -0.0841708 -0.877792 135 128 78
1.1824 -0.361 3.4457 -0.34039 -0.224374 -0.913122 148 145 84
5.1509 -6.8528 1.8854 -0.0536902 -0.125774 -0.990605 172 146 104
0.0271 -0.8131 3.9735 -0.720308 -0.311532 -0.619761 151 118 59
7.6199 2.1754 0.8661 -0.275237 0.409503 -0.8698 173 163 115
-6.7382 -4.2602 1.2372 0.334741 -0.166085 -0.927558 143 151 98
-2.2428 -3.428 3.0818 0.330831 -0.163254 -0.929462 154 136 86
-4.8683 -5.0365 2.0148 0.507194 0.122104 -0.853138 167 145 96
-1.4361 5.8817 3.3918 0.222238 0.262769 -0.938916 160 141 80
-3.2094 -7.5591 2.7213 0.470208 -0.033482 -0.881921 170 149 95
-2.779 -5.4521 2.9005 0.532192 0.617218 -0.579494 166 145 100
4.5624 -4.5333 2.2056 -0.328714 0.160073 -0.930765 159 140 99
4.941 -0.2375 1.9926 0.277536 -0.296526 -0.913809 148 136 94
-7.031 -0.1107 1.1919 -0.193986 0.798685 -0.569624 163 151 124
1.899 6.1944 3.2354 0.0382106 -0.958772 -0.281597 156 133 68
5.3256 -0.3873 1.8911 -0.332036 -0.139877 -0.932838 175 146 109
6.0361 3.7171 1.5779 -0.218188 -0.163372 -0.962135 171 152 100
3.5236 -4.4314 2.6165 -0.368732 -0.215089 -0.904308 152 162 84
4.7884 5.0993 2.0913 -0.0713116 -0.125516 -0.989525 164 151 113
3.3662 4.678 2.5232 -0.763021 -0.288547 -0.578394 157 135 104
-0.9202 6.831 3.619 0.625608 0.568537 -0.53421 136 99 79
7.1756 -2.8623 1.2736 -0.301847 -0.2806 -0.911127 163 119 111
7.4684 1.7748 1.0916 -0.412452 -0.164521 -0.896 176 147 113
-5.0997 -5.304 1.9795 0.466308 -0.21971 -0.856904 147 138 100
-0.1078 -4.6537 3.9907 0.157343 -0.236855 -0.958719 152 118 58
-3.4006 -3.421 2.624 -0.281512 -0.0446994 -0.958516 138 144 79
0.94 0.866 3.6251 -0.660122 -0.437261 -0.610772 155 113 72
-5.9629 1.2859 1.6764 -0.0419882 -0.378737 -0.924551 156 125 89
1.3427 -3.1651 3.5277 -0.278185 0.018631 -0.960347 159 143 103
-3.01 2.6558 2.7928 0.105642 -0.752635 -0.649908 157 137 95
-3.1135 -6.4849 2.7638 0.604603 0.288221 -0.742552 151 141 102
5.4796 -7.3939 1.8657 -0.204972 -0.937706 -0.280525 155 139 93
5.2741 -4.0423 1.952 -0.702012 -0.249822 -0.666909 162 149 97
7.4716 6.9786 0.9628 -0.366504 -0.063267 -0.928263 172 158 121
-3.3328 6.2801 2.5836 0.287339 0.364065 -0.885942 153 146 77
6.2757 5.3784 1.437 -0.460242 0.0430058 -0.886751 166 141 111
7.6513 5.2928 0.9446 -0.461332 -0.406388 -0.788683 175 146 115
1.4942 -4.7774 3.3725 -0.365528 0.133003 -0.921249 146 127 84
-4.5772 4.6825 2.1122 0.0806098 -0.100953 -0.99162 158 142 97
4.3931 -2.8163 2.2141 -0.490141 -0.00667529 -0.871618 159 150 95
-1.4623 4.2974 3.4456 0.736781 0.10608 -0.667758 155 143 71
-1.0859 3.339 3.5084 0.874689 0.451447 0.176391 147 132 70
-7.7065 0.7673 0.973 0.227503 -0.228034 -0.946701 156 170 103
6.9726 5.377 1.2729 -0.0818983 -0.15363 -0.984729 171 163 120
-5.6828 2.8542 1.6758 -0.0391066 0.686024 -0.726527 169 154 117
3.4606 0.716 2.5942 -0.464695 -0.181013 -0.866771 137 116 84
2.8502 -6.3664 2.825 -0.695108 -0.119471 -0.708908 131 128 77
3.3536 -3.4697 2.6409 -0.583867 -0.221047 -0.781177 145 138 84
-7.7102 2.8737 0.9007 0.0581406 0.183774 -0.981248 179 165 112
-1.8462 -6.1901 3.2542 0.639464 0.0881721 -0.763748 153 145 82
7.7967 4.7424 0.8472 -0.406903 -0.0684856 -0.910901 164 144 125
3.1364 -5.1483 2.7195 -0.101171 0.993561 -0.0509937 143 131 79
2.9005 -3.6934 2.832 0.147799 0.0861627 -0.985257 160 132 86
-3.5588 1.2656 2.4756 0.809289 0.587176 -0.0165987 136 153 87
7.1073 3.0432 1.1798 -0.147823 -0.118673 -0.981868 176 160 102
5.7959 -0.7866 1.6272 -0.492808 -0.111338 -0.862986 166 136 105
4.0765 4.7692 2.4287 -0.349881 0.272593 -0.896257 146 134 90
-3.7459 4.6851 2.5728 -0.791343 -0.462314 -0.400053 161 142 92
2.5332 -3.7136 3.0727 -0.499005 0.0475471 -0.865294 143 125 80
-6.8687 4.2622 1.2964 0.690502 -0.493878 -0.528481 167 163 90
-7.407 -7.0319 1.0276 0.293444 -0.222682 -0.929679 166 147 112
-7.5406 6.6202 0.9363 0.93182 0.247917 -0.265043 186 163 127
-4.7408 3.2294 2.1141 0.00378165 -0.362681 -0.931906 168 149 90
7.4809 -2.326 0.9589 -0.499904 0.0468451 -0.864813 185 160 108
-4.3728 -6.2593 2.2802 -0.337454 0.0409339 -0.940452 146 137 95
-1.3241 0.1858 3.4303 0.203079 -0.206394 -0.957163 141 134 93
-1.8196 -5.3075 3.294 0.545054 -0.668048 -0.506586 138 138 62
4.7999 -1.2881 2.0376 -0.393002 -0.116179 -0.912169 151 140 94
-1.6088 4.0433 3.3092 0.361796 -0.354446 -0.862248 161 144 92
7.7864 -6.2897 0.9295 -0 -0 -1 182 149 108
-4.9123 -4.4853 2.1054 0.0789462 0.00637977 -0.996858 164 152 107
-3.5233 3.021 2.5449 0.241549 0.0782412 -0.967229 157 134 79
3.6399 0.6409 2.5612 -0.33754 0.0431583 -0.940321 152 151 77
-7.4829 -6.6622 0.9711 0.0719652 -0.176613 -0.981646 172 154 115
7.6252 3.208 0.8861 -0.100181 0.0360842 -0.994315 164 158 93
-2.7504 7.3739 2.8935 0.566921 -0.218229 -0.794341 171 137 93
-0.1855 1.4863 3.8872 0.195862 -0.27706 -0.940678 149 147 85
1.0399 -2.5524 3.555 -0.243081 -0.0944405 -0.965398 158 133 65
7.543 -5.1058 1.0171 -0.391995 -0.0147507 -0.919849 162 152 117
-3.3159 3.9059 2.5889 0.00908478 -0.310055 -0.950675 138 130 84
-6.0734 0.7455 1.5329 0.161829 -0.319412 -0.933696 154 161 99
2.8409 -0.7764 2.9604 -0.677534 0.467195 -0.568046 144 138 76
0.2545 -3.9028 3.9854 0.684708 0.0158056 -0.728646 135 150 56
-5.0315 -4.5646 2.0571 0.640828 0.0276685 -0.767186 169 134 101
-3.0024 -7.7517 2.7965 0.467701 0.163994 -0.86854 159 152 93
0.2588 -1.1687 3.8334 -0.0776053 -0.105325 -0.991405 141 135 81
2.8362 -1.6107 2.8842 -0.637248 -0.171555 -0.751322 158 140 101
-3.7084 6.5327 2.5727 0.195961 0.697969 -0.688795 133 154 99
6.7391 5.2452 1.3411 -0.448129 0.190487 -0.873439 161 155 111
-3.7399 -7.6643 2.5135 -0.524576 0.696889 -0.489045 148 147 98
4.8155 -3.8475 2.0916 -0.37799 -0.0488291 -0.924521 161 132 88
6.7883 -5.0306 1.276 -0.0837918 -0.0172078 -0.996335 171 157 111
4.0773 -3.282 2.3235 0.0189233 -0.226451 -0.973839 148 142 98
3.8573 -0.8411 2.486 -0.235693 0.0476765 -0.970657 157 145 90
-1.8053 0.756 3.2557 0.267569 -0.0125664 -0.963457 157 134 70
-2.2134 -3.6571 3.1085 0.570206 -0.0717409 -0.818363 165 141 78
0.6157 -3.4675 3.8077 -0.208745 0.113379 -0.971376 129 125 89
-4.4002 -1.5727 2.1753 0.676608 0.626671 0.386632 157 140 96
-1.932 -0.8841 3.1624 0.464423 0.802962 -0.373581 152 133 89
0.1396 -6.073 3.9185 0.933106 0.28543 -0.218729 144 120 73
7.9355 -2.2773 0.8789 0.252131 0.214874 -0.943535 167 155 109
0.9621 3.2911 3.6002 -0.360437 0.287129 -0.887492 135 124 74
5.7999 -4.3015 1.6503 -0.571751 0.526753 -0.628993 156 133 110
1.1927 -4.5488 3.5394 -0.310177 0.748239 -0.586454 138 153 77
2.7421 5.026 2.9057 -0.524119 -0.0928007 -0.846574 152 147 84
-4.8985 -3.3828 2.1098 0.454353 0.786196 -0.418879 157 136 96
-7.0219 0.3899 1.2581 -0.223446 0.672424 -0.705633 164 146 119
2.9989 -3.3494 2.8435 -0.714322 0.0926206 -0.693661 144 127 101
-7.0775 6.0556 1.0767 0.428118 -0.824701 -0.369572 155 147 116
-7.7399 3.2612 0.8434 -0 -0 -1 167 158 112
2.5475 3.3946 2.9284 -0.264823 0.097439 -0.959361 163 141 77
-4.4419 -4.7413 2.29 0.703019 0.710258 0.0360402 155 157 114
4.3323 6.3758 2.231 -0.423098 -0.036169 -0.905362 158 135 84
6.0018 -7.699 1.6613 -0.0809631 -0.299583 -0.950629 154 166 108
-6.9127 5.5469 1.2884 0.611803 -0.148722 -0.776903 171 174 95
-5.6846 5.7172 1.6762 0.544629 -0.0739035 -0.835415 146 161 97
1.6248 -4.0904 3.334 -0.453198 0.0766931 -0.888105 143 146 79
6.6625 2.20205 1.3376 -0.714772 -0.31406 -0.624874 185 148 102
-2.1468 -1.8864 3.1086 -0.637245 0.217295 -0.739393 141 125 85
-0.1217 -4.462 3.946 0.328728 -0.113433 -0.937588 130 127 75
-4.6492 7.3188 2.2074 0.864099 -0.0631945 -0.49934 145 136 95
-5.3688 -1.5194 1.8356 0.0292254 0.12293 -0.991985 164 145 102
3.0834 2.3094 2.74225 -0.11899 -0.15997 -0.979924 155 130 90
6.4969 -3.5908 1.3256 -0.197502 0.402575 -0.893827 157 156 109
-5.4192 -5.4896 1.8103 0.450964 0.144361 -0.88079 144 159 87
4.7123 5.5855 2.1699 -0.316968 0.0118397 -0.948362 163 146 94
7.5453 0.2458 0.9048 -0.552161 -0.232047 -0.800795 149 146 111
-3.8129 -5.4914 2.5362 0.622859 -0.239667 -0.744719 166 155 94
6.5669 5.8566 1.4435 -0.58545 -0.488787 -0.646789 172 162 118
4.687 -1.3636 2.1593 -0.544512 -0.177951 -0.819658 169 150 98
-6.7164 6.6572 1.3127 0.830558 0.134127 -0.540539 184 146 126
4.1762 2.7598 2.2831 -0.809174 -0.258489 -0.527656 142 127 55
1.2875 -2.4327 3.4021 -0.43682 0.196251 -0.87788 149 135 83
2.7337 -0.3225 2.9033 -0.00795012 -0.247345 -0.968895 151 147 79
6.55 -5.5135 1.3219 -0.45875 0.178019 -0.87055 152 150 108
6.3488 6.0084 1.4703 -0 -0 -1 171 140 96
-3.4115 -7.4869 2.6551 0.277465 -0.14576 -0.949614 157 150 74
-2.0783 2.5739 3.1569 0.545057 -0.0415233 -0.83737 149 132 88
-7.5495 6.3065 0.9857 0.49159 -0.146014 -0.858498 172 144 134
7.8462 -4.0798 0.8815 -0.464142 0.120171 -0.877571 166 146 117
-3.4698 -0.815 2.5667 0.442037 -0.772627 0.455687 149 144 102
7.466 -0.1524 0.9778 -0.461983 -0.0106573 -0.886825 165 153 113
6.3391 -4.7862 1.4485 -0.727974 0.0241496 -0.68518 162 148 105
-6.5854 -5.372 1.2738 0.00618712 0.400497 -0.916277 175 152 105
-2.1341 -7.8396 3.1249 0.282435 0.0966545 -0.954405 148 133 74
-0.0672 -0.1812 3.9563 -0.376453 -0.223053 -0.899183 128 122 66
-4.031 -5.305 2.3319 -0.0644168 -0.344622 -0.936529 140 139 88
3.2455 4.1323 2.6894 -0.757701 0.366428 0.540018 158 122 96
0.3143 -5.4978 3.9114 -0.314648 -0.0692143 -0.946681 159 128 62
-3.799 -5.2345 2.4587 0.699593 0.126455 -0.703263 176 139 96
-1.7282 1.7346 3.2839 0.218855 -0.316854 -0.922879 140 135 89
-2.0973 -0.6397 3.1746 0.836157 -0.0542676 -0.545799 134 132 91
3.4547 -2.7891 2.5947 -0.153687 0.160454 -0.975005 149 151 97
7.4426 -1.3514 1.1087 -0.714228 0.0591636 -0.697408 188 139 124
5.9156 0.7588 1.64 -0.386404 0.295535 -0.8737 143 141 97
-3.0619 -2.2242 2.8299 0.830326 0.355384 -0.429256 163 142 85
-7.1181 3.9216 1.1656 0.46428 0.548947 -0.695055 185 165 113
-1.6451 1.969 3.4319 0.697119 0.586084 -0.412953 147 146 70
-3.7293 2.2202 2.582 0.647095 -0.759743 -0.063703 146 143 82
-1.4789 3.7984 3.4321 0.48225 0.0495187 -0.874633 131 119 80
4.3082 4.8991 2.3833 -0.00140362 -0.398149 -0.91732 166 135 105
-4.2696 5.3848 2.2671 0.515198 -0.214867 -0.8297 145 168 97
0.2514 7.7144 3.9025 -0.470069 -0.0986421 -0.8771 154 137 68
3.3917 5.5478 2.6579 -0.513166 0.102517 -0.852145 155 130 91
-1.8498 -1.2366 3.3484 0.360102 -0.0424868 -0.931945 130 148 81
-4.9282 -1.3419 2.002 0.498011 -0.101657 -0.861191 139 131 106
3.2633 -5.631 2.6763 -0.309278 -0.044405 -0.949934 163 147 78
-5.9653 1.6817 1.548 0.383317 0.256152 -0.887386 159 155 91
-5.1137 -0.0609 1.9972 0.183294 -0.0735033 -0.980306 152 137 83
7.3672 2.7764 1.0908 -0.633786 0.0214708 -0.773211 156 162 109
-3.2835 4.3939 2.669 0.248978 0.154158 -0.956162 162 144 76
7.8823 -5.5586 0.8562 -0.25465 0.558786 -0.789248 182 136 113
-4.9415 -4.545 2.081 0.0622561 0.117751 -0.99109 146 128 110
-6.1056 6.7593 1.5564 0.773514 -0.20458 -0.599852 151 150 113
2.1451 4.8466 3.1501 -0.38171 -0.151321 -0.911811 162 156 76
-0.691 -1.2982 3.7409 0.461758 0.812134 -0.356675 146 151 71
3.8523 -6.5008 2.5066 -0.49035 -0.00314043 -0.87152 132 122 90
-6.3939 2.9694 1.3935 0.154121 0.719611 -0.677058 158 162 108
5.724 4.1481 1.6954 -0.729364 -0.467826 -0.499166 162 154 90
0.9156 -5.6927 3.6586 -0.186665 0.140615 -0.972308 150 153 63
-3.3773 3.8284 2.7024 -0 -0 -1 164 129 84
5.661 2.18 1.7356 -0.354183 -0.183794 -0.916937 154 152 104
1.3528 0.3005 3.564 0.0139891 0.246102 -0.969143 146 129 78
1.9424 -1.5472 3.3027 -0.417076 0.0150029 -0.908748 141 129 78
0.0319 -0.3931 4.0148 0.482854 0.234826 -0.843628 138 132 64
-4.9367 -6.6813 2.0092 0.642503 0.545962 -0.537695 167 144 108
3.8364 -6.7457 2.3633 -0.50846 -0.311679 -0.802698 164 124 83
4.23485 -2.7485 2.3557 -0.146783 -0.239112 -0.959833 154 134 95
-6.8877 -1.1989 1.2337 0.523171 -0.0620427 -0.849966 136 140 103
-1.8617 -6.7505 3.2821 0.617875 0.118114 -0.777354 142 132 89
-5.9108 4.5524 1.6786 0.606601 0.105907 -0.787921 138 149 98
-0.0217 3.364 4.0155 -0.111957 -0.322338 -0.939981 144 132 54
-1.6509 -0.7062 3.3574 0.330374 -0.166877 -0.928981 133 154 79
1.1077 -2.9861 3.5337 -0.44036 -0.328516 -0.83556 142 141 64
5.3062 -2.1313 1.8494 -0.768035 0.517528 0.377211 157 151 95
-2.1382 0.5508 3.1838 0.239075 -0.435414 -0.867904 143 128 78
-2.2161 4.5733 3.1158 0.586042 -0.144359 -0.797318 153 137 77
3.85 5.4113 2.4296 -0.293724 -0.0318808 -0.955359 160 159 116
1.1024 1.1741 3.5228 -0.201421 0.888496 -0.412316 156 148 94
3.3614 -5.3529 2.5744 -0.270781 -0.0328135 -0.962082 138 123 84
-6.5487 5.6818 1.3789 0.33894 -0.190057 -0.921411 166 148 125
-4.2625 -4.8381 2.415 0.30343 -0.107938 -0.94672 149 126 91
-6.714 3.683 1.2188 0.157591 0.274306 -0.948642 164 150 109
-5.5807 6.5802 1.8149 -0.0100559 0.784693 -0.619803 158 163 93
-7.459 1.3819 0.9608 0.216394 -0.233154 -0.948057 186 163 94
3.4114 5.7818 2.6327 -0.652932 0.142097 -0.743968 163 128 103
-1.2105 0.4946 3.539 0.0453584 0.0200518 -0.99877 135 135 69
5.6716 2.0518 1.7436 -0.301853 0.209354 -0.930084 151 125 101
1.2865 -5.3342 3.6351 -0.925133 0.201125 0.32199 162 129 71
-7.8094 -7.0234 0.9363 -0.152029 -0.0358975 -0.987724 172 140 106
-0.8877 -1.9043 3.7332 -0.0914637 0.326913 -0.940618 128 138 68
-0.5432 -2.4802 3.8186 0.173954 -0.237329 -0.955728 149 140 89
3.8901 -0.423 2.3684 -0.334842 0.457431 -0.823795 161 149 97
-1.942 -6.8574 3.2239 0.61817 -0.527042 -0.583174 146 128 69
6.9488 -2.9255 1.2546 0.0564938 -0.410708 -0.910015 162 144 117
3.7555 1.5993 2.5436 -0.23295 -0.520039 -0.821762 150 134 79
7.772 -5.8506 0.8858 -0 -0 -1 182 162 106
-0.1898 -5.1606 3.8822 0.226689 -0.173683 -0.958356 126 148 63
-1.0189 6.0024 3.5932 0.375111 -0.899787 -0.222878 168 147 73
7.6508 3.3342 0.9388 -0.125333 0.339931 -0.932062 168 145 103
-3.2986 -6.6142 2.7281 0.115156 0.0399935 -0.992542 136 144 63
-4.8042 4.4258 2.1457 0.646098 -0.116128 -0.754368 170 135 97
-5.4933 -7.1039 1.7342 -0.402817 -0.527161 -0.748225 142 145 100
-5.5049 -3.3618 1.7353 0.374259 0.614132 -0.694818 165 154 108
2.9321 -2.9767 2.8858 -0.348756 -0.173863 -0.920946 158 145 83
3.3154 2.0936 2.6781 -0.335397 0.340337 -0.878453 150 136 96
-5.2273 1.5778 1.8824 0.308953 -0.00201249 -0.951075 142 144 110
-0.2738 7.9664 3.9111 0.46293 0.357093 -0.811283 152 133 67
-7.7802 4.0318 0.9838 -0.000855629 -0.378229 -0.925712 176 151 132
-0.7483 2.8261 3.6628 0.154805 0.205731 -0.966287 149 134 74
-6.9806 6.0204 1.2699 0.513596 0.135518 -0.847263 160 143 106
5.9877 -2.5838 1.5864 -0.345112 -0.0316352 -0.938028 149 135 94
4.7046 3.418 2.0887 -0.283941 0.880165 0.380379 165 122 88
3.0119 -5.8298 2.8359 -0.317404 0.141876 -0.937617 141 138 93
2.6144 2.016 2.953 -0.351454 0.281244 -0.892962 142 118 86
-0.1911 -3.0566 3.8996 0.179729 -0.213843 -0.960192 144 107 76
5.5574 5.2868 1.7755 -0.360064 -0.031271 -0.932403 165 142 85
-2.2001 -0.6247 3.1172 0.468098 0.0808906 -0.879967 158 119 83
1.0774 -0.431 3.554 0.197761 -0.830431 -0.52084 128 143 71
-0.4095 1.6562 3.7733 -0.0491651 -0.265665 -0.962811 137 123 85
-6.667 -6.0866 1.3401 0.36785 -0.0485524 -0.928617 175 144 104
-5.0475 5.9234 2.0179 0.402005 -0.119586 -0.907794 153 155 114
0.5015 6.8256 3.8387 -0.345496 -0.18298 -0.920408 140 140 75
-4.0213 -2.7966 2.4199 0.375631 -0.149826 -0.914578 164 150 106
2.5787 4.1401 2.9733 -0.683696 0.32095 -0.655401 164 131 88
-6.5464 -0.4629 1.3377 -0 -0 -1 147 150 99
-1.7669 -2.7386 3.2986 0.440513 0.254807 -0.860826 139 126 80
-4.9554 -2.3348 1.9793 0.722855 -0.425325 -0.544591 163 138 104
-6.4743 -1.0522 1.4291 0.59662 -0.00933363 -0.80247 166 157 108
3.1349 2.6273 2.6953 -0.449555 0.233447 -0.862208 159 144 80
5.8263 -7.9325 1.6489 -0.59116 -0.752863 0.289358 168 159 83
5.5752 -2.9075 1.6889 -0.542463 0.25748 -0.799648 167 140 108
0.5292 -7.2818 3.8156 0.301442 -0.15691 -0.940485 146 133 65
-1.5936 -5.0386 3.3386 0.443769 -0.226234 -0.867114 139 130 93
5.7975 -3.4751 1.7202 -0.231412 0.333115 -0.914048 164 151 102
5.7483 6.0151 1.7584 -0.768576 -0.284776 -0.572881 166 135 111
5.9949 -6.5536 1.6164 -0.560002 -0.13199 -0.81791 165 148 99
-5.8276 -0.2022 1.6147 0.461904 -0.0677072 -0.884342 148 132 115
4.0384 -3.213 2.3845 -0.365591 -0.180569 -0.913093 168 134 77
-1.294 3.0188 3.5132 0.324588 0.276368 -0.904579 165 121 78
4.3445 -2.1927 2.2259 -0.077117 -0.476871 -0.875584 151 153 115
5.451 -6.6137 1.8793 -0.340574 0.226632 -0.912495 175 131 104
-6.9086 7.2227 1.2202 0.0348913 0.153891 -0.987472 168 152 112
-6.5708 0.569 1.304 -0.166019 0.187543 -0.968125 169 138 115
-7.147 -0.8242 1.2269 0.39567 0.592957 -0.701318 165 152 109
-3.3073 -5.4489 2.7204 0.552291 -0.164915 -0.817177 146 144 89
2.2872 3.7092 3.028 -0.183468 -0.0798715 -0.979776 158 144 87
2.2491 4.4573 3.1563 -0.541091 0.140525 -0.82914 150 139 94
2.3352 -7.1644 3.0022 -0.0498951 0.275181 -0.960097 146 137 70
7.7339 2.1414 0.8953 -0.395727 -0.106055 -0.912224 188 166 107
3.2548 -5.8697 2.7783 -0.881864 0.309679 -0.355549 130 135 77
-4.897 -2.023 2.0717 0.12756 -0.246642 -0.960675 180 127 106
7.5412 6.2981 0.9451 -0.655764 0.13689 -0.742452 168 164 112
6.9556 0.5324 1.225 -0.248522 0.270305 -0.930146 156 152 126
-5.784 -5.9397 1.7293 0.370125 -0.22843 -0.90046 159 147 111
1.1561 -7.4354 3.633 -0.912248 0.319376 -0.256522 148 124 96
1.6415 2.8456 3.2918 -0.582433 0.467219 -0.665191 149 133 64
3.0507 -1.7719 2.8253 -0.608282 -0.555763 -0.566676 156 145 66
-4.0023 7.9092 2.4222 0.339386 0.18993 -0.921273 153 152 92
4.7527 -0.6312 2.1276 -0.344112 0.0575244 -0.937165 155 149 110
-0.5461 3.1979 3.841 0.393997 -0.13261 -0.909495 151 137 88
-2.7192 5.0514 2.8919 -0.345561 0.0683677 -0.935903 146 140 91
5.0822 -4.5386 1.9022 -0 -0 -1 166 155 95
-6.7487 0.0846 1.3633 0.413944 -0.00421316 -0.910292 183 139 105
2.7543 -5.5527 2.9152 -0.498886 -0.160339 -0.851707 145 151 90
5.8164 6.4865 1.6352 -0.5434 0.0435667 -0.838343 148 149 95
0.2842 3.5054 3.9096 -0.177142 -0.000826909 -0.984185 157 131 73
-4.9678 5.7292 2.1264 0.940663 -0.270975 0.204267 146 144 103
-7.1996 5.982 1.1384 -0.11067 -0.220776 -0.969025 177 145 105
-4.1606 1.3206 2.2276 0.537908 -0.77439 -0.333128 173 139 84
-2.8078 6.2717 2.858 0.295741 -0.637929 -0.711044 152 146 108
4.21275 5.33775 2.3497 8.51367e-06 0.638221 -0.769853 153 156 103
0.4068 1.8029 3.8458 0.305165 -0.766958 -0.564491 136 134 64
-2.7086 -6.888 2.8698 0.600307 0.31807 -0.7338 135 147 86
0.0994 -0.4662 4.0163 0.111631 -0.0336029 -0.993181 138 126 61
6.0579 -7.1023 1.545 -0.252295 -0.194036 -0.947997 153 120 94
7.1791 4.8867 1.1567 -0.249034 -0.283052 -0.926209 178 159 111
4.6149 -7.711 2.1281 -0.241758 -0.0209887 -0.97011 156 120 105
-0.68 -1.6367 3.7341 0.200018 0.0948638 -0.975189 146 133 74
-2.1495 -1.259 3.1871 0.011855 -0.270491 -0.96265 133 147 81
6.7737 1.5415 1.2051 0.785708 -0.398919 -0.472785 182 131 123
5.0803 2.2492 1.9899 -0.646815 0.146646 -0.748415 146 149 91
6.1926 2.7682 1.5296 -0.107794 0.371738 -0.922058 153 142 106
0.0725 7.0362 3.9128 0.141912 0.277937 -0.950059 135 132 80
4.6152 -2.5709 2.2037 -0.599689 -0.099967 -0.793965 139 144 98
-0.4647 -7.7478 3.8311 0.317236 0.0846452 -0.944561 144 127 57
-2.135 5.3189 3.2065 0.448848 0.0450859 -0.89247 144 136 103
-4.2586 -4.3916 2.2626 0.202302 0.0205149 -0.979108 158 139 88
-7.7839 5.1973 0.8482 0.0609755 -0.0159941 -0.998011 171 148 108
5.1836 6.6046 1.9387 -0.898913 -0.187874 -0.395801 153 129 94
6.05455 2.30505 1.5574 0.0375819 -0.00905696 -0.999253 167 147 106
4.1319 -3.5043 2.3026 -0.497815 0.160286 -0.852343 158 141 94
4.6745 -1.7156 2.1184 -0.712055 -0.346492 -0.610673 157 119 75
-7.6669 -6.6854 0.9679 0.0801368 -0.565136 -0.821097 165 159 119
0.2351 5.2889 3.8759 -0.490251 0.128046 -0.862124 135 132 86
-3.834 -7.4081 2.3729 -0.412689 0.842466 -0.346321 150 139 95
2.9203 3.1369 2.8992 -0.491658 -0.327572 -0.806826 155 139 72
4.6349 5.2978 2.1117 -0.733966 0.0371222 -0.678171 161 149 103
-3.5552 -6.1406 2.5594 0.0423652 0.158778 -0.986405 144 135 95
3.9983 -4.5577 2.4578 -0.426548 -0.336781 -0.839426 142 150 89
1.5595 1.8059 3.4354 -0.689547 -0.337567 -0.64076 153 135 71
0.2066 -2.5537 3.873 -0.290719 0.218695 -0.93148 126 120 60
6.9932 4.7516 1.2137 -0.20545 -0.351426 -0.913395 183 156 133
-6.8043 -2.1541 1.3148 0.333872 -0.21014 -0.918897 157 154 104
4.0306 0.3559 2.3779 -0.388538 -0.00895768 -0.921389 153 157 84
6.5836 -0.1557 1.358 -0.800002 -0.0240959 -0.599513 167 167 117
6.0638 -7.0682 1.6169 -0.252295 -0.194036 -0.947997 143 144 93
4.1751 7.227 2.3537 -0.36058 0.0221466 -0.932465 152 128 96
-2.4487 5.1816 2.9983 0.299371 -0.349851 -0.887683 146 137 72
-0.8204 0.7963 3.6639 0.148337 0.316376 -0.936964 134 137 70
1.3514 -3.6748 3.6079 0.510923 0.356112 -0.782395 144 122 67
-5.2455 4.8803 1.959 0.319877 -0.439487 -0.839363 161 129 96
-4.9383 -7.713 2.0268 -0.107763 0.108408 -0.988248 171 146 112
4.7057 -2.3611 2.1312 -0.651257 0.240913 -0.719601 165 134 94
6.68 0.3771 1.3215 -0.554123 0.0203812 -0.832185 172 141 118
-4.5187 -4.2567 2.3016 0.613087 0.471096 -0.634187 171 143 95
0.5498 -4.6232 3.7683 -0.332661 -0.0212533 -0.942807 134 126 66
5.8708 7.0734 1.6294 -0.375608 -0.121052 -0.918839 162 156 107
0.0909 5.7524 3.9805 -0.0563356 0.133373 -0.989463 139 128 62
-6.9739 5.4038 1.2151 0.593987 -0.108958 -0.797062 175 139 110
7.3251 -3.9175 0.9851 -0.474403 0.0759733 -0.877023 167 159 128
1.6014 -2.4294 3.3629 -0.230962 -0.0298548 -0.972505 158 131 67
1.0137 3.133 3.5547 -0.0157712 0.131969 -0.991128 156 131 55
5.9326 7.2417 1.584 -0.118487 -0.146836 -0.982039 186 141 128
-6.8155 -5.2216 1.3036 0.468018 0.103754 -0.877607 157 152 99
-6.1417 0.742 1.5372 -0.0332328 -0.368667 -0.928967 151 164 106
7.2003 7.2561 1.0742 -0.440764 0.123087 -0.889144 159 142 124
-7.5544 -5.2995 1.0402 0.425945 -0.265309 -0.864975 148 153 112
1.7917 -2.5416 3.2194 -0.0518568 0.679111 -0.732202 158 127 92
-5.5768 5.5801 1.7526 0.451882 -0.0530892 -0.890496 146 166 111
0.2533 7.4277 3.8685 -0.431321 0.125911 -0.893369 152 131 84
1.2831 2.3729 3.4329 -0.199269 -0.300175 -0.932838 133 147 73
0.1397 6.0809 3.8784 -0.344495 -0.124393 -0.93051 147 131 87
-0.5072 7.2678 3.7239 0.70684 0.0202951 -0.707082 141 133 91
6.4262 7.805 1.4253 -0.452802 -0.489772 -0.745046 148 152 129
7.449 2.573 1.0144 -0.45769 -0.463851 -0.758526 171 141 111
-2.4016 5.6432 3.0064 0.167128 0.0728294 -0.983242 149 152 76
-7.8852 -1.9355 0.8855 -0.569093 -0.356116 -0.741158 167 145 109
2.8424 5.8384 2.8685 -0.0728467 0.306164 -0.949187 153 135 85
-7.7272 2.1308 0.8637 0.348331 0.043171 -0.936377 174 138 123
-0.6592 0.5106 3.7987 0.294766 0.24819 -0.922776 124 132 69
-6.3846 0.8249 1.4663 0.15608 0.31244 -0.937027 179 160 125
7.3471 5.5135 1.0476 -0.550478 -0.0340775 -0.834154 159 155 113
4.2543 -3.1963 2.2147 -0 -0 -1 149 118 100
1.0583 -2.7002 3.5982 -0.210285 -0.00179474 -0.977639 139 137 64
5.1579 2.7898 2.0032 -0.23504 0.00810501 -0.971952 163 150 100
-1.2427 -2.6114 3.5002 0.17218 0.09861 -0.980117 151 151 73
5.7615 -3.3947 1.7115 -0.226677 -0.173059 -0.958472 152 139 107
7.0397 1.3313 1.2046 -0.242953 -0.0482712 -0.968836 181 144 110
7.6729 2.3255 0.9869 0.296993 0.143174 -0.944085 188 153 113
1.651 7.3327 3.3032 -0.899422 0.347682 -0.264872 162 155 95
-4.675 2.9593 2.1436 0.00216333 0.378979 -0.925403 168 130 88
-7.4087 7.6162 0.9925 -0.00247026 -0.297169 -0.954822 160 149 103
6.2335 2.77 1.5524 0.398966 0.377744 -0.835546 169 148 98
4.6648 2.9172 2.1109 -0.319466 -0.225368 -0.920408 146 143 101
-3.958 6.3941 2.4676 0.314279 0.089895 -0.945065 163 131 100
4.0438 -2.8981 2.3358 0.0144848 -0.405058 -0.914176 166 126 104
-3.1791 1.6488 2.7115 0.293807 0.287569 -0.911582 147 132 83
0.411 -4.9815 3.9043 -0.339994 -0.157775 -0.927098 125 110 74
6.5136 0.8005 1.4464 -0.447069 0.481132 -0.754084 169 150 105
-2.4903 -7.1161 2.9595 0.137694 -0.103347 -0.985068 148 147 91
2.9674 3.4067 2.7678 -0.636255 0.305924 -0.70823 158 140 87
-5.9123 -5.4663 1.7578 0.964538 0.26365 -0.012444 154 147 99
0.9975 2.516 3.6194 -0.285119 0.0315436 -0.957973 139 149 94
-5.1745 5.7935 1.98 -0.00174829 0.181927 -0.983311 160 154 93
-0.4759 6.4295 3.8386 0.916294 0.216913 -0.33668 135 133 78
-5.499 -7.7277 1.8111 0.240768 0.261215 -0.934772 160 127 133
-4.1095 -7.1898 2.4204 0.141408 0.114519 -0.983305 154 138 97
4.4848 2.6566 2.2454 -0.637277 -0.339591 -0.691778 167 149 99
0.4025 4.8961 3.8921 -0.542564 -0.0633038 -0.837626 137 127 66
3.3009 -3.3489 2.7362 -0.409357 0.0982127 -0.907073 152 154 77
4.7956 5.7206 2.1068 -0.34847 -0.126076 -0.928802 166 134 110
2.0457 4.4751 3.196 -0.384814 0.0286435 -0.922549 134 137 80
-3.3148 4.0606 2.63 0.474242 0.168166 -0.864184 151 139 90
1.3995 -3.5418 3.4351 -0.635153 0.314637 -0.705396 148 157 100
2.0625 7.0073 3.1678 -0.584319 -0.0746137 -0.808087 154 128 76
6.4564 -1.8442 1.4508 -0.103926 -0.0331552 -0.994032 179 143 111
-7.0444 3.9435 1.25 0.442237 0.695278 -0.566582 145 120 101
-2.4528 3.8514 3.0628 0.453686 0.102913 -0.8852 160 145 68
-3.3515 -2.2385 2.64 0.262442 -0.423637 -0.866981 157 138 97
-1.7213 -0.5531 3.2969 0.473794 -0.115315 -0.873053 155 135 71
-4.5252 -4.6676 2.1822 0.306503 -0.0473967 -0.950689 157 153 84
-3.7382 -3.1511 2.433 0.476451 0.307985 -0.823492 151 132 78
-4.0752 3.9392 2.334 0.392029 -0.218389 -0.893655 166 150 99
4.2711 1.0501 2.2953 -0.106748 -0.0564423 -0.992683 148 162 108
-2.6298 -5.63925 2.95165 -0 -0 -1 163 140 79
-4.1587 -2.4083 2.2875 0.159788 0.56225 -0.811384 143 134 86
7.5894 1.017 1.0273 -0.34157 0.617802 -0.708272 176 147 108
0.9709 5.044 3.6342 -0.797571 0.552909 -0.241191 145 128 64
4.2682 0.1508 2.3379 -0.266273 0.130604 -0.955009 163 136 82
7.6606 -5.1098 0.9471 -0.2891 -0.135254 -0.947696 178 144 118
-2.0597 3.1432 3.1946 0.301922 -0.138577 -0.943207 136 142 79
3.8238 4.6035 2.4724 -0.494628 0.213749 -0.84241 157 147 83
1.1491 6.8342 3.5181 -0.304783 0.181971 -0.934876 138 132 67
1.7195 -7.071 3.3053 -0.286316 0.105156 -0.952347 153 125 70
6.3241 -5.1304 1.4954 -0.257686 0.0644741 -0.964075 183 142 120
-5.3869 -3.8619 1.9032 0.307881 0.520185 -0.796628 169 141 108
-7.0636 -0.8347 1.0357 -0.590327 0.309615 -0.745421 176 145 102
2.0727 5.121 3.1828 -0.760196 0.422827 -0.493274 147 131 75
-6.2232 -5.0155 1.5422 0.217898 -0.0934888 -0.971484 178 142 106
-6.4991 -3.2369 1.4317 0.488877 0.0690215 -0.869618 151 148 95
1.9075 -0.4251 3.2328 -0.113365 -0.342752 -0.932561 132 128 82
-3.9794 0.9179 2.3839 0.373874 0.148592 -0.915499 153 138 93
0.3261 2.5761 3.9055 0.0334236 0.751817 -0.658525 120 144 75
5.422 1.4504 1.8626 -0.279374 -0.226258 -0.933144 174 133 120
7.4517 4.1994 1.1084 -0 -0 -1 161 153 107
-1.0223 1.1764 3.5339 0.377393 0.218347 -0.899944 141 141 75
5.4113 -7.84465 1.85815 -0.490834 0.468541 -0.734541 153 148 102
-0.655 -5.3076 3.7043 0.260131 -0.105432 -0.9598 145 133 86
-5.7404 -1.9579 1.7283 0.449701 -0.354442 -0.819842 167 152 97
-2.4942 3.2865 2.9508 0.208454 0.366607 -0.906723 154 149 98
3.9156 1.4951 2.4738 -0.308629 0.0516931 -0.949777 165 123 89
-5.3282 1.868 1.7837 0.416316 0.513871 -0.750078 159 129 104
-0.5378 -1.5348 3.8452 0.350276 -0.0370864 -0.935912 152 123 61
4.5232 -0.3789 2.1755 -0.250238 -0.232495 -0.939855 161 142 95
-0.5395 -2.8458 3.7473 0.31073 -0.0841272 -0.946768 131 112 82
-1.4771 -2.4886 3.382 0.142321 0.117508 -0.982821 156 146 86
-4.6777 -1.3829 2.177 0.21789 0.134708 -0.966632 177 148 77
0.9041 -1.1582 3.6729 -0.521793 -0.721275 -0.455515 153 125 94
4.5478 -6.6817 2.2743 -0.870322 0.464218 0.164441 148 154 76
4.3959 -7.7064 2.2535 -0.386841 0.133159 -0.912482 153 146 95
-4.1641 -0.1692 2.3373 0.956753 -0.0265869 -0.289684 164 152 101
0.5345 -3.591 3.7338 -0.330064 -0.175127 -0.927571 145 126 63
-0.0853 6.9073 3.9241 -0.0692702 -0.293722 -0.953378 144 124 71
5.7964 -5.7441 1.6676 -0.0429619 -0.282377 -0.958341 167 144 93
4.3696 5.3436 2.2976 -0.346649 0.906959 -0.23929 166 154 97
7.7104 -4.3946 0.9999 0.0826983 0.781889 -0.617908 161 138 126
0.6309 -1.6416 3.7683 -0.602151 -0.129314 -0.78784 131 140 89
2.8999 7.0191 2.9265 -0.100106 0.356561 -0.928893 136 135 88
7.0548 -2.7789 1.149 -0.340251 -0.664622 -0.665212 172 141 102
-6.9906 -5.8448 1.2221 0.518487 0.229456 -0.823724 164 143 117
2.6221 6.7996 2.9715 -0.505862 0.0322251 -0.862012 151 128 70
-0.8056 6.603 3.6413 0.344802 -0.345144 -0.872919 139 118 76
-2.9704 -3.0116 2.7895 0.403026 -0.115921 -0.907817 161 135 98
7.4732 -2.8803 1.1691 -0.989547 0.135533 -0.0492796 184 149 113
-3.7451 -4.4534 2.5043 0.0637739 0.33953 -0.938431 141 146 104
3.4743 1.5175 2.5945 -0.0390183 -0.40461 -0.913657 137 149 99
-2.6928 -4.0033 2.9791 0.464486 -0.0996939 -0.879951 152 119 85
-3.4689 7.1622 2.5976 0.987157 0.15571 0.0357173 132 141 97
3.3169 7.7932 2.6936 0.101164 0.433499 -0.895458 134 151 86
-1.2133 -1.6549 3.5085 0.225223 0.143467 -0.963687 146 148 87
1.875 0.082 3.2202 0.54261 0.5591 -0.626883 163 118 72
-2.0384 2.2738 3.1512 -0.980598 -0.125427 -0.150649 141 156 91
-2.9342 0.3372 2.7439 0.50889 0.0582424 -0.858859 140 135 77
1.5214 -2.4641 3.381 -0.314312 0.558314 -0.767785 151 149 85
-5.0441 -0.2787 1.9129 0.286753 0.179612 -0.941017 166 125 91
-3.8361 -1.6884 2.4884 0.363533 -0.10611 -0.925518 152 130 96
-6.4802 5.5503 1.3946 0.453797 -0.0669855 -0.888584 177 133 103
4.5035 3.7223 2.1581 -0.321442 0.186381 -0.928406 158 149 102
5.7386 2.4585 1.6975 -0.789987 0.0485513 -0.611198 165 153 98
1.8079 3.3269 3.2356 -0.307756 0.427179 -0.850179 146 138 71
6.0056 -5.142 1.5408 0.808203 0.0151768 -0.588708 180 159 110
-2.1486 4.4036 3.1756 0.43952 0.189584 -0.877998 147 134 81
-1.1503 0.3908 3.53965 -0.090042 -0.222761 -0.970706 150 131 72
7.5066 3.3877 1.0272 -0.232982 0.12553 -0.964345 164 138 127
2.3747 6.4415 3.1118 -0.639433 0.0951999 -0.76293 141 118 81
2.9599 4.40405 2.74245 -0.86765 0.411862 -0.278483 149 140 88
7.9031 7.4276 0.8484 -0.573538 -0.0135107 -0.819068 189 144 119
4.0571 -3.1232 2.3192 -0.039043 0.252921 -0.966699 154 138 86
-3.3803 0.4357 2.6082 0.289847 0.151439 -0.945016 144 149 89
-2.0135 3.4885 3.1392 0.530079 0.555805 -0.640388 172 119 67
6.2728 -6.8229 1.5251 -0.634811 -0.0933446 -0.767009 172 142 111
-1.782 -5.2932 3.152 -0.384758 -0.760166 -0.523555 152 127 76
5.2314 -4.0388 1.9157 -0.587634 -0.355167 -0.72701 156 141 88
1.2274 -5.457 3.542 -0.254191 0.744353 -0.617515 140 117 82
-2.4745 -6.8979 2.9591 0.458487 -0.590651 -0.664019 138 135 87
-0.9635 -5.878 3.6214 0.108475 0.404314 -0.908165 127 138 67
5.1894 4.0597 1.9603 -0.471274 0.193046 -0.860601 155 139 90
-5.8212 4.918 1.6316 0.187708 -0.692796 -0.696276 161 162 118
-3.4277 -4.2289 2.6225 0.327575 0.941941 0.073769 161 137 77
-5.1669 -4.5645 1.9559 0.602581 -0.392808 -0.694693 147 146 81
0.7004 2.9347 3.7735 -0.410173 0.0191814 -0.911806 161 113 56
-4.5715 -3.7469 2.1818 0.735804 -0.266246 -0.622661 143 148 97
-6.6242 -2.1513 1.3712 0.435922 -0.345829 -0.830888 169 129 123
-6.6889 3.3707 1.2809 0.460225 -0.0741402 -0.884701 174 164 118
4.9721 -6.8102 2.0457 -0.659792 -0.208338 -0.72199 155 140 92
0.7658 -2.9815 3.6756 -0.0582737 0.548382 -0.834195 146 133 66
0.0503 -7.2316 3.9778 0.0413432 -0.232312 -0.971762 165 106 65
7.1887 -4.5738 1.026 -0.0102043 -0.947141 -0.320657 170 130 117
7.1993 1.6273 1.0245 0.117169 -0.638957 -0.760267 174 154 128
-1.0717 -4.4319 3.6073 0.0698717 0.269681 -0.960411 154 149 73
6.8493 6.2793 1.2616 -0.341297 -0.104506 -0.934128 182 155 99
4.723 7.0513 2.0846 -0.776832 0.032392 -0.628874 159 140 102
4.2131 -1.8492 2.3343 -0.711807 -0.403644 -0.574807 155 163 85
3.6911 -5.0736 2.6196 0.887044 0.352558 -0.298088 148 148 88
-6.5345 4.3043 1.4281 0.385408 0.328941 -0.862125 170 151 107
4.815 -4.3677 1.9876 -0.629145 0.585588 0.51114 154 138 115
1.8844 -2.0426 3.333 -0.454639 -0.216007 -0.864086 136 131 93
2.4938 -4.9962 3.0481 -0.391481 0.323027 -0.861624 141 138 90
-7.9523 -1.1939 0.8539 0.211233 0.16974 -0.962584 160 148 103
-0.6413 0.7018 3.811 0.35065 -0.260205 -0.899632 142 122 77
7.6161 3.1464 0.8804 -0.232086 0.000317941 -0.972695 167 165 121
3.4996 -3.4071 2.4908 0.053356 -0.556068 -0.829422 145 125 96
4.236 2.3098 2.364 -0.180731 0.543742 -0.819561 165 148 91
0.614 6.9622 3.7553 -0.266554 -0.10442 -0.958147 159 143 79
-5.2061 6.2942 1.9416 0.0748447 -0.910536 -0.406599 164 137 104
4.6175 -1.252 2.1732 -0.597915 -0.0875828 -0.79676 167 142 83
4.1151 -3.3326 2.3828 -0.419548 0.0317275 -0.907178 156 154 86
-6.9494 5.8838 1.2457 0.277964 0.345032 -0.896487 147 136 109
-4.5983 -1.3432 2.0923 0.375894 0.0482229 -0.925407 151 166 111
6.4414 -6.4296 1.4017 -0.387216 -0.373662 -0.842876 171 172 98
-2.114 -5.7399 3.1374 0.267077 0.248535 -0.931075 141 137 75
-2.705 1.8867 2.8343 -0.490687 0.056146 -0.869525 150 137 80
-1.1987 -7.6043 3.5004 0.139096 -0.0857797 -0.986557 128 130 81
0.0716 -0.8573 3.9382 -0.558573 -0.2016 -0.804583 145 116 95
-6.9262 -5.6896 1.3036 -0.146005 0.204986 -0.967814 162 153 114
3.7447 4.2928 2.5019 -0.26871 0.960465 -0.0728166 151 153 86
5.2089 5.1774 1.9223 -0.274775 -0.242497 -0.930427 161 161 73
-3.2684 4.871 2.6763 0.529112 0.171104 -0.831122 142 161 92
5.5471 -2.4878 1.8384 -0.499677 0.348621 -0.792961 166 153 110
6.5047 7.3127 1.3956 -0.417095 0.209669 -0.884347 176 163 99
-6.7536 7.2386 1.2478 0.242098 -0.0460508 -0.969158 182 147 101
6.5061 1.195 1.3655 -0.476831 -0.0166478 -0.878838 160 163 115
4.218 6.9038 2.3641 -0.439782 -0.0371265 -0.897337 154 133 96
-6.3013 -5.6059 1.4684 -0.0466231 -0.137585 -0.989392 157 142 113
-1.8016 -4.2898 3.3357 -0.346781 -0.158158 -0.924515 141 120 76
-3.7699 3.6116 2.4042 0.609308 -0.456727 -0.648185 157 136 94
-6.9082 -3.6549 1.2174 0.298047 0.177998 -0.937809 169 146 127
2.0758 -1.0089 3.1464 -0.910826 0.0529279 -0.409383 156 118 81
5.4444 -6.6946 1.8187 -0.400604 -0.0337554 -0.915629 175 157 107
2.0145 6.9779 3.1428 -0.538117 0.0125675 -0.842776 135 142 73
-4.7662 5.2316 2.0417 -0.0824517 0.0489635 -0.995392 161 141 106
-6.6128 -5.3859 1.323 0.0478988 0.231651 -0.971619 175 155 127
2.5278 -4.5181 2.981 0.163407 -0.576265 -0.80076 148 138 85
-7.0621 5.2822 1.1798 0.457808 -0.292762 -0.839465 158 135 114
6.0412 -7.6314 1.6208 -0.337365 -0.0284547 -0.940944 167 146 103
-2.027 6.2714 3.1344 0.439955 -0.0275154 -0.897598 130 136 83
-7.1149 3.4764 1.1334 0.475294 0.136615 -0.869156 159 133 95
5.91275 -3.59535 1.6342 -0.165746 0.204937 -0.964639 173 147 102
-0.4728 6.7419 3.8653 0.582959 -0.396431 -0.709225 138 119 80
-0.2991 -7.0769 3.889 -0 -0 -1 155 132 72
-5.3007 5.9942 1.8096 0.06776 -0.102435 -0.992429 178 147 113
2.6912 5.6526 2.893 -0.174838 -0.290074 -0.940898 148 147 67
-5.6627 1.3296 1.6681 0.501091 -0.247036 -0.829386 163 157 100
5.4981 2.0976 1.8009 -0.469814 -0.0184634 -0.882572 161 137 105
-5.6973 1.3169 1.7164 0.501091 -0.247036 -0.829386 156 146 121
1.4788 -0.0365 3.437 -0.39238 0.141816 -0.908805 143 124 67
-5.6389 -5.8122 1.7768 0.479149 -0.0364344 -0.876977 146 143 96
6.0836 -4.1684 1.5966 -0.394113 0.393537 -0.830544 139 162 98
-2.1228 -2.9637 3.1492 0.177146 0.192381 -0.965199 122 130 80
-0.8349 6.1455 3.7197 0.510739 -0.0197543 -0.859509 152 152 86
3.4976 4.4517 2.5598 -0.307174 -0.0903534 -0.947354 158 132 77
-3.1011 -4.1105 2.7895 0.158693 -0.843513 -0.51313 162 141 64
3.3273 1.2666 2.6449 -0.284557 0.032893 -0.958095 145 131 97
0.8902 -1.0977 3.6552 -0.516725 -0.0920755 -0.851186 134 121 57
-5.7036 -2.2281 1.7365 0.188487 0.301827 -0.934544 161 172 99
4.6429 5.6476 2.0579 -0.358851 -0.0424724 -0.932428 155 142 89
-6.5819 3.991 1.3863 -0.30813 -0.0589019 -0.949519 170 143 107
-6.8863 6.9733 1.229 0.316149 0.153376 -0.936229 154 162 111
4.4591 7.1943 2.1603 -0.244153 0.00241794 -0.969734 148 147 97
0.8612 7.9163 3.683 -0.499709 -0.847947 0.176854 150 132 80
7.4408 -1.3428 1.0584 -0.707355 0.274754 -0.651275 182 154 119
-7.7016 -4.6282 0.9755 0.480589 0.0950969 -0.871774 166 129 121
2.8828 1.5415 2.8385 -0.60588 0.0849047 -0.791012 153 139 76
0.03 7.4633 4.0508 -0.219148 -0.965875 -0.138054 132 133 51
3.693 -1.0114 2.5094 -0.352395 -0.181376 -0.918107 156 115 106
0.0586 0.2294 3.938 0.0618224 0.0585243 -0.99637 152 134 76
-6.2212 6.2492 1.4839 0.424156 -0.179366 -0.887648 158 160 99
-6.9555 -4.0415 1.2198 0.225753 0.215635 -0.95002 165 159 118
-3.1535 -4.8329 2.7766 0.119157 -0.00318455 -0.99287 151 140 103
-0.7666 -7.1271 3.613 0.472099 -0.204086 -0.857596 136 122 84
-7.0972 -4.176 1.1936 0.0850487 0.131524 -0.987658 157 134 111
-2.1488 1.3039 3.0656 0.299669 -0.232513 -0.925276 155 149 89
-7.5911 7.5022 0.8943 -0.648785 -0.0752921 -0.757238 171 152 129
7.0819 -1.3367 1.1054 -0.0905502 -0.529159 -0.843677 188 150 118
6.7521 -5.6016 1.2587 0.00891784 0.244406 -0.969632 185 147 105
-2.7673 -4.2059 2.953 0.045105 0.693906 -0.718652 133 134 67
6.3206 -1.1336 1.4674 -0.419314 -0.00632585 -0.907819 164 167 94
5.6536 2.1455 1.7151 -0.338471 0.362009 -0.868554 181 141 104
6.9879 2.9116 1.1612 -0.223882 0.0489892 -0.973384 186 144 101
7.373 -3.8463 1.0853 -0.361969 0.225669 -0.904462 174 143 119
2.7081 4.7183 2.9752 -0.341872 0.0142056 -0.939639 160 128 76
-6.7148 0.3162 1.2145 0.319083 -0.0602116 -0.945812 169 157 108
-0.3429 -5.3587 3.796 -0.177492 -0.635318 -0.751577 148 126 47
-7.5178 2.5878 0.9684 0.346032 0.16952 -0.922781 173 156 115
-4.5998 7.0618 2.1235 0.293971 -0.014912 -0.955698 162 152 91
-4.0719 -0.8233 2.4054 0.521272 0.00495416 -0.853376 149 129 85
2.8767 3.0295 2.93 -0.519917 -0.138339 -0.842941 151 148 73
1.505 6.5097 3.4122 -0.573055 -0.491236 -0.655969 150 116 81
-3.2937 -1.8926 2.6664 0.936799 -0.0352073 -0.348092 166 153 85
-0.0332 -0.4305 3.9456 0.368951 -0.0420912 -0.928495 147 132 69
5.1602 -6.1965 2.0148 -0.243839 -0.24202 -0.939132 148 147 106
7.7946 1.7332 0.9348 -0.634487 -0.357707 -0.68518 169 160 110
-5.5865 -0.1556 1.7329 0.484952 0.0877951 -0.870123 171 144 112
5.6192 -6.187 1.782 0.0569234 -0.220267 -0.973777 156 142 93
1.5393 7.5889 3.3366 -0.519921 0.841388 0.147474 150 133 62
-1.6254 5.9752 3.365 0.624678 0.0702377 -0.777717 145 136 87
7.5652 2.522 1.0251 -0.393044 -0.383631 -0.83567 162 149 105
0.7972 -5.1278 3.6714 -0.693462 0.124117 -0.709722 144 114 69
5.5691 0.5869 1.8452 -0.300953 -0.0390856 -0.952838 150 157 108
0.3604 5.3636 3.8334 -0.530634 -0.363239 -0.765823 135 141 67
6.3829 2.4943 1.4868 -0.545277 -0.122184 -0.829304 166 150 104
-1.1018 -4.1404 3.5435 0.533613 -0.507639 -0.676432 140 150 72
-0.2791 0.2335 3.8729 0.0744883 -0.0638608 -0.995175 149 128 74
-1.8555 2.6235 3.2476 -0.00873648 -0.185342 -0.982635 162 141 84
-2.5818 3.5139 2.9158 0.188937 0.013535 -0.981896 150 123 89
2.6383 -7.6435 2.9367 -0.172304 0.235313 -0.956524 173 142 68
-0.1821 -6.5153 3.9542 0.613839 -0.0391426 -0.78846 143 118 78
3.6062 4.2345 2.4488 0.120627 0.976453 -0.178853 159 152 110
2.3214 -0.4158 3.0643 -0.511445 -0.189999 -0.838048 158 137 77
-0.8244 -4.0395 3.6469 0.951976 -0.0598453 -0.300266 140 126 72
2.9994 7.9687 2.813 -0.242724 0.375369 -0.89453 164 135 79
-7.4299 3.6597 1.1179 -0.151768 -0.0126795 -0.988335 156 151 114
3.0935 2.6838 2.7464 -0.676265 -0.106378 -0.728937 164 122 91
-3.1346 -3.4332 2.7031 0.0299054 -0.0506649 -0.998268 155 140 100
-4.7115 1.6656 2.1294 0.272706 0.214754 -0.937823 157 157 75
-5.7427 -5.0343 1.7669 0.909344 -0.189947 -0.370153 136 146 97
0.5185 -1.5509 3.8464 -0.344392 -0.114103 -0.931866 143 132 70
-2.2061 -3.5318 3.1389 0.37307 -0.0665075 -0.925416 127 143 94
-6.6708 4.9564 1.2547 -0.0673359 -0.471263 -0.879419 142 160 107
4.5999 -7.0972 2.2175 -0.151037 0.188903 -0.970311 170 140 91
-1.2779 2.9596 3.3723 0.402453 0.216155 -0.889555 155 136 67
2.0004 1.099 3.129 -0.338471 -0.940879 0.0135353 155 150 83
7.7964 3.2393 0.9289 0.193674 0.248268 -0.949133 168 177 123
1.6749 1.6952 3.3659 -0.417781 0.118533 -0.900782 164 137 72
1.4431 -0.2451 3.3311 -0.30814 0.206071 -0.928754 152 136 73
1.978 -6.2549 3.2346 -0.58076 0.0321565 -0.813439 161 139 71
-0.197 -0.4842 3.8985 0.288584 -0.220862 -0.931633 151 125 70
1.5858 2.1226 3.3779 -0.770283 -0.192223 0.608041 145 135 67
-6.7733 -5.4637 1.2182 0.28825 0.561309 -0.775786 161 149 120
6.5724 0.1956 1.3651 0.412927 0.079626 -0.907277 158 140 120
-5.2581 5.5277 1.8491 0.253864 0.252767 -0.933629 126 153 87
0.4593 -6.1826 3.8397 -0.275024 -0.141106 -0.951026 154 139 75
-2.4511 -2.8608 2.9034 0.402989 -0.0192999 -0.915001 157 123 76
6.804 -6.2078 1.2946 0.607935 0.0390967 -0.793024 182 153 106
-6.3666 -1.1932 1.4483 -0.219906 -0.361333 -0.906134 167 142 115
-7.3315 5.1449 1.0476 0.309169 -0.344109 -0.886568 174 144 114
-7.4176 2.5359 1.0698 0.545435 0.536959 -0.643564 158 157 97
2.8978 7.5488 2.947 -0.816328 -0.105235 -0.567921 135 122 84
-4.695 -5.9594 2.1131 -0.536898 -0.295372 -0.79025 150 137 97
-1.0613 7.7682 3.6137 0.185951 0.427632 -0.88462 147 132 82
-2.2754 6.7089 3.1127 0.789638 0.00376746 -0.613562 172 124 83
2.117 -5.6065 3.1302 -0.136554 0.226334 -0.96443 158 138 80
4.2065 -4.1445 2.3093 -0.275144 -0.0878662 -0.957379 166 134 99
-4.5705 3.1652 2.2083 0.407677 -0.152745 -0.90026 155 158 101
0.737 -2.4784 3.6742 -0.615248 0.286348 -0.734489 152 143 95
-2.9574 -6.0821 2.832 0.408348 0.0385893 -0.91201 141 134 88
-5.5793 -1.2085 1.8399 0.685741 -0.121037 -0.717711 168 143 90
3.3983 -3.0731 2.5643 -0.418514 -0.836572 -0.353543 147 134 90
3.2628 4.6726 2.6623 -0.611543 -0.135739 -0.77948 165 127 85
5.6283 -5.9127 1.7769 -0.00167535 0.214206 -0.976787 157 158 107
-4.0852 -3.6607 2.2922 0.294373 0.220462 -0.929914 159 149 90
-4.1929 -7.3642 2.3481 0.448827 0.161596 -0.878886 172 138 82
1.6269 -1.2888 3.36 -0.62004 0.150249 -0.770049 146 127 86
1.9611 -5.129 3.2344 -0.934894 -0.0329246 -0.353395 146 130 69
5.5258 1.5976 1.7931 -0.400713 -0.0196094 -0.915994 154 148 108
4.6516 3.4089 2.2214 -0.332553 -0.939259 -0.0848602 163 124 96
-7.6525 -0.8229 0.931 0.522302 -0.00821236 -0.852721 163 164 108
2.0877 1.9856 3.1955 -0.324854 0.0654113 -0.943499 146 148 81
2.1912 1.3101 3.106 -0.635005 0.314246 -0.705704 145 144 90
0.8322 -3.0003 3.7281 -0.0215293 -0.0124705 -0.99969 130 115 75
7.5939 -6.3233 0.9941 -0.260751 0.216954 -0.940712 172 165 114
0.6793 2.9151 3.7287 -0.345422 -0.0671154 -0.936044 152 129 70
-2.5664 4.0603 2.9776 0.449267 0.245157 -0.859103 157 154 92
-4.2368 4.859 2.2551 0.476603 0.0487469 -0.877766 164 120 101
4.5323 -1.5675 2.0746 -0 -0 -1 156 125 90
-7.0874 -7.1921 1.1347 0.846414 0.422243 -0.324491 187 150 111
-6.1574 -6.1073 1.4871 0.829223 -0.502669 -0.244361 147 132 93
6.5315 5.942 1.3811 -0.746227 0.225124 -0.626469 165 141 120
-0.7873 -5.4742 3.7054 0.100824 0.419433 -0.90217 125 139 68
1.2009 -5.1604 3.5433 -0.785289 -0.562151 0.259437 138 123 64
-4.0766 -0.9349 2.4382 0.463096 -0.100731 -0.880565 146 151 79
7.2198 -0.9587 1.0683 0.0654145 -0.386852 -0.919819 180 143 122
3.6812 3.002 2.5281 -0.759056 0.105536 -0.642414 158 133 86
-7.7456 -3.0975 0.9438 0.281928 0.245991 -0.927365 169 164 113
-1.6958 -3.2798 3.3126 0.21495 0.0660555 -0.974389 161 138 75
-6.0923 2.5811 1.5372 0.268037 0.215899 -0.938905 175 144 106
-1.7914 1.6883 3.3029 0.335798 0.0769655 -0.938784 147 131 71
2.4626 6.6496 2.993 -0.515662 -0.116688 -0.848809 162 151 96
3.6999 -0.1908 2.6086 -0.215061 0.108285 -0.970579 149 132 79
2.2012 -6.742 3.1507 -0.338111 0.183525 -0.923038 157 143 81
-7.2435 4.0988 1.0969 0.175281 -0.189631 -0.966083 185 144 119
1.0965 7.0295 3.533 -0.225911 -0.188409 -0.955754 144 135 72
0.2055 6.2025 3.9108 -0.583417 0.143798 -0.799341 148 137 80
-4.5499 -2.2893 2.0958 -0 -0 -1 191 154 97
7.4707 -5.0043 1.0476 -0.448142 -0.00373584 -0.893954 158 133 127
2.8914 -0.2477 2.8822 -0.353555 0.671201 -0.651527 154 137 93
-0.2948 -5.9611 3.861 0.432156 0.0292449 -0.901325 143 128 63
-5.8998 5.6282 1.6918 0.284529 -0.892261 -0.35059 142 163 109
4.475 0.3421 2.1573 -0.265587 0.285967 -0.920699 156 136 93
-6.9893 -3.035 1.0806 0.954662 0.246974 -0.166207 156 164 121
1.3137 -4.556 3.3809 -0.523305 0.101899 -0.846031 161 118 93
2.139 2.0544 3.0992 -0.383951 0.428769 -0.817764 157 129 94
7.466 -0.4115 0.9694 -0.598801 -0.423862 -0.679543 144 146 137
1.6026 -0.3641 3.3541 -0.186604 0.3773 -0.907096 130 146 92
-6.2152 -7.7124 1.5282 0.49085 0.107763 -0.864554 158 149 87
6.4318 -7.5371 1.369 0.781401 -0.313571 -0.539524 162 161 91
1.0932 4.3721 3.4916 -0.466239 -0.122268 -0.876169 152 137 74
3.8264 -0.2474 2.5003 -0.421763 0.356356 -0.833742 151 138 105
-4.6225 3.232 2.1354 0.580931 -0.231863 -0.78023 169 107 110
2.3489 5.7987 3.0808 -0.39093 -0.0724239 -0.917567 158 141 79
-4.6631 2.442 2.168 -0.259672 0.848447 -0.461202 158 133 111
-3.4113 -0.798 2.5405 0.442037 -0.772627 0.455687 170 136 93
5.4574 -1.3549 1.7783 -0.530708 -0.328215 -0.781424 137 134 104
-5.0936 -4.4988 1.8915 0.115694 -0.963483 -0.241485 160 149 89
5.7463 -7.8335 1.7314 -0.708109 -0.267524 0.653462 159 156 101
-2.574 4.8724 2.9606 0.277843 -0.223619 -0.934237 157 118 78
-1.267 7.7238 3.4995 0.308957 0.149708 -0.939219 143 149 62
4.321 -5.6074 2.2594 -0.609821 -0.351112 -0.710521 161 147 76
-3.7444 -0.2128 2.4834 -0.0432326 0.471028 -0.881058 160 141 110
-7.546 3.8317 0.9833 -0.757325 0.0203065 -0.652722 169 149 109
3.3735 -0.385 2.5057 0.435267 0.395376 -0.808839 151 156 100
-6.5881 0.3231 1.4338 0.234704 0.0415972 -0.971177 177 148 106
6.7451 -0.4503 1.2356 -0.184513 0.288284 -0.939599 173 131 119
-2.6122 -1.3361 2.9657 0.770001 -0.281324 -0.572673 156 125 86
-5.9205 1.1554 1.6906 0.308331 -0.113071 -0.944535 176 129 111
-0.4957 -5.1242 3.825 0.131812 0.0682913 -0.98892 131 140 68
5.9317 -5.4263 1.6429 -0.546523 -0.217638 -0.808669 171 150 101
-5.4435 -4.7019 1.6913 0.11381 -0.0616037 -0.991591 172 144 90
-6.6999 -0.3404 1.2671 0.318864 -0.945501 0.0659797 157 161 120
-5.5418 1.6016 1.7828 0.617046 0.368614 -0.695254 171 127 98
7.7125 0.1585 0.9109 0.0361159 0.0683601 -0.997007 175 149 116
-1.6437 -2.0314 3.3808 0.32947 -0.150761 -0.932052 138 98 62
5.4013 1.0913 1.7433 -0.807835 -0.476573 -0.346815 158 148 108
2.0874 -3.9487 3.1806 -0.489706 0.300691 -0.818396 144 161 63
2.5883 5.594 2.9876 -0.28552 -0.288896 -0.913793 161 141 80
5.3296 4.0084 1.8793 -0.342648 0.134554 -0.929778 150 162 95
4.3966 7.0416 2.2599 0.18635 -0.527593 -0.828806 158 130 95
-7.8772 -2.2932 0.8993 -0.54774 -0.213983 -0.808821 155 146 121
4.822 6.9609 2.1003 -0.561479 -0.160706 -0.811736 161 131 121
4.0719 -7.3674 2.2862 -0.204018 -0.433855 -0.87758 150 132 84
3.9618 -6.0332 2.3373 -0.135418 -0.609704 -0.780976 157 136 94
-4.1649 1.5234 2.366 0.563504 -0.29979 -0.769798 153 150 103
6.825 2.4707 1.1933 -0.423811 0.173756 -0.888928 175 148 112
-3.056 -4.841 2.7553 0.339296 -0.714544 -0.611805 134 139 72
4.6475 -0.7979 2.0491 -0.262547 0.18741 -0.946545 153 164 102
4.8665 5.6084 2.1084 -0.517101 -0.0311678 -0.855357 179 149 100
-2.1742 -6.6761 3.1581 0.552066 -0.191649 -0.811477 140 146 80
-2.1963 -3.8588 3.0826 -0.0306492 -0.359713 -0.93256 135 138 75
3.3207 -6.2912 2.666 -0.373338 0.385248 -0.843921 150 133 83
-6.336 6.2035 1.4578 0.546317 -0.124505 -0.828273 163 147 111
2.5403 -2.5617 2.9147 -0.804978 0.000808402 -0.593304 154 149 95
-5.0025 -5.1729 1.9576 0.315599 -0.1159 -0.941788 171 147 103
-6.8442 -2.4437 1.2498 0.223712 -0.546426 -0.807076 158 136 108
-6.398 -3.0275 1.5101 0.57618 -0.360183 -0.733679 157 146 126
-0.6147 2.8357 3.6899 0.666746 -0.406394 -0.624735 133 151 84
-0.502 -7.8925 3.7763 0.564216 0.144819 -0.812827 145 126 70
-5.6072 6.276 1.7584 0.273568 0.0901643 -0.957617 154 134 94
-7.5913 -6.0581 0.9884 0.264674 -0.365733 -0.892293 173 162 133
-4.133 -4.2544 2.3893 0.195297 0.125098 -0.972733 175 141 111
-0.0097 4.0025 4.0285 -0.160312 -0.341321 -0.926175 152 126 76
-5.8745 -2.363 1.624 0.0029362 0.257882 -0.966172 159 148 104
-2.1052 -0.5814 3.1547 0.669912 0.146691 -0.727804 141 135 75
-3.9736 -5.6596 2.4622 0.431676 -0.0416839 -0.901065 158 126 85
-2.372 -2.4254 3.0567 0.301905 0.0190754 -0.953147 142 130 89
-6.7162 1.89 1.3543 0.350645 -0.0612163 -0.934506 178 149 117
0.9665 7.2299 3.6141 -0 -0 -1 163 115 71
-3.70455 2.99525 2.52745 0.270426 -0.0181854 -0.962569 163 136 89
-5.7249 7.1245 1.7563 0.579625 -0.746503 0.326754 175 148 102
-3.298 0.6802 2.6754 0.544509 0.196806 -0.815339 168 152 116
-4.0776 3.2336 2.2907 -0.266946 -0.515078 -0.814515 167 149 113
6.0106 -1.0921 1.5955 -0.448437 0.264685 -0.853725 158 138 102
-5.6975 0.7443 1.7144 0.125149 -0.749576 -0.64998 157 138 103
0.4344 -0.9312 3.818 -0.182514 -0.0149385 -0.98309 135 135 70
4.7025 5.1826 2.0489 -0.574736 -0.621891 -0.531912 166 146 105
7.4564 0.9889 1.0474 -0.168999 0.0983991 -0.980692 164 164 114
-5.7209 -2.8425 1.7614 -0.126582 -0.373877 -0.9188 166 139 103
-6.7577 1.8487 1.3419 0.389975 0.00582388 -0.920807 170 159 107
4.9521 -6.8146 1.9814 -0.659792 -0.208338 -0.72199 160 151 77
6.921 5.2319 1.2254 0.155292 -0.0667207 -0.985613 153 153 99
-7.2977 4.4915 1.0403 0.355276 0.266101 -0.896085 154 144 100
7.6677 -4.7284 1.0363 0.405728 -0.134402 -0.904058 176 152 109
-7.9338 -1.5262 0.9484 0.8229 -0.564134 -0.0677319 161 135 111
-3.2443 5.7272 2.6375 0.434593 0.0588572 -0.898702 150 136 99
-5.1632 0.9291 1.9114 0.0389462 -0.317384 -0.947497 184 135 86
-7.9821 -1.1306 0.8742 -0.0190857 0.345995 -0.938042 159 145 131
-4.921 -1.5989 2.08 0.52143 -0.795455 0.308806 165 148 99
-6.9817 -1.4877 1.1632 0.145878 -0.226256 -0.963082 142 141 127
-0.7557 0.8805 3.6667 0.114062 0.0774426 -0.990451 143 116 75
5.0496 -2.1503 1.9318 -0.630837 0.0347024 -0.775139 158 165 116
1.7751 -0.1254 3.2938 0.193095 0.652193 -0.733048 149 129 86
0.2977 -6.4154 3.8894 -0.925166 0.256336 -0.279928 146 138 63
-2.6463 -0.2025 2.8387 -0.0974799 0.0680813 -0.992906 154 137 100
0.897 1.3609 3.6844 -0.503009 0.0490458 -0.862889 143 145 62
-4.7772 -1.1602 2.0449 0.223075 0.056294 -0.973174 161 143 103
2.4542 6.9723 3.0823 -0.934055 0.348299 0.0789219 140 124 79
2.7045 -0.3352 2.893 -0.271474 -0.147821 -0.951026 146 121 86
-3.4987 -3.9826 2.6296 0.381687 -0.262087 -0.886355 151 131 82
0.1074 3.9037 4.0333 -0.202261 -0.30017 -0.932196 139 132 72
3.0954 -0.2405 2.7513 -0.56823 0.585332 -0.578361 154 156 71
-7.7087 4.2425 0.9527 0.231771 0.103395 -0.96726 182 150 120
-4.2961 -2.2098 2.2534 0.238461 0.273158 -0.931945 153 143 97
4.4651 -5.0072 2.2584 -0.677024 -0.0608376 -0.733442 166 151 112
-2.5717 3.531 2.9653 0.23004 0.0500305 -0.971894 136 142 90
-1.3748 -1.9622 3.5363 -0.29309 -0.324869 -0.899199 141 121 70
-7.3206 -4.2783 1.153 0.635541 -0.144672 -0.758392 165 140 114
-3.1511 6.0355 2.8144 0.358653 0.120113 -0.925711 149 130 84
-0.1656 3.0131 3.9485 0.0935106 0.386687 -0.917458 150 111 60
-3.05495 4.19795 2.74265 0.487091 0.861997 -0.140373 157 129 94
-4.4142 5.8556 2.2339 0.615319 -0.300535 -0.728739 157 145 88
0.4165 5.6043 3.8408 -0.525986 -0.402502 -0.749221 142 110 54
-5.9833 -6.102 1.671 -0.297498 -0.439531 -0.84753 168 163 102
-7.866 0.8413 0.8465 -0.974212 0.0449512 -0.221112 165 155 121
-1.7713 4.3049 3.3349 0.637177 -0.20785 -0.742162 123 148 75
-3.785 1.1069 2.5292 0.325356 -0.308568 -0.893828 157 143 101
-0.9404 0.2773 3.6407 0.539911 -0.512463 -0.667741 137 126 77
-0.1008 -0.2117 4.0295 -0.376453 -0.223053 -0.899183 157 127 74
6.7481 7.8878 1.2727 -0.887071 -0.409116 0.213843 176 144 109
4.8415 0.9767 2.086 -0.51702 0.219351 -0.827391 156 152 101
3.3399 -6.1227 2.697 -0.563733 -0.0768242 -0.822376 164 135 103
-6.483 -4.4257 1.3662 0.387454 0.105753 -0.915803 178 150 129
-5.2251 0.6608 1.9499 0.570094 -0.0617383 -0.819256 168 150 106
6.0254 -1.4186 1.609 -0.320219 -0.121525 -0.939517 170 126 118
-7.9269 4.3307 0.8138 -0.247747 -0.289796 -0.924467 173 148 127
-0.4767 4.8248 3.8204 -0.425198 0.181872 -0.88664 152 130 85
-5.0883 -2.7946 1.8813 0.311349 0.155907 -0.937419 157 138 109
-3.0867 -0.6709 2.779 0.29882 -0.0647581 -0.95211 158 144 98
1.0834 6.5381 3.4366 0.254862 -0.0374646 -0.966251 144 120 68
-4.8743 1.9827 2.0858 0.42501 0.625048 -0.654738 153 134 97
4.8386 7.6861 2.1791 0.375517 -0.00874377 -0.926774 162 141 104
-2.1907 -1.5002 3.0599 0.0269755 -0.399625 -0.916282 140 151 80
-3.6828 -5.6973 2.4954 0.385854 0.564586 -0.72963 140 129 94
-7.6401 -0.6711 0.937 0.443748 0.0658375 -0.89373 176 157 124
3.15625 -1.3523 2.74595 -0.544113 -0.305098 -0.781573 162 136 98
2.5773 0.0012 3.0653 0.405676 -0.339615 -0.84858 167 133 94
5.4209 -6.8346 1.846 -0.420521 0.168886 -0.891425 146 140 102
2.5782 1.9156 2.9014 -0.923095 0.250153 -0.292093 150 143 92
-1.5756 -5.4734 3.4534 0.28014 -0.951905 -0.124089 156 125 69
-1.9306 -6.8479 3.124 0.453201 0.445706 -0.771981 159 152 90
7.8014 -5.3086 0.9153 -0.205074 0.0646119 -0.976612 168 160 114
4.4528 -2.8289 2.2772 -0.406676 -0.000858847 -0.913572 161 127 90
-5.2396 -5.6911 1.8751 0.185157 -0.350047 -0.91825 154 165 89
4.5836 1.9963 2.0669 -0.228516 -0.0272714 -0.973158 164 139 78
1.1809 -1.533 3.5972 -0.278888 0.148056 -0.948842 143 138 76
-7.6313 -5.0961 0.9574 0.256763 0.367791 -0.893758 168 167 111
-5.5845 -6.902 1.804 0.57057 0.140186 -0.809196 157 152 103
2.6919 4.4411 2.8993 -0.0453527 0.0061317 -0.998952 142 134 80
-5.8137 7.0278 1.6929 0.739986 -0.100295 -0.665102 173 141 111
0.3285 -3.2788 3.9339 -0 -0 -1 137 128 68
4.8403 -3.4857 2.0317 -0.41508 0.233766 -0.879239 146 141 101
-3.7613 1.9388 2.4926 -0 -0 -1 154 149 91
5.028 -2.6617 2.07 -0.528319 -0.0954737 -0.843661 155 148 99
-2.6902 -5.242 2.8943 0.170015 -0.193193 -0.966319 147 140 68
2.3187 3.3516 3.0063 -0.326961 0.0938287 -0.940368 158 137 72
-5.0138 1.0585 1.9683 -0 -0 -1 162 153 98
1.1467 5.4528 3.4976 -0.526713 0.357041 -0.771424 151 144 74
-1.8747 -0.6432 3.2458 0.53359 -0.340825 -0.774029 147 117 89
1.6451 -0.0447 3.3313 -0.381414 0.329168 -0.863812 159 142 70
5.4371 1.7605 1.8262 -0.800975 -0.0820884 -0.593043 175 148 97
4.8597 6.8152 2.096 -0.434099 -0.203157 -0.877659 165 139 110
-4.5914 1.824 2.1435 0.223057 0.175653 -0.958849 167 140 93
-0.3449 -5.4597 3.911 0.020633 -0.735468 -0.677245 165 135 75
6.2198 1.9696 1.5568 0.235979 -0.482825 -0.843323 170 149 93
6.5917 3.751 1.4169 -0.166114 0.232915 -0.958205 154 145 103
-1.4905 4.0528 3.38265 0.322212 -0.287094 -0.902085 149 126 74
-1.5708 6.2603 3.2809 0.648127 0.0458292 -0.760152 121 152 88
-5.7404 -0.6663 1.684 0.554991 0.247457 -0.794198 168 125 120
-3.2277 -7.9242 2.7019 0.0748038 0.60654 -0.791527 164 144 106
6.6014 -4.0613 1.407 -0.0641731 -0.821472 -0.566627 163 163 107
2.943 -1.4013 2.7526 -0.304936 -0.0421826 -0.951438 154 131 91
0.6205 1.7136 3.8186 -0.709994 -0.470782 -0.523711 156 144 67
-1.0033 2.5683 3.5993 0.37711 -0.140122 -0.915507 143 137 70
7.627 -4.9745 0.9417 -0.611353 0.178742 -0.770908 165 146 117
-3.9796 -3.7792 2.4571 0.523571 -0.0846361 -0.847768 170 153 98
-5.1492 6.3215 1.8242 0.181937 -0.899052 -0.398252 151 139 107
-6.9058 -1.7027 1.1882 0.345828 0.408628 -0.844645 169 155 100
6.3369 -6.1349 1.4785 -0.541973 0.1459 -0.827634 168 158 108
2.5912 0.6284 2.9143 -0.488083 0.189339 -0.852013 164 140 83
6.3126 6.7143 1.419 -0.470245 0.808746 -0.353271 185 140 109
0.692 4.6979 3.6489 -0 -0 -1 154 108 61
-2.9898 -0.8534 2.7918 0.447011 0.178283 -0.876582 165 126 80
-7.1154 -7.0572 1.1806 0.499117 0.0723812 -0.863506 170 163 119
7.5949 6.9922 0.9541 -0.499394 -0.0972777 -0.860896 171 157 116
-4.3395 -5.3852 2.2526 0.328397 0.152603 -0.932131 140 129 95
-6.4893 -6.2433 1.3368 0.714428 0.0933699 -0.693451 168 138 112
5.3801 -4.1871 1.8509 -0.810172 0.0729475 -0.581635 164 132 109
-6.4013 -2.7559 1.4591 0.423219 -0.0417749 -0.905064 143 153 109
-0.391 4.9847 3.7949 0.130525 -0.0478019 -0.990292 130 135 86
3.4564 -0.8732 2.5579 -0.65613 -0.10852 -0.746804 155 131 79
-3.4052 -6.6971 2.6658 0.278841 0.339586 -0.898292 139 137 93
2.9257 -1.4597 2.7925 -0.298768 -0.00212872 -0.954323 159 142 71
3.7885 -4.4333 2.5525 -0.384006 -0.167565 -0.907999 166 114 88
-5.9221 0.81 1.5784 0.498477 -0.339531 -0.797646 172 140 119
2.1634 7.4457 3.1001 -0.292478 -0.0573933 -0.954548 142 126 93
-3.4732 -3.7228 2.5512 0.220167 0.327939 -0.918685 148 137 89
-3.5022 3.4416 2.4939 0.0200856 0.463986 -0.885615 151 158 85
-2.7727 1.6255 2.9268 0.262664 0.358113 -0.89597 160 135 73
2.6415 2.0241 2.8876 -0.487736 0.556211 -0.672861 148 141 52
6.9233 0.0732 1.1422 -0.293259 -0.196894 -0.935538 174 160 106
1.0498 -1.4927 3.5465 -0.198501 0.152209 -0.96821 138 135 72
-6.0451 1.2016 1.6227 0.0639031 -0.255289 -0.964751 160 154 72
7.5054 -1.7722 0.9951 -0.599055 0.221914 -0.769342 189 150 122
-2.4106 6.4324 3.0151 0.422752 -0.170276 -0.890105 150 137 91
-1.305 5.1083 3.5443 0.303882 0.137272 -0.942768 145 141 60
-6.7695 -0.4336 1.238 0.483502 -0.329926 -0.810787 144 142 118
-5.8607 7.3452 1.6909 0.869978 -0.181679 -0.458401 168 155 112
3.8377 2.4097 2.5173 -0.52972 0.282859 -0.799618 170 135 95
4.8774 4.8892 2.0342 0.372801 0.468016 -0.801237 171 138 92
-5.4334 -1.014 1.815 0.434252 0.277461 -0.856995 153 153 94
5.9413 2.8436 1.6223 -0.748327 0.243424 -0.617051 167 153 92
-7.7184 -1.5595 0.9274 0.83523 0.454831 0.309063 169 167 132
2.1657 6.985 3.091 -0.385815 0.427284 -0.817665 153 151 89
-0.3567 -1.671 3.7912 -0.0721248 0.639212 -0.765641 140 129 55
-6.7742 -3.0831 1.2771 0.516384 -0.0887283 -0.851748 169 150 111
-2.7653 -2.089 2.8973 0.0854822 -0.0484162 -0.995163 143 127 85
3.7296 5.2987 2.5275 -0.426708 -0.158469 -0.890398 145 156 84
5.0506 -2.0456 1.9097 -0.837721 -0.242471 -0.489317 150 140 96
-2.1933 1.5586 3.1913 0.61474 -0.102987 -0.781977 123 99 73
-2.9872 5.2548 2.7902 0.286044 -0.18357 -0.940468 159 133 90
7.6962 -2.0095 0.8902 -0.403449 0.577758 -0.709524 166 163 116
2.6518 -0.6128 2.9673 -0.423817 0.176664 -0.888352 142 143 90
0.8719 4.8097 3.6676 -0 -0 -1 144 128 82
6.9848 -0.824 1.2769 -0.568475 0.763585 -0.306227 176 139 114
3.1317 1.4187 2.8233 -0.200503 -0.116044 -0.972796 135 140 83
-1.4646 7.9652 3.4379 0.563481 0.0636376 -0.823674 142 137 71
0.5547 -0.7942 3.7565 -0.448616 0.16809 -0.877775 149 131 70
4.5127 2.2095 2.1732 -0.119665 0.989204 0.0845958 158 143 98
-5.6627 -6.855 1.8174 0.558217 0.148143 -0.816363 158 138 88
-5.8426 4.5869 1.7696 0.32762 -0.0404844 -0.943942 161 167 102
-4.8065 4.7792 2.0597 -0.0432925 -0.510412 -0.85884 158 138 96
2.9178 -4.3499 2.8009 -0.950308 -0.0243407 -0.310358 147 146 83
-1.233 1.51 3.5215 0.576063 -0.0622335 -0.815033 148 124 78
4.3913 -7.3644 2.2529 -0.362628 -0.124819 -0.923537 149 122 90
1.9561 -3.6297 3.2669 -0.566613 0.21442 -0.795596 153 124 98
-1.1518 -7.548 3.5913 -0.161086 0.289226 -0.94361 133 151 70
-7.1824 -3.5655 1.1655 -0.528201 -0.656373 -0.538682 177 153 102
1.4947 -0.2387 3.4318 -0.220483 0.165225 -0.961295 157 139 84
6.5176 5.8213 1.4574 -0.58545 -0.488787 -0.646789 166 134 109
-6.4119 5.486 1.4234 0.117236 -0.119641 -0.985871 151 175 107
-5.8083 -7.8817 1.6442 0.335911 -0.238407 -0.911222 173 152 114
6.7246 -1.0462 1.2592 -0.646692 0.0234974 -0.762389 160 146 122
3.0983 2.8474 2.6985 -0.704504 -0.102072 -0.702322 153 135 91
-3.1818 -0.8294 2.7465 0.0693549 -0.0467386 -0.996497 158 137 89
1.1425 1.4406 3.5427 -0.243445 -0.392593 -0.886908 155 142 78
0.3007 -7.2976 3.8878 -0.0275258 -0.590055 -0.806894 146 134 66
5.2902 -0.3401 1.8246 -0.362047 -0.120962 -0.924278 158 135 106
4.3823 -0.6218 2.293 -0.278612 -0.164192 -0.946265 155 122 96
5.5371 7.16 1.7647 -0.763879 -0.272702 -0.584912 160 136 86
2.7491 6.8092 2.881 -0.463242 0.0924863 -0.881393 150 131 90
4.2681 -7.7694 2.3197 -0.272781 0.460805 -0.844541 147 167 99
-3.3989 0.7799 2.6169 0.686322 0.0537582 -0.725309 159 157 91
-7.5339 3.1419 0.9995 0.280445 0.368775 -0.886203 171 156 112
4.5257 3.6516 2.1354 -0.368629 0.0259842 -0.929213 177 143 113
6.7712 -4.9631 1.2739 -0.400401 0.0195084 -0.916132 175 143 93
-2.6923 -0.4465 2.9006 0.388299 -0.0810039 -0.917967 155 147 91
4.997 -2.3291 1.9949 -0.247076 -0.287247 -0.925442 167 131 110
-1.4482 -6.6513 3.3191 0.866031 0.311674 -0.39096 157 136 77
-3.6353 -4.0708 2.5229 0.446731 -0.210044 -0.869662 163 150 100
-7.0385 6.6358 1.1724 0.4139 -0.16594 -0.89507 161 163 99
-3.2849 5.9434 2.6952 0.38293 0.0990107 -0.918456 143 132 77
4.2444 4.9749 2.3424 -0.401102 -0.402385 -0.822924 168 131 102
7.0773 6.4144 1.2075 -0.371029 0.0230762 -0.928335 177 161 105
4.8677 -6.4377 2.0023 -0.307925 -0.948028 -0.0801526 142 135 101
3.0631 0.0494 2.7588 -0.482517 -0.229071 -0.845402 156 119 90
7.3155 -7.5559 1.1224 -0.0289312 -0.0481516 -0.998421 165 149 105
-3.3032 -3.0187 2.6512 0.474412 0.123161 -0.871645 158 130 71
7.4991 0.4366 0.9636 -0.769183 -0.0576843 -0.63642 174 147 105
-3.858 -4.4073 2.5286 0.290434 0.113192 -0.950177 157 158 84
1.4921 7.1221 3.4465 -0.599723 -0.527289 -0.601913 129 120 91
1.4706 5.5293 3.4024 -0.448607 -0.123135 -0.885206 131 130 75
-0.5819 -6.3303 3.7799 0.665886 -0.325513 -0.671295 139 130 59
-0.1057 -0.6518 4.0532 0.0928408 -0.762318 -0.640509 133 122 69
2.7836 4.8425 2.9118 -0.315248 -0.134984 -0.939361 157 142 63
7.6744 0.8182 0.9432 -0.137229 -0.20651 -0.968773 164 168 98
5.3893 -4.4688 1.8648 -0.902326 0.228036 0.365797 169 140 96
-0.6707 2.2572 3.7642 0.356462 -0.121983 -0.926312 138 137 73
-5.3173 0.887 1.9262 0.354757 -0.262143 -0.897457 153 158 92
-1.1219 2.9411 3.506 0.00890056 0.203697 -0.978993 136 113 73
3.0015 -5.2967 2.7507 -0.10211 0.130273 -0.986206 162 130 110
-0.2964 3.3513 3.8295 0.515922 0.489232 -0.70319 147 114 64
-7.4914 4.8817 0.9366 0.372838 0.927764 0.01567 173 134 103
1.029 5.1525 3.5568 0.0757855 -0.489799 -0.868535 151 126 87
5.8336 -4.3128 1.736 -0.466998 0.372426 -0.802005 143 144 116
5.8437 -0.5557 1.7109 -0.0406933 0.55393 -0.831568 162 156 94
7.3089 4.3409 1.0994 -0.181929 -0.0790082 -0.980132 155 138 110
-1.4293 -7.7494 3.4514 0.526338 -0.466093 -0.711144 155 140 69
-7.4086 3.5651 1.046 0.00363509 0.557989 -0.82984 176 145 106
5.45335 -1.2981 1.8208 -0.844721 0.280723 -0.455675 163 127 111
-4.5008 7.0253 2.2038 0.224743 -0.216437 -0.950077 145 151 99
2.4622 5.7292 2.9556 -0.553207 -0.480591 -0.680437 143 112 86
1.2637 -2.723 3.5196 -0.343849 0.067901 -0.936567 138 120 76
-5.6204 -7.0223 1.7372 0.609703 0.37354 -0.699093 166 140 80
0.4087 5.113 3.8597 -0.0862728 -0.227459 -0.969958 140 134 71
-7.0037 6.8039 1.1851 0.149171 0.0273374 -0.988433 182 131 108
-7.3543 -0.7421 1.0081 0.541811 0.336461 -0.770217 167 143 116
3.1825 2.6124 2.682 -0.265457 0.394061 -0.879914 142 124 90
6.3153 1.5719 1.4572 -0.184535 0.114098 -0.976181 170 139 121
1.8866 7.7226 3.2958 -0.40181 0.437764 -0.804308 150 145 88
-0.1072 5.5191 3.9434 0.358595 -0.338182 -0.870082 127 124 62
-7.1122 1.1301 1.1048 0.436564 -0.572151 -0.694302 178 161 115
-4.0823 -4.8225 2.3429 0.258869 -0.278424 -0.924914 142 136 76
-3.9332 -0.1525 2.4267 0.43674 0.108826 -0.892981 159 151 82
7.8346 -4.9043 0.9013 -0.177469 -0.0361345 -0.983463 173 168 123
-3.0242 4.9374 2.7627 0.0799858 0.405743 -0.91048 141 142 97
-4.3779 -2.2589 2.2539 -0.0861727 -0.0834262 -0.992781 160 136 107
-4.4305 -3.4761 2.2664 0.419457 0.330008 -0.845666 154 152 94
-2.355 -0.3872 3.053 0.229101 0.0282751 -0.972992 157 121 91
0.9597 -1.9929 3.6088 0.00653813 -0.174626 -0.984613 117 144 84
4.7284 3.5564 2.017 0.419053 -0.246972 -0.873727 157 134 94
7.1265 -2.5478 1.0194 -0.10459 0.921705 -0.373525 176 139 96
7.8944 -7.1418 0.8326 -0.468872 0.286369 -0.835555 174 166 108
-1.3909 3.6742 3.5308 0.90665 0.306593 -0.289805 124 135 86
-7.4261 -6.9265 1.0377 0.361783 -0.395164 -0.844369 165 150 107
-1.3175 2.3535 3.5718 0.715955 -0.484595 -0.50257 127 132 63
2.9728 -6.7264 2.8496 -0.755081 0.427754 -0.496869 128 147 71
-4.708 -5.3727 2.218 0.176085 -0.0382528 -0.983631 147 145 98
7.1062 0.4847 1.1709 -0.409722 -0.288214 -0.865483 181 153 111
-2.2403 6.3434 3.1061 0.65355 0.0473723 -0.755399 133 132 82
5.2671 -0.3023 1.909 -0.26568 0.170221 -0.948915 163 154 108
-0.6687 2.8917 3.7998 -0.128984 0.869423 -0.476934 154 142 91
3.1159 7.8433 2.7751 0.0539239 0.640922 -0.76571 162 143 80
3.0603 -0.689 2.7633 0.519295 -0.816476 -0.252389 143 138 93
3.5343 -3.8046 2.5777 -0.324542 -0.0914354 -0.941442 152 132 91
-0.6063 -0.594 3.7838 0.935919 -0.0968197 -0.338647 153 116 76
-4.4072 -2.9969 2.2254 -0.237882 -0.511167 -0.825906 146 148 92
-6.2932 7.256 1.5266 -0.0485291 -0.311819 -0.948901 164 157 122
-7.5074 -3.9501 1.0431 -0.0979682 -0.0380344 -0.994462 166 151 96
5.0621 -7.6034 1.8855 -0.55636 0.432919 -0.709256 165 140 124
-4.5846 -0.7021 2.0661 0.382912 0.212106 -0.899105 156 139 122
0.8838 -3.2508 3.7078 -0.0763692 0.601796 -0.79499 143 133 93
-7.8178 -5.2691 0.8898 -0.448147 0.37715 -0.810507 173 144 109
1.6263 5.9725 3.2653 -0.0518534 -0.898135 -0.436652 153 152 86
4.1367 6.593 2.393 0.411995 -0.354553 -0.839376 164 134 96
-6.387 -3.2707 1.5 -0.241019 0.194895 -0.95075 176 156 121
1.8186 4.5049 3.2632 -0.353171 0.0142712 -0.93545 154 139 88
0.7638 -0.7093 3.7248 0.0839524 -0.406272 -0.909888 138 131 69
-2.5701 3.7558 2.9459 0.397214 0.169662 -0.901907 140 152 100
5.7021 5.0985 1.7132 -0.636359 0.140687 -0.758455 167 149 97
3.3181 -6.6056 2.7238 -0.573489 -0.0381054 -0.818327 156 142 94
0.0223 6.0967 3.9552 0.0351931 0.231188 -0.972272 142 122 67
-1.7975 6.6527 3.2245 0.702268 -0.0726928 -0.708192 129 135 88
6.6736 -3.4115 1.393 0.464644 -0.128338 -0.876148 148 139 97
7.3775 -3.2156 1.0518 -0 -0 -1 177 153 114
2.139 -3.0458 3.1851 0.196921 0.159641 -0.967335 139 112 87
-7.1912 -0.3014 1.148 0.21934 0.248203 -0.943549 158 144 103
-1.9119 -1.7608 3.2556 0.253302 0.0673491 -0.96504 160 133 72
-6.4856 0.1057 1.3824 0.517237 0.320741 -0.793468 180 154 107
-5.0286 2.9895 2.0051 0.158555 -0.112049 -0.980972 185 135 89
-4.0945 -0.6947 2.3768 0.333556 0.0690356 -0.940199 165 128 94
-3.25725 5.9569 2.67035 0.440953 0.185495 -0.878153 154 126 91
6.942 2.6681 1.2321 -0.141541 -0.076337 -0.986985 170 151 119
0.2987 2.0083 3.8328 0.645829 -0.762848 -0.0311248 144 132 67
-3.6837 -0.433 2.4685 0.0379366 -0.0984268 -0.994421 158 116 98
3.698 5.1262 2.5704 -0.724257 -0.0100748 -0.689457 159 141 94
-1.9922 7.3955 3.1019 0.200645 0.693834 -0.691619 143 135 82
1.7566 -1.7839 3.242 -0.489322 0.188286 -0.851536 155 117 55
3.9246 -6.4662 2.4188 -0.495077 -0.0206168 -0.868604 163 150 102
-2.8343 -3.3779 2.8598 0.667437 0.0878057 -0.739471 158 136 102
-7.429 7.2464 1.048 -0.0448679 0.640227 -0.766874 177 142 103
-5.2996 -1.3684 1.8492 0.142972 0.243027 -0.959425 158 140 97
-6.60725 -2.7073 1.3995 -0.107196 -0.00269564 -0.994234 165 160 110
0.3814 3.7088 3.8128 -0.54275 -0.0978934 -0.83417 153 122 70
-2.4766 4.4319 2.9959 0.522827 0.440982 -0.729512 151 135 92
5.2887 -2.5924 1.8335 0.088384 -0.160495 -0.983071 146 146 114
-0.6181 -0.1062 3.7244 0.525596 0.106196 -0.84408 149 139 69
-0.2552 0.8084 3.8841 0.436728 0.436601 -0.786541 142 135 68
3.5468 5.3286 2.5552 -0.24351 -0.391922 -0.887186 137 135 82
-7.654 3.0376 0.9484 -0.00718025 0.415063 -0.909764 173 164 113
2.0751 -3.0474 3.1992 -0.042072 0.178483 -0.983043 146 134 80
-2.3273 7.4608 3.1045 0.409177 0.17954 -0.894617 148 131 81
-3.502 -7.8052 2.6035 0.200681 0.0888986 -0.975615 136 149 121
-0.2078 4.6654 3.8991 0.312647 -0.199822 -0.928614 137 125 61
2.0402 -2.706 3.1996 -0.582633 -0.118258 -0.804086 148 141 75
3.9224 -3.3712 2.3731 -0.440701 -0.0580741 -0.895773 130 133 106
-6.5303 0.1158 1.3561 -0.513264 -0.66769 -0.539212 176 145 122
-2.8148 -2.4439 2.9276 0.297878 0.197404 -0.93397 141 138 103
-3.5154 -0.7903 2.6248 0.442037 -0.772627 0.455687 159 136 70
-4.706 5.9794 2.1606 0.275914 -0.201641 -0.939794 164 141 88
4.104 -3.8639 2.3885 -0.615667 0.00421289 -0.787995 146 127 95
4.9142 -4.7472 2.0459 -0 -0 -1 164 146 106
-4.6531 -0.3617 2.1618 -0.379415 -0.117089 -0.917788 158 137 91
-4.3705 -1.2205 2.328 0.814357 0.383543 -0.435566 163 144 100
5.0962 1.4342 1.9425 -0.566888 -0.300491 -0.767035 159 169 107
-0.3476 2.1033 3.818 -0.122664 0.683988 -0.719107 128 125 77
1.8271 1.2904 3.3397 -0 -0 -1 141 127 93
-7.6655 -2.6971 0.9864 0.496578 -0.0441329 -0.866869 171 163 125
-7.5161 0.2107 0.9814 0.252392 0.022939 -0.967353 166 143 126
-3.1073 3.2125 2.7342 0.0734775 0.0214502 -0.997066 147 126 71
3.0404 3.5321 2.8363 -0.449246 0.517063 -0.728577 153 125 73
5.5772 -7.5676 1.7896 -0.543962 0.127578 -0.829355 160 149 96
-7.4367 -7.3796 1.0219 0.472449 -0.874717 -0.107996 166 137 110
2.013 -2.00455 3.1937 -0.476129 0.238173 -0.846508 147 127 94
0.2723 -1.4792 3.8909 -0.0434839 -0.491474 -0.869806 125 128 61
7.2564 -3.6828 1.1457 -0.11306 -0.310669 -0.94377 180 144 126
-7.8341 -5.7177 0.8785 0.236563 -0.186231 -0.953602 151 162 106
-7.1161 0.8674 1.1892 -0.138625 -0.161321 -0.977118 166 141 124
-5.96 -5.7175 1.5992 0.444445 -0.0535942 -0.894202 174 142 93
3.9932 -0.8553 2.4238 -0.602253 -0.00631658 -0.798281 149 158 88
1.6099 4.2031 3.3457 -0.488798 0.787005 -0.376429 159 124 81
-0.7205 6.4893 3.7525 0.124904 -0.093317 -0.987771 133 130 94
-5.1285 3.4059 1.9027 0.817669 -0.258582 -0.514346 156 146 92
2.4332 -2.105 2.9226 -0 -0 -1 159 122 88
-6.808 6.3855 1.2634 0.395827 -0.300206 -0.86787 162 150 118
7.8829 7.303 0.8646 -0.0884332 -0.178944 -0.979877 165 143 118
7.4759 3.8132 0.9684 -0.463619 0.0121297 -0.885952 165 139 119
-7.0847 -5.3516 1.1195 0.751285 -0.564276 -0.342292 170 145 109
-2.9771 7.5031 2.7737 0.0972941 -0.0300816 -0.994801 146 122 88
-0.0258 2.3561 3.9719 -0.372085 -0.143642 -0.917017 145 130 43
1.73 6.8078 3.2656 -0.364993 0.113308 -0.92409 142 144 86
-1.7188 -2.6089 3.4066 0.278781 0.332769 -0.900859 137 131 71
-0.5506 -2.0059 3.7951 0.530222 0.11935 -0.839417 151 113 44
-0.4316 5.6341 3.7491 -0.0504261 -0.129351 -0.990316 133 133 62
3.1646 -1.5461 2.676 -0.396757 -0.295876 -0.868931 163 132 96
-0.0476 -1.6625 4.0432 0.701503 0.187618 -0.687527 149 133 69
-2.4903 0.4544 2.9444 0.234147 -0.153356 -0.96003 161 136 81
-6.1722 -7.7603 1.5894 0.322954 0.344373 -0.881537 154 152 89
-4.5754 -1.7103 2.193 0.09872 -0.845644 -0.524539 163 143 107
-3.3881 -5.3081 2.5782 0.11252 0.548344 -0.828648 160 142 83
-6.7802 7.6649 1.2277 0.100749 -0.113336 -0.988435 169 159 92
-4.702 7.3758 2.0761 0.539641 -0.253104 -0.802949 145 131 77
-5.124 -0.8236 2.0373 0.706418 -0.0777573 -0.703511 150 143 87
-2.4245 5.3713 2.9851 0.465411 -0.025816 -0.884718 156 124 84
6.4568 0.7708 1.4257 -0.278238 0.055166 -0.958927 152 139 98
6.0499 -7.7948 1.6222 -0.420872 -0.138962 -0.896413 169 143 96
0.7062 3.9194 3.6542 0.62877 -0.750557 0.203255 150 129 77
-3.9669 4.0675 2.441 0.53628 0.125437 -0.834667 157 134 93
3.3976 4.8252 2.6759 0.130897 0.577731 -0.805663 165 161 85
4.7687 2.7504 2.097 -0.501464 -0.0627704 -0.862898 175 146 97
-5.3348 6.2874 1.9298 0.4586 -0.715807 -0.526599 168 146 121
2.6041 7.9184 3.0095 -0.727265 0.171636 -0.664549 160 131 72
0.6064 -4.9517 3.768 0.663065 -0.678852 -0.315442 138 137 84
-1.926 1.25 3.2478 0.388531 -0.326839 -0.861522 147 135 81
1.284 -7.4857 3.4352 -0.478002 0.718556 -0.505164 137 144 74
0.5484 -4.4579 3.7506 -0.327562 0.0305216 -0.944337 141 148 73
2.3023 0.4204 3.069 -0.746826 0.0974167 -0.657846 140 126 84
-3.3727 -1.1151 2.6094 0.202214 0.062038 -0.977374 157 141 96
3.4869 3.1433 2.6728 -0.772847 -0.379724 -0.508446 153 129 82
4.7648 0.4665 2.1677 -0.396935 -0.680667 -0.61574 163 150 94
-1.8757 6.9911 3.2588 -0.00528697 -0.103746 -0.99459 149 145 91
6.9844 -3.4374 1.2058 -0.577792 0.0348024 -0.815442 170 138 116
-1.8505 4.0769 3.2291 0.130999 0.311885 -0.941046 142 147 79
3.5498 -0.4892 2.493 -0.736519 -0.125295 -0.664711 145 130 86
-5.2772 -0.9688 1.91 0.24836 0.124061 -0.960691 163 149 87
-2.0443 6.5502 3.251 0.122378 0.310724 -0.942589 155 156 77
1.3906 -3.5655 3.3447 0.876723 0.480952 -0.00645267 128 136 73
-6.3126 -3.8588 1.47 0.267858 -0.1414 -0.953026 176 157 102
-4.0996 -0.9475 2.3001 0.290999 -0.0871071 -0.95275 155 136 110
-4.0442 -1.1137 2.4178 -0.0829667 -0.0677259 -0.994248 167 128 101
2.9345 -6.8034 2.8324 -0.72296 0.247339 -0.645099 151 128 88
2.7993 2.7849 2.9214 -0.275504 -0.168492 -0.946418 150 134 76
1.1016 7.8259 3.5937 -0.519586 0.00605848 -0.854396 136 135 85
0.4509 -3.7069 3.8494 -0.191251 0.0849689 -0.977857 143 141 66
1.6457 3.8598 3.4247 -0.0544197 0.0249496 -0.998206 141 123 68
-3.4281 0.1141 2.7061 0.684498 0.462 0.563931 125 139 98
3.9933 6.6393 2.406 -0.212621 -0.484902 -0.848329 138 131 97
6.7245 -5.7056 1.2638 -0.33286 -0.0797939 -0.939594 163 142 121
3.2979 4.238 2.6912 -0.967434 -0.0456482 0.248972 135 141 98
2.1446 1.7724 3.1715 -0.411838 0.0988367 -0.905881 136 141 112
-0.1862 7.3162 3.9907 0.313303 -0.258605 -0.913764 153 120 74
5.5438 7.5909 1.7354 -0.44796 -0.0748084 -0.890918 179 143 110
7.8475 -0.4866 0.8597 0.115503 -0.819444 -0.561401 173 154 124
3.9819 4.493 2.2756 -0.734548 0.676676 -0.0504845 149 147 96
-1.416 -7.6462 3.356 0.962863 -0.250546 0.100603 155 143 75
5.6193 4.8741 1.7335 -0.546415 -0.0956705 -0.832032 159 139 107
1.1106 -7.6885 3.673 -0.948492 -0.311606 0.0571426 151 139 87
-2.324 6.4843 3.0943 0.258182 -0.109413 -0.959881 159 138 64
-6.5172 3.4231 1.402 0.639236 -0.186953 -0.74594 167 164 113
3.5601 7.2595 2.602 -0.340221 0.0474674 -0.939147 159 139 94
3.5024 -0.3342 2.5964 -0.145481 0.422669 -0.894531 135 143 81
-4.0759 0.1481 2.3392 0.514599 0.0998072 -0.851602 160 142 82
-6.9697 2.7456 1.2305 0.431628 0.354308 -0.829556 172 146 124
-7.5644 0.8682 0.9246 -0.338777 0.229728 -0.91239 160 174 115
-1.8588 6.8567 3.2382 0.00542218 0.0243689 -0.999688 135 128 70
-4.1734 2.1525 2.2995 0.404313 -0.0337263 -0.913998 157 151 80
-6.6743 -4.1942 1.2965 0.215669 0.441457 -0.870978 168 136 105
7.0183 6.6828 1.2539 -0.278013 0.0403977 -0.959727 180 159 108
5.5608 -5.8322 1.7787 -0.0602065 -0.0158343 -0.99806 166 148 100
7.798 -7.5381 0.8926 0.133049 -0.136114 -0.981718 165 154 119
5.3511 7.6714 1.9185 -0.360992 -0.207603 -0.909168 144 120 94
-5.7474 -2.5682 1.6494 0.434762 0.0225057 -0.900264 176 150 108
-7.0934 -4.8386 1.2121 0.371663 0.190941 -0.90852 155 163 111
7.5131 6.1121 0.953 -0.302553 -0.00379979 -0.953125 170 140 103
4.7095 -3.9005 2.1054 -0.170346 0.145379 -0.974601 171 154 99
-5.5549 6.8189 1.7501 0.674373 -0.670368 -0.309559 151 137 113
-4.3131 -0.3173 2.3305 0.687768 0.263871 -0.676274 143 147 91
-6.6318 5.2273 1.349 0.484116 0.191015 -0.8539 170 159 103
6.6197 -5.5558 1.2912 0.0134817 0.223312 -0.974654 159 131 102
5.5368 5.3014 1.7188 -0.360238 0.148307 -0.920996 161 154 91
-0.1371 -1.4322 3.9836 0.309795 -0.074165 -0.947906 135 132 93
6.2264 -1.2435 1.5092 0.203174 -0.120604 -0.971687 150 162 97
-3.0335 0.5208 2.7811 0.209605 -0.258404 -0.943023 160 144 90
-0.77 -7.2199 3.6259 0.376124 -0.189885 -0.906904 150 118 85
6.4716 6.7654 1.3933 -0.313972 0.14293 -0.938612 162 128 98
1.1977 5.6963 3.5648 -0.59577 0.0440812 -0.801945 140 136 89
4.732 -2.2238 2.1273 -0.439928 0.185561 -0.878653 149 145 96
1.4058 6.0529 3.4358 -0.0131847 -0.128771 -0.991587 155 135 79
3.8715 3.7802 2.5392 -0.68037 0.0399527 -0.731779 172 139 85
4.9787 -2.4359 2.0032 -0.355246 -0.0451482 -0.933682 164 142 111
3.4792 5.1059 2.6647 -0.164992 0.279414 -0.945889 158 140 98
0.7412 -5.5929 3.7599 -0.436619 -0.168508 -0.883725 141 137 59
-3.9266 -6.0501 2.4846 -0.0189106 -0.554801 -0.831768 166 153 104
-5.9554 -5.3365 1.6663 0.992474 0.0541863 0.109817 153 151 82
1.2551 5.2698 3.5222 -0.261206 0.202977 -0.943701 149 117 60
5.6183 0.1018 1.7237 -0.32445 0.0667347 -0.943546 167 126 90
-0.7548 6.7291 3.7062 0.433472 0.160295 -0.886796 138 136 67
7.706 1.0791 1.0065 -0.790429 0.14411 -0.59536 164 154 115
-1.7863 -1.5098 3.228 0.203542 -0.0626325 -0.977061 160 138 89
0.6524 -1.0263 3.7788 -0.034834 -0.169543 -0.984907 142 135 60
0.1338 6.9298 3.8988 0.0273546 -0.082434 -0.996221 145 128 70
7.3574 3.0064 1.0967 -0.412603 -0.227468 -0.882053 181 133 108
-7.4937 3.5899 1.0296 0.422755 0.0842062 -0.902323 157 151 106
-4.9359 -1.9893 2.0316 0.415891 -0.253879 -0.873258 153 168 108
-4.2116 0.12 2.2644 0.655822 -0.0207928 -0.754629 153 145 89
7.7759 5.26 0.816 -0.0547935 0.0358247 -0.997855 169 146 117
-5.2504 -4.7654 1.9669 0.4497 0.203084 -0.869785 165 133 99
-0.8748 2.1641 3.6875 0.285834 -0.348171 -0.892791 147 132 82
3.775 5.4826 2.4276 -0.247363 0.123207 -0.961057 161 147 84
0.8393 2.2094 3.7419 0.190991 0.00330919 -0.981586 143 129 71
-0.7641 -2.3435 3.8046 0.790879 0.458357 0.405486 139 128 83
6.287 -7.2425 1.472 -0.364449 -0.100754 -0.925757 167 165 104
3.4709 -6.0343 2.5674 -0.165409 -0.192707 -0.967214 154 134 92
3.2858 0.1462 2.7332 0.330525 -0.107457 -0.93766 137 133 90
3.568 -2.9394 2.6016 -0.393659 -0.211976 -0.894482 151 123 95
-2.2721 3.3154 3.0935 0.505355 0.216727 -0.835252 147 152 83
-0.5081 -7.4805 3.7453 0.382771 -0.146543 -0.912147 149 121 78
6.5554 7.8872 1.3645 -0.189182 -0.268522 -0.944514 172 133 119
5.3972 -2.8487 1.8853 -0.489606 0.295384 -0.820386 156 155 105
-4.8475 6.6296 2.1446 -0.41985 0.904347 -0.0766931 151 158 90
4.9559 5.6725 1.9983 -0.542676 -0.149546 -0.826522 162 158 96
-4.30005 -7.15485 2.2415 0.324992 -0.00504344 -0.945703 153 137 114
-5.2298 2.9762 1.8839 0.272628 0.223159 -0.935881 150 138 118
-7.7322 -1.7115 0.9554 0.560661 -0.0770797 -0.82445 174 155 104
-0.451 -1.5855 3.822 0.218773 -0.0642441 -0.973659 154 133 58
0.6556 7.6576 3.6562 0.068354 -0.675274 -0.734393 142 134 72
-2.0956 -1.4473 3.1215 0.301349 0.255622 -0.918611 149 139 96
-1.6556 -5.0699 3.3005 0.553067 -0.0883214 -0.828442 160 139 87
6.3661 -7.732 1.3399 -0.674289 0.716725 -0.177876 159 165 107
5.1941 -3.5703 1.934 -0.438884 -0.142617 -0.887154 153 142 103
0.6533 5.8598 3.7756 -0.0978636 0.0790004 -0.992059 163 116 72
2.9644 7.3452 2.7889 -0.605645 0.185412 -0.773833 141 149 85
-4.964 6.1952 2.0343 0.293117 -0.142219 -0.94544 169 140 80
-1.0476 0.6269 3.5306 0.117012 0.262634 -0.957774 163 122 88
3.9798 7.8179 2.382 -0.456566 0.265389 -0.849186 142 124 103
-2.8092 7.9293 2.8014 -0 -0 -1 145 140 101
5.7401 -0.3007 1.7795 -0.696639 0.251614 -0.671851 171 157 105
4.5743 -3.4825 2.125 -0.855282 0.516155 -0.0455691 147 127 99
-5.6291 1.3093 1.7968 0.478402 -0.0980891 -0.872646 142 128 110
-4.1585 1.5276 2.3704 0.568635 -0.284447 -0.771845 163 116 107
6.0344 1.7892 1.683 -0.506202 -0.103076 -0.856233 164 150 117
2.6535 5.443 3.0061 -0.226363 0.159625 -0.960874 155 137 93
-5.6153 -1.7577 1.7299 0.723212 0.10053 -0.68327 150 153 90
1.5099 3.4605 3.4537 0.713545 0.609795 -0.344971 124 126 63
-5.0567 -5.1072 2.0007 0.175305 0.00999464 -0.984463 164 153 83
0.6661 -3.7029 3.7743 -0.132231 -0.262991 -0.955694 149 150 50
5.2659 -7.5124 2.0373 -0.276174 0.954245 -0.114646 150 141 106
-4.3267 7.709 2.3285 0.382754 0.0179088 -0.923677 157 146 97
-7.1257 4.8369 1.1725 -0.0159912 -0.373508 -0.927489 161 158 109
2.0796 4.04 3.2133 -0.389315 0.458381 -0.79895 159 130 78
-1.0813 1.8906 3.5695 0.657608 -0.262618 -0.706105 152 137 80
0.6816 -0.7315 3.7061 -0.33923 -0.097301 -0.935658 146 133 71
5.3434 7.8395 1.8501 -0.559845 -0.0699429 -0.82564 169 146 109
-2.2438 4.3843 3.1125 0.280263 -0.0832964 -0.956302 132 128 76
0.7787 1.3241 3.7161 -0.31941 -0.068543 -0.945135 152 138 79
6.7718 -0.0121 1.3286 0.0052967 0.179787 -0.983691 182 140 117
1.6573 5.3993 3.358 -0.222348 0.833707 -0.505464 137 128 72
0.3206 -7.6008 3.8923 -0.744951 -0.240692 0.622186 142 135 60
-1.7822 -2.569 3.3284 0.646606 0.131092 -0.751476 140 125 89
6.646 1.183 1.4056 -0.205182 -0.411734 -0.887905 182 139 131
-4.9528 -2.808 2.0035 0.647753 -0.205179 -0.733701 176 138 107
7.0486 4.6088 1.2717 0.330024 -0.242504 -0.912292 165 144 114
-2.3006 2.9335 3.0302 0.517374 0.58542 0.624186 156 127 89
3.8457 -5.4144 2.4608 -0.465135 0.0839751 -0.881248 165 147 94
5.4366 -7.406 1.719 -0.204972 -0.937706 -0.280525 159 147 84
6.4427 -2.9115 1.3736 -0.206724 -0.0196614 -0.978202 148 155 119
5.6038 -7.1864 1.7151 -0.213848 0.248249 -0.944797 148 131 112
7.3685 -6.0771 1.0417 -0.330743 0.43628 -0.836821 162 152 111
-2.4198 4.1108 3.0817 0.518039 0.172024 -0.83788 149 134 89
0.454 2.1793 3.9146 -0.793764 -0.57646 -0.193993 121 125 68
2.0118 -1.6512 3.265 -0.429855 0.169865 -0.886776 136 114 66
-3.1002 -3.5891 2.7807 0.266384 -0.326062 -0.907041 154 117 83
5.7695 7.4614 1.7256 -0.306771 -0.236489 -0.921935 160 138 97
-5.9161 -0.3033 1.6497 0.425965 -0.499749 -0.754192 175 143 104
3.6672 4.5133 2.5291 -0.400708 0.736007 -0.545644 149 131 86
0.4122 0.4833 3.7843 -0.0573172 0.0284686 -0.99795 140 129 84
-0.4279 -1.2906 3.7899 0.0584134 -0.111152 -0.992085 153 129 77
-3.2068 -7.71 2.7415 0.256034 -0.00057127 -0.966667 140 130 84
2.6196 -6.0125 3.0083 -0.314044 0.322462 -0.89297 127 128 94
-7.1186 6.5856 1.1665 0.370716 -0.201009 -0.906733 183 150 137
5.2378 -6.5871 1.8822 -0.480195 -0.147668 -0.864642 146 134 115
-1.2401 -5.5759 3.5415 0.0437568 0.482638 -0.874726 135 139 62
-4.1309 7.0047 2.4086 0.625605 -0.0324603 -0.779464 146 124 97
1.5369 -5.0243 3.4274 -0.762064 -0.0188403 -0.647227 133 144 83
-6.8695 0.0584 1.2881 0.818834 -0.16865 -0.548697 177 165 105
-4.5348 4.8625 2.2062 0.394803 0.0415076 -0.917828 167 136 86
-0.8419 4.8416 3.7535 0.941806 0.257666 -0.215892 165 124 79
7.3373 5.3132 1.048 -0.756193 -0.117376 -0.643736 165 148 111
-4.6106 -1.8955 2.0765 0.233769 -0.777162 -0.58427 164 149 110
3.3233 0.4981 2.6053 0.100392 -0.64238 0.759782 156 134 117
0.5194 0.4256 3.8836 -0.210435 -0.184027 -0.960131 152 148 63
6.6904 -7.495 1.3827 -0.22067 0.0568854 -0.973688 154 146 105
0.6724 1.7963 3.6599 -0.644428 -0.475429 -0.598899 137 118 61
-7.4321 -5.8362 0.9607 0.0806641 0.157507 -0.984218 162 148 122
-5.9496 3.8061 1.6463 0.80558 -0.507391 -0.305932 159 166 96
-0.5495 6.8568 3.7209 0.539655 -0.325478 -0.776425 144 121 79
1.3152 -3.4713 3.4586 -0.613543 0.158604 -0.77357 123 136 90
2.5078 -6.2965 3.0165 -0.0473866 0.243224 -0.968812 143 133 79
4.4643 3.2167 2.2405 -0.0339931 -0.0789278 -0.996301 155 133 87
2.9263 1.739 2.9118 -0.735447 -0.0161013 -0.677391 172 139 87
-5.614 4.238 1.6828 0.273312 -0.583667 -0.764613 160 141 110
-3.9275 -1.6725 2.4024 0.520019 0.397751 -0.755893 162 138 84
7.8122 4.7025 0.8585 -0.379451 -0.17487 -0.908536 171 150 126
-0.6123 -0.4183 3.7627 0.601906 -0.136076 -0.786888 158 131 74
2.7529 -7.3433 2.9668 -0.510925 -0.205258 -0.83476 145 128 89
-6.4876 -3.181 1.587 -0.806559 0.296975 -0.511145 165 160 116
0.9243 -3.8264 3.5667 -0.331898 0.416945 -0.846168 149 138 81
-3.1798 6.5957 2.7798 0.7392 0.602152 0.301656 147 140 87
7.6968 -7.9055 0.8606 0.7558 0.584383 -0.295402 175 160 109
1.0898 -7.573 3.5316 0.671766 0.118607 -0.731206 132 131 87
4.1141 1.538 2.4325 -0.246067 0.000898306 -0.969253 145 133 96
-7.9842 -6.4215 0.8475 0.158215 -0.00290044 -0.9874 167 149 120
7.3508 -4.852 1.0181 -0.196959 -0.156595 -0.967825 177 164 115
0.0533 4.4039 3.8815 -0.515727 0.178847 -0.837878 124 139 81
1.0522 -7.5545 3.5757 0.65531 0.0455086 -0.753988 151 142 88
4.6972 5.4647 2.0704 -0.351935 0.0623337 -0.933946 156 139 110
0.771 3.074 3.6734 -0.475828 0.0238921 -0.879214 131 141 73
4.557 -0.8553 2.1775 -0.694412 -0.354898 -0.625971 157 164 91
-0.75 6.2486 3.591 -0.103538 -0.00417205 -0.994617 141 155 90
-7.2085 2.6485 1.1357 -0.0853194 0.518344 -0.850905 171 143 101
6.4596 3.5432 1.4792 -0.726095 -0.0816093 -0.682734 161 143 96
-2.347 -7.1815 2.95195 0.734318 -0.618717 -0.279223 147 134 89
0.7275 3.9182 3.7388 0.251474 -0.812564 0.525833 155 125 63
-4.6731 -0.7748 2.1198 0.0706188 0.224126 -0.971998 160 137 106
7.8469 1.426 0.8413 -0.486985 -0.578494 -0.654363 157 161 121
-7.0407 -4.3699 1.2386 0.117151 0.292136 -0.949175 163 144 122
0.5431 -3.0687 3.7914 -0.795284 0.530124 -0.294093 141 138 47
-7.7764 -4.6916 0.8278 0.781538 -0.151484 -0.605186 177 158 111
6.6204 -4.1689 1.4272 -0.301869 -0.0208696 -0.953121 156 141 127
1.4597 -5.9038 3.3328 0.0315994 -0.23118 -0.972398 170 145 66
0.739 -7.4673 3.6647 -0.320096 0.300724 -0.898389 139 120 67
6.929 6.5923 1.1895 -0.282554 0.311578 -0.907239 158 153 107
-4.5491 1.0105 2.2528 0.0292557 0.497671 -0.866872 140 133 108
5.7537 5.7522 1.6648 -0.742134 -0.440445 -0.505218 174 130 105
6.7597 -1.4697 1.3058 -0.52746 -0.410762 -0.743681 167 148 90
-7.3812 3.0609 1.0352 0.495319 0.662881 -0.56147 151 152 124
0.705 -6.1717 3.7337 -0.622186 -0.0949224 -0.777094 145 125 80
3.9762 3.4107 2.3057 -0.03036 -0.411951 -0.9107 161 144 107
-0.4501 -4.7126 3.7876 -0.51359 0.316218 -0.797641 140 140 65
-7.3839 2.4555 0.9706 0.52403 0.598903 -0.605565 171 150 121
3.6005 7.3399 2.5587 -0.622783 -0.108735 -0.774802 161 112 83
-6.418 -3.0916 1.4155 0.259078 0.233912 -0.937104 159 142 109
7.3682 -1.4301 1.1312 -0.411468 0.240307 -0.879174 158 146 123
-0.0233 -7.0748 3.9062 0.24451 -0.359743 -0.900444 135 143 65
2.8977 -0.2979 2.7864 0.00235695 0.723675 -0.690137 148 145 96
5.7418 6.7527 1.7994 -0.323309 -0.096946 -0.941314 152 150 99
3.1167 6.4055 2.6878 -0.707678 0.684408 0.175436 148 133 81
2.4492 6.3574 3.059 -0.562159 0.304308 -0.769008 139 154 92
-2.6504 3.4676 3.0076 0.203363 0.0538881 -0.977619 135 137 82
-4.1603 -0.0483 2.3996 0.365477 0.0786957 -0.927488 158 147 94
5.7537 -1.7492 1.7889 -0.473178 0.0168696 -0.880806 153 151 113
-5.5622 -2.9902 1.8067 0.16901 0.0630596 -0.983595 164 140 109
5.2404 5.1621 1.949 -0.274775 -0.242497 -0.930427 134 148 113
5.3606 4.577 1.8795 -0.260578 0.154335 -0.953037 170 156 98
5.1404 -0.032 1.8756 -0.110031 -0.658581 -0.744422 161 143 111
0.7035 -6.2099 3.7475 -0.622186 -0.0949224 -0.777094 143 142 74
0.0491 5.248 3.9394 -0.101265 0.0760375 -0.991949 135 143 64
-0.2272 -4.2648 3.8472 0.516894 -0.0462924 -0.854797 152 116 86
-7.3836 -1.4638 1.1593 -0.492735 -0.204663 -0.845769 174 144 105
3.7256 -7.3705 2.5889 -0.659207 -0.696272 -0.283992 142 153 111
0.6595 -4.0131 3.668 -0.0371219 -0.560143 -0.827564 147 134 68
2.0178 6.7353 3.2551 0.0230517 0.138648 -0.990073 123 130 80
6.223 -3.2185 1.5777 0.807461 -0.0219147 -0.589514 144 158 106
-7.6437 6.0751 0.9736 0.465527 -0.0496934 -0.883637 162 150 128
-2.1306 -7.4723 3.194 0.569008 -0.316084 -0.759158 151 132 74
0.2033 -5.118 3.9324 -0.634121 -0.300976 -0.712253 132 131 80
6.3336 1.4041 1.4987 -0.440397 -0.406998 -0.800252 156 151 113
3.1188 0.723 2.7551 -0.0652536 0.0374203 -0.997167 165 142 84
-7.1173 1.0834 1.1668 0.458435 -0.60732 -0.648845 164 150 112
-3.854 -7.2553 2.4831 0.462987 0.448799 -0.764344 164 160 103
-3.9944 7.5426 2.6075 -0 -0 -1 149 138 75
7.7883 0.5463 0.9643 -0.779309 0.406949 -0.476518 156 163 118
-0.2331 -0.022 3.8295 -0.44103 0.264084 -0.85776 138 142 54
0.2057 -6.9075 3.93 -0.242603 -0.370268 -0.896686 146 135 71
-4.2799 -6.4336 2.258 0.392135 0.0826552 -0.916187 151 130 87
5.2449 -7.9749 1.881 -0.65001 0.0341074 -0.75916 153 140 106
1.8999 7.047 3.2263 -0.471385 -0.0627258 -0.879694 161 149 63
1.1203 5.2864 3.5239 -0.342403 0.161435 -0.92558 153 118 86
-4.1052 3.7075 2.3419 0.265037 0.193783 -0.944565 154 131 99
4.9832 -1.1508 2.0388 -0.281596 -0.259714 -0.923717 153 152 114
-3.7857 -0.6513 2.5056 -0.0515348 0.490667 -0.869822 177 140 101
-7.5438 -3.6415 0.9563 0.142884 0.0381226 -0.989005 169 150 133
-4.0257 1.3296 2.4489 0.661641 0.252706 -0.705954 167 127 90
6.2985 -4.1621 1.4731 -0.728695 0.0558675 -0.682556 167 143 99
3.6325 -7.4906 2.4972 -0.310023 0.250673 -0.917087 153 150 80
5.141 -7.6336 1.8515 -0.55636 0.432919 -0.709256 160 145 94
0.1631 2.6181 3.981 -0.220579 -0.471984 -0.853567 142 138 58
-1.0503 -3.1333 3.4812 -0.285362 -0.956198 -0.065218 129 147 77
-1.8537 -4.9724 3.3056 -0 -0 -1 137 148 78
3.6706 -4.5472 2.663 -0.374042 -0.486838 -0.789355 165 140 80
6.3972 -6.6354 1.3871 -0.13668 0.403807 -0.904576 156 148 98
1.8911 4.6761 3.2006 -0.463343 -0.0650023 -0.883792 171 131 71
1.9274 1.8859 3.1947 -0.434526 0.099284 -0.895171 148 137 89
-7.6725 5.2835 0.8752 0.168048 -0.0583687 -0.984049 159 160 119
-3.981 1.5322 2.4281 0.346537 -0.230043 -0.909391 166 143 93
-5.7271 -2.6635 1.7044 0.341531 -0.297306 -0.891608 173 131 93
2.5065 -0.5454 3.0006 -0.369369 -0.358853 -0.8572 143 124 90
6.1235 -5.873 1.6002 -0.847089 0.0586971 -0.5282 164 146 112
-5.5885 -2.197 1.7898 0.352398 0.214689 -0.910892 145 154 93
-3.8766 5.8974 2.4651 0.423065 0.126913 -0.897167 150 136 84
-0.9957 -0.8927 3.616 0.0120492 -0.244614 -0.969546 162 124 54
7.246 -7.357 1.0626 -0.108922 0.279163 -0.954046 153 159 104
-4.3193 4.5644 2.3308 -0.109118 -0.755201 -0.646347 157 122 89
2.867 3.604 2.9049 0.0342396 0.435266 -0.899651 136 145 91
-2.7701 1.8181 2.9646 0.298767 -0.0218808 -0.954075 146 140 86
-5.6115 5.9568 1.6591 0.438648 -0.147707 -0.886437 162 142 98
5.3897 -3.317 1.7913 -0.109856 -0.245431 -0.963169 164 138 98
-7.0892 7.5981 1.1452 0.600219 0.60301 -0.525467 173 135 122
3.5016 1.3932 2.6667 -0.0626934 -0.482338 -0.873739 142 140 97
0.7371 1.33 3.7863 -0.21864 -0.0142122 -0.975702 148 136 70
-6.4669 1.5726 1.4725 -0.72678 -0.395565 -0.561532 174 151 114
3.1612 -1.9418 2.8001 -0.727923 0.45491 -0.513015 151 120 86
-0.5048 3.2138 3.8499 0.0826851 -0.159692 -0.983698 149 139 66
-4.1157 1.4556 2.4059 0.496585 -0.000899572 -0.867988 144 149 92
4.4056 -6.826 2.3603 -0.0296386 -0.37877 -0.925016 157 140 78
5.4301 4.982 1.8812 -0.391607 0.0714998 -0.917351 149 155 102
2.1994 7.0005 3.094 -0.385815 0.427284 -0.817665 142 142 89
-3.3982 0.3341 2.7903 0.72038 -0.668268 0.185663 155 115 78
3.8784 6.6548 2.4344 -0.461825 -0.329828 -0.823365 171 141 90
-0.0364 4.0085 3.9959 -0.160312 -0.341321 -0.926175 144 130 75
-6.7563 -5.0401 1.2064 0.242148 0.830921 -0.500934 181 141 123
-6.3817 -2.6925 1.4302 0.421939 -0.00378383 -0.906616 159 153 111
1.3573 -4.7095 3.4024 0.0442928 0.15257 -0.9873 139 119 69
1.7902 7.1225 3.3541 -0.720166 -0.0257868 -0.693323 158 120 61
-5.4834 3.526 1.8323 -0.34507 -0.893814 -0.286396 173 144 109
5.0056 3.4731 1.9949 -0.447074 -0.0681198 -0.891899 172 151 105
-3.6105 -7.4339 2.5657 0.27081 0.164749 -0.94843 153 141 101
2.1838 7.4915 3.1464 -0.203882 -0.313378 -0.927484 147 134 86
1.2779 7.4055 3.4656 -0.540994 0.0362538 -0.840245 135 127 75
-6.3298 3.03 1.4725 0.154121 0.719611 -0.677058 161 142 118
2.0501 1.7224 3.1572 -0.345579 0.0540851 -0.93683 141 134 83
5.7479 1.9276 1.6536 -0.265975 0.0898745 -0.959781 164 139 106
-7.76 4.4527 0.8855 0.609581 0.0158839 -0.792565 183 163 120
7.2028 -3.5063 1.1247 -0.537773 -0.104866 -0.836543 142 152 121
-1.58 -3.4187 3.3 0.00887875 -0.0236335 -0.999681 157 155 80
3.5807 -4.5127 2.6098 -0.328169 -0.719545 -0.612013 150 147 96
7.6508 -7.7303 0.981 0.694321 0.397391 -0.599998 163 148 104
-4.201 7.1813 2.2888 0.300592 0.216317 -0.928898 136 143 87
-0.855 -7.4638 3.6233 0.461619 0.219512 -0.85949 136 123 98
5.2905 6.1388 1.7944 0.380681 -0.923927 0.0379609 153 133 113
-0.3684 -6.4083 3.8961 -0.196642 0.16861 -0.965869 122 132 59
2.581 -6.5857 3.0215 -0.440486 0.293967 -0.848266 148 142 75
6.1562 2.5194 1.5544 -0.342829 -0.0325896 -0.938832 159 155 120
-2.7837 -0.5647 2.9349 0.479565 -0.134001 -0.867215 147 139 111
7.7247 5.3352 0.8379 -0.410143 -0.231145 -0.882244 159 144 112
-3.6147 -4.2137 2.5846 0.182452 -0.254039 -0.949829 154 150 102
2.8642 -7.4079 2.8444 -0.366089 -0.00707808 -0.930553 156 139 68
-5.1551 0.7398 2.0051 0.70256 -0.430753 -0.566446 153 142 121
-7.3245 0.9721 1.0333 0.318867 -0.0427537 -0.946835 168 156 104
-4.6592 1.6371 2.1262 -0.0233647 0.202779 -0.978946 161 130 105
4.588 6.3076 2.1572 -0.159934 0.357553 -0.920096 162 121 91
0.9799 7.8257 3.584 -0.324167 0.366577 -0.872088 143 131 81
-1.6584 -6.6385 3.3571 -0.805088 0.581402 -0.117499 157 138 72
-4.0118 -3.8629 2.3575 0.724394 0.402322 -0.559813 172 143 93
2.8828 2.1969 2.801 -0.645851 -0.0525499 -0.761653 147 130 94
0.2245 7.5165 3.9237 -0.205125 -0.120681 -0.971267 150 135 63
2.89 7.4449 2.9211 -0.889004 -0.310332 -0.336699 144 137 95
-3.7398 -1.8851 2.4811 0.11495 -0.0682224 -0.991026 156 139 75
0.2742 2.7874 3.8268 0.0372669 0.0150394 -0.999192 153 112 53
-7.6274 3.0157 0.8918 -0.0584441 0.465258 -0.883244 173 145 118
6.407 6.9847 1.42 -0.0872936 0.389869 -0.916724 144 147 116
-3.8318 1.1604 2.4625 0.463421 -0.50846 -0.725748 137 155 92
0.0414 4.7821 3.8824 -0.0624759 0.801619 -0.594562 156 128 82
0.5943 -0.5922 3.7822 -0.724747 -0.105027 -0.680964 130 131 71
-0.4431 -1.2274 3.8147 0.0584134 -0.111152 -0.992085 149 140 57
-0.45525 7.90075 3.84145 -0.21823 0.970801 -0.0996055 138 137 64
6.7368 2.0066 1.2648 -0.933187 -0.209346 0.292124 146 159 98
4.3374 -5.6608 2.228 -0.636173 -0.251856 -0.729282 150 133 95
-1.9113 -5.8255 3.23 0.16431 -0.148373 -0.975186 138 128 64
1.3894 0.9007 3.5147 0.0359704 -0.293215 -0.95537 135 134 79
-0.8276 7.1274 3.5776 -0.83552 -0.404633 -0.371723 151 136 80
0.4685 7.5928 3.7901 -0.0207935 -0.0702127 -0.997315 155 138 71
7.2495 2.2716 1.1407 0.460431 0.243559 -0.853629 173 139 128
0.685 5.2108 3.6095 0.153597 0.949047 -0.275169 134 118 80
-4.2791 -5.6283 2.2822 0.237769 0.193186 -0.951917 146 157 117
-2.6763 -5.5547 2.8618 0.793591 0.46965 -0.386837 152 132 88
-6.8669 2.6818 1.2584 0.289404 -0.2737 -0.917243 175 152 102
5.1945 2.3156 1.9415 -0.407343 0.280945 -0.868989 137 135 116
4.2274 5.3175 2.2725 -0.129025 0.938376 -0.32063 153 137 89
-7.6224 4.6078 0.9933 0.49838 -0.038133 -0.86612 185 156 103
6.8182 3.7668 1.2509 -0.425095 -0.00356911 -0.905142 177 138 113
-2.4239 -7.198 3.123 -0.147365 -0.720354 -0.677771 146 134 89
-4.3432 0.8724 2.2666 0.616071 -0.199057 -0.762124 159 132 87
1.637 -1.4566 3.3563 -0.688199 0.0409712 -0.724365 146 129 102
6.8116 -0.3969 1.2456 -0.0498633 0.250607 -0.966804 167 153 98
6.198 -4.5924 1.569 -0.109235 0.325049 -0.939367 149 135 103
1.1161 -7.1752 3.5692 -0.575685 -0.162765 -0.801308 153 140 88
0.5442 7.6078 3.8249 -0.0305328 -0.150879 -0.988081 140 136 85
-7.4043 -5.3222 1.1474 0.0177726 -0.0673422 -0.997572 163 156 106
-4.773 4.2634 2.1346 0.393171 0.243534 -0.886627 172 153 94
-1.2266 7.9815 3.4389 0.945679 -0.262451 -0.191864 137 149 87
-1.6946 -6.953 3.2973 0.274401 0.381255 -0.882807 153 127 92
6.1119 -2.09 1.5084 -0.511019 0.190064 -0.838293 155 152 97
-6.1921 -1.7473 1.4574 0.40437 0.822964 -0.399017 159 157 109
3.1093 5.9249 2.6977 0.0145804 -0.68635 -0.727126 164 145 101
-4.1294 2.3676 2.3038 0.255149 0.408836 -0.876215 175 140 102
-6.9814 -6.3273 1.1857 0.385506 0.107543 -0.916417 179 162 99
-7.4238 5.3568 1.0019 0.48242 -0.103739 -0.869775 162 166 139
-4.5438 3.6689 2.1437 0.269761 -0.504425 -0.820234 176 138 96
-5.2865 7.0599 1.8746 0.117448 -0.0623368 -0.991121 173 160 98
-0.9182 -1.4439 3.589 -0.0839163 0.0184872 -0.996301 134 130 73
-5.2314 6.5641 1.9414 0.78636 -0.0504543 -0.615705 169 140 111
-6.9399 -0.4626 1.2016 0.371277 -0.153158 -0.915804 162 158 124
1.8746 7.2161 3.2261 -0.605421 -0.0443146 -0.794671 151 129 75
-2.3798 -7.123 2.983 0.32959 0.0291178 -0.943675 159 128 90
-7.4702 7.4612 1.073 -0.430845 -0.275377 -0.859384 171 144 132
-4.5981 -3.9677 2.0792 0.808465 0.245852 -0.534734 177 139 82
6.1467 -4.8555 1.4639 -0 -0 -1 159 129 106
0.0369 -5.2213 4.0524 0.268579 0.0521667 -0.961844 127 129 63
-3.6054 -1.9795 2.539 0.303651 -0.309496 -0.901115 137 152 86
6.7392 6.4639 1.3087 -0.111609 0.0188923 -0.993573 174 152 107
-7.148 -6.3962 1.1612 0.26731 -0.311702 -0.911804 163 141 100
5.977 0.5185 1.6183 -0.542704 -0.494527 -0.678907 172 134 100
7.5618 -0.8701 0.9994 0.396477 -0.449366 -0.800548 171 147 109
3.4054 1.5657 2.5705 -0.474387 0.189574 -0.859662 142 153 76
7.6658 2.8492 0.9485 -0.519026 -0.11081 -0.847546 162 139 115
-2.3208 -3.8271 3.1634 -0.461099 -0.758288 -0.460854 141 130 95
5.2393 -1.4196 1.9072 -0.185272 0.862694 -0.470566 169 142 120
-6.367 0.3079 1.4957 0.481405 -0.0544346 -0.874806 166 125 92
4.988 -1.1725 2.0156 0.482908 -0.444026 -0.754746 147 145 102
-1.2462 0.7315 3.5627 0.71326 0.348608 -0.608056 134 133 77
-0.2216 -1.4243 3.9622 0.229748 -0.0867269 -0.969378 138 119 53
3.869 6.5655 2.5336 -0.370868 0.0273432 -0.928283 154 158 119
4.8683 5.7987 2.0483 -0.342503 -0.0493503 -0.93822 143 150 110
-4.7677 0.7026 2.1203 0.247079 0.193511 -0.949477 161 128 98
-5.6003 -4.5599 1.8356 -0.897748 -0.430486 -0.0934394 168 133 98
-2.3392 0.1382 3.0346 0.100077 -0.146485 -0.984138 146 132 78
-3.7505 -4.3976 2.4921 0.101577 0.210331 -0.972339 150 150 95
-3.4943 3.0837 2.5985 0.31781 0.109965 -0.941756 150 141 105
4.9059 7.8238 2.0368 -0.648548 0.0846061 -0.756457 172 139 97
3.9918 -0.012 2.4096 -0.47368 -0.357502 -0.804872 148 138 95
0.672 2.8632 3.6062 -0.463882 0.277406 -0.841344 133 128 94
-4.3541 2.6239 2.1877 0.789109 -0.491437 -0.368507 153 157 98
-3.3608 -5.8924 2.6954 0.495568 0.489028 -0.717819 150 159 109
-6.4298 -3.8547 1.42195 0.232707 0.836423 -0.496231 171 141 123
-3.6441 -5.4471 2.4591 -0.467145 0.226897 -0.854572 161 141 100
2.936 2.1464 2.8068 -0.369782 0.387761 -0.844336 138 145 89
-1.595 -3.3035 3.4015 0.320435 0.129554 -0.93837 142 137 70
2.1739 -1.498 3.0774 -0.639335 -0.0700541 -0.765731 158 155 79
-4.4832 4.0794 2.2312 0.451313 0.18101 -0.873815 153 152 123
7.3326 2.6269 1.0985 -0.556881 0.0863355 -0.826093 178 164 92
5.077 -6.5984 1.9502 -0.448763 -0.0115189 -0.893576 170 148 106
-1.0183 3.1424 3.5322 0.433086 0.376452 -0.818975 146 148 92
-0.4597 2.7209 3.793 0.00960288 -0.141591 -0.989879 135 121 72
5.3518 -4.5644 1.8177 -0.516931 -0.167724 -0.839435 154 158 110
-4.5042 -6.6623 2.1925 0.538076 -0.196951 -0.819564 172 137 95
-6.8974 -4.8631 1.2329 0.234192 -0.0955242 -0.967486 174 166 113
-0.2581 4.0545 3.8835 0.487347 -0.308219 -0.817003 150 112 75
-1.4413 -7.7101 3.3276 0.906837 -0.405206 -0.115994 139 148 69
-6.5151 -5.2331 1.4622 -0.179293 0.450279 -0.874701 177 174 114
-6.0285 -2.0313 1.6146 0.265538 0.320233 -0.909362 173 137 85
7.0385 -1.2851 1.1266 -0.0905502 -0.529159 -0.843677 159 137 128
0.7692 3.3743 3.6195 -0 -0 -1 135 107 77
-4.9402 -0.2853 2.0683 0.632703 0.046313 -0.773008 159 140 99
2.6073 -0.4905 2.9518 -0.545106 0.0546122 -0.836586 144 152 95
-3.8315 -3.1371 2.3986 0.276743 -0.581839 -0.764773 145 141 89
-4.823 -7.5266 2.0534 0.285626 0.0713471 -0.955682 156 141 90
5.6197 1.5242 1.7432 -0.180631 -0.00491764 -0.983539 167 136 101
-2.6012 7.4708 2.9894 0.107209 -0.17397 -0.978898 157 158 83
-5.0135 2.9735 2.0545 0.213696 0.0294435 -0.976456 154 148 104
-5.6545 -2.1871 1.6907 0.241897 0.309743 -0.919535 166 153 84
3.8891 0.9118 2.4545 -0.41623 0.212574 -0.884062 175 121 98
-5.7514 4.183 1.767 0.300061 -0.385451 -0.872577 149 141 110
1.842 -6.7233 3.273 -0.289971 -0.119283 -0.949573 133 118 85
0.3878 4.7747 3.8538 -0.680979 -0.272901 -0.679553 131 136 77
0.4931 7.4087 3.7912 -0.37941 0.195107 -0.904423 142 143 68
5.3072 6.0827 1.9434 -0.88821 -0.349963 -0.297672 163 140 93
-0.1929 4.7402 3.9228 0.517144 0.0685901 -0.853146 146 119 75
7.6677 -5.4922 0.9862 -0.418822 -0.137977 -0.897525 166 156 126
2.8183 5.5195 2.9466 -0.356577 -0.00309395 -0.934261 156 121 64
-5.1392 3.9398 1.8968 0.276053 -0.374864 -0.885026 156 147 111
1.9435 -5.4236 3.2445 -0.467158 -0.206937 -0.859616 154 141 86
4.8751 -4.1907 2.0623 -0.759651 0.197903 -0.619487 159 145 103
-3.6057 -4.0284 2.5467 0.465563 -0.230279 -0.85453 143 118 89
-5.8493 -2.2976 1.6793 0.0629574 0.573586 -0.816723 163 159 118
4.628 0.8119 2.1685 0.0327744 0.0782019 -0.996399 147 156 92
7.6607 -1.171 0.975 -0.287252 0.241329 -0.926956 169 150 125
-2.24385 3.81 3.09365 0.279393 -0.0037044 -0.96017 162 147 83
-3.1792 -6.8945 2.7389 0.69093 0.0694579 -0.719578 154 132 78
5.6936 0.1327 1.7311 -0.460029 0.135528 -0.877499 173 149 101
6.9188 -4.2301 1.2167 -0.337052 -0.136084 -0.931599 163 146 123
-3.0353 -4.0872 2.7237 0.158693 -0.843513 -0.51313 148 125 72
4.5793 -3.0811 2.1425 -0.198999 -0.0519778 -0.97862 156 134 106
-1.4325 4.4975 3.4667 0.784947 0.420459 -0.455052 158 134 71
-2.7834 2.389 2.9576 0.785959 0.236062 -0.571439 158 140 61
6.4647 -5.4592 1.4237 -0.269166 0.281664 -0.920986 160 158 93
-0.7157 0.979 3.6764 0.221898 0.137001 -0.965397 139 140 63
7.4209 2.1371 0.9958 0.875127 0.384776 -0.293428 183 145 104
1.3128 -2.4759 3.524 0.357631 0.0765609 -0.930719 155 139 76
-4.234 3.9791 2.2528 0.39921 0.224531 -0.888942 153 131 95
-3.1684 4.8975 2.7169 0.289506 0.663159 -0.690222 161 140 86
7.4882 -1.7995 1.015 -0.586089 0.401165 -0.703964 146 142 103
0.9986 -1.4074 3.6865 -0.721387 -0.69231 0.0175346 145 142 83
-2.4503 7.9766 3.0981 -0.836833 -0.0542835 0.54476 141 126 95
0.7339 -4.6096 3.7052 -0.604048 0.061107 -0.794602 131 141 92
-2.7675 -6.4677 2.8767 0.322242 0.300307 -0.897762 143 119 80
-2.1928 2.6606 3.0964 0.358398 0.162556 -0.919307 145 133 78
-0.64545 -7.07405 3.7482 0.648448 0.077311 -0.757323 147 135 83
2.7462 1.2695 2.9418 -0.838784 -0.492292 -0.232573 153 124 86
2.1492 -7.2485 3.17 -0.695196 0.423971 -0.580475 143 142 90
5.1082 0.8653 1.8947 -0.210529 0.189477 -0.959049 157 145 121
4.8522 7.5398 2.0183 -0.544703 0.0240302 -0.838284 163 149 85
0.1167 0.4318 3.8807 0.12346 -0.35804 -0.925508 142 136 69
2.2845 2.7344 3.0586 -0.635384 -0.177197 -0.751591 145 142 76
6.5446 7.2264 1.342 -0.828466 -0.0599598 -0.55682 169 170 116
4.6073 2.4358 2.208 -0.585006 -0.273827 -0.763404 162 126 69
5.4014 3.5671 1.7712 0.119412 0.498393 -0.858688 163 146 97
7.622 7.4541 0.8802 0.234175 -0.0265867 -0.971831 175 142 112
-3.5172 3.2172 2.5628 0.644537 -0.0681314 -0.761531 153 151 80
2.325 -5.0425 3.0297 -0.980251 -0.0204939 -0.196695 142 127 82
-7.57 7.7348 0.9786 -0.248625 -0.62111 -0.743241 151 181 122
-4.1656 -0.2559 2.4176 0.651522 0.11917 -0.749211 154 127 94
0.2829 5.6889 3.9304 -0.310136 -0.073884 -0.947817 117 137 75
4.688 7.8691 2.2178 -0.00607391 0.611928 -0.79089 162 138 93
-3.7228 6.2311 2.5567 0.2885 0.210566 -0.934039 149 144 90
4.7305 2.2953 2.0482 -0.286773 0.491362 -0.82239 153 140 103
-1.4329 2.5349 3.408 0.606134 0.567127 -0.557645 129 141 73
-3.2677 1.9931 2.6679 0.499838 -0.0888874 -0.861546 156 140 76
7.6665 -1.1185 0.9362 -0.541216 -0.227026 -0.809657 170 140 116
-2.5331 2.8252 3.0163 -0 -0 -1 153 115 72
-7.8486 -4.6721 0.8082 0.785732 0.256582 -0.562841 175 136 123
-7.653 -7.2126 0.9376 0.467237 0.360969 -0.807088 182 159 121
3.5437 1.9211 2.4929 -0.512471 -0.0895908 -0.854018 147 137 98
-7.1184 -6.1393 1.1848 0.813333 0.540957 -0.214138 153 149 94
5.2646 -6.234 1.8984 -0.591356 -0.10867 -0.799055 137 138 91
-2.5934 7.3181 2.9912 0.461917 -0.262358 -0.847231 128 117 69
-1.5117 3.1182 3.3553 0.778161 0.339544 -0.52837 144 143 81
2.3434 1.2686 2.9993 -0.620271 -0.100745 -0.777891 169 143 112
6.8511 5.3607 1.2697 -0.134102 -0.240647 -0.961304 154 156 111
-5.6026 -1.2615 1.6763 0.721332 -0.0705961 -0.688982 172 134 120
7.9831 4.627 0.8186 -0.152429 0.138841 -0.978513 172 143 127
3.4539 -6.6664 2.6824 -0.306227 -0.0856204 -0.9481 148 131 82
2.061 7.0269 3.1662 -0.578006 -0.063118 -0.813588 157 121 64
5.8127 3.1533 1.6785 -0.284106 -0.115312 -0.951833 148 142 107
1.3485 -5.466 3.4065 -0.257735 0.347168 -0.901691 127 127 85
7.5897 5.6236 1.0238 -0.289783 -0.0530659 -0.95562 169 145 119
-6.8239 5.665 1.2813 0.35489 -0.538447 -0.764282 179 136 100
-6.506 6.5355 1.4152 0.0907725 -0.304948 -0.948033 186 145 106
-0.1495 -2.3337 4.0004 0.625112 0.431228 -0.650597 138 126 80
-2.491 6.8463 2.9766 -0.487233 -0.145344 -0.861092 149 137 103
2.2632 -4.1889 3.0991 -0 -0 -1 157 128 76
4.8322 5.743 2.057 -0.389138 -0.198777 -0.899477 166 138 99
2.3894 -4.9148 2.8917 0.625601 -0.696112 -0.352209 156 135 71
5.6608 0.0313 1.7316 -0.569882 -0.0740687 -0.818381 142 136 110
-4.1094 3.5129 2.2973 0.33177 0.0747997 -0.94039 146 140 96
-1.342 6.9131 3.4645 0.309413 -0.29389 -0.904374 131 138 60
6.8231 -6.0117 1.3104 -0.194779 -0.124041 -0.972972 156 161 128
0.1612 -0.4947 4.0349 -0.102564 0.0876401 -0.990858 151 129 62
3.1281 7.8865 2.7618 0.0539239 0.640922 -0.76571 140 152 97
-0.2377 -2.8926 3.8772 0.114359 0.0860635 -0.989705 122 135 72
4.1905 4.3689 2.21 -0.905136 0.30591 -0.295208 178 140 89
0.3004 7.8615 3.8282 -0.0935893 -0.204856 -0.974308 141 136 73
-4.1894 -4.7049 2.3239 0.224116 -0.209468 -0.951785 164 135 92
-6.3171 1.9471 1.4479 0.893687 0.0562541 -0.445151 163 155 111
0.3952 -5.4699 3.8548 -0.29104 -0.0465697 -0.955577 153 145 56
-0.8585 1.0252 3.689 0.0833755 -0.188008 -0.978622 136 143 83
-3.4985 7.2027 2.6919 0.923661 0.333931 0.18799 144 126 87
6.1587 7.6641 1.4641 -0.5905 0.457714 0.664686 158 145 127
-0.6502 -6.0887 3.7048 0.71413 0.244066 -0.656087 140 132 68
0.7771 -3.9695 3.6904 0.0742493 -0.408951 -0.909531 140 122 67
-3.0653 4.4381 2.7874 0.397977 -0.186049 -0.898332 157 120 93
-3.5275 1.8852 2.5921 0.712944 -0.438672 -0.547062 143 145 82
6.75 -6.0196 1.3463 -0.170952 -0.256724 -0.951246 189 164 112
-2.3591 4.3937 3.092 0.48058 0.0301699 -0.876432 152 135 68
3.0065 1.7264 2.7386 -0.855064 -0.454642 -0.249332 135 145 86
1.3067 2.7907 3.4821 -0.644941 -0.116575 -0.755289 166 116 96
-3.6221 5.543 2.5596 -0.0808688 0.62146 -0.779261 150 126 78
-5.7277 2.9227 1.8071 -0.676846 -0.554028 -0.484698 147 149 91
-1.1671 0.0849 3.5675 0.824362 0.0602396 -0.562849 132 139 68
6.0926 2.5657 1.577 -0.332307 -0.099763 -0.93788 162 144 107
0.6387 -0.8285 3.7608 -0.243739 -0.100383 -0.964632 147 139 77
0.0247 -4.106 3.9823 -0.370684 0.702928 -0.60703 137 138 75
6.4534 1.8226 1.4009 -0.707196 0.00649492 -0.706987 167 126 108
-4.8249 2.52 2.0597 0.379706 -0.0886499 -0.92085 161 154 120
2.9435 -7.6471 2.8536 -0.187769 0.00866625 -0.982175 159 134 78
5.0521 -0.7486 2.0488 0.178319 0.276813 -0.944234 162 138 93
-0.5742 -3.9999 3.7673 0.511129 0.163778 -0.843756 148 116 77
-4.4722 2.2848 2.194 0.230364 -0.381954 -0.89501 152 117 100
-7.3756 -1.6457 1.1287 0.549348 0.352528 -0.757589 182 144 107
-2.6259 -7.2325 2.9967 0.156114 0.109678 -0.981631 128 129 88
5.125 -2.2172 1.9048 -0.0983853 -0.289648 -0.952063 174 152 95
1.9249 -5.7246 3.1756 -0.158041 -0.403513 -0.901221 144 127 93
4.809 5.4243 2.0697 -0.0288218 0.14197 -0.989451 152 150 102
-6.4604 6.567 1.3923 0.0907725 -0.304948 -0.948033 160 161 122
4.0341 7.8266 2.3794 -0.616228 0.228459 -0.753704 153 138 89
-6.5817 -1.286 1.3475 0.370026 -0.0444324 -0.927958 150 148 113
2.9725 -2.2231 2.8018 -0.47795 -0.242704 -0.844191 165 159 79
7.2864 -4.1104 1.0856 -0.471031 0.00681952 -0.882091 161 148 117
-3.8062 4.9536 2.4323 -0.327734 -0.846392 -0.419776 158 141 78
-4.2213 -4.5789 2.3257 0.211022 0.136474 -0.967907 175 128 104
2.4742 6.9148 3.1054 -0.934055 0.348299 0.0789219 151 141 105
-4.4161 7.3737 2.2742 0.192536 -0.486833 -0.852011 145 141 93
-0.7298 -1.5864 3.7566 -0.0235378 0.375468 -0.926536 150 131 75
-5.3576 5.8871 1.895 0.46519 -0.656135 -0.594209 163 149 98
-6.7448 -2.1771 1.3464 0.329038 -0.253396 -0.909684 157 155 112
7.7548 -0.8772 0.7947 -0 -0 -1 181 158 111
-3.5913 -0.3701 2.5289 0.460778 -0.13452 -0.877262 141 139 101
-0.6234 2.0465 3.7543 0.3042 0.0175776 -0.952446 127 116 90
3.8369 2.8885 2.3568 -0 -0 -1 152 150 91
7.2622 -4.1073 1.094 -0.471031 0.00681952 -0.882091 157 163 108
-0.8902 -3.5946 3.5931 0.548609 0.0735704 -0.832836 159 119 69
-1.6025 5.9273 3.37 0.456039 0.029753 -0.889462 139 136 73
3.0806 -3.151 2.7478 -0.557716 0.23537 -0.795961 167 138 95
-7.2022 -2.8958 1.142 0.676443 -0.438969 -0.591381 175 145 136
-5.7889 0.275 1.7105 -0.508115 -0.369407 -0.778047 147 156 116
4.8857 5.6143 2.0622 -0.763985 -0.0376978 -0.644132 171 148 95
-2.1118 4.7078 3.1901 0.688034 -0.304817 -0.658556 142 133 85
0.6181 2.0629 3.7163 -0.523797 0.102142 -0.845697 130 124 79
-1.3491 0.0904 3.4679 0.249405 0.228356 -0.94109 150 130 93
2.1103 -6.3303 3.0924 -0.0358913 0.183521 -0.98236 147 138 89
-6.8438 4.3821 1.2314 -0.687507 -0.541974 -0.48332 192 146 115
-5.9131 2.7285 1.5957 -0.0756997 -0.100011 -0.992103 146 141 118
6.3901 -3.4545 1.4287 -0.420669 0.237892 -0.875468 158 130 112
0.4757 -7.1784 3.7695 0.308463 -0.215878 -0.926416 136 141 60
6.8033 -7.2258 1.2453 -0.764842 0.00167328 -0.644216 176 144 102
6.8367 -3.6368 1.2744 -0.583646 0.0261632 -0.811587 161 146 94
-3.1618 5.2585 2.7834 0.346821 0.156031 -0.924862 157 148 83
-4.4531 -5.0558 2.2411 0.328216 -0.382067 -0.863886 168 130 105
1.1131 -4.1889 3.6252 -0.567565 -0.683903 -0.458418 132 143 87
-4.2903 -3.674 2.2099 0.983002 -0.0117486 -0.183219 160 137 78
4.6617 -0.4638 2.2232 -0.493521 -0.252743 -0.8322 158 147 106
7.5721 -5.6377 1.0155 -0.231979 0.433857 -0.870605 174 151 94
-7.9511 -2.7636 0.8194 0.256246 0.514008 -0.818617 168 155 105
-1.9246 -7.625 3.2281 -0.946335 0.125009 -0.298031 130 137 106
-6.7728 5.2926 1.2498 0.17743 0.100118 -0.979028 180 162 110
-0.8605 -4.8094 3.5663 0.147466 -0.199054 -0.96883 134 121 78
-6.0065 6.2578 1.6133 0.643205 0.121889 -0.75593 174 145 102
6.0386 -4.3628 1.5755 -0.0937255 -0.0727455 -0.992937 179 137 98
-5.9494 -5.0283 1.5813 0.69402 0.0179653 -0.719732 184 142 107
-2.5519 4.4429 2.95 0.39663 -0.0411909 -0.917054 149 137 101
-3.3984 5.1775 2.6319 0.338133 -0.0634664 -0.938956 152 157 91
6.5253 5.8575 1.3734 -0.58545 -0.488787 -0.646789 163 146 101
0.1245 6.3013 3.9976 -0.499928 -0.200109 -0.842632 140 132 93
-2.7237 -7.6716 2.8978 0.352716 -0.779897 -0.517061 150 145 70
-7.4704 -5.3449 0.9576 -0.050219 -0.257745 -0.964907 180 145 125
6.8525 -7.7991 1.3081 -0.300693 0.165742 -0.939209 154 139 118
2.7145 3.9451 2.9627 -0.945581 -0.148533 -0.289508 156 132 94
-5.9919 -1.3053 1.5574 -0.00300427 -0.211422 -0.97739 173 150 102
-5.2501 -2.5911 1.911 0.562607 0.000846302 -0.826724 157 159 92
-6.7615 -3.4326 1.3229 0.39661 0.155316 -0.904753 164 152 115
5.1015 5.5266 1.9503 0.099447 -0.224758 -0.969327 155 131 95
0.9481 5.9252 3.6551 0.272067 0.280458 -0.920501 138 135 65
-1.3177 -4.3575 3.4618 0.0119898 -0.168981 -0.985546 130 147 84
-5.7325 -1.8518 1.6665 0.452022 -0.281279 -0.846498 163 157 98
2.6086 -3.154 2.9629 -0.431061 0.230948 -0.872267 131 142 67
0.5227 -7.7947 3.7845 -0 -0 -1 126 132 65
1.1543 -2.43 3.5367 -0.548967 -0.166262 -0.819141 135 142 89
-6.4491 -2.4018 1.2522 -0 -0 -1 191 147 113
1.5445 0.4463 3.4006 -0.320384 -0.405852 -0.855943 162 115 81
-4.0389 -6.5694 2.4112 0.231334 0.238223 -0.943257 169 149 93
-4.4075 5.5758 2.3541 0.928249 0.312645 -0.201514 163 147 92
6.3682 -6.2872 1.3694 -0.886323 -0.303185 0.350015 176 151 102
1.8761 1.0906 3.1975 -0.222851 -0.602265 -0.76656 125 122 97
7.6567 -5.4295 0.9268 -0.371573 -0.166925 -0.913274 174 148 132
-6.6068 4.3435 1.399 0.73714 0.268337 -0.620177 177 153 115
5.514 -6.645 1.767 -0.485279 -0.0423066 -0.873335 160 147 100
6.2634 5.6408 1.4729 -0.256483 -0.0886266 -0.962477 145 163 101
4.7364 -5.0786 2.1346 -0.164566 -0.22399 -0.960597 162 143 115
-0.0948 -0.5813 3.992 0.181127 -0.502135 -0.845609 142 128 77
7.0833 -1.4335 1.1745 -0.453791 -0.254761 -0.853915 166 140 116
-3.9858 -2.2545 2.3952 0.0601906 0.0229834 -0.997922 162 131 100
-1.6748 7.4929 3.3425 0.897455 0.308512 0.31527 144 131 69
-2.0896 -7.7719 3.2039 0.441805 0.0640008 -0.894825 151 137 83
-6.2661 -5.2362 1.489 -0.0820348 0.0937715 -0.992208 164 139 87
4.2237 2.5468 2.2596 -0.517213 -0.312967 -0.796582 157 145 97
3.6667 -3.1269 2.4915 -0.312929 -0.346681 -0.884244 145 137 107
0.4732 -3.1266 3.9048 -0.335602 0.906551 0.256003 144 126 85
6.1106 -6.8014 1.5313 -0.105485 0.220862 -0.969584 171 132 90
-2.8712 5.883 2.9239 -0.0538281 0.670943 -0.739552 171 145 80
4.023 2.9738 2.4523 -0.895742 -0.310893 -0.317792 146 142 100
-1.2261 -2.3772 3.434 0.757255 -0.463018 -0.460629 144 142 86
-4.5946 -3.1668 2.2278 -0 -0 -1 149 137 93
7.7592 -2.0886 0.8384 -0.129667 0.695334 -0.706893 166 164 122
-7.5916 -0.5466 0.9103 0.223837 0.0223406 -0.974371 176 151 122
1.7718 5.0256 3.4018 0.538445 0.658749 -0.525478 136 138 90
0.507 7.0378 3.7773 -0.389717 0.245192 -0.887695 147 144 69
-4.8961 -1.9342 2.013 0.252338 -0.199684 -0.946811 146 111 87
-4.5876 -1.4824 2.1593 0.536362 -0.195455 -0.821044 176 135 97
-0.7803 -1.7081 3.6529 0.559932 -0.0834353 -0.824327 153 126 75
-6.5388 -6.072 1.3974 0.416503 0.0746718 -0.906063 178 149 93
-0.0055 7.3861 4.0833 -0.586986 -0.0696422 -0.806596 137 122 68
-5.5858 6.0149 1.712 0.294502 0.388641 -0.873056 150 139 119
-4.8705 6.6078 2.0124 -0.0432202 -0.984519 0.169868 175 139 97
4.1116 4.7839 2.33 -0.418051 0.18199 -0.890007 185 152 98
-6.519 7.369 1.3868 0.138856 0.653323 -0.744236 163 158 106
-3.2559 6.9116 2.6156 -0.228168 0.385535 -0.894037 148 147 90
5.003 -2.0784 2.0776 -0.379011 -0.898639 -0.220905 165 138 96
1.7065 2.7547 3.2695 -0.323617 -0.192938 -0.926308 162 133 89
-3.1869 -0.5339 2.736 0.656308 0.475506 -0.585793 160 123 100
-3.8482 2.4591 2.4235 0.0446369 -0.291591 -0.955501 138 144 104
5.9651 2.2995 1.5303 -0.114794 0.0463484 -0.992307 147 140 104
-5.4005 -6.722 1.8778 0.566699 -0.0199477 -0.823683 153 141 91
-0.8693 0.793 3.6686 0.0185606 0.343864 -0.938836 127 136 83
-7.7388 3.5511 0.8681 0.34813 -0.0894866 -0.933165 172 147 123
6.4483 2.1042 1.3799 -0.667777 0.344039 -0.660084 162 145 106
-7.3112 -4.3312 1.0633 0.668268 -0.169313 -0.724397 168 141 120
4.9069 -4.952 1.9487 -0.569712 -0.821777 -0.0105328 154 131 95
3.0274 4.5196 2.7519 -0.445078 -0.174009 -0.878423 164 121 89
-3.9931 1.3267 2.4749 0.661641 0.252706 -0.705954 160 151 104
-2.6647 6.8032 2.8642 0.696889 0.318858 -0.642398 144 141 91
-0.4957 -3.9213 3.8818 -0.0356113 0.756229 -0.653337 152 126 65
7.6722 -6.9706 0.9373 -0.152039 -0.589808 -0.793102 169 152 116
3.7402 -7.0114 2.5555 -0.220808 0.562895 -0.796488 155 134 82
6.8292 -4.8548 1.2356 -0.712198 -0.0168698 -0.701776 169 141 128
-0.8753 6.5486 3.7372 0.252379 -0.664263 -0.703604 133 128 62
-0.0591 -5.9097 4.0112 0.59752 -0.231253 -0.767784 133 133 48
3.5391 -3.5129 2.6033 -0.435788 -0.325315 -0.839202 152 151 102
0.8095 5.9911 3.6414 -0.212884 -0.973938 0.0782687 133 143 80
-7.6977 5.977 0.9843 0.41058 0.031082 -0.911295 149 159 111
3.5213 2.7189 2.6425 -0.125783 0.195871 -0.972529 137 127 86
-7.9923 2.1197 0.8051 0.0854029 -0.153735 -0.984414 172 154 118
-0.0148 -7.141 3.9733 0.346525 -0.306846 -0.886434 150 145 71
-5.2535 -5.6833 1.9188 -0.344798 -0.652687 -0.674621 168 143 82
-0.0731 -4.2023 3.9197 0.409679 -0.0541288 -0.910623 131 132 79
6.734 0.9611 1.2933 -0.207753 0.189064 -0.959736 180 159 101
5.4184 0.0623 1.8912 -0.520732 0.0824466 -0.84973 160 154 96
-0.6007 -6.2372 3.7464 0.674301 0.0533427 -0.736527 143 125 67
3.1846 -0.1576 2.7388 -0.923458 0.375008 0.0812035 145 137 93
0.118 -1.3013 3.9639 -0.756622 0.126556 -0.641488 130 151 60
-0.7335 -3.2412 3.5716 0.0487196 -0.155855 -0.986578 141 122 85
1.3139 5.576 3.4466 -0.454082 -0.136299 -0.880473 142 132 80
-3.1366 -7.2733 2.6508 0.795053 0.147172 -0.588415 148 139 90
-4.3582 2.7486 2.1958 0.700575 0.104461 -0.705892 149 143 99
-5.9544 -2.6323 1.5593 -0.0206958 0.627406 -0.778417 161 143 112
2.3283 -4.6526 3.0813 -0.355853 -0.187697 -0.915499 155 132 85
-0.8695 -7.406 3.7334 0.316305 0.204699 -0.92631 130 134 70
6.9468 2.8951 1.2625 -0.134201 0.271359 -0.953076 176 152 97
-4.1975 -1.9665 2.3525 0.316231 0.100132 -0.943383 170 143 87
-7.0843 6.6134 1.1856 0.396301 -0.187637 -0.898743 160 164 110
6.4911 -1.1876 1.3942 -0.372571 -0.28024 -0.884679 158 143 124
3.0796 0.0196 2.7405 -0.43298 -0.357922 -0.827297 158 139 87
-6.7672 -4.9773 1.3053 0.785002 0.442846 -0.433196 186 153 100
7.534 3.6688 0.9643 -0.642741 -0.266897 -0.718088 146 160 99
3.6019 -4.896 2.473 0.136185 0.126682 -0.98255 169 155 113
3.3885 -5.7217 2.7268 -0.0163637 0.106642 -0.994163 145 139 75
6.5522 6.2087 1.3842 -0.722599 -0.195894 -0.66293 160 130 111
2.7451 -5.0322 2.9026 -0.454053 0.140903 -0.879762 162 124 81
-3.7181 -7.232 2.5739 -0.0937324 0.687633 -0.719982 154 137 89
-4.6826 6.3406 2.1885 0.413555 -0.0328428 -0.909886 150 146 90
-4.9864 -2.5841 2.0088 0.523933 0.0396149 -0.850838 185 147 106
3.8826 -6.6474 2.4353 -0.829851 0.107847 -0.547463 161 141 96
-7.6574 -7.751 1.0135 0.116012 0.227459 -0.966852 172 150 117
5.0982 -6.9087 1.9706 -0.283626 0.0706363 -0.95633 171 156 124
3.9254 -5.0057 2.3629 -0.517413 0.101642 -0.849678 156 126 103
3.9905 -0.0609 2.4054 -0.354849 -0.0652899 -0.932641 158 156 88
1.0989 -0.4796 3.6105 -0.158826 -0.142919 -0.976908 145 127 80
-5.5566 0.3954 1.7945 0.477698 0.251635 -0.841715 153 160 117
1.5964 1.7722 3.3932 -0.648538 0.0603781 -0.758784 154 122 80
-0.0523 -7.5148 4.0346 0.577186 -0.212193 -0.788562 140 111 71
2.0595 -0.7548 3.2062 0.440016 0.841737 -0.312833 143 123 92
0.0315 7.9147 3.9617 -0 -0 -1 143 140 82
6.5598 2.6171 1.4004 -0.44359 -0.280108 -0.851333 167 140 109
2.7837 -0.8325 2.9112 -0.367925 0.54937 -0.750216 148 134 110
2.3024 -2.4972 2.9946 -0.0570436 0.00313429 -0.998367 158 141 96
4.6822 2.0672 2.1355 0.0116672 0.0838061 -0.996414 164 127 83
0.1955 5.9385 3.9436 -0.398156 -0.148918 -0.905149 140 137 83
-0.5389 7.574 3.8439 0.564171 -0.184073 -0.804878 149 121 84
5.7971 2.6434 1.6318 -0.422814 0.0113787 -0.906145 173 153 130
2.9061 -0.8357 2.864 -0.552226 0.550563 -0.626041 166 131 76
7.8739 -4.0636 0.8229 0.925387 -0.258 -0.277659 175 136 101
-6.0992 -4.9906 1.511 0.212084 -0.041082 -0.976388 189 157 103
0.2023 0.5587 3.8828 -0.516018 0.48099 -0.708784 129 146 67
-3.5409 -3.9163 2.5839 0.16813 0.00524287 -0.985751 146 113 87
-0.7663 -7.4027 3.6925 0.3295 -0.178179 -0.92719 119 138 83
0.6924 0.5579 3.7058 -0.549546 -0.0546903 -0.833672 153 135 78
4.2825 -7.0519 2.2889 -0.41045 -0.0643212 -0.909612 158 145 93
-3.6026 6.498 2.599 0.576795 0.630018 -0.519985 156 126 98
1.5155 7.1373 3.3781 -0.599723 -0.527289 -0.601913 151 128 85
-0.4748 -2.9975 3.7568 0.360858 0.170847 -0.916838 140 111 78
5.8131 -3.4486 1.7366 -0.380491 0.211052 -0.90038 173 147 95
3.3358 -7.0451 2.7296 -0.101605 -0.371084 -0.923024 167 132 96
-1.8382 1.126 3.3659 -0.422156 -0.259826 -0.86849 153 130 78
-4.6831 6.1664 2.1191 0.323181 0.0433995 -0.945341 144 147 91
-3.4798 -2.2037 2.5541 0.091083 0.179799 -0.979478 132 134 86
-7.9037 6.1798 0.8389 0.508891 0.26808 -0.818024 181 152 95
1.7437 -5.6467 3.3203 -0.675379 0.106159 -0.72979 151 130 74
-2.7238 -7.7137 2.8822 0.10659 0.852175 -0.512286 155 154 88
3.7084 -1.0034 2.5417 -0.352395 -0.181376 -0.918107 167 123 80
4.2621 1.6335 2.2698 -0.570307 0.159143 -0.805868 166 135 85
-7.7246 3.3475 0.9219 0.74574 -0.0475592 -0.664538 190 152 110
-0.4057 -5.7877 3.7908 0.430245 0.500434 -0.751302 154 128 71
-5.2717 -7.3748 1.8672 0.481304 0.0031625 -0.876548 162 161 97
-3.133 4.65445 2.7594 0.423766 0.0422703 -0.904785 143 139 90
0.0074 0.194 3.9817 0.352695 -0.0256091 -0.935388 151 117 55
-2.0922 2.3735 3.0672 0.553963 0.415434 -0.721484 154 145 71
-3.6396 4.366 2.4753 -0.845134 -0.0317912 -0.533609 156 146 95
1.1421 -6.4708 3.5187 -0.107254 0.564321 -0.818559 152 131 63
-5.3701 0.2445 1.8871 0.398092 0.786 -0.472999 157 137 97
-1.1124 2.3492 3.5437 0.377962 -0.135558 -0.915843 154 130 78
5.4085 5.5392 1.7801 0.569474 -0.167265 -0.804811 168 154 114
-0.3207 7.9365 3.8647 0.356504 0.343325 -0.868926 145 148 66
-3.3934 6.079 2.6867 0.331423 0.159846 -0.929843 171 127 115
5.4491 2.5897 1.8557 -0.292215 -0.15363 -0.943932 176 142 103
-3.3817 3.2304 2.7038 0.501412 0.0167962 -0.865046 144 153 97
-6.7988 -5.7744 1.2062 0.200871 0.253528 -0.946242 167 132 118
-1.7992 -3.5085 3.1682 -0 -0 -1 154 123 75
-0.3291 -5.9482 3.8885 0.450572 0.0780054 -0.889325 139 148 62
6.0846 -4.6462 1.5691 -0.344617 0.106536 -0.932678 163 143 112
-6.6574 -4.3561 1.2636 0.759365 0.197011 -0.620121 169 148 114
0.4893 5.6295 3.7646 -0.337528 -0.430281 -0.837218 148 129 70
-2.7647 -5.232 2.9545 -0.170288 -0.242616 -0.95506 140 133 77
-7.6038 0.2851 0.9898 0.0951646 0.292099 -0.951642 166 146 117
6.1099 -6.0491 1.6715 -0.821651 0.00538705 -0.569966 175 136 106
0.2937 2.3058 3.8857 -0.213097 0.340952 -0.91561 135 134 80
2.1997 1.2132 3.1269 0.592728 -0.119789 -0.796445 166 137 90
5.3208 -2.1634 1.9087 -0.989203 0.138154 -0.0488929 156 140 114
-5.5927 0.1887 1.8032 0.405339 -0.212483 -0.889129 145 138 117
-7.4299 0.2848 1.0216 0.100672 0.132956 -0.985996 154 142 125
-7.6559 4.4282 0.9489 0.345316 -0.0211441 -0.938248 147 149 122
-5.3052 -0.3132 1.8737 0.437004 0.0333966 -0.898839 158 165 102
-5.5016 -3.8795 1.8274 0.593711 0.108564 -0.797321 147 142 110
5.5407 0.46905 1.78165 -0.241136 0.212503 -0.94694 157 135 95
-3.5469 -3.2292 2.5487 0.408277 0.000732984 -0.912858 159 146 109
-0.648 1.1763 3.6824 0.368414 -0.113529 -0.922704 152 142 65
-6.115 7.2148 1.5241 0.0973937 0.231987 -0.967831 183 156 101
-1.0979 -5.2115 3.5351 0.494578 -0.0657052 -0.866646 137 121 90
4.9174 2.5374 2.0276 -0.452793 -0.224797 -0.862812 156 133 97
-5.2802 -4.2952 1.9097 0.310181 -0.153706 -0.93817 151 139 109
-4.4467 -1.9168 2.2289 0.0236364 -0.713303 -0.700457 166 124 89
-4.3982 -2.8813 2.1278 0.041809 -0.183984 -0.98204 150 140 96
-2.5219 7.0844 2.8491 0.886186 -0.227863 -0.403426 166 135 93
2.1119 3.9203 3.0941 -0.279003 0.351708 -0.893565 135 136 56
5.7635 4.2385 1.6852 -0.156682 -0.516847 -0.841618 170 164 110
5.2205 -6.5232 1.8748 -0.384613 -0.51451 -0.766389 162 142 106
7.2695 4.0062 1.1355 -0.426822 0.182697 -0.885689 166 145 120
4.3711 -1.6353 2.2243 -0.941323 -0.117353 -0.316447 157 144 93
3.5717 -7.1271 2.5715 -0.850925 -0.181384 -0.492976 147 136 87
-5.111 7.5863 1.9619 -0.110363 -0.109032 -0.987893 145 150 106
6.2826 4.5794 1.4561 -0.807649 0.449103 -0.382112 160 147 98
-6.3524 1.393 1.4346 0.101083 0.319262 -0.94226 168 150 127
6.8831 -2.4163 1.2874 -0.0561784 0.0981367 -0.993586 156 142 114
-3.3797 -3.8579 2.5446 0.257593 -0.0470725 -0.965106 166 135 107
2.1077 4.5381 3.2228 -0.300917 0.106016 -0.947739 155 134 79
-5.43 0.2399 1.7655 0.265471 -0.352555 -0.897346 153 147 121
-6.9849 6.0525 1.2264 0.622819 0.0774478 -0.778523 160 156 110
-6.103 0.4549 1.5196 0.178849 0.346738 -0.920753 158 149 97
2.1241 -6.4548 3.0835 -0.0507006 -0.0169387 -0.99857 156 139 90
5.8156 -4.2984 1.7117 -0.466998 0.372426 -0.802005 152 140 94
4.5019 7.6989 2.2275 -0.272831 -0.823661 -0.497138 168 132 82
2.3753 -5.596 3.0709 -0.273403 0.117816 -0.954657 139 134 92
2.2314 -6.4949 3.1318 -0.115198 0.0596925 -0.991547 132 147 82
-2.3638 5.755 3.0253 0.32872 0.0127053 -0.944342 136 136 83
-6.6637 -5.8809 1.2992 0.392968 -0.342467 -0.853401 166 126 102
6.7185 1.1569 1.3172 -0.528913 0.0193056 -0.848456 160 145 116
2.8535 -6.4765 2.8456 -0.509909 0.145122 -0.847899 145 128 94
-2.3222 -2.6966 3.077 0.195197 0.129857 -0.972129 145 128 76
-2.9396 -7.9102 2.8282 0.361951 0.20492 -0.909395 163 132 87
2.2471 2.9005 3.0836 -0.293172 -0.00287923 -0.956055 148 122 83
3.9909 -5.2049 2.4279 -0.306142 -0.403895 -0.862059 160 142 80
-0.5871 3.7956 3.7308 0.251675 -0.0165085 -0.967671 163 139 81
1.6961 7.7426 3.3452 -0.466952 0.368821 -0.803696 152 139 66
5.7046 2.804 1.6825 0.421555 0.347258 -0.837677 175 171 87
2.6133 -2.3079 2.9707 -0.112054 0.173914 -0.978365 140 143 87
0.6635 7.7523 3.6903 -0.00953488 -0.802862 -0.596089 147 134 73
4.6277 2.195 2.0998 -0.618029 0.022826 -0.785824 146 162 99
1.1413 -6.1255 3.5025 -0.375187 -0.602583 0.704364 169 135 73
-6.3223 6.9264 1.4658 0.153346 -0.272008 -0.949998 169 154 103
7.4043 3.4096 0.9663 -0.26607 0.125711 -0.955721 161 145 130
7.4821 -4.9581 1.0507 -0.36245 -0.0883506 -0.927806 177 155 114
1.7909 -4.2818 3.2809 -0.373665 -0.230587 -0.898445 152 140 76
5.4367 3.0642 1.8383 -0.0578319 0.260317 -0.96379 161 138 87
-0.1369 -5.459 3.9381 0.0527732 -0.0858985 -0.994905 135 130 75
4.2095 -7.0154 2.3356 -0.487709 -0.104887 -0.866682 166 137 93
7.1188 -6.3225 1.143 -0.176096 0.0152966 -0.984254 160 151 117
7.006 1.6202 1.1255 -0.681044 -0.351342 -0.642447 166 153 115
5.5267 -2.8401 1.8304 -0.563537 0.224251 -0.795071 158 147 95
-0.0135 -7.3949 4.0158 -0.213021 0.0247752 -0.976733 140 135 62
0.0867 7.7079 3.9434 -0.292129 0.399619 -0.868888 145 127 52
-4.4007 3.7097 2.2396 0.503825 0.379585 -0.775935 148 149 91
-2.0313 -0.5285 3.298 0.835082 -0.528901 -0.151333 154 141 77
2.8619 5.4493 2.8804 -0.489299 0.240494 -0.838302 150 127 84
7.4937 2.1311 1.064 -0.137405 -0.172415 -0.975394 169 155 122
-7.1571 -0.4544 1.1164 0.345028 -0.084429 -0.934787 163 144 113
5.2977 -3.9812 1.8902 -0.0592552 0.970063 -0.235515 142 132 93
-6.8628 -3.2014 1.2932 0.446574 -0.126144 -0.88581 169 151 115
-5.2785 6.5621 1.8355 0.650439 -0.138528 -0.746819 148 141 102
7.7952 0.1336 0.9023 -0.476017 -0.867666 0.1434 190 144 132
-5.9612 -5.04 1.814 -0 -0 -1 161 135 101
3.6626 -5.9691 2.5637 -0.695163 0.325101 -0.641138 176 151 103
6.8308 5.3624 1.1999 0.210741 -0.0500826 -0.976258 173 150 117
-2.256 4.377 3.1301 0.293256 -0.0408952 -0.955159 160 145 58
-3.7289 0.8391 2.5241 0.353852 -0.314894 -0.880699 153 126 105
-2.9354 -0.6179 2.8498 0.433265 -0.0598634 -0.899276 148 123 82
0.5182 5.7598 3.736 0.106266 0.176791 -0.978495 134 116 74
0.4006 7.0988 3.896 -0.45928 -0.100571 -0.88258 137 116 82
5.9577 7.0647 1.6039 -0.176738 -0.144608 -0.973577 171 142 96
-4.8732 -7.3252 2.0326 0.490143 0.161158 -0.856614 151 151 86
-0.0166 6.4374 4.0341 0.0276283 0.152711 -0.987885 132 127 68
0.62 -4.3487 3.7381 -0.525687 -0.0647763 -0.848209 149 127 70
4.3375 -7.1924 2.2549 -0.315206 0.0856511 -0.94515 150 149 98
-3.3324 6.7824 2.6661 0.166124 -0.207826 -0.963956 147 125 94
-5.251 0.4642 1.8577 -0.00800942 -0.144003 -0.989545 143 134 111
-7.0511 -5.0848 1.2764 0.519536 0.47879 0.707702 157 163 119
6.9141 2.4563 1.2286 -0.476262 0.211452 -0.8535 172 137 114
-6.8917 -6.8563 1.2697 0.238418 0.108166 -0.96512 193 170 103
5.7985 7.7133 1.8044 0.544209 -0.75679 -0.362084 167 146 102
6.7456 -4.6951 1.3026 -0.524272 0.122466 -0.842698 176 158 126
3.7319 4.2254 2.5656 -0.26871 0.960465 -0.0728166 165 144 91
-5.6297 4.9196 1.7188 0.798422 -0.0559094 -0.599497 151 145 92
-1.5001 -7.8879 3.3914 0.873409 -0.481481 -0.0730268 143 125 89
5.5192 -6.6892 1.8004 -0.679867 -0.0381515 -0.732342 167 148 99
-2.6261 -2.8373 3.0076 -0.629349 -0.205808 -0.749375 161 144 73
7.1602 -7.82 1.2063 -0.279428 -0.31827 -0.905883 155 153 109
5.029 -5.8183 2.059 -0.995714 0.0655946 -0.0652056 153 140 92
-4.3855 5.6983 2.3153 0.761703 -0.06891 -0.644252 139 150 90
2.591 1.5134 2.8848 -0.64294 0.139457 -0.753113 151 129 101
-6.0608 -0.8258 1.5853 0.739935 -0.165446 -0.652016 177 138 91
-1.4312 -0.8222 3.4032 0.301565 0.0451432 -0.952376 149 138 80
0.0575 5.9376 3.972 -0.0795891 -0.050684 -0.995538 151 129 61
-6.8841 -7.2636 1.2309 0.190319 0.107325 -0.975838 161 134 90
6.1316 0.1946 1.5758 -0.775178 -0.0529918 -0.629517 159 140 101
7.7172 0.9604 0.9021 -0.783596 0.0836876 -0.615609 162 155 117
6.8865 3.3767 1.2759 -0.15069 -0.538357 -0.829135 185 148 113
6.649 -0.0286 1.2393 -0.284723 0.0919285 -0.954192 159 158 122
-7.3937 0.6393 1.0246 0.567984 -0.0236746 -0.822699 170 157 116
2.8282 -6.9973 2.9235 -0.398165 0.0905467 -0.912834 140 141 107
-3.5572 -3.868 2.5096 0.146435 -0.0361931 -0.988558 139 134 82
0.069 2.9025 3.9496 -0.375522 0.115297 -0.919614 138 127 70
-0.6863 -0.9431 3.7071 0.567742 -0.265568 -0.779194 137 120 84
-1.0472 -3.36 3.5893 0.252631 0.101378 -0.962237 151 121 78
-0.6884 7.7816 3.772 -0.534391 0.0372867 -0.844415 139 132 83
-4.80565 4.9068 2.0853 0.390821 0.130829 -0.911122 171 145 104
-4.7359 -4.3858 2.0669 0.242311 0.0281439 -0.96979 157 126 106
-1.7209 5.9593 3.2541 0.473293 -0.052306 -0.879351 133 117 95
-3.7685 1.5491 2.4942 0.207564 0.358824 -0.910034 146 144 99
6.5122 2.1452 1.4414 -0.466581 0.205004 -0.860393 171 163 87
1.0891 -0.9158 3.5124 -0.375839 -0.0276313 -0.926273 140 131 82
7.2088 6.19 1.1107 -0.244275 0.0955364 -0.964988 175 176 126
4.8451 3.5077 2.1087 -0.172488 -0.751331 -0.636985 159 127 83
7.3101 -2.6376 1.1053 -0.440786 -0.0661684 -0.89517 157 149 103
-7.7903 5.6419 0.8432 0.086388 0.0950585 -0.991716 198 165 132
-5.2866 0.2724 1.9025 0.711695 -0.422041 -0.561579 163 145 105
-2.9228 -7.5512 2.8763 0.379285 -0.0403356 -0.9244 132 119 89
-7.4705 3.9456 0.901 0.607499 -0.0272115 -0.793854 163 150 119
2.2495 -2.4011 3.0366 -0.600069 0.104599 -0.79308 162 136 77
7.7474 1.138 0.8845 -0.693426 0.447069 -0.565058 171 160 135
-6.3037 -4.4211 1.533 0.612129 0.0033775 -0.790751 173 145 113
-3.8647 6.8428 2.4692 0.382861 0.119275 -0.916073 158 144 113
-3.5848 0.5462 2.5939 0.341141 -0.297565 -0.891672 136 144 98
4.5511 1.582 2.1977 -0.167116 0.0438666 -0.984961 161 140 86
0.3071 -7.0484 3.8575 -0.156661 0.360889 -0.919357 139 112 75
1.7417 4.2999 3.3996 -0.391987 0.812849 -0.43084 148 117 92
0.6312 -4.2611 3.6758 -0.549677 -0.522904 -0.65148 133 143 73
5.6126 -2.2766 1.7239 0.247007 -0.326363 -0.912401 145 140 103
1.1278 -1.6476 3.5096 -0.407115 -0.00650769 -0.913354 139 136 69
-5.2319 -7.3325 1.8307 -0.708373 -0.466841 -0.529403 180 144 103
-5.2519 6.7818 1.9352 0.635797 -0.108897 -0.764136 154 130 115
1.147 -3.6666 3.5084 -0.106758 -0.199075 -0.974152 147 138 69
6.5936 -7.7423 1.3331 -0.695869 -0.629365 -0.345928 156 162 109
-2.5394 7.9614 3.0285 -0.827911 0.534215 0.170813 127 127 98
1.1667 -6.2659 3.4649 -0.880099 -0.450145 0.150984 154 148 76
2.374 1.9657 3.0195 -0.212464 0.498142 -0.840663 148 126 81
-6.1089 2.7155 1.617 0.214977 0.141377 -0.966332 159 156 114
2.9184 3.2673 2.8184 -0.807465 -0.00113051 -0.589915 162 114 89
-2.1107 7.4784 3.2041 0.0767659 0.236379 -0.968624 157 127 97
5.6048 -5.4262 1.7016 -0.512965 -0.357136 -0.78059 158 145 101
7.0513 2.24325 1.2007 -0.412811 -0.135572 -0.900671 154 154 120
-6.502 6.4164 1.4502 0.107192 -0.202405 -0.973418 179 134 93
-6.4376 0.7238 1.3998 0.157127 0.351513 -0.922903 169 145 116
-7.7062 4.215 0.9197 0.421088 0.279662 -0.862829 153 148 103
-5.6293 -3.821 1.7333 0.348231 0.25579 -0.901835 163 146 92
-4.9204 -2.6293 2.0975 0.268891 0.215131 -0.938838 160 159 94
-2.8493 -7.4466 2.8847 -0.410283 0.289957 -0.864635 166 150 94
-4.7048 4.3079 2.1525 0.361836 0.132581 -0.922766 155 139 87
1.8926 -7.3529 3.2126 -0.360091 -0.0882666 -0.928732 135 134 79
4.3335 7.0027 2.2647 -0.505888 0.104234 -0.856278 159 146 90
0.943 -6.7858 3.5918 -0.304469 -0.205999 -0.92998 152 129 70
-6.5301 0.2039 1.3436 0.569119 0.278911 -0.773507 160 128 118
3.3881 -0.7258 2.6557 -0.559658 0.132763 -0.81802 153 135 85
3.7903 4.507 2.3914 -0.140436 0.658067 -0.739746 160 133 88
-4.4164 4.3072 2.3333 0.203558 -0.622851 -0.755395 143 144 82
-2.6827 2.2371 2.9057 0.279978 -0.14455 -0.949061 157 145 69
0.0732 -0.9882 4.0063 -0.412117 -0.025014 -0.910787 139 123 68
4.326 7.7057 2.2497 -0.136726 -0.207093 -0.96872 153 150 101
2.062 -0.896 3.0894 0.0537346 0.314984 -0.947575 164 125 87
0.5465 6.0855 3.7391 -0.730011 -0.403929 -0.551295 138 133 79
-1.3679 -5.449 3.5558 -0.0731793 0.10572 -0.9917 152 108 75
6.7759 0.0761 1.2991 0.0807356 0.254189 -0.963779 162 147 103
-5.3902 0.7031 1.7995 0.279842 0.256373 -0.925182 153 155 100
-2.3163 -5.8624 3.1101 0.249558 0.241672 -0.937718 140 135 96
-3.6398 -4.8521 2.5593 0.266873 -0.366125 -0.891477 151 133 91
-4.9006 -1.6808 1.9901 -0.194775 0.0458467 -0.979776 156 147 100
0.2946 3.7031 3.9004 -0.477601 -0.0198134 -0.878353 146 133 73
-5.4139 -7.9101 1.8475 0.197597 -0.393698 -0.897751 178 122 112
-7.1983 -2.4941 1.0452 0.682417 -0.19441 -0.704636 171 128 112
-3.8114 1.2403 2.4188 0.517569 -0.469911 -0.715057 161 146 82
1.7614 3.9911 3.3476 -0.391601 0.618197 -0.681529 146 110 74
2.4797 -2.9897 2.9974 -0.233232 0.26305 -0.936166 158 140 78
-4.685 2.1537 2.1617 0.186101 0.392017 -0.900938 162 134 111
-0.9609 3.1918 3.6889 0.400968 0.660098 -0.635213 138 130 73
6.8964 -2.3641 1.3091 -0.0965817 -0.20073 -0.974874 156 152 107
4.9509 2.6215 2.0295 -0.492311 -0.138592 -0.859315 160 138 108
4.6723 2.3315 2.1575 -0.613046 0.425433 -0.665719 149 136 88
-2.8215 6.3237 2.9126 0.154624 0.0342235 -0.98738 151 136 88
1.2791 -1.2968 3.5744 -0.474747 0.112309 -0.872927 154 125 74
-0.9876 1.7828 3.6252 0.597476 0.203696 -0.775584 146 142 62
2.6837 -5.41445 2.89305 -0.648619 0.0246647 -0.760714 133 131 83
-4.264 0.4662 2.3097 0.567879 -0.173768 -0.80456 159 140 105
-6.9842 -2.9465 1.2414 0.617006 0.43264 -0.657363 160 133 115
1.8514 -2.8091 3.2038 0.225608 0.300976 -0.926561 143 141 85
-4.3192 6.3574 2.1326 -0.119957 -0.241261 -0.963018 172 149 96
-2.5976 -2.6545 2.9456 0.543088 0.0261625 -0.839268 129 127 87
2.412 1.3413 2.9693 -0.155209 0.166262 -0.97379 162 117 65
3.6214 -2.6117 2.5076 -0.592101 0.0873084 -0.80112 161 121 83
-1.0833 -7.5266 3.5051 -0.400902 0.722326 -0.563491 142 120 70
-7.5888 -1.664 1.0565 0.0815051 -0.0545236 -0.99518 172 158 103
6.1062 -4.3738 1.6139 -0.298182 -0.125847 -0.946176 172 145 110
-5.1701 0.3208 2.005 0.61642 -0.667412 -0.417837 155 148 95
-5.8171 3.4099 1.6645 0.329269 -0.0360287 -0.943549 166 120 121
-5.1916 -7.3476 1.9058 -0.708373 -0.466841 -0.529403 139 142 100
-0.6309 7.3723 3.6304 0.00386721 -0.257963 -0.966147 147 125 73
2.2442 0.1513 3.0982 0.115881 0.279425 -0.953149 137 132 76
3.9112 -6.713 2.3803 -0.50846 -0.311679 -0.802698 156 138 84
6.2234 4.1333 1.5577 -0.917161 0.234387 -0.322303 167 155 117
-1.3982 -0.7717 3.4166 0.344691 0.118974 -0.931146 153 136 64
4.8627 -2.6711 2.1099 0.0358516 0.759949 -0.648994 155 125 112
2.9954 7.3255 2.7765 -0.232202 0.0852798 -0.968922 152 140 95
-2.6005 -0.062 2.9352 0.487115 0.150151 -0.860333 159 122 84
-3.5397 6.7098 2.4708 0.177421 0.848509 -0.498553 156 124 95
1.9053 -2.1809 3.3158 -0.418145 0.323958 -0.848649 151 126 87
1.3688 -1.223 3.5282 -0.610311 -0.16744 -0.774264 129 129 83
-6.5872 -1.2681 1.3659 0.748156 0.11329 -0.653779 165 156 106
0.8117 -6.0976 3.6604 -0.400816 0.164011 -0.901358 147 112 68
7.9944 1.2413 0.776 -0.542407 0.464131 0.700269 174 161 125
6.0444 4.4587 1.5335 -0.390989 0.0114694 -0.920324 172 147 111
2.628 -4.3894 2.8762 0.25218 -0.291165 -0.922837 152 131 85
-3.8717 0.1449 2.4446 0.153395 -0.175259 -0.972499 157 135 104
-1.5694 -2.0076 3.4378 0.268335 0.244031 -0.931904 160 141 59
5.7909 -2.3566 1.6313 -0.0658987 -0.611222 -0.788711 166 154 96
-1.0033 7.4481 3.6225 0.385614 0.0492364 -0.921346 138 127 78
-1.8631 7.2375 3.2556 0.196396 0.0637027 -0.978453 165 131 76
-4.7107 -5.2582 2.1383 0.324966 -0.0699529 -0.943135 169 128 92
0.8626 1.4158 3.65 -0.22591 0.0779102 -0.971028 154 123 76
-3.6499 -0.5446 2.5568 0.0658363 -0.0659485 -0.995649 160 137 99
1.4712 4.4103 3.3742 -0.510088 0.263878 -0.818644 140 134 88
1.4222 -7.3622 3.4801 -0.184781 0.0966111 -0.97802 147 119 80
3.1991 2.0916 2.7193 -0.433281 0.00559304 -0.901241 147 124 101
-1.8049 5.6457 3.3401 0.305643 0.846056 -0.436774 160 126 80
-3.0383 -6.7323 2.7768 0.466869 -0.385738 -0.795764 158 158 105
0.324 5.9469 3.8932 -0.487823 -0.0909106 -0.868196 143 132 71
-6.2333 -4.8556 1.5164 0.199843 -0.0730519 -0.977101 144 137 109
1.4178 6.1193 3.389 -0.0901813 0.370225 -0.924554 149 130 89
-6.4462 1.4934 1.5015 -0.356664 0.0980723 -0.929071 181 143 110
3.5579 -1.209 2.6058 0.377509 0.275561 -0.884055 153 152 83
-1.5033 0.9899 3.5288 0.252529 0.507771 -0.823649 145 124 73
-2.6373 4.4863 2.9156 0.239215 0.199983 -0.950149 153 117 90
-0.4395 -0.0232 3.7744 0.313452 -0.875894 -0.36682 146 109 48
3.0429 -1.3728 2.8148 -0.487419 -0.121797 -0.864632 134 145 86
-1.5854 -2.8448 3.361 -0 -0 -1 140 142 85
-5.3122 0.7304 1.8758 0.660885 0.076191 -0.74661 163 147 109
1.0815 -3.912 3.4873 -0.297449 0.185336 -0.936576 150 140 81
-6.0867 -0.6871 1.4935 0.252786 -0.232835 -0.939088 170 149 120
-4.2515 4.9338 2.3276 0.708021 0.180264 -0.682797 160 140 96
-0.6002 5.0633 3.7576 0.391927 -0.193589 -0.899398 120 130 76
3.2192 4.1995 2.6069 -0.772932 0.113215 0.624306 154 122 90
-2.6709 -3.584 3.0199 0.586243 -0.613065 -0.529594 137 139 79
5.392 2.1723 1.8295 -0.194711 0.229578 -0.953615 176 140 108
4.95985 -6.412 2.0413 -0.040623 -0.891452 0.45129 164 136 96
-6.601 2.3518 1.3346 0.0147229 -0.134803 -0.990763 159 155 118
-4.9031 -4.7031 2.0504 0.457613 0.231766 -0.858414 159 136 95
3.2813 -1.3571 2.6431 -0.175268 0.44552 -0.877948 157 131 91
-3.8069 -0.1254 2.5157 0.375273 -0.0145704 -0.9268 156 140 94
4.1332 -6.381 2.4323 0.193474 0.976537 -0.0945699 146 150 95
6.7332 7.8481 1.3762 -0.373574 -0.164455 -0.912906 160 163 105
-6.8949 -6.4563 1.3505 0.791135 0.511963 -0.334662 159 138 107
-4.7081 2.6536 2.095 0.415328 -0.155184 -0.896337 160 148 101
-0.8375 -7.6199 3.6962 0.448459 -0.151532 -0.880865 124 131 72
-5.5045 5.0979 1.8245 -0.0845215 0.336072 -0.938036 159 155 92
2.5885 -7.4615 2.9145 -0.244716 0.165616 -0.955346 160 141 75
0.2671 -0.9758 3.7943 -0.36811 0.0497801 -0.928449 133 139 73
4.293 5.2984 2.202 -0.346649 0.906959 -0.23929 168 130 101
-4.2813 -7.472 2.2469 0.458916 0.0245821 -0.88814 163 146 94
-2.0672 2.7366 3.2052 0.467513 -0.00467456 -0.883974 158 131 54
-6.2341 4.0962 1.5331 0.706707 0.239839 -0.665614 166 153 98
7.0771 3.9489 1.1941 -0.540757 -0.0257381 -0.840785 178 153 111
-5.9215 0.8934 1.6016 0.635708 0.219376 -0.740101 173 138 103
4.1018 0.9589 2.463 -0.552915 -0.813381 0.180823 157 140 88
-1.0728 -2.8024 3.5601 0.352764 -0.317831 -0.88008 137 119 88
-3.6341 5.2919 2.5944 0.257316 0.533674 -0.805593 157 127 116
5.4983 -3.415 1.8212 -0.180464 -0.400051 -0.89855 174 152 98
3.3345 5.1407 2.7462 -0.2722 -0.0353293 -0.961592 141 138 90
-1.3622 1.0561 3.4867 -0.0113069 0.56846 -0.822633 151 139 59
-6.5512 -7.4837 1.3128 -0.0113648 -0.522619 -0.852491 152 152 111
-0.1973 2.8409 3.9453 0.660106 0.175616 -0.730355 142 133 64
-3.669 -3.4964 2.5864 0.502755 -0.0912567 -0.859599 133 151 98
-0.5506 -2.137 3.7213 0.488759 0.282773 -0.825321 153 106 58
-7.2279 3.6788 1.0127 0.583345 -0.184746 -0.790935 155 144 110
7.0191 -6.8569 1.1274 0.0836264 -0.111931 -0.990191 185 162 128
1.2056 -0.1332 3.4817 -0.365463 0.277604 -0.888466 136 136 77
2.81675 -6.24275 2.88915 -0.663115 -0.0268927 -0.748035 142 141 97
-7.1501 -6.3447 1.1223 0.207485 -0.13415 -0.968996 162 149 99
6.3015 -5.9772 1.4658 -0.295497 -0.0385862 -0.954564 167 157 106
1.014 -3.0685 3.6712 -0 -0 -1 139 132 73
-2.8169 -4.2757 2.8578 -0.0466002 0.797566 -0.601429 147 160 97
4.1045 6.7391 2.3152 -0.509866 -0.103678 -0.853983 166 136 88
1.9894 -7.5703 3.1982 -0.172147 -0.0903851 -0.980916 136 135 106
4.3916 4.3153 2.2893 -0.171531 0.306481 -0.936294 167 135 87
0.3086 -4.9048 3.8976 0.326585 -0.137688 -0.935085 164 123 88
6.5206 1.113 1.3541 -0.738572 -0.300066 -0.603715 167 151 134
-7.8254 0.9318 0.7925 -0.974212 0.0449512 -0.221112 170 169 107
7.3869 -5.1555 1.0822 -0.370053 -0.019605 -0.928804 195 143 120
4.3558 -1.9007 2.3054 -0.323409 0.482563 -0.813966 151 153 102
1.5394 -6.1271 3.3011 -0.516387 -0.127553 -0.846803 152 142 77
-0.24835 7.7795 3.98275 -0.727697 0.681427 -0.0781987 134 122 73
2.1403 3.2958 3.1289 -0.386919 0.0507966 -0.920714 161 116 84
-1.416 6.4138 3.4777 0.37798 0.241719 -0.893702 154 137 69
-0.9399 -3.6591 3.5989 0.466309 -0.103606 -0.878534 136 124 83
7.4676 1.998 1.0011 -0.170348 0.187599 -0.967361 164 142 119
-3.6536 -0.3232 2.4584 0.214021 0.0767279 -0.973811 151 131 89
-3.7744 5.8603 2.6384 0.974349 -0.208983 -0.0834858 152 137 86
7.7813 6.6915 0.9154 -0.279323 -0.157844 -0.947134 162 163 121
-1.7588 6.1082 3.2766 0.58326 0.421402 -0.694427 146 132 78
7.8154 5.7317 0.9084 -0.47064 -0.125045 -0.87342 160 153 118
-7.3295 -3.0591 1.0436 0.424391 -0.250513 -0.870135 172 144 117
2.5518 0.0041 2.9794 0.601619 -0.201383 -0.772981 170 133 79
7.3857 5.3217 0.9531 -0.427729 -0.0446666 -0.902803 163 141 109
-3.6933 1.6201 2.5798 0.090949 0.128101 -0.987582 131 146 88
3.8998 5.9524 2.4852 -0.486669 0.0646109 -0.871194 158 147 82
3.0034 -0.7385 2.8197 -0.367144 -0.0257046 -0.929809 146 154 85
-2.6795 -1.4668 2.8513 0.330746 0.0827473 -0.940085 160 125 76
2.6172 -1.0193 2.9581 -0.0337302 0.0773308 -0.996435 153 146 84
-6.587 -5.5067 1.2415 -0.0122033 0.744866 -0.667102 178 146 102
0.1734 1.9347 3.9574 0.0381476 -0.96376 -0.264028 136 140 89
-3.2047 6.0642 2.7497 0.402629 0.0233482 -0.915065 152 135 85
4.6118 2.805 2.1716 -0.343108 -0.289237 -0.893655 156 145 82
-1.0644 -2.6426 3.5355 0.41247 0.113798 -0.903835 146 141 82
-7.2857 -1.2508 1.1123 0.362266 0.181032 -0.914325 163 163 102
-6.2581 -3.4789 1.5205 -0.490179 0.0398466 -0.87071 159 147 87
-1.3253 -3.0292 3.4598 0.428237 -0.0141645 -0.903555 143 130 73
0.8628 1.5411 3.718 -0.312395 -0.243139 -0.91831 145 140 80
0.7763 4.1412 3.7476 -0.404504 -0.0885819 0.910236 137 135 100
0.2532 6.5785 3.9232 -0.13287 0.0214165 -0.990902 132 135 55
-3.0616 3.9168 2.7794 0.157243 -0.312478 -0.93682 154 139 86
5.3845 2.4468 1.8647 -0.294675 -0.0903115 -0.951321 164 127 112
2.9539 0.5876 2.7865 0.134046 -0.698633 -0.702811 159 131 112
6.4332 -5.7513 1.4618 -0.460316 -0.0446229 -0.886633 180 138 120
-5.7953 -4.1574 1.6694 0.394797 0.918609 -0.0170983 161 149 107
2.9369 -4.1824 2.8523 -0.961352 0.0940958 -0.258742 144 135 76
7.0342 -7.6679 1.1773 -0.471124 -0.202706 -0.858459 176 165 122
-7.26945 0.54375 1.1027 0.223498 0.304252 -0.926002 164 154 106
6.0356 -4.5243 1.6045 -0.303896 0.000794491 -0.952705 147 137 105
1.7831 -5.3683 3.2408 0.130772 -0.755543 -0.641914 160 145 67
2.0108 -6.7449 3.2281 -0.315019 0.0632543 -0.946975 135 141 58
2.3052 4.4432 3.0459 -0.622331 0.040442 -0.781708 139 140 88
-0.1541 5.3076 3.9217 0.158252 -0.0253923 -0.987072 146 126 65
-1.9083 -1.8982 3.2402 0.299549 0.0910772 -0.949724 137 138 90
1.0197 0.3151 3.5581 -0.393057 -0.125353 -0.91093 124 142 82
-5.2501 7.765 1.8707 0.891964 0.452074 0.00545495 145 142 109
0.3717 -3.7074 3.8173 -0.0624925 0.326309 -0.943195 139 116 107
-4.5843 -3.4788 2.1356 0.323895 0.75074 -0.575744 147 158 106
6.3181 5.2003 1.4372 -0.347027 0.157034 -0.924615 166 146 102
-4.7515 1.7351 2.2384 0.0398084 0.444901 -0.894695 159 138 92
6.216 7.1719 1.5624 -0.754963 -0.617501 -0.220734 166 166 85
-0.03 -1.749 3.967 0.115557 0.401014 -0.908754 128 142 55
6.4988 0.7435 1.4008 -0.447069 0.481132 -0.754084 166 154 104
4.2231 5.9653 2.2446 0.0656934 0.223829 -0.972412 154 155 82
0.5246 5.2412 3.8979 -0.713729 0.66039 -0.233403 135 131 53
6.1568 -6.6912 1.5383 -0.175867 0.0387612 -0.98365 174 167 110
3.7708 7.1265 2.4627 -0.0180823 0.00413982 -0.999828 153 144 83
1.1991 5.6582 3.4695 -0.496693 0.100059 -0.862139 152 124 81
4.613 0.6552 2.148 -0.241368 0.0255844 -0.970096 150 137 94
7.4783 -7.005 1.023 -0.324092 -0.180462 -0.928654 159 123 94
-4.4123 -4.4542 2.3241 0.356508 0.15262 -0.921742 149 157 93
-1.7711 6.5593 3.3201 0.474167 0.0427994 -0.879394 129 129 90
-2.0031 4.2815 3.2305 0.187815 -0.280791 -0.941213 163 137 99
-5.464 -0.8782 1.8155 0.515343 -0.307039 -0.800093 172 146 103
-7.9869 -2.7728 0.8457 0.261015 0.510267 -0.81945 175 156 109
-2.6954 -3.3001 2.9736 0.304339 0.0431146 -0.951588 153 137 84
-4.3075 6.9982 2.2319 0.247413 0.0255995 -0.968572 139 146 95
0.3714 -5.5795 3.9306 -0.0555558 0.209814 -0.976162 128 130 66
-5.515 -5.402 1.8325 0.414119 -0.00402051 -0.910214 150 159 118
-6.8761 0.6048 1.2589 0.334157 0.0299593 -0.942041 164 160 118
0.176 4.2409 3.9022 -0.522711 0.424908 -0.739072 151 123 67
-1.292 -3.145 3.5543 0.236287 0.101977 -0.966317 146 121 77
7.8189 -6.9121 0.8046 0.307892 0.415386 -0.855954 157 158 104
6.5201 -6.4843 1.3381 -0.582046 -0.212818 -0.784813 168 158 95
4.5521 -3.9028 2.1512 -0.326753 -0.0628803 -0.943016 148 129 82
6.6133 -5.1968 1.4342 -0.37596 0.0105978 -0.926575 156 152 105
7.3193 4.5311 0.9726 0.484937 -0.0650643 -0.872126 158 142 118
-4.7902 -4.702 2.1446 0.442318 0.0807459 -0.893216 148 147 95
-5.1263 -3.2391 1.9391 0.531928 0.243375 -0.811061 153 146 85
4.0938 6.6125 2.4191 0.411995 -0.354553 -0.839376 150 168 80
-6.43 -6.3177 1.4689 0.815923 0.577995 -0.0138291 168 118 109
3.0788 -2.1325 2.7275 -0.560082 -0.000371276 -0.828437 157 136 91
-2.0812 7.3643 3.1894 0.0286289 -0.647867 -0.761216 152 150 84
-2.3163 -7.8259 3.1237 -0.0487237 -0.212482 -0.975949 133 127 75
-7.0883 -1.5043 1.1563 0.0228983 0.254786 -0.966726 170 158 106
3.1191 -6.1534 2.7378 -0.182398 0.181754 -0.96628 152 131 89
1.8994 -3.7264 3.1882 -0.551553 -0.0739029 -0.830859 168 133 79
4.616 -6.4456 2.1736 -0.281813 0.102479 -0.953981 158 121 104
4.3999 6.4492 2.244 -0.300413 -0.0176024 -0.953647 165 166 109
1.6962 6.9331 3.2453 -0.185608 0.382569 -0.905092 156 145 84
-3.2951 1.0803 2.6591 -0.22264 0.254173 -0.941184 163 128 88
0.6516 -0.7352 3.7664 -0.33923 -0.097301 -0.935658 152 131 78
-4.4928 -6.0333 2.1732 -0.123586 -0.97087 -0.205274 173 153 96
-7.8554 -7.8504 0.9261 -0.157128 -0.591937 -0.79052 179 151 111
-0.4815 -1.6538 3.8047 0.425159 0.246444 -0.870922 158 136 86
4.5226 4.0334 2.1348 -0.269338 -0.206306 -0.940689 159 149 102
2.9672 -4.6996 2.854 -0.641776 0.361682 -0.676247 148 122 90
-6.3775 4.3933 1.4706 -0.0160886 0.714609 -0.699339 167 147 92
-5.4103 0.2706 1.8285 0.389609 0.0452907 -0.919866 164 134 114
-2.8032 -7.6527 2.9115 0.314696 -0.139219 -0.938927 166 144 81
6.4639 0.3936 1.4689 -0.223812 0.290096 -0.930458 153 153 109
4.1997 -7.7855 2.2828 -0.183177 0.291337 -0.938919 167 148 97
0.0133 -1.6275 4.017 0.597834 -0.0294255 -0.80108 160 128 61
-0.5834 -2.6683 3.7884 0.357105 0.0629936 -0.931938 147 126 82
-6.0893 0.7007 1.6209 -0.0332328 -0.368667 -0.928967 171 142 114
0.9575 -6.8426 3.6291 -0.23813 -0.277977 -0.930604 141 145 60
3.2515 6.0933 2.7323 -0.114301 -0.288979 -0.950488 158 124 70
-7.4207 -5.4579 1.0464 0.598828 0.354198 -0.718295 164 152 106
-0.255 -7.5222 3.8923 0.327272 -0.214335 -0.920301 130 139 80
0.5293 3.7305 3.7162 -0.00470187 -0.974111 -0.226021 137 136 73
-2.8382 1.3688 2.926 -0.0843308 -0.269251 -0.959371 157 142 94
-3.3648 1.4776 2.6422 0.256449 -0.35836 -0.897671 160 117 83
4.096 4.0091 2.3197 -0.692829 0.586893 -0.41898 168 117 90
3.5213 4.3473 2.6032 -0.959164 0.232312 0.161354 156 139 92
-1.5123 1.7854 3.3911 0.14165 -0.0109885 -0.989856 138 126 71
-1.5826 1.0509 3.3988 0.865046 -0.36829 -0.340673 141 132 72
-4.1032 0.809 2.3582 0.133069 -0.0254999 -0.990779 150 145 106
4.7534 1.2878 2.0661 -0.43441 -0.0973631 -0.895438 149 142 98
0.6204 2.3004 3.7388 -0.677057 0.168543 -0.716371 152 126 70
2.4327 6.5742 3.0608 -0.503471 -0.170506 -0.847021 133 138 80
0.9802 -6.1285 3.6477 -0.113457 -0.791173 -0.600976 146 129 86
6.7551 3.1007 1.2902 -0.175546 -0.929795 -0.323519 166 128 126
7.5921 5.8848 0.9282 -0.246478 0.148227 -0.957746 167 168 99
1.4631 5.1408 3.4094 -0.360998 -0.144869 -0.921246 148 134 80
4.6078 5.5591 2.1766 -0.501812 0.00183402 -0.864975 165 133 98
5.8549 -1.2475 1.6795 -0.426804 -0.371255 -0.824626 164 147 117
7.5205 -0.2877 0.9116 -0.380779 0.134721 -0.914799 161 147 108
2.015 -3.7477 3.1673 -0.142293 -0.0434488 -0.98887 158 140 76
-3.0874 -1.1497 2.7974 0.011822 -0.262877 -0.964757 142 131 102
2.2943 -5.4471 3.0999 -0.346544 -0.0386363 -0.937238 164 120 80
5.4859 7.9345 1.7877 0.262403 -0.774131 -0.576077 158 162 109
-3.9013 0.8797 2.4645 0.527744 0.0830521 -0.845333 148 145 71
6.7772 6.3758 1.2867 -0.189621 0.167101 -0.967534 165 154 117
3.1328 5.9079 2.671 0.0145804 -0.68635 -0.727126 150 135 98
1.9041 -0.1425 3.3114 -0.0476385 0.818844 -0.572036 166 140 74
2.7413 -4.1292 2.8518 -0.459151 -0.15957 -0.87391 163 149 78
-0.4232 1.8217 3.7387 0.202088 0.131419 -0.97051 148 110 64
1.6642 -2.7613 3.3354 -0.64136 0.222645 -0.734225 140 120 65
7.7063 -3.7626 0.8981 -0.502292 -0.0716673 -0.861723 157 139 103
4.8065 -5.3825 2.0796 -0.502572 0.133805 -0.854118 157 156 97
-6.3639 6.3123 1.4565 0.369392 0.00120181 -0.929273 168 139 112
-1.6412 -3.6293 3.3226 0.509913 0.0332133 -0.859585 146 107 87
-7.4751 1.0871 1.0006 0.262316 -0.137669 -0.955111 175 147 116
7.4481 -7.249 1.0341 -0.261901 -0.0133221 -0.965003 174 153 120
5.5425 -1.1077 1.8096 -0.183091 0.464817 -0.86627 167 153 92
-0.9104 0.314 3.5158 0.691223 -0.209126 -0.69172 141 129 76
0.2007 6.7586 3.9532 0.139012 0.0694455 -0.987853 131 119 81
6.7804 2.4782 1.3278 -0.667853 -0.405963 -0.623832 174 154 90
-4.4971 -7.1027 2.1698 -0 -0 -1 161 135 96
-6.1584 3.3773 1.4863 0.32157 0.492241 -0.808883 162 138 108
3.6991 4.5746 2.5886 -0.56244 0.707704 -0.42757 154 135 85
-4.1171 6.8361 2.342 0.522334 0.109666 -0.84566 171 145 86
-4.2037 4.9465 2.3174 0.453431 0.228919 -0.861392 154 137 100
-3.0862 4.9435 2.8605 0.390959 0.677186 -0.623355 159 127 84
1.6376 -6.1266 3.371 -0.368014 -0.183346 -0.911565 129 119 93
-0.918 -6.1359 3.5873 0.145321 0.320678 -0.935974 141 128 61
1.0858 -3.30175 3.61085 0.0540565 0.178352 -0.982481 131 118 75
5.7725 -4.6576 1.7149 -0.179332 -0.279283 -0.943314 161 160 102
-1.5655 5.6028 3.4171 0.00640134 -0.049982 -0.99873 160 138 76
7.3484 5.1025 1.0521 -0.53463 -0.524989 -0.662236 180 160 105
-2.2511 -2.467 3.0681 -0.204473 -0.602518 -0.771468 158 135 83
-2.0761 6.4969 3.0716 -0.899117 0.0181462 -0.437332 144 134 87
-0.71 6.1563 3.7958 0.106763 -0.11546 -0.987558 132 148 66
5.4181 -1.9883 1.8375 -0.599187 0.546305 -0.585257 148 131 100
-3.803 0.0508 2.4554 0.226185 -0.271404 -0.935511 152 154 85
-5.8453 -1.8823 1.6552 0.23869 -0.448349 -0.8614 177 165 112
-1.3006 -5.2094 3.4832 0.320216 -0.298776 -0.898997 146 138 91
-6.9564 5.4246 1.1732 0.578423 0.0491267 -0.814256 175 155 100
7.0845 -6.9875 1.1941 -0.3977 -0.402497 -0.824519 166 153 120
-6.5623 -6.5196 1.3177 0.288344 -0.134185 -0.948078 164 146 115
6.6903 -4.9902 1.2936 -0.436471 0.289103 -0.852005 180 151 113
-0.022 -5.4686 3.9053 -0.0558849 -0.312809 -0.948171 167 145 75
6.3847 -4.0305 1.368 -0.396197 -0.474558 -0.786017 167 150 105
7.8119 -1.258 0.8696 0.713747 -0.00894482 -0.700347 172 144 100
-1.3333 5.5681 3.3762 0.405864 0.0311925 -0.913401 158 137 96
-0.1847 5.4993 3.9234 0.352744 -0.133906 -0.926089 140 133 72
0.1326 3.1509 3.8907 -0.327834 0.112528 -0.93801 150 137 56
-0.8746 7.6383 3.6647 0.603546 0.0777179 -0.793531 146 126 66
6.4191 1.1997 1.4809 -0.412526 0.0413875 -0.910005 161 137 136
-7.6974 5.5212 0.8512 0.14291 -0.133172 -0.980735 154 166 92
0.6293 5.0131 3.7546 -0.265488 0.787542 -0.556142 151 153 65
6.0488 7.92 1.6404 -0.512893 -0.153637 -0.844592 164 160 101
7.8014 6.4253 0.8854 -0.192912 0.165968 -0.967078 169 151 120
1.9293 7.2238 3.212 -0.322173 -0.134283 -0.937109 150 130 77
2.1214 1.8815 3.1278 -0.336946 0.00278051 -0.94152 149 144 90
-2.224 -5.6383 3.2083 0.242847 0.718071 -0.652227 162 130 93
-2.5773 -5.339 2.914 0.547679 -0.291558 -0.784246 133 148 94
-4.4652 1.8995 2.227 0.522146 -0.0375017 -0.852031 145 148 100
-0.0272 4.233 3.9078 -0.771544 -0.264403 -0.578629 149 145 72
4.8382 7.0743 1.9982 -0.395795 -0.00850805 -0.918299 164 153 97
1.2003 2.8996 3.5431 -0.60083 -0.0808135 -0.795281 153 146 78
-1.0389 -3.7227 3.5365 0.513433 -0.281011 -0.810814 137 112 100
-0.1333 5.5256 3.9495 0.358595 -0.338182 -0.870082 139 118 77
6.2472 -3.3945 1.4779 -0.515647 0.271184 -0.812753 172 154 100
-7.7533 -7.9384 0.9717 -0.206004 -0.609135 -0.765844 180 155 102
7.5697 5.0616 0.9058 -0.469785 0.308683 -0.827053 176 152 98
2.3757 6.0931 2.9548 -0.381098 -0.495898 -0.780288 156 145 80
-3.5524 -3.5198 2.6144 0.348701 -0.295977 -0.889272 151 129 90
3.8204 0.5341 2.4546 -0.469817 -0.154174 -0.869196 172 177 96
-3.6901 3.5856 2.547 0.672333 -0.116767 -0.730981 158 137 98
-3.0695 7.3697 2.8573 -0.138313 -0.0352768 -0.98976 152 141 86
-0.4499 2.6891 3.8547 0.0149688 -0.080287 -0.996659 138 136 58
3.9867 -7.5712 2.4212 -0.325424 0.300384 -0.896587 161 160 90
4.2392 -5.0414 2.2583 -0.14397 -0.222947 -0.964141 150 144 102
-2.6339 3.2819 2.9549 0.261671 0.25315 -0.931366 148 128 99
5.456 -4.7654 1.8233 -0.84563 0.0137731 -0.533593 149 149 119
7.3573 5.3661 0.9914 -0.540084 0.245015 -0.805156 162 152 104
-5.6852 -5.2312 1.7268 0.272393 0.258558 -0.926795 163 139 104
-0.5103 6.1329 3.8096 0.578471 -0.0710438 -0.812603 159 123 82
-2.2342 2.1674 3.0992 0.66282 0.0832031 -0.744142 148 124 85
3.8327 -3.5779 2.4194 -0.46887 0.058742 -0.881312 153 132 95
-4.4577 -2.765 2.1612 -0.0626723 -0.0787225 -0.994925 149 157 98
7.9507 7.2313 0.8814 -0.110834 0.207895 -0.971852 173 147 125
2.5877 -6.2904 3.0509 -0.0263593 -0.130685 -0.991073 173 154 70
4.1349 2.9359 2.4053 -0.912225 -0.276058 -0.302717 156 140 88
-4.1566 0.694 2.3791 0.123859 -0.205308 -0.970828 144 137 103
4.1035 4.6297 2.3386 -0.112614 0.26999 -0.956255 153 132 81
2.8184 0.5804 2.7934 -0.145859 -0.0307016 -0.988829 138 158 88
-2.3128 5.3065 2.9939 0.430869 0.117603 -0.894719 140 154 72
1.7188 -2.0968 3.3677 -0.4367 0.658885 -0.612505 160 133 73
-3.9895 -6.2649 2.3985 0.449979 -0.0526875 -0.891484 172 128 88
-0.3981 -5.7057 3.9303 0.730253 0.570839 -0.375331 146 121 83
2.5542 -4.6091 3.0084 0.208673 0.121859 -0.970364 154 145 81
-4.342 -3.9396 2.1465 0.514899 0.616098 -0.596073 167 142 104
-5.228 6.3 1.9086 0.0748447 -0.910536 -0.406599 150 160 114
7.214 0.4746 1.1257 -0.518304 0.00664349 -0.855171 178 175 100
-6.4017 0.0174 1.4376 0.558615 0.261317 -0.787186 186 145 96
-4.9279 4.2545 2.0399 0.36872 -0.0475867 -0.928322 153 136 110
-0.2665 4.2466 3.9638 0.830491 -0.182119 -0.52642 144 145 62
-1.222 -2.8151 3.5442 0.271396 -0.00236627 -0.962465 135 124 73
-5.2756 7.8397 1.8974 0.891964 0.452074 0.00545495 158 146 87
-1.7907 0.397 3.2517 0.124004 0.542925 -0.830575 158 150 93
-7.7392 -5.0845 0.9049 0.313695 0.349985 -0.88267 173 161 129
6.9746 -1.458 1.2603 -0.249595 -0.0449051 -0.967309 168 121 122
-4.951 4.3908 1.9957 0.0024847 -0.0526145 -0.998612 150 156 105
-4.6183 6.9229 2.1845 0.697723 -0.287207 -0.656274 167 148 86
-1.9909 4.2961 3.1744 0.187815 -0.280791 -0.941213 155 138 87
7.6813 -4.0997 0.9728 -0.323728 -0.238228 -0.915668 168 141 104
2.4246 6.2862 2.9936 -0.337318 -0.861183 0.380237 165 120 65
-4.9726 -5.0228 1.9877 0.372114 0.0928307 -0.923533 144 143 93
-3.1763 0.523 2.6768 0.3754 -0.0984997 -0.921614 160 155 84
-1.0131 -2.1435 3.58 0.0445206 0.538143 -0.841677 143 136 72
6.3438 -2.0346 1.5038 -0.243443 0.0454228 -0.968851 157 151 112
3.0266 5.8871 2.7497 -0.0470325 -0.743429 -0.667159 161 146 87
5.7638 1.4188 1.7346 -0.313716 -0.0742297 -0.946611 161 149 115
-2.3821 3.7748 3.0176 0.22246 0.197481 -0.954732 155 140 74
-2.2364 -7.4656 3.062 0.436714 0.0375088 -0.898818 143 119 77
5.7068 7.9456 1.7204 -0.694853 0.671676 -0.256965 158 134 122
5.7735 6.592 1.7105 -0.443915 0.2477 -0.861153 153 131 100
7.6875 0.1277 0.937 -0.201373 -0.0934666 -0.975045 189 163 114
2.9726 -6.4385 2.7117 -0.323482 0.00704004 -0.946208 161 134 85
1.8292 -5.5156 3.3076 -0.87453 0.36357 -0.320958 154 153 75
-5.5606 -6.4407 1.7627 0.523132 -0.305912 -0.795456 148 150 113
6.0236 3.3201 1.7094 -0 -0 -1 179 155 101
5.2439 -0.3722 1.9691 -0.173383 -0.122877 -0.977159 168 147 83
2.9036 1.9276 2.9039 -0.519778 -0.295192 -0.801681 145 142 87
1.6529 -3.8815 3.3816 -0.568982 -0.0131764 -0.822245 152 135 88
-3.387 1.7722 2.6843 0.375067 0.0995175 -0.92164 150 127 99
-0.2848 2.6879 3.7998 -0.0121427 -0.561905 -0.827113 131 106 78
-6.9969 -6.2215 1.1959 -0.403836 -0.3326 -0.852229 164 159 85
7.4527 -5.2618 1.0105 -0.387727 -0.314685 -0.866395 169 150 111
7.6346 4.6052 0.9366 -0.23077 0.0448652 -0.971973 197 154 113
-7.8562 -4.5183 0.916 0.6426 0.254141 -0.722826 160 151 122
-4.6349 -3.9163 2.0881 0.808465 0.245852 -0.534734 148 149 85
3.4989 7.8182 2.5893 0.00752197 0.938481 0.345249 160 128 101
6.1723 -6.0788 1.5041 -0.642744 -0.315374 -0.698154 165 140 108
-6.2965 -2.3357 1.5643 0.40986 0.195168 -0.891024 168 157 107
7.7489 6.2448 0.8507 -0.497267 0.209262 -0.841983 174 144 109
7.7505 4.4051 0.9548 -0.20058 0.0455964 -0.978616 173 141 103
3.4434 -6.6713 2.6041 -0.282688 0.00747926 -0.959183 146 130 101
1.0026 2.5338 3.543 0.0145006 -0.0114607 -0.999829 128 127 53
-2.3792 -0.9284 3.0706 0.480092 -0.241069 -0.843444 160 135 85
4.3203 5.8057 2.2489 -0.48999 0.0183235 -0.871536 157 149 98
6.0177 -2.46 1.5794 -0.298439 0.0463768 -0.953301 167 139 86
-2.7777 -3.5989 2.9576 0.569652 0.375185 -0.731254 163 140 69
-4.3505 3.1462 2.2859 0.299383 0.0892707 -0.949948 152 147 95
7.5936 0.0282 0.9231 -0.542127 0.467668 -0.69813 177 144 111
-5.737 -7.0377 1.6565 0.470963 0.103515 -0.876058 155 148 98
0.3799 3.5642 3.8339 -0.337138 -0.113627 -0.934573 142 122 75
5.3832 -5.8793 1.8168 -0.359797 0.271624 -0.892618 157 143 87
-4.8779 0.0891 2.0263 0.528776 -0.227134 -0.817806 156 145 102
-6.5651 1.2985 1.3435 0.505234 0.0598799 -0.860902 174 149 126
3.7831 -6.3099 2.5282 -0.152001 0.401887 -0.902985 162 124 100
4.2644 1.9615 2.2594 -0.797259 -0.218748 -0.562608 178 153 88
3.2965 4.9754 2.7255 -0.302346 0.109779 -0.946856 147 123 61
3.3511 1.3931 2.6736 -0.400858 0.195871 -0.894957 145 154 80
-6.0984 -1.2634 1.5547 -0.16846 -0.154687 -0.973495 176 139 106
2.9295 4.9019 2.8208 -0.140274 -0.145332 -0.979388 146 113 93
1.7869 -1.9622 3.2515 -0.356867 -0.200377 -0.912412 151 145 96
1.1659 4.3773 3.4779 -0.624954 0.452561 -0.636098 158 121 61
-6.3414 -6.8613 1.3952 -0.0029295 0.670021 -0.742336 180 141 112
-0.7682 2.2372 3.7379 0.677621 -0.110468 -0.727067 149 135 65
-2.427 -3.0387 3.0174 0.426948 -0.0283918 -0.90383 163 144 69
2.6884 -7.1031 2.8613 0.0612417 0.166635 -0.984115 143 130 84
-0.1768 -6.0556 3.9653 0.481905 -0.0588566 -0.874245 127 110 44
1.4003 -1.4358 3.4462 -0.26771 -0.0535086 -0.962013 158 126 76
-2.9552 1.3718 2.8936 0.41236 -0.0748088 -0.907944 149 136 104
1.5523 1.4135 3.3563 -0.493108 0.121235 -0.861479 139 130 99
-3.4202 -6.423 2.6135 -0 -0 -1 144 139 94
-1.4788 -0.0481 3.4278 0.266649 -0.0808891 -0.960393 139 131 93
-0.8343 7.5945 3.7132 0.383532 -0.280734 -0.879825 146 139 76
-3.1511 -0.6852 2.7115 0.440393 0.0764031 -0.894548 148 133 89
-2.8488 2.7034 2.8515 0.293153 -0.731808 -0.615239 160 136 87
-7.2915 -4.193 1.1094 0.650833 -0.100765 -0.752504 156 154 116
-6.8831 3.5211 1.2817 0.451245 0.543344 -0.707924 170 166 97
6.8111 -4.916 1.3024 -0.580533 0.125073 -0.804573 154 160 110
-6.1063 -6.5821 1.645 0.139741 -0.459039 -0.877357 158 132 115
-2.1503 5.2615 3.2097 0.491944 0.202533 -0.846742 172 128 84
-2.524 -4.6998 3.1341 0.63619 -0.748679 0.186396 162 143 92
-3.3213 4.9705 2.6999 0.16274 -0.0592252 -0.98489 154 135 81
-4.3044 -6.0725 2.1962 0.450135 0.165067 -0.877571 163 152 112
-2.915 0.8665 2.9107 0.242657 -0.54035 -0.805692 149 142 84
2.8586 1.9532 2.8175 -0.393685 -0.918154 0.044783 152 142 90
-5.4724 4.5154 1.745 -0.490895 -0.415156 -0.765942 137 153 109
0.6287 -0.2697 3.7419 -0.433155 0.102054 -0.895523 144 127 84
-3.0437 -6.0404 2.8469 0.0964008 -0.109601 -0.98929 160 136 93
6.4213 -7.2723 1.4487 -0.2616 -0.211773 -0.941657 158 153 104
-5.2799 -1.9639 1.9005 0.971758 0.221066 -0.0825566 167 141 101
-2.5797 0.1966 2.9754 0.636345 0.014752 -0.771263 134 143 77
0.7689 -2.087 3.7084 -0.323271 -0.0953128 -0.941494 150 116 67
6.9268 6.697 1.2091 -0.488822 0.0161761 -0.872234 169 154 100
-7.0648 5.2465 1.2583 0.577522 -0.211471 -0.78851 180 153 120
-2.8964 -2.6389 2.8316 0.441949 -0.127749 -0.887897 142 150 81
-0.8143 0.3592 3.6536 0.533741 0.0299048 -0.845119 139 126 69
-5.8642 4.3402 1.6011 0.410829 -0.203654 -0.888676 171 153 109
-5.6761 -0.2533 1.7437 0.495255 -0.0554909 -0.866974 168 158 110
-2.2659 3.6243 3.1172 -0.459511 0.020889 -0.887927 130 146 86
4.3369 2.3212 2.2999 -0.735147 0.0237099 -0.677493 161 147 80
4.7421 5.8977 2.0687 -0.299479 0.16854 -0.939099 146 137 82
-0.7572 -1.3433 3.5776 -0.276743 0.723277 -0.63268 128 123 78
-3.7569 -2.5709 2.5035 0.413226 -0.180822 -0.892495 159 134 81
-5.5112 -1.2197 1.8331 0.632194 0.044102 -0.773554 132 156 80
-0.5187 6.6491 3.834 0.662945 0.162528 -0.730813 146 128 80
-1.6641 0.2716 3.3841 0.4044 -0.00634945 -0.91456 166 138 69
4.2281 4.4929 2.2152 -0.0544216 0.23922 -0.969439 153 156 91
7.398 -2.0393 1.0389 -0.26507 -0.156865 -0.951384 173 154 105
7.1156 6.3212 1.1524 -0.235139 0.0649716 -0.969788 163 156 116
1.5084 3.8129 3.2934 -0.0282808 0.0543884 -0.998119 158 149 89
-0.4835 4.6584 3.8605 0.375732 0.0786812 -0.923382 135 129 85
5.2765 -0.8979 1.9042 -0.156788 0.227638 -0.96104 187 142 100
7.2575 -2.7101 1.0451 -0.778807 0.496821 -0.382921 167 152 106
-3.0832 -2.2352 2.8619 0.632952 -0.602361 -0.486346 154 137 88
5.0464 -6.9628 1.9551 -0.464357 -0.17241 -0.868704 161 126 102
5.825 2.0789 1.6858 -0.273436 0.227672 -0.934558 143 142 107
3.868 3.3832 2.4357 -0.583499 -0.0776375 -0.808394 122 146 103
3.7529 7.4218 2.4801 -0.398607 -0.147921 -0.905114 151 145 82
-1.1286 -5.5524 3.5011 -0.291641 -0.217566 -0.931456 145 131 59
-1.9699 5.7124 3.1604 0.528859 -0.0304288 -0.848164 152 136 84
1.894 4.7838 3.1949 -0.466191 0.0121539 -0.884601 160 139 75
-2.8985 6.8613 2.872 0.263564 0.0399016 -0.963816 160 147 80
-5.4913 -2.3635 1.6862 0.539707 0.339151 -0.770515 152 160 95
-0.0107 4.2408 3.9756 -0.808469 -0.250502 -0.532566 146 140 59
-4.6089 -6.0256 2.0945 0.242959 -0.234743 -0.941205 159 127 102
7.2355 -2.7637 1.1161 0.264873 -0.740989 -0.617072 173 139 112
-2.1097 -1.2405 3.1899 0.011855 -0.270491 -0.96265 164 132 81
1.5686 5.1882 3.3915 -0.392405 -0.207728 -0.896029 144 140 84
5.0437 7.5054 1.9902 -0.17121 0.133158 -0.976195 154 151 96
7.4319 -2.384 0.9663 -0.688194 -0.189893 -0.700236 159 148 125
-3.5778 2.8934 2.5585 0.121333 -0.116378 -0.985766 158 138 75
5.4269 7.34 1.827 -0.277575 -0.191834 -0.941356 174 132 115
2.6341 -0.652 2.883 -0.497273 0.0141286 -0.867479 149 140 97
-0.9568 -0.1355 3.6896 0.173775 0.150924 -0.973152 142 126 59
-4.9626 5.6565 2.0906 0.609048 -0.262353 -0.748486 154 144 94
7.5615 -2.0685 0.9654 -0.424859 -0.06665 -0.902803 152 153 119
-3.9074 1.7111 2.3957 0.91863 0.206116 -0.337099 141 138 91
2.382 -1.066 3.0085 -0.527429 0.24929 -0.812202 146 134 67
0.2932 7.4184 3.8662 -0.431321 0.125911 -0.893369 163 122 90
-5.0703 -4.0395 1.9548 0.844312 -0.341282 -0.413115 179 169 96
3.6504 1.4173 2.5218 -0.462084 -0.0161959 -0.886688 169 145 98
-0.2334 -1.4148 3.9118 0.47297 -0.210032 -0.855679 153 139 71
0.2143 0.092 3.8608 -0.0111097 0.0462279 -0.998869 131 121 77
-4.5607 -6.4092 2.2032 0.686511 0.120432 -0.717076 139 138 78
-2.6012 5.2914 2.9397 0.351653 -0.184342 -0.917801 162 139 94
-7.0746 1.2595 1.1637 0.311702 -0.0462379 -0.949054 160 125 110
6.6721 2.5141 1.3689 -0.348127 -0.0248864 -0.937117 179 148 114
-7.3795 6.8795 0.9944 0.349723 0.936235 -0.0340432 158 138 108
-3.0981 6.4667 2.8371 0.268081 -0.05351 -0.961909 158 140 75
-6.641 6.1445 1.2808 0.538663 0.105782 -0.835854 181 154 118
-5.7604 0.4673 1.7619 -0.164738 -0.466047 -0.869288 151 126 87
0.0367 -4.7804 4.0119 -0.397205 -0.103826 -0.911838 129 138 61
0.0849 -1.0118 3.9915 -0.451624 0.0305684 -0.891685 143 127 64
5.7193 2.1383 1.7355 -0.273684 0.150858 -0.949915 159 141 117
7.7852 -1.1858 0.9345 -0.443242 -0.0102698 -0.896343 168 161 105
-6.1874 4.8915 1.576 0.0687645 -0.0712984 -0.995082 153 134 123
-5.4698 7.6174 1.8804 -0.144242 -0.290868 -0.945828 153 138 105
6.8934 -0.00575 1.23485 -0.580946 -0.265775 -0.769328 161 156 105
-0.7323 4.5335 3.6701 -0.127523 0.0836389 -0.988303 145 136 75
-7.8487 -1.7361 0.9039 0.321649 0.015613 -0.94673 165 179 97
-5.2472 -0.0271 1.79 -0.287026 0.105151 -0.952134 164 143 98
6.7469 -1.9766 1.3045 -0.289515 0.131099 -0.948153 169 141 109
3.0809 -0.6716 2.731 0.283671 -0.86575 -0.41232 173 142 82
2.783 -7.8502 2.9575 -0.0925079 -0.438652 -0.893883 167 125 73
-2.909 3.6976 2.7996 0.805917 0.097145 -0.584004 169 133 99
-3.4334 -6.9482 2.6656 -0.302578 -0.214644 -0.928641 160 142 91
-0.0575 -3.0939 3.9194 0.0374703 0.0118629 -0.999227 127 138 62
-4.0419 4.613 2.3748 0.529034 0.0291189 -0.848101 150 150 100
-5.0965 -4.811 1.9302 0.248306 -0.125736 -0.960487 154 143 91
-5.4739 5.6098 1.7826 0.443234 0.00423384 -0.896396 163 137 103
-3.7812 -3.5597 2.3768 0.277947 0.300051 -0.912532 158 112 101
-0.2327 -1.1568 3.8719 0.564771 0.0769006 -0.821657 136 118 68
-5.4515 7.4826 1.8268 0.314374 0.0973693 -0.944292 170 129 103
-7.6371 -3.7701 0.9622 0.0896954 -0.0475484 -0.994834 158 150 119
-2.994 -0.7567 2.8111 0.452992 -0.160185 -0.877006 155 147 68
0.0638 4.5536 4.0361 0.0859253 0.980412 -0.177225 122 139 57
-2.8022 -4.8159 2.9022 0.323359 -0.10267 -0.94069 146 159 91
-6.3676 -2.0049 1.4091 -0 -0 -1 191 162 113
2.9622 0.867 2.822 -0.791695 0.272299 -0.546875 147 135 93
-2.3956 -1.8091 3.0654 0.63218 0.399864 -0.663669 121 144 78
4.0668 2.9963 2.4224 -0.900529 -0.274648 -0.337071 156 149 82
-6.0559 0.4255 1.556 -0.0432673 0.332819 -0.941998 166 145 104
7.6941 -7.186 0.9406 -0.092841 0.0684568 -0.993325 178 128 114
-5.6779 3.3032 1.7516 0.47874 0.0054342 -0.87794 149 153 100
5.1543 -5.2939 1.8324 -0.812686 0.282294 -0.509756 154 140 94
-1.106 6.3138 3.5451 -0.0179915 -0.253742 -0.967105 150 124 74
-6.1413 -5.691 1.4516 0.225527 -0.511213 -0.829337 152 147 124
-5.1392 -2.5299 1.9321 0.524545 0.2157 -0.823606 159 145 108
-0.0469 4.3502 4.0383 -0.88202 -0.18194 -0.434671 147 132 63
2.4635 1.468 3.0085 -0.310027 0.177246 -0.934059 163 134 103
1.5746 6.99 3.4306 0.450936 0.325268 -0.831179 140 137 66
-6.4298 -0.8841 1.4736 0.0941359 -0.0734636 -0.992845 160 148 113
-4.8422 -0.6561 1.9644 0.246419 0.00552275 -0.969148 153 150 101
3.5612 2.4634 2.5647 0.181618 -0.104175 -0.977836 139 139 88
-1.0306 -3.5449 3.5673 0.0150162 0.0477744 -0.998745 163 111 82
1.0231 -6.491 3.516 0.132716 -0.985387 -0.106764 153 123 86
4.737 0.5189 2.1121 -0.547376 -0.3562 -0.757299 157 139 96
-7.077 2.5033 1.2026 0.853728 0.283262 -0.436935 162 161 124
0.4581 6.9599 3.8307 -0.430577 0.0902307 -0.898032 139 134 80
-0.7393 -6.3457 3.7123 0.388788 -0.144153 -0.90998 138 130 61
5.6765 -0.4394 1.7247 -0.20373 0.467861 -0.86 168 153 92
4.8745 6.2013 2.059 -0.315178 0.342353 -0.885131 154 145 93
-3.9033 0.5543 2.4609 0.0670154 -0.60845 -0.790758 153 142 84
-7.5624 7.3786 0.882 -0.869898 -0.425891 -0.248786 157 146 112
1.3361 -7.0367 3.5316 -0.236732 0.970255 0.0506232 127 125 74
5.6857 -5.8542 1.7709 -0.35849 -0.0264674 -0.933158 166 159 93
-2.193 2.4782 3.1333 0.182951 -0.0146908 -0.983012 167 121 83
-0.3879 -2.9722 3.8447 0.418064 -0.0387761 -0.90759 135 116 79
7.9077 -4.0062 0.9695 0.876404 -0.389415 -0.283325 166 142 108
-3.798 -2.1293 2.5146 0.485887 0.115206 -0.866396 159 139 91
7.3089 -4.9881 1.0805 -0.421655 -0.109658 -0.900101 161 149 108
-3.2555 -7.1866 2.6155 0.437436 0.2907 -0.850966 153 132 95
-6.615 -0.3425 1.3729 0.46116 0.584009 -0.668031 162 155 109
-7.3212 6.3307 1.0207 0.277289 0.423518 -0.862406 170 145 106
5.6326 7.0642 1.6617 -0.545648 -0.145494 -0.825288 169 144 89
-7.4206 -2.8059 0.9889 -0 -0 -1 167 158 102
6.2773 3.778 1.5708 -0.37232 -0.332335 -0.866563 157 156 93
-0.9535 6.5006 3.6273 0.449856 -0.235941 -0.861372 161 117 63
6.8497 -2.0387 1.4043 0.682411 0.673646 -0.283752 184 144 98
-6.1208 -5.369 1.4705 -0.196631 -0.0918406 -0.976167 171 136 125
5.1149 4.9611 2.0606 -0.219123 0.975486 -0.0202797 168 137 90
-4.8248 5.8434 2.0369 0.26611 0.428708 -0.863362 149 151 105
-2.6537 2.255 2.9861 -0.299812 -0.101025 -0.948634 144 143 90
1.6667 -5.9933 3.2975 -0.426344 0.359465 -0.83007 163 132 81
-4.7398 -0.6512 2.051 0.51204 -0.106965 -0.852275 163 154 108
-3.22 2.2981 2.6318 0.317883 -0.311613 -0.89546 152 132 69
-2.0745 -7.3168 3.1766 -0 -0 -1 153 153 68
3.7765 0.49 2.5205 -0.479619 0.0324472 -0.876877 149 158 89
-2.7941 0.6782 2.7882 -0.783662 0.223137 -0.579728 145 144 87
-4.8906 -2.1147 2.0272 0.326338 0.0682591 -0.942785 157 138 90
6.1483 6.2181 1.5505 -0.939349 0.283179 0.193477 166 157 132
-1.5687 2.6534 3.4473 0.160184 0.457601 -0.87461 135 155 87
-3.6412 0.1483 2.4776 0.22664 0.250473 -0.941221 168 148 95
4.8277 -1.4757 2.0843 -0.475035 -0.253599 -0.842632 152 145 97
1.4933 0.2796 3.4941 -0.363848 -0.143454 -0.920345 163 143 69
-3.9533 -0.1097 2.4963 0.725465 0.157044 -0.670103 151 145 107
-0.1791 3.4729 3.9722 0.534106 0.816562 -0.218991 151 118 75
5.2311 -1.4763 1.8997 -0.24769 0.509369 -0.824132 158 133 124
6.0114 1.9397 1.6545 -0.441444 -0.359684 -0.822043 152 137 101
-0.4904 1.45 3.8431 0.971699 -0.144575 -0.186814 136 121 78
3.0947 7.1478 2.7019 -0.669477 0.662961 0.335088 158 126 106
4.2518 0.613 2.3105 -0.4119 0.504093 -0.759097 137 152 105
7.9312 4.8333 0.823 -0.292427 0.150842 -0.944316 175 155 127
5.7153 -5.6634 1.6895 -0.219865 -0.0966076 -0.970735 165 158 119
-7.0252 -6.3046 1.1328 0.187241 0.104727 -0.976715 174 134 114
3.175 3.2141 2.7812 -0.108275 -0.0420905 -0.99323 136 118 76
1.3692 1.0548 3.4165 0.0700018 -0.112739 -0.991156 138 128 59
4.1193 5.0543 2.3579 -0.248388 -0.220362 -0.943263 143 142 89
-0.4186 -0.3606 3.8887 0.540332 0.0439589 -0.840303 132 117 65
3.2976 -4.2498 2.7348 -0.395446 -0.355144 -0.847051 134 128 57
7.9658 -3.8915 0.8919 -0.312427 -0.355929 -0.880741 161 161 108
1.9679 1.7171 3.1564 -0.156562 0.154171 -0.975561 133 133 81
-1.8796 -1.6505 3.2621 0.235266 -0.165173 -0.957793 158 142 93
4.4155 0.0227 2.2292 -0.571611 0.356052 -0.739248 157 146 98
5.7345 -6.7055 1.618 0.105319 -0.335035 -0.936301 153 142 132
-3.3239 -4.6638 2.6552 0.958365 -0.266911 -0.101467 158 136 86
2.6007 1.3545 2.9609 -0.159558 0.0440481 -0.986205 157 136 70
-1.3394 5.5753 3.4507 0.405801 0.0867759 -0.909833 149 137 82
7.6096 4.3931 0.994 -0.404888 0.0488453 -0.913061 157 149 108
4.9896 7.3766 1.9607 -0.437946 -0.24659 -0.864521 160 137 96
2.0703 -7.4143 3.1486 -0.252831 0.0493339 -0.966252 166 138 93
-5.6154 6.1135 1.7253 0.581835 0.0211665 -0.813031 160 130 103
-7.6663 -0.5913 0.9704 0.471551 0.156093 -0.867914 178 145 112
4.3126 -5.1215 2.3393 -0.232207 -0.51119 -0.827505 174 166 93
2.9001 -4.7408 2.8331 -0.336947 0.287964 -0.896406 147 122 107
-6.0261 7.8094 1.4836 0.169728 0.287119 -0.942738 152 168 87
6.3947 -1.6321 1.4552 -0.446617 0.382516 -0.808836 161 148 112
-1.4163 -0.6022 3.4733 0.272878 0.296901 -0.915089 166 110 68
3.2164 2.1288 2.673 -0.319392 -0.0812577 -0.944132 157 120 73
-3.6974 4.1195 2.5116 0.223397 0.142306 -0.964284 142 143 69
-4.3824 -6.308 2.2574 0.607441 -0.129074 -0.783808 161 140 99
-5.0446 1.9971 1.989 0.335513 0.131829 -0.932766 157 154 100
6.9445 4.0612 1.1877 -0.281365 -0.134186 -0.950173 175 155 94
1.9726 -5.7367 3.204 -0.863036 0.323067 0.388327 135 133 72
5.04 -4.3371 2.0085 0.0744199 0.222144 -0.97217 170 144 113
6.45175 -5.7888 1.44295 -0.446125 0.141172 -0.883767 163 145 106
-0.3779 -0.4614 3.8703 0.156317 0.147847 -0.976579 138 118 70
7.2105 -1.9089 1.1768 -0.303122 0.649611 -0.697224 178 152 121
0.0137 7.102 3.9528 0.0222167 0.417027 -0.908622 143 132 74
-5.2028 5.6511 1.9484 0.216296 0.21467 -0.952435 160 150 99
1.396 -6.9635 3.4243 -0.439986 -0.3071 -0.843861 137 130 79
3.0126 0.9931 2.7156 -0.188348 -0.0562533 -0.98049 162 111 98
4.2811 -4.1772 2.2842 0.404185 -0.283334 -0.869687 147 145 98
-6.3114 2.4942 1.4395 0.18528 -0.0575426 -0.981 174 134 98
1.6331 -4.9787 3.338 -0.832009 0.325001 -0.449594 144 144 62
-7.5139 -7.0419 1.0632 0.398593 -0.240844 -0.884939 162 159 111
-0.2085 2.081 3.7996 0.1077 -0.928276 -0.355956 144 139 69
0.2798 2.0122 3.8759 0.645829 -0.762848 -0.0311248 132 140 75
4.5207 3.7636 2.1585 -0.321442 0.186381 -0.928406 163 133 113
3.5579 -2.7537 2.6772 0.458364 -0.0226469 -0.888476 159 125 88
5.7928 2.4399 1.6309 -0.6906 0.128882 -0.711661 176 150 110
0.7739 3.9732 3.7364 0.959853 -0.274596 -0.0572603 164 130 72
5.0839 -1.4272 1.9693 -0.324793 0.733569 -0.596981 164 162 108
-1.6533 4.6343 3.3311 0.178531 0.141317 -0.973733 144 149 81
-6.0995 7.8401 1.5329 0.169728 0.287119 -0.942738 161 136 115
-4.3679 -6.2153 2.3506 -0.843608 0.474875 -0.250638 171 114 97
-3.2939 2.3815 2.6678 0.52844 0.745825 -0.405581 158 120 101
4.3286 3.9415 2.2772 -0.378232 -0.194281 -0.905094 171 141 97
-6.0403 2.9056 1.5866 0.101761 -0.146238 -0.984002 154 153 114
-7.7874 -6.6234 0.8168 -0.313197 0.3954 -0.863462 165 140 119
7.283 7.0231 1.1094 -0.425831 -0.00314525 -0.904797 168 174 111
4.9235 5.2031 1.9459 -0.147498 -0.618005 -0.772214 142 133 88
6.1072 -2.6808 1.5491 -0.431385 0.0147483 -0.902048 160 161 106
6.3692 3.5511 1.5408 -0.54522 -0.36874 -0.752838 164 161 98
-6.4853 5.7275 1.4281 0.352006 0.083306 -0.932283 164 153 100
2.2626 7.7579 3.1135 -0 -0 -1 155 133 97
-3.3591 0.1667 2.6084 -0.086341 -0.256529 -0.962672 160 150 88
7.6806 -3.2628 0.9126 -0.839354 -0.0495604 -0.541322 193 148 86
4.322 7.6219 2.2661 -0.12977 -0.225395 -0.965586 162 160 91
-1.8848 -7.3575 3.2945 0.167593 -0.418858 -0.892452 161 136 71
0.3554 5.0789 3.8451 -0.362883 -0.357732 -0.860432 142 126 84
-2.0987 -5.0953 3.1298 0.045439 0.0121091 -0.998894 125 139 89
-0.7732 -2.6824 3.6604 0.189609 0.379212 -0.905675 149 110 86
-4.8927 2.794 2.0513 0.501326 -0.0505577 -0.86378 144 145 104
5.7442 0.6874 1.7161 -0.30153 0.0146619 -0.953344 173 140 97
-5.2894 6.6487 1.7814 0.650439 -0.138528 -0.746819 161 137 102
-7.9332 -1.1177 0.8798 -0.268516 0.00955201 -0.963228 176 165 93
0.751 5.0493 3.7345 -0.204754 0.203686 -0.957386 156 134 73
-1.4165 1.6776 3.461 0.407821 0.238704 -0.881307 144 134 66
4.7903 2.0838 2.1418 -0 -0 -1 151 134 102
-4.3682 -1.8278 2.1001 0.555335 -0.80298 -0.216393 176 137 103
3.3104 3.488 2.7165 0.0596713 -0.0137727 -0.998123 169 129 84
5.046 3.6415 1.908 -0.19514 -0.108196 -0.974789 164 160 103
-1.4011 -4.477 3.5392 0.126378 0.103917 -0.986524 147 138 79
1.2488 -7.003 3.5844 -0.306269 0.854204 -0.420161 143 138 75
0.329 2.563 3.918 -0.326361 0.370637 -0.86955 157 118 66
2.5615 4.25475 2.9423 -0.678523 0.379362 -0.62904 159 140 92
-2.6683 3.5746 2.9726 -0.269278 -0.569546 -0.7766 145 117 77
-6.1155 3.0125 1.5683 0.364765 -0.277004 -0.88894 159 153 117
4.7871 -2.7671 1.9755 -0.336645 0.857446 -0.389175 155 126 110
-2.6458 0.5247 2.9211 0.259492 0.0246888 -0.96543 155 136 98
0.7567 -4.028 3.6936 0.0234377 -0.529383 -0.848059 144 133 71
7.0509 -5.845 1.059 -0 -0 -1 174 166 122
-6.4366 7.3309 1.3933 0.138856 0.653323 -0.744236 181 147 113
-1.0572 -5.0858 3.7016 -0.925903 0.183247 0.33034 145 127 76
-7.5519 6.2408 0.9688 0.504982 -0.234129 -0.830769 168 149 95
2.9323 -3.1174 2.8431 -0.412742 0.0388829 -0.910018 153 141 89
6.9091 2.6738 1.1872 -0.141541 -0.076337 -0.986985 171 151 109
4.7156 2.7541 2.1362 -0.40465 -0.147075 -0.902567 160 164 104
5.1406 -0.4991 1.9171 0.235466 0.130253 -0.963115 162 156 94
5.9389 0.9468 1.683 -0.266205 0.126393 -0.955594 184 133 99
-5.1178 5.9949 1.8816 0.505703 -0.422286 -0.752289 180 144 104
1.9215 -1.0182 3.3106 0.27951 0.178149 -0.943471 140 128 73
5.1619 -5.7233 1.899 -0.0373749 0.848172 -0.528401 163 142 93
-0.0343 -5.1683 3.9572 0.424898 0.0593396 -0.903294 139 136 81
-4.7917 -7.251 2.1314 0.490143 0.161158 -0.856614 167 142 79
7.7902 6.353 0.8785 -0.136336 0.085911 -0.98693 176 160 116
6.0944 3.7766 1.5441 -0.112353 -0.171315 -0.978789 168 135 99
0.9633 0.3871 3.6247 -0.653684 0.202093 -0.729284 150 124 86
4.7576 -7.0984 2.1206 -0.529836 0.0547152 -0.846333 158 153 100
-6.9817 -6.6054 1.248 -0.00197856 -0.458205 -0.888844 161 146 101
7.484 3.4594 1.0114 -0.166448 0.244275 -0.955314 159 139 109
-0.4719 0.6483 3.8206 0.0795877 -0.507994 -0.857676 147 126 82
2.5701 1.5477 2.9573 -0.716982 0.0357542 -0.696174 161 137 75
-3.6889 4.4401 2.5385 -0.760611 -0.166633 -0.627458 147 153 77
3.2316 -5.4378 2.6955 -0.56263 -0.0423385 -0.825624 152 157 87
-7.1512 -4.6693 1.1946 0.657735 -0.00803402 -0.753207 170 159 120
-2.8501 -1.1057 2.8932 0.621347 -0.0778375 -0.779659 157 142 85
5.8538 4.966 1.5859 -0.471277 -0.182719 -0.862851 166 139 103
-2.6427 -2.4022 2.956 0.335196 -0.0708804 -0.939478 166 137 90
-6.4269 2.1549 1.4015 0.454816 -0.092134 -0.885807 164 145 100
1.2494 -2.3159 3.4743 0.45643 0.382955 -0.80313 162 120 79
-4.256 6.8432 2.2311 0.409551 -0.0202669 -0.912062 151 150 92
3.1895 0.5448 2.7353 -0.718052 -0.211198 -0.663172 144 140 98
1.6971 -6.917 3.2972 -0.154601 0.0761827 -0.985035 139 141 77
-2.3552 0.4606 3.0663 0.340226 -0.200749 -0.918666 158 133 95
-0.1692 1.4996 3.9147 0.195862 -0.27706 -0.940678 139 136 72
7.0411 -4.0901 1.1805 -0.210784 0.108267 -0.971519 180 149 115
2.4468 -7.4266 3.0054 -0.550225 -0.0147374 -0.834887 149 132 93
-5.7557 -1.9851 1.6809 0.224292 -0.413707 -0.882349 171 143 103
-3.0226 0.9247 2.7755 0.188268 -0.503289 -0.843359 164 145 88
-4.1757 -7.5119 2.2718 0.416011 0.0218181 -0.909098 164 127 92
-2.744 -5.8659 2.9405 0.720905 -0.199388 -0.663732 133 139 107
3.2874 3.1157 2.69 -0.598493 0.182087 -0.78016 160 130 84
2.9181 0.9466 2.8312 -0.524244 -0.516951 -0.676705 156 132 91
-4.4959 -2.7586 2.1575 -0.0763022 -0.0950552 -0.992543 154 143 94
-2.4851 -0.8385 2.986 0.492009 -0.0457088 -0.869389 137 142 89
-3.135 -3.0861 2.7293 0.374963 0.110015 -0.920489 139 140 90
-6.6176 4.2323 1.348 0.244864 0.353675 -0.902749 150 144 96
1.6665 2.603 3.3423 -0.846832 -0.206071 -0.490317 137 132 75
2.8651 4.9863 2.8535 -0.209833 -0.138565 -0.967869 148 127 81
-1.3656 -6.0491 3.4977 0.264522 -0.203335 -0.9427 139 106 72
-1.9306 3.9909 3.1661 0.104866 0.0593722 -0.992712 169 150 83
6.915 4.9874 1.2402 -0.082485 0.705896 -0.703496 162 149 103
0.3402 -5.9672 3.9518 -0.635241 0.0398458 -0.771286 130 105 61
-4.2175 -4.1913 2.4025 0.509654 0.129553 -0.85057 151 149 85
-2.2298 2.4078 3.1343 0.236858 0.837246 -0.492868 160 142 87
7.4815 -7.5958 0.948 -0.144746 0.534865 -0.832447 167 143 111
3.6097 -0.6283 2.4965 -0.424539 -0.357566 -0.831813 154 131 83
3.4159 0.5444 2.6911 -0.786295 0.247858 0.565957 144 133 82
-0.7884 -2.1346 3.674 0.076264 -0.183621 -0.980034 161 127 80
-2.7064 1.4737 2.8265 -0.062872 0.26814 -0.961326 133 146 89
-1.3719 7.8289 3.5053 0.236936 -0.110269 -0.965247 155 136 86
-6.8058 2.0063 1.293 0.0860471 -0.0644781 -0.994202 172 174 112
7.082 -2.836 1.1982 -0.288582 -0.147628 -0.946006 169 160 118
5.1875 -1.2322 1.983 -0.889807 0.434013 0.140982 151 152 109
1.7623 -5.8545 3.3618 -0.333175 0.313365 -0.889267 160 139 85
-3.5974 -0.477 2.4655 0.350805 -0.100202 -0.931072 145 156 101
-2.5487 7.8677 2.9795 -0.783377 -0.0894079 0.615082 148 133 79
5.5816 2.0174 1.7317 -0.467322 0.179665 -0.865639 160 128 102
2.5845 -3.9681 2.958 -0.412382 0.015311 -0.910882 151 145 99
-5.392 -3.1407 1.8324 0.244327 0.00460224 -0.969682 160 154 109
4.5486 -5.0993 2.1716 -0.347904 -0.0884188 -0.933351 138 161 99
-5.3123 -1.855 1.8381 0.897547 0.121156 -0.423946 167 169 112
-6.8004 -1.9791 1.2743 0.293497 -0.158967 -0.94265 153 152 121
7.3746 -7.7525 1.1615 0.978708 -0.0102863 0.205001 164 154 110
-3.5419 -7.8567 2.5906 -0 -0 -1 160 120 87
5.6782 1.962 1.6587 -0.161013 0.177245 -0.970906 155 153 99
-0.4208 6.384 3.7569 0.957939 0.254283 -0.133012 151 134 60
-2.1369 7.3365 3.129 0.552685 -0.292855 -0.780241 156 131 78
-5.8317 -6.1474 1.628 -0.325264 -0.824529 -0.462985 171 154 105
-5.1151 0.5401 2.0046 0.641754 0.521052 -0.562723 154 147 107
-2.9676 4.8805 2.8332 -0.0661946 0.301543 -0.951152 151 122 87
-0.8573 2.8939 3.6718 0.547796 -0.0674007 -0.833893 145 138 77
2.6009 7.1871 2.9975 -0.275572 -0.00260466 -0.961277 153 134 100
3.6373 5.692 2.5 -0.117734 -0.139686 -0.983172 152 150 106
1.8484 -1.8422 3.2252 -0.257253 0.0123681 -0.966265 137 131 86
-4.0694 -2.785 2.4063 0.375631 -0.149826 -0.914578 149 131 95
4.163 -0.3457 2.3982 -0.295676 -0.0224588 -0.955024 154 136 82
4.1814 -3.8226 2.3701 -0.688313 0.00693008 -0.725381 143 147 81
-3.352 -7.7619 2.6383 0.454171 -0.661016 -0.597316 163 131 99
-7.3615 4.8466 1.0554 0.604117 -0.183961 -0.775372 165 137 109
-0.2196 4.2783 3.9546 0.839045 -0.108243 -0.533185 125 115 72
-5.4161 0.9805 1.7166 0.171306 -0.675922 -0.716787 172 155 123
-2.2375 -1.5243 3.0555 0.0269755 -0.399625 -0.916282 151 130 103
-5.4051 -4.126 1.8346 0.281249 -0.056971 -0.957942 163 169 104
7.8657 1.2587 0.9691 -0.279994 0.648083 -0.708231 159 164 104
2.3714 7.6156 3.0244 -0.295556 -0.122973 -0.947378 139 138 68
-4.151 7.9921 2.3408 0.418 0.0499884 -0.907071 150 128 94
-1.8416 -5.2386 3.1701 -0.384758 -0.760166 -0.523555 161 111 91
2.7025 6.9933 2.8847 -0.387775 0.119579 -0.913965 155 122 83
6.1699 -1.1493 1.5118 -0.371271 -0.0686814 -0.925981 169 145 100
-3.7561 6.981 2.5412 0.462535 0.0496914 -0.885207 172 141 91
0.6477 3.1531 3.6963 -0.510783 0.227761 -0.828991 146 118 66
-6.079 6.8201 1.6047 0.771955 -0.223621 -0.595045 159 126 116
0.3335 3.8261 3.8421 -0.392295 -0.135818 -0.909757 142 139 75
4.9342 7.1823 2.0047 -0.128484 0.34272 -0.93061 154 153 96
-3.2061 -2.0745 2.8419 0.659612 0.600968 -0.451387 152 140 95
-6.615 5.8933 1.3174 0.638404 -0.520203 -0.567299 174 157 98
7.8364 3.7445 0.8458 0.401813 0.0356698 -0.915027 157 152 120
0.6561 5.4879 3.6955 -0.641652 -0.234071 -0.730406 140 135 85
1.6511 -3.3013 3.3132 -0.279004 -0.0492133 -0.959028 144 126 66
7.3387 1.5046 1.1272 -0.494149 0.00023392 -0.869377 170 150 115
4.4668 3.6021 2.1858 -0.691576 -0.0354204 -0.721434 141 130 98
-0.8713 -1.986 3.6339 -0.358323 -0.089378 -0.929309 155 130 73
3.2052 7.7706 2.6694 -0.0397918 0.729809 -0.682492 139 132 90
5.1117 5.178 1.9379 -0.227435 -0.801647 -0.552843 151 131 95
-6.368 0.1724 1.4777 0.795777 0.00145842 -0.605589 157 157 117
-4.3465 -2.4516 2.2528 -0.171405 -0.167681 -0.970826 163 115 93
-7.6298 -5.1879 0.9441 -0.0065237 -0.565753 -0.824549 154 160 126
0.6969 3.1973 3.8102 0.360224 0.613267 -0.702952 137 135 82
4.5878 -3.7909 2.1716 -0.288015 0.177793 -0.940977 157 152 95
1.8987 3.326 3.1921 -0.0665109 -0.508365 -0.858569 151 131 71
7.2512 0.4958 1.0952 -0.248719 -0.037409 -0.967853 162 159 120
6.0789 -5.2114 1.6201 0.808203 0.0151768 -0.588708 173 143 106
4.4528 -7.5527 2.2517 -0.368143 -0.0157398 -0.929636 185 127 95
0.2728 5.0357 3.9131 -0.355638 -0.308405 -0.882274 139 118 82
-4.0096 1.7861 2.4173 0.333947 0.0733066 -0.939737 168 140 106
0.1435 -5.5227 3.9208 -0.27268 -0.616309 -0.738789 133 126 78
-3.7407 6.194 2.5121 0.300882 0.231062 -0.925246 151 149 82
-4.1362 0.481 2.3633 0.00144539 0.995248 -0.0973592 179 123 91
-2.2244 -3.9139 3.1685 0.316859 0.190934 -0.929056 159 123 77
-1.0394 -0.765 3.5496 -0.17866 -0.836619 -0.517832 146 125 81
2.8091 4.0288 2.8566 -0.63135 0.352456 -0.690776 163 137 83
6.1706 6.2662 1.577 -0.929636 0.345139 0.129057 162 148 106
1.8924 -2.2843 3.1457 -0.980996 0.149466 -0.123721 136 135 76
6.4187 7.4154 1.4297 0.0272868 0.167651 -0.985469 175 141 102
4.7847 -6.3144 2.0431 -0.777658 0.124751 -0.616186 165 146 87
-0.9932 2.0205 3.7147 0.721039 -0.368955 0.586494 138 138 78
-4.9972 5.094 1.9779 0.585401 0.187886 -0.788673 162 141 99
3.8353 5.5851 2.4901 -0.458686 0.290709 -0.8397 164 125 87
-1.9374 -6.2247 3.1959 0.709418 -0.39424 -0.58421 160 130 88
-4.4815 -1.9541 2.2061 0.526134 -0.270546 -0.806218 154 150 92
2.5789 -2.8977 2.9575 -0.370556 -0.147777 -0.916979 137 123 75
7.1051 0.099 1.144 0.0134372 -0.0535141 -0.998477 156 142 111
-5.0785 -6.989 1.9823 0.337954 0.426681 -0.838886 154 139 95
-2.1674 -5.9449 3.1262 -0.43496 -0.772466 -0.462717 121 123 85
4.2014 1.3923 2.3679 -0.191161 0.0866093 -0.97773 169 138 79
1.087 -7.7592 3.5032 0.700255 0.392095 -0.596576 145 129 66
-4.0968 -1.4885 2.3524 0.392709 0.118633 -0.911979 153 128 115
-6.9569 2.9822 1.1936 0.597691 -0.0153449 -0.80158 144 152 108
-2.1536 2.659 3.1263 0.358398 0.162556 -0.919307 158 132 82
7.7519 6.9995 0.8932 -0.504216 0.237167 -0.830372 157 151 113
-2.6579 3.3679 2.9228 0.132744 0.125512 -0.983171 156 140 84
0.5563 -1.0529 3.8111 -0.129504 -0.153058 -0.979695 128 133 65
1.5009 7.5993 3.4639 -0.584521 0.798984 0.141278 149 107 82
-7.3919 -0.0071 1.0794 0.504804 0.0183447 -0.863039 163 153 111
-7.5796 -1.1532 0.9926 0.434275 0.39989 -0.807152 181 152 112
-3.1506 3.8839 2.7972 0.393592 0.101468 -0.913668 146 127 87
-6.6486 6.6709 1.3777 0.655936 -0.339225 -0.674296 151 141 104
7.8033 0.4586 0.7683 -0.132161 0.209736 -0.968785 174 155 138
-7.5743 5.8951 0.9853 0.392918 0.305818 -0.867232 161 141 101
4.4022 -1.973 2.1906 -0.134389 0.385604 -0.912825 162 149 105
1.2521 -1.534 3.5414 -0.45708 0.293826 -0.83949 152 142 82
-5.8277 3.2781 1.6711 0.329269 -0.0360287 -0.943549 160 150 121
-3.0729 -4.1535 2.75 0.158693 -0.843513 -0.51313 142 132 92
7.2981 0.5972 1.0984 -0.267417 -0.0330783 -0.963013 156 147 123
7.0729 3.4511 1.08 0.389932 -0.411715 -0.823677 177 158 127
-0.5497 -1.7847 3.7433 0.36825 -0.043347 -0.928716 137 139 82
0.3276 4.5288 3.9343 -0.240604 0.152886 -0.958507 132 118 50
4.3579 -0.0956 2.2265 -0.181409 0.040979 -0.982554 147 135 99
1.1991 -3.1995 3.446 0.365167 0.247462 -0.89745 149 123 90
-7.2595 1.0991 1.0522 0.451925 -0.264349 -0.851988 164 145 113
1.6605 -2.4589 3.3781 -0.507139 0.0193598 -0.861647 155 128 73
-2.3854 -0.1116 3.0473 0.0262455 -0.450232 -0.892526 173 144 69
7.0513 -7.5855 1.1306 -0.595455 -0.20531 -0.776712 169 154 108
-7.8367 -6.8029 0.9167 0.423394 0.395888 -0.814868 157 147 114
3.3222 -5.1844 2.6054 -0.938506 0.107635 -0.328056 155 157 87
-0.3736 3.0556 3.7801 -0 -0 -1 146 145 72
6.489 -6.3956 1.4511 -0.504466 -0.492144 -0.709442 195 151 116
-2.5546 -4.0619 3.0439 0.542089 -0.121391 -0.831507 157 132 93
1.7968 -4.3883 3.3434 -0.288558 -0.055752 -0.955838 168 138 71
-2.1686 3.6847 3.079 -0.313157 0.0938364 -0.945054 157 157 88
-3.4972 -0.0204 2.5651 0.192734 0.182709 -0.964091 157 148 82
-2.7808 -1.5045 2.8764 0.470571 -0.300148 -0.829743 155 140 90
-4.9405 0.4291 1.9981 0.352508 0.218206 -0.910014 161 140 97
3.3878 -4.6131 2.6804 -0.0803376 0.880168 -0.467815 150 145 99
-7.4419 1.439 1.0501 0.174227 -0.241338 -0.954673 173 158 105
-7.905 -4.383 0.8561 0.0174071 0.93645 -0.350368 153 149 116
-6.7299 0.2235 1.3929 0.635002 -0.299564 -0.712063 162 148 124
-0.1075 -7.5592 3.9833 0.495906 -0.0525378 -0.866786 129 122 75
3.6241 2.0203 2.4892 0.00142694 0.350551 -0.936543 146 151 90
-7.6066 4.2976 0.9762 0.299538 0.0535661 -0.952579 170 146 97
-1.3078 -4.9719 3.4756 -0.646888 0.75611 0.0991687 162 126 72
5.816 -5.4803 1.7037 -0.244151 -0.228135 -0.942521 167 133 118
5.6459 6.8544 1.7713 -0.131395 -0.37657 -0.917023 171 140 104
-0.5123 -5.5961 3.8748 0.742665 -0.0792571 -0.664956 137 137 63
5.1872 -5.4249 1.9439 -0.638826 0.74206 -0.203096 162 137 82
-1.3263 -0.9066 3.4832 0.426725 -0.00910302 -0.904336 136 162 71
3.9087 -1.1231 2.4475 -0 -0 -1 157 132 95
3.4987 -4.7336 2.5355 -0.291035 0.106952 -0.950716 145 139 82
3.7697 0.1399 2.5015 -0 -0 -1 142 142 75
7.7651 -2.5408 0.8957 -0.253309 0.227546 -0.940243 189 154 118
-0.1287 -4.9125 3.9762 0.658537 0.224692 -0.718222 153 122 69
-6.4028 -5.9166 1.4523 0.138333 -0.249321 -0.95849 163 128 126
-7.7137 5.9711 0.9362 0.662027 0.217129 -0.717339 167 156 92
-5.6002 4.9219 1.7796 0.592863 0.100853 -0.798963 153 138 106
-2.9263 -4.3616 2.8534 0.569524 -0.703561 -0.425023 161 126 76
7.5709 1.9558 0.9217 -0.232666 0.232353 -0.944393 186 136 100
7.1254 -7.2482 1.1214 -0.383954 0.255552 -0.887284 160 160 108
7.4694 7.6572 1.0217 -0.188116 0.0882631 -0.978173 153 158 105
5.7487 -7.8551 1.7105 -0.708109 -0.267524 0.653462 172 142 98
-5.4034 -4.3996 1.898 0.4731 0.226666 -0.851351 159 130 86
-4.8296 -2.4933 2.1655 0.15057 -0.327024 -0.932944 185 161 84
-6.7663 -2.1096 1.2804 0.308747 -0.225561 -0.924012 174 144 113
5.6683 -3.0863 1.787 -0.495351 -0.086309 -0.864395 161 162 110
-0.8551 -1.4116 3.587 -0.515998 0.796582 -0.314966 152 125 82
-5.4036 -3.7365 1.921 0.726328 -0.0138322 -0.687209 162 143 96
-4.2308 -3.9651 2.3274 0.324958 -0.43692 -0.838751 173 133 90
-1.3254 -0.3895 3.5107 0.753799 -0.0659041 -0.653792 163 142 72
-5.3215 -2.4179 1.9023 0.391285 0.0766951 -0.917068 144 159 96
-7.3227 -6.8651 1.0641 0.188184 -0.0699564 -0.979639 158 142 119
-4.1015 5.4176 2.2931 0.296386 -0.00970859 -0.955019 164 138 99
4.5911 -6.2079 2.1813 0.323979 -0.543636 -0.774272 142 141 90
-6.9886 4.1412 1.2694 0.686541 -0.582636 -0.434968 179 160 130
5.0383 -2.1883 1.8978 -0.48448 -0.066998 -0.872233 170 147 106
-6.7258 3.1443 1.3059 0.377128 -0.167328 -0.91092 164 149 106
-3.3535 -6.2293 2.5612 0.389798 -0.874729 0.287936 152 155 96
0.1132 -7.1997 3.9518 -0.70601 -0.425767 -0.565926 128 136 79
-2.7672 -5.1639 2.8779 0.398535 -0.273599 -0.875393 151 133 84
-0.0795 6.714 3.9798 -0.0465745 -0.150815 -0.987464 149 126 60
5.2225 -6.9967 1.9248 -0.174501 -0.0882752 -0.980692 183 151 94
-3.1434 -0.8675 2.701 0.0126842 -0.220413 -0.975324 171 138 92
7.2105 -6.6724 1.0001 0.782137 -0.279526 -0.556891 170 144 113
-0.01 -7.2127 3.9814 0.398513 -0.252578 -0.881698 135 125 69
4.1939 5.6089 2.3391 -0.350051 -0.284862 -0.892367 144 135 91
4.2348 1.39625 2.35575 -0.188977 -0.0562165 -0.980371 156 152 112
-3.0224 -2.6546 2.7506 0.0100937 0.109731 -0.99391 164 138 76
-0.58 7.8644 3.6991 -0.454117 0.877377 0.15488 148 115 56
-2.8991 1.7989 2.8596 0.629712 0.147932 -0.762613 157 136 78
-2.6559 0.2623 2.9932 0.515494 0.295289 -0.804407 144 126 86
0.423 -5.9505 3.7223 -0.865286 0.435032 0.249053 144 137 94
-2.6729 7.6437 2.9019 -0.0694169 0.118183 -0.990562 129 129 86
-0.7584 -6.0581 3.6729 0.443553 0.0533632 -0.894658 140 122 69
4.7839 6.9084 2.0373 -0.500044 -0.250269 -0.829048 157 130 97
2.0956 0.5593 3.1999 0.539169 0.00814076 -0.842158 151 137 75
4.8902 1.0724 2.0268 -0.618534 -0.0666022 -0.78293 189 164 109
2.5205 -7.284 3.0135 -0.343701 -0.258487 -0.902803 141 161 82
5.8737 -2.1244 1.7177 -0.0538885 0.34644 -0.936523 159 152 115
-5.9336 -6.6747 1.6055 0.0271112 0.113931 -0.993119 161 156 111
-5.0617 5.7399 1.9455 0.236106 -0.0689232 -0.96928 183 151 110
6.4534 1.2881 1.4828 -0.606041 -0.196225 -0.77085 178 154 111
-1.1078 1.7604 3.5763 0.216559 0.145159 -0.965418 151 130 81
-6.6959 -5.1243 1.3863 0.349611 -0.184771 -0.918495 142 141 105
0.7582 0.5096 3.6904 -0.805479 -0.132311 -0.577665 137 128 77
3.1096 6.8353 2.7199 -0.754927 0.65564 0.0148835 148 142 94
-7.0198 7.2481 1.0439 -0.967592 0.234278 -0.0942303 162 141 113
-5.2074 2.5901 1.9071 0.145302 -0.149628 -0.978008 141 167 113
-0.2837 0.3539 3.876 0.431421 -0.0421754 -0.901164 140 123 66
-6.7086 -6.4062 1.2674 -0.216009 -0.292326 -0.931604 166 145 106
6.1737 -3.3649 1.4899 -0.982892 0.0287993 -0.181916 151 143 103
-5.4971 5.2256 1.8517 0.0391542 0.246909 -0.968247 166 140 111
-3.4832 -7.5783 2.6221 0.233587 -0.187232 -0.954139 136 115 100
-2.869 1.598 2.8382 0.26614 0.0294104 -0.963486 150 119 86
5.8645 2.7364 1.5707 -0.570022 0.435202 -0.696903 162 151 99
-5.635 -4.4011 1.7757 0.799645 0.126911 0.586909 176 140 107
-4.1231 6.3905 2.4148 0.426293 0.321431 -0.845551 168 130 85
-7.7195 6.3032 0.932 0.258711 -0.235838 -0.936723 175 139 132
3.6159 1.2463 2.4678 -0.497792 -0.155059 -0.853323 161 123 96
-7.7289 0.0081 0.9626 0.620835 -0.136077 -0.772041 178 178 118
-7.8291 4.2022 0.9386 0.607261 -0.0723467 -0.791201 164 154 106
-5.4496 -5.0351 1.7711 0.579344 -0.233306 -0.780979 128 141 101
-5.6482 6.2494 1.708 0.427423 0.208757 -0.879619 164 161 80
-6.1667 -2.1868 1.542 0.398466 -0.297239 -0.867683 161 130 88
2.1683 -5.0637 3.1843 0.209356 -0.445551 -0.870433 140 139 81
-6.3736 5.6586 1.4175 0.166298 0.0832852 -0.982552 157 155 95
1.5097 -1.5595 3.4383 -0.273284 0.210276 -0.938669 140 130 63
-7.5911 5.7297 0.9075 0.482206 0.330198 -0.811447 174 157 99
7.461 5.7752 1.0041 -0.236454 -0.28002 -0.930418 158 159 110
-2.8739 -1.777 2.8087 0.169289 -0.113305 -0.979032 154 158 89
-2.4568 0.6999 2.9986 -0.120621 0.111991 -0.986361 136 144 66
7.7871 7.0234 0.8492 0.16806 0.0136019 -0.985683 181 135 98
-5.1567 -6.5335 1.8593 0.278844 0.00463878 -0.960325 157 136 97
-5.2289 3.1694 1.9519 0.101631 0.581046 -0.8075 140 151 109
6.7179 1.43 1.329 -0 -0 -1 185 151 127
3.224 4.3681 2.729 -0.856917 -0.388236 -0.339065 166 138 85
5.7758 5.4539 1.6815 -0.289569 -0.278791 -0.915656 152 151 132
-5.4988 2.6592 1.7333 0.440263 0.214717 -0.871817 162 146 109
-6.7911 -0.6632 1.3933 -0.842631 -0.505983 -0.184268 152 141 109
-3.2586 -1.9644 2.6389 0.856457 0.13981 -0.496925 158 156 95
1.6676 6.3992 3.4153 -0.847079 -0.52976 0.0425643 128 136 74
4.91 -5.2457 2.0405 -0.421747 0.537708 -0.730068 164 143 104
5.4331 -5.084 1.8085 -0.467632 -0.0481565 -0.882611 157 163 114
4.3209 -6.8338 2.2975 0.152648 -0.0177242 -0.988122 164 122 90
4.9247 -3.6507 1.96 -0.191464 0.217715 -0.957048 171 143 93
4.3408 -4.0036 2.243 -0.467553 0.104576 -0.877757 156 134 90
7.0586 -0.318 1.286 0.0871635 0.301689 -0.949414 152 133 106
-5.6161 4.8125 1.7668 0.666467 -0.110334 -0.737325 171 165 120
-4.6483 -5.315 2.0978 0.0358499 0.088512 -0.99543 170 154 100
7.8752 1.2216 0.7792 -0.505312 0.691304 -0.516488 164 163 111
7.5293 6.2241 1.0254 -0.387896 0.648067 -0.655397 180 142 107
-2.0023 -5.9028 3.2392 0.649175 0.22622 -0.72622 154 148 68
6.7558 3.7903 1.3368 -0.558616 0.199688 -0.80503 161 157 119
-2.3047 -2.9318 3.01 0.649058 -0.185362 -0.737811 150 115 82
-0.751 -5.8221 3.6359 -0.0221133 -0.023718 -0.999474 150 121 69
-2.5719 5.9991 3.0463 0.371162 -0.750644 -0.5466 133 137 65
-5.798 2.1851 1.6948 -0.0312478 -0.961846 -0.271801 174 168 99
-3.4221 4.9997 2.6535 0.226958 -0.172318 -0.958539 177 160 79
-0.8827 0.3637 3.5818 0.775106 -0.163828 -0.610222 123 136 77
-0.8895 -0.1585 3.6929 0.173775 0.150924 -0.973152 155 142 79
4.6421 -4.4298 2.1507 -0.0997728 -0.369271 -0.923951 166 142 94
1.7406 -0.4398 3.2966 -0.354894 -0.201473 -0.91294 134 149 94
7.7313 5.6172 0.9265 -0.492465 -0.107939 -0.863613 170 151 131
5.7957 -6.561 1.6369 -0.0135065 0.310558 -0.950458 163 139 109
0.3152 -1.8506 3.8515 -0.705512 -0.0271681 -0.708177 149 131 57
-6.3769 -4.5342 1.4227 0.714402 0.0955704 -0.693179 181 134 118
-2.7432 1.7634 2.9556 0.265633 -0.142562 -0.953475 148 141 83
5.7277 -1.135 1.6548 -0.294597 -0.10804 -0.949495 154 150 100
1.4313 6.301 3.4839 -0 -0 -1 137 131 78
-3.8992 -3.9102 2.446 0.501486 0.0730045 -0.86208 158 133 102
7.2634 -2.1164 1.2197 -0 -0 -1 163 150 113
0.8626 -3.8041 3.6635 -0.662666 0.278877 -0.695055 143 114 67
3.3998 0.7543 2.7158 0.0913375 -0.772514 0.628394 169 131 99
-0.1801 4.047 3.9666 0.328709 -0.389423 -0.860407 144 122 83
-5.7443 -0.0651 1.7524 0.281878 0.376518 -0.882484 170 144 100
-4.3011 6.2182 2.3502 0.346757 0.277549 -0.89595 166 148 96
4.0714 -0.8319 2.3498 -0.430874 0.0292134 -0.901939 150 145 101
-3.2679 4.1272 2.6734 0.588048 -0.203035 -0.782928 138 143 95
6.9159 -7.7664 1.226 -0.466863 0.0214935 -0.884068 168 142 97
-3.6017 0.3697 2.6171 0.170957 0.0639292 -0.983202 173 145 97
6.7388 6.1457 1.3411 -0.576717 0.242506 -0.78012 142 143 106
1.7015 4.4885 3.3183 -0.380554 0.138836 -0.914277 146 119 85
-1.2707 -1.595 3.47 0.348281 -0.034408 -0.936758 156 112 79
-4.242 6.1557 2.3479 0.362613 0.102063 -0.926334 155 149 104
-7.5302 -6.9876 1.0694 0.285444 -0.162553 -0.94451 170 150 115
0.4273 1.6151 3.7642 -0 -0 -1 147 138 67
-3.1702 7.3624 2.7784 0.398825 -0.148915 -0.904855 142 127 80
0.1132 5.1144 3.9403 -0.413708 -0.0733897 -0.907447 132 139 77
0.6224 -5.4224 3.7455 0.0617634 0.825553 -0.560934 134 123 73
2.2382 -3.9546 3.0637 -0.37993 0.551206 -0.74285 158 130 103
-7.4056 -4.6006 1.0677 0.0549966 0.165288 -0.984711 147 167 125
-5.201 -7.6154 1.9936 0.681119 0.115693 -0.722974 151 139 89
-6.8154 4.9386 1.3711 0.258703 -0.396609 -0.880781 166 148 111
-3.896 3.784 2.5007 0.275347 -0.40199 -0.873263 149 136 89
-0.1772 5.1288 3.934 0.510868 -0.0557105 -0.857852 142 136 78
-6.5565 5.7008 1.3096 0.387116 -0.133998 -0.912242 166 151 96
2.945 4.0021 2.8083 -0.241679 0.0177626 -0.970194 135 142 105
-5.6547 -3.6631 1.801 -0.367663 0.268839 -0.890253 149 152 114
1.9464 -6.6221 3.2555 -0.199012 0.0802065 -0.976709 156 130 63
-6.031 -1.7979 1.5163 0.281026 -0.124659 -0.95157 156 160 115
-0.1046 6.192 4.0116 0.457685 0.0444728 -0.888002 145 116 56
-4.8898 -0.2315 2.0693 0.424168 -0.148411 -0.89334 159 131 106
-1.8854 -1.3834 3.2171 0.35537 0.0351321 -0.934065 126 127 94
-0.4183 1.2258 3.801 0.173922 0.0694224 -0.982309 144 118 86
1.9066 -4.2057 3.2604 -0.214122 0.00283057 -0.976803 161 143 85
4.4342 -3.6005 2.2515 0.456368 0.761049 -0.461012 141 140 108
-5.6729 -7.7796 1.7475 0.53979 -0.156534 -0.827118 172 140 111
-4.3891 -1.1162 2.185 0.648364 0.0756328 -0.757564 146 137 86
-5.0491 -0.2333 1.974 0.339184 0.264682 -0.902717 164 148 108
-2.9249 4.5433 2.8577 0.647995 -0.368307 -0.666673 163 123 68
5.1363 3.6212 1.9093 -0.206427 0.0854799 -0.974721 152 142 111
3.206 5.024 2.7418 0.0656098 -0.188766 -0.979828 152 132 85
2.3307 -3.1089 3.0137 -0.320855 0.0495087 -0.945833 141 119 89
-7.7307 -2.8733 0.8144 0.594384 0.135121 -0.792748 160 139 109
2.2529 -3.5016 3.0029 -0.486513 0.763459 -0.424776 151 128 83
1.4739 -2.7835 3.408 -0.11532 0.128261 -0.985013 137 133 55
2.7736 3.8521 2.811 -0.967828 -0.128099 -0.216564 141 135 91
-0.7665 -5.3328 3.7368 0.169702 -0.0980262 -0.980608 148 130 75
4.8511 7.8694 2.0361 -0.478724 -0.585353 -0.654359 160 159 87
-7.174 -6.7099 1.1268 -0.181113 -0.0627772 -0.981457 178 144 117
-1.4739 -3.2301 3.4377 0.324023 0.200516 -0.924555 139 143 65
-1.3265 5.8146 3.4042 0.537313 0.439622 -0.719741 159 125 78
7.258 -2.0136 1.0339 -0.480814 0.0294815 -0.876327 171 145 108
-5.0536 -2.5438 2.028 0.511108 -0.120963 -0.850962 164 137 110
3.669 1.4293 2.4753 0.124682 -0.090303 -0.988079 166 138 90
5.4641 3.6722 1.8836 -0.292878 0.0437319 -0.955149 177 157 93
-1.2451 -1.4345 3.4621 0.284895 -0.213707 -0.934433 140 140 86
-7.6348 7.4825 0.9337 0.14285 0.165512 -0.975807 173 143 114
6.9954 -5.9662 1.2291 -0.469684 -0.576621 -0.66851 169 154 106
-4.1712 1.5683 2.2502 0.228632 -0.445355 -0.865671 145 145 88
-2.3533 -2.2775 3.0762 0.297899 0.308094 -0.903512 150 122 82
4.939 1.1809 2.0485 -0.587841 0.0440051 -0.807779 160 145 86
2.2369 7.4721 3.1776 -0.12347 -0.381174 -0.916221 150 130 104
0.0703 3.7104 3.9905 -0.155926 0.534804 -0.830465 149 138 72
-2.5011 0.1842 3.0438 0.324911 0.128305 -0.937001 140 128 105
-3.1396 -5.449 2.7782 0.479211 -0.462175 -0.746157 146 139 91
-2.6724 2.4404 2.99 0.126881 -0.0320356 -0.9914 147 126 84
-4.4611 -2.9654 2.2496 -0.478988 -0.360062 -0.800579 157 135 82
-1.316 6.1201 3.4744 -0.0511507 0.0742187 -0.995929 138 137 81
4.2882 -3.5008 2.2569 0.271904 0.576274 -0.770699 179 142 88
-6.296 -7.7463 1.4458 0.69795 0.0593639 -0.713682 156 161 109
-4.3976 -0.9496 2.3585 0.385383 0.204191 -0.899881 147 158 94
6.6616 -4.8915 1.4146 -0.551545 0.427782 -0.716101 174 149 111
1.0253 3.3968 3.6369 -0.133255 -0.0518965 -0.989722 129 126 83
-2.9133 0.6233 2.933 -0.778767 0.420199 -0.465784 142 145 83
-4.3866 6.2415 2.2708 0.521703 -0.0855337 -0.848829 163 136 113
5.8221 1.9997 1.6659 -0.276725 0.130515 -0.952045 154 152 83
0.0495 -3.8629 3.8764 -0.100986 0.688056 -0.718596 146 119 92
0.257 -4.6044 3.9569 0.826813 0.50262 -0.252496 155 132 60
5.4497 7.7001 1.8082 -0.62927 -0.279245 -0.725287 161 133 100
-1.3652 -5.6082 3.4613 0.347759 0.443917 -0.825834 136 124 81
3.485 -3.9149 2.6335 -0.423186 0.0661975 -0.903621 145 143 93
3.2867 -1.8952 2.7031 -0.563464 -0.125689 -0.816524 149 131 104
7.1274 -0.0442 1.1519 -0.161685 0.195094 -0.967366 169 140 109
-1.5418 6.1187 3.3967 0.335523 -0.374723 -0.864296 163 126 77
-6.0436 -3.4598 1.5516 0.436936 0.103196 -0.893553 144 146 100
6.2658 -1.4422 1.5544 0.0883453 0.0512549 -0.99477 164 156 108
6.8558 -7.7421 1.2336 -0.59781 0.0983427 -0.795583 175 153 107
-1.0101 -3.9261 3.5118 0.540666 0.0468923 -0.839929 135 139 62
-2.3233 2.8739 3.142 0.796124 0.494793 0.348378 150 142 89
-3.8516 7.4779 2.4325 0.326354 0.0406051 -0.944375 162 135 87
1.2355 7.167 3.5184 -0.684991 0.440446 -0.58034 151 135 71
0.19495 -5.2016 3.89 -0.545936 -0.0207687 -0.83757 143 132 86
2.3741 2.2103 3.0052 -0.244169 -0.0427309 -0.968791 146 146 83
-0.917 -5.5118 3.6262 -0.0361753 0.355304 -0.934051 152 120 75
1.8577 4.6025 3.2622 -0.328457 -0.136759 -0.934566 147 133 81
-5.9117 4.3897 1.6038 0.482626 0.298844 -0.823264 160 157 82
-7.6723 -1.7181 0.8725 -0.172922 0.199052 -0.964612 169 145 120
5.0834 2.9279 1.9775 -0.663467 -0.171076 -0.728385 142 148 90
4.875 6.7653 2.0913 -0.23908 0.10558 -0.965243 166 145 109
6.2199 4.0547 1.5105 -0.722058 0.480257 -0.497981 161 145 103
-6.7852 3.5168 1.2187 0.170136 0.0826379 -0.981949 188 159 113
1.6636 -1.859 3.3481 -0.45879 -0.00114328 -0.888544 166 135 74
-0.0829 4.0362 3.9745 -0.124345 -0.986446 -0.107068 146 114 83
5.3329 0.8606 1.865 -0.275896 0.0810054 -0.957768 150 143 109
7.1361 3.7664 1.119 -0.297943 -0.31786 -0.900108 173 145 95
-2.7172 -3.6902 2.7955 0.633509 0.754411 -0.171842 151 131 102
-3.8006 4.8919 2.5604 -0.152555 -0.381072 -0.911872 167 124 102
1.3482 3.9238 3.4153 -0.520883 0.192596 -0.831617 150 116 73
1.2365 4.1656 3.5187 -0.24965 0.0798972 -0.965034 142 137 88
-4.3817 -5.4079 2.2913 0.678139 -0.0756368 -0.731031 158 145 106
-5.9313 7.0079 1.6233 0.596093 0.0329993 -0.802237 160 162 115
6.1835 3.988 1.4183 -0.596138 0.743662 -0.302634 164 152 117
1.7848 -7.6543 3.2927 -0 -0 -1 147 146 95
-4.8449 -5.8875 2.213 -0 -0 -1 154 129 105
2.7242 -6.3773 3.0069 -0.332602 0.372773 -0.866266 163 150 75
-0.9684 -5.6597 3.6509 -0.272148 -0.526093 -0.805705 164 134 73
-5.4767 -3.3846 1.8241 0.374259 0.614132 -0.694818 170 157 112
-2.2689 4.7047 3.0515 0.286476 0.0476219 -0.956903 149 142 72
0.9953 0.6242 3.5244 -0.187836 0.102834 -0.976802 138 168 67
3.786 2.6692 2.4781 -0.463566 0.8507 -0.247824 133 132 103
6.6248 6.0907 1.3848 -0.355918 0.184653 -0.916093 170 165 104
0.6444 6.7594 3.763 0.232538 0.906101 -0.353423 144 132 64
-2.6928 0.1573 2.8846 0.494277 -0.0344847 -0.86862 153 127 82
-3.506 -0.1753 2.6132 0.479383 0.214474 -0.850995 159 128 101
5.2458 -7.56 1.8794 -0.322996 0.909638 -0.261212 170 127 91
-1.051 7.2449 3.6288 0.396254 -0.0887996 -0.913837 144 97 83
-5.2317 -0.8892 1.8609 0.569902 -0.204124 -0.795956 170 138 100
-4.6365 -1.2006 2.1263 0.342114 -0.14329 -0.928669 160 159 83
5.9091 -4.3501 1.5768 -0.514647 0.0761238 -0.854016 154 142 97
-0.6436 6.3516 3.7566 -0.0821262 0.124777 -0.98878 155 121 86
-2.8225 6.4931 2.7846 0.373308 -0.361573 -0.854346 143 133 86
5.6955 -7.7709 1.6242 -0.855762 -0.00297885 0.51736 155 152 126
6.7724 7.1286 1.3474 -0.189247 -0.0579265 -0.980219 157 163 107
-6.0629 -2.0616 1.5662 0.121853 0.228567 -0.965872 163 135 89
0.7063 2.5558 3.7394 0.512901 -0.256653 -0.819184 149 117 55
-4.4228 0.39 2.2621 -0.181296 0.518837 -0.835428 163 144 92
-1.8329 5.447 3.2043 -0.205693 -0.577355 -0.790159 145 136 79
1.6533 7.4047 3.3899 -0.581388 0.350472 -0.734273 146 125 62
-3.5526 5.6245 2.6062 0.278318 0.0216728 -0.960244 171 144 100
4.1635 3.2226 2.3884 -0.412778 0.0628721 -0.908659 145 159 100
-1.7386 -2.1443 3.3638 0.249557 0.327447 -0.911318 174 133 67
6.19 4.4064 1.5254 -0.195637 -0.17816 -0.964357 147 145 127
5.0272 3.5329 1.9521 -0.200707 -0.233228 -0.951484 165 152 121
-5.9856 -3.2798 1.5688 0.51482 0.126114 -0.847971 156 146 90
-3.9394 -2.5864 2.445 0.255907 0.239079 -0.936671 175 138 93
-6.3452 -2.4422 1.4374 0.275532 0.137352 -0.951429 148 132 104
3.8549 -6.3404 2.4126 -0.0959638 0.00441204 -0.995375 161 146 100
1.1134 2.5937 3.5338 -0.389714 0.0255079 -0.920583 151 144 60
5.4918 -5.4247 1.8182 -0.363879 -0.845105 -0.391649 158 154 102
5.866 -2.2312 1.5982 -0.306274 0.112032 -0.945328 161 135 111
-5.055 -4.9599 1.9821 0.274838 0.0283262 -0.961073 163 142 115
-3.8008 -1.697 2.5027 0.535904 -0.0429676 -0.843185 151 151 94
2.4328 -4.0502 3.0154 -0.291547 0.16022 -0.943043 146 121 112
1.5182 -2.7334 3.418 -0.355615 -0.148078 -0.922828 139 131 77
-1.7777 4.949 3.3369 -0.660253 0.236318 -0.712895 160 147 85
-6.311 -2.2925 1.4757 0.517414 -0.159575 -0.840725 160 166 117
-2.042 6.3487 3.1448 -0.0661656 -0.359247 -0.930894 159 128 80
-6.5795 -4.5419 1.34 -0 -0 -1 169 149 128
2.504 1.6851 2.9938 -0.793637 -0.28607 -0.536939 133 126 82
-3.7481 -5.4995 2.5548 -0.429516 0.210331 -0.878224 159 145 92
6.4972 -6.9923 1.4929 -0.161842 -0.483081 -0.860488 160 141 98
3.1124 -5.6773 2.7094 -0.440618 -0.181479 -0.879159 163 157 90
-4.3606 3.5542 2.2058 0.620643 0.316027 -0.717586 157 141 91
1.9167 2.7993 3.232 -0.127139 -0.100958 -0.986734 147 125 86
-1.1906 -7.7523 3.5378 0.0017689 -0.2898 -0.957086 138 139 75
-0.6331 6.813 3.7552 0.366681 -0.360394 -0.857707 164 122 88
-2.925 3.3618 2.8106 0.0909163 -0.211797 -0.973076 144 135 67
-2.5026 1.2647 2.9909 0.592089 -0.184431 -0.784485 149 141 86
5.0116 -2.5387 1.9785 -0.477986 -0.133514 -0.868161 150 152 102
5.5256 -6.7924 1.768 -0.513936 0.0736788 -0.854659 174 144 106
-4.3545 2.1645 2.2543 0.302274 -0.0664493 -0.950902 156 127 103
-7.2148 3.9098 1.097 0.393682 0.190595 -0.899271 166 133 113
0.1674 3.3202 3.8836 -0.393374 0.0673269 -0.91691 153 131 74
6.0862 -2.3874 1.5153 -0.323828 -0.337489 -0.883876 179 132 113
7.2899 -3.956 1.0838 -0.904969 0.262055 -0.335199 180 155 115
-4.5632 -1.2432 2.2191 0.216234 -0.00427428 -0.976332 153 134 97
5.7708 -7.0531 1.7254 0.864243 -0.423007 -0.272303 162 148 97
-0.6518 -7.3955 3.7507 0.210349 -0.000740163 -0.977626 149 116 78
-6.7046 -6.7949 1.2571 0.496693 -0.0268735 -0.86751 152 157 120
-3.4834 4.7872 2.6975 -0.331382 0.881786 -0.335619 147 129 71
-4.1709 1.8396 2.3185 0.579245 0.33422 -0.743487 134 145 88
3.168 5.0093 2.7375 -0.245605 -0.441819 -0.862829 163 131 101
0.2945 4.3271 3.8925 -0.217304 -0.00471526 -0.976093 133 136 79
-3.5843 6.3857 2.4814 0.689897 0.240735 -0.682707 170 114 102
-3.2004 7.7743 2.743 0.10964 0.148698 -0.982786 142 132 100
-2.9459 3.6186 2.7669 0.486333 0.198776 -0.850863 140 142 101
4.3866 -1.8301 2.2417 -0.504782 -0.0205864 -0.863001 145 143 85
-3.9083 -5.0766 2.4387 0.420803 0.114586 -0.899886 157 133 100
7.4563 1.3104 1.0409 -0.230098 0.066061 -0.970923 189 158 113
0.635 0.85 3.8247 -0.516124 -0.0128862 -0.856417 120 125 71
2.3371 -2.0891 3.1014 -0.778909 0.0611186 -0.624152 140 148 75
5.1288 -2.7865 1.9569 0.273693 0.555795 -0.784974 149 150 88
5.4744 7.0767 1.7742 -0.638035 0.425578 -0.641713 174 153 116
4.241 4.1893 2.3274 -0.211708 -0.468634 -0.857649 143 155 96
-3.799 3.2596 2.4875 0.953423 0.154276 0.2592 155 155 92
-4.6894 3.0806 2.1401 0.332481 -0.189635 -0.923848 157 137 82
-6.1992 -2.8033 1.5331 0.324905 0.207197 -0.922771 169 154 109
-3.2149 7.3521 2.8066 0.712962 0.689405 -0.128083 157 133 76
-6.6183 4.5434 1.3235 -0.193591 -0.360446 -0.91247 174 145 113
0.2534 -0.3395 3.8738 -0 -0 -1 140 133 67
2.9077 -6.7777 2.7885 -0.716286 0.487227 -0.499543 150 163 91
6.5771 -5.3178 1.3621 -0.236478 0.191736 -0.952531 153 141 115
-0.9556 -0.2351 3.6589 0.580569 0.240974 -0.777734 132 127 75
-6.8814 -6.6725 1.3199 0.339435 -0.127928 -0.93189 158 131 109
-6.3107 2.5599 1.48 0.435218 -0.283519 -0.854519 184 131 109
-1.1393 1.0174 3.6391 0.459973 0.436755 -0.773091 141 132 68
3.5019 1.6304 2.5667 -0.544686 0.419224 -0.726339 172 133 94
7.6191 -5.2404 1.0082 -0.309565 -0.0750083 -0.947915 174 157 97
3.7469 -2.2548 2.4829 -0 -0 -1 134 157 82
-4.2413 6.031 2.2546 0.00251048 -0.163358 -0.986564 158 135 91
-5.6598 -3.8336 1.7556 0.348231 0.25579 -0.901835 153 155 93
6.0085 -0.9381 1.6554 0.7741 -0.0294745 -0.632377 166 142 92
-3.4462 -0.4565 2.5951 0.391113 0.14445 -0.908936 149 168 76
-3.2882 0.4202 2.6734 0.4481 -0.489728 -0.747912 154 128 97
3.6462 1.421 2.4361 -0.561689 0.229665 -0.794833 159 147 91
7.0776 -2.483 1.138 0.363028 0.24816 -0.898124 180 151 123
2.838 -6.3148 2.9395 -0.549761 -0.0735508 -0.832078 160 144 97
-2.3163 -4.4974 3.0529 0.237272 0.953952 -0.183516 139 127 84
-6.7933 -3.0076 1.225 0.417712 0.141425 -0.897505 185 172 111
2.2523 -1.592 3.1376 -0.364516 -0.914775 0.174112 152 134 85
6.6983 -3.0358 1.2685 -0.365386 0.313522 -0.876469 171 142 104
-2.5434 0.8537 3.0701 0.0096636 0.0404701 -0.999134 154 117 73
-3.5748 -1.3532 2.4876 0.506985 0.106209 -0.855386 171 145 85
3.7093 7.2056 2.4997 -0.506806 -0.0289911 -0.861573 143 133 85
-2.7997 -6.0726 2.9027 0.435197 -0.194007 -0.879184 146 142 81
7.626 -6.6615 1.0007 -0.194561 0.170236 -0.966005 161 141 106
1.7403 -5.1726 3.2826 -0.387082 -0.211268 -0.897515 140 134 66
0.1485 -6.0498 4.0065 0.933106 0.28543 -0.218729 131 126 77
7.9117 7.7685 0.8281 -0.191646 -0.502656 -0.842976 164 161 103
5.2839 5.3002 1.8753 -0.174239 -0.256838 -0.950618 170 159 102
-1.0292 6.5267 3.6021 0.689684 -0.170041 -0.703862 157 137 80
-3.5452 -3.0771 2.7224 0.0472825 0.997374 0.0548623 155 155 97
-4.6082 1.0904 2.2375 0.0461019 0.295154 -0.954337 181 140 108
6.1855 -1.213 1.6234 -0.392401 0.218321 -0.893508 162 148 110
1.1217 3.4309 3.5798 -0.623881 -0.361201 -0.693041 150 125 61
6.5927 -3.4329 1.3856 -0.246879 0.455814 -0.855151 177 153 112
-6.9319 3.5773 1.2179 -0.328643 -0.267175 -0.905876 183 145 112
-6.4684 -0.7179 1.3579 -0.40038 -0.125396 -0.907729 173 129 101
-1.7286 -0.6666 3.3649 0.417344 -0.15803 -0.894903 155 126 73
0.324 -7.5416 3.8381 -0.1729 0.301278 -0.93773 139 136 65
6.0349 1.9215 1.5322 -0.267971 0.779881 -0.565665 168 161 97
-3.3896 0.7733 2.6467 0.48052 0.136175 -0.866347 169 140 82
7.1354 1.4983 1.15 -0.277062 -0.612201 -0.740572 169 152 122
7.2534 6.9968 1.0763 -0.324873 0.196047 -0.925215 171 140 132
4.5994 -5.471 2.1615 -0.303941 0.0329757 -0.95212 161 133 90
-4.6097 5.41 2.165 0.439658 0.85384 -0.278673 154 131 105
0.231 6.6142 3.8595 -0.0621136 -0.0724142 -0.995439 123 136 64
3.7504 6.9028 2.4791 -0.382976 -0.360891 -0.850345 140 138 87
1.7739 -4.7109 3.2496 -0.547255 -0.120055 -0.828311 157 138 96
-0.2263 -4.7024 3.924 0.10259 -0.172094 -0.979724 149 114 69
7.684 -7.9257 0.9076 0.7558 0.584383 -0.295402 160 151 121
-1.1189 -3.8181 3.5869 0.575421 0.576708 -0.579912 138 135 79
-2.9422 -6.5944 2.8223 0.432721 0.033891 -0.900891 160 134 88
5.1702 5.852 1.9334 -0.0882618 0.5258 -0.846017 158 131 91
-0.8216 -1.128 3.6838 0.291441 -0.111443 -0.950075 148 133 88
6.9724 6.4424 1.1388 -0.292396 -0.0489058 -0.955046 180 147 126
-4.2677 -4.2827 2.2846 0.600751 -0.0143953 -0.799307 138 134 103
5.3858 -5.7755 1.9161 -0.0826189 0.360164 -0.929223 171 119 107
-7.6596 7.1476 0.8317 -0 -0 -1 184 153 103
-4.7422 3.2643 2.0618 0.0968226 -0.157258 -0.9828 167 167 89
2.9639 -4.2917 2.7909 -0.491059 0.0162291 -0.870975 156 133 82
-3.7732 6.8694 2.4686 -0.170088 0.550811 -0.817115 147 139 80
-0.7801 -4.7805 3.5726 0.265013 -0.567297 -0.779706 156 135 91
-6.9862 -4.4745 1.1565 0.117151 0.292136 -0.949175 164 148 120
-2.573 3.4462 3.0372 0.419775 0.131646 -0.89803 147 127 93
-6.7683 1.3767 1.2331 0.600723 -0.328592 -0.728807 166 145 116
-1.6737 -6.1145 3.3414 0.490967 -0.0220706 -0.870899 142 135 91
-4.2989 -4.3919 2.3029 0.210894 0.0180773 -0.977342 153 156 106
2.4024 2.2887 3.0449 -0.197732 0.0521802 -0.978866 151 154 78
0.8751 3.5473 3.6416 -0.461498 -0.884363 -0.0701532 146 130 74
2.7663 -2.8278 2.7793 -0.495697 -0.424308 -0.757791 154 133 75
2.7596 1.107 2.9285 -0.860288 -0.0025411 -0.509802 142 131 84
0.5952 -1.595 3.7487 -0.191959 -0.278223 -0.94114 149 129 66
-0.9769 -6.3385 3.6496 0.350939 -0.0587113 -0.934556 154 128 61
-6.1906 -6.3389 1.4953 0.342819 0.346986 -0.872969 173 139 108
7.4773 -2.8377 1.066 -0.989547 0.135533 -0.0492796 172 162 108
0.4038 -1.4555 3.8871 -0.35481 -0.124897 -0.926559 148 123 81
-5.0114 -1.7431 2.1002 -0.0539572 0.215903 -0.974923 173 155 94
-2.1937 3.2626 3.1282 0.660433 0.730171 -0.175153 143 117 78
4.7239 -6.1639 2.1663 -0.16752 0.013621 -0.985775 161 145 95
3.5767 0.3296 2.5315 0.0394274 -0.567729 -0.822271 150 138 90
5.5667 -1.0646 1.7306 -0.533885 -0.108763 -0.838533 139 145 107
-7.5898 5.1262 0.9305 0.57124 0.114111 -0.812812 164 148 109
-4.8449 1.7028 2.141 0.184485 0.517566 -0.835518 164 140 88
-4.4322 -2.1519 2.2598 0.190773 0.26625 -0.944837 155 153 92
3.0229 -3.4687 2.7716 -0.428508 0.0717569 -0.900684 136 114 87
-3.7245 0.0432 2.4359 0.26183 -0.314369 -0.912479 154 159 101
-5.6559 2.9469 1.6933 -0.676846 -0.554028 -0.484698 153 136 111
1.6417 1.2276 3.3768 0.086896 0.271046 -0.958636 149 141 83
3.0512 -2.3778 2.7814 -0.168458 0.13055 -0.977025 156 133 79
0.5687 -0.7588 3.7821 -0.477854 0.0539152 -0.876783 159 127 80
-5.2713 5.9534 1.9079 0.402927 -0.497643 -0.768116 157 147 106
-2.8879 -7.5384 2.8261 0.379285 -0.0403356 -0.9244 147 131 78
2.3629 4.5651 3.0095 -0.817032 0.190371 -0.544259 152 146 97
-6.1535 5.0928 1.5351 0.189109 0.0208418 -0.981735 182 145 86
3.5463 -3.6267 2.6048 -0.506543 0.14915 -0.849217 140 138 80
-6.1353 -3.242 1.4945 0.544128 0.433563 -0.718295 163 148 96
-7.6764 3.6474 0.9034 0.0838588 0.354551 -0.931268 152 138 113
-1.0681 -4.3812 3.6201 0.0541046 0.478656 -0.876334 136 109 68
2.8486 4.744 2.9039 -0.288648 -0.370454 -0.882862 144 134 84
6.6777 -1.6545 1.3301 -0.694588 -0.399827 -0.598068 148 137 121
7.8421 -7.6955 0.9204 0.133049 -0.136114 -0.981718 167 162 124
-2.8126 -7.1212 2.8617 0.423404 -0.173584 -0.889156 153 124 91
5.1974 7.1676 1.9924 0.0456177 0.521334 -0.852133 158 148 99
-5.2783 -5.6707 1.8563 0.479729 0.173715 -0.860049 159 132 107
5.5554 0.2446 1.7749 -0.181063 -0.0197948 -0.983272 154 142 113
1.9172 7.9968 3.1971 -0.0466933 -0.326501 -0.944043 171 143 95
6.6023 -4.3035 1.3461 -0.360645 0.00826773 -0.932666 167 139 114
3.1333 3.5089 2.7039 -0.210701 0.257194 -0.94311 157 144 63
-0.6579 -4.8924 3.6957 0.128345 -0.210041 -0.969232 147 129 79
-6.7713 7.7717 1.2831 0.4364 -0.0461876 -0.898567 155 144 113
7.8068 7.1156 0.8571 -0.332551 0.321477 -0.886601 170 153 121
-3.097 -1.5683 2.7328 0.478129 0.0122282 -0.878204 149 149 90
2.8412 -2.8786 2.8644 -0.188753 -0.380836 -0.905172 166 117 70
-4.5347 -7.3687 2.2379 -0.0982268 -0.358478 -0.928356 151 125 95
4.024 7.1748 2.4039 -0.365013 -0.0986778 -0.925758 171 131 79
-1.3078 -4.5148 3.4658 0.557485 0.233666 -0.796624 145 113 67
7.1076 6.789 1.1785 -0.549377 -0.0687484 -0.832742 169 153 104
-3.5917 1.7197 2.5549 -0.603239 0.285519 -0.744703 158 129 86
-5.4887 -6.4951 1.8333 0.312379 -0.406145 -0.858758 145 144 86
-6.9628 0.9477 1.1594 0.395169 -0.672302 -0.62598 168 145 107
6.503 7.3739 1.3949 -0.337989 0.0624133 -0.939078 161 140 113
-7.4891 -5.1945 0.934 0.0329361 -0.228344 -0.973023 153 157 128
-2.1105 5.3333 3.1061 0.531296 -0.186204 -0.82647 145 144 86
-5.6163 2.166 1.6244 0.383283 0.0744427 -0.920626 168 157 104
-1.2424 -2.9511 3.4106 0.731384 0.138153 -0.667826 134 128 79
-1.2067 6.87 3.5334 0.142722 0.000778026 -0.989763 140 140 84
-4.2793 -3.8484 2.2801 0.811095 -0.0869306 -0.578418 157 148 93
-6.0247 2.7468 1.6218 0.312109 0.113565 -0.943234 152 148 97
6.8369 1.0027 1.2917 -0.525316 0.0432834 -0.849806 173 144 101
7.2118 -6.1043 1.0585 -0.277508 0.194236 -0.940883 170 166 131
-0.2505 -4.6053 3.9127 0.145488 -0.22645 -0.963096 137 146 64
3.8867 4.7476 2.4222 -0.153085 0.00430446 -0.988204 142 135 110
6.3561 -6.8182 1.3706 -0.754342 -0.0901446 -0.650263 164 141 107
1.3849 0.7538 3.5001 -0.745061 0.196774 -0.637311 146 116 81
1.0031 -6.8689 3.5879 -0.316076 -0.339023 -0.886092 141 137 72
-1.4683 3.0075 3.4447 0.640072 0.11394 -0.759819 140 123 77
0.7753 5.7614 3.7429 -0.521264 -0.294392 -0.80101 154 122 59
-6.7555 -0.3762 1.3336 -0.318864 0.945501 -0.0659797 164 152 101
-4.4232 6.5445 2.2794 -0.0649038 0.217158 -0.973976 161 155 86
-6.9403 6.6023 1.24675 0.178489 -0.245331 -0.952867 177 150 127
-3.4931 -2.8235 2.6199 0.433657 0.148101 -0.888824 151 142 97
-7.4384 -2.4581 1.0733 0.607307 -0.380404 -0.697475 181 153 117
-1.535 -6.5248 3.4356 0.0945487 0.379332 -0.920417 153 125 77
-0.2835 -1.8165 3.974 -0.188398 0.295468 -0.936592 139 119 70
1.0298 -0.6902 3.548 -0.559173 -0.0196443 -0.828818 132 120 68
-1.2607 4.9435 3.4586 0.254933 0.299407 -0.919437 164 136 105
6.7382 -6.3928 1.3648 0.0600751 0.695222 -0.71628 160 163 130
2.942 -6.9791 2.7673 -0.733561 -0.0259592 -0.679127 145 149 93
1.7901 -5.6296 3.164 -0.774281 -0.142779 -0.616525 136 129 85
-3.6549 -3.0654 2.5876 0.700874 0.338487 -0.627855 166 122 63
-2.5155 -0.4039 2.9811 0.428851 -0.476699 -0.767362 155 128 94
-5.1643 5.6604 1.978 0.157343 0.153559 -0.975532 143 147 96
0.8183 6.9831 3.6377 -0.459002 -0.0415898 -0.887461 145 135 77
-2.923 -5.7807 2.8976 0.661123 0.68043 -0.316119 147 144 87
-4.6899 5.803 2.0362 0.282272 0.934614 -0.216376 148 134 98
-0.8061 1.6765 3.7115 0.318977 -0.887875 -0.331559 140 121 72
-5.1749 4.4884 1.9009 0.662178 -0.12078 -0.739549 162 138 103
1.7654 1.8344 3.2978 -0.246522 -0.487597 -0.837542 130 139 65
-4.1172 7.8572 2.3793 0.390339 0.297173 -0.871392 176 148 89
-1.3607 -1.0215 3.4478 0.519409 -0.0243849 -0.854178 147 132 92
-4.3339 3.7986 2.3088 0.807546 -0.586815 0.0593154 148 143 84
-0.0956 2.7616 4.0931 0.763545 0.501538 -0.406766 156 145 65
-7.8148 -1.4468 0.8212 0.309921 -0.153955 -0.938215 167 157 121
2.635 -6.999 2.9048 0.0971623 0.49264 -0.864792 141 139 90
2.7682 1.1857 2.7888 -0.758361 0.130884 -0.638559 150 132 89
5.8644 -4.3868 1.642 -0.514647 0.0761238 -0.854016 158 160 94
-4.9546 3.1607 1.9156 0.147731 -0.625178 -0.766373 155 145 111
3.4512 3.3785 2.599 -0.466214 0.101269 -0.878857 137 131 100
6.3787 5.5403 1.464 -0.154325 0.199417 -0.967686 173 157 120
-6.714 7.5763 1.2801 0.213365 0.137244 -0.967285 170 130 109
-2.30435 -1.53205 3.09655 -0.000598748 0.0781 -0.996945 144 137 88
2.6677 -2.7698 2.9271 -0.569593 -0.194273 -0.798638 148 134 103
6.6246 -2.9297 1.3787 -0.371613 0.452402 -0.810701 173 128 96
6.4198 5.3646 1.4308 -0.362753 0.0660251 -0.929543 162 145 110
0.4297 -6.0037 3.8223 -0.893893 -0.0565833 -0.444695 145 107 61
-1.6129 -5.6986 3.3457 0.488965 -0.0351874 -0.871594 146 150 64
-1.2771 -7.2369 3.5511 -0 -0 -1 137 130 78
-0.7109 7.2301 3.7343 0.802926 -0.572642 -0.165502 141 123 82
4.1659 0.3277 2.2909 -0.409878 0.0190566 -0.911941 171 156 107
5.5054 -6.9233 1.7456 0.122476 0.120613 -0.985115 154 139 97
7.1638 -7.0356 1.1607 -0.512045 -0.0177611 -0.858775 169 149 99
-0.0479 2.5123 3.9564 0.0377343 -0.0992872 -0.994343 142 104 64
5.8403 4.9085 1.681 -0.430139 -0.227643 -0.87359 173 147 115
-7.6116 6.9317 1.0305 0.524728 0.254238 -0.812418 159 165 107
1.449 -3.347 3.3481 0.0864604 0.809395 -0.580866 136 132 78
-7.7309 6.7348 1.0085 -0.23325 0.959531 0.157779 187 163 108
7.4363 -6.3108 1.0236 0.0720926 0.98992 0.121909 158 176 129
-4.5384 -2.5583 2.2325 0.486952 0.68706 -0.539283 167 138 104
0.7234 3.8771 3.6108 -0.260527 -0.695815 0.669303 136 118 83
7.2578 -4.5634 1.0583 -0.600475 -0.0561224 -0.797672 176 143 106
-5.2953 4.6646 1.9136 0.704822 -0.248701 -0.66436 160 143 101
-7.6256 2.2869 0.9193 0.0703029 0.293784 -0.953283 156 151 102
-6.2357 6.3101 1.5256 0.424156 -0.179366 -0.887648 150 172 92
0.72 -4.7769 3.6587 0.127054 0.255809 -0.958342 150 136 76
-1.4435 3.7114 3.3758 0.940603 0.276172 -0.197472 144 142 91
7.7427 -1.3976 0.8783 0.546961 -0.319357 -0.773851 173 151 97
-7.01 -2.263 1.2127 -0.229096 -0.141583 -0.963052 164 137 112
1.3901 5.3825 3.4725 -0.492097 -0.0494275 -0.869136 135 132 81
-3.2946 -3.3999 2.5778 -0.606938 0.0504381 -0.793147 143 139 83
2.1682 5.0474 3.1033 -0.538584 -0.206661 -0.816834 136 128 85
-5.4765 -0.5926 1.8013 0.0768242 0.53931 -0.838596 157 148 94
-2.6508 -6.4023 2.9711 0.585241 -0.234946 -0.776075 157 136 91
0.4056 0.3432 3.8139 -0.114412 -0.0978642 -0.988601 136 141 77
-3.4954 -2.9112 2.6177 0.425227 0.210655 -0.880231 155 136 84
-0.3673 1.8566 3.933 0.0374446 0.483687 -0.87444 147 132 77
-4.8098 0.607 2.019 0.0864103 0.0560997 -0.994679 150 127 92
-6.2963 -3.1736 1.4129 0.179117 -0.0850909 -0.980141 144 143 110
-0.3402 -5.0743 3.8544 0.234657 0.0437419 -0.971094 142 139 88
-1.7047 -0.3116 3.2811 0.430226 0.0440631 -0.901645 145 153 74
-7.2284 1.0162 1.2199 0.467798 -0.23233 -0.852753 168 162 120
7.7429 5.15 0.9187 -0.230951 0.104136 -0.967376 170 148 120
-4.15 -4.2875 2.3963 0.155138 0.0599547 -0.986072 155 148 100
-4.4685 -5.3578 2.2654 0.478402 -0.0724877 -0.875144 143 141 86
1.3111 6.7561 3.4863 -0.202414 -0.0476074 -0.978142 148 143 89
7.9164 1.2062 0.8738 -0.505312 0.691304 -0.516488 166 150 118
-4.9614 1.5426 1.9324 0.522426 -0.299962 -0.798181 166 123 98
5.4319 6.583 1.8247 0.474859 0.108672 -0.873326 164 137 115
-5.9124 -7.4204 1.6893 0.108196 -0.548654 -0.829019 155 152 99
4.3692 6.6789 2.3828 -0.741688 -0.521052 -0.422377 161 118 97
2.9235 -5.6122 2.8633 -0.472589 -0.839194 -0.269097 136 121 79
5.0817 3.1985 1.9924 -0.407299 -0.143134 -0.902009 153 132 102
5.6615 3.858 1.7676 -0.0546308 0.209455 -0.976291 154 137 131
7.0494 -4.8869 1.2741 -0.553545 0.301289 -0.77641 172 139 121
7.8427 6.3786 0.795 -0.247285 0.100423 -0.963725 164 142 126
6.8607 -6.7089 1.2252 -0.603825 0.225701 -0.764496 163 160 109
-6.0455 4.0749 1.6221 -0.380455 -0.453629 -0.8059 152 140 118
6.8442 -6.3991 1.2664 -0.377856 0.0485372 -0.924591 164 157 113
-7.4489 6.9087 1.0845 0.316758 0.946272 0.0650685 157 172 110
-6.4135 5.7853 1.4528 0.0975614 0.347026 -0.932767 165 157 110
-3.58 -2.4649 2.507 0.40494 -0.245142 -0.880868 149 138 100
1.3054 -6.826 3.4326 -0.515219 -0.302497 -0.801901 133 125 86
3.2953 -4.2182 2.7086 -0.502398 -0.0535504 -0.862977 140 137 92
-7.2316 -3.4121 1.1176 0.461971 0.0261518 -0.88651 155 155 112
6.9545 4.934 1.1335 -0.357728 0.77568 -0.519953 179 147 93
-6.7836 5.1136 1.2539 0.274343 -0.00850252 -0.961594 178 170 110
-7.5737 4.5627 0.983 0.606847 -0.0203861 -0.794557 179 149 105
-3.0813 1.4288 2.7683 0.595776 -0.180742 -0.782549 149 141 94
4.969 -5.1442 2.0865 -0.266831 0.211317 -0.94029 152 143 95
0.2241 0.4718 3.8868 -0.412501 0.071901 -0.908115 142 122 75
6.19705 -5.9537 1.45055 -0.465052 0.133785 -0.875116 168 152 107
-7.5549 -7.0201 1.0283 0.455128 -0.282635 -0.844379 170 156 117
4.0803 6.6318 2.3637 0.411995 -0.354553 -0.839376 155 145 101
4.0187 5.6187 2.41 -0.270781 -0.282611 -0.920222 164 156 89
4.7374 4.9702 2.254 -0.734641 0.628658 0.255132 179 126 105
1.1678 6.0729 3.5633 -0.716606 -0.0728546 -0.693663 156 132 67
4.599 7.2232 2.2243 -0.0594808 -0.284337 -0.956878 170 132 93
0.589 5.5931 3.7803 -0.133626 -0.025004 -0.990716 143 136 73
3.0221 6.1764 2.7873 -0.911152 0.229021 -0.342566 153 138 89
-4.6918 -2.9278 2.1639 0.397845 -0.00801116 -0.917418 174 144 101
-3.186 0.211 2.865 -0 -0 -1 157 134 94
-0.7035 -6.949 3.7495 0.605505 0.326112 -0.725958 148 128 71
-5.2058 -3.4416 1.8735 0.909147 -0.202498 -0.363932 149 138 84
-1.1845 -1.4612 3.5192 0.568215 -0.00748813 -0.822846 155 134 83
7.9474 -6.9953 0.8774 0.490381 0.0530811 -0.86989 162 156 105
4.2158 -7.6867 2.3215 -0.255464 0.272194 -0.927711 153 148 89
2.5074 1.4667 3.0172 -0.310027 0.177246 -0.934059 157 138 76
-2.8196 -6.748 2.9775 0.858851 -0.35449 -0.369744 146 141 86
-3.0977 5.0029 2.833 0.377891 0.725005 -0.575818 156 157 94
7.2674 -5.8762 1.1314 -0.00645642 -0.336075 -0.941813 165 142 126
-1.4835 2.4961 3.3077 0.208791 0.775474 -0.595858 145 148 71
6.3143 0.5202 1.4902 -0.288617 -0.0531327 -0.955969 165 163 115
6.9569 3.6399 1.2475 -0.290132 -0.0725221 -0.954235 180 157 105
-7.6321 -5.8222 0.9203 0.65303 0.102276 -0.750394 168 129 110
-3.4861 -2.6608 2.661 0.155337 -0.0115904 -0.987793 152 138 105
2.811 -3.05 2.8837 -0.200999 0.0543396 -0.978083 146 141 104
-6.3654 6.0782 1.4762 0.264958 -0.229727 -0.936495 186 141 109
6.0156 -4.3156 1.5732 -0.113612 -0.039777 -0.992729 177 142 98
2.1324 4.0392 3.1299 -0.365773 0.379004 -0.850039 154 141 83
5.894 1.2748 1.6902 -0.167716 0.0642164 -0.983742 163 141 97
-1.5844 -7.2868 3.3005 0.289597 -0.451636 -0.843895 160 120 98
6.5379 5.4057 1.3941 -0.521737 -0.0786811 -0.84947 177 137 136
-3.2455 -5.6176 2.6892 0.459152 0.324871 -0.826824 166 140 109
1.3082 -2.2892 3.4695 0.985061 0.0466256 -0.165772 155 119 70
1.2293 -0.3358 3.4868 -0.34039 -0.224374 -0.913122 133 137 77
-5.8817 4.4405 1.6585 0.569469 0.342429 -0.747293 174 136 111
-0.8733 -4.24 3.5497 0.192674 0.32801 -0.924817 137 138 82
6.8873 -5.6715 1.2987 -0.204543 0.289585 -0.935041 154 149 128
7.2634 -4.041 1.0887 -0.657069 -0.0598813 -0.751449 173 135 108
6.6942 -7.4133 1.3535 -0.538643 0.0188473 -0.842323 173 147 111
3.9621 -4.3781 2.2938 -0.525087 -0.0647792 -0.84858 154 141 109
7.8792 7.851 0.7595 -0.214428 -0.251825 -0.943719 173 170 105
0.2915 5.0967 3.8202 -0.523339 -0.166813 -0.835637 130 127 82
2.04805 4.99865 3.18635 -0.509646 -0.0195066 -0.860163 149 137 78
0.2303 0.1221 3.9287 -0.0111097 0.0462279 -0.998869 138 134 70
-5.0658 3.9575 1.9603 -0.529971 0.594964 -0.604275 142 145 78
0.2388 -3.7532 3.8494 -0.406271 0.130207 -0.904428 151 141 95
3.8154 -5.8356 2.6087 -0.925139 -0.345868 0.156502 155 128 88
5.9426 -7.1059 1.5916 0.166114 0.42156 -0.891456 165 141 96
5.9385 -2.6505 1.6335 -0.422066 0.00555083 -0.906548 161 168 102
2.6423 -3.449 2.9247 -0.851687 0.445482 0.275999 153 128 94
1.454 -5.418 3.5212 0.0106602 -0.366523 -0.930348 158 130 79
-3.8075 4.7252 2.5401 -0.873901 -0.0880298 -0.478066 153 141 83
-1.4296 1.0375 3.401 0.17337 0.628719 -0.75806 141 128 69
7.8186 2.963 0.8762 -0.123663 0.13688 -0.982838 165 168 116
-3.3094 -4.3951 2.6059 0.912614 0.141152 -0.383681 161 147 86
7.4684 6.1758 1.004 -0.507921 0.129036 -0.851684 159 145 104
4.3026 3.4131 2.3107 -0.355126 0.272056 -0.894355 145 137 99
-7.058 6.9645 1.1721 0.229006 0.276931 -0.933202 156 158 105
-2.2537 7.8638 3.0093 -0.639921 0.168715 -0.749691 152 117 71
-1.1332 -5.924 3.6104 -0.0584053 0.726022 -0.685187 146 122 71
4.1839 3.2406 2.4799 0.512514 0.133741 -0.8482 146 147 99
-6.5557 -5.6722 1.375 0.728903 -0.202822 -0.653884 166 164 139
0.0965 4.2138 3.906 -0.273367 -0.0844321 -0.958197 157 129 64
-3.9742 -4.2814 2.3517 0.104341 -0.0586152 -0.992813 166 147 108
6.916 1.6937 1.2623 -0.120152 0.921505 -0.369312 172 151 129
-4.0684 -5.6145 2.3689 0.472628 0.328284 -0.817834 155 145 95
1.9551 7.0158 3.236 -0.504742 0.0983987 -0.857644 152 148 73
-2.3853 5.9555 3.0879 0.2669 0.460006 -0.846852 142 146 92
-6.4717 0.6017 1.3578 0.221769 0.354329 -0.908444 165 161 112
-1.7342 7.2317 3.2912 0.280376 -0.0347031 -0.959263 140 147 90
-0.1752 -1.8356 3.9197 -0.0537586 0.326241 -0.943757 133 143 63
6.2162 -7.1033 1.5291 -0.40285 0.0791596 -0.911836 167 140 123
0.8027 -0.1106 3.7173 -0.458806 0.237541 -0.856196 152 137 73
1.9143 -7.1053 3.1836 -0.531695 0.308055 -0.788925 148 139 77
-5.2564 -3.8831 1.8441 -0.137044 0.796838 -0.588446 169 154 91
-5.5863 2.8892 1.6886 -0.676846 -0.554028 -0.484698 172 136 99
1.5874 -0.9901 3.3946 -0 -0 -1 139 132 85
3.496 -0.672 2.5949 -0.591847 0.0819714 -0.801872 145 130 77
-1.3747 2.3844 3.4398 0.722868 -0.102138 -0.683396 154 128 87
4.353 0.4554 2.2156 0.196446 0.682815 -0.703685 158 135 68
4.2313 6.8314 2.2412 -0.438089 0.0714967 -0.896084 155 111 107
0.6638 0.3351 3.7915 -0.516921 0.389441 -0.762318 157 131 79
-4.6093 -7.8784 2.2408 0.0613906 0.695129 -0.716259 162 159 80
-7.3322 -5.5858 1.0499 0.39176 0.311888 -0.865592 167 146 113
-6.9571 4.1971 1.2384 0.712012 -0.514253 -0.478103 182 145 126
0.9469 4.2403 3.6885 0.033541 -0.627917 -0.777557 136 129 76
3.5462 7.2878 2.6259 -0.214608 0.0229707 -0.97643 146 144 84
-7.3224 3.7806 1.0184 -0.455977 0.31372 -0.832866 166 154 118
2.9364 -4.5283 2.8323 -0.488796 -0.126311 -0.863206 144 141 64
-4.7244 -1.5525 2.088 0.606384 -0.0196784 -0.794928 163 157 112
0.7093 6.54 3.6836 0.0439322 -0.938385 -0.342787 140 131 72
0.7366 -2.6953 3.7623 -0.398268 -0.1318 -0.907751 146 123 87
-3.6891 3.5627 2.5476 0.614531 -0.32082 -0.720712 155 138 84
6.0673 1.001 1.5808 -0.503995 -0.129629 -0.853923 163 153 111
-1.2156 -4.1971 3.5514 0.726493 -0.310174 -0.613188 156 130 82
-2.4485 -6.2697 3.0473 0.135817 -0.287844 -0.947998 151 158 86
3.2665 -7.0152 2.7031 0.719502 0.161269 -0.675507 175 120 82
-4.0997 -3.3067 2.3661 0.324748 -0.0398511 -0.944961 161 137 101
-5.58555 2.195 1.7555 -0.027556 0.399825 -0.916177 163 136 95
0.8351 -7.5421 3.6631 0.13794 0.0394158 -0.989656 148 123 81
-2.8928 7.4375 2.7648 0.573307 -0.0161475 -0.819181 154 125 90
-7.1244 -0.8096 1.2289 0.537205 -0.84077 0.0672062 171 155 116
5.8731 4.4732 1.7119 -0.584765 -0.0685331 -0.808303 180 163 96
-7.7764 -5.1018 0.9595 0.431114 0.162691 -0.887509 177 161 105
-4.613 2.4179 2.1476 0.350274 0.481819 -0.803217 177 143 77
5.0093 4.3975 1.982 -0.441902 -0.213048 -0.871397 171 132 99
2.1926 -0.3944 3.1414 -0.462877 -0.365582 -0.807523 144 116 77
6.9632 5.8349 1.1734 -0.471866 -0.0683765 -0.879015 171 149 122
-4.503 -2.9891 2.3216 -0.617479 -0.763542 0.189008 145 145 86
-5.2998 1.9574 1.9062 0.404926 0.452999 -0.794246 164 135 93
-5.2038 -1.2419 1.9686 0.825825 -0.559599 -0.0697218 171 135 108
-4.1291 6.9817 2.284 0.554539 0.0864339 -0.827657 180 150 104
-4.5363 3.3775 2.1788 0.486008 -0.0262676 -0.873559 176 146 95
6.0603 5.7689 1.5573 -0.565197 -0.13696 -0.813507 168 139 88
-3.9698 -2.0049 2.4516 0.518007 0.353384 -0.778966 157 145 103
-1.7977 6.7422 3.2626 0.0497938 -0.16305 -0.98536 159 143 80
5.5494 1.2439 1.8047 -0.569164 -0.0196068 -0.82199 147 162 113
-2.2349 -3.6123 3.0857 0.584965 -0.0505181 -0.809484 149 145 86
6.7813 5.0407 1.3312 -0.488774 0.010859 -0.872343 151 156 104
-1.4621 -2.4559 3.4595 0.064301 0.0705993 -0.99543 151 125 75
-5.051 -1.651 2.0259 0.351227 -0.40482 -0.844251 163 142 104
0.8207 4.5202 3.7134 -0.33321 0.381359 -0.862286 133 126 88
-1.5863 -0.679 3.3601 0.271457 0.00157932 -0.962449 143 134 79
-3.109 -7.9694 2.7317 0.558928 0.0467806 -0.827895 134 136 81
2.7844 1.9856 2.9303 -0.457618 -0.131502 -0.879371 155 145 86
-6.7861 -2.4714 1.304 0.214708 -0.40023 -0.890908 170 138 108
-5.8284 7.0458 1.601 0.596093 0.0329993 -0.802237 163 140 103
2.49 -4.2567 3.0154 -0.550635 -0.0518484 -0.833135 140 131 60
-0.603 1.6138 3.8126 0.0423279 -0.0194756 -0.998914 141 153 61
4.6282 -2.4848 2.2012 -0.564375 -0.0715443 -0.822412 154 146 119
3.9871 -7.3136 2.3677 -0.534523 0.333733 -0.776471 168 128 99
-5.1078 -5.1202 1.9401 0.485192 -0.0122912 -0.874321 182 137 98
-6.183 5.9321 1.5677 0.0181037 0.0365912 -0.999166 167 147 109
-3.4225 -5.1919 2.6262 0.0950758 0.322947 -0.941629 137 143 93
-2.5306 -7.0196 2.9757 -0.0348329 0.362692 -0.931258 138 145 81
-2.8074 2.7165 2.8338 0.271843 -0.741183 -0.613799 147 141 89
-4.2391 0.4718 2.2029 0.828513 -0.202995 -0.52188 164 147 91
1.4489 -6.0853 3.4178 -0.461128 -0.444157 -0.76817 138 104 67
-7.9772 -1.5004 0.8636 0.822058 -0.564508 -0.0745107 167 149 126
5.5645 6.7084 1.8265 -0.0545066 -0.0799046 -0.995311 156 155 90
6.8266 3.6599 1.311 -0.359252 -0.0467892 -0.932067 149 151 123
-7.7558 1.9042 0.8861 0.365901 -0.00669029 -0.93063 167 158 122
-4.58655 -0.35905 2.13395 -0.379415 -0.117089 -0.917788 159 150 101
0.867 -1.8224 3.6267 -0.324456 -0.00199821 -0.945899 137 118 74
2.6488 -4.2004 2.9134 -0.526161 0.108149 -0.84348 142 129 77
-6.5957 3.0408 1.4068 0.415587 0.0562923 -0.90781 175 146 108
5.9642 -4.8596 1.5816 0.879633 0.47551 -0.0116487 158 151 116
-3.9165 -0.889 2.5081 0.442706 0.215635 -0.870352 129 131 96
-4.2744 3.0971 2.3237 0.427194 0.0817302 -0.900459 168 136 98
3.7226 -2.7024 2.5029 -0.0736743 0.172901 -0.98218 152 145 83
5.3705 0.2122 1.9445 -0.897192 -0.13746 -0.419704 154 145 101
-5.7492 3.5935 1.782 -0 -0 -1 164 143 97
-2.7526 2.6527 2.9165 0.136503 -0.284047 -0.949044 152 148 80
-7.1144 1.5334 1.0758 0.504818 -0.247382 -0.827019 170 161 96
0.9719 4.4842 3.6023 -0.374147 0.160263 -0.913417 161 134 75
-4.6719 -5.2946 2.123 0.321275 -0.0610611 -0.945015 168 148 94
3.6592 6.0938 2.4671 0.177837 -0.395159 -0.901234 158 148 80
0.8351 1.6279 3.6035 -0.38936 -0.490524 -0.779605 143 127 78
-6.5369 -0.852 1.3746 0.304058 0.143012 -0.941858 164 144 100
4.5096 3.6743 2.217 -0.531209 0.0514173 -0.845679 157 150 85
6.6657 -2.757 1.3989 -0.492375 -0.0592631 -0.868363 159 142 91
4.3181 1.9935 2.1647 -0.868091 0.310445 -0.387352 168 151 107
7.5766 -5.1221 0.9651 -0.482338 -0.107775 -0.86933 163 156 114
-5.6128 -1.3681 1.768 0.668082 -0.00494892 -0.744072 151 133 103
-5.6552 4.1654 1.7663 0.256975 -0.24901 -0.933787 144 146 115
-3.1946 7.0587 2.717 0.802389 0.0738544 -0.592214 144 140 75
7.3374 -1.5778 1.0804 -0.456302 0.141157 -0.878557 177 155 126
6.6488 2.4351 1.4382 -0.675543 0.577101 -0.458908 157 168 105
3.7286 1.2462 2.5044 -0.16457 -0.160547 -0.973212 146 138 96
-5.362 0.6186 1.8212 0.439462 0.0186927 -0.898067 173 133 92
-7.7335 -4.8088 0.8411 0.83716 0.455406 0.302934 149 163 111
-7.7528 0.1748 0.8337 -0.490858 -0.857056 -0.156566 173 153 130
4.2477 -3.4148 2.2749 -0.31436 0.189976 -0.9301 148 133 92
4.2364 1.7786 2.3811 0.0626403 0.27964 -0.958059 147 141 101
6.9474 7.3269 1.1874 -0.611336 -0.111478 -0.78348 161 138 117
4.2838 -5.1776 2.3076 0.131243 -0.430026 -0.893226 175 142 107
-7.626 -2.5098 0.9891 0.361736 -0.293172 -0.884984 162 149 114
2.7733 -0.853 2.7632 -0.0546093 0.0594462 -0.996737 154 142 93
-3.0305 5.2127 2.796 0.0243691 -0.218631 -0.975503 156 163 83
-1.7933 6.3884 3.1721 0.0809597 0.0624469 -0.994759 154 123 75
-0.6108 -4.1897 3.7194 0.439037 0.0479912 -0.897187 144 135 66
-1.282 -0.7493 3.4632 0.49434 0.16998 -0.852487 145 138 83
7.9759 7.7866 0.8167 0.119274 -0.614427 -0.779906 187 159 102
5.6916 2.5995 1.7637 -0.504218 0.106987 -0.856924 168 143 109
0.0507 -6.556 4.0233 -0.268221 0.0487191 -0.962125 133 142 81
4.5158 -6.0002 2.2328 0.322344 0.029456 -0.946164 165 156 95
1.0913 6.1593 3.6427 -0.41284 -0.103725 -0.904878 152 145 67
7.2371 -2.3711 1.1835 -0.943116 0.158126 -0.292452 168 157 121
-4.355 -5.7053 2.2389 0.323268 0.186888 -0.927669 177 141 88
2.065 7.0249 3.2216 -0.561963 -0.113822 -0.819294 158 146 89
-3.9369 0.1011 2.3943 0.0217509 -0.415971 -0.909118 138 150 94
2.5056 1.7589 2.9477 -0.997547 0.0446655 -0.0538921 141 126 100
3.6781 0.4074 2.5458 -0.207499 -0.011158 -0.978172 148 136 95
-0.3061 3.8811 3.9475 0.905863 -0.172028 -0.387065 147 127 68
4.0184 -2.0206 2.3616 0.375776 0.590317 -0.714366 145 156 102
5.6291 3.4959 1.723 -0.862727 0.093535 -0.496943 176 145 134
-0.656 -2.9841 3.784 0.330583 0.528913 -0.781643 151 133 74
2.5263 -4.1671 2.9363 -0.54735 -0.0607854 -0.834693 142 145 86
-6.4841 -7.1419 1.3956 0.610575 -0.105577 -0.78489 169 151 104
-2.6381 0.1973 2.9255 0.60065 0.0476809 -0.798089 134 133 86
-3.2151 5.8074 2.7793 0.541707 -0.12067 -0.831861 144 132 93
-5.7626 1.2525 1.6732 0.454785 -0.297557 -0.839423 171 132 101
-2.6885 6.311 2.9717 0.239848 -0.169994 -0.955811 157 149 69
-0.4031 -6.0417 3.8168 0.632045 0.399259 -0.664162 154 122 72
1.0798 0.7157 3.5896 0.296342 0.0474863 -0.953901 145 154 78
1.7964 -6.6465 3.2605 -0.39075 -0.0627802 -0.918353 149 120 96
-7.2668 -4.9701 1.1227 0.510914 -0.119337 -0.851308 182 153 117
-4.6897 -0.642 2.2341 0.649035 -0.408821 -0.641576 163 141 77
4.0828 3.9731 2.2911 -0.764162 0.228774 -0.603091 134 143 98
-0.1306 0.1315 3.8875 0.240149 0.244194 -0.93952 145 116 61
-7.7231 -6.5924 0.8576 0.568076 -0.053757 -0.821218 177 151 105
1.7555 7.9666 3.3436 -0.92238 -0.354248 -0.154027 137 144 70
5.1909 3.919 1.8783 -0.436936 0.102642 -0.893617 196 130 98
-6.8042 -1.6914 1.2133 0.481493 0.488762 -0.727513 175 157 115
-6.9523 3.4807 1.2837 0.0827137 0.386022 -0.918774 168 140 116
-2.1088 5.27 3.1769 0.375503 0.0848772 -0.922927 144 130 83
2.484 -7.3902 3.0473 -0.550225 -0.0147374 -0.834887 134 128 93
1.3779 1.907 3.4111 -0.989709 -0.127552 0.0648567 135 127 74
0.7238 -5.7307 3.7694 -0.284399 0.105102 -0.952928 132 123 71
4.0762 1.5281 2.3505 -0.149951 0.0230592 -0.988425 165 158 83
1.6342 -2.4565 3.3263 -0.507139 0.0193598 -0.861647 128 123 78
-0.9482 1.8247 3.6963 0.655887 0.0639543 -0.752145 152 132 69
-2.5869 -7.7154 3.0368 0.649284 -0.478726 -0.590975 156 125 81
-5.2028 -4.2976 1.961 0.415701 -0.556623 -0.71928 175 142 88
4.0589 -5.8238 2.3786 -0.415586 0.0597364 -0.90759 170 135 117
-2.4952 -7.567 3.0412 0.389199 -0.535712 -0.749358 159 130 73
-4.8503 -4.4708 2.0808 0.00112254 -0.121194 -0.992628 162 147 94
4.4564 5.3892 2.1715 -0.341927 0.183585 -0.921619 170 150 97
-7.5822 -3.4653 0.9497 0.102954 -0.0352469 -0.994061 186 144 103
2.5541 -6.0462 2.9369 -0.110939 0.249893 -0.961897 144 107 82
3.2173 3.6919 2.6812 0.0800076 -0.193775 -0.977778 145 137 106
4.725 -7.2503 2.073 -0.37967 0.0419473 -0.92417 160 149 89
-1.8186 6.5554 3.2642 0.662355 0.209201 -0.719389 116 138 73
-4.2382 4.3171 2.2721 -0.30086 -0.768072 -0.565286 153 156 91
7.3511 5.8918 0.9674 -0.201519 0.0758135 -0.976546 180 137 119
0.6145 -3.4044 3.8159 -0.357573 -0.728992 -0.583705 138 134 71
0.1264 7.4294 3.9114 -0.516947 -0.4084 -0.752313 120 137 69
2.6351 -4.9328 2.9775 -0.581304 -0.150767 -0.799597 151 138 88
-5.787 -3.4593 1.7053 0.433579 -0.771117 -0.466248 144 129 100
5.9456 -6.585 1.6689 -0.349231 -0.060775 -0.935064 159 159 108
7.5329 7.0053 1.0002 -0.271478 0.0021603 -0.962442 168 148 99
5.1945 3.3173 1.9169 -0.407299 -0.143134 -0.902009 168 146 95
-5.812 -3.406 1.5939 0.45264 -0.479571 -0.75175 170 135 110
-0.2338 -4.7343 4.0493 0.59488 -0.248108 -0.764566 149 149 78
4.0107 5.5188 2.4044 -0.141033 -0.0191239 -0.98982 163 135 106
2.6458 3.1856 2.9883 -0.0179716 -0.0525122 -0.998459 156 134 90
-7.4962 0.5533 1.0167 -0.176702 0.114498 -0.977582 162 140 104
-3.6465 4.2483 2.5424 -0.726295 0.040752 -0.686175 148 141 84
4.5108 6.1901 2.1456 -0.360959 -0.329003 -0.87262 155 160 101
-5.5671 7.4539 1.7801 0.255618 -0.96575 0.0445781 168 147 93
-3.4695 -6.6223 2.5724 0.87102 -0.0311432 -0.49026 159 130 70
-3.544 1.7012 2.5596 -0.603239 0.285519 -0.744703 153 139 81
-5.1075 1.9795 1.9801 0.0165159 0.0612989 -0.997983 158 142 93
-4.3434 6.9068 2.2173 0.292842 0.0789045 -0.9529 163 137 96
0.9591 5.7038 3.5616 -0 -0 -1 142 129 63
5.2036 7.6999 1.9062 -0.218637 -0.0661406 -0.973562 168 135 121
-2.7943 -2.6802 2.8443 0.0790866 -0.331824 -0.94002 144 142 90
-5.4368 -0.043 1.8454 -0.00795661 -0.137254 -0.990504 184 145 114
2.9133 6.4629 2.8213 -0.0935381 0.104136 -0.990155 190 129 76
0.2332 6.3513 3.8404 -0.528714 -0.0423071 -0.847745 142 131 87
6.7185 3.6994 1.3063 -0.549333 0.226464 -0.804331 172 135 112
2.6976 -2.2438 2.983 -0.542357 0.0245006 -0.839791 148 139 70
0.1666 -1.2575 3.8681 -0.637088 0.0987399 -0.764441 142 102 74
-5.3504 -6.2147 1.8499 0.63612 0.202489 -0.744547 157 145 103
-4.1534 2.6135 2.3167 0.395776 -0.028022 -0.917919 160 143 96
7.8224 -7.3264 0.9315 -0 -0 -1 173 160 124
2.1841 4.4077 3.1106 -0.511403 0.103917 -0.853035 143 135 87
3.408 -4.1717 2.656 -0.505891 -0.133765 -0.852162 159 147 81
7.6817 7.0684 0.838 -0.43892 0.194271 -0.877273 161 148 123
3.4047 5.4533 2.6581 -0.498824 0.0094755 -0.866652 165 137 69
-6.6776 7.0729 1.3156 0.659502 -0.0752139 -0.747931 168 148 104
5.3131 -6.7296 1.8272 -0.467969 -0.0525881 -0.882179 161 142 107
-4.0544 -2.35185 2.43365 0.452165 0.0286865 -0.891473 146 140 84
7.9451 1.2566 0.8961 -0.665478 0.183739 -0.72345 185 167 110
7.2357 0.2936 1.1102 -0.344717 0.123694 -0.930521 163 137 111
6.9314 -5.6047 1.3186 -0.0662461 0.19414 -0.978734 166 138 101
5.7869 3.7326 1.6718 -0.4039 -0.404626 -0.820453 165 151 106
-5.4171 5.2231 1.8663 0.1513 0.362411 -0.919656 144 131 95
0.5636 -5.0635 3.8234 -0.571518 0.12873 -0.810429 135 140 80
1.8269 -7.3145 3.2122 -0.425744 -0.132013 -0.895162 142 147 83
-3.5842 -2.3623 2.5412 0.276072 0.0984397 -0.956083 154 149 92
5.9427 6.4736 1.5804 -0.579862 -0.388201 -0.716282 163 149 96
-2.6318 -3.0072 2.8719 0.541938 -0.472865 -0.694768 162 131 97
6.8119 -3.9361 1.3379 -0.190804 -0.897355 -0.397928 171 136 122
3.9496 -0.8028 2.417 -0.472468 -0.541431 -0.695432 152 137 94
1.9534 3.4789 3.1848 -0.542572 0.127913 -0.830213 151 146 86
1.3622 2.0156 3.3851 -0.989709 -0.127552 0.0648567 151 116 89
-7.6817 2.3159 0.9241 0.0703029 0.293784 -0.953283 155 151 104
-5.6005 2.8108 1.7539 -0.530148 -0.294033 -0.795291 156 127 113
7.8279 5.0371 0.8885 -0.206065 0.0523706 -0.977136 164 125 110
-6.28 2.7241 1.3917 0.619159 0.00196303 -0.785263 167 154 118
-2.0317 -3.1108 3.1605 0.943515 0.320729 -0.0831382 138 104 89
0.6199 -4.6713 3.8134 -0.187078 0.931255 0.312676 144 135 62
-6.6556 3.5835 1.3226 0.544635 -0.2534 -0.799475 172 158 121
7.1962 4.1139 1.1835 0.671356 0.372043 -0.640987 186 145 108
4.2861 2.4984 2.2381 -0.424889 -0.368436 -0.826876 156 143 79
-5.5007 4.8882 1.8073 0.463623 0.267879 -0.844568 162 143 99
-1.8994 -1.5063 3.2281 0.305447 -0.0897524 -0.94797 154 141 53
-7.3514 2.5254 1.0619 -0.0491854 0.258284 -0.964816 172 148 114
-4.7394 -0.5619 2.0877 0.655392 -0.377015 -0.654463 178 147 96
-6.6349 -5.9552 1.3189 0.463414 -0.185736 -0.866458 160 152 103
-0.8785 7.6961 3.6051 0.365368 0.020894 -0.930629 154 132 100
-4.5726 -2.6117 2.1387 0.285998 0.300135 -0.910013 164 162 94
1.2244 -0.2648 3.4775 -0.310718 0.17776 -0.933732 149 144 71
-1.8889 3.1784 3.228 0.403555 0.440272 -0.802062 150 129 87
2.5868 1.8384 2.8766 -0.923095 0.250153 -0.292093 141 142 78
0.3164 -3.008 3.821 0.763393 0.328033 -0.55644 157 126 79
6.899 -5.2975 1.27725 -0.62395 -0.127643 -0.770969 166 151 104
-0.8509 -6.3772 3.6532 0.167895 -0.0653513 -0.983636 136 149 75
-0.6591 1.8868 3.7945 0.38813 0.0014491 -0.921603 150 116 65
-3.6515 4.563 2.4948 -0.899618 -0.272566 -0.341168 167 131 90
7.661 -5.3677 0.8855 -0.532647 0.132414 -0.835915 171 132 121
5.8552 4.4207 1.6465 -0.237708 0.22123 -0.945808 173 149 106
-3.8429 -7.7332 2.5595 -0.576526 0.378363 -0.724195 157 141 88
-2.9299 -0.6511 2.7509 0.477035 -0.0856996 -0.874696 142 117 98
4.3518 -0.2715 2.2362 -0.392834 -0.154561 -0.906528 164 143 101
3.11 2.0108 2.7598 -0.839997 0.500736 -0.208968 157 137 79
-0.417 -2.5557 3.792 0.209931 0.00875223 -0.977677 117 124 70
-1.9992 -0.8179 3.1962 0.0572485 -0.795656 -0.603037 140 138 85
-0.9913 -0.8757 3.4729 -0.0360358 -0.14623 -0.988594 142 114 88
-1.5097 -2.3829 3.4732 0.741672 0.554456 -0.377494 139 130 67
4.1193 -6.9775 2.3135 -0.446336 -0.234468 -0.863602 167 143 100
6.5187 5.4343 1.4178 -0.605236 0.121967 -0.786647 176 146 119
3.6065 -7.4128 2.6887 -0.0842617 0.464439 -0.881587 158 131 115
5.1896 -7.5296 1.8984 -0.330777 0.90873 -0.254551 154 142 100
3.0327 3.7481 2.7639 -0 -0 -1 153 142 86
4.8244 -3.9296 2.063 0.0216994 0.702152 -0.711697 153 145 107
4.6569 -0.6067 2.1794 -0.436768 0.214965 -0.873512 163 151 113
-1.7957 7.0509 3.2518 0.281659 -0.0886613 -0.955409 141 122 100
1.4945 -5.7531 3.3761 -0.372808 -0.0636425 -0.925723 146 112 84
5.388 4.3539 1.891 -0.281605 -0.19287 -0.939947 156 143 100
-4.553 -5.5985 2.1639 0.36352 0.217818 -0.905764 166 137 89
7.2449 5.1278 1.1263 -0.366136 0.161875 -0.916374 173 143 110
3.8023 -0.2064 2.5529 -0.420506 -0.00912104 -0.907244 156 145 91
2.5819 3.352 2.9623 0.0269358 -0.0634136 -0.997624 153 106 76
1.9998 -5.5397 3.1594 0.169719 0.632377 -0.755841 157 133 72
-3.4738 6.2411 2.6468 0.316346 -0.0848742 -0.944839 143 144 108
4.90285 6.9574 2.0414 -0.463371 -0.247565 -0.850881 150 142 88
-5.0925 0.8325 1.9587 0.71132 -0.343676 -0.613115 154 127 113
-3.1755 -7.2235 2.7298 0.54633 0.0274826 -0.837119 149 150 77
3.1778 6.9645 2.6971 -0.821602 0.483085 0.302653 152 122 73
1.3271 -4.5359 3.4969 -0.178068 0.378908 -0.908141 152 146 83
-7.8602 -1.9841 0.8305 -0.569093 -0.356116 -0.741158 160 153 111
6.8778 7.1885 1.2614 -0.587625 -0.1043 -0.802383 172 149 118
-5.9546 1.1147 1.6664 -0.0504591 -0.312272 -0.948652 158 139 106
6.8952 0.782 1.1698 -0.451178 -0.324242 -0.831448 163 147 111
4.6162 6.7158 2.2398 0.61048 0.37152 -0.699491 161 127 106
-0.0095 3.3271 3.966 -0.247378 -0.431035 -0.867763 126 138 70
-0.7695 6.781 3.7355 0.365023 0.75806 -0.540466 143 136 82
-0.0553 4.3889 4.0393 -0.704667 -0.400484 -0.585711 140 144 76
-7.4753 7.1591 1.0114 -0.480296 0.375066 -0.792869 172 167 125
-7.6294 -4.4118 1.0031 0.536256 0.142434 -0.831951 170 155 109
-1.0174 -1.1991 3.5716 0.616634 -0.396268 -0.680246 150 123 86
-1.0171 -3.1504 3.4969 -0.345864 -0.908337 -0.235163 132 122 80
1.7813 -3.928 3.2256 -0.177547 -0.396339 -0.900773 146 150 70
3.7466 -5.7217 2.4777 -0.586365 -0.105805 -0.803107 168 134 102
-6.715 7.3925 1.2565 0.549854 -0.132562 -0.824674 167 153 111
3.4728 6.5262 2.6288 -0.690109 0.22988 -0.686225 181 134 98
4.322 -1.9562 2.2785 -0.323409 0.482563 -0.813966 153 141 103
-0.2035 1.5853 3.9565 0.343647 0.0619737 -0.937052 136 137 70
-1.0553 6.6656 3.5868 -0.342148 -0.878433 -0.333603 151 120 72
-7.3324 3.5081 0.9962 0.0947197 0.515151 -0.85185 181 160 108
-5.3011 6.3205 1.8469 0.347371 -0.248738 -0.904137 165 150 94
0.7877 -5.1571 3.7337 -0.693462 0.124117 -0.709722 140 124 72
0.1651 -7.4714 3.9278 0.0427138 0.698838 -0.714004 138 131 68
0.7471 -3.8884 3.6721 0.0686241 -0.459553 -0.885495 147 144 79
-5.9473 -7.4803 1.5841 0.25376 -0.474111 -0.843104 164 157 113
5.7875 5.0935 1.6816 -0.258307 0.0949031 -0.96139 159 156 98
6.1008 -4.5218 1.6098 -0.136043 0.0791879 -0.987533 149 151 93
4.388 -6.5137 2.2357 -0.487806 0.148763 -0.860183 152 139 91
-1.28 -4.545 3.4857 0.629471 0.0737176 -0.773519 141 127 64
4.3984 4.9986 2.2201 -0.442997 -0.266478 -0.856004 152 139 103
5.9589 -4.6063 1.6033 -0.313271 0.160722 -0.935965 174 134 88
3.1634 -6.4132 2.7058 -0.414672 -0.190852 -0.889732 160 129 88
-6.251 0.5056 1.4772 0.13244 -0.478153 -0.868233 167 134 109
-1.0131 -6.284 3.5589 0.222292 -0.0981014 -0.970032 139 125 73
-3.8514 -4.4831 2.4183 0.237716 0.18551 -0.953455 176 146 100
-7.5098 -4.0438 0.987 0.182078 0.205498 -0.961571 173 142 106
5.7078 -7.4817 1.6833 -0.655777 -0.0619102 -0.752412 162 149 99
1.4867 7.5064 3.4625 -0.385057 -0.148514 -0.910865 157 120 78
-4.978 -6.6669 1.9978 0.286143 0.27345 -0.918339 161 151 95
1.3616 -1.1568 3.5001 -0.618754 -0.163971 -0.768282 149 155 65
1.141 6.3389 3.5644 -0.316361 -0.0946564 -0.943905 152 142 70
1.9677 3.3608 3.2546 -0.416214 0.238531 -0.877421 146 132 71
6.8078 -0.0918 1.3068 -0.290237 -0.104852 -0.951193 175 169 91
-3.0052 -0.7321 2.8375 0.444827 -0.146329 -0.883582 150 145 93
-3.0558 5.4786 2.7121 0.234354 -0.133091 -0.962998 160 155 85
2.88 3.3772 2.8448 -0.613812 0.29295 -0.733086 152 139 83
6.5422 6.2844 1.4571 -0.750251 -0.0217296 -0.660796 173 138 113
6.6583 5.5419 1.2935 -0.42502 0.459641 -0.7798 184 160 106
5.1579 3.1762 1.9979 -0.607276 0.111512 -0.786627 161 143 107
-6.705 3.0433 1.338 0.518261 -0.106902 -0.848515 151 147 121
6.065 3.9558 1.5726 -0.595087 0.0680544 -0.800774 152 148 106
-4.2663 0.0045 2.233 0.738032 -0.172155 -0.652435 164 165 94
-3.7025 5.1954 2.5104 0.0866118 0.402631 -0.911256 151 134 86
2.7069 3.1257 2.9637 -0.207958 -0.0699133 -0.975636 146 140 78
6.9194 -5.3575 1.2891 -0.522744 -0.240497 -0.817863 186 141 93
-1.4038 -6.1883 3.4469 0.753756 -0.142402 -0.64154 156 135 82
-5.6255 -7.614 1.6712 0.291114 -0.0491487 -0.955425 160 130 100
0.9645 -6.5053 3.6318 0.0527157 -0.995121 -0.0833965 153 116 82
-0.3767 -0.6865 3.8176 -0 -0 -1 149 124 86
0.9729 6.2755 3.6431 -0.301078 -0.213142 -0.929474 135 110 86
-6.6267 -7.2896 1.3471 0.419066 0.0184375 -0.907769 157 167 123
-5.8058 6.8502 1.7588 0.987764 -0.110169 -0.110387 177 141 115
1.5037 6.5854 3.3247 -0.504414 -0.627686 -0.592939 144 128 78
-6.4182 0.8453 1.4728 0.15608 0.31244 -0.937027 158 147 114
3.0951 7.144 2.8103 -0.669477 0.662961 0.335088 157 126 81
7.5407 -6.055 0.9806 -0.319613 -0.11121 -0.940999 178 152 120
5.6913 -0.6843 1.7456 -0.667868 -0.469837 -0.577239 152 141 97
-1.5524 -3.5877 3.3422 0.439809 -0.0829846 -0.894249 157 128 72
-3.7531 -6.7496 2.5326 0.576922 -0.768283 -0.277311 153 151 86
3.6862 7.4571 2.4453 -0.782516 0.0433009 -0.621123 168 135 81
2.1509 -0.8336 3.2098 0.35931 0.623928 -0.693982 141 116 75
0.0267 0.3714 3.9953 -0.0461277 -0.172365 -0.983952 153 127 68
-3.0524 5.8858 2.8276 0.39214 -0.0151838 -0.91978 157 133 94
6.2888 7.0797 1.4929 -0.572474 -0.17012 -0.80208 169 147 94
-1.523 3.9723 3.3926 0.497894 -0.0613951 -0.865062 147 134 71
-2.9949 1.4785 2.7092 0.565106 -0.0229875 -0.824698 150 144 104
-5.3247 -7.8464 1.8902 0.628388 0.0481152 -0.776411 172 134 100
-4.7199 2.2164 2.1393 0.378081 0.867852 -0.322316 147 147 96
3.467 2.26 2.5492 0.105932 -0.552857 -0.826516 153 123 88
-6.9323 7.0899 1.2384 0.127906 -0.0438708 -0.990815 167 143 112
-0.4914 2.9091 3.7815 0.209909 -0.043631 -0.976747 124 135 81
-5.5145 2.2149 1.7641 0.112963 0.61244 -0.782405 164 150 109
2.9362 0.8726 2.8808 -0.69878 0.518929 -0.492362 162 129 96
4.8392 6.8349 2.0544 -0.492677 -0.187619 -0.849746 161 144 86
-7.4573 -7.3859 1.0909 0.472449 -0.874717 -0.107996 171 154 116
-7.6234 -0.3278 0.9346 0.236461 -0.228254 -0.94445 184 150 110
6.5436 -6.0365 1.4 -0.207607 -0.366347 -0.907022 167 150 107
1.7512 -7.5241 3.2144 -0.581921 -0.138918 -0.801292 148 140 68
1.8861 -4.3687 3.2088 -0.477217 -0.0862905 -0.874539 149 160 104
3.9946 -7.2048 2.4093 -0.612286 0.307906 -0.728217 148 138 93
-5.9003 -5.2551 1.6187 -0.120321 0.112551 -0.986334 153 139 94
-7.88 2.0169 0.8446 0.263253 -0.0372254 -0.964008 166 143 119
-7.475 1.3581 1.0251 0.373446 0.128989 -0.91864 153 167 106
2.4116 3.9702 2.9909 -0.674023 0.312245 -0.669474 144 129 93
2.8183 1.5759 2.847 -0.640963 -0.0369134 -0.766683 147 144 64
7.7036 4.3069 0.8977 -0.37174 0.0146104 -0.928222 175 145 104
1.831 -5.4335 3.1936 0.172937 -0.648722 -0.741116 145 151 82
-6.2971 0.285 1.5471 0.654247 -0.121793 -0.746409 172 156 111
6.9383 -1.0086 1.156 -0.867807 -0.495841 -0.0324379 172 159 123
-6.3162 -6.4673 1.4525 0.254347 0.148176 -0.955694 172 153 94
7.6647 -3.3588 0.9698 -0.587081 -0.00314146 -0.809522 166 151 124
-7.5926 6.787 0.8955 -0.568456 0.0740863 -0.819371 174 158 124
-5.5158 -6.2693 1.7345 0.0871482 -0.224219 -0.970634 165 149 99
-2.1939 -2.7528 3.1801 0.340977 -0.101833 -0.93454 150 141 83
-4.8124 -1.3398 2.137 0.586736 0.246499 -0.771349 157 129 99
2.3662 -1.8416 3.0845 -0.696408 -0.065734 -0.71463 152 143 81
-5.5114 1.528 1.8269 -0 -0 -1 162 152 105
-1.6526 -5.9139 3.2732 -0.219896 -0.515593 -0.828137 141 138 72
-2.2243 -1.1544 3.0873 0.195095 -0.349096 -0.916553 121 129 85
5.0318 3.4264 1.9823 -0.121792 -0.110201 -0.986419 152 130 86
4.4564 -4.8988 2.2052 -0.378816 -0.177845 -0.908224 168 146 103
-6.1512 -2.6376 1.5581 0.422666 0.0574573 -0.904462 161 155 103
5.9689 2.7206 1.5473 -0.524255 0.00503419 -0.851547 163 154 100
-7.3644 2.5747 0.9994 0.251876 0.209786 -0.944748 169 171 100
0.0458 -4.433 3.9927 0.0250549 0.533876 -0.845191 132 134 78
2.4026 3.1169 2.9949 -0.377384 -0.0749525 -0.923019 148 134 81
-7.0556 -2.8294 1.2085 0.317361 -0.461391 -0.828493 181 142 113
1.5218 -5.7058 3.3878 -0.291906 -0.116845 -0.949283 140 142 60
7.3243 -0.0711 1.1177 -0.233569 -0.00677286 -0.972317 169 158 118
6.0236 2.9278 1.5647 -0.733154 0.157129 -0.661661 170 148 109
6.2033 -7.6415 1.5328 -0.421514 0.124919 -0.898176 163 164 108
4.2048 4.6723 2.3475 -0.375267 0.0676423 -0.924445 162 156 95
5.0159 1.5992 1.9746 -0.702284 -0.0713288 -0.708315 171 151 104
-0.6441 6.029 3.7242 0.405569 0.209438 -0.889747 150 144 81
-7.4297 -5.8248 0.98 0.0806641 0.157507 -0.984218 178 170 114
-3.0004 1.2647 2.8333 0.52108 0.109519 -0.846452 157 139 90
4.951 6.8118 2.0505 -0.326492 -0.352975 -0.876819 150 132 95
2.6279 -3.8545 2.9393 -0.236165 -0.0693237 -0.969237 146 146 101
6.8804 2.2435 1.2908 -0.414497 -0.542457 -0.730707 164 158 91
5.4418 -2.4793 1.8288 -0.299404 0.369045 -0.879865 154 130 100
2.6185 -0.837 2.9511 -0.310259 -0.174437 -0.934511 158 134 92
-7.472 -2.3684 0.9952 0.652503 -0.246223 -0.716669 153 152 98
-5.9592 7.8974 1.5769 -0.0491135 0.706573 -0.705934 173 141 96
3.7985 -7.4769 2.5301 -0.136128 0.292181 -0.946625 152 130 97
4.2162 1.2458 2.2836 -0.134636 0.261486 -0.955771 162 151 91
4.8983 6.9619 1.9996 -0.463371 -0.247565 -0.850881 148 149 97
6.8356 -7.7055 1.2645 -0.59781 0.0983427 -0.795583 183 161 111
-7.7079 -4.8694 1.0363 0.596477 0.133518 -0.791447 181 168 107
-3.7593 -5.3142 2.5304 0.735617 0.0836747 -0.672209 163 155 98
0.0228 0.2816 3.8937 -0.0403486 -0.0972533 -0.994441 139 137 81
-3.929 6.5743 2.4411 0.426337 -0.219709 -0.877476 153 147 85
-1.1109 1.4622 3.57715 0.2253 -0.969758 -0.093854 156 119 77
2.5337 2.4717 2.9573 -0 -0 -1 148 137 72
-7.3806 -4.1735 1.0311 0.557903 -0.0244077 -0.829547 168 164 106
5.3497 -4.3466 1.7858 0.0191559 0.0183243 -0.999649 160 138 129
-3.2688 -1.8629 2.7249 0.936799 -0.0352073 -0.348092 159 121 91
-1.4669 -1.1889 3.3957 0.136464 -0.32587 -0.935514 141 135 85
-3.9322 -4.5469 2.4754 0.30296 0.219313 -0.927425 158 151 90
-3.927 5.6513 2.4679 0.199038 -0.0404337 -0.979157 144 152 92
5.8394 6.62 1.7069 -0.822583 0.129752 -0.553644 152 140 117
2.8837 1.4157 2.8701 -0.874316 -0.398344 0.277297 150 138 74
-7.9719 -3.6927 0.8957 -0.317798 -0.0731783 -0.94533 167 150 122
5.129 5.5507 1.9925 -0.698085 0.49958 -0.51293 174 133 105
2.9055 -2.6771 2.8566 -0.627981 0.118354 -0.769176 161 131 86
6.848 -3.8887 1.2137 0.118034 -0.781386 -0.612784 175 155 98
5.3381 -6.1221 1.8198 -0.437964 -0.334328 -0.834513 165 159 93
-3.3199 -1.8545 2.5937 0.936799 -0.0352073 -0.348092 160 128 67
-5.3006 -5.2754 1.8595 0.191198 0.226124 -0.95515 163 128 101
1.5979 -7.5424 3.3444 0.180319 0.375952 -0.908925 134 144 79
0.8066 5.2358 3.7636 -0.802324 -0.190931 0.565527 144 124 90
-7.0437 -2.4646 1.2684 -0 -0 -1 160 144 106
-2.3505 0.3675 3.073 0.14404 -0.276686 -0.950104 161 125 65
-2.5686 7.3152 2.9816 0.496131 -0.265006 -0.826817 155 134 90
5.0945 -3.5685 1.9778 -0.0950797 -0.288397 -0.952778 165 138 110
-6.9674 -5.2059 1.2591 0.173279 -0.0319457 -0.984355 176 144 129
-1.2584 5.7342 3.494 0.610033 -0.183016 -0.77095 149 145 87
2.4181 4.0982 3.0323 -0.239853 0.107715 -0.964815 146 142 90
7.6723 -5.4375 0.9116 -0.371573 -0.166925 -0.913274 179 148 117
-6.8977 -7.636 1.1761 0.172355 -0.495905 -0.8511 180 154 114
0.8441 1.9829 3.5913 -0 -0 -1 143 131 92
-5.5421 -6.4538 1.7986 0.446459 -0.283698 -0.84864 176 142 107
-2.5315 6.9311 3.0786 -0.487233 -0.145344 -0.861092 151 127 85
-4.0408 -7.0542 2.433 0.143125 0.116446 -0.98283 159 136 89
1.1818 1.3715 3.5625 -0.243445 -0.392593 -0.886908 130 136 74
-0.1441 -3.0542 3.9895 0.370782 0.101473 -0.92316 131 130 76
-1.886 -2.7472 3.2364 0.567028 -0.294341 -0.769313 161 106 79
0.099 -6.4109 3.9872 -0.355733 0.108908 -0.92822 143 111 67
6.0335 4.7214 1.5656 -0.705902 -0.659217 -0.259105 167 148 125
5.981 0.0272 1.5789 -0 -0 -1 167 134 102
4.746 -6.8668 2.1046 0.0591041 0.251475 -0.966057 161 150 106
6.2485 2.0589 1.4908 -0.927907 -0.117226 -0.353902 170 148 74
-6.0405 -7.6608 1.5602 0.627997 -0.595632 -0.500841 160 138 118
-5.3657 -6.4322 1.8416 0.402653 -0.378062 -0.83363 167 149 99
1.2984 4.5749 3.497 0.0204634 0.158889 -0.987084 154 130 90
7.3598 6.791 1.0826 -0.146685 -0.0537492 -0.987722 170 156 113
-6.5668 -2.0711 1.4012 0.619068 -0.155092 -0.769871 180 145 107
-4.3725 -3.1421 2.242 -0.111089 -0.264761 -0.957894 152 157 87
7.9009 -3.749 0.8355 -0.412948 -0.280015 -0.86664 168 164 114
-6.1189 6.2948 1.6096 0.40262 -0.118506 -0.907664 156 117 109
-4.747 0.4335 2.045 0.376381 -0.28406 -0.881843 163 152 93
-2.9573 -1.8711 2.8192 -0.0206419 -0.32225 -0.946429 148 143 93
0.2821 -1.9303 3.8937 -0.887008 -0.0959568 -0.451673 131 134 75
-4.2016 -2.1276 2.3091 0.289839 -0.0674019 -0.954699 158 138 105
4.4657 3.5136 2.177 -0.869208 0.0896086 -0.486259 145 162 99
-5.2969 2.0124 1.9079 0.404926 0.452999 -0.794246 162 141 106
-1.9767 6.3831 3.2175 -0.0765844 0.136815 -0.987632 150 126 94
0.5046 -0.1084 3.7473 0.136452 -0.186529 -0.972927 140 126 77
-1.7823 -5.7337 3.2625 0.391811 -0.915386 0.092481 181 132 78
-1.0436 0.7173 3.5588 0.504259 -0.128787 -0.853895 139 127 99
4.221 -6.0304 2.378 -0.486963 -0.527493 -0.696145 132 141 86
1.2164 0.4674 3.4989 -0.0460885 0.184428 -0.981765 134 134 89
-4.4872 4.8474 2.1639 0.336021 0.170316 -0.926327 154 163 97
-2.7515 5.6658 2.8717 0.642659 -0.259165 -0.720988 150 137 85
3.7167 -5.4894 2.5988 -0.461113 -0.0110433 -0.887273 152 132 90
2.792 6.6801 2.7985 -0.910527 -0.19963 0.362061 152 132 94
-7.5254 0.7393 0.9353 0.0171859 -0.28109 -0.959528 171 147 110
4.7784 3.9901 2.1379 0.00929305 0.0585401 -0.998242 159 133 97
-5.9582 2.7181 1.6582 0.0777582 0.109884 -0.990898 161 159 113
-7.1079 5.7258 1.2037 0.671102 -0.512387 -0.5358 162 142 112
-2.8609 -2.9324 2.8638 0.422073 0.0609123 -0.904513 147 148 80
7.6812 -5.1936 0.9565 -0.292268 -0.119552 -0.948835 171 173 112
3.4477 -5.9144 2.549 -0.52657 -0.0492153 -0.848706 154 127 107
1.2636 -2.6395 3.4873 0.173158 -0.33692 -0.925474 159 155 69
0.294 0.3362 3.8334 -0.44375 -0.138763 -0.885342 128 134 67
-4.0421 -7.1135 2.451 0.11822 0.125921 -0.984971 164 128 99
-6.5668 4.2382 1.313 0.244864 0.353675 -0.902749 166 158 95
6.7901 -4.3457 1.3084 -0.3028 -0.230386 -0.924789 178 164 110
2.6202 0.8843 2.9219 -0.397892 -0.0124707 -0.917348 153 136 104
7.5891 -0.4777 1.0561 -0.340701 -0.89176 -0.297803 170 165 117
2.8133 -0.2591 2.8543 -0.374489 0.661165 -0.650092 146 133 93
3.5584 7.4638 2.624 -0.522916 -0.0605057 -0.850234 140 143 90
6.548 -2.8386 1.463 -0.134578 0.0573116 -0.989244 170 149 100
-5.5943 4.933 1.7638 0.57851 0.0570004 -0.813682 172 145 95
-7.9491 3.3236 0.7802 0.985943 0.108494 -0.127063 159 141 114
3.1091 6.2417 2.746 -0.397802 -0.119396 -0.909669 162 154 93
5.3294 -3.5238 1.7746 -0.941822 -0.323642 0.0907099 158 140 84
-2.172 6.5843 3.1934 0.767344 0.535147 -0.353273 166 131 77
6.3138 -7.7131 1.4315 -0.421763 0.648739 -0.633446 175 152 116
6.4681 3.4624 1.386 -0.779298 0.175564 -0.601558 159 144 114
-5.9763 1.326 1.6132 -0.0710484 -0.42129 -0.904139 160 157 90
3.9916 4.2983 2.5261 0.0361718 -0.382473 -0.923258 162 141 87
3.4728 -7.7088 2.5382 -0.482973 -0.426804 -0.764576 142 146 84
0.6924 5.7571 3.8181 -0.0179068 0.0698476 -0.997397 151 127 64
5.2204 1.1505 1.8183 -0.583998 0.501083 -0.63864 154 145 110
5.7139 7.6247 1.6547 0.0461694 -0.0245781 -0.998631 156 160 110
5.0033 2.4594 1.9981 -0.62154 -0.278688 -0.732134 157 135 107
7.476 -0.0094 0.9944 -0.583865 0.255262 -0.770677 147 152 129
-1.0136 -2.8096 3.5086 0.415192 -0.282987 -0.8646 139 125 95
5.1493 6.8718 1.9918 0.616182 0.702495 -0.35612 155 157 87
2.6038 7.9439 2.9455 -0.727265 0.171636 -0.664549 129 134 95
4.5349 -4.2932 2.1109 0.791328 0.534558 -0.296729 159 161 94
2.7474 -3.3832 2.8689 -0.992224 -0.122716 -0.0207902 153 129 98
3.4472 -6.9392 2.5661 -0.457413 -0.111164 -0.882279 144 142 89
-4.686 -2.8706 2.1079 0.67926 -0.162596 -0.715659 162 142 103
5.0999 -5.2331 1.9902 -0.395728 0.294194 -0.869971 181 165 101
-0.3585 -3.1385 3.931 0.468638 -0.185602 -0.863672 144 125 78
0.3026 -0.1454 3.8638 -0.624419 0.461797 -0.629955 143 126 75
0.9067 2.2926 3.6273 0.190991 0.00330919 -0.981586 134 133 73
-3.3481 2.1757 2.7004 -0.187781 -0.300344 -0.935164 160 132 99
7.714 0.1706 1.0043 -0.464502 -0.298527 -0.833738 171 157 113
7.7624 7.0343 0.8645 -0.558426 0.288689 -0.777701 148 164 116
7.7485 -5.2511 0.9677 -0.439552 0.0845368 -0.89423 155 158 118
-7.4421 7.177 0.9291 -0.480296 0.375066 -0.792869 182 150 115
0.9125 -2.0526 3.6394 -0.015336 -0.41269 -0.910742 156 131 72
-5.9043 3.7596 1.5583 0.956193 -0.245939 -0.158772 163 140 109
1.3894 2.4508 3.4041 -0.109524 -0.196313 -0.974405 138 130 84
-5.0275 -3.3286 2.0141 0.689246 0.612071 -0.387696 171 135 106
-4.5349 2.388 2.0502 0.309486 0.274102 -0.910542 143 142 94
3.4252 -4.8861 2.5916 -0.619231 -0.0820561 -0.78091 158 153 100
-0.9745 -3.234 3.6369 0.440496 0.0407943 -0.896827 129 153 72
-1.4389 -0.9879 3.4309 0.305374 0.108429 -0.946039 154 125 69
0.2608 0.645 3.8602 -0.817302 0.294202 -0.495443 137 122 71
5.6446 6.7321 1.7338 -0.312385 -0.135226 -0.940281 167 152 100
6.2482 -2.9046 1.585 -0.398871 -0.319576 -0.859519 166 156 112
2.3047 -5.3149 3.0735 -0.398489 -0.09467 -0.912274 142 121 82
-3.6501 0.9847 2.5339 0.276101 0.066069 -0.958855 159 139 102
-5.4339 -3.9346 1.8157 0.410883 -0.0715275 -0.908878 148 142 99
-2.6553 -1.1142 2.938 0.446347 -0.203639 -0.871381 148 140 84
5.4994 -6.6222 1.8251 -0.381202 0.146409 -0.912825 175 148 106
2.6614 -2.3891 2.9841 -0.0922801 0.353195 -0.930988 148 134 105
-2.8565 3.3575 2.8046 0.522799 -0.172674 -0.834784 153 133 86
-5.7849 -1.016 1.6111 -0.332384 -0.0209024 -0.942912 164 151 105
-7.0473 -5.0963 1.1716 0.758662 0.64177 -0.112083 181 147 109
5.3767 -5.6592 1.8849 -0.131125 -0.46042 -0.877963 162 156 105
1.4376 -3.147 3.3583 -0.470022 -0.0717187 -0.879736 165 152 79
-2.7304 3.6845 2.9101 0.337757 -0.313801 -0.887383 147 152 97
-0.9893 -1.7305 3.5994 0.273187 -0.249134 -0.92914 148 119 90
4.4566 4.1779 2.1762 -0.456012 0.262439 -0.850399 140 143 103
-1.1706 -3.7934 3.5651 -0.667276 0.598751 -0.442991 151 133 77
-3.2226 -5.481 2.8132 0.442666 0.363213 -0.819831 138 132 101
6.6097 0.3259 1.4045 -0.339203 0.0022785 -0.940711 186 146 130
0.6108 2.4642 3.8044 -0.821161 -0.0446215 -0.56895 151 131 52
1.84 -1.884 3.2574 -0.348092 -0.144807 -0.926209 132 141 87
5.6778 5.2632 1.744 -0.311233 -0.0979059 -0.945277 151 141 113
1.886 5.3785 3.2789 -0.461153 -0.0305303 -0.886795 146 145 89
1.8736 7.699 3.2536 -0.73085 0.363703 -0.577562 150 125 90
5.4481 -4.0706 1.7923 0.0565566 -0.366637 -0.928644 157 150 101
-1.217 -1.1039 3.6099 0.853632 -0.479736 -0.202895 149 119 94
-0.8741 3.0134 3.5754 0.716047 0.253241 -0.650497 152 142 76
3.969 6.2652 2.4267 -0 -0 -1 142 128 94
2.7472 -6.0244 2.8887 -0.494978 0.206531 -0.844003 165 126 76
0.9541 6.1491 3.6284 -0.109948 -0.0834352 -0.990429 151 127 70
5.9261 -3.0914 1.5674 -0.442876 0.216989 -0.869929 159 132 99
7.4039 -0.2575 1.0594 -0.576734 0.0941232 -0.811492 162 159 101
5.2863 -2.26 1.9403 0.0363518 -0.542889 -0.839018 143 167 99
6.6585 -0.7088 1.3477 0.0654782 -0.198714 -0.977868 166 156 101
5.049 -0.1276 1.9652 -0.123144 -0.138825 -0.982631 165 144 119
3.4064 -4.3449 2.6863 -0.619285 -0.0680085 -0.782215 163 132 72
5.5511 -5.7089 1.7181 -0.130388 -0.100477 -0.986359 158 150 116
-3.7941 5.168 2.5232 0.153783 -0.152923 -0.9762 166 139 75
-5.2383 -1.6312 1.8403 0.120409 -0.229028 -0.965944 162 146 94
7.2432 0.9007 1.2013 0.782803 -0.171698 -0.598113 165 146 102
-2.0987 -2.8779 3.146 0.33796 -0.0424202 -0.940204 142 128 72
-2.7536 2.5113 2.9089 0.08463 -0.200551 -0.976021 145 131 83
-5.9801 6.0373 1.6013 0.715257 -0.436292 -0.545945 146 135 102
-5.3978 2.6977 1.8734 0.579046 0.470548 -0.6658 167 130 95
0.6489 -1.5299 3.7307 -0.530233 -0.208678 -0.82177 148 112 101
-0.0711 4.5928 3.9846 0.531718 0.25501 -0.807618 126 146 62
-0.598 4.3103 3.7764 0.42296 -0.898485 -0.117602 131 148 65
-7.4429 -7.7482 1.0824 0.1121 -0.791297 -0.601068 158 168 110
-1.7276 -3.619 3.241 0.683818 -0.0370043 -0.728714 151 126 90
-4.0971 7.7509 2.3122 0.482788 -0.0352484 -0.875028 156 144 100
4.0344 7.5505 2.3368 -0.592487 -0.123758 -0.796017 158 136 87
-5.5669 -0.8801 1.6804 0.639381 0.087869 -0.763852 164 140 115
-2.4259 -2.1445 3.1673 0.51903 0.493572 -0.69785 151 145 78
-2.592 -7.1636 2.914 -0.228856 0.186075 -0.955511 135 118 99
4.4593 0.2168 2.1549 -0.452373 -0.115032 -0.884379 164 143 94
1.2252 -3.4217 3.5001 -0.528049 -0.00805384 -0.849175 152 114 74
-3.7278 0.2721 2.5683 -0.0265005 0.531703 -0.846516 145 135 90
-3.2427 -7.9464 2.6091 0.316668 0.768611 -0.55584 165 139 81
-6.825 6.4663 1.2565 0.180741 -0.0134835 -0.983438 165 129 132
1.2244 -1.2739 3.452 -0.480319 -0.233053 -0.845565 142 114 79
-7.8597 -1.3637 0.8635 0.42435 -0.152673 -0.892535 171 128 118
5.7896 -0.4333 1.7584 -0.71739 -0.079683 -0.692099 166 157 108
-0.878 1.6073 3.7052 0.409149 0.384181 -0.827649 165 122 69
-2.368 -6.8105 2.982 0.792629 -0.335313 -0.509219 162 127 92
-4.3232 5.0513 2.2414 0.692108 0.134271 -0.709195 157 116 109
7.0393 -4.8517 1.1677 -0.00484372 -0.0422432 -0.999096 173 153 106
-5.1973 0.2255 1.8155 -0.326884 0.254109 -0.910261 168 144 109
5.9697 -7.3961 1.6955 -0.50031 -0.0906687 -0.861086 167 155 103
3.6937 2.6358 2.5361 -0.279374 -0.0985506 -0.955111 144 140 92
0.2892 -1.8508 3.8753 -0.705512 -0.0271681 -0.708177 147 149 82
-3.1264 7.6233 2.7118 0.356682 0.0142623 -0.934117 134 142 100
-0.7454 1.9072 3.6616 0.822401 0.289832 -0.489546 131 148 79
-3.0473 6.2953 2.7169 0.366152 0.0906347 -0.926131 142 144 85
-0.5024 7.6258 3.8545 0.473435 -0.156208 -0.866867 150 138 61
-7.943 -5.0354 0.8316 -0 -0 -1 161 165 122
2.1495 -7.3534 3.209 -0.619963 0.0787751 -0.780666 153 120 95
7.1144 -6.2895 1.1737 -0.954912 -0.260246 0.142883 183 155 103
-0.2926 1.5313 3.7878 0.664146 0.45493 -0.593253 141 132 77
-2.3123 -7.3164 3.127 0.746928 0.503121 -0.434705 148 127 88
-2.6818 2.9904 2.9429 -0.0513645 -0.901869 -0.428945 150 148 96
-2.0323 0.725 3.2194 0.61896 -0.130021 -0.774585 156 145 72
-5.4294 2.317 1.8765 0.0225573 0.206747 -0.978134 152 158 77
2.4142 -2.5762 3.0138 -0.29846 -0.0881382 -0.950344 148 139 81
3.204 0.7716 2.7016 -0.291544 0.264403 -0.919289 146 136 110
1.4887 -4.5908 3.4119 -0.322304 0.124199 -0.938453 149 145 93
5.003 1.1383 1.9614 -0.119692 0.111632 -0.986515 164 147 92
2.7001 -6.6785 2.9199 -0.512297 -0.410765 -0.754204 150 138 78
4.2027 4.4829 2.298 -0.252969 0.251384 -0.934244 138 141 92
1.2273 4.4346 3.4709 -0.287165 -0.0465178 -0.956751 136 135 73
-4.8857 -0.7648 2.0377 0.587554 -0.697839 -0.409636 161 126 87
4.2847 3.7773 2.2527 -0.234399 0.0296228 -0.971689 147 149 103
-5.4742 7.461 1.6952 -0.270661 -0.889895 0.367192 156 122 101
-4.4023 -5.1092 2.1419 0.8175 -0.0652804 -0.572218 153 136 85
-1.3358 7.1871 3.4551 0.348451 0.0487558 -0.936058 148 132 75
6.1125 -1.356 1.5321 -0.135502 0.132265 -0.981909 170 158 116
2.5017 -6.0917 2.9215 -0.0780512 0.429485 -0.899695 159 150 91
-1.9182 7.7391 3.2597 0.380325 0.0167654 -0.924701 144 133 73
-5.9718 7.5495 1.5904 0.474183 0.296441 -0.829019 161 162 103
1.9504 -7.3856 3.2466 -0.26014 0.017525 -0.965412 149 136 74
-6.6598 2.4255 1.3154 -0.415633 -0.494163 -0.763578 155 140 106
2.1567 2.6693 3.2059 -0.148883 -0.12093 -0.981432 155 110 72
3.0396 4.4303 2.8746 -0.911442 0.189478 0.3652 158 139 78
-1.2129 5.8829 3.4686 0.313117 -0.0705662 -0.947089 148 128 87
-6.3452 6.4933 1.4405 0.304282 -0.0372527 -0.951853 172 146 91
3.5598 -5.9637 2.5148 -0.107522 -0.444575 -0.889265 159 125 81
-4.7528 -4.4983 2.0559 0.132897 -0.34077 -0.930707 165 140 93
-3.5967 5.6256 2.5896 0.162106 -0.00782322 -0.986742 135 155 90
-0.3414 7.2628 3.9083 0.292612 -0.167613 -0.941427 126 126 73
-3.4728 5.6917 2.6092 0.353454 -0.00801236 -0.935418 168 159 87
0.5165 -3.7395 3.8155 -0.0871206 -0.219105 -0.971804 138 114 83
-4.5225 0.4713 2.0539 -0.241681 -0.24138 -0.939854 154 150 122
-0.5106 3.7758 3.8043 0.204116 -0.28304 -0.937137 154 145 83
-2.1047 -1.1471 3.1255 0.440736 -0.257274 -0.859978 139 126 78
-7.3359 3.0392 1.0192 -0.181136 0.959664 0.215023 170 182 120
1.2494 -1.2852 3.5772 -0.428039 -0.0732421 -0.900788 150 136 72
1.9231 -6.0408 3.198 -0.0733347 0.215624 -0.973719 142 135 101
-3.9484 -3.5266 2.4219 0.117243 0.22655 -0.966917 163 138 95
-7.2057 -3.3813 1.034 0.3995 0.563048 -0.723448 164 137 119
1.2766 -6.2207 3.5786 -0.86912 -0.266951 0.416374 155 119 77
1.2429 -5.2418 3.4229 -0.221248 -0.88441 0.410936 147 118 81
-1.155 0.0967 3.5625 0.824362 0.0602396 -0.562849 133 111 77
-2.6614 4.7187 2.9698 -0.377259 0.10354 -0.920301 136 137 84
4.0438 1.4192 2.3644 -0.122873 0.151016 -0.980865 167 137 99
4.0431 -3.404 2.4206 -0.499205 -0.0871507 -0.86209 153 151 91
-3.8806 4.5366 2.5381 -0.535801 0.438439 -0.721587 167 151 87
-2.1195 -0.9152 3.2274 0.145217 -0.309257 -0.939825 148 137 84
-4.1019 0.964 2.3581 0.242954 0.112496 -0.963493 166 138 92
-1.5327 -0.8688 3.3851 0.279571 0.075827 -0.957126 147 150 101
-7.5845 -7.4123 0.9568 0.674538 -0.530363 -0.51353 160 135 122
-3.3888 6.3281 2.7303 0.250785 0.374875 -0.892511 161 138 81
-1.4542 -0.2541 3.3702 0.628742 0.0913208 -0.772234 147 131 74
0.8277 2.9592 3.6465 -0.369546 0.173117 -0.912944 134 121 70
-2.5459 0.5864 2.9997 0.0751571 0.286245 -0.955204 161 137 80
3.9751 -5.9066 2.3598 -0.524332 0.0501061 -0.850039 149 140 81
6.9476 -5.2373 1.1962 -0.447999 -0.440964 -0.77772 173 153 103
4.1437 2.7577 2.3511 -0.832363 -0.0902223 -0.546839 154 137 106
-0.6933 -1.6119 3.7612 0.598698 -0.296693 -0.743999 139 127 58
-3.4191 0.2157 2.5701 0.158987 -0.204195 -0.965934 152 148 102
-3.3163 -2.5691 2.6581 0.191736 -0.173517 -0.965986 143 129 83
1.6794 -6.2583 3.3811 -0.951898 -0.296065 0.0789681 149 108 82
6.447 2.3975 1.3605 -0.633706 -0.0250861 -0.773167 174 131 105
7.2653 -5.5009 1.1142 -0.958823 -0.221577 -0.17766 161 152 118
6.5768 -0.2276 1.3924 -0.443532 -0.352336 -0.824099 158 165 110
-3.712 6.0743 2.5344 0.968682 -0.155042 -0.193949 163 130 106
3.8568 7.7314 2.3888 -0.369026 0.285952 -0.884336 145 110 94
-4.0108 1.299 2.3813 0.660893 0.251835 -0.706965 169 141 77
-0.3635 6.3593 3.9554 0.503904 0.790998 -0.346991 155 107 84
3.1756 6.6455 2.7258 0.104333 0.23582 -0.96618 150 125 80
1.315 -4.2318 3.5712 -0.333018 -0.506143 -0.795562 140 147 52
5.2478 -6.8772 1.9436 -0.0436498 -0.394963 -0.91766 163 138 107
-4.0099 -3.0107 2.4015 0.266423 0.556432 -0.787021 171 148 103
-3.5521 -3.0663 2.5386 0.248942 0.339604 -0.907026 150 140 101
-6.3678 2.7635 1.3949 0.339936 0.861075 -0.378144 176 143 111
-4.1524 4.2039 2.3452 -0.212475 -0.617918 -0.756989 160 143 91
2.7138 1.0523 2.9826 0.102337 0.483432 -0.869379 155 132 88
-1.6447 3.5133 3.3057 0.45837 0.116531 -0.881089 153 134 80
4.128 -2.8694 2.3746 0.249971 -0.435584 -0.864743 151 151 105
-7.3027 6.5578 1.1048 0.386317 0.028709 -0.921919 170 165 100
5.0877 -4.0546 2.0329 -0.102163 -0.705655 -0.701152 152 152 111
7.4516 7.5227 1.0321 -0.493244 0.273644 -0.82573 169 171 125
5.076 0.7655 1.8939 -0.250311 0.0906107 -0.963916 154 154 110
-5.2038 0.4086 1.8293 0.964536 0.22324 -0.140833 165 156 92
6.2182 -7.315 1.5708 -0.518732 -0.167332 -0.838402 158 147 120
2.2696 1.9352 2.9772 -0.632519 0.385249 -0.67194 148 139 83
3.4258 -4.4378 2.5781 -0.542837 -0.384812 -0.74649 151 139 89
1.4688 3.416 3.431 0.713545 0.609795 -0.344971 162 126 91
1.0914 -3.838 3.576 -0.416992 0.286233 -0.862664 149 122 85
-1.5625 5.5343 3.4231 -0.00554352 -0.105672 -0.994386 157 148 73
5.7125 -0.4131 1.7222 -0.71739 -0.079683 -0.692099 163 139 135
6.0375 0.1414 1.7159 -0.723803 0.646708 -0.240578 150 151 99
-7.0302 -3.6432 1.1978 0.485387 -0.00966508 -0.874246 177 167 128
-6.3488 -0.9916 1.4693 0.306487 -0.211266 -0.928134 159 147 93
5.7822 -3.1519 1.6601 -0.617659 0.290979 -0.730636 172 160 111
-3.0838 7.5247 2.7595 0.542513 -0.0313423 -0.839462 150 117 108
-1.5912 -6.07 3.3069 0.297582 -0.305517 -0.904491 152 123 87
6.1626 0.2232 1.4361 -0.843944 0.521799 -0.124438 167 150 111
-0.4625 -4.1877 3.8342 0.275442 -0.205637 -0.939066 148 122 60
-5.6271 7.4293 1.6412 0.237549 -0.971041 0.0255045 158 159 93
4.673 0.9752 2.1818 -0.345022 -0.0705273 -0.935941 157 150 115
0.9521 3.9288 3.5809 -0.386839 -0.17559 -0.905275 140 143 72
-6.8101 7.1634 1.2019 0.231473 -0.0223321 -0.972585 180 153 111
6.5038 2.6956 1.4137 -0.348593 -0.329631 -0.877397 170 155 93
5.6208 1.1721 1.7507 -0.443853 -0.338356 -0.829765 152 156 88
-6.8466 -0.403 1.3417 0.425864 -0.203438 -0.88162 174 139 115
-6.2029 3.6925 1.4967 -0 -0 -1 148 150 117
4.1726 4.3374 2.3282 -0.785559 -0.0425356 -0.617323 167 150 96
6.1863 -1.4547 1.5412 0.0782086 0.013179 -0.99685 173 142 95
2.4609 6.7198 3.0504 -0.393571 -0.145702 -0.907674 155 137 83
-5.5561 5.843 1.8132 0.497473 -0.414922 -0.761814 163 135 108
-4.0221 4.9724 2.3741 0.355591 0.158148 -0.921164 172 134 120
-6.7473 5.4171 1.3374 -0.120057 0.367579 -0.92221 172 141 121
2.636 1.0482 2.9869 -0.33936 0.184753 -0.922335 147 133 84
1.9968 -1.8402 3.2108 -0.124428 0.21345 -0.968998 150 138 71
-1.9567 -2.1494 3.2392 0.534482 0.784431 -0.314637 131 134 78
6.168 -3.6667 1.5546 -0.471915 -0.0553775 -0.879903 159 146 110
-1.6672 7.4466 3.2654 0.848298 0.304206 -0.433415 152 126 68
6.5256 0.0652 1.3552 -0.634552 0.3494 -0.689394 175 144 113
2.335 3.3594 3.1385 -0.156481 -0.078662 -0.984544 125 127 85
-1.5289 -1.2447 3.4167 0.261471 -0.262153 -0.928929 151 131 84
-3.6952 -2.1775 2.5831 0.484649 0.312336 -0.817045 146 139 105
4.0044 1.0636 2.3622 -0.765213 -0.557325 -0.322239 156 145 60
-5.3192 1.3508 1.808 0.836378 0.090491 -0.540632 156 156 104
2.7213 -3.0407 2.917 -0.552069 0.0923195 -0.828672 142 112 82
-5.4863 2.1896 1.7705 0.421788 0.494193 -0.760176 141 160 101
6.4136 -0.9456 1.3788 -0.372245 0.390234 -0.842111 163 155 101
5.7169 2.5096 1.7012 -0.721878 0.0848293 -0.686801 148 142 120
6.3265 -5.0222 1.4549 -0.409358 0.0541821 -0.910764 181 157 126
-4.6745 1.9932 2.0709 -0.104267 0.484537 -0.868535 164 145 103
5.6404 4.9615 1.7831 -0.678625 0.211674 -0.703322 164 124 109
-5.618 1.1199 1.7453 0.406609 0.200172 -0.891404 153 148 102
6.6521 -6.9473 1.3497 -0.383205 0.384988 -0.839606 170 138 111
0.8609 0.0126 3.6616 -0.301076 -0.231343 -0.925113 139 117 75
1.5105 7.595 3.3589 -0.519921 0.841388 0.147474 157 121 91
-5.8756 -3.0593 1.752 -0.357208 0.687573 -0.632175 143 148 102
1.747 -3.201 3.3129 -0.343881 -0.220496 -0.912758 151 131 79
6.2983 0.7063 1.5127 -0.221452 -0.128376 -0.966684 171 158 116
-7.8309 7.6063 0.8793 0.718661 -0.0915837 -0.689303 162 157 119
-0.0571 -2.4906 3.9848 0.157271 0.170021 -0.97281 140 123 83
-2.5174 1.1932 2.9784 0.727564 -0.0781795 -0.681571 151 125 83
-5.8811 0.4345 1.667 0.429877 -0.135387 -0.892679 174 165 94
0.4031 -5.597 3.82 -0.759319 -0.15799 -0.631248 142 115 64
-2.8561 -1.6636 2.8639 0.184594 0.0668573 -0.980538 160 130 81
2.0234 0.2241 3.164 -0.515884 -0.345176 -0.784039 146 145 73
-5.1672 -3.1128 1.9606 0.489814 0.270357 -0.828848 165 148 97
0.9326 -5.2321 3.6397 -0.574182 0.0935196 -0.813369 153 128 62
-0.2779 6.272 3.8572 0.176876 0.0268409 -0.983867 138 122 70
-7.4197 -0.6859 1.0713 0.541811 0.336461 -0.770217 158 148 115
6.8908 3.3729 1.3461 -0.444718 -0.820284 -0.359667 169 156 104
1.8622 -1.7923 3.2138 -0.230581 0.136242 -0.963468 155 125 67
6.5246 3.6162 1.3575 -0.718952 0.364505 -0.591814 152 167 119
-2.1884 -2.2014 3.1643 0.486356 0.42698 -0.76233 151 116 89
-7.9351 6.978 0.8153 0.327487 0.0739019 -0.941961 166 155 100
4.2439 1.3042 2.4042 -0.146699 0.00605927 -0.989163 159 140 91
-3.4955 -1.2981 2.6263 0.760423 0.517035 -0.392978 153 132 111
3.3484 4.5162 2.6274 -0.418164 -0.125534 -0.899656 139 140 82
5.8708 -3.5854 1.6138 -0.388683 0.278156 -0.878382 171 141 100
5.9209 5.1757 1.6347 -0.257344 0.236852 -0.936843 165 142 109
0.3448 -4.454 3.8029 -0.133023 0.883069 0.449994 154 125 74
1.5938 4.5753 3.3339 -0.476914 -0.19943 -0.856026 162 115 86
-2.9042 -4.7311 2.8421 0.710088 0.660624 -0.24362 137 131 76
-2.2367 -7.7726 3.1076 0.356404 0.121002 -0.926463 141 122 82
-5.7084 1.4131 1.6787 0.588376 0.145627 -0.795366 184 147 102
0.4786 -7.4707 3.8234 -0.719862 0.567572 -0.399575 145 135 61
-6.1597 6.7384 1.4619 0.427306 -0.026471 -0.903719 162 164 122
-3.6308 6.7943 2.5935 0.245807 0.792167 -0.558614 142 154 104
-4.1893 -0.1342 2.3887 0.956753 -0.0265869 -0.289684 141 130 99
-1.1903 -4.872 3.5643 -0.52568 0.718823 -0.454921 155 122 86
-5.2537 7.7857 1.9626 0.809363 0.587249 0.00835846 149 152 118
5.0989 -5.7133 1.893 -0.174863 0.768152 -0.615927 173 151 115
4.9308 0.5006 2.008 -0.53848 -0.176883 -0.823864 149 131 77
-6.8783 -4.7916 1.2629 -0 -0 -1 169 150 110
6.4276 -1.8964 1.4398 -0.464172 -0.131215 -0.875972 171 148 115
7.4294 -6.3071 0.9754 -0.028723 -0.106832 -0.993862 178 155 116
2.8494 -2.5717 2.9562 -0.739686 -0.110435 -0.663829 170 128 95
7.275 2.0067 1.1041 -0 -0 -1 163 166 106
-6.5624 3.2752 1.4313 0.464917 -0.177112 -0.867458 184 142 100
4.0575 -4.7623 2.3553 -0.746822 0.445536 -0.493715 159 150 96
-0.6575 4.6872 3.6906 0.304758 0.274407 -0.912043 168 133 65
4.6078 -4.8952 2.1442 -0.182703 -0.167193 -0.968848 156 154 86
4.0594 2.1916 2.3489 -0 -0 -1 154 156 74
-6.8435 -2.4921 1.3128 0.231706 -0.384243 -0.893683 153 150 121
-5.9954 0.1909 1.6554 -0 -0 -1 153 151 117
-3.761 -3.3631 2.4375 0.299841 -0.0243933 -0.953677 152 138 96
-7.9509 -1.6088 0.8237 0.641096 0.0883389 -0.76236 174 173 129
4.6968 -5.2984 2.0837 -0.482658 0.142176 -0.864192 157 148 102
7.3775 4.4089 1.0137 0.0637251 -0.25857 -0.963888 149 161 127
1.7279 -3.4438 3.2971 -0.00739448 0.108329 -0.994088 156 129 76
-3.2812 6.1159 2.7146 0.507247 -0.128189 -0.852214 147 119 98
2.2648 -1.3736 3.1387 -0.424402 0.0535161 -0.903891 137 131 84
0.1275 -6.7814 3.7989 -0.693483 -0.679388 -0.23982 156 136 79
-5.6295 -2.3567 1.6958 0.204008 0.397808 -0.8945 159 134 89
1.5809 2.2702 3.3979 -0.770283 -0.192223 0.608041 151 128 87
-5.1483 -4.6993 1.9733 0.119011 0.138154 -0.983234 147 144 104
-6.7731 -7.3747 1.2409 0.54153 0.147766 -0.827593 176 123 117
-4.7427 -6.5872 2.0989 -0 -0 -1 164 145 110
6.6446 7.6985 1.362 -0.38866 0.226007 -0.893233 150 162 111
-6.7634 1.082 1.2034 0.463099 0.579401 -0.670696 176 165 107
5.0892 -0.1175 1.9684 -0.143335 -0.146996 -0.978697 156 123 90
-7.9808 -1.2818 0.7609 0.822562 0.245227 -0.513084 207 159 114
-7.898 4.1163 0.884 0.561896 -0.151607 -0.813196 150 151 105
-0.6036 -5.9385 3.8541 0.429603 -0.267359 -0.862532 152 135 81
-4.2911 1.1103 2.2429 0.495325 -0.0209761 -0.868454 176 144 106
-5.7797 4.111 1.7247 0.303676 -0.358446 -0.882778 166 155 124
-0.2827 3.8433 3.8659 0.554913 0.358818 -0.750547 128 125 75
-7.2708 -6.6595 1.1421 0.0181922 -0.520052 -0.853941 168 158 115
1.6147 7.6713 3.426 -0.631654 0.775059 0.0172167 137 144 87
6.6141 7.645 1.3818 -0.434222 0.142926 -0.889395 169 150 118
-2.7316 4.4502 2.8666 0.158183 0.203847 -0.966139 150 138 89
0.6949 4.5761 3.7071 -0.398236 -0.512335 -0.760869 143 128 69
7.1988 -5.0351 1.209 -0.560485 -0.0573582 -0.826176 193 162 98
-7.3301 2.2479 1.1336 -0.259522 0.768935 -0.584283 161 153 124
1.2841 -6.3631 3.425 -0.362532 -0.180592 -0.914307 122 131 73
6.8718 -3.5393 1.2298 -0.547208 0.306025 -0.779046 166 163 130
4.5546 -6.1682 2.1165 0.323979 -0.543636 -0.774272 158 144 96
2.2331 5.0152 3.0609 -0.0306245 0.0531875 -0.998115 168 136 76
-2.9295 -4.8177 2.8113 0.424667 -0.051089 -0.903907 162 135 73
7.5951 -7.8065 0.8537 0.744325 0.511299 -0.429596 183 143 118
-1.4782 -1.0005 3.3373 0.346928 0.0374344 -0.937144 148 148 78
7.196 3.5495 1.0857 0.427547 -0.445299 -0.78671 169 139 106
4.8874 1.3716 2.0392 -0.156209 0.129014 -0.979262 166 136 103
7.5689 -3.9311 0.995 -0.067 0.0866125 -0.993987 161 156 125
-1.3443 -3.2294 3.4984 0.174904 0.430788 -0.885342 126 134 69
3.2157 0.8073 2.7516 -0.350878 0.108203 -0.930149 168 140 69
6.5235 1.2726 1.3694 -0.195869 0.525357 -0.828031 143 146 118
-7.9141 -0.3873 0.7798 0.513894 0.118111 -0.849684 175 143 116
2.3519 -1.4228 2.9954 -0.705339 0.278122 -0.652031 151 129 80
-6.7013 -6.9488 1.2936 0.409203 -0.0733009 -0.909494 179 129 122
3.9419 4.4603 2.4193 0.540527 0.826091 0.159384 160 154 95
5.5027 4.4166 1.8557 -0.66836 -0.131931 -0.732044 161 145 110
1.201 -5.1106 3.5104 -0.832975 0.0520477 -0.550857 140 136 58
0.5588 0.8706 3.8433 -0.900894 -0.429035 0.0657184 148 126 63
3.0164 4.2931 2.7346 -0.678203 0.643092 -0.35563 153 129 76
5.5242 3.2452 1.7558 -0.120233 -0.566343 -0.815353 161 148 98
4.7266 6.882 2.1377 -0.634249 -0.298589 -0.713143 159 133 98
1.7621 -3.3341 3.3088 -0.442186 0.105958 -0.890643 148 135 85
-0.2569 4.4453 3.8867 0.520368 0.0388262 -0.853059 142 125 71
7.1147 6.8176 1.2246 -0.634402 0.122006 -0.763314 169 156 101
6.8707 -0.894 1.1783 -0.175575 0.489393 -0.854206 164 150 104
4.1715 3.4276 2.3826 -0.313059 -0.0164492 -0.949591 167 122 93
-7.2186 -4.7635 1.1017 0.5563 0.0358131 -0.830209 168 151 105
-6.2513 0.9018 1.4464 0.302334 0.0987918 -0.948069 184 161 106
-2.275 -3.2109 3.0666 -0.41086 -0.342421 -0.844951 144 151 97
5.9288 7.49 1.6188 -0.754141 0.305025 -0.581577 163 150 92
-5.6983 1.9084 1.7939 0.111082 -0.245103 -0.963112 162 150 97
-1.8179 4.513 3.2481 -0.24101 0.25529 -0.936344 136 119 91
-6.0316 -2.2012 1.54 0.554131 -0.178185 -0.813135 160 148 127
-3.495 0.279 2.5625 0.137331 -0.0276327 -0.99014 155 149 63
-1.5466 1.6299 3.3522 0.509995 0.0747841 -0.85692 142 135 78
7.4801 -2.8962 0.9808 -0.992695 0.102667 -0.0633654 178 126 110
-3.1632 -2.0653 2.7902 0.688641 0.606434 -0.397508 157 130 84
-0.2336 -2.8821 3.8392 -0.0003411 0.163559 -0.986533 144 134 69
7.7114 4.4478 0.9224 -0.243161 -0.000889574 -0.969985 174 158 100
2.8778 -2.0892 2.8131 0.414433 0.682915 -0.601558 144 136 94
2.065 2.4884 3.2253 -0.471749 -0.558187 -0.682554 145 147 80
4.9165 5.4317 1.9771 -0.752399 -0.254302 -0.60764 153 137 109
-2.1954 -7.1002 3.1756 -0.0280831 -0.916986 -0.39793 135 138 68
7.393 0.3914 1.0798 -0.375555 0.106261 -0.920688 176 162 109
5.4718 5.0935 1.8607 -0.362477 -0.0411187 -0.931085 168 148 89
2.7397 7.1643 2.8946 -0.292127 0.17296 -0.94061 165 127 79
-3.8209 -4.7119 2.4405 0.367169 -0.263889 -0.891936 147 128 92
-7.0336 7.8409 1.1662 -0 -0 -1 160 169 99
-6.8764 -5.2848 1.2363 0.322243 -0.220006 -0.920737 160 134 117
-6.499 0.3816 1.4143 0.478404 0.321195 -0.81729 163 170 111
3.6994 -5.6975 2.5832 0.232016 -0.246754 -0.940894 152 140 102
-7.1108 6.7912 1.1299 0.406694 -0.0418586 -0.912605 151 149 92
-0.5939 5.1003 3.7325 0.394136 -0.198202 -0.897426 133 137 65
-4.2753 2.9113 2.2628 0.360949 0.0811728 -0.929046 144 134 87
0.1895 -0.093 3.9696 -0.624419 0.461797 -0.629955 145 122 67
-3.4676 0.7349 2.6097 0.586888 -0.215263 -0.780528 156 144 75
-1.3641 -4.9307 3.4247 0.502188 0.325943 -0.80098 146 130 74
2.0998 0.3423 3.1207 -0.185011 -0.105615 -0.977045 133 128 86
0.8141 6.5324 3.7548 0.226823 0.968378 0.103903 127 139 71
-2.1545 5.5098 3.0536 0.907169 0.143394 0.395579 133 149 104
5.2181 -2.9007 1.9746 0.435696 0.405824 -0.803415 151 150 82
5.4712 2.1022 1.8347 -0.641609 -0.0669102 -0.764108 172 139 85
-2.2785 -4.5759 3.054 0.639375 0.00260532 -0.768891 157 123 89
7.1431 -7.2148 1.1573 -0.38625 0.209848 -0.898206 176 142 120
2.5266 0.5803 2.975 -0.576572 0.158491 -0.801527 149 148 88
-2.6775 -4.8709 2.9138 0.215534 -0.109499 -0.970338 147 125 89
0.5615 2.8735 3.7438 -0.391451 0.219321 -0.89368 146 121 66
1.972 -2.9167 3.1461 -0.0810914 -0.14985 -0.985378 158 132 81
-5.4511 -6.3357 1.7647 0.442903 -0.219559 -0.869271 166 149 105
2.6788 7.1871 2.9735 -0.280326 0.0206639 -0.959682 154 122 85
5.5949 -5.9874 1.776 -0.0994266 0.251743 -0.962673 167 142 109
5.2331 -5.1736 1.7768 0.0377113 -0.222225 -0.974266 162 129 104
-7.9176 7.0992 0.7978 0.285378 -0.0267346 -0.958042 164 160 129
4.8347 -5.6193 2.0762 -0 -0 -1 154 141 116
4.374 5.6406 2.1913 -0.364779 0.160588 -0.917141 166 146 90
3.8691 3.2925 2.4107 -0.607247 -0.182154 -0.77335 146 149 108
-6.0139 -1.38805 1.58615 -0.0472688 -0.304539 -0.951326 176 147 107
4.9064 1.2292 1.9783 -0.390766 0.0136537 -0.920389 184 152 87
0.1381 4.5392 3.943 -0.277322 0.463111 -0.841796 148 133 75
7.4032 -1.4258 0.9984 -0.696576 0.202988 -0.68817 188 158 125
2.5863 1.7293 2.9057 -0.994184 0.00535668 -0.107558 155 152 81
4.2893 -0.0696 2.2881 0.437422 -0.852752 -0.28544 150 131 82
-3.7137 -2.5175 2.5212 0.0044421 0.480162 -0.877169 153 140 95
-4.761 -0.7598 2.0324 0.219297 -0.587901 -0.77864 156 153 89
-6.164 -7.6541 1.5916 0.38188 -0.325728 -0.86491 185 154 118
-6.6234 5.1754 1.3343 0.385458 -0.0345546 -0.922078 171 148 100
1.5934 6.798 3.373 -0.415709 -0.311131 -0.854625 123 142 87
5.5706 4.3986 1.7073 -0.785783 -0.374331 -0.492363 158 133 113
-5.8597 3.9449 1.603 0.880582 -0.0678142 0.469017 157 147 100
1.7604 -2.313 3.3058 -0.32584 -0.0737357 -0.942545 139 130 86
3.7589 -0.7684 2.4816 0.658224 0.527749 -0.536863 168 140 109
7.2976 -5.9318 1.1536 -0.217712 0.383462 -0.897529 174 162 117
6.7179 4.9888 1.3049 -0.583082 -0.0584381 -0.810309 172 160 99
7.5691 6.975 1.0431 -0.668924 0.0124193 -0.743227 172 161 116
-5.5462 3.5679 1.7772 -0.34507 -0.893814 -0.286396 173 150 91
0.7291 5.4064 3.7716 -0.244166 -0.252106 -0.93639 137 130 75
-7.7639 -1.3572 0.9204 0.141245 -0.0897235 -0.9859 172 173 120
3.2869 -6.6333 2.6237 -0.592498 -0.337332 -0.731542 142 130 98
5.9682 -6.3002 1.6155 -0.534712 0.54419 -0.646483 169 150 105
3.5926 -6.7799 2.6169 -0.432614 0.00792463 -0.901544 155 135 86
-4.2581 -4.2331 2.3471 0.646948 -0.0573494 -0.760375 142 138 91
2.1367 -0.9675 3.0926 -0.578876 0.544979 -0.606548 138 121 95
6.4488 -5.1611 1.3808 -0.293081 -0.0802853 -0.952711 177 146 92
-7.2592 4.9668 1.1414 0.210652 0.0704172 -0.975022 164 148 110
7.4977 -2.7503 1.0352 -0.988804 -0.147875 0.01997 171 158 122
-0.3548 -7.852 3.9023 0.317236 0.0846452 -0.944561 137 133 67
4.9878 -1.2394 2.1163 0.193795 -0.83275 -0.518623 160 142 113
-5.3719 6.6664 1.8518 0.196197 0.410623 -0.890447 151 153 95
2.2128 5.2614 3.1889 -0.459917 0.79253 -0.400466 143 128 83
-1.9125 4.8036 3.2282 0.597915 0.362238 -0.715039 155 128 111
7.1883 6.0372 1.0592 -0.267004 0.0929332 -0.959204 178 148 119
3.7765 5.0835 2.3946 -0.626042 -0.0316505 -0.779147 153 138 78
-5.4073 0.4381 1.8387 0.290618 -0.066612 -0.954518 156 128 93
-6.5435 5.5919 1.3902 0.245403 -0.00692148 -0.969397 163 141 106
-2.0839 -0.7712 3.2179 0.170635 -0.249398 -0.953249 175 135 78
5.1792 -1.2523 1.8021 -0.998192 -0.0339909 0.0495755 164 138 112
-6.9537 -3.0969 1.1931 0.546117 0.0143627 -0.837586 161 137 114
5.6721 -4.6873 1.6992 0.227774 -0.205084 -0.951872 150 126 105
-5.2844 -4.8459 1.889 0.434912 -0.334334 -0.836105 156 151 117
4.2087 -5.4971 2.2723 -0.647141 -0.424686 -0.633127 176 166 93
-6.0413 4.0819 1.6267 -0.380455 -0.453629 -0.8059 166 141 108
3.0299 -2.695 2.78 -0.544734 0.428087 -0.721115 147 152 86
-1.2252 -4.7813 3.6474 -0.301167 -0.0434783 -0.95258 137 136 66
4.675 -5.7622 2.1017 -0.341026 -0.498462 -0.797018 157 153 94
-5.8855 6.0908 1.6317 0.173747 -0.63842 -0.749821 171 140 118
-5.0874 7.4257 1.9865 0.303712 -0.146633 -0.941413 163 130 110
-2.1425 -0.7428 3.1446 0.526305 -0.130453 -0.840229 147 118 100
-4.8133 0.802 2.0623 0.0812489 0.370255 -0.92537 169 137 86
-6.8389 7.5791 1.3204 0.0210441 -0.21668 -0.976016 173 148 93
7.1977 7.6033 1.066 0.0660494 0.275489 -0.959033 167 137 100
-2.4978 -3.4643 2.9923 0.484903 0.390565 -0.782513 154 148 76
-1.7204 7.1463 3.3105 0.279012 0.102579 -0.954793 152 128 88
2.4105 -3.9526 3.0375 -0.272098 0.256118 -0.927559 146 125 70
7.5074 -7.5816 1.0194 -0.144746 0.534865 -0.832447 152 151 124
-7.8011 6.023 0.8091 0.764961 0.549877 -0.335365 164 153 117
4.2719 1.1549 2.3057 -0.150095 0.302544 -0.941243 162 145 103
-6.7491 6.9785 1.2531 0.375338 -0.610389 -0.697529 143 138 101
2.6075 3.0464 2.9666 -0.12062 -0.122399 -0.985124 164 138 92
-4.0333 -7.4154 2.3914 0.152837 -0.230127 -0.961084 150 125 101
0.78 -4.4534 3.6686 -0.772889 0.0390132 -0.633341 146 129 63
5.2818 -0.5333 1.9004 -0.00346342 0.0379644 -0.999273 153 142 102
-6.0067 0.6463 1.5731 0.24174 -0.384628 -0.890855 183 146 108
5.9436 7.6112 1.5656 -0.666576 0.419333 -0.616309 172 153 105
7.4273 2.9263 1.0468 -0.405117 -0.170342 -0.898256 170 149 103
7.7505 -3.6461 0.8671 -0.234493 0.014896 -0.972004 170 158 121
4.339 6.8499 2.2391 -0.464737 0.00923245 -0.8854 169 165 82
-2.9189 -3.5982 2.817 0.187337 -0.958344 -0.215595 141 154 102
7.1813 5.8884 1.1363 -0.24102 -0.0969607 -0.965665 163 151 128
1.8351 -3.6549 3.331 -0.566611 0.304048 -0.765837 131 152 78
1.3805 -0.1686 3.4196 -0.328808 0.223498 -0.91757 151 147 77
5.4851 -6.8752 1.8071 -0.08367 0.219227 -0.97208 147 144 87
3.339 -3.7944 2.6914 -0.515625 -0.336538 -0.787955 153 154 81
4.6732 -1.0722 2.051 0.316986 -0.0464492 -0.947292 170 131 116
-1.4291 6.0656 3.4557 0.544829 0.147937 -0.825394 150 149 78
2.1148 -3.0146 3.2153 0.19367 0.194353 -0.961623 156 137 87
-2.4867 -2.5978 3.00485 0.774687 -0.030228 -0.631621 159 133 91
-4.1471 -1.6444 2.2744 0.719378 -0.254862 -0.646174 160 130 85
7.9125 4.391 0.8794 -0.66777 -0.669721 -0.324896 179 155 132
-5.0416 4.8527 1.9522 -0.418157 -0.446342 -0.791153 166 153 86
-2.9446 3.1314 2.8601 0.939211 0.260757 -0.223358 132 141 82
-5.954 3.7491 1.6216 0.715793 -0.0889321 -0.692626 169 154 119
2.4918 -0.1437 3.0496 -0.420866 0.199745 -0.884858 139 149 76
-1.2531 -3.289 3.4645 0.436962 0.191562 -0.878845 119 131 81
-2.7411 3.3543 2.9604 0.575895 0.266415 -0.772896 135 133 89
4.1223 2.7489 2.2977 -0.809174 -0.258489 -0.527656 163 146 74
-2.3903 3.9331 3.0735 0.257877 0.0917286 -0.961813 169 136 86
-6.1631 -0.1589 1.5154 0.728715 -0.22504 -0.646785 152 148 112
1.5133 -5.8961 3.4392 0.306673 -0.229136 -0.923823 144 135 60
-3.9064 3.4897 2.4151 0.220382 -0.335304 -0.915971 164 126 101
-4.0296 -1.2998 2.4248 0.17331 -0.457142 -0.872344 170 125 89
4.9809 1.2953 2.0403 -0.135294 0.185867 -0.973216 154 146 102
-0.8081 7.3762 3.6367 -0.0649384 0.41132 -0.909175 160 127 82
-7.282 2.7915 1.1665 0.888367 0.458999 -0.0110998 184 163 95
5.9094 0.5977 1.5371 -0.362504 -0.0477366 -0.930759 150 143 88
-4.5606 0.3171 2.1033 0.304366 -0.58231 -0.753841 166 133 106
-6.0232 -3.5374 1.5682 0.488141 -0.0573272 -0.87088 138 131 109
3.2275 -2.7741 2.6484 0.509324 -0.420715 -0.750725 158 141 91
-3.3235 -7.4963 2.6473 0.309041 -0.177282 -0.934379 155 129 90
2.3837 3.0252 3.0945 -0.229232 -0.142724 -0.962851 153 147 77
5.1899 -5.2109 1.9511 -0.820886 -0.0238673 -0.570593 140 154 106
-3.5987 -0.1477 2.4952 0.333461 0.260536 -0.906049 142 155 91
5.1099 6.9532 2.0842 0.616182 0.702495 -0.35612 151 129 97
-6.686 -6.4578 1.3584 0.11998 -0.226124 -0.966681 189 147 105
7.8737 -4.0476 0.9303 0.862596 -0.443092 -0.244124 165 127 117
-4.3272 5.4549 2.2749 0.631474 0.239844 -0.73737 144 116 95
6.1705 -6.6912 1.635 -0.175354 0.0465559 -0.983404 182 138 91
0.3192 -0.8243 3.7609 -0.0763897 0.340431 -0.937161 128 148 62
7.0193 3.8606 1.1672 -0.533417 -0.0309124 -0.845287 149 154 100
-0.6976 1.6696 3.8004 0.416964 -0.672914 -0.611006 120 118 58
-4.6679 0.3901 2.1779 0.0414206 -0.285084 -0.957607 171 144 107
7.1593 6.6063 1.1119 -0.13143 -0.364329 -0.921949 162 143 120
-3.7579 0.6265 2.4489 0.175165 -0.546209 -0.81913 160 157 105
-1.095 -3.4722 3.6242 0.419214 0.454263 -0.78607 130 127 68
7.1043 -4.7466 1.2134 -0.398745 -0.0782159 -0.91372 172 136 98
-0.0073 -2.6147 3.9251 -0.241095 -0.0636752 -0.96841 152 108 72
4.998 1.4444 2.0367 -0.41425 -0.113143 -0.903103 172 138 105
-5.2066 4.3293 1.8985 -0.159416 0.0991895 -0.982216 178 140 101
-1.2011 6.6756 3.5103 0.040104 -0.102981 -0.993874 139 126 79
-0.3179 4.2598 3.8406 0.715182 0.12505 -0.687661 143 133 73
-1.8632 6.3154 3.2172 0.215048 -0.288174 -0.933118 146 138 80
0.1597 3.6599 3.847 -0.420461 0.413954 -0.807375 140 137 64
1.4528 -1.4125 3.452 -0.414297 -0.0397531 -0.909273 148 140 75
3.0591 6.3381 2.8157 -0.655296 -0.170777 -0.735814 167 127 92
-5.6986 -7.3596 1.7321 0.63776 0.00830231 -0.77019 166 145 96
-0.1381 4.6382 3.9642 0.564815 0.124307 -0.815801 129 114 75
-1.6955 0.066 3.3649 0.514861 -0.0366981 -0.856488 130 130 79
6.3651 1.4926 1.358 -0.413762 0.260994 -0.872172 162 149 116
-7.2844 7.293 1.077 0.613766 -0.20263 -0.763042 169 161 91
-6.7523 2.9083 1.3274 0.574225 -0.10085 -0.812462 166 149 113
2.1744 2.7583 3.1144 -0.371244 -0.143036 -0.917452 147 153 86
-0.8214 -7.0193 3.6693 0.697207 0.0362617 -0.715952 138 121 90
6.1913 -2.4178 1.5504 -0.165508 0.705861 -0.688744 177 141 119
4.2146 -4.4303 2.3036 -0.204765 -0.0709175 -0.976239 182 145 113
-5.4284 -3.5564 1.9301 -0.945984 -0.114946 -0.303153 178 136 97
0.8321 2.1431 3.6432 0.188296 0.212241 -0.958905 143 115 93
-6.8356 -7.6409 1.2284 0.314696 -0.441992 -0.840006 152 146 116
-5.6462 0.4325 1.7424 0.451236 0.760594 -0.466779 180 167 105
-5.4807 -6.6957 1.8252 0.495879 0.0130718 -0.868293 174 150 102
-2.1317 6.1494 3.1188 0.308485 -0.381603 -0.87133 146 129 83
-4.9872 -1.1792 2.0015 0.499622 0.0950736 -0.86101 161 153 111
-2.9779 3.4803 2.7418 0.309278 0.000598337 -0.950972 149 138 93
5.0676 -6.1019 1.9758 -0.376211 -0.261591 -0.888839 146 158 108
-3.7889 -1.0856 2.4727 0.292642 -0.11054 -0.949811 143 136 98
-3.232 -5.8802 2.7409 0.290747 0.248456 -0.923978 137 132 91
2.4594 -5.0639 3.0977 -0.318612 0.191434 -0.928353 146 141 95
-4.7 3.6854 2.1637 -0.157712 -0.390137 -0.907149 167 142 84
3.9747 -3.5154 2.4607 -0.122579 0.0646339 -0.990352 157 142 87
-0.9502 -4.9672 3.6922 0.729052 -0.591315 -0.344717 153 123 78
1.2939 -3.0126 3.4793 -0.383463 -0.0971648 -0.918431 147 123 59
7.3597 6.222 1.05 -0.387684 0.155247 -0.908625 186 125 106
-6.6117 -6.5702 1.423 -0.0712536 0.0333911 -0.996899 164 157 100
-2.2557 -0.7089 3.0623 0.462209 0.0735512 -0.883715 139 122 77
-6.9372 -0.9544 1.3114 0.165838 0.726471 -0.666887 171 153 114
6.0141 0.3545 1.5868 -0.307054 -0.0323291 -0.951143 162 138 108
7.7842 -2.5542 0.8578 -0.202171 0.029796 -0.978897 174 140 119
-4.7826 6.6184 2.0962 0.173667 0.120746 -0.977374 167 139 93
-0.596 0.4432 3.7713 0.0980727 0.591432 -0.800369 171 119 78
4.9463 -1.435 2.0308 -0.2091 0.0114856 -0.977827 176 153 105
5.7127 -1.6241 1.7025 -0.540596 -0.178243 -0.822183 162 138 102
4.1723 -0.6865 2.3099 -0.268793 -0.150956 -0.951295 166 139 90
0.7804 6.7291 3.7748 -0.0678321 -0.611475 -0.788351 152 153 80
2.6875 4.2651 2.8856 -0.10123 -0.0746239 -0.99206 144 127 87
5.0851 -4.4905 1.9769 -0.91654 -0.319125 0.241069 157 132 99
6.633 6.5659 1.2982 -0.202778 -0.394743 -0.896136 163 161 99
-2.0263 5.6566 3.1877 0.528859 -0.0304288 -0.848164 154 126 93
-6.0956 0.7224 1.5802 0.161829 -0.319412 -0.933696 159 139 100
-6.4561 -1.0267 1.4328 0.59662 -0.00933363 -0.80247 168 147 115
-6.6019 1.1957 1.3687 0.615652 -0.0732176 -0.784609 181 168 119
-0.9484 3.1992 3.5518 0.597922 0.236104 -0.765992 155 129 93
6.723 7.7294 1.1774 0.896143 -0.298782 -0.328112 166 141 104
-4.8792 -1.8056 2.0161 -0.28334 -0.0914713 -0.954647 147 146 92
6.9787 0.8132 1.0965 -0.396759 -0.287647 -0.871689 162 150 121
-5.8304 0.7467 1.6547 0.604829 -0.0529412 -0.794594 163 148 125
-5.5367 -0.1194 1.8138 0.513199 -0.190596 -0.836839 164 144 98
-5.9963 -5.5856 1.5703 0.383727 0.0410658 -0.922533 171 136 107
-0.8415 2.9081 3.6133 0.4536 -0.0707821 -0.88839 152 148 65
5.8709 5.4484 1.6531 -0.289569 -0.278791 -0.915656 155 155 100
-1.0087 -7.5102 3.5373 0.206978 0.557368 -0.804053 141 120 72
7.1406 7.3291 1.1139 -0.440764 0.123087 -0.889144 170 153 111
-7.7581 -2.6825 0.9261 0.607617 0.15795 -0.778366 167 156 106
6.3764 1.2896 1.4885 -0.564577 -0.536697 -0.627064 183 148 114
4.8833 2.462 2.1029 -0.404033 -0.0899636 -0.91031 157 129 94
-0.3764 -6.5849 3.8669 0.191545 0.0888942 -0.97745 124 136 80
1.3359 4.4208 3.4724 -0.389412 0.0881397 -0.916837 133 134 74
-7.0954 -5.4903 1.1355 0.287764 -0.391475 -0.874036 183 147 113
-0.7124 -3.8311 3.7832 -0.109459 -0.147329 -0.983012 158 136 69
4.8625 -4.4346 2.1367 -0.995095 0.0798876 -0.0583446 153 140 106
-1.2749 2.8578 3.5878 -0.206044 -0.149829 -0.967004 131 116 75
-6.1235 6.3031 1.536 0.4433 -0.0554358 -0.894658 175 153 115
1.9861 -5.135 3.2607 -0.817624 0.043712 -0.57409 149 147 99
0.7752 -0.4961 3.6866 -0.0947829 -0.113971 -0.988952 144 128 64
4.6693 -1.4012 2.1193 -0.511165 -0.0813141 -0.855628 168 137 92
-3.2352 -0.02 2.6002 0.915305 0.385311 -0.117273 184 142 70
5.1237 -7.957 1.9572 -0.65001 0.0341074 -0.75916 161 137 99
-1.0022 3.1085 3.5751 0.600116 0.388787 -0.699074 138 140 67
-7.0685 7.5852 1.2526 0.520828 0.798626 -0.301555 176 154 102
2.8098 -2.0355 2.9148 0.178691 0.914365 -0.363327 157 142 98
1.7611 7.7103 3.2453 -0.295808 0.0284803 -0.954823 162 125 74
6.2593 2.5615 1.4828 -0.268034 -0.408043 -0.872731 159 154 100
-7.3494 -4.1425 1.0532 0.617756 -0.0634575 -0.783805 156 142 133
-4.3884 5.5441 2.2094 0.981473 0.169992 -0.0883995 155 156 112
-3.1158 -3.4473 2.7584 0.0299054 -0.0506649 -0.998268 162 150 94
-4.1852 1.9762 2.3462 0.140972 -0.11896 -0.98284 168 134 100
-4.6794 -1.1349 2.122 0.431546 0.0126706 -0.902002 173 141 97
-7.4554 -1.1 1.0512 0.284135 -0.184824 -0.940802 154 149 107
-4.5855 -0.5008 2.1516 0.49596 -0.234589 -0.836058 153 145 114
7.614 3.5643 1.0124 -0.289471 0.0836187 -0.953527 172 156 122
2.8384 -0.8794 2.8466 -0.816382 0.351665 -0.458097 154 119 108
-4.4664 -4.829 2.2176 0.208903 0.00714381 -0.97791 144 136 94
-1.7497 -1.4754 3.2816 0.313048 0.198383 -0.928787 168 115 79
-1.9179 -5.7459 3.3127 0.117569 -0.366346 -0.923021 145 139 75
0.3853 3.4257 3.8872 -0.171549 -0.120778 -0.977744 147 119 76
-6.2736 -7.9349 1.5168 0.501827 -0.691018 -0.520253 160 152 95
-3.9505 -0.6554 2.568 -0.147192 0.933346 -0.327413 149 137 102
-3.3424 0.0547 2.6064 0.0141007 0.14819 -0.988858 155 123 79
-5.3344 -7.2929 1.9677 -0.708373 -0.466841 -0.529403 170 138 104
-5.9451 -0.8578 1.6409 0.317335 -0.598077 -0.735937 158 159 95
4.5998 -2.3144 2.1272 -0.405869 0.135384 -0.903848 146 139 97
-5.123 5.868 1.9119 0.400246 -0.158081 -0.90267 152 164 102
6.2332 1.6497 1.4683 -0.653668 -0.515106 -0.554422 177 150 111
-0.4937 -1.177 3.7662 0.612375 0.058761 -0.788381 128 144 72
0.8605 -2.3084 3.5911 0.185479 0.615344 -0.766126 145 132 59
7.315 3.7527 1.1123 0.0676801 0.978665 -0.193993 172 162 109
1.4008 6.7912 3.4169 -0.314194 -0.430502 -0.846139 132 136 70
3.3563 1.6556 2.682 -0.517056 0.223571 -0.826238 156 129 89
-3.7188 -3.8396 2.5612 0.243389 0.246434 -0.9381 157 138 93
-1.3792 -2.854 3.4391 0.527955 0.354506 -0.771744 143 129 75
6.888 5.188 1.276 -0.460966 -0.0362702 -0.886677 152 163 96
0.6912 -4.0485 3.7755 0.0111613 -0.470537 -0.88231 146 124 58
-5.565 -4.2706 1.692 0.782517 0.503935 0.365672 159 163 109
6.2781 -3.6842 1.4748 -0.595633 -0.155543 -0.788053 172 160 96
-2.8732 5.337 2.8807 0.493192 0.144475 -0.857839 158 125 91
4.1377 5.4969 2.3748 -0.146665 0.00370267 -0.989179 161 157 97
2.4709 6.9472 2.9589 -0.57841 0.809482 -0.100899 126 141 82
-4.9918 -1.181 1.9518 0.194313 -0.130691 -0.972195 173 139 112
-2.8367 -0.8334 2.9038 0.155547 0.0834102 -0.984301 155 141 90
2.7834 -6.4039 2.9072 -0.39521 0.127385 -0.909715 153 142 93
-6.143 4.6597 1.5924 -0.340829 -0.106229 -0.934105 157 145 90
-5.5463 -5.2167 1.7723 0.462059 0.0690058 -0.88416 158 139 93
-6.3377 -0.5419 1.4923 0.108595 0.0748688 -0.991263 177 171 99
-2.407 -0.1354 3.037 0.151793 -0.183667 -0.971198 152 144 88
3.8343 4.9828 2.479 -0.477097 -0.437512 -0.762209 150 149 96
2.978 -4.0253 2.7739 -0.574745 -0.0547388 -0.8165 142 114 88
-3.6034 7.6928 2.5085 -0.312348 0.256681 -0.914633 150 146 83
4.4775 -3.6118 2.185 -0.466939 -0.0109151 -0.884222 152 130 95
-6.4749 1.7911 1.4884 -0 -0 -1 163 165 87
-2.7006 -1.9389 2.8942 0.46784 -0.106214 -0.877408 155 137 95
0.7817 -0.7123 3.712 0.0839524 -0.406272 -0.909888 152 147 80
-4.4902 1.7236 2.2202 0.465403 -0.0574353 -0.883233 155 141 89
7.5173 -7.5501 1.0553 -0.144746 0.534865 -0.832447 164 148 128
4.16 4.2964 2.2883 -0.785559 -0.0425356 -0.617323 146 150 79
-1.5474 7.6668 3.3635 0.50981 0.545204 -0.665467 138 146 85
7.0238 -7.5147 1.2302 -0.620287 -0.110018 -0.776621 153 151 102
-3.2168 -1.173 2.7837 -0.0701421 0.902452 -0.425042 141 134 86
-4.0229 -2.2125 2.405 0.255413 -0.228169 -0.939523 160 132 94
6.8622 -5.795 1.2305 -0.173139 0.0746415 -0.982065 166 149 101
-4.2967 -7.1745 2.2229 0.857943 -0.334965 -0.389527 152 137 85
-4.5227 7.7276 2.167 0.486712 -0.124759 -0.864608 147 144 107
-2.5447 -2.4385 3.0068 0.28833 0.0117654 -0.957459 148 134 93
4.5556 2.9504 2.1148 -0.158051 -0.41006 -0.89826 154 137 103
-7.288 5.3209 1.0822 0.35452 0.0341969 -0.934423 167 143 114
-4.4126 4.4163 2.1501 -0.524985 -0.222735 -0.82145 148 129 102
-4.0607 0.3171 2.476 -0.306166 -0.148697 -0.940293 167 142 89
-1.4917 4.7765 3.403 0.252685 0.242394 -0.936694 153 121 88
6.2026 -3.4247 1.5876 -0.984565 -0.119237 -0.128121 167 146 127
-0.6288 1.6315 3.7586 0.416964 -0.672914 -0.611006 134 119 58
-4.2821 -3.5696 2.2472 0.372023 0.427938 -0.823692 169 142 74
-7.0117 -4.5275 1.2285 0.251162 -0.0865147 -0.964071 174 153 116
4.2758 6.8324 2.2744 -0.52561 0.129902 -0.840749 173 132 86
1.5239 -5.601 3.3531 -0.370632 0.0894749 -0.92446 138 117 78
-0.9392 6.9429 3.6528 0.439422 -0.135156 -0.888055 125 124 96
-5.563 -2.7498 1.8784 0.876516 -0.203869 -0.436069 180 138 89
1.7194 0.3599 3.3259 0.555277 0.51481 -0.653176 162 154 87
-3.1867 -6.8414 2.7974 0.48151 -0.199965 -0.853324 160 148 89
-0.2549 -6.6018 3.8837 0.473801 0.147618 -0.868172 144 113 74
4.9162 4.048 2.1193 -0.406365 0.186497 -0.894475 148 167 107
-4.1552 2.3101 2.3348 -0.127778 -0.0343108 -0.991209 155 124 103
-2.3998 1.8129 3.0483 0.380828 -0.262409 -0.886629 166 131 69
-3.2251 -4.1265 2.7162 0.158693 -0.843513 -0.51313 145 138 88
6.3882 1.8707 1.5042 -0.760593 -0.4993 -0.414967 146 152 97
5.5805 -0.8579 1.7976 -0.548385 0.163637 -0.820059 155 146 95
-4.236 -4.4337 2.3543 0.307243 0.00991414 -0.95158 152 142 113
4.242 0.9348 2.367 -0.583696 -0.368834 -0.723368 164 128 87
-6.8707 4.9843 1.2499 0.927884 -0.355767 -0.111628 168 145 130
-4.305 -2.5312 2.3688 -0.586819 -0.733277 -0.343436 158 158 96
0.1154 -3.1637 3.8825 -0.190528 -0.0384052 -0.98093 138 128 74
3.361 -5.0432 2.69 -0.706822 0.238049 -0.666135 160 152 84
-5.4272 -0.9997 1.8289 0.434252 0.277461 -0.856995 152 142 99
1.785 1.6298 3.296 -0.51623 0.390633 -0.762176 140 125 73
-6.2262 0.9104 1.6043 0.633666 -0.771375 -0.0587156 168 156 94
-0.7444 2.1225 3.7498 0.510282 0.0275032 -0.859567 139 127 65
-7.4702 6.3339 1.0322 0.139857 0.257289 -0.95616 170 169 125
-1.7864 -5.5342 3.3101 0.211018 -0.0704065 -0.974943 146 156 82
-7.1006 -5.3777 1.115 0.434646 -0.242674 -0.86729 162 162 111
0.3607 6.5578 3.938 0.00307519 -0.073889 -0.997262 130 131 62
-6.5466 1.3695 1.3525 0.505234 0.0598799 -0.860902 146 140 111
-6.7694 -0.3476 1.2646 0.33921 -0.519948 -0.783958 195 153 132
-1.627 -6.0357 3.3391 0.297582 -0.305517 -0.904491 153 143 109
4.7257 1.6954 2.0328 0.506576 -0.000925564 -0.862195 165 134 104
2.2722 -3.5972 3.0395 -0.63728 0.110236 -0.762707 170 148 88
6.9206 0.776 1.2753 -0.429812 -0.494748 -0.755305 172 149 106
-5.5409 6.271 1.766 0.382466 0.0938842 -0.919187 175 159 95
3.3275 -0.6184 2.6746 -0.280601 -0.219902 -0.934295 156 136 84
6.8578 1.2001 1.2065 -0.500505 0.393647 -0.771062 183 137 109
-7.8437 1.1319 0.9547 -0 -0 -1 181 153 99
-4.2497 -1.0387 2.2997 0.237819 0.0821707 -0.967828 140 136 100
-2.3155 2.0238 3.0073 -0.683083 0.72606 0.0789607 141 128 86
-4.1862 -0.0129 2.3282 0.727413 -0.221111 -0.6496 149 137 101
-2.8003 -3.6327 2.9098 0.336464 0.820437 -0.46225 143 151 83
3.0831 4.0379 2.7871 -0.256696 0.500655 -0.826711 146 134 96
2.1086 -4.1507 3.1051 -0.410071 -0.107934 -0.905644 155 130 86
-7.5491 -7.1925 1.0079 0.262357 0.0555301 -0.963372 172 148 127
-7.3551 6.5694 1.0765 0.447193 0.0627584 -0.892233 165 146 110
4.1635 -5.3783 2.3503 0.486238 0.519595 -0.702562 157 143 91
1.2005 3.4077 3.4298 -0 -0 -1 134 125 64
-7.6811 4.6453 0.8492 0.461631 -0.644741 -0.609267 166 119 123
-5.733 -3.2419 1.5954 -0.254277 0.209324 -0.944207 166 155 96
-2.3036 0.7813 3.0197 0.328448 -0.31228 -0.891405 161 142 78
0.9474 5.3667 3.667 -0.736674 0.609759 -0.292413 144 119 70
-6.026 0.1471 1.6175 0.75912 0.0322307 -0.650152 165 165 90
3.2608 7.854 2.7455 -0.0397918 0.729809 -0.682492 147 137 85
6.3504 -2.8628 1.4356 -0.705282 -0.325864 -0.629595 151 153 118
0.1923 4.9237 4.0139 -0.370884 0.336147 -0.865708 153 127 65
2.2588 0.3409 3.1355 -0.244337 0.0909487 -0.965416 167 122 75
-2.1563 3.8534 3.1123 -0.0548213 0.282559 -0.957682 132 142 79
4.1301 -3.8589 2.3469 -0.688313 0.00693008 -0.725381 167 133 87
0.3649 6.9625 3.8102 -0.450274 0.048544 -0.89157 134 125 65
5.1776 4.1859 1.9826 -0.368191 0.162454 -0.915447 168 151 105
-4.1341 -1.7548 2.3852 0.601889 -0.366995 -0.709256 177 129 106
2.6898 -6.3441 3.0107 -0.238313 0.388807 -0.889964 147 144 71
-2.9072 -2.53 2.696 0.973117 -0.165189 -0.160489 144 133 82
-1.1091 2.3802 3.577 0.377962 -0.135558 -0.915843 144 128 89
-0.8674 4.793 3.6135 0.912627 0.20239 -0.355177 149 112 87
0.1237 1.5366 3.951 0.128208 -0.241841 -0.961809 162 129 57
2.9872 -7.3008 2.783 -0.138532 -0.386596 -0.911785 147 131 113
3.4072 6.9005 2.5742 -0.230123 -0.129769 -0.964471 131 124 109
5.4679 7.9402 1.7712 0.262403 -0.774131 -0.576077 159 151 101
-3.1612 -3.6886 2.7401 0.264922 0.0797999 -0.960962 146 135 85
-0.1252 -7.706 3.9634 0.334442 0.286098 -0.89794 131 138 59
5.7022 1.2613 1.7242 -0.292416 0.0519972 -0.954876 166 133 120
2.001 -1.881 3.1771 -0.149952 0.156674 -0.976201 170 129 110
1.1476 -7.7705 3.5419 0.131866 0.663209 -0.736726 133 126 88
6.3464 -6.828 1.473 -0.579717 -0.271635 -0.768208 170 138 104
4.1645 -4.1336 2.1975 0.493272 0.446603 -0.746478 157 146 92
6.8834 4.9366 1.2446 -0.126491 0.683141 -0.719248 180 164 95
-4.4514 7.4845 2.192 0.38538 -0.104901 -0.916776 157 152 96
-6.9123 6.9946 1.2302 0.211348 -0.290374 -0.933282 177 152 113
2.5132 -7.2928 3.0406 -0.132048 -0.2184 -0.966884 147 153 85
5.712 -1.7138 1.67 -0.347055 -0.295832 -0.889964 145 153 120
1.247 -0.8314 3.462 0.199803 0.176839 -0.963746 151 127 75
-3.9899 -1.4823 2.3491 0.809186 0.368449 -0.457671 158 157 82
7.3659 1.0318 1.0673 -0.45253 -0.696076 -0.5574 169 154 106
-5.3469 -4.8551 1.8336 0.462261 -0.471847 -0.750783 159 124 100
-2.311 -4.5422 3.1284 0.237272 0.953952 -0.183516 155 152 76
0.9553 -5.4618 3.6446 -0.267015 -0.151255 -0.951749 147 117 73
2.4499 4.8847 2.9687 -0.220321 -0.693117 -0.686329 153 136 79
4.2531 6.8809 2.2631 -0.423041 -0.178653 -0.888324 176 134 95
6.2948 -1.7836 1.4523 -0.221274 0.0294907 -0.974766 170 121 112
-3.4568 4.00095 2.59815 0.000883656 0.243543 -0.96989 161 156 100
6.4612 7.5632 1.4366 -0.169668 0.0768203 -0.982503 153 154 108
2.3835 -3.4714 3.0965 -0.116906 -0.11607 -0.986337 155 131 85
0.0384 0.0321 4.0133 0.961401 0.135233 -0.239626 124 121 69
0.9765 -7.6105 3.4975 -0.0733721 0.161178 -0.984194 138 121 67
1.2374 -1.8341 3.5328 -0.375501 -0.106387 -0.920696 142 133 80
3.9487 -3.1573 2.3471 -0.412785 -0.14378 -0.899409 168 135 104
-4.9198 5.7826 1.955 0.704595 -0.371045 -0.604873 166 133 128
3.6103 -3.8782 2.532 -0.478289 -0.223518 -0.849281 143 138 88
0.9166 7.7156 3.5653 -0.793156 0.540562 -0.280529 161 127 77
7.6514 3.1026 0.9713 -0.447049 -0.690149 -0.56907 179 142 111
1.623 -2.4024 3.4204 -0.314312 0.558314 -0.767785 161 119 87
6.6145 7.4411 1.2914 -0.714505 0.0388125 -0.698553 174 154 107
2.1174 7.5314 3.1574 -0.123748 -0.309939 -0.942669 142 129 92
6.6041 5.6031 1.5193 0.0238651 0.968557 -0.247646 173 148 108
2.6794 -4.5257 3.0051 -0.376296 -0.286007 -0.88125 157 139 91
-0.7449 -1.2936 3.6789 0.327084 0.417188 -0.847921 135 136 78
-4.1477 2.5483 2.3707 0.634456 0.0713747 -0.769657 148 135 95
-6.3381 -6.5739 1.503 0.100395 -0.409999 -0.906544 156 134 88
-7.0618 -1.7345 1.1426 0.319849 -0.264421 -0.909823 173 141 113
-3.5975 -3.9725 2.4918 0.319354 0.142299 -0.936891 147 137 77
1.0052 2.7535 3.7042 -0.454293 0.659436 -0.598967 132 125 74
-0.6141 -2.5213 3.7869 0.643802 0.156439 -0.74903 136 135 61
-5.3397 4.3762 1.9176 0.261058 0.886261 -0.38261 161 125 95
-1.3114 7.1999 3.4739 0.554181 -0.168999 -0.81506 146 142 67
6.8012 -1.4489 1.2787 -0.202853 0.107407 -0.973301 174 141 111
-6.8763 -4.3766 1.291 0.230698 -0.126043 -0.964827 159 149 110
-5.1806 0.6742 1.9492 0.592724 -0.151579 -0.791013 166 129 96
-6.4299 -2.8821 1.4253 0.774721 -0.087972 -0.626154 158 129 100
2.9706 7.9879 2.8828 -0.29541 0.554363 -0.778084 156 129 76
3.4122 5.6421 2.6083 -0.31397 -0.088423 -0.945306 160 133 88
-0.8006 -7.7564 3.7351 0.279508 0.219086 -0.934814 161 128 81
3.0659 5.2578 2.8008 -0.168125 -0.187454 -0.967779 124 134 106
-6.89 6.294 1.2614 0.298081 -0.0792346 -0.951246 171 159 91
-6.0248 2.5608 1.5808 -0.00179847 0.314 -0.949421 174 145 103
-0.6525 -7.9238 3.6827 0.514052 0.0816812 -0.853861 143 133 76
3.9056 -6.8237 2.5002 -0.13838 -0.226152 -0.964213 151 137 81
-2.9789 -4.6937 2.8672 0.922553 0.192565 0.334386 132 134 84
-0.3602 -7.7027 3.8604 0.333779 0.098015 -0.937542 150 139 57
-4.8399 5.1943 2.061 0.260862 -0.133682 -0.956075 165 157 86
-1.5298 6.3621 3.4009 0.549269 0.466799 -0.693111 142 119 77
-6.6586 4.9096 1.3324 -0.0559973 -0.996111 -0.0680165 165 152 106
-4.9002 -1.6221 1.9838 0.231942 -0.190248 -0.953944 170 146 101
1.9876 7.4088 3.1708 -0.430388 0.0727776 -0.899705 162 138 87
-5.227 2.3693 1.9381 0.625476 0.284864 -0.726383 153 153 108
2.6154 6.6291 2.9621 -0.563905 0.0578142 -0.823813 155 144 89
0.5299 -1.3833 3.817 -0.604662 0.421029 -0.676105 145 102 57
3.8766 -4.5932 2.5226 -0.533914 0.0078542 -0.845503 142 118 97
-7.5895 -7.552 0.9779 0.0402796 -0.122673 -0.991629 159 155 125
-7.9575 -4.4282 0.8295 0.687411 0.649133 0.32572 162 157 115
-6.5558 5.1816 1.3117 -0.547252 -0.816044 0.185978 161 146 112
-5.607 -2.9058 1.7674 0.183235 -0.109617 -0.976939 165 129 105
-1.7418 -6.2266 3.2542 0.788777 -0.247665 -0.562577 155 135 71
6.3953 2.3021 1.4984 -0.697471 0.00248174 -0.716609 175 118 81
-3.8737 -1.055 2.3994 0.295284 -0.316888 -0.901326 163 133 91
6.897 -3.4248 1.3137 -0.884597 0.132868 -0.447028 169 148 129
-0.4392 5.0621 3.9089 0.100134 -0.854578 -0.509578 144 143 83
-4.0216 -4.7403 2.3752 0.447655 -0.150713 -0.881414 162 137 86
1.6261 3.8116 3.411 -0.0342063 0.0517576 -0.998074 135 119 64
2.0868 -7.5649 3.1453 -0.23095 -0.198092 -0.952587 143 131 98
1.0863 -3.6108 3.5553 -0.132768 -0.016332 -0.991013 143 127 84
2.2472 2.6031 3.197 -0.645687 -0.404782 -0.647487 161 133 82
-2.5496 5.5033 2.9255 0.149647 0.153747 -0.976713 163 141 77
-2.1455 3.2096 3.1809 0.660433 0.730171 -0.175153 155 130 75
-3.7218 4.3512 2.5675 -0.00282894 -0.0138421 -0.9999 160 127 83
-2.0947 4.4703 3.2165 0.466041 0.144878 -0.872821 141 145 84
4.3879 -3.5077 2.3906 0.444511 0.71755 -0.536221 176 143 106
6.7107 4.818 1.3464 -0.634847 -0.120886 -0.763122 155 140 113
2.3164 -2.3517 2.9894 -0.476962 0.224188 -0.849851 141 129 75
-3.2513 0.0064 2.7828 0.988977 0.131433 0.0681966 144 132 74
4.5159 -5.8684 2.2165 -0.780656 -0.195144 -0.593713 157 152 95
-6.9138 -4.2034 1.1688 0.190196 0.103506 -0.976275 178 137 97
-6.5335 -1.6699 1.3889 0.594039 -0.276882 -0.755284 176 155 113
4.8775 1.6851 2.122 0.149903 -0.920294 -0.36137 158 149 104
-3.7252 7.6237 2.4906 0.189674 0.17787 -0.965601 162 142 111
-1.8523 -6.558 3.2783 -0.0703429 0.0653132 -0.995382 130 139 96
1.0945 7.5463 3.6562 -0.910092 -0.0064679 -0.414356 137 115 74
2.9785 -4.1753 2.8073 -0.461436 0.0111353 -0.887104 153 139 87
1.8217 -3.2033 3.3005 -0.241744 -0.2765 -0.930112 144 148 76
-2.2657 7.3084 3.0516 0.137493 -0.0392049 -0.989727 132 151 74
-1.2744 3.4382 3.4779 0.613158 0.537605 -0.578808 155 129 56
0.9225 6.3532 3.677 -0.503768 -0.036527 -0.863066 132 121 75
-3.8423 6.832 2.4601 0.382861 0.119275 -0.916073 157 146 81
3.25 4.3901 2.6381 -0.252129 0.0105967 -0.967636 149 148 87
7.29695 -7.14355 1.09685 -0.381354 -0.138877 -0.913938 163 154 106
-1.3741 -3.3476 3.4045 0.00403736 0.0397593 -0.999201 151 137 70
2.5364 -4.8417 3.0297 -0.449661 -0.223779 -0.864713 158 127 57
5.02 -2.0739 2.0251 -0.403637 0.550667 -0.730646 160 138 100
4.1379 3.2334 2.3379 -0.412778 0.0628721 -0.908659 173 141 69
-4.2636 -0.7977 2.3038 0.0100949 0.332995 -0.942875 148 140 105
-6.2449 6.1603 1.4911 0.449725 -0.162419 -0.878275 151 125 91
-4.0146 7.1576 2.3436 0.561029 -0.0353745 -0.82704 185 142 87
-3.5793 0.2739 2.5558 0.236592 0.432491 -0.870043 150 135 102
-4.9414 -3.439 1.955 0.615359 0.678445 -0.401304 158 140 96
3.5301 2.2972 2.5833 -0.0841836 -0.262895 -0.961145 139 152 75
-2.0798 5.2974 3.1182 0.375503 0.0848772 -0.922927 142 146 87
-6.6956 -6.7686 1.3992 0.997465 0.0623738 -0.0342545 178 147 97
5.3257 0.7821 1.81 -0.292058 0.10833 -0.950246 182 137 99
-2.1054 -2.6155 3.1304 -0.018307 0.0459655 -0.998775 149 135 75
4.2269 -2.2108 2.2892 -0.649288 -0.369355 -0.664833 172 128 107
-3.0881 5.8643 2.7114 0.458483 -0.632757 -0.624028 153 135 81
-2.5207 -4.761 2.9434 0.287638 -0.124234 -0.949648 136 132 83
-0.6426 -3.0873 3.6553 0.290945 0.433756 -0.852764 131 130 66
1.0467 1.204 3.5863 -0.776925 -0.147355 -0.612107 154 116 73
-0.1865 -7.5357 3.9501 0.467507 -0.108099 -0.877355 156 157 71
5.3952 -6.3453 1.7965 -0.214392 0.170511 -0.961749 164 168 103
-6.8612 6.9577 1.3203 0.0523024 -0.512666 -0.856993 186 133 116
-1.7378 -7.7049 3.3463 -0 -0 -1 126 139 85
-5.5002 -6.8099 1.8285 0.208145 0.139822 -0.968052 163 141 107
6.2529 -6.9805 1.569 -0.357407 -0.082601 -0.930289 173 150 131
1.2293 1.7264 3.5042 -0.891811 -0.450906 -0.0368361 152 120 87
-3.2169 6.8449 2.8518 -0 -0 -1 154 139 102
5.687 -5.575 1.7607 0.0386892 -0.0847068 -0.995655 167 138 108
4.1963 -6.8544 2.2556 -0.345098 -0.12795 -0.929804 161 128 124
-5.5768 -4.6035 1.6925 0.843204 0.536882 0.0276426 166 136 113
6.1671 -0.7669 1.5159 -0.590803 -0.0129115 -0.806712 158 144 107
-7.8088 -6.2656 0.8827 0.248718 -0.0828912 -0.965023 184 163 128
0.2078 -1.8548 3.9714 -0.48645 -0.388057 -0.782802 139 116 63
-6.0947 4.8684 1.4648 -0.537851 -0.15381 -0.82889 154 170 101
-5.1786 -5.4485 1.973 0.296299 0.0065817 -0.955073 168 155 102
3.4994 1.5097 2.5852 -0.394101 -0.246357 -0.885434 166 154 94
-2.6406 2.035 2.9204 -0.381394 0.497118 -0.779367 134 142 89
-6.1842 -6.8932 1.516 -0.238286 -0.0666318 -0.968907 169 154 110
7.4657 -4.5498 1.0601 -0.361113 0.176295 -0.915706 167 132 112
-5.6216 -0.3814 1.7669 -0 -0 -1 159 149 103
-5.1253 2.4081 1.9154 0.475512 -0.0157748 -0.879568 153 141 104
-3.7697 -1.8411 2.5478 0.113844 -0.0298654 -0.99305 147 134 90
4.9208 -1.065 2.0107 -0.403555 0.049438 -0.913619 160 155 81
6.3987 -2.6231 1.4582 -0.0405597 -0.0352261 -0.998556 164 134 108
-1.5038 5.0972 3.3456 0.636779 0.22 -0.738994 154 112 72
-7.1229 -1.1343 1.1349 0.158566 0.11659 -0.980441 182 162 111
-1.9515 -6.197 3.1593 0.709418 -0.39424 -0.58421 134 137 66
5.3836 -6.5525 1.8713 -0.41169 -0.250744 -0.87615 143 143 86
6.5448 0.366 1.4462 -0.22815 0.194205 -0.954061 174 161 104
-3.133 6.3099 2.7103 0.618358 0.279477 -0.734525 156 132 63
7.541 -1.315 0.9603 -0.664721 0.506285 -0.549383 169 148 99
-2.6979 -7.1892 2.9453 0.615484 0.0945475 -0.782457 151 135 71
-6.7849 -6.9081 1.2823 0.24231 0.0159179 -0.970068 184 151 123
7.1334 0.5243 1.1329 -0.241183 -0.131977 -0.961464 179 165 106
-1.9655 1.4016 3.15 0.0974304 -0.441079 -0.892164 148 136 93
-4.7242 1.8427 2.1942 0.274443 -0.401807 -0.873632 137 137 86
5.5529 -2.2831 1.664 0.608578 0.202594 -0.767195 155 147 126
2.8647 6.4274 2.8614 -0.949902 -0.192885 0.24593 149 136 97
-3.1594 -5.1217 2.768 0.687617 -0.254457 -0.680025 159 142 85
5.0732 2.3569 1.9879 -0.468323 -0.0607731 -0.881465 160 152 98
0.4453 -2.6201 3.8412 -0.494944 0.719185 -0.48765 152 143 65
6.5475 1.0861 1.5388 -0.51778 -0.311276 -0.796876 168 157 120
-6.1204 -2.674 1.5582 0.257843 0.21115 -0.942832 162 137 110
-0.0142 7.9016 4.0704 -0 -0 -1 146 123 67
-5.7891 -7.8631 1.6306 0.733827 -0.585843 -0.343926 155 155 108
-4.2478 -4.9965 2.2641 0.476272 -0.129061 -0.869775 163 171 80
7.264 0.2947 1.0547 -0.331136 0.0415983 -0.942666 168 143 117
1.0727 -2.7652 3.5389 -0.242582 0.244732 -0.938755 140 131 75
-0.1224 -7.7628 3.8924 0.600096 0.540169 -0.590002 149 149 87
-7.7437 -7.2222 0.8829 0.285523 0.748373 -0.598677 176 152 119
-7.1176 2.2565 1.268 -0.268608 0.604173 -0.750217 165 140 99
5.4458 -6.5108 1.8007 -0.231786 0.0342667 -0.972163 167 144 96
0.0989 3.539 3.9167 -0.668564 -0.221522 -0.709895 163 115 58
-0.9961 4.3403 3.579 0.605751 -0.594831 0.528433 152 119 53
1.6117 -3.1415 3.339 -0.304748 0.229033 -0.924485 126 147 89
4.3728 -1.6358 2.2035 -0.941323 -0.117353 -0.316447 151 143 84
2.6457 -1.8163 2.9564 0.3228 0.315895 -0.892195 154 133 76
5.1331 -0.3017 1.9363 -0.347526 0.124812 -0.929326 152 132 117
3.7798 5.9681 2.555 -0.0546496 -0.151776 -0.986903 158 137 73
2.0196 6.0345 3.1598 -0.575455 -0.0495525 -0.816331 145 142 98
5.7804 -2.6236 1.707 -0.380351 -0.897693 -0.222441 169 138 99
4.6361 -4.8449 2.1012 0.483667 -0.434687 -0.75968 158 133 107
-1.7503 7.5859 3.2665 0.80961 0.524107 0.264278 155 134 72
1.506 -1.8122 3.3969 -0.237041 -0.299839 -0.924071 134 134 74
1.0668 -0.4334 3.6057 -0.158826 -0.142919 -0.976908 142 132 85
6.1981 7.6384 1.5168 -0.776665 0.332587 0.534955 165 145 98
0.8735 -3.5934 3.6188 -0.646265 -0.105488 -0.755787 147 133 79
0.3382 -5.8231 3.9226 -0.468386 -0.447145 -0.762021 146 144 68
-1.9636 0.3368 3.1897 0.187327 0.564485 -0.803906 148 144 77
-0.2964 5.9298 3.9386 -0.176657 -0.133585 -0.975165 145 131 72
6.1676 -0.6473 1.4931 -0.567115 -0.151949 -0.809501 166 159 115
-4.7675 6.431 2.0561 0.527899 -0.0159248 -0.849158 154 143 111
7.4419 -5.0825 1.0074 -0.535834 0.0425845 -0.843249 150 161 127
5.201 -5.7265 1.937 -0.150836 0.546779 -0.823578 149 145 106
4.722 4.0828 2.0456 0.222453 0.016825 -0.974798 144 135 105
2.5643 -7.4285 3.0258 -0.274821 0.11896 -0.954108 142 136 81
3.3163 1.1947 2.6742 -0.22997 -0.133785 -0.963958 152 138 89
1.1999 2.7493 3.5351 -0.514017 0.200671 -0.833977 154 116 71
-0.5633 2.6603 3.853 0.14422 -0.00937709 -0.989501 155 133 69
5.9394 7.4658 1.5735 -0.765496 0.414518 -0.492129 169 151 96
1.8447 6.945 3.303 -0.172421 0.288176 -0.941927 155 120 103
4.6755 -5.4712 2.1372 -0.392761 -0.252731 -0.884232 157 130 126
4.1003 0.1925 2.3383 -0.320135 0.0228233 -0.947097 143 143 86
1.6295 7.5561 3.4262 -0.539603 -0.157173 -0.827118 136 149 73
6.8702 5.6809 1.2592 -0.421204 -0.256426 -0.869962 179 161 106
2.8208 3.5813 2.86 0.281343 0.643488 -0.711877 166 132 110
-7.2552 6.4506 1.14 0.374816 0.143491 -0.915928 172 160 108
0.3885 5.571 3.8831 -0.484955 0.0163453 -0.874386 137 140 80
2.7309 5.523 2.9373 -0.273362 -0.0311396 -0.961407 145 142 84
6.5911 2.3983 1.3422 0.0525998 0.0316927 -0.998113 150 165 114
-5.4936 -7.3563 1.8581 0.190021 0.114391 -0.975093 165 133 102
3.7095 5.433 2.4733 -0.61022 0.14386 -0.779061 171 141 99
-5.5244 1.9306 1.8092 0.125402 0.455462 -0.881379 185 145 101
-7.5974 -2.4368 0.9217 0.354691 -0.289342 -0.889087 160 141 112
7.0845 -4.3074 1.1738 -0.249471 0.35886 -0.899435 167 139 116
4.4013 -1.8305 2.2758 -0.366192 0.408928 -0.835872 149 122 95
-3.8456 3.5112 2.4224 0.220382 -0.335304 -0.915971 165 152 102
7.6751 5.2932 0.9879 -0.36063 -0.349576 -0.864721 167 151 118
-2.1447 -1.2851 3.1814 0.485151 0.0996299 -0.868736 141 130 73
6.4017 -7.0153 1.499 -0.30794 -0.357791 -0.881566 173 139 104
4.4732 5.5301 2.3384 -0 -0 -1 149 151 99
-7.2373 -6.3979 1.1415 0.356783 0.230087 -0.905409 171 159 110
-6.9249 5.887 1.1288 0.408775 -0.11402 -0.905484 171 148 103
-5.6998 -6.7707 1.7755 0.757936 0.203573 -0.61975 178 148 107
-7.3783 0.8745 1.0001 0.924499 0.18131 -0.335303 174 156 109
4.3303 -2.9686 2.3103 -0.471353 0.0402931 -0.881023 165 145 88
-6.4848 0.7612 1.4316 0.272662 0.256897 -0.927178 172 146 104
-7.3271 4.7292 1.0686 0.150219 -0.0810096 -0.985328 183 155 102
-0.5394 1.1525 3.8258 0.469859 0.0648689 -0.880355 137 137 86
-6.6935 -2.5895 1.3579 0.115776 -0.246967 -0.962083 177 134 87
1.2695 0.6414 3.5763 -0.47775 0.444988 -0.757457 153 137 82
-0.0994 4.9856 4.0166 0.374689 0.104084 -0.92129 137 150 70
2.9935 1.7024 2.8513 -0.751542 0.095916 -0.652675 154 143 93
1.2267 -7.253 3.4991 -0.583834 -0.19893 -0.787124 140 133 63
-1.0716 -6.4821 3.5677 0.141999 0.418084 -0.897242 163 140 74
-7.5235 -1.406 0.9663 0.51853 -0.351341 -0.779543 171 149 108
2.4664 -1.0981 2.9278 -0.140852 0.27133 -0.952124 148 141 99
0.6827 0.0231 3.7481 -0.479681 -0.120612 -0.869114 151 133 83
-2.4869 5.8141 3.0056 -0.0312363 0.217679 -0.97552 142 124 73
-0.9662 3.0504 3.5202 0.33411 -0.0333839 -0.941943 141 136 81
4.0638 -4.2306 2.3907 -0.325794 0.123152 -0.937386 158 117 98
4.5553 -6.1867 2.131 0.323979 -0.543636 -0.774272 165 129 93
6.189 -1.7589 1.5265 -0.307482 0.0999854 -0.946286 160 152 112
-4.1522 6.3729 2.2356 0.618086 -0.699063 -0.359557 163 160 99
2.1113 5.7138 3.1313 -0.932411 -0.0960858 -0.348392 149 134 72
3.7655 -5.358 2.4847 -0.738503 -0.127176 -0.662148 154 134 92
5.9589 4.7605 1.6695 -0.601642 -0.287447 -0.745252 171 142 96
4.9923 0.9196 1.9799 -0.299906 0.328923 -0.89547 159 159 114
4.7546 -5.3612 2.0389 -0.502572 0.133805 -0.854118 165 145 95
-4.9725 3.9977 1.9704 -0.529971 0.594964 -0.604275 145 149 123
2.3809 -6.5729 3.0108 0.286838 0.451071 -0.845138 150 145 77
0.273 -0.097 3.8306 -0.624419 0.461797 -0.629955 150 132 69
-3.2558 1.8975 2.6972 0.42309 -0.15763 -0.892271 149 128 102
-0.3521 -5.9086 3.9529 -0.386246 0.702895 -0.597288 146 127 87
-3.4374 -7.4164 2.6267 0.27882 -0.146554 -0.949095 146 132 96
6.8245 3.8749 1.2963 -0.395129 -0.158903 -0.904778 165 148 101
-6.2285 -3.2554 1.4787 0.377856 -0.237633 -0.894849 172 143 127
-5.8481 0.7396 1.7453 0.563438 -0.108799 -0.818963 161 140 120
4.9013 6.487 1.9668 -0.602661 -0.499754 0.62213 159 147 77
2.474 2.0078 3.0697 -0.322138 0.0627259 -0.944612 145 134 93
4.6919 5.7728 2.0566 -0.34554 0.00455145 -0.938393 177 129 82
7.36 -1.5787 1.0074 -0.447498 0.138896 -0.883433 181 150 109
3.6554 -0.1382 2.5514 -0.2095 0.207924 -0.955446 166 134 88
-6.8756 -6.5679 1.2254 0.865499 0.153704 -0.476746 162 139 101
4.904 -2.2623 1.9861 -0.500642 -0.117727 -0.857612 148 157 103
-4.6728 3.5749 2.2071 -0.18105 0.292519 -0.938964 167 130 104
-4.1708 -4.1848 2.317 0.509654 0.129553 -0.85057 144 150 89
-5.0712 -5.8164 1.9995 0.515148 -0.0945583 -0.851869 182 137 112
-4.401 -5.3073 2.2037 0.585764 0.0663854 -0.807759 146 139 86
-6.8895 3.1607 1.2231 0.430519 0.0702268 -0.899845 165 149 130
5.8855 -6.1049 1.5859 -0 -0 -1 171 147 111
-7.2287 4.1504 1.0487 -0.120815 -0.479541 -0.869163 170 139 132
2.5651 7.7089 2.9706 -0.381148 -0.297102 -0.875475 153 138 71
3.7627 6.7489 2.5541 -0.434748 -0.0682449 -0.897963 166 126 66
4.6862 7.3835 2.1887 -0.201941 -0.138228 -0.969594 153 145 105
-5.8914 -0.9444 1.7714 0.203491 -0.215733 -0.955013 157 164 99
5.1964 1.1358 1.7952 0.101046 -0.564738 -0.819061 167 142 79
0.3557 -1.1983 3.9049 0.235284 0.12104 -0.96436 148 160 61
5.1602 -5.2623 1.9668 -0.531788 0.187879 -0.825774 158 132 104
-5.5784 -7.5584 1.7194 -0.281283 0.0250961 -0.959297 165 144 118
-0.7517 -2.955 3.6282 0.384076 0.236281 -0.892556 143 128 67
-0.4579 0.587 3.8439 0.0265423 -0.34987 -0.936422 152 126 61
-3.9961 6.4824 2.4495 0.343206 -0.327813 -0.880198 156 138 85
-3.6535 -4.3851 2.4412 0.29 -0.0114562 -0.956958 144 126 78
-7.0983 -4.5515 1.207 -0.386287 0.279917 -0.87888 163 163 107
7.4226 7.5509 1.0133 -0.493244 0.273644 -0.82573 151 154 93
-3.9122 -7.4309 2.3945 0.373459 -0.46831 -0.800758 157 145 87
1.5744 1.2392 3.279 0.79623 0.326763 -0.50916 153 125 76
-5.03 -1.5551 1.8969 0.216199 -0.346022 -0.912977 158 130 112
0.6032 -7.1848 3.873 0.274859 -0.30936 -0.910357 144 109 85
0.946 0.0769 3.647 -0.236779 -0.18999 -0.952806 152 118 73
-2.9257 -4.7045 2.7545 -0.161206 0.558097 -0.813966 157 133 94
-7.3282 -6.2731 1.1171 0.309731 -0.0812566 -0.947346 164 137 109
-6.0002 5.5547 1.6478 0.531267 -0.239162 -0.812746 158 156 88
-0.0014 -5.1192 4.0061 -0.197021 -0.180748 -0.963594 140 137 70
-3.7085 -7.7646 2.4361 -0.573991 0.383589 -0.72346 146 133 91
-6.5101 -0.7402 1.4107 -0.391039 -0.328277 -0.859839 167 160 104
-6.9036 0.441 1.2851 -0.270522 0.191939 -0.943386 165 141 107
-7.3803 -0.1705 1.0972 0.617326 0.0438003 -0.785487 173 153 109
-1.4121 -2.6488 3.4567 0.187687 -0.307569 -0.932832 143 128 82
-2.7177 3.9295 2.9322 0.602537 -0.78528 0.142425 123 137 84
-4.2929 5.1891 2.3074 0.600497 0.0485166 -0.798154 176 141 89
-7.5386 7.7403 0.9635 0.313496 -0.0648315 -0.947374 171 154 110
0.1524 5.2293 3.9667 -0.43101 0.19687 -0.880609 136 115 85
-3.3292 1.8127 2.6672 0.233664 -0.142814 -0.961772 141 152 88
-0.5064 1.9043 3.7695 0.172989 0.101127 -0.979718 143 126 67
7.5817 -5.7641 0.899 -0.393402 0.660114 -0.63991 160 137 112
-2.1876 -1.9053 3.0414 0.186712 -0.00708982 -0.982389 151 133 90
-2.3747 7.2459 3.0882 0.710179 -0.233246 -0.66426 158 140 65
-2.7634 2.2781 2.8154 0.71321 0.597845 -0.365941 146 128 83
-6.4528 3.4641 1.4253 0.489579 -0.0215986 -0.871691 167 160 99
-7.8644 0.2086 0.9293 -0.657645 -0.0443843 -0.752019 173 169 128
-2.7005 -3.9035 2.9192 0.527548 -0.41923 -0.738877 155 114 96
3.8957 0.5712 2.4853 -0.399731 -0.230057 -0.887293 158 168 84
5.4495 0.6514 1.7664 0.689006 0.587545 -0.424337 180 147 102
-3.0373 -3.1011 2.7738 0.509737 -0.0859169 -0.85603 160 132 78
-6.72 -6.8403 1.3325 0.297946 0.135143 -0.944968 172 158 101
6.9478 -7.9498 1.2215 -0.229962 -0.0415975 -0.97231 169 143 117
3.0486 3.0911 2.7766 -0.457743 -0.161416 -0.874309 168 138 78
5.3194 -5.7565 1.8688 -0.196044 0.183263 -0.963318 158 138 98
-4.6556 4.38 2.1999 0.175066 -0.00976078 -0.984508 183 155 80
2.0643 7.1023 3.2241 -0.389697 -0.0889394 -0.916639 166 128 69
6.2294 0.9642 1.4723 -0.545414 -0.0943519 -0.832839 145 145 88
3.53 7.5839 2.614 -0.277768 0.182639 -0.943127 175 136 106
-0.6454 3.7895 3.7915 0.251675 -0.0165085 -0.967671 154 139 87
-2.6779 -6.1127 2.9773 0.348149 0.301783 -0.887535 145 137 86
-6.0507 0.0067 1.5817 -0.352577 0.199237 -0.914327 155 149 120
1.7462 2.615 3.3536 -0.839213 -0.225955 -0.494637 156 156 88
-3.2367 3.5908 2.6824 0.539289 -0.83645 0.0975647 135 150 75
3.1531 -4.3279 2.7177 -0.193519 -0.060215 -0.979247 120 124 104
-7.48 -1.0051 0.9547 0.129661 0.0793822 -0.988376 150 157 121
-2.3883 6.1554 3.0601 0.50928 0.381182 -0.771579 135 126 90
-6.2185 7.8334 1.523 -0.0557373 0.699364 -0.71259 153 147 107
-7.1633 -4.8589 1.1737 0.404681 0.1107 -0.907733 187 137 112
-4.538 -2.83 2.2408 -0.131339 -0.382464 -0.914588 159 152 87
-6.0306 -0.9771 1.668 0.714463 0.0763942 -0.69549 173 172 97
-6.8936 -6.2682 1.2825 0.676846 0.16825 -0.716639 148 149 125
-3.5757 -6.1511 2.552 0.341452 -0.048639 -0.93864 155 144 91
0.2024 3.2085 3.9046 -0.443503 0.0312083 -0.895729 136 119 68
-5.7371 -5.3278 1.7183 0.332523 -0.11984 -0.93545 167 153 99
-2.8459 -2.1492 2.8914 0.00584939 -0.101575 -0.994811 145 127 88
-4.4102 2.5423 2.2842 -0.605898 0.76582 -0.215422 151 145 86
-6.0497 -6.692 1.643 0.0537098 0.126737 -0.990481 155 158 119
7.2158 4.1856 1.0924 -0.26298 -0.0956327 -0.96005 161 157 111
-3.2664 -2.1619 2.6217 0.450484 0.0156358 -0.892647 139 153 103
7.4861 2.679 0.9678 -0.330712 0.0356154 -0.94306 161 130 106
-7.4566 6.4736 1.0279 0.411528 0.0442584 -0.910322 174 144 115
6.0625 -0.8029 1.6432 -0.326 -0.226941 -0.917726 165 130 117
-0.6179 3.3472 3.8164 0.196899 -0.27075 -0.942298 125 134 67
1.5633 6.1778 3.3922 0.709516 -0.634277 -0.30705 134 129 81
-4.7435 3.0562 2.1935 -0.0116875 -0.104682 -0.994437 163 133 72
5.9237 -5.5599 1.6571 -0.546523 -0.217638 -0.808669 186 149 115
3.3078 6.4485 2.6889 -0.318547 0.387894 -0.864908 168 156 80
1.6232 5.1676 3.3108 -0.571488 -0.0360768 -0.819817 158 143 83
3.0396 3.5464 2.7028 -0.386726 0.834039 -0.393474 150 141 74
6.6339 3.8105 1.4322 -0.194246 0.105663 -0.975245 154 150 97
5.2833 7.8963 1.9169 -0.369077 0.517438 -0.772036 181 149 113
6.8304 -0.3863 1.2821 -0.0498633 0.250607 -0.966804 163 157 110
3.3502 2.7064 2.7021 -0.184785 0.261081 -0.947466 153 135 86
5.2637 -5.693 1.875 -0.039095 -0.324628 -0.945033 160 138 97
-4.4773 4.3945 2.169 -0.0344471 -0.66614 -0.745031 153 150 98
5.7851 5.0885 1.6118 -0.529899 0.271536 -0.803415 157 125 106
4.1629 -5.1723 2.3263 -0.108972 -0.563608 -0.818823 154 130 101
6.5932 2.2138 1.4129 -0.433778 0.0110573 -0.900952 171 155 100
-4.8108 1.0869 1.9669 0.000998984 -0.838669 -0.54464 169 147 86
-5.9396 4.4238 1.5331 0.617461 0.194605 -0.762149 156 137 105
3.9281 -4.1027 2.4366 -0.538031 -0.286326 -0.792805 157 132 99
-4.2797 -6.1882 2.2442 0.555348 -0.426662 -0.713826 161 132 95
6.9641 -0.446 1.2458 -0.0231248 0.357541 -0.933611 158 141 109
-5.6312 2.653 1.7581 0.146669 0.123154 -0.981489 156 146 116
2.567 4.4781 2.9151 -0.569939 -0.321715 -0.756088 152 129 110
6.458 5.2057 1.4247 0.196052 0.192285 -0.961556 170 148 114
3.4969 5.9498 2.6096 -0.234873 0.122163 -0.964319 156 126 112
3.1735 -1.2737 2.6841 0.210133 -0.0197476 -0.977473 163 143 90
2.846 3.0629 2.8235 -0.551438 -0.115759 -0.826145 167 127 87
4.5382 7.3978 2.1651 -0.196786 -0.408965 -0.89108 175 127 91
1.2303 5.2643 3.501 0.00767494 0.440403 -0.897767 151 107 78
-3.4932 -5.6491 2.6392 0.169264 0.222767 -0.960065 158 131 97
7.6596 -2.5176 0.832 0.424959 0.525619 -0.736976 170 157 116
-7.2167 3.9295 1.13 0.317936 0.0891299 -0.943914 173 135 96
1.2601 -7.898 3.4779 -0.35658 0.139413 -0.923804 152 140 70
2.5039 -2.311 2.9666 0.0228042 0.372432 -0.927779 149 127 78
4.9836 1.9469 1.9764 -0.710092 0.0958362 0.697557 141 147 105
-2.3832 -3.2157 3.1011 -0.0189076 -0.1202 -0.99257 144 123 76
6.1734 -7.5977 1.5525 -0.348646 -0.0237086 -0.936955 150 154 91
-3.9445 2.9003 2.4337 -0.522859 0.444863 -0.727128 148 149 110
7.3619 6.8518 1.0772 -0.13176 0.105614 -0.985639 167 153 97
-3.4483 3.483 2.6821 0.475892 0.159115 -0.864991 162 138 94
-4.7783 4.7132 2.1749 -0.0859453 -0.37273 -0.923951 155 140 107
-2.1653 -7.7242 3.0733 0.356404 0.121002 -0.926463 139 151 85
7.7262 -5.4362 0.9064 -0.330669 0.0418922 -0.942817 152 164 113
-1.0751 5.4636 3.5091 0.172579 0.939111 -0.29713 151 138 80
3.5137 -1.8848 2.488 0.0767049 -0.0536081 -0.995612 151 149 94
-4.8345 -1.1635 2.1143 0.396977 -0.151723 -0.905201 150 141 114
-4.3466 -6.1789 2.2044 0.896128 -0.439201 -0.0636944 140 136 95
2.8885 2.4526 2.8272 -0.459284 -0.0181687 -0.888104 165 135 102
6.447 2.8395 1.3722 -0.498521 0.218862 -0.838795 169 158 108
7.0162 6.9489 1.2964 -0.278723 -0.0506357 -0.959036 163 147 119
2.1865 -1.3644 3.128 -0.113867 0.0344299 -0.992899 157 124 76
2.6923 7.8561 2.8436 -0.390072 0.409047 -0.824939 153 127 83
5.7385 2.6136 1.6387 -0.509351 0.0219694 -0.860278 167 154 101
0.631 5.4304 3.7292 -0.173206 0.0305457 -0.984412 132 136 78
-1.109 2.6781 3.5004 0.551585 -0.308072 -0.775142 139 132 70
2.8971 7.7455 2.858 -0.576219 -0.0661229 -0.814616 150 139 83
4.8691 6.7849 2.0463 -0.437193 -0.0102449 -0.899309 166 150 101
2.8844 -6.8616 2.854 -0.813735 0.166208 -0.556965 165 145 102
-4.7652 -2.4203 2.0705 -0.0971343 -0.867029 -0.488698 164 155 99
4.7228 0.5 2.0716 -0.542491 -0.36564 -0.756314 162 147 95
-3.3686 -7.8196 2.767 0.193579 -0.063826 -0.979006 147 140 85
-2.6065 -4.8673 2.9416 0.290224 -0.103282 -0.951369 154 127 75
6.131 1.7047 1.5887 -0.803969 -0.301436 -0.512611 165 152 98
-4.0244 -4.3246 2.3911 0.173224 0.0355306 -0.984241 149 142 93
1.8749 0.5205 3.2645 -0.947474 -0.310144 -0.0781217 147 142 72
-4.4508 -5.1103 2.2673 0.465674 -0.13305 -0.874898 167 143 81
-3.5197 1.8438 2.4365 0.963527 -0.252811 0.0877589 149 153 101
1.9284 -2.2744 3.2106 -0.432345 0.0499392 -0.900324 161 136 84
7.8836 -2.0784 0.813 -0 -0 -1 173 155 123
-5.7004 2.4262 1.6838 0.205307 -0.239347 -0.948979 152 152 100
-1.1349 -7.728 3.5227 0.330298 0.0454466 -0.942782 148 129 67
6.1048 5.9581 1.5112 -0.447097 0.124606 -0.885764 175 151 114
3.6952 5.3872 2.4821 -0.314069 -0.162115 -0.935457 152 144 88
-1.6266 -0.4523 3.378 0.492597 -0.208605 -0.844886 156 128 96
-1.5191 -5.8017 3.4312 0.435606 -0.136955 -0.889658 147 97 78
-0.2754 5.0613 3.8599 0.341119 0.16782 -0.924919 153 121 58
4.5946 -2.8388 2.1921 -0.48836 -0.0542724 -0.870953 143 137 108
-0.7095 3.7063 3.7374 -0.010659 0.22013 -0.975412 126 119 62
-7.6724 -5.3967 0.9714 0.849033 -0.299304 -0.435385 167 171 117
6.8763 6.3242 1.2806 -0.283684 0.00126829 -0.958917 167 154 126
-5.58 0.019 1.7712 0.244413 0.0507307 -0.968343 163 162 112
-7.6859 -3.8463 0.9845 0.972284 -0.0315097 -0.231671 154 156 118
3.7249 6.6381 2.5501 0.0300076 0.676974 -0.735395 160 125 83
2.4977 -6.6794 2.9936 -0.392695 -0.0573524 -0.917879 133 135 93
-2.3885 -5.0955 3.0101 0.865032 -0.467225 -0.182813 148 129 87
3.4197 1.8574 2.6287 -0.188853 -0.605031 -0.773481 162 146 91
1.5237 -7.4868 3.3745 0.0861675 0.669311 -0.737969 154 134 81
-3.4942 7.3105 2.5942 0.92524 0.30214 0.229439 140 120 85
4.8796 -4.3175 2.0007 -0.346461 0.0377616 -0.937304 171 137 96
-0.4471 -4.5997 3.7333 -0.69549 -0.211999 -0.686549 138 131 64
-7.6083 4.0868 0.9028 0.399975 0.277565 -0.873486 162 156 114
-6.8917 -3.8948 1.2785 0.353803 0.0104017 -0.935262 159 169 115
-7.0193 -5.3127 1.286 0.414724 0.195842 -0.888622 162 142 106
-3.6503 4.3963 2.5272 -0.845134 -0.0317912 -0.533609 143 130 109
-7.4755 -0.069 1.0268 0.597103 -0.0169107 -0.801986 165 152 112
3.6323 -7.112 2.452 -0.840013 0.397661 -0.369113 158 133 102
1.1145 -1.1667 3.5919 -0.440733 -0.438768 -0.783095 135 128 74
-0.0848 7.6625 4.0428 -0 -0 -1 116 133 73
-5.6458 5.6609 1.7762 0.496708 0.0936404 -0.862851 167 144 105
-3.649 0.468 2.6222 0.627126 -0.159692 -0.762372 156 133 103
-7.9008 7.4888 0.8239 0.806984 -0.311246 -0.501899 180 149 123
-6.9242 1.5502 1.3013 0.467186 0.68071 -0.564244 173 159 90
-0.8427 -2.9455 3.6963 -0.563444 0.128857 -0.816043 144 124 83
-2.8247 -7.3248 2.8557 0.991512 -0.0598194 0.115439 157 130 89
3.431 2.8746 2.6882 -0.209175 0.131305 -0.969023 138 142 103
2.9743 0.5619 2.7979 0.134046 -0.698633 -0.702811 156 140 81
3.7062 -6.3006 2.4773 0.243791 0.966201 -0.0837963 156 155 72
6.9272 -3.796 1.2204 -0.424087 -0.0503176 -0.904222 176 151 119
6.3568 0.4313 1.5272 -0.271864 -0.175981 -0.946108 170 147 99
-6.0653 3.2119 1.6177 0.120958 0.0309786 -0.992174 161 151 113
-1.7407 -1.7527 3.3112 0.313681 0.0184497 -0.949349 133 128 65
-7.5391 2.7446 0.9687 0.513964 -0.104811 -0.851384 177 158 114
2.0207 7.1686 3.0953 -0.41514 -0.0885339 -0.905439 169 143 84
-5.6912 -7.6679 1.7512 -0.318283 -0.0650992 -0.945758 155 143 117
0.2231 -6.5044 3.9422 -0.479975 0.197893 -0.854671 144 127 54
-3.5869 -5.8408 2.482 0.333131 -0.0649211 -0.940643 154 135 92
-5.5235 4.0764 1.7898 0.451667 0.345334 -0.822643 166 143 109
-3.7446 -3.6313 2.4316 0.600513 -0.0872654 -0.794839 171 147 97
-5.2667 -7.5975 1.873 0.67248 0.194743 -0.714035 173 155 114
5.4491 -5.6313 1.7724 -0.7064 -0.320089 -0.631302 169 145 134
-2.1654 -1.5556 3.1324 0.0269755 -0.399625 -0.916282 135 129 83
5.828 -0.8506 1.6819 -0.416178 0.18541 -0.890179 160 138 117
-3.8907 1.7018 2.4188 0.91863 0.206116 -0.337099 147 126 106
7.7248 -3.6444 0.929 -0.52866 -0.053861 -0.847123 165 136 114
0.329 -6.6989 3.8771 -0 -0 -1 138 135 65
1.3545 -0.8528 3.5915 0.759622 -0.0855539 -0.644713 141 116 76
7.7717 -0.4908 0.8451 0.115503 -0.819444 -0.561401 156 143 129
1.3653 -1.5728 3.4096 -0.398201 0.196181 -0.896074 150 125 62
-7.8597 5.3336 0.8583 0.12492 -0.112646 -0.985751 159 155 124
-2.7438 3.0301 2.8947 0.24708 -0.858209 -0.449922 151 145 85
5.5516 3.1268 1.834 -0.282281 -0.239866 -0.928861 181 150 100
-6.5464 4.4108 1.4579 0.297369 0.175045 -0.938579 143 146 102
2.7692 -6.3294 2.9405 -0.559565 0.130847 -0.818392 157 131 61
4.5019 6.4037 2.2363 -0.123911 0.198517 -0.972233 152 144 89
-4.4655 -7.7054 2.1886 0.915204 -0.275178 -0.294412 160 138 109
5.1613 1.1595 1.9922 -0.523125 0.232698 -0.819873 163 156 118
5.8519 -0.7524 1.6548 -0.320926 0.0520856 -0.945671 182 140 102
7.4154 -2.1045 1.0459 -0.253621 -0.29606 -0.920883 176 163 121
5.6241 5.1275 1.7963 -0.390595 -0.0365408 -0.919837 165 143 83
-5.6985 6.6822 1.7759 0.571224 -0.122938 -0.811535 170 148 106
6.5183 -7.4177 1.417 -0.127484 0.241206 -0.962064 170 149 128
3.7589 -3.1312 2.5442 -0.568645 -0.350055 -0.744382 149 162 83
-3.4782 -5.2434 2.5842 0.270383 0.611926 -0.743262 160 147 100
5.5348 -1.9109 1.816 -0.209674 0.151503 -0.965963 160 145 99
-0.4364 3.6265 3.8419 0.241473 -0.213369 -0.94666 139 133 73
2.0618 0.248 3.1967 -0.515884 -0.345176 -0.784039 143 143 96
5.7321 0.4516 1.7594 -0.378046 0.0322766 -0.925224 155 147 108
-4.8725 -3.1036 2.0223 -0.450578 0.533434 -0.71584 166 137 114
2.0933 -4.8083 3.1537 -0.149732 0.288567 -0.945679 148 119 83
-2.3388 1.327 3.0786 0.352251 -0.0132182 -0.935812 147 112 72
-2.5395 6.8029 3.0439 -0.563992 0.054105 -0.824006 148 143 83
4.7287 7.1736 2.1688 -0.648661 0.157154 -0.744676 147 146 100
1.3728 -6.0539 3.4181 -0.530696 -0.321559 -0.784195 158 139 88
-6.1834 -1.9309 1.5807 0.489175 0.51112 -0.706728 164 141 119
3.6838 -1.853 2.5597 -0.034791 0.755933 -0.653724 143 142 103
1.3882 4.612 3.5029 -0.294319 0.379962 -0.87693 142 149 82
2.9341 -0.5346 2.8284 -0.400204 0.598072 -0.694368 167 133 91
-2.7477 6.8935 2.9287 0.45121 0.273169 -0.849581 135 137 74
-5.3009 -7.2498 1.8625 0.464874 0.0995665 -0.879761 155 159 93
-3.6599 6.4968 2.5332 0.217745 0.660162 -0.718869 160 146 95
1.1132 -6.465 3.5149 -0.351705 0.614423 -0.706249 141 141 77
-4.5934 6.7977 2.147 0.850192 0.0596648 -0.52308 184 147 94
2.8522 -0.9856 2.8216 -0.100345 0.202523 -0.974123 158 155 94
-4.537 0.6385 2.2108 -0.577077 0.479833 -0.660866 175 155 92
-2.2252 -5.9128 3.0787 0.483621 -0.0929433 -0.870329 138 137 81
0.4362 -5.4192 3.7811 -0.562011 0.179011 -0.807526 144 118 81
3.8484 6.894 2.479 -0.177516 -0.386417 -0.90508 173 127 93
1.8247 -5.4513 3.3179 0.134141 -0.78293 -0.607476 142 137 82
5.4216 -3.6975 1.8063 -0.203562 -0.14388 -0.968432 188 151 96
1.4283 -6.3952 3.4484 0.124353 0.145782 -0.98147 158 119 92
7.6591 2.0153 0.9948 -0.301992 -0.0833288 -0.949662 160 159 120
-7.3547 1.8555 1.1113 -0 -0 -1 165 169 116
3.0485 -1.5357 2.8069 -0.514609 -0.0963098 -0.851999 151 146 82
-6.2776 4.1974 1.5318 0.631611 -0.000206894 -0.775285 148 157 94
6.99 -5.373 1.1933 -0.755132 -0.202377 -0.623554 161 150 110
7.9463 4.9208 0.8462 -0.527467 -0.0413484 -0.848568 162 147 112
0.1602 3.734 4.0404 -0.424608 0.0108238 -0.905312 133 134 78
-6.5445 -4.1508 1.3573 0.539003 0.233552 -0.809277 161 124 110
-3.9198 4.0903 2.4676 0.598636 0.61155 -0.51734 142 141 96
-3.8856 4.3887 2.5051 0.665734 0.508345 -0.546246 159 146 94
0.25 2.5146 3.7371 0.710384 0.244216 -0.660086 134 137 64
-1.2335 1.4896 3.4559 0.430133 -0.304961 -0.849697 133 134 89
0.4461 -2.6312 3.7753 -0.494944 0.719185 -0.48765 139 116 88
-5.5206 -3.8343 1.7573 0.517943 0.257076 -0.815872 140 131 100
7.2216 0.1636 1.1553 -0.179475 -0.165557 -0.969732 166 161 117
6.5067 -5.3249 1.4446 -0.268678 0.0694483 -0.960723 150 154 104
-2.86025 -7.13865 2.838 -0.503487 -0.0529287 -0.86238 153 139 94
2.9065 -7.3502 2.8893 -0.428703 -0.0942611 -0.898515 148 128 76
-3.3274 -5.5218 2.6029 0.026429 0.143559 -0.989289 143 131 89
-3.9044 -1.3231 2.4955 0.364477 -0.489298 -0.792303 159 123 96
3.7176 -0.8215 2.4797 0.047259 -0.109132 -0.992903 152 138 113
-3.3169 -6.8445 2.6047 0.157463 -0.247171 -0.956092 155 142 101
-4.7497 0.338 2.1236 0.293581 -0.0997469 -0.950716 150 153 101
4.111 -6.9578 2.3865 -0.596856 -0.12275 -0.792903 167 151 68
2.1408 -2.6368 3.0909 -0.254073 -0.436887 -0.862888 172 130 79
-5.5509 -5.8404 1.7332 0.206084 -0.343684 -0.916194 172 134 109
2.5967 1.666 3.0052 -0.962026 -0.177106 -0.207699 149 152 77
-4.3941 -7.8512 2.2213 0.360443 -0.600034 -0.714171 146 162 85
0.3312 -6.2447 3.8867 -0.431946 0.105271 -0.895735 147 120 53
4.072 -0.5216 2.3187 0.60378 0.466231 -0.64659 151 143 95
4.9367 4.2523 2.0479 -0.3984 -0.18204 -0.898966 142 159 105
1.1434 -2.5517 3.4641 -0.547644 -0.104676 -0.830138 129 144 64
5.8763 1.5316 1.6233 -0.751152 0.106305 -0.651513 156 149 106
7.1886 6.1864 1.1849 -0.161462 0.0830185 -0.983381 169 138 112
6.7725 -5.9183 1.2495 -0.233908 -0.50537 -0.830595 158 160 115
-6.1538 -3.1289 1.522 0.637185 0.311182 -0.705097 154 128 115
3.1345 -1.945 2.8445 -0.583623 -0.0107125 -0.811954 164 129 84
-0.7808 7.0099 3.608 0.164218 -0.274481 -0.947466 148 139 44
0.494 2.9231 3.7395 -0.389581 0.254713 -0.88507 144 119 66
-0.2082 0.0719 3.9374 -0.180602 0.117667 -0.976493 147 116 77
0.6727 3.8771 3.6887 0.62877 -0.750557 0.203255 159 120 85
-1.4284 -6.6847 3.4311 0.841629 0.184839 0.50744 139 127 85
-2.9946 -7.0113 2.7275 0.281376 0.0378428 -0.958851 139 141 98
1.4495 6.764 3.4348 -0.416999 -0.0671055 -0.906426 166 132 89
-7.399 -3.9938 0.9331 0.121534 -0.205598 -0.971061 169 141 110
2.6281 -5.0405 2.9227 -0.474948 0.232215 -0.848823 163 119 106
2.0806 7.4182 3.1729 -0.490572 0.141435 -0.859846 147 130 85
-2.7996 -4.0205 2.8774 0.478633 -0.494801 -0.725316 152 136 79
-0.6912 -3.4067 3.7239 0.477547 -0.386747 -0.788908 159 116 90
-2.8494 7.1361 2.8653 0.291925 -0.0760257 -0.953415 150 148 73
6.805 -6.4886 1.301 -0.388722 0.0501309 -0.91999 167 152 123
-1.0656 -7.4446 3.5885 0.783188 -0.244308 -0.571779 146 124 95
-4.5853 -5.0223 2.1809 0.320723 0.0954553 -0.942351 157 135 91
-2.846 -7.7429 2.8508 0.242286 0.150186 -0.95851 168 132 75
2.3841 -7.4189 3.0733 -0.146757 0.0690167 -0.986762 128 132 57
-5.2608 -4.6956 1.765 0.62301 -0.314357 -0.716266 177 146 94
-0.2252 4.9658 3.969 0.570805 -0.217939 -0.791634 144 130 55
3.0582 3.0998 2.7115 0.0875154 0.323439 -0.942193 150 140 76
0.7193 -1.8191 3.6754 -0.438363 -0.169797 -0.882614 141 131 60
6.1304 -6.3827 1.4698 0.106179 0.96669 -0.232889 153 136 101
-2.4274 -6.5002 3.087 0.206584 0.019792 -0.978229 137 142 76
7.055 2.5988 1.1894 -0.203126 0.0109351 -0.979092 172 146 110
-4.9591 2.2885 2.06 0.0774103 -0.0380023 -0.996275 169 147 123
-5.4332 6.93 1.8181 0.738235 -0.343988 -0.580242 165 138 117
3.7818 -7.0145 2.4075 -0.572859 0.812979 0.104391 156 153 98
4.5969 0.5392 2.2109 -0.494423 -0.19648 -0.846724 176 131 90
7.8043 -0.5358 0.8971 -0.322099 -0.732533 -0.599707 169 168 106
-1.6094 5.8077 3.3752 0.0909877 -0.00447051 -0.995842 141 121 79
5.944 3.522 1.5535 -0.310112 -0.409093 -0.85818 161 150 90
5.7297 -3.4697 1.7451 -0.204489 -0.138628 -0.969003 154 136 111
2.3922 3.4096 3.0503 -0.586227 -0.182004 -0.789438 137 127 87
3.8964 2.4272 2.4358 -0.647849 0.3464 -0.678453 143 131 94
5.7188 5.2738 1.7729 -0.307943 -0.096998 -0.946447 178 146 112
3.9456 1.5685 2.4163 -0.161144 0.324807 -0.931951 164 153 80
0.4362 6.9007 3.8385 -0.440119 -0.232119 -0.867419 134 129 83
-3.1786 1.765 2.845 0.456259 0.361924 -0.81292 155 136 88
7.0255 -0.4274 1.2109 0.0959437 0.265934 -0.959205 180 155 113
4.8695 0.6887 2.0078 -0.314402 -0.209441 -0.925897 150 144 97
-7.4369 2.9814 1.0914 0.226787 0.97391 0.00823959 162 155 117
-5.4586 6.0658 1.8621 0.0297358 -0.077496 -0.996549 145 137 112
6.9868 -4.6038 1.2595 -0.390408 0.00425519 -0.920632 159 146 136
2.4956 4.2261 3.0636 -0.156159 -0.199968 -0.967278 136 144 100
2.3408 -0.0663 3.1034 -0.660775 -0.219039 -0.717912 151 139 74
-0.5125 2.0573 3.7678 0.307546 0.0391793 -0.950726 137 138 68
0.3855 4.4029 3.8416 -0.316073 0.145349 -0.937535 138 128 73
4.9067 7.2803 2.0653 -0.22909 -0.0980672 -0.968453 160 140 96
-2.6424 1.6709 2.928 0.267053 0.261158 -0.92762 160 132 74
-5.6051 1.0978 1.8132 0.560282 0.818363 0.127929 139 143 106
1.3238 -3.3037 3.4426 -0.350577 0.0436402 -0.935517 168 136 86
-1.1868 0.1582 3.5377 0.507964 0.0639331 -0.859002 134 124 68
6.6227 1.0272 1.4169 -0.581306 -0.00797631 -0.813646 159 145 109
5.6768 2.6076 1.6564 -0.734076 -0.140964 -0.664275 151 142 96
-5.9943 -7.9513 1.657 0.462718 -0.180952 -0.867841 159 133 114
-7.379 -3.1466 1.1103 0.205201 -0.455085 -0.866481 173 157 108
6.4432 1.8915 1.4589 -0.70847 -0.0728077 -0.701975 160 134 124
7.5775 -6.1743 0.9822 0.0483115 -0.0559878 -0.997262 163 159 93
2.9482 -3.0188 2.8371 -0.298657 0.0903304 -0.950076 162 136 86
5.6543 0.293 1.7287 -0.210001 0.199683 -0.957092 182 157 116
4.9333 -4.9897 2.0736 -0.521626 -0.575246 -0.630078 173 139 108
7.8261 0.0628 0.9164 -0.476017 -0.867666 0.1434 175 166 103
-5.9983 -7.2677 1.5289 0.579911 -0.199908 -0.789772 157 154 113
-5.2015 7.3498 1.968 0.410518 -0.808116 -0.422402 162 158 96
6.7157 1.9043 1.3321 -0.254148 -0.233079 -0.93866 166 145 106
-6.1818 6.658 1.5633 0.543507 -0.0868846 -0.834896 170 133 120
6.0369 -4.0454 1.7192 0.492951 0.700935 -0.51545 153 137 103
-3.4331 -5.1979 2.665 0.0950758 0.322947 -0.941629 151 128 93
5.8022 -2.3514 1.6768 -0.398066 -0.54834 -0.735437 155 153 79
-5.2955 1.5125 1.8865 0.749558 0.0495503 -0.660082 176 141 111
1.1069 3.2587 3.5383 -0.375451 0.203781 -0.904163 147 129 68
-4.6129 6.4153 2.1051 0.482037 -0.0381088 -0.875322 165 135 85
-7.7493 -0.3715 0.9233 0.449306 -0.0796753 -0.889818 171 139 120
-2.2354 -0.517 3.0975 0.316947 -0.0716717 -0.945731 144 105 91
-0.8464 -3.482 3.6613 0.558887 -0.0598738 -0.827079 147 120 76
4.8819 -1.1992 2.0504 -0.193994 -0.112781 -0.974498 172 133 97
-3.9953 7.7801 2.4131 0.415564 0.167971 -0.893919 159 153 93
0.3001 5.7913 3.8878 -0.565296 -0.0773642 -0.821252 153 141 70
-6.1543 -5.1493 1.5382 0.0601173 0.253853 -0.965373 172 146 119
-4.3479 6.119 2.2883 0.30572 0.00102482 -0.952121 169 142 95
3.8915 -0.9019 2.4807 -0.138153 0.410879 -0.901162 154 142 89
3.1349 -3.9123 2.702 -0.218893 -0.184875 -0.958075 160 136 72
-6.9278 -7.7241 1.2793 0.267419 -0.290717 -0.918679 168 160 118
-5.1993 -6.9087 1.9524 0.203695 0.677228 -0.707015 160 148 112
-6.7335 0.5338 1.3645 0.158677 -0.197901 -0.967294 166 139 123
6.2898 -5.0913 1.4202 -0.330693 0.030525 -0.943244 171 147 104
2.1829 1.8584 3.1255 -0.630383 0.0375899 -0.775374 151 130 114
6.8132 1.1468 1.2164 -0.600719 -0.38137 -0.702633 184 158 121
6.2666 0.7727 1.4689 -0.380085 -0.143438 -0.913762 165 146 101
2.6609 -7.7246 2.8947 -0.155862 0.0506375 -0.98648 154 142 91
5.4797 -5.4282 1.7962 -0.40078 -0.109924 -0.909556 165 125 106
7.9448 -6.9659 0.8555 0.490381 0.0530811 -0.86989 178 156 111
-5.9789 -3.1946 1.6645 0.135588 0.543089 -0.828656 155 144 101
5.6186 1.9734 1.6476 -0.339589 0.127941 -0.931832 163 141 103
-1.6168 3.8651 3.3688 0.598835 0.0310944 -0.800269 146 139 81
-2.8048 7.5735 2.9101 -0.417929 0.736771 -0.53151 139 154 56
-7.0099 -0.3194 1.1977 0.239342 -0.0864087 -0.967083 178 143 126
-7.7006 2.7712 0.8585 0.358481 0.233758 -0.903797 162 163 116
-2.3682 0.6258 3.0282 0.171605 -0.0161262 -0.985034 138 127 73
6.2349 -7.7867 1.5421 -0.575249 0.115911 -0.809725 166 146 98
0.5421 0.3421 3.8099 -0.275275 -0.178302 -0.944686 142 123 78
5.1473 -2.877 1.9436 0.410784 0.43587 -0.800795 142 143 93
0.2302 1.9558 3.7996 0.645829 -0.762848 -0.0311248 150 131 80
2.9486 -2.0544 2.9355 0.178691 0.914365 -0.363327 161 137 90
-5.0159 7.5569 1.9562 0.174603 -0.00130832 -0.984638 159 138 92
5.0556 -7.0393 1.9598 -0.201289 -0.17796 -0.96323 166 158 87
-7.2102 -6.5694 1.0709 0.291792 0.00595466 -0.956463 169 171 121
-7.8563 7.5031 0.8838 0.806984 -0.311246 -0.501899 171 142 114
6.9088 -5.3611 1.2533 -0.522744 -0.240497 -0.817863 159 149 95
6.9869 3.8905 1.1713 -0.362587 -0.0514145 -0.930531 167 139 131
7.6537 1.867 0.8553 -0.351485 0.092281 -0.931634 170 149 109
-4.76 -4.509 2.1149 0.142985 -0.258037 -0.955496 172 141 99
2.5515 -5.0072 3.0152 -0.534204 0.303633 -0.788944 141 149 84
6.238 -2.0506 1.4741 -0.115106 -0.104784 -0.987811 169 148 112
-4.0685 -2.0769 2.3348 0.45815 0.177519 -0.870968 153 147 87
-7.6494 -7.5561 1.0105 -0.0174138 -0.200805 -0.979476 147 149 123
-1.378 5.7222 3.4165 0.633655 0.0266232 -0.773157 142 144 59
4.9865 -0.8876 1.9855 -0.242861 0.0985355 -0.965044 164 136 95
-3.7497 -4.756 2.4838 0.469611 -0.189042 -0.862397 171 125 103
7.8927 1.9334 0.8438 -0.489582 -0.256663 -0.833327 187 160 110
3.4272 -4.9984 2.6076 -0.574256 -0.0899553 -0.813719 133 139 86
-2.8698 -6.8981 2.8013 0.375883 0.256036 -0.890594 155 132 85
-6.3667 5.1531 1.5573 -0.927456 -0.232235 -0.293076 163 156 97
0.6961 1.4988 3.7097 -0.396351 0.0534636 -0.916541 134 127 82
5.3235 -4.6563 1.9367 -0.11873 -0.212693 -0.969879 144 130 98
-1.3796 5.9471 3.5132 0.391058 0.0720287 -0.917543 143 132 87
-5.1879 -3.1612 1.9646 0.489814 0.270357 -0.828848 147 135 96
1.7043 3.3453 3.2829 -0.137538 0.175243 -0.974871 140 137 81
2.5763 3.1944 2.9602 -0.306675 -0.0481317 -0.950597 142 123 90
5.7423 1.0002 1.7867 -0.919691 -0.177038 -0.350466 142 151 87
7.2842 -5.4504 1.1344 -0.968406 -0.188561 -0.163203 165 152 112
7.7124 -7.8815 0.9794 0.787723 0.420148 -0.450519 178 152 103
-7.0271 4.199 1.1308 0.45282 -0.310263 -0.835877 163 136 108
7.9609 4.2418 0.8711 0.819929 -0.211159 -0.532099 154 160 101
0.8878 -7.3568 3.6647 -0.504298 -0.075762 -0.8602 152 135 93
6.6262 4.9608 1.3971 -0.456916 -0.0598342 -0.887495 179 150 109
-4.956 0.6814 2.0701 -0.0650159 0.0966356 -0.993194 142 144 94
-2.4569 -3.3224 3.0655 0.0706261 0.305346 -0.949619 147 138 75
4.5623 -2.0802 2.0649 0.702985 0.0876339 -0.705785 167 133 109
-1.3074 7.6296 3.5075 0.19964 -0.145754 -0.968968 126 131 58
4.9541 2.508 1.994 -0.515513 -0.181184 -0.837507 156 139 105
5.5354 -7.8123 1.7942 -0.750416 0.133146 -0.647416 176 133 102
-1.3166 2.6813 3.4974 -0.0319233 0.0935435 -0.995103 150 129 83
-3.412 -4.2843 2.558 0.760838 0.572145 -0.306228 129 127 99
-6.2371 6.1167 1.5665 0.522433 -0.10087 -0.846693 164 150 112
-7.9541 -7.1905 0.8762 -0 -0 -1 153 152 106
1.7681 -0.2263 3.2687 0.0389421 0.770256 -0.636544 149 123 89
2.3235 -2.1266 3.1147 -0.778909 0.0611186 -0.624152 154 132 96
7.8114 5.6709 0.8654 -0.397149 -0.127595 -0.908841 169 165 122
-4.3105 5.7977 2.2789 0.656397 0.0783983 -0.750331 146 148 103
3.6019 2.8767 2.524 -0.944613 -0.00334799 0.32817 161 166 90
-1.0095 4.3048 3.5544 0.811193 -0.568684 0.13625 145 129 64
3.2239 -7.3418 2.6957 0.177505 0.964134 -0.197329 145 127 93
3.6293 5.1155 2.5758 -0.643384 0.0770597 -0.761656 154 147 91
-4.9672 3.1648 2.0058 0.556596 -0.389376 -0.733885 161 140 107
1.6089 7.6189 3.315 -0.552125 0.0948248 -0.828351 131 129 73
-5.9208 3.896 1.6304 0.983519 -0.0957831 0.153348 172 145 106
-6.3198 -5.453 1.5131 0.157889 0.189036 -0.969194 163 142 83
-5.3982 4.1139 1.8965 0.366967 0.549764 -0.750396 167 146 114
4.1693 1.9859 2.3832 -0.0617404 0.991082 -0.118083 164 134 116
3.7122 7.2041 2.4057 -0.0278134 -0.1187 -0.992541 158 147 94
4.3005 -2.7649 2.3037 -0.398204 -0.103273 -0.911465 141 140 96
1.1646 5.5104 3.6032 -0.554268 0.221963 -0.802197 146 129 76
7.427 7.204 1.0464 -0.279317 -0.385789 -0.879289 156 167 111
-2.7127 1.0518 2.8169 -0.199912 0.788803 -0.581227 136 132 78
-6.7392 3.153 1.336 0.377128 -0.167328 -0.91092 160 137 110
-3.28 -0.3696 2.647 0.507523 -0.349439 -0.7876 156 135 88
-1.1335 -2.8096 3.5392 -0.0262135 -0.311644 -0.949837 144 127 85
6.7483 -0.6407 1.3136 -0.0635703 -0.378549 -0.923396 167 150 114
4.7168 -7.7048 2.1003 -0.310537 -0.218866 -0.925022 163 127 105
6.5441 -0.5711 1.2975 -0.583847 -0.554333 -0.593159 171 165 115
-4.0267 1.7176 2.3743 0.447735 0.022723 -0.893878 148 136 96
5.8608 -1.9448 1.6221 -0 -0 -1 149 163 101
-7.0208 7.5296 1.2105 0.55254 0.11009 -0.826184 164 148 117
-5.8994 -2.5104 1.6222 -0.036667 0.161768 -0.986147 179 153 99
-1.6475 -3.4394 3.3116 0.217307 0.0777749 -0.973 138 128 83
2.9861 5.0088 2.882 0.299342 -0.118836 -0.946716 143 147 83
-0.3518 5.4537 3.8901 0.374896 -0.409689 -0.83163 131 120 62
-2.0796 5.0013 3.1453 0.668696 -0.017659 -0.743326 134 128 68
5.4563 -0.9081 1.7858 -0.317291 0.290171 -0.902844 185 131 123
6.4873 -2.1503 1.4277 -0.581138 -0.114794 -0.805668 175 143 101
-2.1623 -6.5452 3.0989 0.378553 0.126648 -0.916874 156 108 88
-7.1445 3.6325 1.1702 0.88292 0.259645 -0.3912 158 158 113
6.3478 6.3939 1.4393 -0.256018 0.219955 -0.941315 177 143 100
5.9047 4.9231 1.636 -0.582306 -0.370535 -0.723618 164 144 112
6.3528 -1.5138 1.4293 -0.356717 0.262084 -0.896697 174 155 130
-7.2065 -5.4773 1.1396 0.39791 -0.196981 -0.896028 166 142 107
-6.0102 1.9747 1.6546 0.329578 0.182967 -0.92623 159 146 101
-2.8096 5.4173 2.8872 0.632374 0.413523 -0.655059 146 148 79
-6.7844 0.2069 1.2613 0.649675 -0.583961 -0.486737 159 147 100
-5.8312 1.6267 1.7123 0.824451 -0.0095572 -0.565852 158 127 99
-4.7616 4.4683 2.1282 0.667363 -0.0705658 -0.741382 162 147 79
5.622 1.2218 1.6803 -0.443853 -0.338356 -0.829765 176 141 108
1.8555 0.6174 3.162 -0.947474 -0.310144 -0.0781217 140 122 95
0.2471 6.0849 3.8868 -0.0594409 -0.0244316 -0.997933 132 109 79
5.9933 0.4639 1.6148 -0.51972 -0.501779 -0.691455 159 146 113
3.7951 -5.4151 2.418 -0.465135 0.0839751 -0.881248 151 135 72
-2.4872 -2.9318 2.9159 0.537453 0.0421121 -0.842242 154 152 77
-5.4391 -0.1631 1.8718 0.390564 -0.379256 -0.838824 171 138 110
1.9059 1.0934 3.2417 -0.157962 -0.970845 -0.180299 128 135 69
2.3226 -1.6522 2.9879 -0.155439 0.42408 -0.892185 138 142 80
-4.8118 -5.0107 2.1027 0.628861 0.158134 -0.761267 172 159 112
4.8695 -3.4581 2.0205 -0.504217 0.615526 -0.605717 166 142 104
-5.012 -6.9966 2.0139 0.963449 -0.240264 -0.118491 165 142 116
0.3847 2.495 3.8585 0.0994148 0.859347 -0.501637 137 120 59
5.1027 -2.55 1.9392 -0.654743 -0.358316 -0.665524 159 146 84
2.262 1.7056 3.0935 -0.737382 -0.204602 -0.643744 157 136 77
1.797 -2.7481 3.1987 -0.270023 0.815281 -0.512254 139 152 67
-7.4722 6.6348 1.0295 0.563053 0.171495 -0.808431 178 141 123
1.774 3.8886 3.3543 -0.44963 0.405441 -0.795896 136 145 72
-6.6623 -2.8077 1.2913 -0.66088 0.687273 -0.301486 183 148 99
7.4598 6.0048 0.9854 -0.172229 0.0283858 -0.984648 160 150 120
-2.6714 -5.0881 2.8902 0.535471 -0.294864 -0.791408 141 132 89
-7.6156 -4.6865 0.9598 0.211303 0.123231 -0.969621 156 144 129
7.8424 7.7437 0.8256 0.0227833 -0.403376 -0.91475 176 153 134
-7.4711 5.5434 0.9603 -0.645513 -0.307245 -0.699223 172 155 107
-7.3322 4.0843 1.1058 0.111543 -0.231392 -0.966445 164 160 108
-4.0151 2.4365 2.4226 0.312746 0.487945 -0.814923 147 142 95
7.7262 -3.8548 0.9783 -0.295944 -0.0732815 -0.95239 166 154 135
-5.5834 4.0767 1.7999 0.357202 0.361909 -0.861062 176 160 103
-6.8607 2.7491 1.2615 0.289404 -0.2737 -0.917243 150 145 104
7.6425 5.8032 0.9568 -0.451877 -0.165193 -0.876652 166 138 111
-7.9267 -6.3148 0.8564 0.201087 -0.0897435 -0.975454 173 163 114
6.1916 -3.2758 1.5972 -0.982412 0.0566871 -0.177916 158 138 99
-1.5112 3.4658 3.3764 0.596303 -0.281317 -0.751853 136 129 76
-5.9241 -6.6219 1.6422 0.180452 0.466046 -0.866163 162 146 95
-3.7871 6.0275 2.45 0.42312 -0.194026 -0.885056 165 142 99
6.8207 -6.5869 1.2837 -0.440581 0.0739653 -0.894661 171 152 109
-6.6362 -5.9805 1.3952 0.510731 -0.142254 -0.84789 155 139 101
6.8007 -4.7091 1.2759 -0.656113 0.223016 -0.720957 152 165 97
-2.0109 6.2203 3.2223 0.455107 -0.150212 -0.877676 124 124 73
-0.8504 -6.2069 3.6477 0.22507 -0.120878 -0.966815 140 149 61
1.8077 1.7777 3.3341 -0.340519 -0.176301 -0.923561 126 140 88
-0.7743 7.4831 3.7485 0.167457 0.210923 -0.963052 136 134 79
4.4197 0.8115 2.1994 -0.557967 -0.354575 -0.7503 155 147 100
7.819 7.205 0.8629 -0.143312 0.0405428 -0.988847 180 137 100
-2.8315 -7.2843 2.8808 0.630608 -0.220819 -0.744025 140 154 67
4.5744 7.34 2.0699 0.136862 -0.562091 -0.815673 167 124 98
-5.4849 -3.9798 1.7598 0.497578 -0.0745865 -0.864207 151 148 101
-1.8342 -5.8912 3.3534 -0.0986051 -0.0400379 -0.994321 151 147 67
6.8094 -6.3541 1.3749 -0.377405 0.044202 -0.924993 163 137 125
7.1625 3.3518 1.1734 0.85366 0.105646 -0.510003 160 159 114
4.4107 -1.0475 2.2553 -0.621843 0.159059 -0.766819 159 132 86
0.6675 -2.9639 3.7466 -0.337946 -0.20869 -0.917737 128 124 73
1.7911 2.9477 3.2934 -0.191707 0.521536 -0.831413 129 125 79
-6.9132 -3.5866 1.2938 0.293409 0.338801 -0.893938 156 153 96
2.4432 -1.0504 2.9811 -0.181106 0.433652 -0.882693 138 142 96
-1.0968 -3.1304 3.5979 -0.450274 -0.84091 -0.300206 147 135 87
2.2958 4.68 3.1405 -0.516548 0.248738 -0.819333 131 141 81
-6.2717 -5.0969 1.5092 0.172239 0.234206 -0.956808 163 134 109
-5.6175 -5.2945 1.7188 0.366516 -0.190589 -0.910682 157 150 91
-3.0355 6.7318 2.82 0.150597 0.364599 -0.918906 156 117 82
3.577 5.2048 2.598 -0.254608 -0.293688 -0.92137 153 141 94
3.1876 4.7808 2.7036 -0.880947 -0.296518 -0.368795 158 138 91
-3.9654 3.8287 2.4298 0.205398 -0.533504 -0.820478 145 138 84
-7.9096 -1.2945 0.8625 0.359177 0.0760621 -0.930165 166 163 115
2.4491 6.0311 3.0334 -0.381098 -0.495898 -0.780288 148 130 80
-1.5057 4.6929 3.3815 0.355511 -0.200719 -0.912866 158 136 71
6.1038 7.5712 1.4793 -0.326788 0.459834 -0.825689 174 160 102
-3.8707 7.2578 2.5528 0.204289 0.0140725 -0.97881 157 127 85
-4.4444 -4.5125 2.2068 0.157866 0.15459 -0.975285 166 141 102
-6.9393 0.7353 1.2993 0.320357 0.0955712 -0.942464 156 152 105
6.1175 6.0562 1.5797 -0.123706 0.0365235 -0.991647 149 140 117
6.7417 -4.3034 1.2957 -0.322125 -0.137274 -0.936692 158 152 114
-7.277 -1.6552 1.0941 -0.329945 -0.493452 -0.804762 170 156 123
-6.6634 -2.5358 1.3554 0.258117 -0.0367377 -0.965415 148 132 116
-6.1369 6.4888 1.5649 0.983498 0.17965 0.0214037 164 156 111
-3.8173 -5.6491 2.5121 0.246798 -0.0291614 -0.968628 156 156 73
-4.7724 2.3004 2.183 0.586505 0.0858556 -0.805383 139 127 107
4.6838 1.0464 2.1575 -0.267122 -0.0939715 -0.95907 159 125 117
-7.1142 5.3801 1.1356 0.429807 -0.28705 -0.856077 187 151 122
1.4563 4.0133 3.3578 -0.088377 0.552971 -0.8285 145 138 81
-1.2627 1.6579 3.4174 -0.792101 -0.492372 -0.360757 141 124 64
-5.5585 6.2418 1.7856 0.422358 0.018143 -0.906248 170 136 102
-1.7112 5.009 3.2952 -0.162213 0.0777193 -0.98369 155 126 87
-7.4318 -0.2311 1.095 0.696886 0.130531 -0.705203 169 154 124
6.4198 2.7466 1.4213 -0.348593 -0.329631 -0.877397 165 148 80
0.8636 7.5027 3.6978 -0.435333 0.128655 -0.891029 132 135 70
-0.7931 2.6793 3.6687 0.0256119 0.207255 -0.977952 125 125 70
-1.2677 -1.2173 3.4518 0.26121 0.815213 -0.516911 130 131 71
4.0611 3.3794 2.3541 0.425354 0.226022 -0.876349 158 156 97
0.3142 -2.4205 3.8823 -0.166325 0.0590945 -0.984299 145 133 68
-3.8731 7.6351 2.4628 0.100199 -0.167401 -0.980784 179 142 100
7.5094 -3.7131 1.0254 -0.32994 0.169619 -0.928638 170 157 116
-1.386 -3.9373 3.4043 -0 -0 -1 145 128 98
2.0225 -6.7413 3.1857 -0.345661 0.0524873 -0.93689 157 131 85
-0.8278 2.2973 3.6412 0.337304 -0.126743 -0.932825 134 118 71
4.3411 -6.5501 2.3004 -0.354003 0.234422 -0.905389 142 140 104
-1.3631 3.9365 3.503 0.446675 0.150267 -0.881987 132 131 85
-3.2097 3.9954 2.7349 0.349668 -0.288379 -0.891386 152 126 71
-2.3986 2.0353 3.0794 0.147517 0.837513 0.526128 134 132 95
-1.4137 -7.3512 3.4267 0.580132 -0.091142 -0.809407 152 151 62
6.2659 -7.2904 1.502 -0.350643 -0.101274 -0.931017 166 143 107
-5.0012 2.6578 1.9963 0.489677 0.0362689 -0.871149 175 143 85
-5.4422 -4.8565 1.7366 0.182203 -0.257591 -0.94892 159 138 92
-2.2115 4.197 3.1598 0.202715 -0.113394 -0.97265 146 139 79
5.1302 -6.0675 1.8652 -0.513303 -0.0168572 -0.858042 153 139 97
1.3829 4.0195 3.4722 -0.0477473 0.541892 -0.839091 155 145 57
3.6373 -6.0334 2.5682 -0.041313 -0.382612 -0.922985 149 132 87
4.4093 -3.1972 2.1959 -0.163808 -0.26265 -0.950885 165 126 105
-7.8567 7.5168 0.8118 0.806984 -0.311246 -0.501899 171 149 116
2.563 3.10205 2.9322 -0.142895 -0.0687684 -0.987346 142 131 89
5.7039 0.6358 1.7327 -0.501476 -0.124939 -0.856103 169 148 93
-0.7733 -2.2224 3.6837 0.973871 0.191392 0.122246 133 116 78
3.4456 5.6111 2.6229 -0.31397 -0.088423 -0.945306 160 110 85
2.8128 -7.7136 2.878 -0.309004 -0.0620339 -0.949035 159 127 87
3.8736 -2.8917 2.3709 -0.364014 0.079227 -0.928018 165 149 85
3.3566 -4.0608 2.6122 0.300613 -0.361531 -0.882569 153 114 95
-0.4658 7.39 3.7898 0.546883 0.285851 -0.786898 140 129 61
2.1592 -0.4608 3.1817 -0.473868 -0.365175 -0.801309 148 130 80
2.7947 -6.3134 2.9552 -0.556601 0.112025 -0.823193 155 139 100
1.0679 -2.4197 3.5822 -0.725551 -0.360035 -0.586473 142 143 66
-5.7553 -6.7895 1.7016 0.816944 0.198815 -0.541364 158 134 112
3.7281 6.3381 2.4765 -0.692903 0.160901 -0.702849 154 145 88
-4.2774 1.9918 2.2704 0.310413 -0.0988527 -0.945448 157 148 109
-4.6932 2.8027 2.0746 0.99395 -0.0995294 0.0464386 147 146 110
6.5791 7.1412 1.3092 -0.104138 -0.454441 -0.884669 174 136 114
6.7461 -4.1613 1.2733 -0.503251 0.00791453 -0.864104 160 150 118
1.7148 2.4465 3.3578 -0.549187 -0.0835305 -0.831515 160 156 94
2.3335 -0.4613 3.0933 -0.499583 -0.413867 -0.761006 141 133 103
-1.9027 -5.9313 3.2835 0.339594 0.200103 -0.91904 141 148 74
-6.274 1.314 1.4638 0.87022 0.0206863 -0.492229 162 167 112
-5.9268 -6.0719 1.5133 -0.317347 -0.873854 -0.368334 160 143 102
0.8433 -0.9099 3.684 -0.573835 -0.121591 -0.809895 146 142 64
-5.5491 -3.713 1.7745 0.152472 0.0511441 -0.986984 170 157 93
-2.9044 3.9321 2.796 0.287965 -0.30484 -0.907826 163 146 85
7.419 -1.8395 0.9865 -0.590897 0.703868 -0.394222 167 149 104
1.6903 -4.0418 3.3198 -0.654097 -0.00445194 -0.756397 126 155 88
-5.9653 -0.5378 1.6445 0.846085 -0.386071 -0.367545 166 151 94
-6.9809 -6.5408 1.155 0.0610876 -0.201591 -0.977563 174 146 115
-6.9642 -1.074 1.1744 0.368796 0.339066 -0.865461 178 161 122
-7.9249 -3.0282 0.8288 0.270901 0.040905 -0.961738 173 138 118
-4.1492 -5.5678 2.3513 0.51556 0.146361 -0.844261 142 152 97
6.1544 -7.3193 1.5079 -0.518732 -0.167332 -0.838402 170 147 112
0.4111 2.854 3.8417 -0.415804 0.30831 -0.8556 132 128 55
-6.1269 7.3655 1.5733 0.794506 0.253767 -0.55169 164 159 105
-1.632 -3.281 3.3334 0.242075 0.225562 -0.943674 147 122 73
5.1178 -7.7199 1.9183 -0.929857 -0.250087 -0.269856 148 142 83
-1.4457 7.7837 3.441 0.243139 0.156706 -0.95725 158 141 68
3.5353 -5.7606 2.5048 0.484674 -0.529568 -0.696168 150 149 78
4.5945 5.2195 2.1982 -0.761555 -0.338835 -0.552471 140 139 97
3.0992 -2.4317 2.7648 -0.0682762 -0.00998219 -0.997617 147 128 77
1.3099 -5.9041 3.4546 -0.750622 0.174943 -0.637152 141 121 70
-3.3897 -3.4303 2.6635 0.134025 -0.421824 -0.896717 144 133 84
-5.6205 0.7338 1.7728 0.246424 -0.165041 -0.955006 165 132 117
-4.0741 2.345 2.3034 -0.647567 0.761718 0.0210436 162 129 94
-5.6978 -0.1774 1.7215 0.491379 0.142377 -0.85923 166 133 100
-6.4186 2.3621 1.4459 -0.259296 0.0911783 -0.961484 156 142 100
2.7569 -5.1612 2.855 -0.516209 -0.0269754 -0.856038 152 147 64
-6.0341 -7.8614 1.5203 0.643302 0.52418 -0.55803 161 134 89
-7.6078 0.7518 0.9429 -0.615237 0.229099 -0.754319 164 150 113
2.1145 -1.5629 3.2053 -0.396022 -0.267564 -0.878394 141 142 69
-4.1316 -3.3221 2.3854 -0.880803 -0.378467 -0.284516 162 148 97
-4.3663 -2.8871 2.1998 0.254671 -0.0975223 -0.962098 141 149 83
3.1232 -6.4983 2.7811 0.0138538 -0.455556 -0.890099 172 121 77
-5.7383 -1.1898 1.6093 0.38904 0.00379396 -0.921213 142 154 115
6.5667 -4.6206 1.4453 -0.710608 -0.353263 -0.608475 169 160 100
-6.8714 1.0282 1.1672 0.134038 -0.0684292 -0.988611 160 155 105
5.8779 -6.8456 1.6741 -0.566522 -0.154148 -0.8095 162 163 106
3.7021 4.829 2.5179 0.722407 0.149924 -0.675019 151 149 84
5.7698 -4.7932 1.7934 0.641289 -0.0490259 -0.765731 164 130 112
5.3928 3.5151 1.8264 -0.286472 0.481136 -0.828518 155 158 83
-1.9245 5.9868 3.2016 0.372807 0.0538617 -0.926344 144 133 79
6.9885 -5.1871 1.1334 -0.690344 -0.23405 -0.684577 169 137 116
-7.5056 -7.7011 1.0087 0.224714 0.0425883 -0.973494 179 156 111
-1.2309 6.3642 3.5342 0.217207 0.193379 -0.956779 145 126 68
-5.8955 2.2218 1.6578 0.0358816 -0.545804 -0.837144 150 143 113
1.0418 -4.7579 3.6544 0.112789 -0.136595 -0.984185 143 136 85
-3.6185 3.4502 2.6017 0.500424 0.751989 -0.429054 162 129 95
-3.5169 -5.9646 2.5871 0.683155 -0.0704741 -0.726865 148 152 73
7.2237 -5.704 1.0503 -0.271531 -0.398037 -0.876263 180 151 112
3.1066 -0.9488 2.7006 0.00450024 -0.607364 -0.794411 140 140 81
-0.7449 -5.8001 3.6918 -0.210453 0.215229 -0.953617 156 112 72
-1.6922 -6.9132 3.3143 0.181574 0.31158 -0.93271 143 138 80
4.7413 -3.9646 2.0579 0.0306185 0.79483 -0.606059 158 132 98
4.7402 -0.5345 2.0807 -0.517584 -0.249108 -0.818567 150 144 96
3.1137 1.971 2.8221 -0.745981 -0.256992 -0.614383 145 150 91
2.3545 -5.4812 3.0938 -0.346544 -0.0386363 -0.937238 153 147 98
5.857 -2.4337 1.76 -0.242586 -0.856216 -0.456121 155 149 82
3.4284 3.383 2.7069 -0.430039 0.047382 -0.901566 150 137 92
4.5128 5.7393 2.1742 -0.265063 0.488423 -0.831375 147 135 96
0.2573 -7.3736 3.9494 -0.0839889 0.284608 -0.954958 132 132 61
6.9392 2.4362 1.1641 0.0355472 -0.0450888 -0.99835 161 135 120
-1.2738 1.5675 3.433 -0.155334 -0.189236 -0.969567 137 143 89
-2.8958 -3.6293 2.8628 0.254996 -0.965549 -0.0518889 130 145 77
7.6313 -7.6098 1.0055 0.402861 0.538725 -0.739918 176 141 131
-0.1407 -0.2658 4.0096 -0.376453 -0.223053 -0.899183 130 142 64
0.179 2.4909 4.0154 -0.139475 -0.0627831 -0.988233 130 136 57
-0.438 -7.5431 3.8362 0.461845 -0.113778 -0.879633 150 126 59
-4.6781 4.6187 2.1672 0.0247878 -0.0962939 -0.995044 147 154 120
0.344 5.21 3.8889 -0.23817 -0.0134005 -0.971131 160 137 73
3.5029 -3.1345 2.5504 -0.266581 -0.326679 -0.906761 154 156 101
4.6319 4.8821 2.1673 -0.00229275 0.938445 -0.345422 150 138 100
-6.9592 0.9451 1.2079 0.395169 -0.672302 -0.62598 166 133 124
-0.263 -2.0037 3.9122 -0.233176 0.201791 -0.951267 130 128 73
7.6312 -4.4775 0.8844 0.456593 0.458223 -0.762597 169 166 120
-7.4947 6.123 1.0874 0.479655 -0.0872021 -0.873113 173 132 114
-2.6541 0.4003 2.9938 -0.0671474 -0.297463 -0.952369 153 140 68
-2.3436 4.837 3.0811 0.156693 -0.0959161 -0.982979 147 143 74
-0.2476 5.0524 3.9293 0.445985 -0.00374678 -0.895033 149 110 65
-6.9617 -5.2113 1.1777 0.437716 0.161074 -0.884567 183 147 120
-5.9678 0.7774 1.5255 0.330922 -0.283831 -0.899962 177 159 104
3.0568 -1.0195 2.7983 0.00450024 -0.607364 -0.794411 141 111 85
-2.9628 -1.7594 2.8597 0.161332 -0.052579 -0.985499 143 149 78
4.5283 3.4838 2.1818 -0.187077 -0.187501 -0.964285 148 134 106
-0.2427 6.8466 3.9781 -0.105155 -0.652525 -0.750435 152 126 70
-5.6772 -7.3434 1.8101 0.469357 0.0942298 -0.877966 178 149 90
-5.5902 -6.9623 1.7472 0.502837 0.234406 -0.831991 140 139 88
5.5329 7.5858 1.8002 -0.407807 -0.0170482 -0.912909 156 142 112
0.2766 6.3985 3.8862 -0.278894 0.244342 -0.928717 114 115 64
-0.3493 1.8845 3.8417 0.368605 0.355999 -0.858717 142 131 82
1.9927 -5.2842 3.1931 -0.293479 0.13557 -0.946304 159 123 70
0.1879 -3.6132 3.9096 -0.44408 0.292935 -0.846748 148 128 73
6.6344 -4.6338 1.3739 -0.66107 -0.590929 -0.462373 166 143 116
1.9112 -2.1612 3.2859 -0.557402 0.357689 -0.74924 148 133 86
5.0344 -3.643 2.033 -0.329195 0.485004 -0.810186 174 150 80
-0.4361 6.3436 3.844 0.697055 0.712834 -0.0773379 137 136 77
4.7326 -0.5892 2.094 -0.487698 -0.0259233 -0.872628 154 147 107
2.0296 0.3356 3.0847 0.558147 -0.311761 -0.768945 165 139 78
3.8061 1.7584 2.3937 -0.852891 0.302671 -0.425404 162 139 92
2.0101 1.0837 3.2662 -0.338471 -0.940879 0.0135353 157 138 77
6.9838 4.0009 1.2057 -0.136285 0.0990656 -0.985704 179 155 107
-2.6112 -4.5572 2.9385 -0.115015 0.377767 -0.91873 155 120 95
3.1549 -6.4792 2.7416 -0.315033 -0.214025 -0.924634 164 143 93
5.945 -2.2519 1.573 -0.312705 -0.0313564 -0.949333 158 139 107
-3.2682 -0.4672 2.7176 0.833089 0.116371 -0.540759 159 133 94
3.5374 5.0173 2.6118 -0.248275 -0.292178 -0.923575 158 142 95
1.9261 6.843 3.1546 -0.606337 0.0325966 -0.79454 153 119 109
0.1499 -2.383 3.9338 -0.501297 -0.0582221 -0.863314 143 129 77
1.5148 4.7489 3.4012 0.313411 0.794496 -0.520144 139 132 78
-6.9547 -6.9879 1.187 0.26043 0.112716 -0.958891 156 164 103
1.6768 -6.7943 3.3241 -0.0241766 0.0756615 -0.99684 161 138 80
2.1647 0.8051 3.1357 -0.436888 -0.0725433 -0.896586 170 125 77
2.0932 -6.8774 3.197 -0.40205 0.0863546 -0.911536 140 126 74
3.2511 -6.5318 2.7434 -0.697244 -0.697302 -0.166194 161 158 91
3.2705 -6.5002 2.6194 -0.436981 -0.571203 -0.69482 150 139 90
7.4787 0.6045 0.9695 -0.628863 -0.127373 -0.767012 173 164 115
-2.6886 4.9956 2.8496 0.734058 -0.475728 -0.484606 156 129 93
1.3048 5.0184 3.497 -0.4203 -0.370155 -0.828452 139 125 84
7.5376 -4.7057 0.9808 -0.0462529 0.167025 -0.984867 183 166 133
-1.1461 3.4335 3.4997 0.52107 0.618333 -0.588346 133 143 77
-6.6365 7.5099 1.2935 0.52195 0.041517 -0.851965 169 136 104
-6.2414 -6.7283 1.5509 0.875738 0.465355 0.128558 184 125 104
-0.2748 4.227 3.8762 0.843392 0.00306716 -0.53729 127 128 67
-0.0628 3.4059 4.0004 0.386518 0.703087 -0.596886 148 127 70
7.7985 -5.0958 0.9131 0.0128371 -0.199564 -0.979801 163 154 116
-2.683 4.9018 3.0236 0.303651 -0.178125 -0.935985 155 149 84
5.3088 -7.8086 1.9771 -0.344116 0.739752 -0.578232 143 144 102
2.4604 -6.3 2.9955 -0.313517 -0.804253 -0.50486 165 128 90
4.6904 1.5044 2.1703 -0.575653 -0.775316 -0.259825 166 154 96
-2.8448 -1.2375 2.8481 0.451549 0.0159917 -0.892103 156 137 66
-3.158 -4.8467 2.677 0.119157 -0.00318455 -0.99287 139 132 97
-2.703 5.9354 2.9312 0.273928 -0.905571 -0.323891 138 140 86
6.7214 0.6638 1.305 -0.023081 -0.112846 -0.993344 172 148 107
-4.4816 3.122 2.2513 0.20131 0.0546242 -0.978003 165 134 104
-2.9582 -6.2125 2.8417 0.345411 0.290428 -0.89238 135 140 83
5.5047 4.0603 1.864 -0.3081 0.0606999 -0.949416 147 139 114
2.1069 -2.1907 3.2081 0.243998 -0.553244 -0.796484 143 134 80
1.2137 -2.8167 3.5443 -0.375352 0.0170198 -0.926726 136 117 77
-6.606 4.3818 1.3849 0.811186 0.153232 -0.564356 169 149 111
0.6457 -4.3019 3.7479 -0.525687 -0.0647763 -0.848209 156 137 67
-0.759 2.0169 3.7037 0.523059 0.173115 -0.83453 140 133 56
2.7967 6.8032 2.8512 -0.561688 0.128 -0.817387 142 135 84
6.4907 6.5684 1.4523 -0.910163 -0.286254 -0.299436 181 134 102
-2.7108 -6.7978 3.0044 0.594817 0.6941 -0.405484 158 140 98
-7.102 -3.8373 1.0462 0.227814 -0.639086 -0.734622 154 148 116
2.4658 7.5064 3.0148 -0.680363 -0.201919 -0.704511 156 102 78
2.352 5.7367 3.0316 -0.466694 0.210394 -0.859029 142 119 82
0.4424 3.4245 3.8655 -0.421035 -0.354742 -0.834798 131 135 55
6.7863 5.0277 1.305 -0.488774 0.010859 -0.872343 164 156 109
-7.8776 -7.405 0.8849 -0.068396 -0.740398 -0.66868 161 162 118
-6.9873 1.5018 1.2009 0.455402 0.502951 -0.734608 168 143 126
6.2039 2.2234 1.5633 -0.110116 0.0872685 -0.99008 159 122 99
0.8901 1.045 3.5846 -0.733848 -0.419173 -0.534566 161 129 83
-7.0321 -3.8516 1.1163 0.826071 -0.0536618 -0.561005 162 148 98
5.3805 -5.3706 1.7915 -0.42235 -0.0227372 -0.906148 165 153 105
5.1625 2.6488 1.8524 -0.42844 0.143537 -0.892097 173 139 96
-1.4815 4.428 3.3526 0.823048 0.115845 -0.556032 145 151 77
7.6984 2.2716 0.9207 0.0885074 0.213434 -0.97294 175 158 115
7.2061 -3.6953 1.152 -0.119277 0.0279561 -0.992467 165 142 95
-4.041 0.7742 2.3444 0.0816989 0.024819 -0.996348 152 145 85
-1.6174 1.8978 3.341 0.739777 0.277883 -0.61279 147 135 77
-5.1172 5.1686 1.9159 0.333281 0.405905 -0.850979 147 145 99
4.0931 2.9275 2.288 -0.932005 -0.207932 -0.296869 163 154 69
-3.5313 -4.7684 2.6571 0.283453 -0.235467 -0.929629 150 143 75
-4.4491 -0.9264 2.2365 0.843231 0.200564 -0.498735 146 132 92
-4.5658 4.6914 2.1646 0.108131 0.0156829 -0.994013 149 159 101
-2.945 -1.645 2.803 0.381709 -0.174416 -0.907677 147 131 81
-1.9402 5.3403 3.3076 0.3224 -0.1156 -0.939519 154 138 79
2.2981 1.6211 3.0879 -0.565839 -0.65466 -0.501245 162 133 96
-1.4164 -0.7171 3.3782 0.298906 0.205381 -0.93192 147 135 93
