ply
format ascii 1.0
element vertex 15000
property float x
property float y
property float z
property uchar red
property uchar green
property uchar blue
end_header
-3.8076 2.1705 2.4097 142 133 99
-5.4611 -2.5791 1.8798 148 135 104
-3.5500 -1.4545 2.6285 168 116 105
-0.6509 1.7240 3.6480 147 133 93
-2.8640 1.0996 2.8990 149 135 84
0.2943 -5.3181 3.8901 125 136 63
-3.8089 3.4050 2.4057 156 154 105
7.6174 4.0412 0.8661 166 153 118
3.7250 6.9340 2.4644 168 146 82
-6.1556 -5.9373 1.5727 158 160 105
-1.8196 -5.9845 3.2795 140 126 81
2.0560 -7.4739 3.1656 137 160 100
-5.9991 3.1105 1.5902 165 155 88
7.7368 -3.1058 0.8309 167 151 111
-0.9084 7.2304 3.6538 144 128 64
4.6329 0.2889 2.1097 184 138 101
4.7059 7.7421 2.1194 168 167 90
-2.2198 3.3025 3.0913 157 144 80
-1.3423 2.4511 3.4758 140 143 69
1.3481 -5.7689 3.5248 156 124 62
4.1627 3.6172 2.3584 142 135 100
-4.9951 -1.2437 1.9287 152 153 108
-3.3893 -4.7856 2.6120 145 161 101
2.7235 0.5245 2.8687 157 133 95
-0.0056 -4.3593 3.9881 149 119 57
-5.1429 -5.7686 1.9275 151 162 84
-1.3897 -3.4172 3.3839 136 139 77
-4.8129 -0.7547 2.1747 161 150 120
0.5072 -2.5976 3.7633 136 128 63
5.3179 -5.8982 1.8081 177 135 97
-5.0360 7.0869 1.8607 152 147 106
7.3177 7.9635 1.1026 165 152 103
-1.1934 -5.5152 3.5127 158 138 76
0.0641 6.1918 4.0467 139 122 86
0.1675 -0.9878 3.9152 122 134 79
-7.7473 4.1900 0.8783 172 161 121
3.7070 -2.6815 2.4656 162 162 89
7.8929 -6.1484 0.8424 174 156 122
-5.3940 -3.6061 1.8416 155 159 97
-5.9738 -0.4996 1.5848 159 157 123
-2.0027 -3.7119 3.1905 136 139 84
3.0915 2.2461 2.7516 140 136 73
-7.9536 -0.7602 0.8755 182 151 112
-2.0923 1.4048 3.1656 154 138 76
-7.0611 7.9812 1.1397 160 147 130
4.6294 -5.3966 2.1545 158 137 79
-2.4037 -6.9356 3.0419 146 124 92
3.2404 -1.8266 2.7326 165 136 94
-0.1403 -2.6637 3.9596 150 132 69
7.5660 0.8236 0.9595 187 165 110
5.3755 -0.1575 1.9035 173 137 108
1.7638 -6.9445 3.2827 174 148 83
1.0323 3.0533 3.5202 135 141 60
7.9582 -5.7803 0.7996 176 157 108
-3.9244 5.6172 2.4373 145 129 116
-7.7700 4.5282 0.9111 157 158 103
-6.5753 7.1545 1.3602 174 146 114
7.0237 -3.6009 1.1639 178 146 118
7.5754 2.8481 1.0043 165 156 117
-0.1363 1.5262 3.9193 149 119 56
-2.5450 -6.3722 3.0387 162 142 86
3.5657 -5.4984 2.5758 157 142 94
-7.8257 5.5165 0.8399 156 155 118
4.1593 5.9792 2.3030 160 148 100
2.7424 3.0190 2.9802 143 125 97
-4.9529 -2.8678 2.0554 158 137 94
2.6634 3.2081 2.9551 148 139 82
6.5780 2.2131 1.2754 181 135 116
-5.4061 0.1491 1.8677 166 145 112
6.5693 2.7765 1.3745 175 147 109
-2.8103 -3.4287 2.8918 144 142 71
3.2048 6.3921 2.6869 165 132 96
-3.7528 -3.5144 2.4951 155 130 98
0.3033 -5.0297 3.8234 146 136 84
-5.1605 5.8202 1.9863 166 133 108
-0.5145 -0.2682 3.8187 126 121 90
-0.8166 4.6690 3.7163 148 111 68
-1.6630 -7.5217 3.2983 138 163 79
4.6708 -2.4678 2.0309 160 135 81
-0.1056 2.0395 3.8526 150 111 68
3.5832 0.8071 2.6253 151 141 91
4.6884 -2.6191 2.0884 156 137 108
-2.3756 -5.5890 3.0326 156 138 78
6.5545 0.5048 1.3878 155 137 101
3.4062 -7.3759 2.5421 154 145 93
6.3560 -0.6410 1.4192 159 158 121
-1.2767 2.4693 3.4939 134 153 80
-0.5197 -4.4223 3.7236 158 140 74
6.4628 -0.5006 1.3793 172 145 118
2.1368 7.2837 3.1156 160 127 104
0.5253 1.9985 3.7420 135 156 86
-4.1998 -7.0072 2.2528 145 138 105
7.1441 4.9727 1.0983 187 143 101
0.9509 4.3532 3.5975 149 116 83
4.1176 -0.5598 2.2688 147 129 110
-4.2216 3.0192 2.3001 161 144 102
-1.1239 -2.1384 3.5774 137 129 81
-1.6942 0.2037 3.3588 145 142 81
0.1714 -7.2525 3.7729 145 131 59
-5.9936 6.4242 1.7071 167 148 95
2.9384 3.2302 2.7392 138 136 89
-7.5570 1.1652 0.9667 185 145 109
-4.2585 -7.2738 2.3144 170 132 93
3.7831 -6.2896 2.4418 147 136 110
6.9474 3.5534 1.2121 157 147 106
1.8177 0.8521 3.3245 140 123 78
-1.4803 6.9351 3.4442 140 140 55
5.6627 2.3488 1.6582 159 151 116
7.8853 -3.8189 0.8212 179 154 124
-3.2741 -7.1243 2.6521 145 129 96
-1.7573 -0.5345 3.2961 157 151 72
3.1833 -0.0203 2.7039 149 135 66
-2.2877 6.1617 3.1155 135 144 73
-7.4892 -6.9624 0.9672 166 153 118
-2.4137 1.3688 3.0063 141 140 90
-0.2439 4.0440 3.9391 135 135 67
-7.2282 -2.6233 1.1201 162 136 129
6.6404 -5.8481 1.3937 164 153 116
3.6091 -2.0910 2.4809 158 149 87
4.3594 -6.4438 2.2960 195 137 93
-6.4568 -5.5360 1.4430 154 134 113
-7.4043 1.3349 1.0661 178 155 108
-3.8430 -2.6709 2.4767 176 134 75
-5.9919 -2.2968 1.6816 174 140 102
-4.1896 -3.1831 2.3747 152 138 99
2.9148 -0.1877 2.9005 164 136 102
-0.3005 -7.5120 3.8903 141 128 55
6.9841 -4.5081 1.2265 172 154 106
1.3024 2.7557 3.4996 153 129 71
-5.0223 7.3847 1.9359 159 154 79
-5.0091 7.3929 2.0179 159 159 110
-2.5831 -4.3234 2.9403 154 113 92
-1.0757 -6.1604 3.6277 139 142 68
-6.7717 6.3658 1.2702 160 138 85
2.1761 0.4243 3.1754 123 128 82
-7.0654 0.8290 1.2223 173 133 115
3.5789 5.6288 2.5830 166 141 90
2.5616 -4.7525 2.9571 146 123 92
-7.8589 7.0471 0.8463 165 145 110
4.2109 4.5422 2.3270 167 145 102
-2.5819 -6.1038 2.9876 144 148 81
4.4194 3.0995 2.2684 153 143 76
-2.6273 1.7572 2.9892 120 131 76
1.2887 1.6073 3.5240 151 139 66
-5.2484 2.0957 2.0037 156 134 93
5.5395 -6.9778 1.7326 184 135 90
-3.6656 1.5638 2.5063 157 134 94
3.9142 -3.1300 2.3854 163 140 87
1.0147 -3.9532 3.5091 153 135 75
6.4014 -6.4383 1.4830 169 134 98
0.7732 -3.4863 3.7227 131 151 80
-7.5977 2.5689 0.9583 166 165 126
-6.7098 2.9971 1.3546 148 134 117
7.2889 4.7430 1.1366 173 150 97
-0.7035 3.5069 3.6819 137 146 54
-5.6424 1.7216 1.8112 153 129 90
2.7994 3.8594 2.7831 143 130 76
1.9787 -4.4574 3.2079 144 137 72
0.8033 7.4337 3.6984 153 128 76
6.4920 5.6165 1.4631 170 151 120
6.3731 -4.9824 1.4351 166 153 99
-3.8016 1.0676 2.5526 147 121 86
3.5065 -4.5686 2.6809 148 133 83
-0.2377 3.6882 3.8937 149 105 77
-3.5058 5.9693 2.6114 151 138 100
-7.0675 -4.9767 1.1481 164 143 105
-4.7191 5.2080 2.0853 147 159 91
2.2406 -1.5199 3.1977 149 139 84
-3.4244 -3.4818 2.6695 149 142 98
-0.9194 7.8146 3.6645 131 129 78
-2.4649 3.6975 3.0026 171 131 71
-0.0042 -4.0364 4.0979 140 128 44
2.4812 4.9379 2.9918 166 140 87
7.1906 3.9714 1.0495 177 126 123
-7.4708 -3.8158 0.9514 165 148 118
0.9014 -5.9401 3.6581 141 132 82
2.2528 5.9225 3.0021 153 133 82
-5.4649 -2.1019 1.8398 148 153 123
3.6232 -4.5217 2.4873 168 144 85
-1.9437 -2.2594 3.2310 143 124 74
0.1849 2.6754 3.9665 127 131 57
1.2519 3.0936 3.5079 143 126 60
5.5245 0.5377 1.8128 160 135 94
3.2293 6.5123 2.6212 145 129 95
2.0670 -3.1495 3.1436 143 122 93
-7.1785 -2.8779 1.1743 174 158 112
-7.2654 -7.2985 1.1214 170 146 122
0.4642 -0.9908 3.7633 144 145 72
4.5287 -5.8778 2.2577 169 127 84
3.2492 1.4096 2.7235 160 141 90
-4.8541 7.3144 2.0605 146 131 106
-3.6521 -7.1040 2.5783 159 127 84
-4.5560 -2.3906 2.1150 169 139 96
-1.4664 -6.2546 3.4565 139 144 61
2.4844 6.5427 3.0066 134 127 60
-3.6749 7.7779 2.5673 144 139 94
-3.5129 4.7077 2.5241 172 139 113
4.5083 -4.6681 2.1526 155 142 117
5.6339 3.6947 1.7347 157 130 90
0.7590 2.7590 3.7628 124 119 88
3.5858 2.0195 2.5611 155 129 96
-1.0693 3.2222 3.6175 148 141 77
5.1285 -1.3771 2.0597 155 129 98
5.1893 -1.4277 1.8852 155 153 111
-7.7353 2.7385 0.9002 174 148 102
3.7286 -5.5365 2.4858 147 133 93
3.4759 4.3311 2.6568 155 127 115
3.5081 -3.9643 2.6237 157 140 79
4.5772 -3.7067 2.1605 162 138 93
6.9951 -5.7644 1.2229 162 155 109
2.5306 -1.2411 2.9335 159 118 78
-5.0000 -0.4669 1.9497 144 147 105
3.0113 -2.2377 2.7437 148 146 99
7.8463 5.4747 0.8224 182 161 105
6.6299 -5.4436 1.3621 177 144 87
5.8413 2.8525 1.7694 172 140 89
-7.2528 -0.6278 1.1368 163 162 130
-7.8746 4.1419 0.7622 169 139 115
3.9921 -0.2809 2.4032 152 139 89
3.7366 7.1946 2.4966 151 144 78
3.3339 7.7533 2.6251 147 135 82
-5.4867 -6.3906 1.7704 163 124 99
-6.1033 1.2985 1.6088 156 143 114
-5.4336 -6.5608 1.8688 162 141 99
5.1708 4.8474 1.8962 162 149 98
-1.5405 5.1826 3.3394 136 118 53
-5.1339 2.1642 2.0156 166 158 92
2.1033 7.1591 3.1725 154 123 77
-7.3900 1.1032 1.0861 163 166 111
-6.4943 -0.1826 1.3505 158 141 106
-6.2130 7.4050 1.4685 170 136 101
3.0312 5.6415 2.8160 169 149 90
1.8763 6.7308 3.1967 159 122 92
1.1808 7.0885 3.4637 145 140 72
5.2177 0.2435 1.8066 169 147 116
3.9164 -3.5660 2.3213 155 138 105
-4.3736 -2.2167 2.2257 154 161 79
-6.5938 2.5828 1.4266 179 134 101
0.0150 3.8215 4.0076 137 131 80
-2.9809 6.5075 2.8019 156 134 81
-3.7124 0.2979 2.5638 157 141 109
0.1511 3.5237 4.0646 124 119 60
3.2261 2.3224 2.7228 144 129 76
6.5149 7.0263 1.4299 172 154 105
-0.7393 -6.9973 3.6269 130 129 72
0.5313 -7.8823 3.7130 146 138 74
4.9410 -2.7061 2.0159 154 153 99
-1.7724 7.9818 3.2962 145 128 90
3.8877 2.0720 2.4150 157 146 76
7.7586 4.9715 0.9221 181 167 119
-4.6281 -0.6249 2.1593 157 134 85
1.2546 -0.9915 3.4922 133 133 77
3.5315 -7.2158 2.6092 147 145 88
-5.8630 -7.9876 1.6957 186 134 96
5.0081 -6.4119 1.9277 162 149 108
3.7939 -3.0445 2.5090 162 152 103
3.9104 -4.4839 2.3979 161 151 99
5.4966 -2.0441 1.7675 166 138 110
3.9961 4.8301 2.4004 176 149 79
3.8578 1.0897 2.5084 134 134 88
2.2705 6.0176 3.0647 147 139 91
2.2356 3.2481 3.0786 156 143 95
5.2456 6.3205 1.9419 168 133 99
5.3445 4.9705 1.8842 173 141 100
-4.4561 1.6718 2.2437 166 139 94
2.5948 -4.3032 2.9054 145 133 90
-5.1325 -4.2381 1.9204 161 163 109
5.1448 4.3841 1.9277 154 142 107
-7.4907 -3.0279 0.9729 155 169 115
-7.4521 -7.0001 1.0860 163 159 99
-7.6891 -4.1884 0.9691 191 142 108
2.3293 3.8839 3.0437 173 138 87
0.5065 -1.3753 3.7808 140 144 54
-7.5590 1.0142 0.9917 176 149 128
-7.5769 -6.9215 0.9695 166 173 103
3.9629 -3.6998 2.4254 144 136 90
3.9791 -4.5084 2.3563 168 152 96
-4.2973 0.2441 2.1655 146 149 108
4.5524 -2.8050 2.0865 154 141 92
5.5078 1.3433 1.8559 169 153 93
5.2876 -7.2218 1.8062 166 138 97
0.8816 -1.9931 3.6459 151 134 71
3.0689 1.5650 2.7593 149 142 88
4.3533 -0.9166 2.3290 155 152 94
3.8199 -7.6432 2.4542 163 153 75
-1.4869 7.2920 3.4546 140 137 82
2.7413 -2.4389 2.7919 152 126 80
3.1508 -1.9965 2.7245 165 141 89
5.0410 -5.7040 2.0006 141 153 78
-2.4107 3.9732 3.0323 149 145 81
0.3796 -0.8439 3.8705 112 124 63
-4.9312 -7.2073 2.0072 151 154 103
-3.9609 0.7122 2.3892 162 138 108
0.6634 1.3507 3.7356 137 113 82
-3.1760 -5.5054 2.7379 162 144 91
2.3204 -4.6186 3.0774 151 138 68
-7.2176 7.3691 1.1835 173 151 108
-6.2500 1.7063 1.4994 173 137 98
4.1228 7.0897 2.4055 151 142 93
-0.9144 -0.0415 3.5994 146 159 78
7.5153 7.6832 1.0470 171 136 103
-6.0394 -3.4186 1.5337 153 157 81
-2.2748 -0.4597 3.0895 112 122 94
6.7759 -1.8298 1.3743 172 154 101
5.3740 -4.3755 1.8357 177 147 116
7.6506 6.0293 0.9749 175 149 114
-4.8713 -4.1553 2.0624 173 147 93
-2.2503 2.7966 3.1458 149 137 72
2.3237 -1.1749 3.0870 147 131 82
-3.5669 -1.0728 2.6058 159 150 95
-7.2499 1.2122 1.0157 184 150 101
1.3050 -2.1229 3.4531 158 141 86
-4.9976 0.1040 1.9965 163 145 96
4.6293 3.7846 2.1747 142 146 101
-1.9144 5.6310 3.2350 143 143 70
-2.7766 5.9091 2.9626 163 149 79
2.4209 6.8832 2.9664 161 144 58
1.9965 7.9684 3.2030 137 120 86
-3.0148 -6.5286 2.8232 161 140 104
3.9668 -6.9244 2.3761 143 123 98
-1.5490 4.7509 3.3673 148 136 72
4.2394 -2.0210 2.2141 161 143 104
-7.2925 -1.3796 1.0724 163 173 108
6.5576 -6.3824 1.3244 178 144 106
2.3418 2.6253 3.0224 156 130 92
-0.7579 0.8040 3.6622 147 132 90
-7.6473 -4.2342 1.0044 161 148 113
-4.6589 -7.5598 2.0922 160 158 115
1.8127 7.9224 3.2407 157 129 94
6.8489 -4.5553 1.2885 159 160 110
1.6680 -5.0211 3.2592 146 128 90
0.9831 1.3254 3.6378 150 146 80
-1.3708 -4.4657 3.3976 145 143 87
5.3740 -5.5897 1.8358 176 145 97
1.3004 1.5892 3.4623 139 123 86
3.9139 -6.9646 2.4695 154 129 98
-4.0679 3.2038 2.3489 171 137 97
-6.1695 2.7060 1.5096 160 149 111
7.8364 -4.4539 0.9063 174 136 97
-7.4787 3.0027 0.9181 171 166 103
-4.4563 6.3186 2.2573 155 142 85
-1.3555 -6.1052 3.5183 145 136 70
-4.1717 6.1358 2.3187 157 129 101
-3.7522 -7.2646 2.4568 167 128 93
0.8922 -1.6922 3.6603 152 126 44
1.7592 -5.5080 3.3712 142 129 94
1.7081 -4.2022 3.3006 150 134 92
4.1833 -3.7061 2.3234 158 173 92
-4.5555 7.7429 2.2726 160 132 95
6.2972 4.6864 1.5510 165 134 115
2.5660 7.1519 3.0195 139 125 97
-7.2761 -2.0005 1.0133 164 160 140
1.5501 0.4350 3.4358 163 124 76
-1.9619 -4.0409 3.2115 141 118 67
-2.4912 6.2403 3.0391 152 134 87
-4.8198 5.2419 2.1114 160 133 107
3.4467 1.6045 2.5880 151 135 83
7.6368 1.8256 0.9855 166 145 108
-3.5543 -1.0888 2.5251 165 137 77
2.4879 7.2023 3.0306 157 130 69
-1.0042 6.5456 3.5698 130 137 77
-1.0697 2.8104 3.4510 143 149 73
-6.3081 4.1588 1.4500 156 150 103
-3.9760 -7.6625 2.3864 155 151 107
5.8907 -3.3795 1.5466 174 150 115
-6.1460 5.8681 1.5079 171 151 101
-2.9351 6.3773 2.8012 174 134 85
3.4381 -2.8703 2.6217 162 139 82
-1.9290 -7.4559 3.3130 147 128 102
-3.6727 -1.5932 2.5956 157 131 79
7.1505 5.3160 1.1565 162 146 117
6.5602 -5.3041 1.3174 179 132 117
1.7643 -6.5400 3.3627 143 137 74
7.9387 6.3828 0.8728 181 158 108
7.7856 -7.9669 0.8986 152 154 113
6.0473 1.4981 1.4715 161 143 99
0.0236 -1.3863 4.0129 128 132 69
4.9864 7.8702 1.9364 134 149 102
4.7344 -6.4013 2.1426 148 131 99
-5.1586 6.3080 1.9429 142 138 91
1.7186 0.9678 3.3313 157 142 74
-6.4339 -0.8996 1.3863 187 146 110
-4.3389 -4.8030 2.2858 168 116 97
-5.7081 -7.5000 1.7405 157 138 103
-3.0469 -5.2955 2.7572 156 133 86
-0.7451 -3.9793 3.7353 150 142 69
-3.2579 -3.1899 2.6738 121 157 89
0.9521 3.5149 3.5435 161 103 87
5.9486 -3.3697 1.6102 164 158 105
-4.6868 4.5447 2.1517 180 164 87
-7.0784 7.3726 1.1625 156 149 96
6.5289 -2.6790 1.3876 181 143 97
-2.5575 -1.5922 2.9464 140 126 93
5.4600 -4.7340 1.8072 152 154 114
6.9174 6.6668 1.2805 168 148 119
4.9521 -3.1342 2.0478 157 136 113
-6.9959 3.3668 1.2157 172 131 111
-1.5544 -1.1301 3.3518 160 128 85
-3.8919 -0.2826 2.4280 150 133 89
2.3055 2.9945 3.1017 166 122 90
1.1645 -6.7950 3.5101 127 138 63
6.8092 0.3565 1.2600 176 151 103
-1.6979 7.8582 3.3081 142 135 87
5.4023 5.1772 1.8851 165 142 93
2.9145 5.6769 2.7984 147 154 69
-2.6606 7.6792 2.8764 151 149 78
-3.4550 -1.4470 2.5791 136 166 70
3.2833 1.1076 2.7128 154 146 88
1.1409 7.6736 3.5523 146 136 70
7.5411 5.2732 0.9205 173 144 125
-4.4842 4.2159 2.2672 172 155 79
-4.2245 2.7953 2.2842 156 149 94
3.0998 -6.2589 2.7076 152 153 88
2.5830 -4.7766 2.9195 133 144 76
6.7178 -0.1574 1.2865 158 124 112
6.7516 5.1569 1.3240 165 153 106
-3.9496 -6.7864 2.3319 150 143 89
0.5995 7.3466 3.6880 159 130 67
-1.6715 4.7736 3.3391 138 144 74
-6.5348 0.1064 1.3836 158 155 113
-3.6305 5.2666 2.5258 163 128 99
-6.6249 -3.5397 1.2688 169 152 131
7.6211 5.9070 1.0397 166 151 134
6.3977 -0.9253 1.4358 151 141 114
5.3409 4.5669 1.8846 156 143 94
7.6707 4.7195 0.8853 176 160 120
1.5589 6.0008 3.4098 150 138 74
2.8774 -6.5219 2.8895 145 126 83
-4.4539 -6.5978 2.1861 162 137 92
6.8167 7.2818 1.2958 167 156 93
-7.3837 0.5046 0.9949 176 151 104
2.1141 -6.2137 3.1706 145 139 79
-7.3647 1.2875 1.0472 169 169 130
7.5738 5.5644 0.9564 158 157 114
6.0096 3.1667 1.6368 150 141 108
0.0598 1.7310 3.9288 132 128 73
1.4300 5.2738 3.3706 144 158 102
-3.5068 0.8113 2.4681 159 134 97
-5.5502 -5.6702 1.8659 175 157 111
5.2692 4.7060 1.9259 164 150 101
-5.8986 4.6909 1.6628 180 141 110
-5.8846 -5.5811 1.5978 165 146 119
-2.4915 7.4589 3.0237 143 127 90
7.8105 3.0440 0.8885 187 155 123
-0.2675 -5.4042 3.8734 131 116 85
-3.0797 -5.8240 2.7391 160 150 87
-3.9987 -4.6479 2.3940 134 132 101
4.5042 2.7331 2.2150 161 163 99
-5.6609 -6.7901 1.6774 161 159 101
-0.9848 0.4836 3.5157 139 115 87
5.8892 2.6685 1.6769 157 140 111
-7.7774 -6.5905 0.9176 168 162 118
4.1189 7.0637 2.3934 136 125 97
7.6640 7.6793 0.9337 184 171 100
-4.2711 -0.8088 2.3581 166 140 87
3.8506 -4.9908 2.4198 171 145 111
4.8047 4.3501 2.0431 150 153 106
5.9395 4.8117 1.5922 165 141 116
3.1368 -4.8008 2.6687 154 125 94
-4.4637 5.3421 2.1873 151 144 120
-6.6983 4.1404 1.2698 178 158 115
0.9463 -4.6489 3.6095 151 126 77
0.9505 -1.7564 3.5850 125 132 67
-1.6055 6.4781 3.3529 132 132 79
0.7355 -6.9520 3.7209 149 137 75
-5.3382 -0.4566 1.8644 148 167 97
-5.2258 1.3114 1.9587 155 140 97
3.4365 -2.0663 2.6562 163 128 75
7.9486 -4.2739 0.8036 194 151 127
4.8157 -1.7974 2.1153 177 140 94
-5.3423 -1.6944 1.9378 155 128 98
4.3828 6.7907 2.2210 166 166 105
-3.3533 -1.5483 2.6129 167 156 102
6.8399 6.9610 1.2609 176 140 105
-0.4316 0.9019 3.7228 122 141 54
-1.6317 3.3799 3.3436 145 146 81
-6.4072 3.5642 1.4840 158 153 112
0.0807 -6.5784 3.9250 147 127 65
-6.5913 -1.8396 1.4275 178 158 106
2.9559 0.3052 2.7950 132 130 93
-5.7968 6.8838 1.6265 152 153 106
-0.4790 -7.7371 3.8370 139 133 81
-4.0398 -2.7192 2.3469 158 148 98
7.9920 4.3459 0.9010 176 138 124
-3.6402 -1.2662 2.5550 156 110 85
1.3627 -5.6895 3.5028 157 137 63
-7.7695 -4.8736 0.9457 152 153 125
1.7776 -7.9639 3.3633 160 136 79
0.1748 -5.1511 4.0195 145 117 77
-0.2752 -6.2171 3.9431 145 135 64
-1.5545 -5.4228 3.2745 158 122 81
6.2256 0.7281 1.4733 166 154 111
-5.0671 4.5216 1.9920 173 140 106
3.0975 1.2162 2.8012 168 140 91
4.4418 -2.2198 2.2872 161 161 102
3.7499 -3.6444 2.5379 152 137 82
1.7112 0.1176 3.4058 157 132 85
3.2065 3.8242 2.6598 162 125 81
-4.1481 -5.3919 2.3496 137 149 102
-6.6379 -4.1994 1.3447 174 140 127
6.5660 1.8991 1.3948 163 148 105
0.5702 6.0640 3.8174 156 112 77
-4.1398 1.7005 2.2735 148 141 91
5.4973 1.3515 1.8341 171 133 107
5.0573 3.7562 1.9692 150 140 93
-4.1840 4.5949 2.2726 152 145 100
5.9540 6.9643 1.5726 147 147 108
-2.7777 -0.1818 2.8914 148 128 83
-1.8865 0.5084 3.3108 132 143 89
-1.5205 -5.4329 3.4204 143 127 89
0.0986 -3.5441 4.0048 134 117 78
-4.1524 -5.2435 2.3645 165 114 97
-0.4183 1.0414 3.8097 127 127 74
-3.8119 7.5124 2.4818 134 140 100
-1.7417 -0.3984 3.2848 138 125 78
6.2032 5.0728 1.4710 151 160 94
-2.5115 -0.9991 2.9808 161 120 95
-5.7116 -2.3555 1.6642 166 144 112
3.6095 -3.4374 2.5396 154 156 92
-3.3985 -0.7312 2.6519 141 140 66
4.3737 -0.4785 2.2447 140 140 88
7.9511 5.4560 0.7541 169 151 121
0.9289 7.0153 3.6066 140 132 69
-5.2373 -6.4412 1.9300 160 159 103
-1.0392 -0.8348 3.5038 162 105 85
-1.4094 2.9015 3.4420 131 128 74
-7.7554 -2.0334 0.8626 164 146 118
-6.7682 2.4920 1.2906 183 142 123
3.0119 -6.0851 2.8031 148 144 85
0.7947 -6.7279 3.6372 156 134 76
6.9193 4.4140 1.2508 157 150 118
1.5158 -1.9545 3.4159 138 123 69
3.0409 4.5415 2.7870 154 147 100
0.6076 -6.1756 3.7965 157 148 60
1.2476 -1.2551 3.5040 146 151 69
-7.3803 -1.3270 1.0343 185 130 107
-3.9174 -3.3208 2.4242 158 135 101
1.7623 -3.8726 3.2299 150 135 84
-6.8558 -0.0521 1.2144 174 149 122
-0.7440 2.4136 3.6056 140 134 84
3.8729 4.9996 2.4275 157 133 94
-7.5451 -5.9383 1.0003 165 142 109
6.0600 2.6697 1.5323 151 153 113
3.8384 7.9598 2.4244 177 118 96
2.0582 -2.9350 3.2390 138 144 83
-3.3361 7.7529 2.7305 149 139 102
-2.3137 -0.1916 3.0662 159 135 78
-5.7289 -5.1091 1.7657 164 163 101
-3.8985 4.9430 2.4951 148 136 101
2.7841 7.1677 2.9314 150 142 105
-7.5706 0.9315 0.9916 158 156 117
6.9498 -0.1504 1.1834 171 161 116
-6.6635 0.3977 1.3390 154 137 117
-7.5634 3.1253 0.9737 154 141 112
-5.6704 6.6062 1.7618 169 139 106
6.0262 4.4234 1.5754 168 147 110
-4.9263 3.6795 1.9619 156 146 101
-3.6612 1.4517 2.5323 141 131 107
-0.9265 1.5940 3.6102 151 131 72
-6.9636 7.5414 1.0938 170 161 123
4.6389 -6.7701 2.0865 155 129 116
-3.0430 7.7958 2.7243 162 134 89
4.7254 -0.7327 2.1686 151 138 87
-1.8908 -7.4381 3.2963 156 140 89
-6.8696 -4.5744 1.2884 164 148 108
5.1615 2.7824 1.9121 166 142 96
2.7437 4.8274 2.9020 144 134 93
0.3931 7.9646 3.8509 151 114 77
-4.1452 0.4993 2.4274 160 138 106
7.1429 0.8859 1.0842 180 147 97
-0.2954 3.9304 3.9412 133 139 80
6.6833 2.1244 1.2952 174 132 117
4.7093 0.9583 2.1395 158 136 104
2.8408 -4.7928 2.8796 152 124 87
0.2757 -3.8047 3.9657 126 119 82
7.6742 -3.2164 0.9410 168 141 130
-7.0447 5.4936 1.1963 179 139 130
5.9271 -3.0238 1.5920 143 145 124
-7.2418 -2.4995 1.0577 146 133 106
-1.6556 -1.2142 3.3793 132 144 85
1.1437 3.6950 3.4822 140 121 86
-0.2293 -7.6184 3.9338 161 113 77
-1.1420 -4.8245 3.5696 145 123 69
-0.9894 7.2645 3.6025 124 119 69
-6.2139 -5.4233 1.4998 176 147 144
-5.7720 0.5319 1.6619 161 132 106
-3.1660 -2.2091 2.7227 154 147 94
6.2711 -4.9932 1.4326 148 135 99
4.4862 0.9574 2.2281 159 140 98
-4.5455 -3.4573 2.1426 155 123 111
-6.5179 5.9693 1.5197 162 148 93
0.3072 5.4388 3.7517 140 138 59
-5.1542 0.0782 1.9896 146 124 89
-3.0604 -7.7080 2.8227 164 136 83
-5.3120 5.4281 1.8838 165 135 103
-2.4466 3.6430 3.0214 157 122 79
1.7589 2.4194 3.3387 142 134 77
7.5986 2.8369 1.0074 188 145 139
2.6678 -6.5878 2.9204 157 122 98
-1.4692 -0.0141 3.4186 155 152 81
-2.4254 -0.3226 3.0085 142 115 88
-2.2045 -6.3988 3.1785 136 129 92
6.4154 2.5570 1.4758 143 147 100
-2.5585 -5.2341 2.9965 168 134 79
-6.9809 7.0588 1.2198 164 149 117
0.0166 0.8346 4.0000 138 135 81
-6.6165 2.1617 1.3492 168 154 108
-6.6861 -3.3819 1.3835 151 157 116
7.4026 -7.7988 1.0255 168 163 109
-0.6709 7.6418 3.7337 136 129 76
7.0487 5.0283 1.2722 157 153 104
3.8178 4.2980 2.4502 172 136 87
2.2520 4.0256 3.1455 156 134 72
-0.6467 -6.2678 3.7213 141 139 67
-6.7446 -7.2847 1.3030 187 154 107
3.4210 -3.2799 2.6560 164 126 91
-3.1775 -2.6482 2.8521 157 136 103
4.3913 -5.4072 2.2818 148 129 87
-3.0886 -0.9330 2.7601 149 130 74
-0.1008 -3.2035 3.9367 122 125 68
2.0894 -3.1637 3.2141 155 132 82
-5.2613 -2.6039 1.8312 149 144 99
2.0394 -3.8432 3.2238 159 147 81
-6.2108 -2.6396 1.5326 161 152 94
-2.3254 5.8445 2.9927 156 145 83
-1.5786 -3.3409 3.3293 148 138 64
-4.1953 0.7587 2.3232 143 131 92
7.7314 1.4626 0.8949 159 142 107
-7.0172 6.2281 1.2507 194 145 100
6.2256 -1.6424 1.4440 165 144 112
2.1547 2.8386 3.1840 169 139 82
7.3678 5.5253 1.0889 161 145 107
1.3154 7.2618 3.5312 137 121 70
3.3720 0.4678 2.6139 169 130 97
5.6967 6.9166 1.6886 167 137 107
4.8374 0.8426 1.9774 163 148 93
-4.8634 -4.7452 2.0088 156 164 108
0.3078 7.1985 3.8577 138 117 89
-2.6422 1.7731 2.9824 150 131 72
7.0306 -6.5969 1.1998 168 160 109
2.3215 2.3698 3.0615 157 142 93
0.3011 6.9781 3.9226 136 126 58
2.6050 7.0135 2.9459 145 135 95
-5.9733 -0.2331 1.6102 165 140 104
5.5880 -0.1703 1.7541 157 154 114
-3.0269 7.0245 2.8409 151 123 92
-6.6450 -1.2012 1.2961 159 139 113
-3.5256 3.1865 2.6094 159 137 89
2.0204 -0.4460 3.2720 139 130 87
-3.7961 7.1639 2.4968 158 139 100
-6.8262 7.3127 1.2744 177 177 101
7.4682 -2.0349 1.0125 164 158 128
2.7954 7.9911 2.9051 158 160 72
-5.5734 -3.8764 1.7228 154 136 105
2.3445 5.8544 2.9900 152 140 95
-6.1535 -2.4266 1.4917 170 150 104
-5.3679 2.4106 1.8408 161 144 97
-6.1126 5.0514 1.4998 173 148 103
-1.4191 -3.2063 3.4499 141 119 94
7.5682 -5.4263 0.9828 151 153 97
-5.8344 -6.2707 1.6151 159 122 93
-5.9531 3.3521 1.6337 167 136 114
-5.3297 -0.8132 1.7861 168 139 86
2.1423 2.2613 3.0631 157 145 83
3.0052 -1.6341 2.7786 152 127 95
1.8844 -5.3428 3.1603 147 118 72
-7.5764 -0.8692 0.9979 167 158 119
1.4108 4.1270 3.5070 136 133 81
-7.2883 4.1751 1.0786 176 171 112
2.1922 -2.3900 3.1228 159 135 73
-2.5194 -7.9672 2.9677 141 146 83
7.3819 -4.7294 1.0577 162 139 113
6.0233 -2.0701 1.5441 165 153 107
4.0819 6.8547 2.3344 157 143 107
5.2670 -3.0253 1.9141 173 146 108
0.3996 7.8881 3.8466 140 131 55
-1.5382 -0.1332 3.4052 137 132 72
-6.2845 6.9497 1.4680 151 165 104
-0.0330 -2.3757 4.0725 134 119 52
-5.0966 2.3099 2.0485 180 159 86
4.5473 -4.6321 2.2193 153 134 96
-5.6296 1.1233 1.7419 159 143 96
-6.0381 -4.8411 1.5490 162 131 99
5.5323 -3.0278 1.7878 137 131 116
7.0254 -3.3248 1.1679 159 146 101
-0.8049 3.6203 3.7947 135 125 77
-5.6152 2.3106 1.7559 163 137 90
0.7724 -5.8180 3.6276 131 140 70
-5.5673 -2.5643 1.8084 163 153 113
-3.1079 3.7070 2.7441 161 137 96
6.9317 4.9080 1.2061 176 167 117
-6.9044 -6.9988 1.2331 162 144 96
-7.2186 2.6654 1.0262 184 160 113
-6.2324 5.4127 1.5089 157 142 119
-0.5984 3.1150 3.8567 149 142 78
-4.6742 6.4709 2.1891 136 145 93
6.5176 -1.2365 1.4314 158 149 119
-2.3309 -3.2364 3.1238 151 132 65
-1.7622 -4.2298 3.2796 179 133 80
-3.0764 -2.1706 2.8364 163 130 87
1.3260 -3.4196 3.5176 137 133 70
5.9894 3.0363 1.6432 140 146 114
-5.5944 -3.5993 1.7343 163 151 110
3.4509 -5.0592 2.6071 147 154 112
4.2205 -3.8057 2.2509 152 136 93
3.8117 -1.8094 2.4503 154 136 91
-5.4099 4.3705 1.8626 176 146 98
1.0545 -3.7433 3.5992 161 119 73
1.4677 6.0094 3.3586 137 132 78
-7.1783 0.4482 1.0305 178 166 117
-0.1764 -6.4922 3.9820 149 110 70
4.0068 -7.5167 2.4274 158 136 105
-7.3086 0.8186 1.0996 164 163 112
1.4194 4.3780 3.3775 159 138 82
1.6797 -6.6492 3.2428 134 153 86
-4.6210 2.1953 2.1650 139 140 88
-6.8255 7.7207 1.2859 171 157 107
2.3391 -7.9075 3.1567 153 142 98
4.5512 -0.2533 2.1502 134 150 113
1.2042 -1.7785 3.5355 139 127 78
-4.1476 -7.6114 2.3005 170 136 102
-5.1135 3.8797 1.9747 169 138 116
-5.7197 5.3867 1.6213 173 164 113
0.0091 -3.6647 4.0015 136 136 51
-6.1731 1.7042 1.3945 181 156 112
-6.9976 -7.6090 1.1896 178 151 127
-6.0540 1.8283 1.6100 162 159 110
-6.5853 -6.4017 1.3076 143 160 106
2.5754 1.8811 3.0327 137 148 91
-1.4645 -7.0598 3.3721 153 134 83
2.3510 -3.2916 3.0404 158 123 87
-2.2231 3.7540 3.1485 162 126 91
3.4208 -2.4440 2.6302 148 115 77
-0.0481 -3.7238 4.0336 145 116 80
4.6582 -2.0669 2.2310 157 135 89
7.3355 -0.2277 1.1522 176 156 117
-4.3440 -7.5756 2.2547 151 134 100
-4.4024 5.9286 2.1788 163 154 101
0.5917 6.4851 3.8077 130 154 79
-2.8287 0.2921 2.8385 144 113 93
4.2541 1.4518 2.3248 160 131 88
5.0931 0.4827 1.9117 150 131 93
-0.5539 -4.0028 3.7799 155 126 62
-7.2413 -0.0511 1.1835 167 141 101
6.0759 -0.1095 1.5371 172 147 100
6.2329 5.3407 1.6428 169 159 114
7.1395 -6.0332 1.1271 185 150 121
4.9745 4.3439 2.0038 155 129 86
6.3878 -5.9799 1.4128 147 133 102
7.2021 2.4120 1.1512 169 155 107
6.0382 -3.7382 1.5970 147 143 97
7.3624 -5.9009 1.1343 156 165 113
-0.8473 2.7624 3.6969 145 131 85
5.4421 -7.3733 1.8294 152 150 102
-3.9486 -4.6847 2.3634 154 150 106
4.4096 1.6722 2.2189 152 122 114
6.7877 -3.6758 1.2511 161 149 116
-2.3515 7.2469 3.0726 155 136 90
-3.0545 6.2243 2.8521 136 126 90
3.7346 2.3026 2.5266 156 133 79
4.3266 6.2387 2.2745 168 153 104
-0.5257 7.2456 3.8476 136 120 65
1.8456 -5.9161 3.2724 140 131 73
2.7891 -7.1883 2.8942 157 119 95
-7.8582 -3.6262 0.7868 177 156 125
-2.0938 3.1998 3.2530 163 128 80
-3.9019 -3.5639 2.4334 150 139 91
5.4905 -2.7744 1.8381 160 149 98
-4.4696 -6.4038 2.1579 153 107 95
7.7052 -3.2599 0.8633 161 168 115
7.9365 -5.0490 0.8588 168 147 132
1.6529 -4.5206 3.3014 153 141 83
-5.0212 4.1323 2.0218 163 159 96
0.5302 4.3513 3.7945 155 130 82
7.8368 -7.3995 0.9945 169 140 113
-2.2638 -1.0934 3.0620 150 162 91
-5.2057 1.3997 1.9335 155 125 81
5.7469 -4.8325 1.7030 146 154 116
4.9853 2.0182 1.9347 158 149 93
-7.9867 -3.0334 0.8350 167 158 131
-1.8309 7.8632 3.1236 160 139 79
4.5046 2.5861 2.2435 152 142 103
-0.6747 -0.7030 3.7258 125 134 92
3.0232 0.9007 2.7054 148 130 78
5.7155 4.2406 1.6866 166 133 117
1.9622 2.4880 3.0473 156 122 81
4.2290 -2.4792 2.2047 157 134 98
2.1267 4.7236 3.2030 154 124 78
-7.4003 -5.2017 1.0240 170 152 120
-4.1248 7.6371 2.3309 142 151 106
3.2358 -7.9081 2.7498 146 151 92
-6.4138 -2.3788 1.4115 140 140 114
4.7400 -2.1903 2.0944 172 134 91
-5.1854 5.5635 1.9169 149 158 98
-7.7737 -7.1594 0.9282 180 148 124
0.2127 -5.5330 3.8579 123 114 70
0.4509 7.1261 3.8715 137 123 98
-0.3171 -3.0306 3.8875 147 123 71
-4.0075 -7.5598 2.3780 148 127 87
-5.8940 -1.8403 1.5927 169 162 124
-0.9787 2.0675 3.7153 148 127 83
-5.3716 -0.7107 1.7555 157 146 114
-7.8892 3.7616 0.8567 185 139 118
6.6412 -2.8454 1.3359 172 153 97
-1.3608 7.5176 3.4767 133 143 75
6.5113 -6.9542 1.4487 144 171 91
1.1794 0.5703 3.4714 145 132 55
-2.2316 5.2682 3.1012 148 120 89
1.8412 -6.5406 3.2707 156 121 82
6.0350 2.3754 1.5650 180 151 116
-5.1518 5.9582 2.0196 165 158 82
-4.0493 -3.4889 2.3720 157 143 91
-0.4138 2.7121 3.7870 144 136 82
-4.4352 5.7410 2.3042 149 140 98
-0.0539 3.1689 4.0414 100 116 50
-1.4110 7.0659 3.4081 159 128 80
-2.6342 6.9001 3.0182 138 132 79
-1.8174 -5.8331 3.1975 149 129 82
7.9217 4.1533 0.7827 168 146 112
-0.0434 -7.2201 4.0127 158 133 79
-7.2855 -5.3802 1.0426 168 161 125
7.9725 0.8192 0.8298 155 150 116
5.0007 5.2423 1.9260 160 151 94
-2.8203 5.8041 2.7926 131 129 84
-1.2305 6.6290 3.6102 133 127 56
3.8138 -3.0705 2.4060 151 143 91
-2.4848 5.2749 3.0200 113 140 86
-1.2188 2.9537 3.5104 128 153 71
-2.3972 4.1842 3.1132 156 126 63
-0.6423 -3.6827 3.7418 150 117 71
0.4927 5.0059 3.8969 132 136 84
7.1650 -3.4887 1.0758 174 141 102
-3.4660 6.9544 2.5391 147 155 88
3.9937 6.4091 2.4055 155 156 93
-5.4599 -1.3926 1.8667 162 146 104
-5.8967 -0.1606 1.5285 164 153 100
-1.2087 -3.4290 3.4991 136 118 76
5.3267 6.0558 1.8463 158 147 78
-2.9130 -5.1158 2.8165 150 157 79
5.8732 -2.6665 1.6350 178 149 126
-4.7860 7.6321 2.0049 172 150 100
-2.6611 2.6725 2.9038 141 121 66
1.3624 0.0880 3.4835 140 129 79
3.9042 3.2028 2.4213 151 134 110
2.7594 6.2671 2.9519 170 116 92
-3.9275 -4.0843 2.4587 148 128 91
3.6389 -4.7727 2.5436 172 162 80
-3.2902 5.8672 2.6738 181 149 95
-4.3720 -1.2811 2.2197 162 129 99
-6.4133 4.9795 1.4387 170 137 128
-2.3395 -7.6436 3.0622 138 151 78
5.9325 3.5245 1.6780 153 151 106
4.7038 6.9429 2.1535 162 128 106
-5.0624 -5.2461 1.9919 138 150 87
-3.7518 1.1579 2.5130 172 153 84
3.2190 3.7813 2.7413 151 144 84
7.7063 7.1569 0.9827 158 147 117
1.4759 -4.6427 3.4718 150 123 85
-3.3663 -7.2246 2.6063 139 133 92
-7.5099 -7.0770 1.0003 163 143 113
-0.4608 5.0661 3.8647 136 115 72
-6.8691 -2.3223 1.1879 183 139 109
-5.6883 3.2029 1.8068 166 145 109
5.3306 -4.0836 1.8216 160 148 97
6.0711 0.3649 1.6627 159 145 114
3.0090 4.6646 2.7436 155 139 98
-7.8015 -3.6602 0.8260 165 153 113
-2.8237 0.5122 2.8697 154 137 84
6.6564 -5.8057 1.3913 180 143 104
7.7894 0.5477 0.8562 184 157 111
2.5005 7.3283 2.9894 141 121 87
4.7415 -5.8008 2.0608 153 142 109
0.9540 -5.9108 3.5670 157 138 81
-0.7121 5.4239 3.7879 159 128 66
-1.5860 1.9519 3.3923 171 157 72
2.1896 -1.5434 3.2281 151 132 87
-7.1773 -5.4520 1.1285 168 153 110
1.5838 6.3604 3.3121 142 127 88
4.4536 -6.3084 2.2899 155 144 97
-5.5704 6.8456 1.7097 152 143 104
-2.5241 -2.1923 3.0019 141 151 85
-6.6824 -5.0204 1.2748 153 139 114
-6.9216 -0.3427 1.1827 166 147 103
-4.2727 1.2146 2.2659 165 149 90
-7.5662 2.0866 0.9408 159 169 108
5.0854 0.6440 1.9463 140 130 100
2.8348 -4.8912 2.8108 145 135 91
2.5951 -3.1684 2.9793 146 118 79
7.4720 -2.4422 0.9950 164 146 97
-0.4597 5.0016 3.8592 137 124 93
2.5150 5.1041 2.9630 152 137 75
4.2563 3.2655 2.2945 157 151 103
-5.9390 4.9095 1.6083 175 162 96
2.9893 -5.6457 2.8012 152 149 95
3.7468 -6.9795 2.3762 177 138 106
0.6367 -7.1473 3.7717 128 124 76
6.5028 6.5470 1.3120 151 147 94
-0.3352 -1.5777 3.9092 129 131 78
5.6003 5.1455 1.6808 175 143 109
5.5153 -0.1832 1.8177 173 168 106
5.5949 7.3874 1.7895 153 135 115
6.5910 0.1657 1.4694 165 165 114
3.6762 -4.5683 2.5180 142 138 97
5.5292 -4.5450 1.7313 158 143 109
-2.0321 6.1455 3.1568 150 119 71
-0.9167 0.6691 3.6019 161 128 80
4.0165 7.2037 2.4587 147 148 107
-3.1342 -6.6544 2.7187 150 151 90
-1.6649 1.3049 3.3116 144 127 64
-4.6064 0.2052 2.1632 168 132 86
-1.3709 -1.5066 3.4476 138 139 56
-3.3533 1.5923 2.6091 135 144 92
0.8778 -6.5049 3.5519 155 136 72
-1.5766 6.4009 3.3657 156 129 75
-5.9332 -6.6396 1.6515 163 139 111
-7.7499 5.1840 0.9160 163 142 116
5.8134 0.9778 1.7063 146 157 102
-4.0046 -4.7577 2.4537 161 139 93
-0.8522 3.0144 3.6411 129 144 89
-2.9636 -5.3076 2.8505 163 137 85
-6.2249 2.6955 1.5939 170 134 116
7.4723 6.4084 1.1069 171 143 122
-0.2212 2.4129 3.9503 152 140 59
4.5599 2.2174 2.1632 165 140 107
-3.3163 -4.3312 2.7403 153 129 91
-3.3154 -0.8540 2.7807 148 144 98
-5.5535 5.0338 1.8089 152 142 99
-3.2005 -2.2926 2.6802 128 125 103
-5.6906 2.1602 1.7919 160 148 107
7.5216 4.7914 1.0210 178 158 107
5.6273 2.1039 1.6611 168 145 102
-2.0119 4.8556 3.1971 154 152 60
4.9137 -2.0769 2.0313 139 156 99
6.1883 -3.0250 1.5678 165 148 94
-7.9539 -3.4728 0.8724 170 140 105
0.0116 6.3630 3.9846 144 144 69
-7.1859 3.4057 1.1401 178 142 115
-0.7722 7.4600 3.7275 132 115 68
4.9648 2.5557 2.0230 171 149 96
3.3439 -0.2410 2.6101 157 145 91
2.9156 -1.2880 2.8521 153 140 79
3.0927 -3.8782 2.7001 147 144 107
4.8496 -3.9589 2.1527 166 154 104
3.9795 7.4448 2.3827 155 144 95
-0.4709 2.8762 3.8441 136 134 94
4.2686 -4.0524 2.3345 134 138 99
-2.6194 -7.7097 2.9590 148 123 98
-6.1732 4.3057 1.5707 151 138 97
0.3618 -2.4143 3.9116 137 143 69
3.6286 1.6902 2.5017 158 136 88
5.5012 5.2406 1.7916 178 139 111
-7.9209 4.4803 0.7523 176 146 108
-7.6655 3.4453 0.9462 156 164 109
-1.1402 -6.2659 3.5698 154 134 72
-4.2908 -5.2773 2.3635 148 141 107
-2.3110 -6.7042 3.0749 139 125 97
-6.5063 7.6463 1.4316 155 148 114
3.5872 -1.6154 2.5085 144 139 109
-6.1410 7.3002 1.5127 169 156 104
0.3306 5.8430 3.8394 149 112 69
7.5133 3.8683 0.9830 165 137 110
5.7630 6.3135 1.6956 171 145 107
-6.5719 -1.8829 1.3261 162 137 98
-6.9319 5.3811 1.2967 161 147 105
1.2423 0.9269 3.4551 138 108 71
-0.1856 -5.2230 4.0110 167 144 63
-3.3350 6.6839 2.6353 152 136 94
-1.8072 0.1444 3.2435 165 128 85
6.6132 -4.5077 1.5515 162 122 97
-4.9355 -5.7679 2.0771 160 157 101
5.9483 4.2473 1.6697 158 141 111
7.0581 2.8383 1.1761 169 155 111
6.4854 5.5707 1.5329 166 142 116
-2.1753 -6.5102 3.1483 157 116 83
-2.3148 -4.1900 2.9407 154 145 77
6.8383 7.0057 1.3067 152 147 107
6.7239 -4.4159 1.3403 174 156 125
-2.5409 6.8560 3.0242 150 115 83
-5.4495 1.9627 1.8310 163 143 112
2.8638 6.9589 2.8153 157 148 88
-1.0422 2.0070 3.4780 130 120 70
0.5264 -5.4032 3.8332 140 132 51
2.4830 -0.6551 3.0786 174 141 78
7.1715 1.4806 1.1892 177 137 125
-0.3832 0.1031 3.9258 139 135 82
-1.1923 -2.4755 3.6024 135 125 66
-3.9554 7.1636 2.4545 126 128 102
-0.5484 -6.2004 3.8138 155 142 75
1.0527 0.3242 3.5263 137 143 96
0.2228 -0.1329 3.9113 140 114 72
-5.8820 -6.6240 1.6703 163 160 92
6.0767 -7.2638 1.6194 162 148 120
-2.7312 -0.9596 2.8569 157 147 87
-7.9741 7.0919 0.8600 173 153 131
-1.6089 -4.9994 3.3842 135 136 69
-6.8172 0.7378 1.3210 161 157 123
-7.3375 -7.6962 1.0336 179 143 121
-1.3357 -3.4456 3.4423 141 121 73
3.9723 4.2424 2.4310 159 137 101
4.8318 -2.7090 2.0259 158 151 100
1.9666 7.1410 3.2217 150 123 96
-4.8550 -2.9977 2.0902 168 154 104
-2.2672 -2.8274 3.0983 156 136 70
1.5535 -6.9989 3.3470 134 122 75
7.3130 -7.2100 1.0657 176 147 110
5.2113 4.7969 1.9473 174 146 94
6.7399 1.8027 1.3302 177 138 106
-0.3248 -0.9914 3.8441 130 138 78
-5.2310 -1.7042 1.9315 149 146 100
-7.9636 -6.7161 0.8191 175 156 100
-1.6486 -6.5383 3.4382 143 102 80
0.9030 5.0385 3.7013 139 125 75
5.2111 3.2691 1.9645 163 143 88
-7.7008 -0.9782 0.9041 166 141 108
4.5861 5.7573 2.1709 142 140 111
-2.6556 -1.8264 2.9676 155 133 96
3.2183 3.3492 2.7122 167 148 79
1.2863 -1.0489 3.4907 146 143 94
7.9717 -2.4705 0.8405 177 141 130
-2.4533 -1.0851 3.0921 151 133 84
4.3446 6.2132 2.2578 163 142 92
-4.5639 5.3356 2.0093 150 144 96
4.7823 -7.8798 2.1770 140 153 102
-0.1842 7.3628 3.9298 149 138 91
-3.7419 -5.2072 2.5430 169 131 81
-6.7078 4.0592 1.2315 177 154 111
6.4031 -7.7004 1.4317 176 146 115
4.5917 -4.1145 2.2058 170 133 99
6.1863 4.4337 1.4884 173 157 107
-4.5905 0.9296 2.1598 167 131 99
-0.0038 -0.3414 3.9845 150 134 77
-7.0490 -7.2682 1.1650 175 158 94
-5.8881 0.5490 1.6929 147 131 95
6.7093 -1.7368 1.2616 157 138 101
1.8403 5.2885 3.3019 126 140 71
0.3713 1.2478 3.8425 142 111 76
-4.0858 -4.6366 2.3348 154 123 80
2.2402 3.1483 3.0860 139 141 71
-6.7752 1.3489 1.3366 169 153 110
-1.0613 3.3570 3.5805 146 118 83
-4.4679 0.9463 2.1802 156 122 86
2.1177 6.8614 3.1062 159 133 81
0.8615 -1.8512 3.6349 139 128 70
7.7224 4.1057 0.9307 161 147 116
0.5531 -0.0949 3.7680 157 148 76
5.0776 -0.9538 1.9824 162 122 98
5.5311 -6.1622 1.7511 161 155 102
5.5351 -7.8985 1.7587 157 138 120
1.4618 4.8121 3.4658 153 120 74
5.1880 7.1238 1.9651 162 135 81
3.4579 -7.2995 2.6664 151 133 73
2.2692 -1.5917 3.0706 147 138 85
3.4766 -1.9934 2.5774 169 138 82
-4.3073 -7.2614 2.2662 153 148 94
7.7584 2.2468 0.9377 169 144 115
-4.1622 -0.3810 2.2810 160 147 101
4.0581 1.8224 2.3445 152 125 79
5.5313 -5.0504 1.7511 161 154 108
1.4848 -4.1472 3.3477 143 123 74
2.4679 -3.5580 3.0907 132 115 86
3.4572 -2.5306 2.6347 158 133 101
1.1176 2.4964 3.6020 148 108 78
5.3691 -4.8864 1.9413 161 166 114
7.7180 -4.6198 0.8759 167 155 130
3.7722 4.9634 2.5294 126 136 86
-1.4859 -7.4405 3.3913 136 125 92
1.9626 1.0255 3.2184 145 138 67
-7.4264 -2.1002 1.0383 155 162 138
0.8959 -6.9661 3.6513 146 148 75
-0.2437 0.1775 3.8634 149 111 48
-6.8968 3.2514 1.2509 181 154 111
-4.1968 -2.5226 2.2180 153 142 99
-2.9314 -7.6875 2.8634 151 132 80
4.7080 7.4822 2.1107 161 156 105
-7.5920 3.0671 0.9844 172 155 110
7.1220 -3.6681 1.0736 166 159 117
2.9420 1.3544 2.7794 145 133 82
-3.3795 4.7620 2.5798 144 148 98
-5.9138 -5.4457 1.6412 172 156 83
1.5098 -7.4462 3.3602 136 132 66
3.8611 1.9743 2.3917 163 144 81
1.3518 -7.0138 3.4735 154 130 76
-6.3252 -2.3021 1.4558 156 148 96
7.7682 1.9436 0.9157 162 142 101
0.6102 -2.5850 3.7364 147 152 89
-3.5011 6.8265 2.6021 139 126 84
1.8740 -4.8983 3.2006 130 125 87
-6.9930 2.0579 1.2915 172 148 107
-7.4770 -1.6433 0.9751 167 163 126
4.8650 -5.2404 2.0616 165 152 91
-3.8064 4.0216 2.4719 164 132 74
7.1689 -6.4696 1.2099 152 138 127
-6.9597 3.8193 1.1637 158 157 100
-0.5966 -1.4762 3.7402 143 136 80
-3.8457 3.3889 2.5452 142 145 89
2.2021 4.4222 3.1299 136 149 82
1.2842 -2.8899 3.5382 143 128 66
-1.7323 -6.3233 3.3172 150 134 96
0.3814 7.6663 3.7859 156 123 66
-5.5414 6.0525 1.7843 176 137 125
-4.1839 -5.0348 2.3581 163 129 93
5.8455 -6.9093 1.7391 179 145 102
5.7839 -7.6629 1.7372 164 138 108
7.7953 0.4460 0.8241 168 142 128
-0.9959 -3.5528 3.5055 139 131 62
-6.9557 4.7027 1.1807 159 140 112
-2.8038 -2.8082 2.9056 149 123 73
-6.6263 -0.9914 1.3068 162 147 111
4.5008 4.9988 2.2503 171 148 87
5.2053 3.0007 1.8704 161 148 96
-7.5100 4.0475 1.0573 168 128 89
2.6280 -6.1222 2.9545 133 124 90
3.2353 -1.3426 2.6347 138 120 89
-4.1780 -0.7779 2.2975 163 158 82
-0.9667 3.2392 3.6772 155 132 79
7.9725 5.0544 0.7938 180 164 121
6.0114 6.7312 1.5745 177 139 88
2.8269 6.6072 2.8248 153 132 95
2.1672 2.7304 3.1677 153 145 93
5.5088 -5.0919 1.7521 158 137 111
-2.1223 -4.0203 3.1410 146 148 79
-1.4426 2.9357 3.4211 143 146 68
7.1240 5.3455 1.0963 156 141 121
-0.6532 6.7615 3.6630 149 130 85
-2.6108 1.1316 2.8725 151 132 91
2.7580 5.3666 2.8873 160 132 84
-0.9508 -4.6070 3.6864 155 122 80
4.0516 0.7391 2.3311 152 141 107
-1.7439 -6.8043 3.3456 151 128 77
1.6847 3.5505 3.3808 151 134 68
-4.9581 5.0674 2.0323 167 125 105
-5.8939 -7.2084 1.6115 172 159 107
6.1428 5.0698 1.5054 168 152 108
7.8808 5.2056 0.9045 179 156 130
-3.9954 0.0217 2.4247 147 140 107
-2.9731 6.0726 2.7733 154 134 97
-3.1798 -2.4441 2.7751 148 124 88
2.9317 -2.5259 2.8661 137 138 91
-5.3656 7.1748 1.8580 171 161 111
3.4977 -0.1134 2.6407 144 132 95
1.6204 3.6716 3.3683 155 129 86
-6.3758 -2.2842 1.4580 185 163 120
1.6086 5.4235 3.3776 150 140 67
4.2961 6.1030 2.3346 176 131 77
-7.0391 -0.5149 1.2112 175 152 112
-6.9018 -6.7081 1.1971 154 149 124
7.9501 6.1825 0.8388 146 161 125
2.7621 3.6531 2.9130 140 120 87
-7.4217 -2.9959 1.0536 167 140 132
-0.8659 0.1842 3.6709 145 128 64
0.7234 1.2141 3.6955 150 132 66
-1.2700 -7.9838 3.4819 138 131 59
2.0079 -2.4512 3.1946 161 125 95
5.1381 -0.4467 1.8812 172 141 102
-1.6802 2.9703 3.3907 138 138 81
-4.0038 7.8015 2.3598 157 133 97
0.2919 -7.4742 3.8201 132 139 74
-7.8929 -1.7426 0.8152 170 147 144
-4.7217 6.8752 2.0980 152 148 89
2.5595 6.5628 2.8939 159 149 93
-3.4067 5.2346 2.6478 146 112 74
-3.5723 -3.3623 2.5275 163 129 81
1.1623 2.1634 3.5317 167 123 71
-1.0570 7.4828 3.5842 147 136 78
-5.6940 4.9997 1.5846 165 151 115
7.9198 -7.2533 0.8251 158 153 122
7.4975 0.4096 1.0087 187 157 99
-0.4547 -3.2540 3.8490 145 140 62
3.8438 2.7187 2.5399 160 142 88
2.5926 0.6974 2.9792 152 143 76
3.4462 -4.5781 2.6169 156 141 101
0.2755 -1.5584 3.9447 136 151 66
-4.0516 1.4688 2.3715 159 148 100
0.0525 -7.0110 3.8935 130 128 77
7.2868 -4.7592 1.0421 168 158 107
3.3853 4.8330 2.6661 142 146 82
-7.8683 -6.2445 0.8792 163 148 114
-1.4544 -6.2459 3.4289 141 131 78
-1.0364 -1.6091 3.5541 141 126 84
6.0334 -6.7235 1.5929 189 144 110
-1.1450 2.1891 3.5904 140 124 90
-2.8466 -7.5128 2.8174 143 140 92
4.3349 0.7324 2.3217 166 125 104
6.7081 0.5594 1.3006 165 134 123
-5.5656 4.4137 1.8731 145 158 104
7.9595 -2.9559 0.8373 162 158 108
6.7683 7.6925 1.3458 183 139 100
-2.6845 -2.2842 2.9482 155 139 96
0.1498 7.3639 3.9722 130 124 64
-5.9499 -7.5818 1.7192 170 146 117
6.7195 -6.7187 1.3100 153 142 111
-1.2183 -0.8095 3.5358 150 115 86
-4.3206 -4.3886 2.2614 158 146 90
-4.6383 5.1769 2.2213 147 156 81
1.1976 4.1791 3.6052 144 149 80
6.0465 -3.0727 1.5255 169 137 82
-1.9702 5.5352 3.1791 156 144 88
2.0990 -2.8146 3.1541 146 150 76
5.5791 -0.5975 1.6601 164 144 111
-7.6314 6.3659 0.8793 168 151 109
4.7553 4.7285 2.1041 148 142 95
5.6073 -2.1499 1.7724 153 153 90
-3.8122 2.7793 2.5263 169 141 100
-4.4869 0.1007 2.1697 169 140 90
1.2906 -3.1415 3.5024 138 117 83
1.3774 3.6953 3.4003 131 131 70
-4.7922 1.0839 2.1038 175 129 100
-0.5463 -2.2067 3.7473 146 114 88
0.8654 -1.5945 3.6716 144 129 90
-5.0845 -4.8905 1.9933 171 141 99
-2.8179 -3.8904 2.7781 165 120 89
1.7026 3.4783 3.3345 131 139 74
-5.2278 -2.9094 1.9058 156 137 114
-0.9224 4.0537 3.6427 155 125 90
-0.8704 6.8531 3.6598 139 130 69
6.7088 -4.3226 1.2843 168 127 108
3.5558 2.3866 2.5254 157 156 95
2.9240 2.1720 2.7624 155 125 77
-3.9228 0.8323 2.3783 164 129 85
2.9111 5.5324 2.8471 156 151 92
-7.8535 5.4778 0.7528 150 149 119
-1.2560 -4.9577 3.4793 163 134 63
7.6435 7.6762 1.0130 174 158 126
-2.7542 0.7160 2.9068 142 134 105
6.9490 -2.9746 1.2488 161 125 117
4.3221 -4.1525 2.2546 147 133 102
-3.5471 -7.4978 2.5888 160 135 96
-4.1578 4.2860 2.2137 154 138 101
-5.5724 4.5231 1.7875 138 148 105
0.3772 -2.1154 3.7749 140 130 72
0.3679 2.7235 3.9927 140 128 91
-1.4728 -4.2083 3.3897 144 137 81
5.1685 0.9281 1.9365 159 139 102
5.2473 5.6075 1.9017 162 144 71
0.5059 6.0890 3.8935 149 142 59
3.0502 -5.9172 2.7596 161 148 95
-0.1127 5.9654 3.9054 135 140 76
-0.3196 -7.2849 3.8786 159 129 89
1.8629 0.2553 3.3652 151 142 96
-4.5275 3.9205 2.1965 157 159 103
-5.9104 -6.6704 1.5859 162 139 99
0.9923 -7.9251 3.5849 147 113 76
-3.0214 2.5674 2.9224 149 139 86
-0.1504 -6.3897 3.9412 158 129 76
-3.3291 -6.1810 2.6749 171 143 101
-3.7628 -4.1032 2.5282 164 137 112
-1.2435 7.9179 3.4426 138 118 77
-7.9668 7.8272 0.8307 170 156 121
-3.6681 4.4732 2.5830 139 147 82
-2.1053 -4.1893 3.1506 145 126 66
-0.1415 5.8738 3.8795 125 128 69
7.1353 4.1197 1.1363 149 138 133
0.8942 -3.3228 3.5757 142 131 98
5.7629 4.5585 1.7197 151 142 97
1.5584 0.1853 3.4277 142 146 65
-1.4919 4.5430 3.4661 135 107 72
-7.7219 -0.5433 0.8957 169 150 124
6.8727 3.5773 1.2602 170 149 87
-2.2423 0.1434 3.0921 141 137 94
6.4513 -4.8811 1.3346 166 149 103
5.2434 3.2271 1.9233 161 141 85
-6.8401 7.2571 1.2217 181 149 126
-5.9128 -7.5345 1.6395 173 144 96
-3.4688 1.1438 2.5550 153 129 92
-0.6572 1.3206 3.7138 147 140 63
2.2918 2.2036 3.0983 158 140 80
6.2225 -6.9513 1.5051 170 155 123
-1.1368 5.5043 3.6019 146 120 73
3.8947 5.8086 2.4329 144 164 94
6.6180 3.6899 1.3807 164 162 78
-5.8702 -4.7462 1.6817 180 148 124
7.0849 -3.7116 1.0990 170 136 132
4.7430 -7.0000 2.0312 154 152 100
3.9283 7.6367 2.4026 159 147 87
-0.8644 -0.2881 3.6114 148 144 70
-6.8142 -7.8469 1.2843 164 148 96
-3.8374 3.8209 2.4440 154 142 94
2.5600 -2.2433 3.0624 147 137 75
-7.6141 -7.7561 0.9712 164 147 130
4.3418 -2.3611 2.3217 190 127 87
7.5703 5.3392 0.9127 184 159 95
-6.0324 5.6276 1.6053 157 142 106
2.3212 2.8191 3.0747 149 126 74
5.5861 7.4510 1.7560 163 137 127
3.2664 6.4136 2.7343 160 127 105
5.5319 5.2275 1.7420 170 142 114
6.9213 -0.0034 1.1771 162 150 102
4.9338 3.7032 1.9358 169 156 97
-0.7879 -4.0082 3.8018 141 143 84
1.3393 2.4859 3.4062 150 133 56
-0.1973 -1.3201 3.8933 129 136 61
1.8184 -5.7609 3.3599 141 124 69
0.2335 -7.4236 3.8639 149 128 62
2.2404 3.6063 3.0998 150 113 97
4.7564 -1.2826 2.0854 155 155 99
7.2800 -0.0565 1.0736 159 141 112
0.0418 5.5981 3.9521 123 128 81
-0.8172 -5.7339 3.6802 150 122 72
-4.2207 -6.6671 2.3077 160 134 99
6.4071 -1.6004 1.4373 166 128 98
4.8254 -6.1577 2.0999 158 130 96
-1.9553 4.2108 3.2929 138 134 78
-4.9978 -6.4270 2.0722 161 142 93
-0.8821 -1.9151 3.6259 144 123 77
7.0410 2.0716 1.2186 172 142 103
-1.9837 5.9870 3.1770 156 145 80
-2.8781 7.2837 2.8405 156 138 82
6.2060 4.8726 1.5277 159 149 106
6.3410 -5.3442 1.4657 180 140 113
-2.0081 -4.8424 3.1452 141 138 75
7.1951 0.6578 1.1232 156 143 112
5.4080 2.5848 1.8238 154 128 106
1.3983 -5.2407 3.3907 139 132 75
-4.0692 -7.4305 2.3757 167 139 93
-4.2184 -0.2046 2.2567 171 154 82
-2.7313 -4.5675 2.9493 167 150 85
7.6947 1.6740 0.9271 168 155 117
0.9664 2.6552 3.6237 140 116 85
4.3214 -4.0124 2.2850 156 140 101
-0.8065 0.3109 3.7509 167 119 84
5.8536 7.7820 1.6483 185 127 94
7.2580 -2.9967 1.0464 174 134 138
3.1214 -6.4100 2.7954 158 154 115
0.3213 3.1210 3.8701 142 113 74
-4.9823 -4.8454 1.9861 170 132 102
5.0410 2.3431 2.0244 162 145 93
5.5054 2.9354 1.7828 175 151 100
7.1004 -6.5278 1.1431 177 143 109
5.8201 4.1041 1.7590 179 131 116
-1.4798 -1.0960 3.3591 154 123 72
-3.1749 4.5137 2.7332 145 114 65
-0.4126 3.6188 3.9328 157 125 50
7.6279 1.3683 0.8302 170 171 107
5.2938 7.3510 1.8828 169 135 96
-5.9532 6.0100 1.6756 155 140 99
5.3825 -4.3070 1.8339 144 160 116
-1.6837 -6.6215 3.2852 144 131 81
7.6250 -6.6294 1.0752 164 150 121
7.9894 7.0740 0.8086 163 159 117
3.7019 -4.5201 2.5414 154 136 91
5.4330 -6.2273 1.8358 149 145 112
-4.5822 -5.5515 2.2011 163 152 88
-2.3110 -7.0800 3.0053 150 149 71
5.5178 -4.8102 1.7003 157 146 119
-2.9074 2.9869 2.9418 143 127 86
-0.0852 1.4291 3.9531 139 124 67
4.2403 7.6017 2.2862 166 123 91
-0.9330 -1.6192 3.5879 140 119 62
1.1610 -1.8971 3.5105 140 132 83
1.0120 -3.2672 3.6416 152 130 78
6.0632 7.7425 1.6294 174 145 74
4.6622 -4.4493 1.9969 154 134 98
4.1256 3.7608 2.3275 151 124 73
-2.7525 -1.7546 2.8495 151 144 91
-0.4577 -3.7218 3.8039 130 122 83
7.2743 -3.6087 1.0468 172 137 103
-5.7609 6.2543 1.7443 169 158 83
3.0266 6.1452 2.7642 146 120 104
-4.9197 4.4925 1.9876 165 135 105
-3.7917 -1.5897 2.4618 141 144 96
-1.2337 4.0479 3.6198 148 130 77
-3.9695 -6.0941 2.4499 160 147 94
-0.2370 -0.8019 3.8669 134 134 60
3.4074 6.5188 2.6905 177 138 80
-1.7587 -4.1393 3.3428 146 132 92
-6.1132 -1.3348 1.5810 158 151 104
1.7990 -1.7078 3.2763 157 137 93
6.9581 -6.0752 1.3130 164 155 112
3.6832 2.8031 2.6492 153 158 92
2.3874 -5.2892 3.0518 157 139 63
-6.2332 -7.3466 1.4729 150 165 91
1.2881 -1.8128 3.5318 140 110 59
-3.8187 -4.8295 2.4348 157 139 101
-1.6965 -5.4877 3.3262 157 136 66
-0.0914 -4.1929 3.9558 135 137 64
-3.1254 -6.2379 2.7484 155 139 105
7.6305 4.6973 0.9989 177 142 125
-5.9679 -5.0830 1.6914 147 145 103
2.0147 1.8816 3.1971 156 131 77
7.6434 2.2024 0.9615 165 146 106
-1.2618 -1.9165 3.4664 159 135 76
0.3026 0.2664 3.8913 142 121 88
-5.5873 -4.0850 1.7643 174 129 85
7.7564 -5.2206 0.8908 162 164 113
4.6784 -7.8334 2.1062 153 134 95
1.9785 -0.2045 3.1901 163 143 84
2.9254 -1.3889 2.8046 153 129 81
-7.4716 -3.3205 0.9214 165 147 122
2.2553 -6.9549 3.0528 153 127 71
2.8698 6.5660 2.9283 150 139 92
5.7571 0.6741 1.6610 161 133 123
2.3032 2.4846 3.0328 144 139 92
0.0677 -3.7890 3.9133 141 137 67
6.2193 -3.4893 1.4920 185 137 89
4.2519 2.7630 2.2594 155 155 84
-3.9187 -1.6171 2.3931 165 144 67
3.9604 -3.7771 2.4532 173 151 100
3.9002 7.1990 2.4602 151 137 113
1.1598 4.3140 3.5980 143 139 78
1.1642 -4.4697 3.5245 142 121 61
-1.3883 -7.2728 3.3644 146 127 85
6.4839 6.7164 1.3230 170 145 119
5.9192 4.0031 1.6632 143 151 103
2.8827 7.9066 2.8436 150 145 94
6.9501 7.4581 1.2261 169 141 111
5.2686 -6.0443 2.0063 170 144 110
0.6515 -4.9591 3.7371 134 139 64
-3.9619 2.9053 2.4874 140 143 88
1.0361 -6.9565 3.6567 151 133 75
2.3333 5.8570 3.0952 152 135 82
4.9716 -1.6317 2.0365 153 152 102
0.5245 1.4176 3.8154 136 134 72
7.5814 -7.0789 0.9284 184 169 120
-4.6681 -3.8712 2.0849 158 147 104
-4.2829 3.3759 2.2997 151 155 99
2.1252 -2.0903 3.1575 157 109 89
1.6207 -4.4652 3.3464 141 129 78
-3.0217 3.2767 2.7492 154 124 102
2.1862 -5.4506 3.1461 141 138 75
7.5460 7.9198 1.0376 167 159 98
6.6337 -6.7289 1.3319 172 151 105
4.8084 -1.0836 2.0968 154 136 93
-4.7014 -5.7128 2.1114 166 126 115
5.9058 -0.5799 1.6245 165 162 115
1.2751 2.2899 3.4881 139 118 72
4.0367 5.4220 2.3571 154 139 106
0.2246 -1.8767 3.8843 150 119 86
-6.6652 5.4150 1.2349 162 142 104
-6.3963 4.1879 1.4421 165 143 110
3.4142 6.9811 2.5331 154 139 88
2.1965 4.6276 3.1501 132 141 89
-4.0878 3.8106 2.3910 165 142 106
-6.8147 -1.4658 1.2833 160 133 114
-5.9531 3.5575 1.6007 158 135 90
4.4200 3.5456 2.2535 169 139 92
-7.4444 4.2041 1.0719 188 154 135
2.3228 2.0322 3.0761 155 135 93
6.7694 5.1380 1.2521 156 147 119
-6.2636 -6.4493 1.4270 170 149 119
7.0733 -7.7007 1.1725 146 165 107
2.8590 6.3833 2.8482 156 128 96
-2.2531 -7.6026 3.1460 142 131 92
-4.9235 -0.8011 2.0300 147 134 66
1.8086 -6.8209 3.3206 163 138 71
0.1042 -3.3293 3.9376 139 117 87
-1.8522 -4.5754 3.2385 156 137 75
0.1584 -1.4053 3.8694 114 126 79
-0.0635 6.3406 3.9925 143 125 66
6.9275 7.0938 1.2448 162 155 102
-3.5791 0.7017 2.5266 153 131 71
5.4840 1.8624 1.7392 151 155 122
6.9877 -4.6931 1.1737 177 169 112
4.1934 -5.9003 2.3034 169 146 106
7.1161 3.4123 1.1546 193 148 121
-5.2806 -0.5647 1.8102 161 173 97
-7.7303 -6.9099 0.9200 185 140 89
-0.0833 7.6088 3.9661 126 114 84
-4.6984 -5.1533 2.1816 157 149 87
-3.1511 -0.4542 2.8705 131 147 87
4.2536 0.9443 2.3171 153 128 92
-1.2798 6.8919 3.5535 152 142 78
3.5146 6.7033 2.5890 153 147 104
2.8889 1.5735 2.9224 151 129 91
5.6963 1.9254 1.7367 171 123 101
-1.8547 4.3810 3.2241 138 143 70
7.0128 -7.0766 1.2657 171 158 123
7.3746 6.0989 1.0608 168 139 92
0.1841 -4.7351 3.8584 130 131 59
-4.0829 7.8575 2.3482 147 139 97
-4.9604 0.5005 2.0765 178 132 99
0.1410 2.5404 4.0159 153 135 56
-3.5318 -4.9172 2.6524 149 158 94
-6.2594 -2.1801 1.4381 178 139 110
-7.0878 -6.4372 1.1427 183 141 125
2.9024 -2.8132 2.7904 140 140 84
0.9728 -7.9342 3.6423 155 109 52
0.7612 -3.4837 3.6302 146 143 76
-5.8653 6.3698 1.6974 156 145 99
5.5027 1.9096 1.8196 173 149 109
-5.7938 -7.4962 1.6808 158 141 94
-2.9823 3.3864 2.7855 174 143 95
3.7899 -2.4884 2.5525 146 136 89
-0.8554 -7.1885 3.5933 152 117 67
6.7020 -5.9122 1.3524 150 155 119
4.1121 -0.0026 2.3730 138 148 101
3.4349 0.3671 2.5550 145 149 89
-4.3594 3.3796 2.3149 159 140 97
-3.7927 -4.1670 2.4982 144 127 78
-2.3885 0.1164 3.0384 154 143 94
6.7080 -2.6114 1.3279 189 140 103
2.4929 -6.2141 2.9483 152 139 88
5.6005 0.7761 1.7153 155 162 103
-0.5022 7.0636 3.8595 130 129 60
-6.2313 -1.2160 1.5998 170 164 120
-3.0055 -1.7188 2.7605 154 129 105
3.5221 -7.7606 2.5368 154 151 77
-5.2507 -3.1316 1.8973 167 162 88
-6.8090 -5.9843 1.2936 148 138 108
-7.9494 7.8734 0.9391 178 139 119
-5.6523 -5.1562 1.7201 178 148 100
2.2820 0.6955 3.1296 154 123 67
0.2908 7.0770 3.9338 145 130 70
-1.7017 -3.3628 3.3751 138 141 65
-6.3897 5.6741 1.3745 169 150 126
-4.5926 -4.8526 2.2149 167 139 90
6.4853 3.8154 1.3861 156 157 119
-4.9278 6.0505 2.0370 159 137 90
0.8428 5.6601 3.7360 144 148 76
-1.6301 -5.1606 3.4193 131 145 89
-4.9090 1.4121 2.0633 164 149 93
4.9499 4.6655 1.9699 163 134 105
-4.9073 6.3109 1.9978 155 135 94
6.9039 -0.2350 1.2802 162 152 98
-1.9301 3.5385 3.2372 148 157 83
3.4796 -1.1598 2.5877 150 158 89
-6.5944 -2.3621 1.3860 167 153 92
-7.0757 -1.6591 1.1158 151 143 110
-4.6973 -2.7516 2.1059 157 134 87
-0.2442 -5.4515 3.9277 124 123 69
7.0888 5.6052 1.1729 168 152 116
-5.6934 -5.0375 1.5977 138 150 103
7.9277 -2.5824 0.7951 179 141 125
-0.3486 3.5492 3.8918 128 124 74
2.6482 -2.1551 2.9766 165 123 90
0.0546 -0.9350 3.9989 136 127 66
1.0374 6.5205 3.5268 139 129 74
3.7242 1.0534 2.5257 150 121 89
-3.6782 -7.5884 2.5057 155 130 100
4.5044 -2.5797 2.1763 157 150 90
-3.8508 -2.0570 2.4474 157 149 99
4.3449 -0.7212 2.2261 157 136 96
3.1788 1.0870 2.7572 135 138 69
-0.1708 3.2098 3.8637 136 114 69
6.7883 -2.5631 1.2571 161 139 99
-5.9810 -1.6392 1.5910 150 152 100
-7.8085 -2.9189 0.9152 185 155 118
5.5471 -1.4961 1.8218 152 150 114
-6.7625 5.9380 1.2572 195 167 116
7.0966 0.0256 1.1217 179 153 118
-6.7822 1.8544 1.2434 171 141 103
-3.1110 -4.8384 2.7710 147 137 93
-5.1125 4.7672 2.0225 155 122 123
-6.0158 -7.9877 1.5683 167 153 118
-4.7544 -6.8649 2.1177 183 148 104
3.4917 4.8079 2.6186 148 151 98
2.4831 3.0641 3.0313 154 139 88
0.2071 2.8320 3.8452 143 138 64
-1.2419 5.2970 3.5304 156 133 83
4.1566 5.6664 2.3469 159 137 92
-0.1969 -5.5356 3.9954 146 127 69
6.6540 7.9526 1.3540 164 161 104
4.3579 3.8808 2.3333 158 129 104
3.3891 5.2560 2.6662 155 144 99
-6.1345 5.1082 1.5861 166 148 119
-2.5085 7.9607 2.9188 126 157 89
-2.0009 -7.8736 3.1774 156 143 79
-0.5970 5.0236 3.7929 132 127 66
-3.2659 -1.2517 2.6452 154 137 92
-3.4738 -1.4404 2.5627 158 138 75
7.5078 6.2636 0.9721 167 140 124
-1.6785 4.1051 3.2629 147 140 66
3.2392 -0.5313 2.6205 160 136 87
7.3604 6.2081 1.1211 188 133 105
-1.4521 7.6983 3.3444 155 115 103
2.6224 4.7556 2.8942 155 163 97
5.4702 6.1662 1.7603 161 135 100
-3.9780 -3.6500 2.3519 153 136 103
-4.6355 -1.3323 2.2214 150 124 116
-6.8326 5.9312 1.2485 168 124 129
0.8600 -0.4149 3.6245 137 119 85
3.2647 -2.4942 2.7724 143 129 82
4.0374 -5.8934 2.3449 159 137 72
2.1569 -0.8159 3.1702 143 131 95
-6.9928 -7.5392 1.1761 189 149 119
-7.8051 -4.5968 0.7811 168 154 114
-4.4266 -7.7760 2.1306 154 118 111
-3.1596 4.2504 2.7016 141 130 105
0.5395 -5.7238 3.7005 161 132 82
0.9108 -4.7604 3.6884 144 132 63
-2.8564 5.5990 2.8148 164 125 73
2.6454 -7.2086 2.9005 142 143 66
-5.0285 5.1825 2.0046 164 161 82
1.8652 3.8972 3.2381 146 123 90
-2.3292 5.1509 3.1310 147 126 78
-3.1563 0.5135 2.7636 152 148 98
-4.1486 -2.6654 2.3829 150 133 95
2.6517 7.7587 2.8993 154 126 91
-5.3806 -4.7488 1.7987 170 148 96
-6.8905 3.0384 1.1942 147 145 114
-5.2687 -4.2487 1.8701 156 146 105
6.9227 -4.6131 1.2974 161 148 106
2.7026 -3.3601 2.9286 142 134 86
1.5328 4.0889 3.5130 151 138 77
3.3277 3.4247 2.7299 147 137 85
2.6035 5.5467 2.9553 141 131 82
5.8969 -4.5352 1.6410 139 149 110
6.6585 -3.2281 1.3238 168 160 116
5.2239 -6.5575 1.9044 154 144 87
1.2430 3.8270 3.4811 153 144 69
0.4842 5.7022 3.7532 134 143 92
-5.6597 -5.7069 1.6819 155 149 104
1.6389 -6.8775 3.3112 161 140 93
-1.7117 3.4597 3.3279 138 125 65
-7.2252 -3.2040 1.1922 167 156 121
4.1568 -0.6767 2.3489 156 121 84
2.6703 -3.3023 2.9318 137 145 93
-0.6770 -6.0745 3.7502 110 127 77
2.8093 0.2401 2.9439 163 144 92
-1.1970 5.7723 3.5443 138 124 74
4.2877 -0.6713 2.3350 148 154 99
6.8126 -5.3849 1.2883 167 139 117
-2.8875 1.3070 2.8330 139 145 99
-3.2568 3.2641 2.7855 163 156 88
-0.7411 -3.3175 3.6749 141 125 80
-4.5332 1.6842 2.1865 159 120 100
-4.4735 -2.1203 2.2393 152 126 105
1.4818 -4.5132 3.3283 146 136 72
-3.2393 -5.4789 2.6841 144 126 85
-0.9882 1.5543 3.5385 136 122 76
5.4048 -4.5277 1.8542 165 157 103
3.0228 -2.2333 2.8707 153 126 105
5.1056 -6.4782 1.9535 162 146 109
-4.7249 -5.2510 2.1347 151 144 101
5.7253 -0.6462 1.6201 174 140 107
0.6690 6.0272 3.7693 137 142 75
6.8277 -5.0884 1.2639 171 147 130
-3.2915 -3.8949 2.7290 154 125 88
6.6479 5.4272 1.3505 175 164 99
-6.7438 3.2303 1.2848 157 143 120
-3.7190 -6.4770 2.5738 155 143 94
5.6738 1.1743 1.7626 160 140 132
1.8223 0.7105 3.2409 151 127 61
-0.3127 5.6019 3.8120 135 129 83
3.0113 -5.9294 2.7390 164 120 106
-0.4744 7.8729 3.7733 137 133 68
3.4272 -6.8590 2.6143 167 162 80
-0.8298 0.7767 3.6645 125 139 79
-5.6172 -6.9294 1.8036 173 143 103
0.8695 3.8002 3.6446 148 150 69
-1.7623 2.1238 3.2739 156 131 68
1.9903 -5.7514 3.1043 147 124 81
7.6899 2.3856 0.9232 206 149 112
-6.1042 1.3766 1.5897 157 139 121
-0.5109 -4.8029 3.6945 131 115 87
-5.9062 5.2373 1.6254 164 163 115
-0.5080 5.2311 3.7995 146 121 73
-4.4507 -3.7980 2.1844 153 159 107
-1.7200 -5.3447 3.2442 168 136 78
6.0774 7.8991 1.5354 185 160 100
-2.9882 -6.4267 2.8293 159 147 92
-4.5839 -7.9763 2.2128 164 141 92
6.0606 5.3470 1.5635 177 159 122
-3.2614 -3.8880 2.6205 152 135 103
-5.9906 -6.9289 1.6088 162 148 117
-0.4272 -2.8963 3.8841 121 126 59
3.5755 -4.8964 2.5251 157 157 88
4.0586 -2.6667 2.3276 171 134 99
5.1195 -1.7763 1.9931 141 145 109
-7.9758 -1.7319 0.8290 163 168 145
-6.5372 -3.2123 1.3746 169 155 121
-7.8786 -4.4861 0.8483 191 161 112
3.9873 -0.4942 2.3883 147 138 89
5.7550 6.4420 1.6504 154 142 92
-0.9859 -2.1887 3.4521 148 130 69
-7.5671 6.1345 1.0107 176 149 112
6.6281 7.6234 1.4108 176 142 109
-1.3887 -5.2755 3.4547 147 116 65
-1.3597 -1.5798 3.5203 166 124 61
3.0883 6.3125 2.6715 162 137 78
6.9944 5.5387 1.2308 164 135 99
1.8536 -6.6020 3.2105 148 122 97
3.0649 3.3381 2.6950 159 136 76
3.7662 -3.9407 2.4718 155 163 91
-0.0444 -1.4674 3.9604 148 119 49
-2.2477 0.4788 3.0145 149 140 75
-1.8540 0.8921 3.2404 152 138 91
5.4079 0.7488 1.9167 149 148 102
-6.3517 1.4552 1.4061 163 153 91
5.3129 5.8072 1.9190 153 140 103
-2.6508 7.6890 2.9139 148 134 76
-2.2943 3.5221 3.1246 150 135 98
-1.9166 4.5199 3.2807 135 133 69
5.2976 6.1542 1.9338 168 140 86
3.4706 -1.0339 2.6231 163 138 87
-6.4514 0.7076 1.3434 156 141 107
-2.4702 6.2649 3.0656 149 135 88
-7.4102 2.1214 1.1437 162 148 133
4.5197 0.0542 2.2024 157 147 104
-0.0435 -2.7593 3.9205 147 125 70
3.0351 -1.7035 2.8477 158 147 91
-6.7820 5.3347 1.2480 176 151 97
6.5581 4.9237 1.4370 171 138 100
2.1511 -4.5938 3.2371 143 126 68
6.2468 -3.6296 1.4858 176 149 118
-5.3299 -3.2008 1.8126 144 157 112
-2.6350 -4.2676 2.8912 141 120 94
-4.3990 1.5461 2.2413 143 155 104
0.3910 2.2820 3.8672 150 137 82
3.4023 -0.3571 2.7059 144 126 80
-2.4842 4.8966 3.0017 127 131 105
5.9894 5.1396 1.5266 172 140 114
-7.5957 -5.1569 1.0246 161 176 117
-3.3058 -4.5926 2.7820 158 122 98
0.0349 3.2650 3.9640 151 124 79
3.0175 -3.9371 2.8012 143 130 72
-3.0149 -3.8599 2.7623 143 148 92
7.1480 -4.8062 1.1452 168 151 128
-4.0956 -6.6465 2.3964 146 138 90
-2.4818 -5.2614 3.0518 152 143 83
-2.4913 2.4514 2.9707 150 127 79
-2.6068 -1.5010 3.0358 144 146 91
-7.0815 5.8299 1.1374 168 141 111
-4.2262 5.3473 2.3378 166 148 87
-1.1951 -6.2559 3.5421 133 144 73
-4.1808 -1.0188 2.4280 153 147 94
-3.3900 6.7251 2.6344 160 149 88
4.5181 -4.5686 2.1246 154 138 99
2.5760 0.3255 2.9816 156 141 92
0.4194 -2.6813 3.7955 156 133 86
2.5553 6.4946 3.0169 142 117 78
6.7009 -3.1853 1.2343 172 151 128
5.9308 2.6692 1.5964 166 141 90
6.8242 4.0949 1.2400 168 168 112
-6.3822 2.0014 1.4763 172 170 100
3.4851 -7.0561 2.5802 159 143 84
4.3212 -5.5129 2.2696 150 122 80
7.3216 4.7274 1.1197 150 157 99
-7.5808 -1.1475 0.9238 180 133 112
-1.8110 5.2234 3.3286 154 137 95
-4.2915 -1.6403 2.1782 155 133 87
-6.0070 3.3368 1.6287 151 151 109
-6.5510 3.2172 1.4390 168 151 110
0.5529 -4.6952 3.7404 152 125 66
5.7888 -0.8583 1.6015 166 155 105
-4.2542 6.6883 2.2463 147 144 103
-1.3963 -7.5354 3.4373 128 126 63
-4.3760 2.2838 2.2164 160 128 92
-0.9862 -6.8886 3.5548 132 142 83
3.1278 -1.4123 2.6881 150 144 73
3.1707 -6.0375 2.7596 156 140 102
3.2895 -3.0767 2.6709 150 134 97
-2.2006 5.5630 3.1536 145 129 72
-7.0620 2.9470 1.1300 187 151 106
1.9491 -3.9194 3.2320 158 135 78
-1.5696 -0.9182 3.4097 159 141 66
2.5894 3.2264 2.9671 156 145 70
-3.7503 -6.3229 2.4137 150 154 88
7.3079 5.1325 1.1049 174 147 105
-3.9648 5.1582 2.4839 143 126 103
1.0001 2.6395 3.5834 150 125 75
1.6845 4.5030 3.3028 143 132 81
-1.1567 -0.0087 3.5120 158 137 63
5.0600 -6.2395 1.9778 158 143 106
0.8144 -7.5862 3.6385 141 149 77
0.2388 -1.0825 3.8621 144 127 79
-6.2249 7.9227 1.5830 179 143 121
-3.5867 -0.5278 2.4794 150 142 72
4.7884 -6.6423 2.1210 150 135 83
5.7135 -3.7447 1.6502 142 162 100
-4.5396 4.1448 2.1405 159 148 97
7.9767 3.3818 0.8414 187 161 117
-7.2310 -4.2007 1.1184 167 144 121
-1.9531 -7.8212 3.2363 144 143 70
-6.9172 -1.9981 1.2343 160 173 95
-1.8406 1.5327 3.2387 167 139 69
7.8971 2.9966 0.8858 174 156 110
-6.4843 -7.2211 1.4970 162 150 104
-6.0036 4.3286 1.5862 151 173 110
6.6315 5.5391 1.3333 163 141 112
-2.3493 -0.6223 3.0342 163 137 70
-2.5568 1.6969 3.0391 128 120 95
-1.1699 7.3103 3.5346 155 139 69
2.6212 4.9103 2.9739 156 144 101
1.1547 -2.8633 3.5008 134 138 69
-3.5540 -4.6224 2.6088 157 150 114
3.8239 3.8440 2.5397 158 139 90
-3.1643 -3.0203 2.7658 163 125 98
5.7757 0.0155 1.6254 152 148 99
1.8661 -1.1929 3.2612 152 142 63
-7.6723 -7.1551 1.0008 175 146 110
-3.7007 -2.2918 2.4414 156 133 88
-4.8340 7.1399 2.0918 155 132 106
-2.2482 5.8381 3.0952 143 126 79
2.2707 -1.6078 3.0657 159 124 72
-2.8432 4.5855 2.9899 139 118 73
-6.8554 -6.1326 1.1053 156 159 104
6.6860 2.5230 1.3218 172 148 121
-6.6266 6.6220 1.3297 175 156 98
-6.6249 -0.0673 1.3781 157 140 110
5.3353 7.4445 1.8447 161 147 111
-7.8177 -2.4661 0.8974 175 143 126
7.9541 3.7367 0.8657 174 161 116
5.4288 0.2225 1.8165 155 153 100
-3.2458 -2.6528 2.7006 147 123 77
-2.3654 -1.8652 3.0539 154 123 89
6.9083 -1.9401 1.2110 155 151 103
-6.0285 4.6001 1.5574 169 147 113
0.8481 7.7113 3.5991 141 136 83
4.6849 2.2405 2.0074 156 146 115
-5.9743 -6.7363 1.5969 175 160 118
-0.8664 -3.6052 3.6226 125 107 91
-0.6931 4.5073 3.6979 137 124 84
7.3135 -7.3647 1.0893 168 145 102
0.3267 2.9307 3.8559 117 113 82
7.8835 -5.0264 0.8922 164 152 125
-7.0879 -3.5259 1.0586 173 154 122
-3.6181 -1.0946 2.5934 142 158 103
-3.4451 7.9008 2.6059 174 145 103
3.7170 6.6479 2.4920 135 145 89
-7.1004 -7.8373 1.2173 155 156 124
4.1437 0.1988 2.2953 166 145 90
5.0648 3.6367 1.9899 150 151 102
-0.5245 -7.1325 3.8054 132 118 79
-4.1733 -2.2243 2.4469 172 132 82
-3.0964 1.3273 2.7086 161 139 79
3.2874 6.2216 2.6929 166 161 98
-0.6500 -4.9718 3.7531 128 139 63
-4.4131 5.2495 2.1727 167 132 91
3.5575 0.0960 2.6154 160 130 84
4.8591 4.4162 2.0835 164 124 103
6.5989 -7.2040 1.3992 163 153 99
1.5954 7.0516 3.3706 126 125 70
3.8347 4.0310 2.4298 143 150 102
-7.0978 -6.0796 1.1716 175 140 112
3.2332 -5.9389 2.7388 148 146 78
-2.2285 -4.2488 3.1037 159 158 70
-7.9523 3.2203 0.8052 185 146 127
4.2242 -7.1612 2.2896 182 111 96
6.1963 6.3610 1.5110 160 144 112
-4.1109 -6.6799 2.3615 154 130 98
-6.2057 2.3676 1.5153 179 144 108
5.2683 -6.5237 1.8234 158 144 103
1.5314 6.8878 3.3290 137 136 78
-3.5903 -1.0366 2.6417 139 131 113
6.6531 5.0553 1.4032 177 153 117
-7.9306 -3.7167 0.8079 182 142 104
-1.2604 7.7545 3.5341 150 137 107
-3.7255 -7.9875 2.4953 144 142 92
4.1698 4.9149 2.3783 170 141 99
-5.9663 3.7477 1.4866 169 142 110
3.6912 -2.5614 2.5356 168 113 95
-4.5093 -0.8406 2.2533 162 127 100
-7.9741 4.7812 0.8736 163 151 103
3.4136 -7.5297 2.5139 140 113 114
-0.8197 -4.5555 3.6462 161 124 70
6.8790 -3.2549 1.3808 158 151 104
-5.3502 7.3832 1.7756 159 142 93
1.1746 -2.6659 3.5715 150 147 68
1.5963 3.9400 3.3630 139 121 78
-2.5933 1.5540 2.9390 161 156 95
3.4289 -1.4072 2.6466 155 145 100
2.7692 1.8023 2.9673 145 140 75
5.8403 6.9760 1.6349 158 129 86
-7.4711 4.0608 1.0910 147 154 122
2.1401 -0.9050 3.0596 147 152 107
4.6735 -2.9583 2.1003 146 149 97
7.4737 -0.4924 1.0093 168 151 120
-7.4448 -3.2242 1.1217 169 135 102
-1.6617 2.2647 3.4940 158 121 75
2.7190 5.2017 2.8854 152 138 68
5.5717 0.0708 1.7927 175 146 106
-3.1088 -2.1642 2.7377 159 145 75
-2.8976 -3.8597 2.6980 142 140 104
4.5537 -2.4672 2.1436 159 147 95
-6.1392 -0.8971 1.5436 171 144 91
1.8470 -4.8570 3.2637 145 139 93
6.0920 1.9170 1.5733 175 157 105
-0.8169 0.5262 3.6860 133 130 63
0.5946 -1.1710 3.8114 139 125 65
1.0436 5.4345 3.6053 154 124 91
-5.5259 -4.5496 1.8102 129 148 97
4.4173 0.4233 2.2486 156 142 91
3.3347 -1.2060 2.7463 160 139 82
4.9113 3.9771 2.0530 153 153 92
5.5066 -1.8966 1.8494 162 160 96
1.3796 -7.2855 3.3685 147 141 82
-5.5424 0.8834 1.7722 168 146 101
3.3206 -4.5443 2.7185 151 143 96
-7.4166 -6.1197 1.0298 181 158 126
2.9187 -3.2257 2.9061 162 124 86
-3.9791 -4.0684 2.3685 159 134 84
-0.6588 -3.3708 3.6856 136 139 84
-2.1915 -4.5326 3.1049 155 144 92
-7.1867 -0.9524 1.0843 160 170 106
5.4483 5.1732 1.8394 154 136 109
3.8147 1.7467 2.4481 182 124 88
-1.6308 -7.1828 3.3105 158 115 82
4.5196 4.2509 2.1580 157 133 102
0.6462 -3.9624 3.6854 127 127 79
6.9243 -4.1142 1.2084 148 158 99
5.3467 -7.2301 1.8892 171 142 99
-6.0444 -5.0500 1.5511 148 156 123
-0.2770 -5.0986 3.9233 140 126 71
-1.6011 -0.4609 3.3756 153 126 71
5.8451 1.9719 1.6645 161 163 94
7.0393 6.0891 1.1488 156 151 110
-4.3761 -7.3181 2.1860 158 144 103
-0.5990 4.3160 3.8272 145 137 72
-6.5123 1.0883 1.4331 141 148 104
3.1237 -3.6477 2.8505 155 137 88
5.0195 6.4211 2.0301 151 131 125
-5.7440 -0.1422 1.6633 168 147 114
-5.6256 4.8074 1.7019 168 141 111
1.6521 1.8411 3.3111 142 121 91
6.9584 6.2523 1.2335 155 150 105
-1.7839 1.2304 3.2262 140 141 79
-3.4270 6.8167 2.6463 155 125 77
-1.5123 -5.8301 3.3963 144 132 82
6.6495 7.6620 1.2839 160 146 126
2.7194 -7.4621 2.8904 156 139 90
-3.2505 3.3403 2.7482 142 131 92
1.6688 -4.3487 3.3405 141 115 79
2.8582 -2.5153 2.8243 130 164 96
-2.3853 5.3209 3.0276 162 125 68
4.2431 -1.9350 2.5031 155 141 111
7.1633 6.9869 1.2238 164 143 119
-5.0532 -7.6779 2.0702 147 147 91
-4.0129 -4.9902 2.4175 152 134 99
1.3766 -1.1726 3.4005 138 128 78
-3.4847 -5.0208 2.6501 130 148 76
6.3368 -3.0691 1.4462 174 145 122
4.1839 -6.4029 2.2708 161 133 99
-3.5859 -4.6599 2.5314 152 151 84
7.0013 7.8041 1.2550 163 162 115
2.3350 -6.2053 3.0483 145 149 94
5.0751 -2.3404 1.9793 164 154 109
-0.4307 -2.0929 3.8293 137 121 75
4.7747 3.4015 2.0514 146 143 90
-2.9526 -0.4923 2.8306 137 127 78
3.7251 4.4578 2.3890 154 148 103
-0.0935 5.8125 3.9616 128 125 66
-5.1869 2.2083 1.9769 166 139 96
-7.6654 5.3519 0.8978 174 155 116
-7.7172 4.9712 0.8971 153 151 125
6.9447 3.4343 1.2406 172 151 123
1.6349 -2.8391 3.3839 153 142 85
4.6313 1.0146 2.1317 173 145 101
4.1454 0.6215 2.3541 164 142 107
-5.5052 -3.0170 1.8126 142 134 103
-0.1027 7.4482 3.9041 146 110 78
5.4744 5.5051 1.9127 156 153 87
-7.0326 -3.9491 1.1961 170 148 112
-6.3476 -4.0506 1.4891 174 150 108
2.6356 -5.4650 2.9930 156 122 90
5.9484 -4.8284 1.6621 149 159 80
-6.7412 -7.1923 1.2861 149 144 116
5.7773 -1.4962 1.6996 173 151 98
1.5880 0.5545 3.3281 155 142 87
6.0140 -6.2405 1.6847 174 161 98
-3.2401 3.6595 2.6846 154 140 95
-3.1266 3.3460 2.7052 153 140 83
7.3995 -0.0317 1.0316 159 161 106
-3.1617 -3.5505 2.7177 137 134 81
-2.4868 -2.6747 3.0992 155 123 84
-3.4851 1.0642 2.5825 168 136 110
-7.1705 -1.3036 1.1294 168 153 112
3.7476 -2.6365 2.4921 133 143 93
-1.0895 -4.6882 3.5757 144 117 79
4.3710 4.5592 2.2840 149 146 103
3.7919 2.0167 2.5254 137 132 84
3.6965 -7.4175 2.4269 135 143 94
4.8332 0.5673 2.0468 144 129 101
-5.8717 -3.1370 1.6925 152 142 108
0.2275 0.6011 4.0171 160 122 83
2.2374 -7.8834 3.0928 151 140 64
6.2921 -6.4588 1.4423 177 134 104
4.8853 2.7239 2.0135 164 151 98
-3.4876 1.4879 2.6179 166 129 95
-4.4311 0.6908 2.1563 165 137 101
6.4513 -7.6860 1.4432 177 140 113
-3.2126 5.7064 2.8106 150 156 88
-3.9519 -1.5333 2.4999 165 126 79
-7.1088 -5.1143 1.0830 160 166 110
7.9441 5.3164 0.6921 175 173 103
4.9446 -3.3916 2.0357 139 133 87
4.5401 -6.6814 2.2327 151 139 109
-7.5051 0.0683 1.0304 167 168 122
0.5015 -4.2486 3.7864 129 138 63
0.5327 4.8195 3.7925 145 135 79
4.5293 1.6537 2.2372 148 139 86
5.5137 7.0634 1.8617 156 140 81
5.6326 -2.7849 1.7634 159 143 112
-0.4367 -1.9438 3.8202 149 120 73
4.7182 -4.6534 2.0843 135 133 113
7.5909 -7.6888 0.9897 187 140 122
-7.0325 2.7321 1.2040 147 148 101
5.9136 6.4470 1.6194 134 138 96
-2.1025 2.2349 3.2380 161 149 76
-1.1226 0.8571 3.4527 165 127 74
-7.8741 -2.1121 0.8984 175 162 113
2.4799 2.7028 3.0169 150 135 71
1.3805 0.3389 3.3509 152 132 77
7.8367 1.1867 0.8291 185 156 132
3.8203 -3.6323 2.4476 163 149 93
0.2203 4.6507 3.9142 143 117 81
0.0011 6.8496 3.9546 137 140 88
4.0181 0.4344 2.3630 144 143 75
-6.4926 1.3298 1.5075 161 148 108
7.4273 -1.5481 1.0794 170 172 98
-5.3115 3.6374 1.9085 158 161 117
-3.2660 -5.0977 2.6441 157 148 80
-5.9568 -6.1437 1.6836 167 142 109
0.8953 -3.7880 3.5851 141 132 72
-5.0609 4.3439 2.0425 147 149 97
-4.1289 -4.4033 2.3376 149 147 82
-7.7112 -7.9027 0.9366 164 163 108
-5.3222 -4.4406 1.8708 178 147 91
-1.3158 -1.7930 3.4488 139 141 89
0.1750 0.3454 3.9669 140 120 62
-4.0486 2.7184 2.3075 159 131 102
1.9101 -0.7235 3.1578 154 136 97
-3.1794 -2.5604 2.7092 156 135 86
3.7883 -7.8558 2.4315 157 134 80
-0.5615 7.4489 3.8541 131 129 59
5.9123 -7.6677 1.6357 172 135 101
4.8345 5.9555 2.0858 165 134 94
-3.7808 -2.5867 2.4128 165 124 98
2.6476 5.1116 2.9903 136 133 106
-1.8534 3.1732 3.3268 143 139 82
-3.2452 -3.5232 2.7532 148 145 92
4.7757 7.6184 2.1085 162 150 90
3.2029 -4.6612 2.7784 164 131 95
-6.3575 -3.0879 1.4814 170 150 106
-7.5835 -1.3834 1.0205 188 141 123
-4.2798 -7.8166 2.2581 173 141 109
7.5071 6.8074 1.0257 181 166 115
4.2239 2.3851 2.3230 163 172 88
4.4105 6.4482 2.1901 169 156 90
-7.7081 -5.9293 0.9355 165 145 116
-4.3319 5.9434 2.3326 163 143 115
-4.7522 -2.5291 2.0746 150 138 101
5.5267 -1.5145 1.8395 159 154 108
6.8703 -6.9552 1.1278 168 149 114
-6.5192 -3.3122 1.3461 165 153 102
-0.1459 0.7915 4.0013 131 117 89
3.9248 6.0261 2.4786 148 136 94
3.6609 7.5555 2.5486 169 147 75
2.7690 1.9790 2.7618 151 114 92
-1.8129 -6.2867 3.3465 146 131 63
3.4578 0.3081 2.5958 150 129 78
6.1105 -6.6005 1.5355 162 150 108
0.5235 3.0014 3.7853 152 124 60
-3.4235 0.4969 2.6176 156 146 94
5.7951 5.9782 1.6046 141 150 97
6.3122 1.6072 1.4991 162 154 123
-2.6393 -1.5321 2.9678 151 146 70
7.8350 2.5235 0.9449 181 147 108
1.5047 6.0285 3.3526 150 115 105
6.6982 -4.6879 1.3308 161 144 102
-1.2218 -1.4797 3.5344 121 123 61
1.9466 -0.6864 3.1451 132 135 75
-3.1691 -6.0918 2.7978 145 127 81
1.4259 2.7803 3.3615 163 123 76
-4.7351 -7.1969 2.0860 157 151 98
-4.7420 -7.4000 2.0795 149 149 100
3.3988 6.9401 2.6499 134 156 80
-0.2865 1.5693 3.8755 133 119 78
-1.0569 6.9067 3.5213 143 117 99
-4.8946 0.2707 2.0051 166 149 96
7.4381 7.2713 0.9917 168 149 129
3.7896 -3.3044 2.5527 152 152 93
-3.6014 -6.3127 2.5431 153 152 82
-0.4947 5.7879 3.7573 145 131 57
-5.1065 -2.5269 1.9958 162 143 106
6.3944 -4.9479 1.4051 158 132 115
3.8588 1.8351 2.4079 137 145 97
2.6135 -1.9602 2.8938 144 106 88
-7.5874 3.4879 1.0009 172 148 124
-0.4725 -0.8610 3.8607 133 133 68
-7.4143 -4.8532 1.0351 165 152 130
-7.9519 -4.9945 0.7752 175 152 134
5.0679 4.7548 2.0112 166 148 90
-4.4333 -1.1449 2.2211 164 150 75
-1.8468 -7.0351 3.2079 153 134 94
-6.5637 6.8013 1.3602 173 150 120
0.5168 4.2193 3.8827 137 136 74
6.0777 -5.1712 1.6120 150 152 121
-1.3049 5.0743 3.4801 141 128 62
6.0936 -5.1348 1.6716 136 147 93
-0.6586 -7.5568 3.7439 145 118 79
7.2412 -2.3154 1.0668 163 147 121
-3.1291 5.3729 2.7522 158 117 68
-5.9226 7.6242 1.6669 164 165 96
0.7803 -5.1167 3.7809 139 138 62
-4.2737 -7.5043 2.2654 176 129 104
-3.9085 1.6117 2.5117 162 134 89
0.0234 -6.3719 4.0027 140 135 51
-7.3836 7.6773 1.0634 166 162 131
-4.8179 1.8815 2.0258 163 141 94
-0.5715 -4.9262 3.8768 149 132 70
3.6867 -7.4794 2.5108 154 146 106
-1.7881 0.9943 3.2362 153 139 72
3.7630 -0.7160 2.5257 154 142 79
-7.9538 -5.4468 0.7376 156 169 121
-1.5390 -3.2682 3.3158 140 138 81
-4.0984 -3.3275 2.3217 149 137 82
-7.4105 -4.2854 1.0565 163 150 120
-7.1641 0.0523 1.1987 164 151 120
-2.0400 -5.4308 3.1064 147 133 76
-1.1449 2.1902 3.5574 136 146 67
2.2775 -7.7165 3.0946 137 129 84
5.2690 -0.1030 1.9080 156 137 93
-5.5064 -4.0146 1.8519 169 146 96
3.9726 -4.8504 2.4916 163 135 105
-4.4993 0.3289 2.2838 151 133 105
-6.2576 -6.6560 1.5681 169 141 117
7.1541 -4.9062 1.2041 191 135 100
3.8048 3.4930 2.3781 150 126 99
0.4628 -5.2199 3.8315 136 126 60
4.8870 -0.9275 2.0670 153 152 95
2.4758 0.8932 2.9704 141 144 91
0.7000 3.5830 3.7412 125 124 60
-3.4298 -1.6840 2.5867 158 122 98
-1.1148 -2.2441 3.5103 131 120 74
4.7149 -0.8401 2.1093 144 134 93
-7.5505 -3.5215 0.9736 163 149 112
3.5426 4.0579 2.6396 146 118 114
3.3829 5.1398 2.6806 150 153 95
1.3546 5.9345 3.4873 158 119 77
3.9164 3.2159 2.4505 163 157 105
2.3786 -2.8086 3.0565 142 127 96
5.5017 6.7575 1.7477 175 161 90
-2.3801 3.8232 3.0672 146 140 82
2.6584 0.4758 2.9012 137 121 96
3.3537 0.4511 2.6664 160 139 97
-5.9541 -7.0879 1.7031 156 128 112
-5.9868 -3.4304 1.5631 167 144 105
6.7221 -4.7949 1.3688 167 159 101
-4.5900 -2.9178 2.2311 169 120 90
-2.8573 -1.9600 2.8720 153 138 85
-5.5392 5.4327 1.8177 176 147 98
-2.5964 4.9927 2.9002 149 142 85
4.5460 2.0024 2.1567 163 142 109
3.2012 3.4076 2.6768 151 132 95
3.3790 -3.7418 2.6089 149 135 98
5.5694 -6.0853 1.6616 166 138 94
7.7947 6.0760 0.7645 170 160 109
-2.1849 0.5453 3.1827 143 134 74
-3.1054 -7.6337 2.7650 147 122 76
-1.3440 0.7678 3.5055 155 134 64
-0.2168 -4.3930 3.9144 142 115 77
7.7509 -6.7042 1.0074 166 140 118
4.2352 -4.3118 2.3084 169 131 107
1.2999 1.4058 3.5149 143 158 72
-5.7619 -1.0806 1.7291 173 146 104
6.5313 -6.5806 1.3758 174 146 115
-4.6053 -4.2887 2.1134 161 127 88
6.8569 2.8947 1.1981 160 161 108
-2.8617 -0.7001 2.8506 142 137 79
-2.9143 -5.3981 2.8081 146 134 85
-0.2285 -0.5667 3.8885 123 138 73
-4.2004 7.4943 2.3422 164 130 96
5.8234 -0.2149 1.7365 159 152 96
6.1357 0.7944 1.6241 158 126 119
5.2209 3.5515 1.9202 156 144 86
-3.5820 -5.8691 2.5608 163 134 98
0.6586 -3.5558 3.7670 129 122 68
5.9191 -0.3204 1.6017 150 145 100
-4.7918 -1.5866 2.0097 142 151 106
-3.9779 0.3355 2.4358 166 137 91
-7.0081 3.0998 1.1612 183 167 111
-6.5870 2.2482 1.3541 152 159 110
-3.0900 -6.4516 2.8801 154 130 89
-1.2345 5.6558 3.5146 139 136 75
5.3829 -1.4101 1.8824 176 142 90
3.1581 7.2513 2.7187 141 137 90
6.9323 -3.3001 1.1756 150 142 99
4.2445 -1.1178 2.2748 154 157 107
2.7291 -6.4001 2.9501 147 162 94
-4.7184 -3.2797 2.1095 154 134 108
-4.1444 -3.5787 2.3336 151 138 92
0.8764 -0.0619 3.7227 158 131 96
4.8933 -3.9587 2.0126 155 129 95
-4.3836 3.7478 2.3353 153 144 85
-3.6893 6.1297 2.4686 142 117 79
2.6455 -2.7609 2.8963 148 152 81
1.2645 6.8997 3.4406 162 141 81
3.3458 2.7111 2.6415 166 122 95
5.4924 -5.9599 1.7535 149 128 103
-6.0263 -4.3955 1.6080 144 141 107
-4.3518 5.2047 2.2435 148 139 101
-2.2895 -7.0544 3.0767 152 162 88
-6.3007 -7.2735 1.4781 164 147 112
-3.8703 -7.1685 2.4466 160 145 85
-6.3279 -6.1354 1.4504 173 135 121
-4.2950 -6.0595 2.2772 142 149 76
3.7343 1.4136 2.4557 175 138 77
-2.6377 -1.0025 2.9376 162 144 96
0.2268 -2.0601 3.9791 144 134 85
2.9430 1.2568 2.7288 151 146 100
5.3251 4.2551 1.9213 167 125 100
-6.8200 -3.2018 1.2313 161 142 110
2.0088 1.3772 3.2509 160 123 75
-5.0094 -1.9983 1.9312 155 144 87
6.5900 -5.7912 1.3698 166 153 96
-1.5114 1.1799 3.2707 161 132 69
-0.1716 -6.8017 3.9051 148 133 86
-0.8905 -1.0578 3.5880 152 114 75
5.2026 -5.9399 1.9073 151 155 96
4.2655 0.2336 2.2351 158 141 114
1.6010 -5.0157 3.2401 150 124 72
6.1590 -2.4571 1.5465 164 146 79
-4.3743 -2.1837 2.1907 154 142 96
1.4049 -1.6661 3.3489 137 141 73
0.6940 0.7659 3.6932 147 122 75
-6.8770 4.8546 1.2777 154 149 114
0.5593 -0.2066 3.7695 141 129 60
-7.1804 5.6302 1.2046 169 164 106
-1.2150 5.9937 3.4766 144 136 81
-4.4537 -1.8986 2.1434 147 142 96
4.1949 -7.8085 2.2570 153 138 97
0.4692 3.7000 3.8489 127 142 73
-0.7745 -5.9079 3.6925 136 120 85
1.1073 3.8709 3.5410 152 137 71
-6.7910 3.4563 1.3144 163 139 121
4.0525 6.9108 2.3772 167 154 90
5.8613 -2.9311 1.7567 159 159 109
3.9636 3.5072 2.3558 166 147 95
2.0508 4.3019 3.2079 147 134 78
-7.9354 -5.4206 0.7433 164 149 99
-6.6111 1.9530 1.3273 160 163 122
-7.6632 -7.7093 0.9904 152 145 100
1.5464 0.6696 3.4959 139 145 81
0.7438 -2.4482 3.7134 133 109 77
-3.9842 6.7785 2.3918 141 142 91
4.6607 0.6561 2.1226 156 157 117
-5.3039 5.1508 1.8876 164 159 93
-1.5449 5.0079 3.2836 166 152 92
-1.6866 7.3855 3.2784 147 139 95
5.8935 4.5137 1.6343 157 142 108
-7.9984 -2.8498 0.7559 196 154 113
1.3143 -1.1484 3.4353 144 135 88
2.7899 -5.5415 2.8065 141 141 64
2.8943 -6.8372 2.8104 159 149 81
-6.9594 -6.6073 1.2113 157 141 109
-5.6684 0.2263 1.6653 169 140 85
1.2419 -2.4782 3.3948 141 146 68
3.4239 6.4141 2.6163 141 141 86
-4.6072 -5.1910 2.1293 154 149 82
5.2837 3.8853 1.9300 156 155 98
-5.0112 1.8369 1.9889 155 143 106
-4.2806 -0.6958 2.3714 156 144 107
-6.7249 -5.4848 1.3305 157 144 107
-5.0619 -4.7602 1.8835 165 150 113
-1.3444 1.8192 3.3422 143 147 68
-5.3787 -1.3243 1.8571 173 142 98
1.1211 -4.8929 3.5462 154 131 68
3.8913 -6.2226 2.4438 154 127 109
-2.9527 6.7056 2.7507 149 139 92
-0.0913 -2.4018 3.9770 132 120 87
-1.5802 -1.1485 3.3561 141 127 70
-5.9560 5.8394 1.5819 168 141 97
-6.5522 6.9169 1.4163 166 159 109
6.1703 0.9434 1.4748 146 152 107
-7.4124 -3.9581 1.0483 173 142 107
0.1855 -4.9573 3.8357 138 125 70
-3.6902 0.4680 2.5030 146 135 90
6.1875 -2.8941 1.5560 162 158 103
-1.9901 4.0403 3.1910 149 156 95
-4.7635 -5.3101 2.1523 177 160 94
5.2144 -6.1143 1.8806 161 156 101
-1.1212 4.6923 3.5836 152 151 81
-4.2744 3.9171 2.3195 149 131 111
1.4715 -3.7403 3.3200 158 139 79
-5.0736 -5.5760 2.0031 153 152 95
6.2966 7.0606 1.4638 164 155 100
0.9341 -1.3357 3.5602 145 149 68
-0.7982 -1.7774 3.7028 155 114 70
-4.9445 -5.3206 2.0444 142 150 84
-5.3036 -6.3496 1.8558 168 133 98
-3.2465 -6.0317 2.6414 148 127 88
-3.0006 1.0841 2.7662 150 135 84
0.2042 1.9156 3.9318 157 112 87
-4.3262 1.1762 2.3264 159 134 100
1.3557 6.5192 3.4777 139 129 87
5.8833 6.6600 1.6745 169 153 107
-5.6721 7.4152 1.8069 156 148 104
4.2375 -6.3998 2.3289 155 142 80
1.6605 -0.4246 3.3215 151 142 62
-2.3557 1.4308 3.0264 143 147 76
1.2565 -4.2708 3.5705 129 126 76
5.1600 -7.8775 1.9288 154 157 103
-7.1347 1.4982 1.1510 164 176 116
3.3514 -2.4351 2.7024 160 123 96
6.3189 7.4463 1.4243 156 140 101
-4.0011 -6.6774 2.4346 153 147 75
-3.0844 -0.6260 2.7053 160 125 86
-7.0540 5.9749 1.1533 172 145 96
-5.9692 2.2777 1.6153 163 135 119
1.6044 -5.8701 3.4238 134 116 81
6.8411 3.7340 1.2296 166 153 106
-5.4293 -2.4235 1.8481 153 150 106
3.8397 -4.3691 2.4392 162 125 89
0.6706 -1.5852 3.8255 153 142 79
-3.7495 2.9695 2.4870 156 153 73
-1.1293 5.2724 3.5479 141 125 69
0.6282 5.4075 3.8381 130 127 70
2.9974 5.8148 2.8439 157 123 89
-3.9125 6.6683 2.4308 145 129 95
-0.3910 -7.4680 3.8360 158 142 58
6.2474 5.4476 1.5020 170 150 105
-5.2564 -7.4375 1.9537 161 134 117
-1.1467 -0.8693 3.5490 157 141 82
3.8924 3.1570 2.4620 151 159 108
4.1712 -2.1146 2.3643 174 141 94
-1.6340 -4.3505 3.3164 137 144 93
-1.8714 -2.2147 3.2213 145 137 75
-0.3509 6.1523 3.9136 147 141 87
-3.5007 6.4767 2.6751 157 136 83
1.4210 0.1448 3.4732 134 134 75
1.9900 6.8371 3.2369 155 131 59
-0.8000 1.6220 3.6599 139 135 74
-0.9027 -4.3544 3.5030 153 126 78
-6.3176 7.4686 1.5169 181 169 100
5.5872 3.5446 1.8652 165 125 96
2.0614 0.5018 3.1001 170 118 79
-4.6536 -4.1979 2.0540 160 118 101
7.2789 -5.3360 1.1165 173 144 114
2.5195 -2.4156 2.9635 161 143 85
1.4364 -4.8899 3.4199 145 133 69
1.0074 -5.5035 3.5972 145 132 70
6.3649 -4.9090 1.4746 148 125 104
7.4364 1.2240 1.0001 193 152 127
-4.0624 -1.0201 2.3496 160 139 98
2.8033 7.5982 2.9255 151 139 87
-6.5354 6.0619 1.3384 178 154 89
1.1063 4.2653 3.5565 137 136 78
4.2208 6.0427 2.2902 165 157 98
-4.3629 -7.3540 2.2638 168 140 89
3.9462 1.9526 2.4341 158 148 85
7.9751 4.4318 0.7905 175 132 114
-3.0196 -7.5099 2.7954 140 134 90
-0.6494 -3.8547 3.7025 151 128 83
7.6198 1.4814 1.0085 173 152 117
5.5032 0.1987 1.7484 155 146 92
4.4603 -3.2522 2.2125 174 140 88
2.6127 2.7485 2.9822 150 127 75
-4.7618 -3.4879 2.1019 150 123 109
1.9987 6.3969 3.1356 143 138 88
0.0033 6.0530 4.0524 147 135 75
-3.9059 -6.3787 2.5177 135 146 78
-3.1652 -7.8731 2.7025 160 146 92
-1.5383 7.9711 3.4131 131 147 82
-6.7864 -7.6853 1.2757 153 161 99
-7.4628 -6.0109 1.0176 164 155 120
6.0285 -5.5289 1.5730 169 160 112
2.9700 -4.2984 2.8471 159 132 82
-3.9564 7.7008 2.4405 141 135 94
-3.8836 -5.8137 2.4116 164 136 85
1.6617 -2.0310 3.3471 134 137 58
-2.8209 -0.4701 2.8545 131 135 88
0.7294 -3.5868 3.7240 132 124 71
-4.1433 -6.3582 2.3067 163 155 109
5.8143 7.4678 1.7133 150 145 94
6.2247 6.6898 1.5664 150 139 104
3.2510 -7.8661 2.7227 138 123 66
-0.6624 5.4439 3.7258 139 141 71
3.6630 -4.8602 2.5527 149 129 101
-4.3672 -7.4751 2.2622 161 143 106
4.1865 -2.7923 2.3228 157 146 107
3.9973 7.6682 2.3477 165 146 79
0.6213 4.5550 3.7729 128 134 77
7.0823 6.0155 1.0923 168 154 122
1.0990 -7.4496 3.6148 134 137 66
-0.3878 1.0023 3.9158 138 144 78
3.9593 -7.1021 2.4806 151 134 96
5.3913 3.2698 1.9289 173 152 86
-2.3998 6.1942 3.0723 148 145 93
0.5432 -6.7633 3.6641 133 142 73
-3.4791 0.2876 2.5940 164 124 92
-4.5953 -2.8142 2.2091 156 156 93
4.3160 -6.8880 2.2420 159 145 92
-1.9643 -3.7165 3.2920 155 137 69
-4.2805 7.8706 2.3104 145 134 93
7.7507 0.5106 0.8139 169 156 119
-0.9612 -1.2370 3.6591 153 111 78
-7.0681 4.3663 1.1505 168 138 112
3.3940 -7.3875 2.6106 152 126 106
-6.7531 -7.6491 1.2832 170 133 136
1.0702 6.9452 3.5771 142 126 61
2.3752 4.9127 3.0500 134 126 98
1.1911 -7.6699 3.5469 138 124 68
0.4714 5.2388 3.7569 127 124 74
0.0350 -5.5213 3.9611 157 134 73
-4.6765 3.0597 2.1552 173 157 92
2.4100 -1.6990 3.0287 155 139 81
-5.5897 -4.5207 1.6649 161 161 108
-6.1055 -5.0461 1.5829 171 147 107
-5.4873 -4.7733 1.7729 145 145 94
3.1637 -4.1381 2.6712 146 142 93
-4.6298 6.6462 2.0934 165 132 96
-0.2852 -3.3913 3.9049 146 125 70
-6.8346 0.4044 1.2120 166 152 104
7.3797 -4.9522 1.0963 165 158 114
-3.7506 -3.8601 2.5200 145 129 101
5.1749 7.8903 1.9647 156 147 94
6.0341 4.2932 1.5663 171 151 104
-2.2037 -7.7932 3.1493 146 129 60
5.3236 -3.4476 1.8522 162 134 98
-1.7599 3.6617 3.3045 154 145 82
-4.9807 -0.2211 1.9655 145 156 98
5.3091 -6.8335 1.9348 156 146 101
-3.6998 -1.0771 2.4750 164 137 107
2.0913 -4.3338 3.2381 159 148 73
1.5815 6.8965 3.3546 144 107 82
5.8100 -6.7619 1.7048 153 162 123
-6.5344 -5.7072 1.4096 155 154 109
-2.7566 5.6552 2.9180 143 148 77
2.9193 -3.5182 2.8651 130 145 93
-2.0841 4.9077 3.1618 134 129 73
1.0907 -1.4709 3.5604 137 142 82
-6.8371 7.7439 1.2492 167 159 122
-0.7115 -5.2673 3.7697 138 126 73
-6.6394 -3.2010 1.4241 183 151 106
7.0744 -1.9082 1.2263 160 141 126
5.0249 -6.4357 2.0983 165 141 97
-6.5544 -1.4825 1.3420 143 154 110
0.7456 0.7387 3.7439 141 128 81
-7.9716 -3.8819 0.8190 170 154 113
4.5769 5.9035 2.2040 159 135 85
2.2036 -4.5469 3.1081 143 137 99
5.4237 6.9911 1.7557 156 137 109
-4.8719 -6.3833 2.0559 164 152 82
-1.6297 -2.6086 3.3947 141 142 73
3.5251 1.1421 2.5744 155 139 80
3.1192 -6.2869 2.7460 176 157 97
-0.1381 -6.0973 3.8774 149 124 68
-3.4286 5.7819 2.6821 150 128 100
2.7951 0.7514 2.8309 153 147 95
7.8229 6.6707 0.8517 168 148 116
-6.8912 -1.5989 1.2075 161 162 118
0.7438 -1.7790 3.6784 136 127 74
0.0911 7.1325 3.9370 134 147 64
3.6470 -3.4459 2.6059 159 137 90
6.9291 6.6431 1.2490 178 148 119
-3.8424 -7.3724 2.3460 161 133 88
-3.1081 7.6754 2.7705 175 133 95
3.7595 -7.7745 2.5302 167 124 92
7.0525 -5.6883 1.2342 170 154 124
1.7324 2.6169 3.2315 151 119 76
5.6458 -5.7993 1.7966 173 162 113
-4.2745 2.3915 2.3098 139 136 89
3.6031 -6.8658 2.5560 153 129 109
2.0101 -0.7538 3.1531 146 145 97
2.7973 -7.3269 2.8239 162 139 83
-6.4773 -5.9380 1.4314 151 153 102
6.4717 -7.6645 1.5110 162 123 105
1.3231 -5.0373 3.3995 142 132 81
-2.7320 3.3324 2.9079 153 154 90
2.4648 -0.3170 2.9738 148 135 78
-2.4436 7.4710 2.9688 154 139 89
-5.5788 -1.7372 1.8304 176 157 93
-3.8540 5.6327 2.4426 163 141 82
-0.1325 1.2086 3.9277 137 127 76
3.7969 6.0325 2.4973 159 159 91
-4.0646 2.7591 2.3950 162 140 80
0.3569 5.0987 3.9070 136 123 77
7.1535 4.2067 1.1627 177 159 121
-6.9687 -5.3249 1.2108 171 144 110
-7.5920 0.8480 0.8945 166 137 110
-1.8922 7.4119 3.2438 149 126 78
-4.8019 -1.8969 1.9872 174 145 99
2.2865 6.0971 3.0423 161 138 76
-4.3441 -1.2757 2.1749 159 150 102
1.9143 -1.7299 3.2695 133 144 90
5.9112 2.8661 1.6894 147 148 87
-6.2333 -2.5164 1.4574 162 151 111
0.1790 5.2518 3.9419 132 132 65
-7.5361 7.2781 1.0245 176 133 101
3.3195 3.7347 2.7110 167 139 78
-5.3906 -5.4048 1.8363 172 159 92
2.0882 -3.1621 3.0966 155 128 71
-7.3995 4.8466 1.0787 161 145 113
7.2163 4.9605 1.1398 159 140 107
-1.0794 -5.8491 3.6410 144 129 72
-6.1579 -0.4561 1.5079 161 148 99
2.8221 -1.4563 2.9153 152 144 65
6.1972 7.2166 1.4689 178 157 105
-3.7132 -2.0538 2.5528 160 132 96
-1.2331 -3.0425 3.5176 132 131 69
5.8215 2.7395 1.7180 146 150 84
3.9596 -5.1133 2.3673 138 169 99
-1.5357 4.7575 3.3647 172 140 77
-2.6180 -3.4605 2.9080 154 129 82
-6.7167 -2.5018 1.3470 167 162 102
0.4490 4.0330 3.8398 133 131 64
-7.6718 -2.9152 0.9362 152 144 131
-2.9980 -6.1659 2.7959 167 140 78
0.3411 4.4603 3.8894 139 114 60
3.1874 -4.0603 2.7517 136 123 93
-6.6669 3.9903 1.4379 150 149 114
1.9273 -2.5251 3.2251 161 126 77
-5.4821 4.3889 1.8458 163 141 108
7.4428 -1.1191 0.9777 177 155 98
-5.9391 -1.6474 1.6382 168 139 101
0.0693 -7.9455 4.0864 135 127 54
-7.4977 -1.8169 0.9519 162 150 132
-0.1952 -2.9012 3.9198 143 131 56
-0.9111 -3.2002 3.6511 154 118 80
-5.3729 0.1687 1.7951 163 147 109
-2.7636 -0.3377 2.9011 151 140 79
6.5401 -5.2468 1.3987 155 156 98
4.3619 3.6336 2.3321 158 149 96
-1.8448 2.9923 3.2926 142 116 78
-6.0757 7.9214 1.5990 175 135 91
-2.9816 3.3183 2.8614 157 154 92
-4.7070 3.2480 2.0339 173 158 87
-0.7609 2.7047 3.6478 152 135 72
-7.7124 -7.7344 1.0706 167 136 116
-7.4987 0.4658 1.0270 165 151 120
-1.9706 2.6801 3.2335 168 141 85
1.9610 1.8014 3.2303 118 123 61
1.2864 1.8938 3.4568 145 129 73
-3.6745 -3.9319 2.4848 138 136 99
4.7501 5.9716 2.1624 153 142 95
-2.0113 6.8177 3.2508 150 135 89
-1.8747 -2.7958 3.2424 141 137 87
4.3369 1.5756 2.2404 144 138 116
-1.9109 0.8076 3.2257 158 147 91
5.3053 4.9278 1.8776 160 125 92
7.7440 -5.9524 0.9149 187 156 124
-0.2363 7.0748 3.8864 157 128 76
0.0627 -7.0050 3.9630 126 130 73
5.1086 7.7911 1.9233 158 142 99
-3.2239 -0.1675 2.7206 161 138 86
-4.4260 -1.2512 2.1736 172 158 102
-1.2756 -1.1707 3.5213 146 124 88
4.7176 0.7838 2.1600 170 133 75
0.8331 2.2824 3.6906 141 133 80
5.3639 -1.6561 1.9558 159 139 94
3.9918 4.1934 2.4647 168 148 106
4.0956 -4.9832 2.3195 162 151 100
-0.8012 5.3883 3.7056 143 139 73
-3.8877 -2.4210 2.5340 160 139 68
5.2705 -4.6437 1.8922 157 157 109
6.7498 2.8799 1.2482 176 150 123
-7.1769 -4.2246 1.2057 178 160 110
1.1409 -7.5359 3.4992 149 147 64
-6.4725 3.0205 1.4457 161 165 97
3.1229 -0.4546 2.7803 167 139 87
-6.0499 -3.9060 1.6593 171 148 100
7.0075 4.3730 1.2520 157 164 118
-0.3027 2.3553 3.9157 143 122 80
3.8055 1.9674 2.3940 163 131 88
5.4509 6.7311 1.8531 156 147 115
-4.4632 1.0224 2.1710 177 130 95
-0.6294 2.8362 3.6204 143 107 57
-2.4631 -6.0446 3.0873 143 123 81
-2.7604 -3.0925 2.8452 152 130 91
4.9131 2.2800 2.0470 126 137 120
-5.2342 -4.7407 1.9026 164 148 100
4.8268 -0.0509 1.9979 153 152 115
-0.9723 -2.6652 3.6140 142 148 59
1.4952 7.3725 3.4256 149 119 84
5.2726 -4.1788 1.9904 147 140 103
5.9760 -4.2453 1.6196 157 143 110
-6.7587 2.4713 1.3182 151 177 100
-7.7598 5.0286 0.8861 157 152 111
-7.8921 -3.7522 0.8424 160 167 107
2.7579 2.4360 2.9247 144 145 86
-7.2169 7.9311 1.0885 161 159 110
5.7099 -2.1503 1.6819 154 146 104
-1.8345 -3.5345 3.4133 155 112 88
-1.9715 2.7419 3.2307 151 161 94
6.1421 6.5702 1.4943 168 149 108
3.3532 -5.7713 2.6151 154 134 80
0.4415 6.3680 3.7971 147 124 87
-6.9598 -5.8533 1.2231 156 155 132
0.6456 -2.9191 3.7876 155 142 70
4.0265 0.1121 2.2940 156 153 90
3.3706 -7.6243 2.6459 162 140 96
-7.4038 -1.1115 1.0355 175 153 120
6.1476 -4.6277 1.5539 159 148 106
2.5424 2.1794 3.0400 136 141 74
3.4856 0.8774 2.5424 156 151 114
4.8847 2.8142 2.0075 146 141 100
-2.7633 4.5809 3.0042 160 123 78
2.3634 6.6368 3.0777 171 137 76
-1.6206 -4.6138 3.4352 146 115 73
-0.5190 -5.2561 3.8419 137 114 71
3.6139 3.5131 2.5537 154 130 92
6.8694 0.7429 1.1908 153 169 111
-2.3182 7.2336 3.1447 147 133 67
3.1548 -4.2410 2.7851 150 150 95
7.6315 -5.1172 0.8255 160 148 118
6.4423 -1.7136 1.2914 191 161 121
7.5101 2.0755 0.9346 167 161 107
-6.4258 3.0178 1.4219 167 161 121
-5.2700 -4.5658 1.9911 150 137 113
3.4588 -6.4930 2.6058 154 134 78
-0.1609 1.7606 3.9175 132 130 75
3.4408 -5.3865 2.5888 152 148 102
3.7112 -2.8893 2.4649 169 116 108
6.1491 -2.4426 1.5692 156 139 99
-3.7947 7.8804 2.4109 159 136 92
-7.3081 3.3725 0.9286 181 164 122
-7.3899 -0.3644 1.0502 164 166 113
6.5030 -4.1474 1.3799 161 148 107
1.1125 -2.4542 3.6037 137 128 78
6.9485 -5.2197 1.1758 167 149 100
6.0374 -1.6634 1.5668 180 147 98
4.3334 4.0516 2.1955 166 123 96
3.5020 1.7472 2.6992 143 150 81
-7.5792 2.6232 0.9809 167 147 102
-7.9516 4.0753 0.8229 176 147 124
7.7788 3.0886 0.8987 164 140 114
-4.5403 -4.6348 2.2749 149 136 93
-5.9857 1.9280 1.5809 151 154 103
-0.4413 -3.5717 3.8158 155 136 60
-2.3453 2.1038 2.9602 149 139 64
-5.5309 -7.9541 1.8792 154 133 90
6.8546 -5.9089 1.2419 157 154 119
0.3702 -1.2109 3.8476 149 112 64
-0.3540 5.4363 3.8465 151 129 57
-5.9380 -4.0777 1.5458 164 154 98
-5.3899 -4.9514 1.8307 175 156 98
-1.5821 6.4419 3.4546 148 149 91
3.2445 2.5779 2.6379 158 137 72
-5.1929 5.9623 1.8676 152 134 86
6.8960 -7.4526 1.2569 163 147 114
6.0454 -2.0500 1.6172 178 141 88
-3.0865 -1.6943 2.7008 141 124 85
3.9229 -5.0601 2.4154 138 139 110
6.7006 3.8267 1.4020 172 133 110
-0.8209 2.6143 3.6345 143 127 96
-0.8950 2.1410 3.6410 138 139 69
-5.0315 2.5528 1.9805 151 143 93
-5.5087 -0.1074 1.9123 175 145 70
-2.6578 6.3922 2.8701 154 135 81
-0.2171 -4.7320 3.9852 142 138 70
-6.1578 3.4875 1.5536 155 153 103
0.7435 2.8805 3.6970 143 141 83
-3.6024 6.2931 2.5748 140 125 87
5.4756 7.4061 1.7988 156 148 103
2.1914 -6.7252 3.1671 143 147 93
-1.1606 -4.8543 3.4435 155 146 73
0.3056 -2.1121 3.9500 140 112 70
5.4037 -4.0246 1.8107 175 123 113
-1.4609 -3.0454 3.4351 141 129 70
-5.0978 -2.0351 1.9513 145 139 97
4.7990 -7.3412 2.1228 168 143 91
-5.4882 4.1592 1.8284 150 142 84
5.2054 4.7670 1.9644 155 149 115
-6.5843 5.4620 1.2771 181 155 123
-2.5126 0.1161 3.0594 148 124 71
1.0849 -2.0092 3.6690 149 122 87
5.8108 6.3798 1.6667 167 145 96
2.4439 -4.9489 3.0559 145 148 79
-5.9547 2.6209 1.5695 154 148 117
5.8090 -1.7526 1.6901 166 160 94
-6.1655 -7.7763 1.5775 165 146 117
-6.0604 1.5568 1.4626 146 145 107
7.9097 7.6443 0.9120 176 166 131
-5.2532 -7.6943 1.9939 159 164 93
-2.1792 -4.5214 3.1910 147 132 70
1.1064 -7.0596 3.5381 146 120 70
4.1056 -5.6945 2.2806 156 139 87
-5.3361 3.1206 1.8723 152 145 108
6.6950 6.0284 1.3204 158 138 112
-0.1191 4.5431 3.9895 125 112 79
-4.8553 4.9184 2.0178 154 159 102
-0.5186 -6.5637 3.7075 136 129 64
-5.6563 -5.1064 1.7936 164 146 103
-5.2129 3.7368 1.9391 139 140 103
3.6016 -5.7481 2.4914 145 152 75
-6.5107 1.3405 1.3639 159 150 120
-5.4567 -7.8667 1.7720 158 141 113
-5.2717 1.2652 1.8207 163 151 93
2.7708 0.9865 2.9266 150 128 90
6.0015 -6.4135 1.5619 156 150 112
0.0742 4.2592 4.0204 140 124 64
-3.9662 4.4148 2.4063 155 134 78
1.8155 5.4333 3.3525 142 142 72
6.0167 -6.3780 1.5519 165 155 111
-7.5543 -2.4358 0.9610 177 143 129
-4.3834 -3.8668 2.2457 157 135 97
2.1686 -6.0837 3.1688 146 144 74
4.9590 5.4079 2.0724 173 129 96
1.0351 -6.1421 3.5739 147 138 99
-4.9606 -0.1601 2.0391 167 124 90
1.6611 -7.4621 3.3969 147 110 73
4.2802 6.4080 2.3330 139 142 110
-3.9329 -0.3463 2.4976 142 141 84
-0.0895 -2.9935 3.9336 133 147 71
1.5942 5.1283 3.3981 144 135 61
4.4983 -6.4572 2.2063 159 146 103
3.4753 2.2122 2.6579 151 150 102
-2.0574 4.2515 3.1777 141 135 86
-5.5109 2.3454 1.8158 160 138 91
-1.1444 -0.9460 3.5420 139 121 82
-4.5148 4.5184 2.1725 155 148 89
-5.3552 4.8506 1.8436 166 146 95
-5.1898 6.6209 2.0098 181 149 83
-4.1321 5.9999 2.2816 165 143 92
6.0369 -5.1976 1.6081 156 154 103
0.9300 -2.3943 3.5586 141 142 102
-2.5274 -3.0619 2.9819 166 139 88
-2.6818 4.3066 2.9609 157 122 101
1.2832 5.9780 3.3512 145 149 95
-6.2782 6.0429 1.5389 161 162 118
4.8496 6.6235 2.0250 156 137 90
5.0278 -5.9006 1.9942 164 152 103
6.4033 -6.4179 1.4420 180 158 114
3.3312 -7.8644 2.6713 163 139 82
0.8504 -1.8693 3.6171 151 123 70
7.2605 -2.5122 1.1104 170 163 113
2.0771 6.4902 3.1689 142 120 75
-6.9279 7.1881 1.2947 167 154 120
6.5372 1.8073 1.3322 171 154 90
4.0394 -2.5685 2.3425 175 116 91
-4.7668 -1.3601 2.0643 147 154 86
0.6201 -6.7283 3.7580 150 140 73
7.6198 1.4421 1.0116 184 159 108
1.4980 -4.4758 3.4794 138 129 77
6.9870 3.9367 1.2590 167 136 107
-4.0558 7.0161 2.3564 146 139 97
3.2412 5.3752 2.7612 142 140 107
-6.7793 2.4459 1.3711 177 143 116
4.6644 -2.5629 2.1517 168 140 106
-7.7292 -4.0781 0.9331 174 141 110
-1.0827 2.4852 3.5556 130 119 79
6.1057 3.2811 1.5946 154 154 110
-1.5355 -7.2517 3.3317 135 136 79
7.1286 6.4782 1.2189 173 144 122
1.4656 5.4221 3.4104 156 122 71
-1.8554 -3.1886 3.2501 156 135 97
4.0244 -3.7806 2.4193 157 154 95
-6.3742 6.5385 1.4312 165 149 115
-3.7429 -4.6828 2.4829 147 136 100
-7.1248 7.1742 1.0513 167 165 120
0.8742 -0.6450 3.7088 145 127 76
0.9780 -0.0043 3.6474 146 119 76
6.5156 -1.4168 1.3630 174 159 115
0.6775 -0.6261 3.6580 144 129 68
3.1133 -5.4610 2.7509 158 156 82
-3.0216 7.3679 2.7242 172 118 78
-0.4716 -1.0120 3.7864 150 122 78
-2.4684 -3.6709 3.0656 143 135 69
-4.7693 -5.0894 2.0945 155 130 102
-4.3595 3.0129 2.2283 153 123 71
-4.5768 3.3574 2.1653 161 126 99
6.9237 -1.6114 1.1046 162 151 105
7.9485 -1.2030 0.8560 191 151 117
-0.3253 3.7856 3.8047 118 125 74
4.6449 -2.9404 2.1941 164 141 101
-0.9580 2.9670 3.5907 137 132 62
-3.9767 -7.3289 2.3355 158 136 93
-7.1727 -5.9110 1.1024 175 151 130
7.6345 -3.1289 0.9961 182 145 135
2.9303 -3.9789 2.8871 131 109 90
-0.2301 0.8871 3.9418 135 108 73
5.5304 -6.6546 1.7406 157 154 120
3.3192 -5.2727 2.7740 144 153 91
2.1946 -4.9856 3.1922 135 116 86
-2.3708 7.0703 3.0469 150 134 71
-1.3707 -0.3437 3.4557 148 137 76
3.2278 1.8155 2.7768 169 138 73
0.2628 -0.4266 3.9876 154 125 63
-6.7574 7.2355 1.2943 150 155 119
4.6054 -3.4005 2.1020 163 149 107
5.2114 -6.0752 1.8351 162 155 106
4.3719 6.5030 2.2281 165 149 104
5.2014 -0.6538 1.9228 168 132 95
-2.0318 -6.3227 3.1859 173 141 73
1.5878 -1.4701 3.3406 145 138 74
-3.7556 5.9883 2.5374 154 125 103
-5.1639 -5.2971 1.8798 158 122 104
-4.1218 -5.9328 2.3772 149 160 101
6.0330 -0.7219 1.6014 174 149 120
-4.9367 0.3948 2.0647 173 148 83
4.0578 -0.2406 2.4116 155 134 91
1.0041 -1.1702 3.5977 143 140 71
7.0107 1.0731 1.2123 179 151 121
7.4131 5.7567 0.9812 176 153 118
7.2878 6.8181 1.0369 168 161 115
-4.7922 0.8640 2.1540 165 143 102
6.2964 6.6672 1.4936 189 150 108
-6.8612 6.4999 1.2423 169 152 105
-2.6249 4.5603 2.9802 163 124 110
-7.2620 4.5805 1.0957 152 168 120
-0.5535 5.9418 3.7912 136 138 69
3.5764 6.7388 2.5630 144 151 86
7.8712 -3.9025 0.8647 201 158 130
-3.1628 -7.7053 2.7444 155 144 101
-5.6802 -7.9974 1.7446 171 136 112
4.9320 4.2491 2.0737 152 144 91
-6.3912 -3.0752 1.4530 154 135 94
1.3805 6.5546 3.4584 144 152 75
-6.9704 -5.5736 1.2575 164 154 135
-2.1938 6.8700 3.1434 138 128 85
3.2551 3.8672 2.6211 143 145 83
-6.2001 5.8251 1.5636 164 129 98
1.5326 -6.5141 3.4376 152 136 73
-4.8957 5.4248 2.0574 137 127 103
4.2773 -2.5452 2.3799 151 127 80
6.2694 -3.0885 1.5710 160 157 121
3.1445 -1.7300 2.7519 165 154 84
4.1441 -1.5888 2.3000 176 142 111
-1.6014 3.8176 3.3136 162 134 70
-2.8303 6.9834 2.8728 161 132 85
0.3304 3.1735 3.8075 140 146 68
2.3615 7.9513 3.1025 154 144 82
-4.8917 -3.0028 2.1095 158 143 95
-2.8305 -2.8995 2.8645 147 149 80
2.8318 -6.0820 2.8719 156 131 86
-7.2101 -2.2970 1.0650 147 154 99
-7.0759 2.7116 1.1685 169 157 126
2.8040 -5.7631 2.9565 152 144 81
5.5231 -3.9300 1.7574 173 147 110
2.7338 2.3489 2.8980 150 123 61
0.1447 -0.9348 3.8968 146 141 65
-4.1973 4.5504 2.3245 159 144 111
-5.3854 6.9944 1.8670 164 134 89
-5.5257 -3.2777 1.8618 159 142 89
-3.9481 -0.7095 2.4127 143 136 103
0.5703 1.8698 3.7298 139 131 82
7.7022 7.2804 0.9055 167 176 104
-5.5532 -0.5773 1.7309 154 164 101
1.4968 -4.3613 3.3832 130 124 80
3.8031 -6.6551 2.4412 151 131 88
6.4671 1.5681 1.4569 142 149 114
-6.3985 -6.4606 1.3435 161 139 114
-0.2132 -3.8994 3.9097 136 128 68
1.9718 -1.5836 3.2543 161 134 80
6.7564 0.4749 1.2997 153 161 96
-3.3965 -3.5978 2.6881 152 140 86
-1.1150 4.6749 3.6196 132 135 74
-7.9179 -4.7812 0.7676 179 156 125
1.7367 0.2235 3.2312 152 135 62
3.1714 3.9017 2.6772 158 140 89
-3.9561 5.8201 2.4301 142 137 86
7.3410 -5.6045 0.9889 181 137 99
1.4991 -3.7762 3.3950 144 134 81
-7.4271 -4.7273 0.9742 185 163 126
-0.2329 7.1527 3.9448 143 130 71
2.2631 0.3689 3.0501 156 127 88
-1.4149 -4.2002 3.4104 130 130 83
-0.4702 -3.4301 3.7693 136 126 67
7.1936 5.5443 1.1500 176 156 113
-5.2134 -4.7429 1.9139 140 144 106
3.7425 -5.9116 2.4761 176 138 91
-0.3230 -4.2330 3.8065 133 129 52
3.4842 3.2495 2.6048 156 143 96
-0.2604 -5.8679 3.8839 133 139 83
-3.5906 3.1914 2.5694 157 135 93
-4.8135 -6.3643 2.0374 169 125 91
6.3299 7.4131 1.3954 147 162 93
6.6577 -4.1403 1.3259 171 136 106
3.4467 -0.5510 2.6220 149 129 91
1.5908 -3.1148 3.3117 136 144 88
-4.9490 -1.9884 2.0170 140 160 103
0.6003 -1.3113 3.7619 135 127 59
-6.8107 -1.5904 1.3171 158 146 105
-2.7489 -1.1817 2.8652 149 129 92
4.2644 1.4463 2.2834 148 135 105
2.8503 1.0460 2.8012 164 132 85
-6.4077 -2.5206 1.4726 174 144 103
-4.9515 -3.9295 1.9118 173 141 113
-4.6706 4.7863 2.0919 162 155 103
5.7971 -0.8943 1.6516 190 155 103
6.3006 -7.3922 1.5324 157 150 101
-4.5656 1.2810 2.2665 165 148 93
-2.0602 -6.9510 3.2618 152 133 77
1.9100 0.4469 3.2455 149 143 80
-2.7647 7.7823 2.9119 159 137 90
5.9777 0.8429 1.6106 166 142 116
-5.2900 1.4106 1.8116 155 154 110
2.9528 -0.2779 2.8477 154 133 60
-5.8228 1.5185 1.6773 162 145 112
-4.2533 5.3083 2.2985 159 158 95
0.3655 0.7550 3.8090 143 140 74
6.1742 5.0861 1.5360 156 148 108
5.1020 7.5363 1.9635 148 153 103
-3.4430 -2.0248 2.5764 151 145 69
2.8494 -5.2646 2.8049 159 132 88
-6.1947 -6.4705 1.4777 166 148 114
-0.5504 5.1015 3.7787 128 126 64
4.5300 7.1789 2.2008 152 139 70
6.1683 1.7420 1.4903 157 145 102
7.5893 -0.9387 1.0024 167 160 97
5.5398 1.5358 1.7924 168 135 93
1.9447 -6.2121 3.2051 146 118 84
5.4174 2.2032 1.8972 159 149 79
-4.0233 7.0628 2.4253 163 146 80
1.7833 4.8029 3.2818 143 123 73
-0.8387 -3.0884 3.6805 135 139 65
-5.4553 3.4941 1.8980 146 138 87
-1.7857 -1.8692 3.2767 154 119 76
-5.8805 6.7548 1.6414 165 166 104
6.5947 1.1888 1.3950 149 147 112
-3.0275 -7.9102 2.7583 150 142 78
-7.5434 6.9378 0.9140 168 134 115
-2.7170 5.6020 2.9712 160 123 82
-4.2115 4.7329 2.2935 163 125 96
-3.3875 -5.5183 2.6773 152 137 81
-6.9818 6.4123 1.2478 187 129 105
-6.7053 -5.3510 1.3186 169 144 118
2.3217 5.7371 3.0551 155 119 98
1.7029 4.2718 3.3181 155 132 82
2.1588 7.9165 3.1712 130 130 75
-2.4645 -5.7654 3.0832 147 126 87
0.2520 6.9762 3.9489 139 118 66
3.7647 -5.8571 2.4281 161 143 90
1.9299 -6.8358 3.2503 134 121 77
2.8649 -0.7639 2.8080 164 138 100
7.5517 7.1331 0.9718 168 167 117
-3.7432 0.5530 2.4941 162 161 98
-6.5627 -6.9625 1.3756 159 158 110
1.0552 0.2823 3.5285 145 129 79
5.6018 -3.6130 1.7885 150 135 111
7.5354 5.0840 0.9519 180 150 104
-1.2298 7.3259 3.4527 131 109 100
-5.2722 -2.3068 1.9244 153 134 104
-5.1345 -5.8541 1.9678 146 137 103
-7.4835 5.1978 1.0084 169 143 117
-6.4000 -4.0772 1.4789 168 123 102
4.7324 -7.7561 2.1012 151 137 94
-4.6474 0.8969 2.1804 178 149 106
-1.7279 3.5686 3.3528 144 145 61
-7.6220 -5.8083 0.9636 178 147 111
-6.9963 4.4877 1.2078 165 160 95
1.5252 2.2618 3.3085 146 120 81
-2.0091 -7.0974 3.1560 150 122 92
-1.9097 2.9790 3.2684 149 135 84
4.7886 -3.0156 2.0720 164 144 88
-2.9083 4.3441 2.8489 154 131 88
2.0869 7.6189 3.1130 143 152 94
5.4325 6.6241 1.7642 151 149 106
-0.2688 7.4393 3.8576 156 137 82
-2.3364 -6.4721 3.0955 149 155 59
-1.0040 1.7188 3.6094 157 127 67
6.1889 2.6316 1.4681 154 159 104
5.9288 7.8175 1.6546 170 152 106
-2.8522 -1.0625 2.7956 171 122 97
3.6188 -7.2927 2.5235 175 137 87
-0.2963 0.5544 3.8670 148 126 69
0.5065 5.2792 3.7466 136 128 73
3.6893 6.6958 2.5696 169 130 89
3.8827 4.2720 2.4621 152 135 98
-0.8487 -5.6250 3.6124 158 138 78
1.5613 -2.8512 3.3993 160 119 49
-4.0658 -7.5899 2.4011 151 139 93
1.5622 1.4192 3.4187 136 125 65
-1.7818 7.7518 3.3306 131 129 64
-7.2467 -3.8696 1.1243 152 151 123
4.5071 -2.3665 2.1710 171 130 94
-7.0188 -1.9467 1.1159 198 145 113
0.9362 5.9714 3.6125 152 143 84
-1.7377 -2.5295 3.3786 140 120 76
-7.3307 -5.8888 1.0250 147 159 127
-7.0791 2.7191 1.1246 160 136 112
-6.6949 6.3623 1.4215 135 154 89
5.0021 -2.7411 2.0137 162 142 100
-0.0452 4.3992 3.9643 137 116 61
0.0545 -3.1679 4.0561 140 127 59
-7.5073 1.8284 1.0887 165 162 109
7.7183 3.5777 0.9818 165 139 103
-6.7731 1.2910 1.2896 178 147 106
7.6797 6.4120 0.8970 183 170 114
1.1071 -2.0759 3.4450 158 139 75
-7.1622 -6.6178 1.1179 170 165 108
7.3891 -5.2572 1.0959 164 148 119
6.6096 -5.6726 1.3198 168 151 110
7.8117 6.7741 0.9099 171 162 123
6.6522 -7.5145 1.3040 170 166 104
7.7079 5.8216 0.9427 170 144 114
-6.0164 -2.0452 1.5687 149 180 110
-5.0169 6.2184 2.0237 146 130 88
1.3550 4.2757 3.4343 147 115 85
-6.9033 3.5616 1.2997 174 160 102
5.1152 -7.1079 2.0001 161 120 116
-4.3855 5.6781 2.1452 142 131 91
-1.9337 2.8013 3.2118 157 118 74
-0.9171 -7.2254 3.6931 143 138 57
4.1565 -2.9600 2.3855 162 123 94
2.4708 -0.8131 3.0082 147 130 86
0.3342 5.1021 3.8787 119 138 57
7.1370 3.2177 1.1299 174 160 118
0.8602 4.5439 3.6419 151 120 97
4.2425 6.9479 2.2608 152 148 107
-0.9135 4.7801 3.5513 141 136 65
-2.4036 -2.8457 3.0431 137 127 91
-6.3544 -4.2178 1.3779 181 134 122
-6.3182 -0.2118 1.3706 165 146 85
0.6501 2.7124 3.7238 144 125 84
-4.0377 5.2721 2.4357 159 135 82
-7.7520 -5.7186 0.8530 159 143 124
-5.0670 -6.2797 1.9573 151 165 92
2.2129 -6.8373 3.0895 135 133 85
-6.4574 -4.3660 1.3923 157 152 97
4.8108 -7.1084 2.0458 134 150 104
-7.8373 -2.8044 0.8336 188 135 113
-3.9888 1.0886 2.4218 158 137 97
3.5602 6.0478 2.6698 155 141 91
-6.3170 -4.1167 1.4921 168 136 120
6.4285 -2.4973 1.4329 151 144 106
3.5491 -5.5543 2.6131 152 122 91
6.1553 -2.1298 1.5515 161 172 103
-4.9518 6.2828 1.9992 170 130 99
-0.2303 -2.1836 3.8215 162 119 64
6.2291 -1.9134 1.4998 178 157 117
-3.5735 2.4144 2.5522 147 125 89
-4.1476 -4.4368 2.3503 144 148 93
0.4627 -7.3111 3.7962 142 124 82
6.2263 0.3645 1.5453 174 155 108
7.8562 3.9829 0.8314 175 136 120
-1.6333 -5.3987 3.3976 151 120 59
-3.2167 7.6097 2.6614 154 128 77
1.2484 -6.5236 3.4625 156 135 71
6.3487 -5.9155 1.5082 164 157 113
-4.8306 -7.8589 2.0349 166 155 117
6.5837 3.5241 1.3158 153 156 108
-6.2358 -7.0479 1.5396 176 164 115
5.5002 4.1875 1.8155 156 153 110
-6.5388 -6.6541 1.3425 154 146 98
-5.0979 -5.5649 1.8712 163 127 103
6.7154 -6.1123 1.2699 190 145 120
4.5269 0.0774 2.1531 151 136 98
-7.6755 -0.4973 0.9407 181 138 132
3.8166 -1.6524 2.4104 147 142 83
-7.2849 7.8114 1.1583 166 126 118
-0.7780 -3.3228 3.6714 138 134 86
3.3103 -2.1531 2.6239 128 122 96
-0.7808 -4.5985 3.7005 137 124 73
7.6555 -2.0076 0.9384 181 149 125
-6.0318 -4.9087 1.5814 166 146 89
-4.3999 -6.5953 2.2506 160 147 79
-6.0020 -1.5880 1.6422 169 128 90
-4.8814 -7.5449 2.0236 160 133 103
-6.1220 -2.7035 1.4917 137 137 101
-2.8302 1.0912 2.9206 161 123 85
7.7159 1.8045 0.8534 178 157 114
-7.1003 -6.1966 1.3032 165 133 119
0.4032 -0.8652 3.8757 156 119 58
5.2218 -5.9323 1.9652 170 135 104
7.3870 -7.2456 1.1285 165 141 103
2.1435 -2.8682 3.1355 142 136 77
5.0584 -0.9942 2.0093 140 144 104
7.6006 7.8520 0.9895 178 149 107
5.0089 0.5291 1.9920 155 134 89
1.8695 -4.4188 3.3241 142 117 64
0.0228 -6.7249 3.9416 134 144 60
-4.5930 -3.8163 2.2911 142 140 91
-5.3876 -7.1829 1.8010 167 163 125
-0.5684 -4.5554 3.7931 143 143 86
5.8643 6.2425 1.6602 177 136 102
-7.5333 -6.6795 0.9835 167 149 126
6.9680 -3.1910 1.2197 167 149 110
5.9222 0.3712 1.6761 172 141 105
-4.2853 -1.2187 2.3598 139 137 83
5.4341 -6.9365 1.7428 160 135 101
-0.1857 -4.7111 3.9358 131 127 77
4.3476 -6.4127 2.2825 154 128 90
2.8615 5.7395 2.8488 149 141 88
-1.5640 -0.2793 3.3227 156 135 78
1.1525 -3.9434 3.4472 145 126 67
0.5664 0.8378 3.7465 127 122 51
5.7944 0.5797 1.6696 184 154 91
2.0442 6.0043 3.1734 159 118 64
1.0041 1.8584 3.5972 150 132 74
7.0812 -6.4989 1.1401 164 142 133
-7.8357 0.9116 0.8598 180 152 105
4.2093 -0.0994 2.2466 147 158 103
4.5131 4.9528 2.2120 194 159 94
-6.4501 7.4194 1.4646 151 142 110
3.7619 6.4557 2.4701 160 139 116
5.5894 -6.4328 1.7736 153 151 102
5.7022 1.7789 1.7457 162 122 113
-3.5381 -3.9106 2.5612 145 139 91
3.5996 6.9090 2.5547 153 144 74
-4.2038 -1.6605 2.3231 159 140 94
-7.7866 -0.2944 0.8798 162 155 124
6.7945 0.1679 1.3530 181 151 118
-1.0636 6.6300 3.4647 142 117 66
3.0583 -4.4941 2.8153 155 134 104
1.5232 5.2360 3.4568 136 130 53
-2.8863 4.6913 2.7616 156 130 107
7.7495 -6.5024 0.9575 165 144 121
-7.4824 -6.0112 0.9867 166 157 98
3.7868 -0.9604 2.4287 163 144 96
-7.1070 -5.7182 1.1244 158 159 112
-4.5868 6.8462 2.2916 155 156 91
-1.3598 -5.9375 3.4278 144 126 71
-0.5663 5.5565 3.8172 137 130 99
5.0446 -5.6425 1.9923 175 138 110
-7.3512 -7.0066 1.0533 178 170 114
-7.8437 0.7463 0.8648 160 168 115
-3.5695 5.7976 2.5696 138 139 82
1.0040 -0.7496 3.5761 154 137 64
7.5726 -3.5277 0.8678 169 150 126
6.9310 -0.1517 1.2864 159 136 104
-0.4769 -2.6546 3.8305 137 122 66
-7.2841 -1.7121 1.1319 183 155 103
-1.0823 2.3298 3.5900 113 106 71
4.7614 4.3331 2.1339 142 154 106
5.5955 6.0827 1.7995 142 154 85
-2.5726 -3.9131 2.9891 148 150 83
3.2912 -2.8231 2.6549 151 140 91
7.7709 2.7675 0.8948 181 163 111
6.9643 5.3800 1.2580 180 146 139
-2.4008 -1.8068 3.1221 151 150 96
6.1210 1.8674 1.5472 154 126 106
3.4627 -3.7881 2.6174 149 140 78
5.9316 -4.6532 1.6803 154 168 105
-0.2856 -6.3673 3.8864 144 121 63
7.8713 -5.6057 0.8534 170 139 114
-4.4295 -2.6508 2.1956 151 105 91
-4.0530 4.7253 2.4009 146 133 116
6.8337 -1.4383 1.2359 165 160 109
6.9103 2.9578 1.2869 171 145 109
-4.3247 -2.0330 2.2994 172 147 88
5.5735 -3.8800 1.7750 167 168 82
1.6761 -2.5941 3.3921 128 123 74
-5.0031 -4.1540 1.9523 181 140 93
0.7944 -0.3045 3.6588 141 111 90
5.1242 3.9054 1.9555 171 150 101
-2.0342 -6.8528 3.1481 140 152 76
1.7639 0.3355 3.3288 170 132 81
-3.6993 2.2100 2.5134 152 155 89
-6.0342 2.8559 1.6214 180 153 101
4.0223 1.0160 2.3246 180 146 86
-7.6312 -3.6409 0.8693 183 169 116
-1.7190 -0.0066 3.3317 168 138 87
-3.7445 7.0659 2.5265 157 127 99
6.5423 3.8508 1.3655 172 157 115
-3.1563 4.2678 2.8199 146 144 83
0.5707 7.5911 3.7692 138 132 73
-3.8750 -7.3739 2.5266 165 145 81
2.7314 -6.6209 2.8883 161 127 90
6.4277 1.6725 1.4179 159 159 122
0.7399 -2.8833 3.7127 127 135 80
3.5367 1.6015 2.5085 138 145 81
3.7182 -6.3073 2.4316 160 144 97
-3.3518 6.8540 2.6242 158 115 86
-3.1538 -3.1696 2.7081 156 134 68
6.1965 -6.0184 1.5352 162 139 106
-7.1479 -2.4964 1.0904 166 161 138
-3.7733 -4.4765 2.4687 163 145 111
-0.6296 -2.5535 3.8263 139 135 74
-4.5370 -6.5666 2.1564 162 135 83
2.1976 -3.4524 3.1476 132 127 94
6.7465 -2.2929 1.2690 169 140 138
6.1191 -2.8526 1.5301 166 131 90
2.0280 -4.3405 3.2135 150 143 81
6.7505 -2.4128 1.3332 155 143 128
1.3035 -5.4326 3.4550 142 146 61
3.9183 7.3397 2.4591 160 146 106
2.2972 -6.4515 3.0373 157 128 66
0.1668 4.8096 3.9063 129 119 83
3.6040 6.6819 2.5860 165 144 100
-4.9152 -0.3579 2.0614 140 161 107
5.7932 5.2467 1.6769 181 149 102
-5.1012 -2.9100 1.9573 166 157 112
-2.8440 -1.8448 2.8359 152 131 114
-1.0105 1.1794 3.6316 138 113 62
-2.7427 5.0566 2.9713 153 131 89
-0.6540 -3.3368 3.7454 172 145 79
-2.6183 -7.6465 2.9080 146 157 90
6.1296 -7.4050 1.5348 167 146 91
-3.4328 4.5810 2.5862 163 153 103
1.9932 7.2661 3.1817 138 134 85
-5.6173 -2.7525 1.7024 166 160 116
-2.9035 6.4753 2.7442 153 135 83
6.5615 6.6199 1.3399 180 163 103
-1.5683 0.9557 3.3372 148 127 85
-4.8988 -5.3989 2.0272 164 128 102
-6.7188 -2.7968 1.4400 156 138 98
0.1103 -3.0073 3.9475 137 124 65
-0.3260 7.3001 3.8906 141 124 64
4.6748 -3.7391 2.1346 167 124 94
-3.5005 0.6515 2.5652 150 144 98
2.4049 -2.9700 3.0180 165 123 73
0.3214 5.0730 3.8856 128 132 81
-4.3011 -6.5463 2.2964 147 121 96
-5.8262 6.1253 1.5717 162 130 116
-4.8826 -2.2433 1.9942 157 150 95
4.8177 5.7274 2.0653 146 146 103
1.9676 -2.9750 3.1521 134 130 106
-7.5452 -6.5007 0.9637 162 175 110
4.7416 -6.6571 2.1070 150 134 100
-3.7985 3.2458 2.4500 150 141 90
3.4674 -2.3605 2.5287 160 134 90
5.3103 -5.0719 1.8617 155 149 89
-7.7023 -3.3508 0.8976 184 169 110
-0.5936 4.3317 3.7248 144 126 71
-3.0880 -1.7451 2.8382 150 146 87
5.3553 7.0018 1.8442 160 125 104
-5.9028 7.5298 1.5764 165 145 108
6.8433 -5.1264 1.3617 148 149 115
-7.5162 7.1729 1.0376 163 145 118
5.4327 -6.8036 1.7727 181 149 98
4.4600 -4.5921 2.2346 150 152 95
-1.1485 5.9776 3.4752 145 113 74
-5.9694 -4.8787 1.6819 164 150 115
-1.5757 0.8411 3.3839 163 137 76
3.7755 -3.8622 2.4566 142 136 116
-3.9377 -3.1698 2.3619 150 151 84
7.7865 -5.5575 0.8943 162 152 118
-2.7186 6.7523 2.9438 149 135 70
-7.2597 -4.0708 1.1419 176 151 101
0.4162 -1.6535 3.8023 145 145 85
0.0602 -0.6127 4.0285 137 132 79
-1.1690 4.5053 3.5579 154 127 61
-3.1096 -7.0510 2.7344 150 120 81
7.5535 -5.6817 0.9991 162 154 108
2.6517 6.2703 2.9452 157 147 79
0.3516 1.7105 3.9415 148 122 66
5.2786 4.4344 1.8793 160 127 96
2.9260 -7.3443 2.8530 153 142 90
-2.5408 7.6528 2.9354 146 145 89
-1.6810 5.1550 3.3599 139 126 65
1.8503 7.4558 3.2685 140 131 95
6.9997 -6.5637 1.2081 146 155 116
-0.2051 -4.8416 3.9614 142 111 69
-1.2592 3.7473 3.5675 133 138 82
-2.4274 7.7426 2.8781 146 154 80
-6.1656 0.0143 1.4153 155 129 111
-6.2910 3.8034 1.4992 162 137 110
-7.9220 4.2337 0.8261 182 160 121
4.2524 0.6279 2.2741 158 147 112
-2.5954 -5.0441 2.9628 164 122 85
-1.7128 3.1535 3.3391 144 144 62
-5.4845 7.2909 1.8623 168 142 104
5.6762 4.2931 1.6839 177 153 96
6.6573 -1.0744 1.3188 157 137 83
-6.2418 5.4161 1.4451 148 140 111
-7.0418 7.0041 1.0556 177 162 101
2.7494 5.1734 2.8880 137 137 86
5.5078 -5.7126 1.7338 170 139 114
6.4696 -5.0343 1.3756 158 165 107
1.9233 -1.3977 3.3126 150 121 70
-5.8718 1.0229 1.6818 163 133 112
5.7182 7.7533 1.6570 150 148 104
-5.0969 -7.1123 1.9172 156 144 110
-3.2535 2.1831 2.7012 137 138 86
5.7583 -5.9739 1.7362 161 140 109
4.2214 4.3976 2.2590 155 139 98
6.5618 7.8001 1.4241 163 142 119
-6.8933 3.0960 1.2940 161 141 115
2.2246 -0.7770 3.1493 145 135 81
-3.0552 -1.1234 2.7902 145 138 80
7.9467 5.7966 0.8302 177 153 124
-1.9811 -1.7926 3.2473 152 149 79
-5.4579 -5.3452 1.8096 155 135 97
-0.8228 -4.5282 3.6923 161 134 74
-0.1968 -3.3304 3.9030 133 127 59
-5.6520 -4.1787 1.6252 166 134 121
-3.6579 -7.1145 2.5735 153 128 83
1.2577 -2.0292 3.4674 137 142 71
7.6059 6.1341 0.9107 165 138 120
6.5244 -1.3342 1.4300 160 146 90
3.6305 -2.4158 2.5928 169 156 79
-5.0070 2.7233 1.9891 161 132 100
2.8190 0.1906 2.8588 144 143 89
-5.1911 -7.9983 1.8685 169 161 106
0.1204 -6.6642 3.9863 141 130 73
-5.3795 -7.9373 1.8531 156 146 105
5.3134 -5.3018 1.8942 160 139 92
7.7658 7.0443 0.9145 161 149 104
-7.9540 6.0008 0.7911 163 163 108
-0.9165 -3.3741 3.5704 158 141 84
-6.8216 7.6043 1.1790 155 135 105
-1.1728 7.1427 3.5472 147 145 70
-6.6482 -2.0128 1.3240 174 165 114
-4.1863 -7.3354 2.2934 161 132 71
5.7627 0.2391 1.7275 155 137 102
3.5359 0.3233 2.7341 141 125 85
-2.1793 -4.5654 3.1817 147 142 84
-6.2561 2.7624 1.5470 164 167 106
0.5980 5.6557 3.7507 138 141 77
4.8649 2.8944 2.0256 171 128 111
2.7676 2.1971 2.8727 154 141 82
-0.2057 -5.8829 3.9103 136 116 76
-5.4345 6.6228 1.7321 154 144 85
-7.7098 -3.7804 1.0078 173 136 100
-4.4564 5.6378 2.1960 159 135 96
5.6628 -5.7914 1.7209 161 138 78
-3.9720 7.3801 2.4216 135 144 91
-4.1477 -6.8439 2.3633 142 127 95
4.0506 -6.0870 2.4807 146 147 93
1.2581 -1.8293 3.4350 144 129 82
-5.9761 2.1728 1.6272 160 148 102
3.0400 6.8029 2.8574 155 144 98
7.5944 4.6504 0.9995 166 142 116
6.4054 -0.6506 1.4435 182 159 113
-6.0719 -0.9033 1.5261 173 146 110
2.7387 -6.3260 2.8773 156 135 73
-0.5088 3.4301 3.8126 129 138 56
0.9669 6.8190 3.6358 151 122 89
0.9280 -7.2341 3.6215 139 120 78
-6.5485 0.8975 1.3996 152 144 102
-4.0663 3.9086 2.3622 160 150 97
4.4609 -4.0638 2.2251 162 154 102
0.2228 2.3685 3.9337 147 120 80
1.3932 1.4724 3.3975 131 132 81
7.7939 -2.2997 0.8357 179 149 109
3.0152 6.6198 2.7203 158 135 114
-7.6531 -3.6225 0.9301 152 140 133
3.3347 -5.0050 2.6160 140 144 84
-0.5473 -0.2766 3.7667 142 104 74
-0.4780 4.9683 3.9019 143 120 66
-3.9202 -1.1259 2.4150 153 121 92
4.3564 2.1681 2.2188 160 136 94
-3.2720 -6.7512 2.6076 163 127 111
-2.5676 4.0473 2.9467 154 140 90
-0.6598 0.7666 3.7059 135 143 97
-0.1846 1.4407 3.9405 140 140 73
3.4374 -1.6455 2.5770 154 144 68
-6.3490 -2.5489 1.4308 162 157 111
-3.8237 -3.2292 2.4803 160 132 83
2.6587 -3.3113 2.9210 149 142 91
2.3845 -7.0166 3.0420 131 135 84
-0.1736 0.8974 3.9790 146 127 74
3.6732 3.0417 2.5074 150 131 84
0.4807 -7.1233 3.7984 140 127 78
1.4470 -2.0937 3.3160 130 130 101
-3.1261 5.3454 2.7745 159 133 106
0.8491 6.5017 3.7783 142 132 58
0.0867 -5.4089 3.9376 147 122 72
-7.9834 7.9008 0.8847 173 143 108
-4.4577 0.9341 2.1348 173 146 91
-2.3568 -5.9303 3.0281 154 123 100
-1.2483 -7.7468 3.5131 139 149 74
-5.1380 -2.0995 1.9854 152 135 115
-3.9057 -5.7716 2.5164 160 143 97
5.7052 4.9867 1.6664 158 146 109
4.9216 -0.3965 1.9706 154 154 92
3.5991 -0.3065 2.5597 163 134 78
-6.7918 1.1324 1.3262 172 139 107
6.0757 -3.6655 1.5955 177 143 103
5.6490 -5.5028 1.7021 164 143 96
-4.7872 5.2457 2.0432 156 135 92
-4.0191 -0.5438 2.4029 140 136 83
6.8817 3.4229 1.2242 177 142 121
3.2248 4.8409 2.6184 159 152 79
0.5113 7.9901 3.7628 150 125 64
-3.9506 -2.1161 2.4468 165 125 94
1.0728 -3.5021 3.6007 162 117 71
-1.5214 -4.9167 3.4032 134 127 78
-2.9725 0.5091 2.7662 150 125 99
-3.0798 1.7571 2.7596 160 134 86
-2.4543 6.4682 3.0563 141 145 94
0.5949 -1.6811 3.7937 141 134 67
-6.0984 -0.0405 1.5471 172 152 109
3.7354 0.3864 2.5316 148 147 96
5.0432 -4.7427 1.9575 153 118 112
0.5004 -5.4362 3.6771 142 118 81
-6.2562 6.9827 1.4580 186 157 108
3.8438 -4.7816 2.5086 140 137 98
4.2489 -0.4122 2.3295 152 137 89
5.7194 7.5561 1.6988 162 163 121
1.7198 -1.7053 3.3679 145 130 93
4.5146 6.5015 2.2348 148 140 86
-1.4441 -3.4655 3.4729 134 134 80
7.1129 -3.3439 1.1681 178 160 116
-4.2002 5.0547 2.3301 160 140 89
-3.2706 -5.9035 2.7132 152 138 91
-5.0379 -5.6946 1.9590 173 142 86
6.2894 -7.6363 1.5566 174 141 105
-3.8776 -0.0073 2.4528 141 141 89
1.0565 3.0906 3.5503 138 144 54
3.8330 2.2455 2.4179 166 148 81
6.9622 6.0295 1.1788 155 163 114
2.4723 -6.0408 2.9855 147 144 87
2.5473 0.7649 3.0268 152 149 80
-7.5483 -6.9719 0.9771 180 134 116
2.8699 -6.4440 2.8584 169 126 88
2.1676 6.6263 3.2312 154 133 79
-5.5662 0.1782 1.7984 167 142 107
4.2507 -3.4669 2.3124 181 141 88
-3.5106 3.9831 2.6173 143 145 95
-0.3762 2.6038 3.8418 147 135 81
-3.7155 0.8650 2.5077 161 127 92
6.1710 1.5745 1.6288 143 128 95
7.3468 1.4660 1.0502 177 141 116
-4.0901 -0.9379 2.3857 151 125 87
7.3703 7.5509 1.0786 186 154 100
-0.3174 -2.5450 3.8719 157 129 75
2.8151 3.7794 2.9574 146 137 76
5.7173 -7.1794 1.7518 147 145 112
-5.8536 -3.1431 1.6614 163 150 130
-1.7420 4.2373 3.3634 144 146 87
-2.0515 1.7007 3.2577 143 119 80
7.1956 -6.4689 1.1137 170 143 109
-3.8002 -2.9158 2.4421 158 131 68
6.5080 -3.1047 1.3416 187 166 125
-7.2429 -6.9933 1.1099 177 155 108
-7.4349 -3.3648 0.9283 178 166 116
4.2784 6.0155 2.2477 162 130 85
-1.6876 -2.5374 3.3845 148 132 72
-0.4649 -2.1100 3.8061 143 128 75
1.9804 -3.7175 3.2219 138 117 80
5.8199 6.4073 1.6980 164 169 87
7.3561 -4.0624 1.0440 179 150 113
-6.0424 7.7157 1.5632 171 140 118
-6.1424 1.9912 1.5681 167 175 126
-7.1032 2.0707 1.1536 170 144 110
-4.6944 0.4938 2.0672 156 135 97
7.6450 1.4202 0.9103 187 160 110
-4.8598 5.0762 2.0677 167 136 102
1.9483 -2.8943 3.1786 161 135 100
-3.9806 5.1126 2.3935 161 145 92
-0.4245 7.4006 3.8806 143 137 72
-3.1691 -7.3653 2.7396 129 133 94
2.3505 6.6348 3.0360 139 135 75
6.7611 1.6734 1.2358 186 168 115
-1.8646 -0.2624 3.1993 152 151 81
4.5608 -2.1962 2.1679 167 157 105
1.9005 -2.1601 3.2053 151 146 84
-2.5894 -4.0957 2.9217 145 127 96
6.1036 -7.5224 1.6310 183 153 102
-6.7715 -2.0055 1.2912 154 144 110
0.3614 -3.5757 3.8774 140 131 63
-4.3666 4.1088 2.2712 151 143 80
-3.5749 -2.8579 2.6293 146 128 100
2.7476 5.9831 2.9219 147 144 89
5.6001 -3.3552 1.7546 160 144 100
5.9896 7.6082 1.6609 168 132 117
6.2983 7.8477 1.5590 163 143 102
7.6196 -6.8957 0.8014 163 148 122
3.6668 -4.2144 2.5924 149 143 83
-4.7907 6.2647 2.1045 176 149 100
-5.9948 3.0271 1.6328 158 148 115
0.4453 7.4307 3.8167 130 138 54
1.8701 -6.2207 3.3287 132 139 72
0.5261 6.2649 3.7949 163 127 67
7.2895 5.4543 1.0733 162 140 96
5.9704 -0.8404 1.5767 157 138 97
-4.4755 -4.3271 2.2634 161 119 89
0.2855 7.0693 3.8816 149 124 92
3.1145 -5.7149 2.7466 138 140 97
3.7778 0.7506 2.5194 168 138 96
0.6796 -0.4086 3.6769 133 125 79
-2.2329 6.1229 3.1516 139 135 81
6.5589 6.6101 1.3317 145 157 116
3.3583 6.7133 2.6198 151 139 82
7.9049 4.0494 0.7960 165 150 127
-2.2310 -2.2524 3.1425 148 121 84
4.0338 3.1174 2.3876 158 145 76
-6.1616 -3.1660 1.5955 159 145 93
-7.7511 1.5495 0.9090 158 147 110
-4.8955 5.7765 2.0187 160 137 79
-5.4688 7.1548 1.8558 141 146 93
-2.2097 -1.9933 3.1000 160 132 98
2.7644 4.8502 2.9017 151 136 84
0.6551 1.6518 3.7978 166 128 81
-4.7561 1.2377 2.0957 161 139 88
-0.2694 1.8287 3.8355 138 139 66
4.1700 5.8002 2.3464 151 147 108
6.2628 2.0096 1.5584 171 159 121
5.9667 -0.2816 1.6306 171 146 107
-4.2231 3.9487 2.3376 152 138 87
-1.2902 2.1291 3.4618 135 132 76
3.8825 0.5195 2.4192 172 155 82
6.2230 -4.2874 1.5186 171 150 116
1.4072 3.6972 3.4551 126 150 60
2.4568 3.2486 2.9827 138 126 83
3.0970 4.5218 2.7753 144 119 109
-5.3194 -1.8007 1.9299 169 160 106
-2.6752 -4.7085 2.8843 150 141 96
-3.2641 3.0897 2.7034 166 144 82
-7.9170 1.8246 0.8116 157 167 115
7.8947 7.6500 0.9290 175 169 125
1.7501 -2.5120 3.2498 148 137 81
7.3350 -2.3220 1.0928 153 150 122
7.3912 -7.6040 1.0897 173 154 93
-5.9660 -5.0004 1.5943 171 157 114
2.1051 4.6952 3.1966 126 129 90
1.2994 -3.8043 3.5150 127 133 84
-0.5813 5.7004 3.8386 140 119 75
1.0493 -0.8228 3.5502 147 128 85
0.5762 -0.1524 3.7883 159 134 68
-3.1444 1.8035 2.8004 136 141 93
7.2514 7.7632 1.1418 175 156 113
-7.5964 -7.9599 0.9431 184 151 134
6.5784 -7.3987 1.3830 172 147 110
0.8868 -7.7348 3.6741 150 148 63
4.8768 5.1083 2.0725 145 147 88
-6.6516 1.0418 1.3057 173 137 111
-6.9067 4.7811 1.2959 158 135 117
-7.8133 -7.1569 0.9493 172 128 116
2.1240 -2.3912 3.1345 151 128 97
4.5122 4.1722 2.1848 148 142 96
6.3934 4.4773 1.4012 154 135 125
-1.2482 -0.4137 3.5732 150 132 87
2.7119 5.8206 2.8658 158 123 79
0.1248 6.6388 3.9100 125 138 85
1.8837 1.5766 3.1664 176 144 82
-1.1839 -0.2079 3.5099 136 140 60
-3.6657 -1.6560 2.5421 167 143 82
7.1998 -4.6291 1.1467 167 146 105
-1.4328 7.6884 3.4938 139 143 68
-2.7617 -1.4813 2.9446 159 141 107
-1.5621 -2.1339 3.3899 152 132 80
4.1676 6.7847 2.4013 165 146 104
7.8159 -1.3946 0.9288 182 158 113
5.2135 6.3999 1.9230 167 154 106
7.3111 -0.2667 1.1084 148 153 111
0.0142 2.9972 3.9388 131 148 83
-7.8553 5.8288 0.9065 192 154 115
-0.3351 -6.8380 3.8016 122 139 67
-7.5727 -0.3932 0.9473 185 166 109
7.0355 5.5246 1.1558 173 160 108
-0.3936 7.2639 3.8932 128 138 73
7.2340 2.2020 1.1045 179 152 102
2.5032 5.0245 2.8387 146 141 81
7.6963 3.9321 0.9323 167 159 118
-5.7398 -6.2862 1.7258 153 138 102
4.5348 -4.9506 2.1497 156 141 89
5.7116 5.8001 1.7221 167 140 109
-4.8433 -0.7238 2.0706 157 136 95
4.1884 1.6298 2.3363 136 138 82
-6.0671 -0.3683 1.6073 161 155 121
0.7868 -1.6042 3.6243 144 137 77
-1.5106 4.1552 3.2923 134 134 60
-3.2206 1.7184 2.7152 167 144 95
5.6283 -7.5324 1.7261 178 145 107
6.0697 2.2023 1.5387 152 137 104
2.5442 1.8191 2.9142 146 127 79
-1.4350 3.1075 3.4914 139 130 85
-5.7556 -2.9498 1.7987 164 132 101
-3.2664 0.4381 2.6563 159 135 75
6.8313 -4.9377 1.3095 174 152 116
-0.7534 5.0878 3.7490 123 116 86
-0.4251 6.4674 3.7972 133 127 71
4.9528 -1.1052 1.9554 157 142 91
-4.5097 -2.9608 2.1458 152 137 81
2.3165 -2.4369 3.0630 143 138 81
7.0077 0.3183 1.2317 183 152 122
-0.3493 4.3034 3.8424 149 137 68
4.5794 4.1297 2.0947 159 146 107
-2.5213 6.2054 2.9742 146 151 92
-0.0526 -4.9477 4.0113 147 134 70
6.2443 -7.4630 1.5341 169 152 98
-4.5304 -4.3955 2.1888 173 142 84
7.8509 5.9928 0.8777 164 154 112
-6.5770 -7.9619 1.3376 145 136 118
4.6196 2.9001 2.1285 157 145 96
5.4455 1.4821 1.7592 151 145 95
2.8425 -3.6478 2.8295 142 142 87
7.4009 -3.6603 1.0724 171 153 103
-0.3306 -4.3546 3.8268 127 134 68
3.4867 7.4381 2.6065 153 139 76
2.8978 -1.6711 2.8681 154 144 86
-5.5144 -4.6236 1.7872 147 150 105
6.4392 -7.2916 1.4450 150 147 118
4.1295 0.1252 2.2855 161 132 92
6.8710 -6.0425 1.3655 165 138 103
1.9461 -4.3727 3.2458 127 137 79
-7.5757 3.9180 1.0231 172 174 108
2.1218 4.5766 3.1801 119 136 85
-2.5556 -0.1945 3.0625 137 134 87
1.5254 5.9228 3.4298 140 129 82
2.2618 3.5877 3.1492 152 139 56
-2.4740 -2.1932 2.9244 170 124 91
3.3420 -1.7880 2.6250 144 132 90
-5.3584 0.9035 1.8030 158 175 108
3.2032 6.9236 2.8320 139 137 84
1.7758 -7.0967 3.2803 163 137 80
-5.3136 -1.0576 1.8250 155 154 94
6.0616 -3.6835 1.5879 160 156 112
-2.1288 2.4868 3.1056 136 150 82
7.3768 -1.8765 1.0243 177 150 117
-2.6704 5.2259 2.9120 140 144 103
-3.4582 5.6270 2.5809 149 144 84
-3.1987 1.3184 2.7471 157 133 89
6.4486 -4.8252 1.4106 183 135 106
-4.4705 0.7474 2.2318 147 139 101
-7.8097 -2.0984 0.8881 159 149 113
2.6724 -3.3235 2.8942 149 139 96
4.3086 -5.6368 2.2723 169 142 92
1.5228 -2.4384 3.4247 156 131 75
5.0075 1.9135 1.9332 170 142 107
1.1993 -2.6845 3.5176 160 138 76
-1.9075 7.6433 3.2766 140 115 71
-6.1367 -1.9397 1.6013 171 148 110
0.1281 2.2709 3.9228 132 135 83
4.2949 -1.9386 2.2291 157 141 104
-7.6035 6.9851 0.9876 163 167 99
4.5561 6.1018 2.2579 142 151 96
2.1168 0.8678 3.1976 159 138 86
-4.7438 7.7588 2.0823 159 145 101
-5.0623 -0.9735 1.9574 165 141 102
3.4527 5.3841 2.5608 150 142 90
4.9916 4.7378 1.9989 166 146 104
-6.8631 6.7403 1.1759 172 141 108
7.8892 -1.8579 0.8958 177 170 112
4.0442 1.3490 2.3694 153 134 89
1.0354 -1.2034 3.6485 142 133 63
-3.2780 -6.5949 2.6319 160 136 98
-2.3122 4.5796 3.0950 163 151 75
-1.4121 -5.6685 3.4561 153 116 88
-2.1615 6.4461 3.2302 134 136 80
-0.1245 -1.5399 3.9378 138 125 62
2.8240 6.5170 2.8459 148 131 68
6.7150 6.4543 1.3557 155 157 112
4.6907 0.7056 2.1832 166 148 100
-0.5729 0.4153 3.7188 145 115 59
3.3041 -2.5390 2.6355 145 133 92
7.0336 -1.9496 1.1558 189 140 129
6.7334 -4.7363 1.4377 165 140 91
1.5134 4.5257 3.4124 150 140 90
7.2413 7.8716 1.0452 173 145 116
3.1602 -6.3993 2.6407 162 119 80
4.7278 -3.6091 2.0729 160 158 122
1.1917 3.0512 3.5652 152 138 71
1.0576 -6.0739 3.5399 149 141 71
4.6739 1.2936 2.0970 162 124 89
7.7748 -0.5822 1.0061 185 136 122
-7.3334 -5.9804 1.0581 147 159 114
-0.8617 0.4402 3.6481 138 115 80
-7.4251 7.9870 0.9971 170 139 135
6.5709 -2.5335 1.3782 173 136 119
1.0639 6.3018 3.5844 141 127 84
-6.7598 3.2791 1.3030 155 127 107
-3.1306 4.3878 2.7666 150 128 102
-3.1206 4.4122 2.7361 154 140 73
7.7284 -6.4759 0.9156 159 146 130
-2.0336 5.1430 3.1855 150 136 79
1.6747 -6.2641 3.3027 154 125 77
-6.4300 -6.7838 1.4655 147 136 111
-0.9940 -3.1555 3.5510 152 118 54
-2.2879 -7.4706 3.1473 147 139 81
-2.6036 3.1247 2.9184 144 131 69
-6.8647 -5.3356 1.2408 177 144 101
7.7842 -4.2194 0.9344 152 159 124
-3.4260 5.8057 2.5798 164 126 79
4.1656 4.4207 2.2399 164 124 92
-0.2415 1.2884 3.9621 144 110 84
-7.7507 -4.4219 0.8535 165 156 122
-6.1216 -5.9274 1.5136 170 153 102
-4.3417 4.6501 2.2331 149 141 89
-3.6952 3.7719 2.5359 154 128 83
5.5942 3.5095 1.7619 168 149 87
-4.0201 -7.2075 2.4164 139 127 82
2.4024 4.8331 3.0226 149 127 73
4.7350 5.7617 2.1285 164 141 99
-3.7630 -4.7307 2.5807 167 122 88
-2.1633 -5.3469 3.1592 155 141 91
0.7209 -1.3286 3.6496 148 120 84
6.4130 -0.5250 1.3850 179 152 107
2.9911 -6.1608 2.7566 160 133 76
-7.1159 -5.7985 1.1512 154 139 119
7.8022 5.1778 0.8854 159 141 107
-7.4506 -0.4713 1.0209 171 161 111
5.2414 7.6771 1.9205 158 145 111
-6.1742 -3.4760 1.4734 169 133 106
5.7866 -6.0946 1.8139 158 139 103
-3.6655 -2.4390 2.5218 168 130 94
-3.3536 1.5676 2.6190 157 154 90
-4.7275 0.7296 2.0912 145 120 97
7.2372 -1.6854 1.0927 170 153 123
-7.7347 -4.5104 0.9021 172 141 121
4.4534 6.5389 2.2303 165 155 101
2.1905 -6.9667 3.1255 143 134 100
5.9229 -5.5969 1.6754 159 133 118
0.2855 -6.5304 3.8041 151 118 76
-0.3253 6.1071 3.8942 134 134 62
-7.7819 -3.1460 0.8982 162 170 103
2.3577 6.3214 2.9607 133 145 75
1.2877 0.1582 3.4426 147 118 92
1.7840 7.8814 3.2309 156 154 95
-3.1767 6.3748 2.7842 176 128 93
5.7328 -1.2403 1.6874 168 147 120
0.1064 3.2817 3.9973 128 105 66
1.0853 7.8893 3.5832 152 138 69
5.6916 0.9755 1.8066 154 142 107
-2.9212 3.5844 2.8651 166 139 93
0.9211 7.4411 3.6415 141 121 81
-3.7095 -5.9558 2.5236 160 142 81
-2.2980 -3.3648 3.0714 149 127 84
4.7646 7.4085 2.0517 149 146 97
2.9098 -5.5902 2.7705 160 137 93
-7.3161 -6.0251 1.0881 181 152 101
-0.1171 2.1422 3.9019 135 132 72
-7.0196 -1.1632 1.1557 155 141 89
-4.7340 1.4147 2.0700 146 161 109
1.6053 -7.7196 3.3691 139 128 94
-0.9165 5.3109 3.6175 161 138 66
-3.8968 -5.4190 2.3894 157 155 80
0.3292 -4.7284 3.8646 145 127 67
-1.8817 -5.9132 3.3055 157 139 86
-3.9842 1.3266 2.3630 161 137 97
1.5332 -5.4286 3.3802 145 139 87
6.1659 -7.7623 1.5288 177 140 99
-4.0450 7.7884 2.3198 149 128 89
-3.4026 -3.0785 2.6114 164 133 90
-4.8228 3.3120 2.0826 149 136 98
-4.7962 3.9251 2.1293 144 142 97
-1.5680 7.0827 3.3584 131 132 98
7.1474 0.7698 1.0810 178 139 102
-4.8447 5.8984 2.0891 160 149 116
-7.0765 -7.2766 1.2595 140 126 115
-0.6668 -3.9471 3.8030 130 115 68
6.3441 3.8234 1.4257 151 145 109
-6.5013 -5.4003 1.3733 175 124 128
1.3832 2.3555 3.4272 135 125 68
7.6986 -3.7697 0.8640 155 149 124
-4.8667 -0.2565 1.9841 165 145 102
3.2598 2.1131 2.7553 159 138 95
-3.5105 6.0098 2.5972 145 143 82
5.9711 -1.2533 1.5325 181 155 109
2.8181 0.7438 2.8680 135 150 79
3.1814 3.2739 2.7055 130 129 108
2.4149 -0.4097 2.9888 149 130 73
-7.8889 4.5407 0.7889 145 139 112
6.3293 3.6544 1.5191 178 147 109
7.4034 -6.9862 1.0501 160 158 117
4.3969 -2.8871 2.2890 159 139 82
2.7489 6.9529 2.8969 155 142 82
0.3609 0.3372 3.8701 153 120 75
3.8631 0.5225 2.4206 159 140 85
-6.4405 -1.5266 1.4829 157 155 117
-7.7404 -5.1693 0.9633 167 166 128
7.6844 -2.9452 0.9257 161 145 99
-0.5407 -4.6935 3.8255 140 116 68
-4.8569 -3.8206 2.1134 145 137 91
4.1792 -4.3292 2.3301 162 142 105
-7.8567 6.9678 0.8103 166 152 128
-7.0139 -3.3720 1.1859 198 156 125
0.7911 -1.5359 3.6671 144 151 75
6.9928 2.4160 1.2017 157 147 114
5.9132 -3.7055 1.6131 148 137 107
6.4930 4.9224 1.5038 154 155 106
-5.0002 -6.4158 2.0013 174 156 108
7.3625 1.6623 1.0721 168 153 110
-6.5101 6.8418 1.3953 163 152 111
-5.8905 1.8162 1.6861 158 134 117
2.8346 6.7515 2.8500 148 148 70
7.2283 0.0615 1.1507 179 144 113
0.3949 7.3419 3.7908 130 141 67
-0.8347 7.1017 3.6458 154 142 54
-3.8883 7.5706 2.4810 169 144 93
7.7018 5.3737 0.8720 178 145 100
1.0327 -2.3584 3.6185 147 135 76
-6.7197 -4.9107 1.3715 147 149 110
-1.0336 -6.8811 3.6110 151 149 80
0.4612 -1.1854 3.8319 141 97 68
-7.9585 3.1945 0.8875 177 150 120
-0.6820 7.7962 3.6847 135 116 75
3.2841 -6.7902 2.7407 137 113 96
0.2565 7.9110 3.8503 137 135 72
-3.4471 -6.7033 2.5759 162 156 110
3.1937 7.1936 2.8018 151 140 87
6.4671 -1.5547 1.4154 167 147 117
7.5783 6.3195 1.1601 177 165 102
-6.9928 -2.4534 1.2366 174 140 99
0.7847 -7.2169 3.6853 128 124 81
0.7096 0.0166 3.8233 144 136 65
5.4495 5.7002 1.8053 172 153 108
5.2935 -0.0742 1.9031 151 126 99
-0.0831 -6.1849 3.9662 130 129 60
-3.5094 6.7412 2.6360 140 142 91
4.6827 6.2579 2.1282 156 136 99
2.7618 2.1396 2.9490 145 122 100
-2.0082 5.2255 3.2151 144 131 89
-7.1229 3.2221 1.2039 164 169 104
7.1382 2.6814 1.1684 171 156 107
-2.3977 3.4713 3.0949 129 143 64
0.4980 -1.6123 3.8305 136 124 67
-1.1735 7.5740 3.4971 136 125 77
0.4814 5.6807 3.7734 144 125 81
-6.6964 -6.6426 1.3333 166 161 110
-2.5568 -6.0376 2.9500 143 137 94
-7.5856 4.2248 0.9841 201 142 102
-5.2965 0.2082 2.0157 167 135 97
2.2934 -2.7292 3.1230 150 144 71
7.0679 -2.3528 1.0490 178 162 122
2.7491 -5.7123 2.9401 159 149 56
-0.3118 -4.3800 3.7943 150 141 60
6.3177 6.9529 1.3918 164 162 112
-0.2193 -6.8104 3.9357 142 117 76
-5.9478 7.1797 1.5394 169 162 105
-4.6000 -5.9952 2.0791 137 155 100
1.4218 6.5850 3.4146 155 128 65
-0.9062 4.8988 3.6173 133 134 75
-4.9758 4.7230 1.8633 181 173 99
3.1361 -2.2528 2.7472 152 141 74
-2.2946 -4.9549 3.1551 151 130 84
-0.1044 6.2335 3.9387 147 126 62
5.2541 1.9566 2.0017 171 152 86
2.1733 -1.8940 3.1703 154 136 73
5.8305 -1.1261 1.6472 172 138 98
-2.5165 0.3247 3.0524 134 133 80
6.7211 -7.0146 1.2285 173 156 111
-4.9854 5.1607 2.0146 167 160 109
-3.1528 5.6285 2.7229 156 150 72
-5.5283 0.2570 1.7772 145 152 93
-4.6820 -3.4514 2.2385 153 144 104
-2.4480 -4.8761 2.9962 152 132 87
-4.2431 3.5882 2.3224 155 137 87
-1.3053 -2.4864 3.4452 161 146 49
4.9585 -3.9858 1.9219 180 137 103
-7.4252 5.9586 1.0725 172 147 113
-1.6127 3.8731 3.4192 120 142 74
-7.9184 -1.4264 0.8804 165 136 101
6.3450 -6.1643 1.3754 172 160 115
2.1799 4.6437 3.1590 140 117 92
1.1935 0.3547 3.5061 151 118 82
5.1156 -7.8819 1.9715 179 139 92
7.5635 -7.6769 0.9759 169 158 122
6.7922 1.0214 1.3525 159 141 113
-0.3403 -1.3405 3.8026 141 142 87
5.0814 -5.3997 1.9786 173 138 93
-0.4787 0.0545 3.7848 132 125 59
-0.5254 -4.2591 3.8609 142 125 82
3.4961 -0.4775 2.5766 151 160 96
4.0799 2.8616 2.4229 154 138 85
5.7596 0.8816 1.6294 158 137 104
-0.5028 -0.0143 3.7953 137 128 75
2.3757 -3.6652 3.0098 151 133 80
1.0546 4.0105 3.4980 144 139 84
3.7991 5.7844 2.5100 153 143 101
0.5535 -1.3769 3.7618 144 136 77
1.5879 -7.2922 3.4097 150 146 69
-5.8254 -1.5152 1.6097 174 144 116
-0.5463 -1.5363 3.7594 139 125 82
-1.6718 -4.8287 3.2183 141 139 71
-5.7858 0.7545 1.7533 146 167 96
-1.6576 0.5041 3.3281 137 155 72
1.8121 0.2111 3.2762 151 134 74
-5.8630 -2.3232 1.6520 152 150 113
5.9284 -2.3801 1.6331 160 139 108
0.7218 5.3831 3.7227 154 138 70
2.4913 0.6888 3.0158 136 130 80
-0.7077 -7.6062 3.7496 142 123 75
2.4637 -2.6239 3.0804 137 134 85
-5.9846 2.9608 1.6541 159 140 115
-4.3719 5.3613 2.1403 174 157 100
-6.0601 -3.5149 1.5036 166 157 93
2.9878 -5.1595 2.7961 162 141 80
-4.0253 7.4642 2.4080 154 133 112
-0.7137 6.3467 3.6940 147 114 79
-1.4338 0.5668 3.3623 153 136 66
7.9533 -3.1336 0.7799 185 150 111
5.9998 5.2292 1.5882 153 145 106
-3.3599 0.5287 2.6927 174 159 86
6.4395 1.6420 1.4473 165 138 112
2.2985 -4.4925 2.9828 145 149 92
2.0845 2.9647 3.1197 158 125 78
-2.5826 7.2752 3.0353 144 135 84
6.2626 2.6204 1.4968 153 126 111
4.0366 -6.8614 2.4870 159 154 109
-6.0864 2.5063 1.5906 181 146 98
2.1430 -5.2758 3.1496 150 139 70
-6.6827 4.5082 1.3363 153 153 92
5.2160 5.6750 1.9029 158 142 108
7.1137 -3.6607 1.1088 186 135 111
-6.3399 1.0620 1.4632 166 148 89
-5.6888 -4.1319 1.7613 168 144 111
-3.4696 0.2811 2.6071 153 138 84
-1.7942 1.3526 3.3635 170 117 78
-4.3630 -2.9786 2.2414 159 137 109
5.1624 3.0105 1.9240 149 137 106
-1.3828 -0.2794 3.5175 167 118 74
7.4571 5.0794 1.0606 171 138 107
-6.8875 -2.6279 1.1690 169 164 101
7.7922 2.4659 0.9067 173 147 124
2.0757 -7.6861 3.2270 136 135 68
-2.3838 -3.0798 3.0538 145 124 95
-5.2849 -0.6790 1.9785 166 161 73
-0.7138 -7.1565 3.7214 139 142 65
-0.6712 5.3718 3.7249 145 120 82
3.2726 -5.7837 2.6879 160 142 85
6.6908 5.6398 1.3121 178 128 95
-5.9805 -0.4840 1.5530 167 162 122
-0.7469 -0.4208 3.6702 143 115 79
2.6316 -6.4005 2.9300 152 131 74
1.1215 -1.2098 3.6403 147 135 70
1.6141 3.1428 3.3925 137 124 73
-6.2116 -4.3501 1.5470 177 137 101
7.7586 7.5696 0.9143 169 148 124
-0.2034 2.8922 3.8648 153 109 77
-6.2876 0.4413 1.5063 162 142 115
-6.1541 1.8114 1.5515 176 134 100
1.6449 5.1216 3.3275 140 134 84
-7.1086 -0.3461 1.1275 170 144 104
1.7565 6.1917 3.2343 147 121 70
-6.4951 -7.1963 1.4030 163 173 133
6.0338 3.6258 1.6396 154 146 120
3.6712 2.8229 2.5445 149 145 93
4.4666 -3.7059 2.2350 163 144 101
-2.3792 -6.9370 3.1036 153 136 78
3.2290 6.5290 2.6920 163 138 72
0.9013 2.9967 3.6609 131 126 80
-0.5910 -2.6763 3.7271 148 120 68
2.9632 -4.5533 2.9698 151 117 90
-7.0324 2.2138 1.2060 180 137 116
-0.9313 -5.4224 3.7164 135 116 63
-4.1332 5.3037 2.3529 140 135 101
-6.6004 -2.6211 1.3727 158 149 105
-3.9701 -0.8294 2.3926 161 150 97
-7.9929 3.4484 0.7381 181 154 124
7.8899 -7.5817 0.9111 167 155 120
0.8284 0.2335 3.6475 141 115 73
4.0853 1.0912 2.3899 145 151 97
-6.9803 -3.7727 1.2483 167 152 113
-5.6616 -0.0978 1.8062 155 150 118
3.7367 5.0651 2.4490 165 139 96
5.1918 -7.3193 1.8989 152 146 105
5.1268 6.3344 1.9275 155 157 112
-0.6484 -0.5761 3.7299 148 110 81
-6.1557 -1.7039 1.5838 147 156 120
3.1901 -3.3721 2.7451 156 131 102
-0.6762 -2.4798 3.7263 148 118 61
-1.7413 -1.9193 3.3124 149 121 102
-5.8627 2.8709 1.5662 161 172 102
-6.5502 3.9654 1.4129 162 151 117
3.5927 -5.0204 2.5315 158 135 94
4.6113 -1.7898 2.2092 157 162 97
4.8513 -2.0800 2.0801 158 145 83
7.1047 -3.9412 1.2062 157 169 130
-3.8133 7.7806 2.3966 144 150 94
-6.5403 -7.1361 1.3536 154 140 112
4.1493 -6.3319 2.3625 164 130 101
-2.4406 4.9055 3.0209 152 128 83
-7.8805 1.1978 0.8958 168 136 107
-3.3558 0.7476 2.6656 146 127 99
2.2427 7.5288 3.1009 132 142 83
-4.5451 3.0436 2.1999 177 135 83
-1.5653 -2.1133 3.3645 135 124 76
-7.8221 -1.3705 0.9312 175 166 102
-7.6220 0.2470 0.9993 162 162 130
3.9246 -1.8985 2.4571 148 133 97
1.5327 2.2169 3.3739 131 131 67
2.7546 -6.6321 2.8984 149 133 74
-3.7540 -5.4726 2.4530 145 123 97
-4.2310 -1.4412 2.2595 153 132 109
4.2203 -6.8878 2.2675 160 157 86
-2.7591 1.1215 2.8394 156 134 95
6.1079 6.9934 1.5981 148 148 98
-5.8349 0.4334 1.7711 161 133 98
-7.7705 -4.3963 0.9327 162 161 138
-0.2788 -0.1892 3.8807 134 120 58
6.2373 -5.2160 1.4374 168 129 80
3.0890 -1.2520 2.6863 152 124 89
-5.3637 4.8551 1.9250 153 140 95
-6.0109 -0.3382 1.5672 147 154 80
4.0903 -4.4235 2.3203 139 159 89
0.9992 -3.5547 3.5347 140 142 76
0.5764 -3.4076 3.6730 151 128 88
-7.4172 -2.4213 1.0890 156 134 115
1.3434 2.9767 3.4334 154 133 63
-3.6095 -2.8457 2.5347 163 144 109
5.6806 -7.2403 1.7679 174 164 116
-5.1085 2.2593 1.9013 138 140 86
-6.2201 -0.6341 1.4981 177 150 111
-5.3268 -2.9929 1.9226 161 141 97
5.7767 5.6941 1.7315 159 142 129
3.4860 -6.5063 2.6368 147 133 105
1.2029 -2.9344 3.5450 162 116 81
-1.7791 7.5232 3.4355 137 125 71
-6.1371 5.1650 1.5125 172 138 111
1.1168 -1.6805 3.5413 149 141 70
-2.0907 0.4990 3.1867 133 134 69
-6.3407 -3.2690 1.4705 164 159 104
-3.9610 -6.6219 2.3898 140 154 104
-6.4012 4.6596 1.4706 155 137 110
-6.6480 -1.7116 1.3215 160 134 124
-2.4873 -3.0280 2.9903 149 118 79
7.6400 -0.5260 0.9993 175 145 110
0.8924 -5.1206 3.5865 156 126 79
3.8777 3.8559 2.4839 154 131 96
5.2144 -6.1354 1.9366 151 147 102
-1.6370 1.8409 3.2395 148 133 85
5.2049 0.4787 1.8836 156 135 106
0.0915 3.4062 3.9476 136 118 62
6.5882 -1.7348 1.4511 173 154 111
4.2331 -6.2254 2.2939 170 128 86
5.2148 4.4101 1.9253 173 144 98
2.8841 5.6389 2.9164 160 124 88
5.3541 3.7164 1.8923 172 142 103
5.7593 0.9374 1.6779 170 142 103
1.3583 4.3194 3.4550 128 136 70
4.9539 -0.7858 1.9889 161 162 89
5.9296 7.7662 1.7178 177 153 114
4.3686 1.2064 2.3406 165 164 88
6.5695 -5.8192 1.3994 161 145 86
-4.6918 6.2873 2.0974 170 156 106
1.7534 7.5583 3.3065 149 137 74
-7.9581 4.6521 0.8332 169 145 112
0.5876 5.2702 3.7600 135 131 71
5.0804 4.3845 1.9970 156 143 107
4.7433 7.5495 2.1536 154 133 94
-1.2846 -3.1731 3.4097 133 120 71
-1.8828 -2.4348 3.2398 142 130 86
5.6539 -2.5551 1.6952 157 138 108
-1.2638 7.7506 3.4084 155 135 75
2.6502 -3.4739 2.9889 152 146 74
4.8180 4.4182 2.0990 138 121 102
-4.3213 3.2275 2.2441 147 135 88
1.9866 -2.8912 3.2312 135 144 89
-4.5249 -3.5658 2.1693 157 141 82
-0.7434 -1.9827 3.6434 156 134 76
0.3836 -1.2712 3.9294 136 123 63
7.2351 1.5408 1.0907 184 161 116
7.5068 -1.0224 1.0555 162 142 130
-3.9530 -5.9501 2.3734 151 142 100
3.2727 1.2730 2.6775 145 136 81
4.9756 4.3476 1.9601 166 148 96
-4.9948 0.4051 1.9434 157 157 93
4.1046 7.9335 2.4091 150 140 104
-0.6217 6.9563 3.7021 142 121 76
-0.1635 -1.0327 3.9407 149 130 50
2.4507 -0.1498 2.9669 145 145 85
3.7274 3.1614 2.5494 153 143 85
-4.0445 5.7920 2.3813 153 144 99
-3.9854 -4.4037 2.4408 140 133 90
7.4043 -5.2392 1.0804 166 129 109
6.9172 2.9975 1.2113 169 153 112
3.5036 -5.2696 2.6494 146 126 73
-0.8550 2.9761 3.7182 135 112 58
-1.6292 0.2089 3.3528 143 120 87
0.5466 -6.6254 3.7804 149 143 67
-7.9258 -6.8449 0.8500 157 159 126
2.9783 -1.5366 2.8104 145 140 102
2.5725 7.4463 2.8908 163 122 88
6.5151 2.7628 1.2884 153 156 108
-5.8181 0.5680 1.6597 158 154 98
-5.2584 6.2372 1.9376 155 158 91
-5.6801 5.2288 1.7236 164 137 107
5.2062 -0.2519 1.8450 153 149 116
0.3122 7.2087 3.8070 149 123 75
7.8332 0.6085 0.8095 171 145 122
-4.6306 3.6651 2.1631 142 138 98
1.8950 -0.5001 3.2685 134 131 91
3.7192 1.1648 2.4614 145 165 94
-1.8728 -3.7661 3.2490 154 162 83
-7.0166 -4.4731 1.2296 149 163 118
-1.5446 1.8406 3.3878 159 131 77
-4.4704 -7.8349 2.3297 153 142 111
-0.2762 4.2321 3.8123 136 122 54
-2.6199 4.5104 2.9691 155 131 78
3.9439 2.0476 2.4679 160 125 80
5.1429 6.5255 1.9664 170 149 99
5.6509 -1.9583 1.8290 167 132 97
3.8874 7.8230 2.4849 156 130 75
0.9814 5.9717 3.6938 142 145 60
5.3150 -4.6149 1.9143 150 155 97
3.4497 3.9093 2.5632 145 144 107
1.8725 2.7367 3.2441 121 124 70
7.5057 -4.2732 1.0669 158 156 111
-7.3501 -4.7555 1.0187 152 140 122
-3.6112 -4.4419 2.5323 157 136 104
4.7131 7.6784 2.1099 169 138 110
-6.1299 0.6653 1.5935 153 153 107
-5.1310 5.4970 1.9114 168 144 99
5.3770 -5.1986 1.8383 170 147 108
-2.5651 -4.7768 2.9651 145 133 88
-3.0827 -7.8282 2.7956 152 135 90
-0.8203 1.2555 3.7010 149 147 66
-1.6926 -4.3834 3.3847 149 118 77
7.4537 3.1923 1.0464 161 161 100
-5.2870 0.0852 1.8144 160 149 93
-5.6083 7.1956 1.7119 173 110 99
-7.7057 6.4670 0.8931 187 147 126
4.9926 -1.5079 1.9810 173 143 97
-5.6931 6.6584 1.6642 159 139 101
-7.5820 3.2778 1.0083 160 164 107
2.5756 -3.8483 2.9516 152 156 74
-6.0859 -6.9604 1.5507 164 164 111
-5.7891 -0.8238 1.6484 173 136 112
-0.8281 -2.8495 3.6686 138 127 91
-1.2438 7.7230 3.5266 146 120 89
1.9394 3.9932 3.2669 144 122 63
-3.6278 -0.6044 2.4981 139 164 94
7.4824 -3.9894 0.9493 168 148 120
-4.3200 -2.4556 2.3218 137 134 92
-1.6991 -0.1533 3.3280 149 134 85
-6.5370 4.9156 1.3333 160 143 108
-5.3200 7.5432 1.8968 160 141 110
-7.4929 -4.6857 1.0283 167 147 126
2.5057 -1.6394 3.0096 148 135 59
-0.7365 6.1652 3.6883 141 126 75
4.7968 -7.1224 2.0926 155 141 94
-1.7418 3.5203 3.2965 155 139 72
-7.8873 6.8843 0.8016 163 156 127
4.8524 -2.0172 2.0798 172 143 95
-7.5765 3.5784 0.9184 177 172 121
-2.9313 2.6859 2.7886 141 153 83
4.7789 1.2280 2.1325 153 146 83
1.5746 -5.4716 3.3438 144 119 85
5.7606 -0.0150 1.6936 165 142 95
3.8248 -3.2288 2.5096 176 141 92
-7.1865 7.1008 1.2191 181 145 107
2.1802 5.6053 3.1501 154 151 93
-2.9577 -2.5132 2.8490 163 138 85
6.5782 -7.8245 1.4649 150 163 117
-0.7095 -5.1600 3.7164 157 118 93
6.1478 -3.9203 1.6027 153 147 103
-3.9514 -7.2015 2.4569 144 137 83
0.4367 -1.4384 3.7839 135 131 74
-7.3022 -6.5650 1.0448 163 143 90
-4.7640 0.5763 2.1162 160 133 108
7.5780 3.3955 0.9248 186 159 108
-7.5883 -0.6110 0.9659 168 126 132
6.7689 5.9873 1.2658 164 170 104
5.5986 -0.5868 1.7000 149 150 113
-4.0194 7.9434 2.4432 155 132 99
-7.9887 1.7900 0.8448 189 152 118
3.7912 5.5371 2.4796 160 139 106
5.8520 7.7948 1.6453 167 156 102
-4.9526 7.2339 2.0854 148 137 113
7.6104 -1.6379 0.9394 172 155 118
7.0138 0.7347 1.1807 174 158 116
4.3314 0.8178 2.3627 155 133 110
-3.5806 3.6962 2.5357 154 153 72
5.8075 5.0725 1.6194 160 167 100
2.5989 -2.9714 3.0436 154 140 59
6.1474 1.4050 1.6145 166 141 107
0.1496 -5.7647 3.9359 134 123 64
5.6712 5.9878 1.8338 147 136 96
2.2912 6.0052 3.0968 157 129 95
-6.2743 -7.3813 1.5292 164 161 94
-4.2884 2.6178 2.2132 157 148 91
0.0537 6.0210 3.9770 144 140 70
-3.2091 -6.5115 2.6350 163 136 87
1.0341 -1.7438 3.6107 142 129 57
-5.7930 5.8635 1.6163 151 140 98
-2.3196 1.5564 3.0324 141 141 89
4.0120 -0.3370 2.3870 162 149 100
3.7978 -4.7708 2.5054 150 148 104
2.0056 1.9630 3.1209 146 144 72
-3.7572 -6.1208 2.4815 162 143 105
-7.0491 -6.4323 1.1730 171 147 102
-0.9962 -4.9294 3.5703 145 117 68
5.8589 -2.0636 1.6557 173 156 104
5.1717 -7.8508 1.9748 181 127 97
5.7740 -2.9296 1.7006 165 145 116
-3.2602 -1.1588 2.6709 161 156 84
6.9547 7.4685 1.2020 156 150 109
-1.5209 7.6751 3.4486 146 124 78
-7.8195 5.7779 0.8565 185 152 103
-2.6082 0.0557 2.9846 141 131 85
3.3820 -7.1251 2.7873 140 139 90
-5.7775 1.0393 1.6745 181 131 99
6.4265 2.1830 1.4045 184 133 113
4.2696 4.6628 2.3472 166 137 93
5.3141 -6.0522 1.8393 165 151 93
4.3250 4.6996 2.2427 155 137 93
-0.3372 -0.2631 3.9070 144 144 72
5.0695 6.3754 1.9552 138 148 99
-7.6103 -6.3168 0.8897 161 181 118
-1.2864 6.8270 3.5253 144 123 62
2.2731 -3.1257 3.2223 153 147 83
7.7063 7.6096 0.8630 163 156 106
-7.7823 -0.4212 0.8445 171 149 120
-2.6857 1.5985 2.9279 153 144 84
0.9692 5.2878 3.5367 136 130 86
0.7441 0.4103 3.7047 129 146 87
-0.7711 5.3868 3.7665 152 107 68
-2.0247 -1.3719 3.1685 134 135 90
7.6880 2.4549 0.9617 172 147 117
6.3689 -1.0496 1.4076 156 151 114
-3.9479 4.0221 2.3296 153 131 109
-6.6911 -1.4676 1.4132 185 137 105
4.8798 -6.8212 2.1401 152 145 95
4.9972 -4.9917 2.0519 150 137 94
-4.7367 3.4617 2.1023 183 134 91
2.5053 -6.0063 3.0502 147 136 81
-2.0122 -3.2955 3.2042 131 127 89
-6.7406 -0.7355 1.3609 166 148 134
6.3719 2.6301 1.4493 161 145 94
-7.7076 -7.7135 0.8936 159 150 108
2.4197 -1.3249 3.0856 126 147 78
3.9357 3.8076 2.5073 166 144 93
-4.9859 7.7955 2.0301 153 154 116
6.3717 -4.6196 1.3613 152 150 101
4.4607 -0.7534 2.2938 147 146 93
4.3894 -4.4893 2.2519 149 152 96
-4.2457 -6.1469 2.2783 154 142 86
-5.8378 4.7014 1.6726 145 138 97
7.9328 1.6908 0.7834 180 147 106
4.8988 7.1621 2.0551 175 129 99
-2.0433 7.2738 3.2681 145 128 74
-6.0132 -7.8499 1.6748 157 137 109
5.6660 0.5724 1.7614 162 142 116
-6.6836 0.8659 1.3319 172 149 104
-5.3338 -2.7851 1.9248 159 129 100
-6.0391 -6.5122 1.5145 155 145 107
-4.8106 2.4566 2.0717 149 141 109
-0.5862 -6.1296 3.8460 144 128 57
-5.3127 -6.8624 1.9547 171 151 113
6.4866 7.3601 1.4216 177 156 100
-1.3866 4.3940 3.5050 159 138 91
-1.5938 -2.8885 3.2885 153 129 73
-4.0786 -7.8857 2.3275 162 133 95
0.2658 7.0613 3.9769 151 114 53
0.2343 1.7008 3.8878 164 134 74
7.4555 -5.7272 0.9171 164 139 118
5.4218 4.2683 1.9101 158 146 102
4.3545 1.6473 2.2674 166 148 79
-2.7758 -7.0422 2.8145 155 123 88
4.5569 -7.3549 2.1879 162 153 98
1.2956 0.3803 3.4578 158 129 84
-0.4656 2.0452 3.8629 126 125 87
-3.4379 -0.8030 2.6317 170 128 102
4.9742 -0.8626 2.0633 162 143 89
3.4719 -4.0454 2.5939 139 136 88
1.9007 -3.2401 3.2018 142 134 89
-7.3358 3.5358 1.0514 160 141 122
2.3244 0.5401 3.0480 152 126 76
2.4177 3.9036 2.9971 135 146 79
-5.7925 7.8012 1.7029 168 147 109
-4.0298 -3.0127 2.4413 157 137 93
6.2701 7.7858 1.5775 162 131 112
7.9195 5.5653 0.8503 176 157 119
0.4490 -5.3874 3.8268 139 127 71
-6.2462 -2.6082 1.5538 168 155 105
-0.8213 6.7611 3.5922 143 128 96
5.8214 -7.2943 1.7886 154 131 109
1.7168 -3.7539 3.3401 133 139 81
0.1907 -2.4438 4.0051 122 132 78
7.1196 2.8682 1.2071 179 146 120
-4.2137 -4.7001 2.2720 166 157 112
-7.5092 5.6853 0.9365 168 130 120
-6.6427 1.0263 1.2950 176 145 112
-7.4607 -6.1002 1.0849 170 166 115
-7.8888 -2.9735 0.8910 173 139 114
-5.3793 -5.1158 1.9335 156 145 94
1.3755 1.9603 3.4793 146 127 69
1.8528 -4.1395 3.2273 115 154 67
-1.4992 -7.8027 3.4428 149 134 69
-5.5421 -1.9902 1.8234 168 134 126
-7.3438 0.9440 1.0912 173 143 111
7.7646 7.7229 0.8547 173 134 107
-4.6654 -4.7558 2.1252 162 140 91
-0.8680 2.2780 3.5814 134 147 70
-7.5766 6.7717 1.0122 171 162 111
0.0809 -2.7226 3.9731 153 130 59
-1.4493 -7.9181 3.5080 123 114 88
-6.0092 6.1056 1.5633 167 122 98
-6.1247 -5.9824 1.6337 149 159 104
7.3308 0.0152 1.0837 180 152 126
7.7850 1.3547 0.9504 165 147 116
6.2351 6.4506 1.5508 153 122 100
-5.9012 3.7201 1.6781 152 139 102
1.5247 -1.8247 3.4135 136 147 65
-3.5715 -3.2123 2.5476 142 130 93
2.4864 -2.7450 2.9783 146 114 78
-7.7610 -5.1559 0.8669 171 155 121
-1.3844 -1.4907 3.4614 150 148 68
-4.8542 -4.4069 2.0875 176 138 96
-0.1629 -0.5699 3.9397 141 135 67
0.5871 0.6640 3.7873 139 119 77
5.3538 1.0866 1.8604 166 140 98
-1.1807 -3.7202 3.5048 147 128 66
6.9238 3.0772 1.2662 163 143 124
-6.7694 7.6283 1.3223 165 139 117
-1.2710 5.7995 3.4043 158 128 86
6.6953 3.9987 1.2352 169 156 98
-5.7145 5.1377 1.6609 163 134 105
-3.2270 1.0496 2.6347 139 126 89
-1.2734 1.5975 3.4575 142 150 79
0.3181 4.4898 3.8492 145 121 85
-2.9745 0.3439 2.8063 150 138 100
4.6134 -3.3880 2.2538 171 147 88
-0.6893 -1.5603 3.7304 129 128 71
-4.0145 0.1141 2.3882 151 153 91
-1.7691 -4.9726 3.2894 156 144 86
4.3617 -7.5258 2.3112 168 141 74
-3.8640 1.4926 2.4498 147 156 90
-2.1759 1.0075 3.0549 145 120 90
-2.7432 5.6856 2.9155 152 127 85
-5.1308 7.6428 2.0050 165 139 89
6.1341 6.1943 1.5070 162 153 113
-4.0571 -6.5570 2.4467 142 134 105
-6.4376 -4.7007 1.4666 156 160 122
1.7245 -0.9903 3.1969 152 133 78
7.9388 -0.1267 0.8084 157 136 120
2.1922 5.7503 3.0836 141 140 73
4.4057 3.4648 2.3598 168 136 92
4.5117 7.6261 2.1280 139 147 118
-4.6377 -4.5741 2.1739 153 134 104
-5.0589 3.9856 1.9073 161 137 95
1.1289 0.1565 3.5932 144 126 74
-4.5038 -1.3384 2.1276 150 159 110
6.8043 -2.9713 1.2426 163 139 106
1.6635 0.5639 3.3063 145 140 81
0.8951 -2.0529 3.6928 162 131 87
-1.1193 4.1590 3.5773 139 143 78
-4.2686 -3.0731 2.2490 153 159 95
2.4335 6.4954 3.0536 154 118 95
7.6564 5.5965 1.0030 179 173 115
1.7578 0.9729 3.3041 159 149 63
7.6180 -3.9966 0.9220 162 153 124
-0.7624 0.7583 3.6780 163 126 68
-1.2464 -4.2774 3.4644 126 131 62
0.1605 -5.0964 3.9159 140 129 65
-2.8560 -7.9338 2.8290 156 131 100
2.1516 -6.2026 3.0814 147 145 84
2.0430 -3.6137 3.1918 149 119 92
-2.1082 2.0742 3.1762 138 134 89
2.9786 5.3595 2.7698 144 138 111
-0.7849 -0.1139 3.6299 147 134 87
-0.1954 -5.3597 4.0125 124 133 84
-3.6061 2.9330 2.5340 145 138 106
-3.7935 1.5422 2.5329 152 139 84
2.3785 4.6987 3.0134 144 136 78
-7.1134 -3.3543 1.1720 178 156 125
6.7748 1.9512 1.4093 184 147 137
-3.1171 -2.8305 2.7978 157 129 101
4.5924 4.4584 2.1998 156 142 107
-2.1657 -7.9200 3.0901 142 116 74
-6.6628 -4.5953 1.4357 160 125 106
2.5681 1.9612 2.9414 158 134 84
4.1314 2.8914 2.3780 154 142 96
5.8711 -4.6865 1.6174 153 162 105
-7.5106 3.7273 0.9415 177 146 96
1.0529 4.1368 3.5430 137 140 75
-6.1232 -5.2404 1.4646 154 139 121
-2.9806 -2.9822 2.8298 153 129 90
-6.5269 -2.5919 1.3719 185 132 113
-3.7920 -7.9921 2.4079 166 144 96
4.7233 2.3065 2.0589 161 138 87
-6.6795 1.3860 1.3590 157 132 123
7.5765 -5.4226 1.0294 170 131 107
1.5176 3.3620 3.3243 156 160 75
4.9142 3.7677 2.0297 152 151 95
-2.8366 6.6533 2.9272 158 148 101
4.6126 7.5920 2.2343 139 123 97
-2.7919 1.3464 2.8998 160 146 95
0.1973 -1.0643 3.9282 137 143 70
1.7970 -4.6062 3.2878 131 134 78
-4.9203 7.2899 2.0129 172 153 104
4.6961 6.1656 2.1093 154 159 106
-3.8444 -1.3049 2.5057 147 142 85
-0.3455 -3.0901 3.8614 138 118 81
-0.6413 -2.4391 3.7187 156 137 74
7.0827 3.5434 1.0664 164 165 110
-2.1733 -6.0012 3.1895 151 137 88
-0.1557 -1.9566 3.8964 149 98 80
-1.3100 1.4453 3.5227 153 125 80
4.7035 1.2323 2.1072 169 141 105
-6.4226 -5.9905 1.4098 160 143 107
0.2928 -1.3131 3.8045 147 145 77
3.2577 -1.8279 2.6087 172 138 99
3.4114 0.7239 2.5936 161 121 99
-4.5884 -5.6634 2.1987 155 136 88
-3.5344 -4.0137 2.5043 152 117 90
0.0870 -2.6394 3.8921 112 118 71
-7.3267 7.5995 1.0032 182 150 114
5.5342 6.1248 1.7945 173 135 101
2.0769 1.0088 3.1072 168 135 83
4.7926 -3.2658 2.1186 144 137 94
-2.7412 5.1818 2.9178 156 129 99
6.0955 5.1924 1.6022 154 133 103
2.7310 -0.0893 2.9241 161 144 95
-0.5546 -1.9664 3.8091 147 130 83
7.3339 -6.9972 1.0246 173 149 105
4.8681 -0.6303 2.0503 153 144 92
-5.1294 1.8768 1.9910 156 147 120
3.3249 7.2528 2.6309 143 136 91
-4.7337 6.4264 2.0981 169 145 106
2.0889 -1.4031 3.1899 123 141 67
-4.0621 4.1793 2.3352 154 131 105
5.0449 5.9529 2.0279 182 151 98
-7.5499 -0.9689 1.0294 166 151 123
2.5214 -2.8428 3.0503 157 141 66
-7.1543 3.3143 1.0920 163 154 125
-6.6462 -7.7584 1.4109 163 143 107
0.8157 -3.9932 3.6935 166 135 85
-3.8517 7.2867 2.4609 158 121 100
-6.5229 1.3672 1.4235 161 153 89
0.9636 0.2486 3.6216 139 150 87
0.8092 -2.2387 3.6862 148 141 71
5.6242 -4.1082 1.8356 158 136 95
6.5167 6.4949 1.4580 174 157 114
3.5751 7.7528 2.6622 152 149 82
-5.0221 -4.4369 2.0698 168 132 96
7.1241 2.5140 1.2241 165 145 117
4.6030 1.8879 2.1171 150 145 101
1.7532 -7.4195 3.2814 159 130 84
3.7368 -7.8792 2.5100 163 120 77
5.3950 0.0011 1.8703 154 157 103
7.4139 -5.8120 0.9965 161 170 97
-3.9486 -4.8641 2.4555 160 150 87
-2.1387 -5.0102 3.1579 150 120 99
6.1427 6.8866 1.5338 142 154 100
-5.0990 2.6968 1.9017 169 165 106
7.2490 -5.7144 1.0973 162 149 120
-6.8143 -0.8106 1.1825 185 152 109
5.8227 4.1277 1.6692 172 146 120
0.4347 -2.2291 3.9143 135 130 87
1.4314 7.9044 3.4281 153 149 61
-1.6887 -7.3993 3.4078 151 144 76
5.2914 7.6019 1.9108 150 146 110
4.0124 6.4746 2.4168 166 134 94
-3.9479 2.9719 2.4238 167 135 85
-1.7723 -0.3142 3.3174 152 133 69
4.5080 6.7923 2.1860 151 130 88
-0.1742 4.0407 4.0300 130 141 80
-7.1063 6.4611 1.1976 159 170 100
-5.1810 4.1613 1.8687 160 156 114
7.9523 -2.4590 0.7226 183 151 132
-1.6778 4.3836 3.3640 125 126 82
3.2440 0.8352 2.7496 155 154 105
-6.0872 2.6862 1.6212 170 150 103
-6.6946 5.7015 1.2791 165 139 94
6.4853 -0.6095 1.4029 186 142 107
7.5211 -1.4047 1.0074 161 140 129
7.0525 4.7454 1.2368 164 137 111
-6.5296 -3.3975 1.3368 160 142 114
0.8053 -1.8602 3.6421 142 135 78
-1.3379 4.1839 3.4907 164 126 64
2.2159 -0.8638 3.1315 141 133 80
3.3070 0.0576 2.7051 152 141 113
6.0987 -7.6399 1.6044 157 153 115
-2.5839 -6.1394 2.9754 161 144 67
7.8906 4.6346 0.8181 185 140 144
-1.1779 -2.0033 3.4652 158 133 81
-3.2330 6.2347 2.6705 146 146 100
3.8695 5.2321 2.4392 162 128 106
-3.6289 2.4299 2.5275 154 128 96
2.5809 -5.5338 2.9994 151 126 77
1.6576 5.1798 3.3555 146 122 70
0.2687 1.2009 3.7892 147 128 62
-3.9918 -2.7141 2.4595 162 154 91
-4.3446 -7.1547 2.3258 133 143 97
2.0415 -5.5848 3.1320 153 132 70
-3.8955 1.5592 2.3251 139 137 90
2.6039 -3.2176 2.9713 169 136 88
-1.9484 -1.1138 3.2345 136 125 78
1.7969 2.9269 3.3438 141 134 91
5.6267 -6.3428 1.7413 169 137 99
2.5159 -1.1882 2.9335 143 140 95
-4.5963 6.3457 2.1433 155 152 94
2.4376 2.0728 3.0540 135 115 89
-5.2599 1.5277 1.9047 158 135 95
-1.8062 -3.1540 3.1841 137 134 88
5.1845 -1.0607 1.8964 159 147 115
1.7734 -1.1527 3.3453 163 127 76
7.2754 -6.5177 1.0136 164 153 111
4.3281 6.8226 2.2777 161 140 86
7.7394 -3.2314 0.8796 171 152 115
6.7481 4.0650 1.3435 168 156 115
-2.8303 -7.4460 2.9541 156 135 70
4.8227 -1.3487 2.0456 149 160 90
5.4425 -0.9571 1.8776 149 148 100
7.4588 -6.3295 1.0015 172 160 119
-7.2884 -0.4386 1.0950 171 144 126
7.1147 1.9202 1.1891 163 158 125
-0.7863 2.3294 3.7134 124 131 77
3.8475 -3.5932 2.3727 160 136 84
-2.3304 -3.1630 3.0236 127 133 89
1.4878 -3.3910 3.3781 141 143 69
-6.8596 2.2547 1.2458 152 155 97
0.7850 -3.7005 3.7485 139 127 83
6.3453 -1.3585 1.5988 158 146 83
2.0038 -4.2739 3.2041 146 132 78
4.8882 -1.5416 2.0764 164 139 96
5.1781 2.7499 1.9388 169 125 103
-7.1522 6.3617 1.1092 166 146 111
1.1357 6.6353 3.5452 138 118 80
-3.9526 2.6875 2.4005 139 129 93
-7.6208 3.1951 1.0143 157 156 107
2.4842 -2.9633 3.0059 147 147 79
4.0490 2.1879 2.3102 158 134 101
0.1099 1.6824 3.9125 138 123 54
-6.2095 2.6221 1.4639 146 164 115
2.5629 1.6731 3.0177 151 121 83
3.4625 -6.8623 2.6075 163 142 95
2.9253 -4.2353 2.8792 136 138 80
5.0929 -3.8495 1.9714 173 152 107
-6.0329 4.7426 1.5428 171 153 104
7.3479 -0.1031 1.0428 156 137 109
1.7790 -0.9678 3.2779 156 123 84
-4.7185 -5.7860 2.0416 156 160 93
-2.2752 -1.4358 3.0847 151 130 64
4.2248 -0.2669 2.2914 158 156 91
-6.6077 2.1751 1.3584 172 158 92
-1.4216 4.4646 3.4613 148 137 95
-2.3894 3.4130 3.0725 157 133 81
2.0486 6.9087 3.1017 148 126 84
0.7007 -0.8058 3.7218 128 124 67
1.3455 -2.3034 3.5932 147 155 85
2.3180 -5.3609 3.0814 147 143 77
-7.3802 -6.3565 1.0604 173 157 113
-7.1646 4.4577 1.2295 163 169 109
5.5684 -7.6320 1.7729 171 155 91
-0.0016 6.7699 3.9524 150 130 77
-7.1669 -0.4901 1.0992 169 151 115
5.3154 0.5075 1.8808 161 137 93
-5.2005 -3.5762 1.9524 163 154 117
-3.1118 -7.2891 2.7662 135 139 64
5.9659 5.2245 1.6315 161 139 106
-0.8322 -2.5620 3.7816 139 124 83
-7.5952 -6.6967 0.9604 160 144 117
-3.4114 0.9551 2.6528 155 140 90
7.3595 5.9207 1.0643 160 150 120
4.7873 -0.4248 2.0445 144 139 110
-6.2031 5.5383 1.5115 166 161 103
-7.2676 -1.0337 1.1982 185 144 106
-5.3219 -5.4301 1.9070 136 142 99
-2.8380 4.8848 2.7981 160 147 95
-1.4900 0.2941 3.4493 126 113 79
-1.7839 -0.4473 3.2488 159 138 90
-3.4912 4.3024 2.6823 145 154 72
3.9232 3.6700 2.4377 157 138 100
-0.4999 -4.5761 3.8557 152 124 103
3.0396 -4.6694 2.8045 156 150 101
4.5963 0.6986 2.1164 149 133 99
5.3303 3.1704 1.8594 170 155 93
4.8437 -2.6826 2.1188 161 150 93
7.1043 -7.1076 1.1908 146 159 110
-7.0402 6.3109 1.1522 164 153 115
5.2010 -4.2896 1.8698 139 140 98
-4.2602 3.2560 2.3680 155 143 92
1.4368 -4.9838 3.4716 154 121 69
-3.6285 5.7740 2.4260 166 144 91
2.8706 4.1184 2.8340 140 150 101
-3.7527 -1.9254 2.4625 156 139 91
2.2739 2.5451 2.9762 134 128 70
-5.8950 4.0771 1.5560 165 145 108
5.1870 1.3217 1.9601 167 145 109
3.2857 -7.8060 2.6706 149 139 67
-4.9844 4.5668 2.0526 147 138 93
-4.5363 -5.2790 2.1842 148 160 110
3.1448 5.2970 2.7405 139 131 79
-0.7046 -4.5988 3.6705 130 114 78
5.3541 -1.0847 1.7716 160 121 98
1.1647 -4.5733 3.5254 143 134 65
4.0261 4.8500 2.4550 152 144 90
-0.6447 -4.3141 3.6760 149 138 58
-5.0468 1.5389 2.0023 172 134 101
4.3361 -6.7154 2.2165 146 160 83
-2.1264 6.9113 3.0886 139 133 85
-0.2689 7.7002 3.9297 121 140 79
-2.8965 5.0574 2.7844 158 143 88
-3.5163 2.2900 2.6458 178 132 86
2.9761 1.6511 2.7706 158 150 104
7.3427 2.9665 1.0836 167 170 112
0.9586 -0.5368 3.6059 134 108 74
-0.2255 -7.2330 3.8390 155 145 79
-7.6706 0.6325 0.8996 156 138 101
-7.3017 -0.9339 1.0309 162 140 116
6.5025 -2.4732 1.4109 162 150 106
5.2235 -6.1056 1.8853 174 137 101
-4.2058 -2.5360 2.3052 168 140 98
-3.7279 -4.5699 2.4548 146 144 105
4.6970 -2.7867 2.1797 156 128 103
2.4517 -1.7755 2.9951 154 148 76
-5.0356 -5.2875 1.9757 150 156 86
-7.1227 1.5821 1.1150 171 159 112
-7.3093 -6.3402 1.0583 161 137 113
7.2563 5.1837 1.1262 178 152 133
3.5044 -7.7290 2.7060 147 146 78
-1.9315 7.1545 3.2095 137 130 78
0.8580 -2.6693 3.6609 139 129 82
-4.3940 -4.9092 2.1507 153 139 98
7.0724 -3.5493 1.1513 185 145 115
-3.2033 5.1172 2.6830 162 120 100
3.6495 4.8033 2.3728 150 133 103
2.8878 4.2782 2.8402 156 132 81
4.0437 -0.0540 2.3915 157 152 104
2.5889 6.3793 2.8548 148 133 84
3.3695 -6.0120 2.6098 165 127 96
5.1852 -7.8681 1.8841 174 129 81
-4.4229 -7.8887 2.2998 168 144 86
-5.5680 -7.1700 1.8367 149 151 103
-1.0611 1.5195 3.5986 130 135 79
7.9915 6.4603 0.8049 170 145 130
2.2926 2.7480 3.0870 150 127 82
-4.7754 -5.7083 2.1080 163 136 106
4.3982 3.2055 2.2472 153 135 88
6.7984 -7.1549 1.2144 157 164 115
5.1843 6.5564 1.8610 145 148 109
-5.4301 -3.1808 1.8821 146 143 97
5.5664 3.7294 1.7453 160 140 89
0.8371 -1.1103 3.7172 134 131 80
2.1591 -3.1053 3.1102 139 145 83
0.6729 -2.6637 3.7211 140 142 81
-7.5795 5.2598 0.9241 163 165 138
2.8741 -6.0673 2.8303 145 155 76
-2.9395 6.8828 2.8435 152 121 91
5.9188 -3.7412 1.5910 151 140 111
5.4428 4.0759 1.8081 164 135 89
5.0848 -0.1021 1.9566 149 138 99
-4.6353 -6.1847 2.1531 173 132 110
-7.2472 4.3940 1.0638 169 170 103
0.5308 -2.0442 3.7640 132 126 77
-2.6165 -7.3439 2.9562 156 126 87
-4.2961 -1.0300 2.3158 154 136 109
1.1413 4.8789 3.4767 131 119 61
5.5795 6.1737 1.7077 150 161 98
-6.4194 -1.5887 1.3424 172 148 102
6.3874 -5.3696 1.3778 161 166 120
7.6334 -7.0533 0.9924 163 159 121
6.9778 -2.1391 1.2630 171 156 120
-3.3189 7.8494 2.7086 152 145 68
6.6336 1.6269 1.3416 160 138 109
5.0459 2.6563 1.9720 162 136 96
5.5040 -2.7347 1.8284 160 137 104
-1.4823 -0.1788 3.4622 123 124 71
5.6520 -1.9799 1.7483 171 140 101
1.0888 -2.3278 3.4060 151 115 74
4.7202 3.4274 2.2028 195 160 94
-2.4991 6.0684 2.9481 176 150 75
1.1779 -7.2227 3.5044 151 130 96
-7.9220 -7.9624 0.9067 172 154 108
-3.9345 4.1156 2.4081 152 155 85
2.7082 -7.4271 3.0067 151 135 76
6.1005 4.6496 1.5660 169 150 107
-2.5245 2.5618 2.9989 155 142 113
-4.1942 4.1202 2.3516 163 146 92
-0.7182 -1.2165 3.6687 146 127 70
-0.8445 1.4716 3.5735 140 121 78
2.2299 -7.6253 3.0922 153 160 75
4.6321 -4.5287 2.2074 157 133 97
-0.9239 6.5529 3.6822 136 114 81
3.4710 -3.7842 2.5805 166 134 100
2.4340 1.2513 3.0463 149 146 74
-2.6272 -7.3140 2.9648 139 141 63
-0.7435 5.8812 3.6368 144 133 88
4.3246 -7.4918 2.2762 154 140 96
6.4564 1.8921 1.3562 181 138 114
3.0823 -3.2462 2.7335 153 126 94
-4.5563 -0.7570 2.1182 150 142 93
4.3190 0.2285 2.2654 158 142 94
-7.7625 -3.0987 0.8363 177 156 126
-1.5905 -6.5998 3.2801 149 144 81
-7.2962 -4.1940 1.1736 188 145 102
7.3051 7.7086 1.0725 182 150 125
-5.7423 -6.8887 1.6833 156 138 99
-5.0338 -5.8860 1.9574 153 157 76
1.6892 6.8454 3.2400 158 151 73
-7.0595 -6.1122 1.2365 185 136 120
5.7045 1.7632 1.6577 149 160 103
-2.4014 -2.3296 3.0317 148 137 72
-0.6037 3.7673 3.7512 146 123 73
4.4961 -6.7629 2.2299 158 134 98
4.7976 4.1354 2.1354 159 147 92
-5.5517 -2.6444 1.7552 160 144 106
4.0045 -4.8865 2.3789 161 157 76
-3.4177 3.3045 2.6458 158 140 94
2.3874 -2.2007 3.0277 130 151 105
7.5453 -6.7125 0.9743 181 144 130
-4.3745 6.4402 2.2529 141 140 93
0.3538 3.8298 3.8403 136 128 90
4.5995 2.5449 2.1276 167 135 95
-0.1053 -4.9399 4.0503 135 131 62
-3.1184 1.4288 2.7630 143 130 94
5.3240 -2.2074 1.8826 158 132 95
-6.9008 0.4811 1.3003 180 139 120
-6.0338 -2.8333 1.5931 172 156 114
-7.9838 3.9586 0.7957 168 146 126
-0.8208 1.4077 3.5592 155 125 87
-2.4274 -3.1214 3.0329 146 131 101
-3.2955 -5.1574 2.6672 140 139 98
6.2674 5.3634 1.5197 158 146 105
-3.0658 4.8420 2.7167 148 125 89
-5.5167 -4.8826 1.9160 165 159 89
5.8265 0.3364 1.5665 182 145 98
5.9892 5.8650 1.6282 157 132 111
5.9010 -6.5839 1.7107 186 144 104
7.0630 0.2377 1.1190 166 145 91
-7.5215 3.0571 0.9883 157 150 126
-7.2086 -3.4535 1.1144 178 157 111
-6.4449 -7.5851 1.3899 182 141 113
-5.4051 -7.9673 1.7609 176 150 101
-0.1945 -1.9168 3.9139 134 139 62
-1.5611 7.1047 3.2922 124 149 88
3.1795 5.9303 2.7649 149 142 76
-5.9951 1.8003 1.5801 151 138 107
-3.3533 5.9217 2.6031 160 142 99
7.8226 -1.8908 0.7902 163 156 116
6.6804 4.1693 1.3669 182 134 102
-2.2493 -2.2656 3.0867 131 142 79
7.1454 2.4479 1.1255 189 143 109
5.8073 1.4228 1.6851 172 125 117
2.3644 -6.7844 3.1027 139 139 92
-4.8189 -0.5312 2.0541 149 140 92
4.1355 -3.6626 2.3331 140 137 109
3.1348 -5.6975 2.7923 131 155 100
7.7957 6.4988 0.8626 168 160 110
-4.2415 6.2685 2.3346 155 137 109
-2.5719 -6.9194 3.0438 164 137 75
3.5397 -7.4720 2.5839 147 136 72
3.0934 5.9696 2.6847 150 142 105
-5.4610 -0.5098 1.8626 172 153 88
-4.6815 7.3838 2.1376 152 156 110
1.3781 -3.5872 3.4087 148 122 73
-4.0575 -0.4494 2.3272 152 149 106
3.5938 3.3560 2.6222 156 146 79
2.5563 0.2468 3.0268 140 114 80
1.2241 6.5798 3.5295 126 132 61
4.0732 4.3801 2.4219 157 153 98
-0.1160 3.7187 3.9677 135 128 74
1.4954 2.2363 3.3929 131 130 77
5.4629 -6.0796 1.7591 163 159 92
-0.7092 -0.8984 3.6770 126 125 70
-5.8553 -0.0553 1.6999 154 141 103
4.6207 -2.2213 2.2186 133 151 103
7.4527 -6.7739 1.1376 173 130 102
1.8493 3.0128 3.3472 125 117 83
-2.5247 -5.8717 3.0478 139 120 78
1.0240 5.3590 3.6667 140 116 76
2.9506 -1.4234 2.8811 143 153 70
-0.9741 -7.8229 3.6133 151 108 64
1.1928 4.3846 3.5821 143 115 75
-6.8884 7.5269 1.2820 159 148 107
5.6167 6.8431 1.7575 150 147 77
0.1193 4.5303 3.9298 138 133 91
-5.4658 -2.2047 1.7951 169 146 96
6.9240 7.9414 1.1857 156 138 117
-2.6157 5.2126 2.9705 146 135 80
3.7519 -0.4021 2.4390 150 138 83
-5.4457 3.8615 1.8001 161 136 109
-4.4191 -2.6652 2.2224 153 156 109
5.0636 -2.7475 1.9763 161 146 100
0.4927 -5.7250 3.7892 155 130 79
-7.6801 -5.9228 0.8717 180 154 118
-3.8438 -3.6255 2.3993 150 133 99
4.7943 1.4239 2.0566 152 147 101
-0.1870 7.1583 3.9623 149 127 72
-0.5329 4.5095 3.7722 140 144 91
-2.7374 -6.6314 2.8574 151 154 73
3.8618 4.7067 2.4727 165 119 103
-7.3325 -3.1058 1.0597 173 154 108
-2.0307 6.7387 3.1651 135 142 96
-1.1799 3.4833 3.5799 143 145 63
-6.3943 0.6156 1.4079 181 141 98
-3.5334 -4.4683 2.5464 145 139 89
2.7650 -4.6545 2.8911 145 125 85
6.5863 -6.8666 1.3692 154 146 111
2.2042 7.5272 3.0781 143 138 82
0.6001 0.3887 3.7630 148 120 70
-5.6434 -0.7805 1.7004 165 153 102
-2.3978 -5.6193 3.0892 149 128 79
-5.0580 7.3855 2.0277 163 129 108
-6.4620 1.3326 1.3785 148 138 112
-7.8774 -2.8693 0.8171 162 142 135
-4.3332 -6.7513 2.2472 166 131 96
1.2655 6.4735 3.5956 144 137 100
6.6445 -2.0139 1.3025 159 163 110
2.4477 0.0218 2.9866 158 139 76
-7.7112 -6.5000 0.8426 186 152 126
1.0975 0.8679 3.4572 133 148 79
4.4915 4.3605 2.2177 160 133 97
-1.2269 -6.0255 3.4777 141 149 66
1.4239 -1.4012 3.4224 146 123 66
-7.3388 2.6004 1.1363 178 155 94
-7.5027 -1.5391 0.9839 183 150 122
-7.8449 7.4134 0.8723 174 157 122
-4.6565 1.6953 2.1559 167 161 93
7.3454 0.7187 1.1188 167 169 117
6.9773 6.4938 1.2242 172 146 122
2.8485 -4.9846 2.9198 149 140 77
7.3565 3.7398 1.0617 174 156 105
7.8181 2.0860 0.8606 172 137 123
-1.1985 4.9679 3.5380 146 153 81
0.2072 -3.8321 3.8906 139 144 71
5.6774 5.0994 1.7662 174 133 96
5.7681 -5.7043 1.7493 165 154 93
-0.6678 -7.7512 3.6900 138 120 56
-4.5517 4.4630 2.2221 151 145 92
2.7747 -4.6711 2.9182 156 132 97
0.0597 -1.0690 3.9997 115 139 73
-1.0955 4.9519 3.5762 157 128 96
-4.4040 1.8553 2.2620 153 141 93
-6.2933 1.9009 1.5955 176 155 115
-1.2291 -5.3311 3.4822 163 127 75
-6.4341 -7.6090 1.3717 142 149 107
7.4632 7.1679 1.0125 161 154 126
5.3883 6.9030 1.8201 164 133 107
5.1042 7.6078 1.9962 155 141 111
-0.0195 2.6599 3.9714 155 111 61
7.7327 4.6616 0.9498 152 143 126
-4.6696 6.7104 2.1251 156 134 95
6.9697 -3.8559 1.2259 169 150 116
3.9324 -0.3616 2.4124 163 137 90
2.6737 -6.7112 2.9071 154 145 85
-6.0220 -0.5502 1.5270 187 144 122
7.7383 -1.9645 0.9585 190 169 112
2.3266 5.1802 3.0972 139 112 98
-3.4742 7.2237 2.6364 155 147 95
-3.9094 -5.5680 2.3970 182 133 102
-2.1519 1.5733 3.0967 164 122 77
-6.5212 5.3815 1.4041 188 139 120
5.8768 3.7930 1.6404 176 135 109
7.4166 5.0717 1.0316 177 141 97
7.9891 0.3849 0.7607 171 143 113
3.9211 -4.7993 2.4387 171 134 91
-6.5196 3.5235 1.3487 144 144 104
1.3251 1.0715 3.4149 144 122 83
3.3111 -2.7454 2.6983 169 135 87
-2.3445 -6.4058 3.0760 137 137 69
-4.3929 7.8147 2.2275 149 145 112
4.2858 -6.5910 2.2240 168 122 103
1.4423 -4.0920 3.3923 143 122 71
5.4252 -4.3276 1.9236 165 150 116
-2.1540 -2.6812 3.0994 160 137 67
-1.7296 -6.0175 3.2611 133 133 76
0.1744 -2.4727 3.9270 143 125 60
-2.4445 1.1030 3.0381 144 137 89
5.1059 -0.3817 1.9073 152 154 109
5.5095 2.0369 1.7873 171 138 95
-3.1726 -3.9101 2.7570 136 136 94
-4.4197 -5.8351 2.2152 156 142 98
4.4907 6.8948 2.1477 153 135 109
-7.5768 4.9333 0.8971 180 149 110
-3.0003 -1.2778 2.8207 165 152 97
-1.4250 7.5774 3.3515 143 131 89
-6.3533 -7.0424 1.4944 163 148 109
-7.7003 4.3396 0.9586 174 151 109
3.5529 3.0291 2.6696 140 151 80
4.2922 5.0755 2.3084 166 140 104
-3.8755 4.4281 2.3669 148 134 81
-0.2085 -7.4872 3.9115 132 133 72
6.0079 -7.6253 1.5540 158 132 121
-3.0884 0.1109 2.7160 155 144 70
-4.9224 7.0502 2.0534 185 133 101
1.5829 -1.7179 3.3413 133 138 79
-7.0905 5.0956 1.1067 161 153 130
-7.9567 3.4278 0.8102 177 158 111
-1.8997 -5.9863 3.2056 119 142 88
-3.2306 7.4475 2.6633 118 133 86
1.2088 -3.4201 3.5988 160 126 83
-5.5846 -2.3055 1.7350 136 140 96
5.1101 7.4065 1.9884 141 140 111
2.7695 -7.8113 2.8884 153 123 79
-5.7077 2.4402 1.7276 157 125 99
-3.0570 -6.2625 2.7388 168 130 80
-2.7110 -3.6454 2.9382 140 141 89
2.1981 0.2169 3.0715 140 141 71
-3.1359 6.6154 2.6329 153 126 99
-5.2428 -6.1409 2.0054 151 153 86
-2.8519 5.4136 2.9171 136 123 93
-2.8932 -1.2608 2.7755 153 156 87
0.6685 -1.3010 3.7789 128 133 95
7.4267 5.1478 0.9776 163 148 117
2.1947 5.1501 3.0350 144 143 92
-3.0437 -5.7241 2.7670 138 138 59
-2.8928 1.0001 2.7837 152 154 84
-6.1887 6.6205 1.5283 150 144 85
-7.3759 0.9590 1.0956 196 151 113
-5.4790 7.6439 1.8278 170 170 113
-2.1171 1.4953 3.0876 152 142 78
6.2102 -1.6150 1.5163 162 154 109
5.1245 -5.3064 1.9615 177 159 108
-0.9803 1.0427 3.6121 151 140 65
6.5485 2.3092 1.3717 169 159 97
5.6355 -6.5211 1.7175 146 144 108
-2.3590 -3.7267 3.0214 144 122 85
-3.2967 -6.8212 2.5566 156 142 90
3.8088 1.8799 2.5041 139 135 77
-6.8204 -5.3706 1.3238 166 163 103
-0.7552 1.7005 3.6688 149 129 82
-0.9421 -1.0574 3.5971 145 124 62
-4.3581 -3.2642 2.3247 148 140 102
-5.5918 -4.8679 1.7574 144 147 118
-3.7476 4.8745 2.5079 166 119 101
2.8773 2.2637 2.8555 144 162 83
-4.4793 -0.7342 2.2749 158 122 83
-7.2180 -2.9074 1.0819 165 146 112
1.1807 5.4582 3.5649 139 122 79
6.5899 0.0210 1.4197 168 155 124
3.9274 5.3775 2.4562 178 123 91
-7.9434 -1.4833 0.7762 179 163 119
2.6197 3.3057 2.9219 175 136 96
4.4274 1.8012 2.2195 162 152 108
-2.8188 1.9476 2.9268 134 119 90
-7.1443 4.9063 1.1988 159 146 107
5.0483 7.2220 2.0177 153 148 111
-2.8738 1.3802 2.8368 159 154 90
5.4117 2.2833 1.8622 158 139 109
1.4345 -6.5498 3.3913 160 134 96
6.8338 1.5964 1.2847 171 143 98
-7.1585 -7.6497 1.0694 180 140 114
-0.9253 -6.4056 3.6265 140 128 88
5.6402 -1.7474 1.7869 154 142 90
2.0561 -4.2179 3.2114 143 133 68
0.0119 1.9493 4.0226 135 122 69
7.3910 -2.1916 1.0661 166 145 93
-4.0721 -0.5660 2.3658 168 133 88
-2.6252 5.6698 2.9858 154 124 77
0.9008 6.4990 3.6413 149 136 73
-7.7854 -4.6775 0.7957 164 142 129
-2.9465 5.4017 2.7672 150 149 87
-7.4231 -6.9571 1.0803 174 142 102
-7.8520 3.5554 0.8549 170 143 103
1.3525 -5.5292 3.4326 129 135 85
1.2013 2.6040 3.4542 145 150 66
5.4534 -6.9047 1.7819 157 147 101
4.1857 -4.5775 2.3522 146 152 87
3.7678 3.0718 2.3824 157 125 84
-1.8156 0.4380 3.3325 155 125 93
0.7323 7.0942 3.7428 138 109 63
7.7422 -7.1147 0.9308 173 147 122
2.2424 5.2163 3.0326 147 147 74
1.5660 -3.0270 3.3809 128 146 71
-4.2683 1.9483 2.3614 165 139 83
5.4019 -1.9836 1.7788 154 144 94
-5.7391 6.1718 1.5981 168 158 109
0.5726 7.0885 3.7968 142 138 71
-3.4981 -2.0694 2.6600 139 130 78
-2.5433 3.0520 2.8986 152 138 107
0.2663 -2.8356 3.8539 132 145 56
5.3000 -6.0869 1.8872 173 142 109
-5.0146 -0.0295 2.0288 157 139 94
2.5473 0.5241 2.9806 137 138 84
-0.2519 1.6365 3.8953 136 127 72
6.9393 0.9339 1.1463 162 144 109
-3.0718 -7.9605 2.6969 137 134 79
-3.6233 -1.8503 2.5549 138 140 90
-4.1201 -7.6226 2.3395 158 155 92
-3.0446 -3.6339 2.9086 145 127 103
-5.5816 1.9596 1.7101 158 151 95
-5.2327 -3.5564 1.8769 157 142 103
-7.2006 7.6278 1.0731 176 143 123
-3.0965 6.9106 2.8267 156 125 83
6.6511 -0.9433 1.3577 180 144 113
3.1382 3.1005 2.7105 148 140 94
-3.1139 -4.1533 2.7922 140 142 91
4.5281 -0.6839 2.1611 145 131 97
-0.5922 0.7047 3.7319 146 132 63
0.8460 2.8719 3.6383 145 107 63
-7.5961 -6.8071 1.0208 166 130 114
-1.7552 3.1843 3.3457 145 141 69
3.2309 -2.8994 2.7242 136 122 86
-6.9319 -6.5111 1.1792 174 162 107
-0.9086 0.8937 3.7288 147 140 66
-6.2260 -6.1045 1.4406 175 147 105
-0.5160 1.3357 3.7984 141 152 73
0.7648 1.7855 3.6134 135 137 69
-0.8584 -3.0300 3.6113 148 121 71
-0.6122 0.8579 3.7331 150 123 78
2.5936 3.4864 2.9573 129 148 66
2.8912 -3.8894 2.8122 155 126 87
6.6532 -3.4837 1.3145 151 155 88
4.2885 3.2887 2.2776 155 141 96
2.4746 1.2573 2.9320 159 158 66
-2.2616 -3.3161 3.0538 154 136 92
-3.9877 -4.5582 2.4141 172 143 96
6.9814 1.2795 1.2539 171 143 98
-6.3192 6.5314 1.4274 159 148 115
1.2456 -3.6467 3.5516 142 135 71
-5.9659 -2.8518 1.5470 161 170 113
-2.8468 0.5256 2.7825 158 148 101
-5.3604 2.3607 1.8111 155 143 90
3.6240 5.0769 2.6933 149 138 102
1.7601 -6.6513 3.3707 152 139 86
-5.4758 -1.2693 1.8327 170 148 100
5.6987 1.8225 1.6791 150 166 104
-1.5952 -2.0602 3.2454 139 122 85
6.5416 5.4483 1.3202 173 140 119
1.3192 -7.6975 3.4366 137 133 64
-3.3022 -6.1487 2.7694 155 147 95
7.4314 0.5160 1.0789 173 159 122
-1.6652 -1.2539 3.3098 151 132 93
-1.2261 -7.1899 3.4759 147 136 71
-7.8656 3.6628 0.8088 172 141 114
-2.6490 -4.1431 2.9963 162 144 90
-1.3596 -6.7742 3.4772 168 144 73
6.2917 -0.9847 1.5131 171 154 98
-7.2894 -5.9167 0.9740 169 158 123
-1.8185 -6.8328 3.3188 140 111 87
1.0652 4.4068 3.6378 161 138 62
3.0311 -6.5847 2.8289 152 147 83
-7.4403 -2.7782 1.1264 168 141 87
3.6325 3.0380 2.5606 155 129 94
-1.4972 4.1903 3.4041 164 130 89
1.8191 5.1178 3.2871 134 138 79
-7.3746 -7.9867 1.1288 153 161 116
1.2995 6.0348 3.4366 144 134 59
3.5734 1.6644 2.5780 172 154 98
-1.3436 3.5749 3.4340 138 152 79
-4.2212 6.9035 2.2965 164 126 95
0.7324 -5.8716 3.7701 132 113 75
-7.1733 5.1685 1.1431 171 173 128
3.4454 -3.1512 2.6060 152 138 95
-5.1580 -1.1700 1.9340 160 145 95
1.2184 -6.3617 3.5785 122 125 65
-6.5576 0.5875 1.3531 168 132 118
-1.9467 5.2010 3.2142 138 116 76
7.6382 -0.8848 1.0569 165 165 119
3.7975 -2.1314 2.4749 148 138 97
0.2860 5.2776 3.8854 155 123 77
-2.9521 2.7257 2.7305 166 139 93
6.7461 -6.8867 1.3513 169 158 98
4.1228 -7.1193 2.3362 140 135 93
7.9819 2.1923 0.8048 161 160 121
-0.3528 -2.1077 3.9204 156 119 80
-0.3719 5.6700 3.8311 154 117 66
-1.7745 1.7826 3.2946 131 140 73
4.0703 1.0676 2.4729 150 123 84
-7.3560 1.2494 1.0463 177 151 124
7.4592 1.3905 1.0047 166 150 120
-4.7619 7.8111 2.0549 179 152 104
6.3739 5.2548 1.4081 175 149 110
2.0771 -7.7999 3.1415 170 135 104
7.1108 0.6591 1.1072 153 161 120
1.5156 -0.1403 3.4083 157 124 92
-2.0598 6.5922 3.2277 151 128 68
1.0269 5.1674 3.6736 156 121 69
-5.1280 0.8343 1.9474 170 152 97
-6.5911 -3.0492 1.3924 151 157 126
-2.0128 -5.6688 3.1850 156 124 104
-7.1804 -6.8878 1.1007 162 151 110
2.3654 -5.2209 3.0825 159 134 83
-0.6201 5.9369 3.7339 136 149 70
-7.9351 7.9312 0.8004 174 138 121
6.4720 6.3144 1.4551 166 147 124
-6.6232 7.0466 1.4358 178 148 131
-3.6680 -2.2513 2.5847 149 146 88
5.6535 -2.3404 1.8025 175 142 121
7.5963 -3.6708 1.0039 166 153 104
0.1668 -4.6254 4.0183 144 128 75
-3.9697 6.2830 2.3725 153 144 105
2.3065 4.9045 3.0854 135 130 77
-6.0654 -5.8494 1.5545 188 159 100
-5.0666 -6.9068 1.9869 162 136 105
-6.2616 -7.7310 1.5000 161 144 109
1.8668 -6.3843 3.2524 152 143 79
-2.3171 0.7457 3.0021 153 135 94
-7.4736 5.1468 1.0829 177 171 110
5.2269 0.7296 1.8675 153 150 95
3.6975 2.4355 2.5638 151 129 87
3.6944 -3.1223 2.4949 145 138 92
-6.0723 -2.5196 1.6745 161 136 102
-4.2116 5.8803 2.3714 177 143 82
7.5019 3.2770 0.9715 162 131 125
3.1273 -2.9896 2.7705 142 130 79
2.2531 1.3398 3.1476 151 123 71
0.9067 -0.2178 3.6104 143 122 69
5.7756 0.1677 1.6352 157 146 113
-4.1466 -6.5195 2.3984 139 127 85
-1.3732 7.4607 3.5085 152 143 84
-7.5315 -6.4019 1.0017 176 151 112
4.1014 -4.4484 2.2600 157 123 116
2.3271 -2.6089 3.0207 157 115 66
-6.6158 -5.4167 1.2992 176 134 103
6.6588 -0.8752 1.3256 147 136 101
5.3353 5.8387 1.9185 162 137 91
-4.8291 -4.8115 2.0785 153 133 94
-1.2459 6.5119 3.5605 158 118 85
-5.4143 -7.4173 1.8038 180 153 116
-2.7110 6.8052 2.8924 163 133 88
1.1715 0.2035 3.4653 147 138 68
2.1436 4.2461 3.1604 137 131 94
-5.6415 -3.0016 1.8356 151 152 111
5.0010 -3.0210 1.9691 153 153 103
3.1651 -5.5916 2.7126 152 128 80
4.0933 -5.2067 2.4096 147 157 100
3.2976 5.2338 2.7201 154 135 101
7.2324 -1.8601 1.1378 163 138 123
-4.0313 -4.6342 2.3558 158 112 101
-3.1934 0.3785 2.7868 147 126 86
7.3880 5.0545 1.0647 175 150 103
6.5345 -2.9764 1.3980 146 159 108
0.3674 0.7771 3.8941 126 139 69
7.4263 -1.6273 1.0518 172 152 112
-2.2086 -5.7159 3.1286 142 138 75
-3.2917 1.5026 2.6708 145 147 92
6.9072 -6.3998 1.2461 167 148 103
-1.1356 5.0420 3.5456 130 140 74
4.4768 -2.8034 2.2186 169 135 95
-7.7490 7.9403 0.8642 200 165 112
4.2663 6.0475 2.2824 155 132 74
5.2955 5.6874 1.9429 152 163 100
-4.0768 -0.8523 2.2735 154 161 105
3.7340 -5.8500 2.4299 155 161 84
6.6094 -2.9912 1.2601 170 160 102
4.2452 -4.3865 2.2441 167 150 99
-4.1894 -0.9026 2.3503 168 129 93
4.6089 -7.1001 2.1643 141 137 78
7.2995 -6.6477 1.1127 164 153 121
-3.6268 -5.4875 2.4525 146 140 104
4.9483 4.0852 2.0495 170 131 101
-5.1760 -3.5478 2.0156 150 134 94
5.6096 2.9868 1.7994 152 136 99
1.1357 -5.6377 3.5141 142 125 87
4.1461 -7.6105 2.3454 162 124 130
4.7927 6.1542 2.0707 159 158 106
-3.4466 -5.1845 2.6076 154 143 91
7.4066 -2.5969 0.9760 173 165 118
7.2166 2.8808 1.1542 184 136 108
3.6639 -7.4481 2.5802 153 111 104
0.6139 2.1142 3.7187 131 144 63
7.1423 7.5341 1.1621 164 140 123
-3.1175 -5.9617 2.8058 160 148 77
7.4668 -2.6174 1.0133 172 156 107
-2.4224 -7.9582 3.0656 161 139 77
-2.9167 3.4032 2.8114 155 125 70
-1.9803 0.5605 3.2413 140 135 70
-7.7665 7.5988 0.8909 166 131 121
-6.8777 3.8117 1.2396 148 178 116
-5.0220 2.4304 2.0497 144 148 107
-6.8144 -5.8715 1.2743 152 127 116
-0.6931 0.4311 3.7831 143 100 80
5.2491 0.5864 1.9302 199 141 97
-6.2754 -0.6483 1.4680 165 147 113
-4.3093 2.7053 2.3281 152 136 102
-1.3735 3.8333 3.4116 170 148 75
1.4658 -2.0771 3.3997 131 116 95
4.5440 -0.6460 2.2062 146 161 104
-4.9574 7.1276 1.9819 159 153 96
-4.8949 1.2619 2.0321 170 143 96
0.4534 -0.7277 3.8634 126 128 75
0.0255 -2.7995 3.9876 139 116 62
-1.9757 -5.8289 3.2195 161 131 83
-2.7168 -0.0605 2.9152 135 155 86
6.7658 -7.2735 1.2717 176 138 121
7.0089 5.4882 1.2011 174 138 113
1.0503 2.5414 3.5734 163 119 66
1.7693 -1.1199 3.2035 136 128 90
1.4661 -4.0719 3.4405 147 128 89
-0.9095 -4.4809 3.5796 135 135 74
-3.2431 6.1261 2.6589 155 146 81
5.6463 -4.2639 1.8493 145 143 100
-1.1179 1.5386 3.6132 158 122 77
5.5016 -1.6073 1.8668 145 150 90
7.7479 -0.5916 0.9676 140 168 114
2.9065 5.7345 2.8485 145 135 92
3.1361 4.8353 2.8361 143 134 66
-0.9868 2.3622 3.6069 139 134 78
6.7977 -2.4939 1.2503 160 156 114
7.0519 6.5997 1.1726 166 140 132
-1.1472 -4.0520 3.5077 166 132 71
-5.9095 7.9392 1.5893 159 139 89
-4.4236 -7.8756 2.2260 158 166 92
-1.4721 -6.4504 3.4078 133 140 83
-7.1752 -7.4804 1.0735 161 139 114
-1.5104 -3.9339 3.3833 142 132 73
3.3934 5.0816 2.6717 131 143 84
-1.3141 3.5493 3.4981 133 112 71
-2.6125 -2.7818 2.9137 149 144 79
3.3291 2.3121 2.7158 157 142 80
-5.6065 3.9663 1.6992 175 133 107
-7.3946 -4.7685 1.0390 168 159 103
-2.9466 -2.4358 2.7709 157 139 87
-7.7481 6.2253 0.9223 169 159 119
-1.7621 7.6610 3.3221 171 135 100
3.6092 -1.7271 2.6420 153 135 110
0.7579 -7.7921 3.7063 139 125 72
1.7023 7.4568 3.2919 142 129 66
6.5069 -1.4513 1.4388 172 148 118
3.2442 1.6312 2.6913 150 156 107
-4.2035 7.4611 2.3103 166 145 103
3.1035 2.7692 2.7587 148 131 99
-2.9367 -3.0873 2.8216 159 130 68
0.9459 -0.4610 3.6270 135 128 78
-7.2499 -5.6704 1.0462 158 152 127
-2.3511 -6.1062 2.9946 144 145 68
2.6259 5.2611 2.8930 145 120 89
7.4228 -2.3026 0.9547 168 158 122
7.4800 6.0088 1.0049 181 136 132
0.3711 -7.7672 3.8642 153 123 86
0.1718 -3.5333 3.9510 135 139 62
-3.3021 -4.5165 2.7299 142 135 75
5.4939 0.1125 1.8062 150 149 111
-2.2987 4.9140 3.0258 156 133 70
3.2771 -6.9579 2.6860 145 149 94
-1.8641 6.1497 3.2568 130 134 87
7.6805 6.5501 0.9233 170 165 121
-0.1219 -1.2721 3.9377 149 135 84
2.7916 -2.6111 2.9529 140 140 90
7.8221 -3.7749 0.8946 175 146 116
4.0935 5.7564 2.3009 162 138 103
3.1459 1.9284 2.6800 146 152 99
-1.5117 5.5237 3.4028 150 147 89
-4.6723 1.0225 2.1639 170 136 104
-2.0386 3.5857 3.2240 137 140 96
6.3161 -1.2140 1.5087 165 160 95
-5.7985 -1.3771 1.6382 151 162 118
-3.3523 -5.2910 2.5650 143 143 94
-0.3931 2.1729 3.8985 137 129 72
1.2831 -0.4919 3.5015 159 125 71
3.2129 0.9849 2.7491 155 147 93
-2.4944 -3.3831 3.0598 150 120 83
-0.6297 -0.5390 3.8118 139 139 80
7.1616 -1.6114 1.1627 173 155 107
-5.6466 7.8373 1.8010 157 151 85
1.3063 -1.4024 3.5192 149 129 81
0.2327 2.2608 3.8860 144 128 81
-7.1855 2.1603 1.1727 170 160 122
-0.5848 -4.8666 3.7655 148 135 76
-2.1841 -3.4969 3.1151 138 128 97
-1.3356 7.4439 3.3873 145 138 94
3.7462 -7.6369 2.5013 149 118 103
6.3922 -2.0702 1.4772 165 163 109
-3.4529 -5.6722 2.6773 140 145 90
7.0521 -0.0371 1.1606 171 135 111
-4.7301 -3.4405 2.0732 157 162 93
7.0151 -2.6904 1.2091 178 146 101
-7.4855 4.6914 1.0569 150 141 110
-6.5082 -1.4036 1.3790 165 146 95
-3.7498 -3.4309 2.5012 150 125 92
-7.1032 -3.5770 1.1720 167 160 103
-0.4954 6.4421 3.7098 170 130 69
-0.5226 -4.5005 3.7454 139 115 92
-3.3286 5.1154 2.6795 148 133 94
4.5724 -3.8118 2.1468 156 157 91
-7.9730 0.1978 0.8087 179 154 116
-2.9122 2.5903 2.9307 154 144 107
7.2066 -7.9966 1.0609 165 143 115
-2.0902 7.5662 3.1723 167 135 88
-7.9577 -7.5189 0.8682 158 156 141
2.2743 5.0369 3.1117 143 132 61
-2.0588 -0.2906 3.1937 157 136 80
-0.2009 -4.2423 3.9331 147 118 64
-2.1259 5.6265 3.0909 136 125 87
2.8508 -6.7614 2.9350 139 147 85
-6.3102 6.4186 1.4697 163 150 89
6.7585 -1.0909 1.2591 163 148 110
-3.8632 2.8617 2.3508 167 121 108
2.2285 4.9785 3.1149 158 146 84
-7.6267 -0.4910 1.0004 173 147 117
-1.2129 -0.0315 3.4312 141 142 86
-1.0614 -5.0259 3.5545 137 128 67
3.4562 1.8428 2.6504 152 139 96
-4.8276 5.5548 2.1292 167 110 91
7.8814 -2.3472 0.9034 168 157 116
-6.8960 2.4038 1.2810 161 143 116
-5.0766 2.7320 1.9905 181 132 99
-3.0969 6.1016 2.7984 145 128 91
6.7561 -3.8955 1.2731 172 140 94
5.6123 -0.6840 1.7892 168 156 109
-4.9294 7.4837 2.0315 164 157 106
-1.3575 1.8970 3.3853 150 134 90
1.1250 -5.4842 3.4995 150 118 74
-5.6937 -4.4312 1.8680 161 167 96
-3.2298 -0.5688 2.7531 155 133 94
-7.3083 6.7109 1.1182 165 165 124
3.1041 6.8039 2.7527 139 142 97
7.1764 5.6617 1.1353 162 150 111
-5.0144 -6.9563 1.9909 154 166 96
5.2447 4.0165 1.9092 155 147 107
-7.5006 1.3132 1.0216 162 165 110
5.6354 -1.4220 1.6968 174 158 84
7.1716 -5.0841 1.1372 186 152 106
3.3832 -4.9858 2.7270 166 129 76
2.9177 -5.5761 2.7917 127 141 80
-4.0493 -5.5308 2.4090 161 148 93
3.5815 -3.2391 2.6160 151 129 92
-3.7112 4.6921 2.4520 137 130 94
-1.3559 -1.2125 3.4148 130 119 68
-0.4458 7.1031 3.8112 124 140 73
0.8043 3.0775 3.7132 149 141 76
-0.6413 1.4335 3.7088 146 146 66
-7.6887 -4.5103 0.9617 185 169 119
-6.2097 2.4987 1.5286 162 149 111
3.1004 3.1072 2.7051 162 152 93
-5.6038 5.5272 1.7222 171 142 101
0.4968 2.9836 3.8264 134 136 81
0.1917 6.4944 3.9647 138 137 80
4.4339 -4.9679 2.2548 144 146 91
-4.0312 6.5790 2.3551 176 142 101
6.9614 2.5393 1.2137 152 150 127
-3.9028 -3.1191 2.3864 155 128 96
-4.1287 -5.4405 2.4316 162 145 91
-1.8453 -7.3194 3.2490 151 126 86
-5.0237 -1.3407 1.9988 145 147 113
7.9622 -4.7602 0.7319 183 151 125
-0.3273 5.2331 3.9201 134 147 65
3.9920 -2.9915 2.3901 150 154 92
6.2252 3.8374 1.5476 158 153 116
5.8064 -3.9098 1.6486 167 159 125
2.5654 -5.9050 2.9706 151 140 78
-6.1954 5.7529 1.5272 167 146 108
6.5765 -6.6008 1.3846 155 156 99
-5.0829 -4.8141 2.0207 149 150 90
6.1183 0.2256 1.5239 148 141 113
5.4822 3.5782 1.8450 156 149 107
0.7898 -5.9473 3.7591 139 129 66
0.7899 -0.9667 3.7569 135 128 78
1.1824 -0.3610 3.4457 148 145 84
7.6199 2.1754 0.8661 173 163 115
-0.1109 3.6944 4.0044 133 135 87
-6.7382 -4.2602 1.2372 143 151 98
3.0993 -4.9204 2.6540 153 155 98
-2.9425 1.4560 2.8664 150 128 72
-2.2428 -3.4280 3.0818 154 136 86
-4.0660 -6.8466 2.4046 150 150 88
0.4092 -2.8313 3.9380 145 122 70
-4.8683 -5.0365 2.0148 167 145 96
-1.4361 5.8817 3.3918 160 141 80
-2.7790 -5.4521 2.9005 166 145 100
5.1508 2.9640 1.8857 155 142 117
6.9873 -7.4062 1.1362 158 140 123
4.5624 -4.5333 2.2056 159 140 99
4.5113 0.7020 2.3193 161 117 94
1.8302 4.3829 3.2114 147 133 71
1.4516 5.8058 3.4899 143 134 56
4.9410 -0.2375 1.9926 148 136 94
-3.1152 3.3449 2.8372 143 135 86
7.9338 1.8196 0.8827 165 137 122
1.8990 6.1944 3.2354 156 133 68
5.3256 -0.3873 1.8911 175 146 109
-0.8028 -7.9892 3.6928 150 138 60
4.5613 -1.9821 2.2070 163 136 84
-2.6329 -0.9715 2.9205 161 146 98
-2.8430 -1.5324 2.8630 146 151 96
3.5236 -4.4314 2.6165 152 162 84
4.7884 5.0993 2.0913 164 151 113
5.3868 -5.7115 1.8787 165 151 116
-3.3141 -5.6296 2.6077 154 151 100
-2.9294 -4.3156 2.7731 154 143 81
-1.2255 -4.6035 3.5664 141 136 99
-0.0994 3.3792 3.8627 142 124 81
7.1756 -2.8623 1.2736 163 119 111
7.4684 1.7748 1.0916 176 147 113
7.1871 2.9114 1.1524 185 164 99
-3.4006 -3.4210 2.6240 138 144 79
-4.1046 1.6153 2.3100 150 144 108
0.9400 0.8660 3.6251 155 113 72
-3.1135 -6.4849 2.7638 151 141 102
0.8294 6.5484 3.6561 134 113 60
1.6966 4.1979 3.2409 146 154 73
1.2216 1.1504 3.3905 165 121 87
5.2741 -4.0423 1.9520 162 149 97
7.6506 5.2966 0.9625 164 154 114
3.2721 -1.6404 2.7603 164 132 81
-4.5772 4.6825 2.1122 158 142 97
3.7480 -5.8438 2.5147 163 139 93
-4.9463 3.7966 1.9563 167 157 90
-1.0859 3.3390 3.5084 147 132 70
-0.6882 -7.4802 3.7456 152 116 56
2.8502 -6.3664 2.8250 131 128 77
3.9875 -0.4531 2.2841 165 153 87
-5.6781 0.2884 1.6876 166 145 98
3.5075 3.3892 2.6665 146 117 86
3.3536 -3.4697 2.6409 145 138 84
5.9981 -3.7833 1.5306 174 143 118
-7.7102 2.8737 0.9007 179 165 112
3.1364 -5.1483 2.7195 143 131 79
-4.0439 0.4805 2.4215 152 153 89
-2.1149 4.0257 3.1888 158 138 82
6.8896 -2.1375 1.2657 167 160 122
-3.5588 1.2656 2.4756 136 153 87
7.1073 3.0432 1.1798 176 160 102
-6.8687 4.2622 1.2964 167 163 90
2.0693 -2.8811 3.2055 158 132 80
2.0530 6.7974 3.1418 149 149 65
-3.3559 -5.6323 2.7327 150 150 89
-7.4070 -7.0319 1.0276 166 147 112
0.5851 4.2880 3.7080 148 123 85
-7.5406 6.6202 0.9363 186 163 127
-4.7408 3.2294 2.1141 168 149 90
-3.6212 2.5771 2.4268 173 131 88
-1.3241 0.1858 3.4303 141 134 93
-7.9817 -0.2519 0.7907 175 172 109
4.7999 -1.2881 2.0376 151 140 94
-1.6088 4.0433 3.3092 161 144 92
3.1320 -2.6001 2.7209 147 135 93
3.4763 -3.3598 2.5640 149 145 87
5.3686 -7.0947 1.8978 158 143 105
1.6803 3.8682 3.3270 153 126 89
3.5660 -6.1563 2.5893 143 134 94
-4.9123 -4.4853 2.1054 164 152 107
-3.5233 3.0210 2.5449 157 134 79
3.6399 0.6409 2.5612 152 151 77
2.6829 2.5059 2.9192 137 132 57
-4.2888 5.9643 2.3541 159 137 105
1.9975 5.5270 3.1555 154 131 81
-7.4829 -6.6622 0.9711 172 154 115
-0.5792 0.8714 3.7052 130 137 59
-5.0492 -6.4747 1.9813 146 160 106
7.6252 3.2080 0.8861 164 158 93
-3.0664 -2.2059 2.7701 140 137 71
-4.6139 -7.9393 2.1850 157 140 98
-2.7504 7.3739 2.8935 171 137 93
2.6734 -7.6450 2.9895 155 133 64
-0.2758 4.6532 3.9424 154 125 72
7.5430 -5.1058 1.0171 162 152 117
-6.0734 0.7455 1.5329 154 161 99
-5.8243 -1.9912 1.7253 188 135 96
0.2545 -3.9028 3.9854 135 150 56
-5.5588 -4.7003 1.7627 148 145 106
-3.0024 -7.7517 2.7965 159 152 93
-5.2453 -7.9131 1.8463 173 127 101
0.2588 -1.1687 3.8334 141 135 81
0.9487 6.1726 3.6932 155 118 68
-2.4111 -2.9367 3.0797 152 120 95
-3.7084 6.5327 2.5727 133 154 99
4.8155 -3.8475 2.0916 161 132 88
4.0773 -3.2820 2.3235 148 142 98
0.3020 -2.0973 3.7902 141 146 82
-1.8053 0.7560 3.2557 157 134 70
-1.5573 7.9704 3.3801 149 153 77
-2.2134 -3.6571 3.1085 165 141 78
0.6157 -3.4675 3.8077 129 125 89
-4.4002 -1.5727 2.1753 157 140 96
-1.9320 -0.8841 3.1624 152 133 89
-2.2602 7.5384 3.1561 145 140 77
-7.4036 -3.7801 1.0810 161 141 110
-6.9498 1.4590 1.2551 151 151 104
6.8908 0.6786 1.2848 161 154 119
-6.0856 0.5760 1.5839 175 151 107
7.9355 -2.2773 0.8789 167 155 109
-4.7920 -4.0642 2.1537 123 149 100
-7.6244 -3.4420 0.8759 166 142 97
0.9621 3.2911 3.6002 135 124 74
3.7913 4.3436 2.5345 158 156 92
5.7999 -4.3015 1.6503 156 133 110
2.7421 5.0260 2.9057 152 147 84
-7.0219 0.3899 1.2581 164 146 119
-7.8680 -6.1646 0.8609 168 155 114
-7.0775 6.0556 1.0767 155 147 116
-7.7399 3.2612 0.8434 167 158 112
-5.5279 0.6828 1.7949 162 149 102
-4.4419 -4.7413 2.2900 155 157 114
-1.3893 7.0563 3.4193 146 134 77
-7.9537 6.1975 0.8123 168 151 98
6.0018 -7.6990 1.6613 154 166 108
-5.6846 5.7172 1.6762 146 161 97
1.6248 -4.0904 3.3340 143 146 79
-4.4387 -6.4343 2.2970 160 137 99
-2.7263 -1.9168 2.8996 152 125 93
3.7915 5.7519 2.5320 172 147 92
6.6712 2.2073 1.3234 192 156 99
-4.6492 7.3188 2.2074 145 136 95
-6.5123 7.9732 1.4508 177 149 124
4.1073 -0.8591 2.3542 158 128 104
-2.6228 -4.3294 2.9632 138 131 93
-4.7447 -6.0182 2.0833 159 167 101
3.0863 2.2941 2.7195 145 133 73
-3.8561 -0.3510 2.4834 148 124 102
-0.0630 1.4804 3.8831 168 125 78
-5.4192 -5.4896 1.8103 144 159 87
7.5453 0.2458 0.9048 149 146 111
-3.8129 -5.4914 2.5362 166 155 94
4.6870 -1.3636 2.1593 169 150 98
4.1762 2.7598 2.2831 142 127 55
-4.0403 -1.3938 2.5518 165 130 89
1.2875 -2.4327 3.4021 149 135 83
7.9228 -0.8274 0.8574 183 161 120
6.3488 6.0084 1.4703 171 140 96
-5.6422 2.2438 1.7600 169 151 103
5.7000 1.7371 1.7143 168 156 107
-7.6367 -7.2343 1.0541 174 156 100
-0.8879 6.3197 3.7154 145 121 88
-2.0783 2.5739 3.1569 149 132 88
-3.4698 -0.8150 2.5667 149 144 102
6.3391 -4.7862 1.4485 162 148 105
-6.5854 -5.3720 1.2738 175 152 105
-4.0310 -5.3050 2.3319 140 139 88
3.2455 4.1323 2.6894 158 122 96
3.6802 7.5137 2.4870 140 142 106
0.3143 -5.4978 3.9114 159 128 62
2.5076 7.1790 2.9124 147 134 78
-2.0973 -0.6397 3.1746 134 132 91
-1.6451 1.9690 3.4319 147 146 70
-3.2791 3.3066 2.6584 150 134 76
-1.4789 3.7984 3.4321 131 119 80
4.3082 4.8991 2.3833 166 135 105
-4.2696 5.3848 2.2671 145 168 97
0.2514 7.7144 3.9025 154 137 68
3.3917 5.5478 2.6579 155 130 91
5.6262 7.5983 1.7383 143 147 100
2.3008 0.6865 3.0490 132 140 86
-4.9282 -1.3419 2.0020 139 131 106
-1.4529 -7.3119 3.4372 151 134 83
-5.9653 1.6817 1.5480 159 155 91
-3.7293 2.2202 2.5820 146 143 82
-1.4593 2.2651 3.3721 141 113 87
-0.6131 -2.8355 3.8687 150 131 63
2.2326 -0.3988 3.1190 158 129 99
1.5060 -5.3187 3.3848 152 131 65
7.3672 2.7764 1.0908 156 162 109
-3.8969 -0.2364 2.4450 144 146 96
7.6994 6.1802 0.8811 177 151 124
-6.1056 6.7593 1.5564 151 150 113
-5.7855 2.6368 1.5789 169 147 100
3.8523 -6.5008 2.5066 132 122 90
-6.3939 2.9694 1.3935 158 162 108
0.9156 -5.6927 3.6586 150 153 63
-3.5406 -2.1076 2.6325 159 140 88
-1.2834 1.6827 3.5227 139 142 77
0.7831 1.0942 3.6614 154 136 71
-3.3773 3.8284 2.7024 164 129 84
-5.4162 -2.9019 1.8763 164 134 98
5.6610 2.1800 1.7356 154 152 104
1.9424 -1.5472 3.3027 141 129 78
3.8364 -6.7457 2.3633 164 124 83
-6.8877 -1.1989 1.2337 136 140 103
-1.8617 -6.7505 3.2821 142 132 89
-5.9108 4.5524 1.6786 138 149 98
1.1077 -2.9861 3.5337 142 141 64
-2.2161 4.5733 3.1158 153 137 77
3.8500 5.4113 2.4296 160 159 116
5.6892 2.4851 1.7378 164 147 113
-6.5487 5.6818 1.3789 166 148 125
-6.7140 3.6830 1.2188 164 150 109
3.4114 5.7818 2.6327 163 128 103
-6.2798 2.1439 1.5277 162 153 105
4.6483 -0.1573 2.1835 154 146 111
6.6139 -5.4411 1.3375 177 165 113
-1.2105 0.4946 3.5390 135 135 69
5.6690 -1.6834 1.7736 162 141 86
-7.7253 -6.4215 0.9069 181 153 131
1.2865 -5.3342 3.6351 162 129 71
5.5678 -7.0662 1.8168 148 127 106
-7.8094 -7.0234 0.9363 172 140 106
-1.8812 4.2561 3.2286 153 146 87
-0.8877 -1.9043 3.7332 128 138 68
-0.5432 -2.4802 3.8186 149 140 89
-6.4072 -2.9948 1.4607 163 140 123
3.8901 -0.4230 2.3684 161 149 97
3.7555 1.5993 2.5436 150 134 79
-1.0189 6.0024 3.5932 168 147 73
-4.8042 4.4258 2.1457 170 135 97
-4.0827 1.2474 2.3256 148 157 123
-7.2094 7.2930 1.1920 144 148 112
-5.4933 -7.1039 1.7342 142 145 100
-5.5049 -3.3618 1.7353 165 154 108
2.9321 -2.9767 2.8858 158 145 83
0.2381 3.3631 3.8872 140 143 59
3.3154 2.0936 2.6781 150 136 96
3.3770 -3.4768 2.6951 139 133 104
7.2572 4.6940 1.1185 169 140 105
-5.2273 1.5778 1.8824 142 144 110
-0.2738 7.9664 3.9111 152 133 67
-0.7483 2.8261 3.6628 149 134 74
-6.9806 6.0204 1.2699 160 143 106
5.9877 -2.5838 1.5864 149 135 94
4.7046 3.4180 2.0887 165 122 88
-7.5200 -1.2560 0.8605 170 142 127
3.0119 -5.8298 2.8359 141 138 93
2.6144 2.0160 2.9530 142 118 86
6.3359 4.8870 1.4935 160 168 101
-5.2614 -6.2400 1.9568 148 141 104
-0.1911 -3.0566 3.8996 144 107 76
-2.2001 -0.6247 3.1172 158 119 83
1.0774 -0.4310 3.5540 128 143 71
-3.2508 -4.8632 2.7515 150 145 88
2.7509 -3.4570 2.8676 149 121 75
-0.4095 1.6562 3.7733 137 123 85
-5.0475 5.9234 2.0179 153 155 114
0.5015 6.8256 3.8387 140 140 75
2.5787 4.1401 2.9733 164 131 88
-1.7669 -2.7386 3.2986 139 126 80
-2.4907 3.4913 2.9821 151 129 84
-6.4743 -1.0522 1.4291 166 157 108
-0.8882 5.6393 3.6658 152 144 79
-7.8569 0.4504 0.9533 174 155 119
3.1349 2.6273 2.6953 159 144 80
5.5752 -2.9075 1.6889 167 140 108
-1.5936 -5.0386 3.3386 139 130 93
5.7975 -3.4751 1.7202 164 151 102
5.7483 6.0151 1.7584 166 135 111
4.0384 -3.2130 2.3845 168 134 77
-6.8121 -3.2207 1.3264 170 144 108
5.4510 -6.6137 1.8793 175 131 104
-5.0473 -0.9888 2.0789 156 136 79
7.3853 -7.1626 1.0761 160 141 120
5.1104 -5.0903 2.0457 153 136 91
-3.7875 3.0763 2.5186 153 141 89
-6.9086 7.2227 1.2202 168 152 112
-6.5708 0.5690 1.3040 169 138 115
-4.7910 -7.2919 2.1226 152 141 81
2.2872 3.7092 3.0280 158 144 87
2.2491 4.4573 3.1563 150 139 94
2.3352 -7.1644 3.0022 146 137 70
7.7339 2.1414 0.8953 188 166 107
-4.8970 -2.0230 2.0717 180 127 106
7.7864 -6.2897 0.9295 182 149 108
4.3692 -2.8996 2.2943 149 152 94
7.5412 6.2981 0.9451 168 164 112
5.7998 -3.0806 1.6670 168 151 100
5.1509 -6.8528 1.8854 172 146 104
5.4905 -7.6624 1.7969 175 146 100
-1.2496 -0.9546 3.4235 154 131 89
-5.7840 -5.9397 1.7293 159 147 111
1.1561 -7.4354 3.6330 148 124 96
1.6415 2.8456 3.2918 149 133 64
3.0507 -1.7719 2.8253 156 145 66
-7.9174 -3.7614 0.7822 164 170 128
4.7527 -0.6312 2.1276 155 149 110
-2.7192 5.0514 2.8919 146 140 91
-6.7487 0.0846 1.3633 183 139 105
0.2842 3.5054 3.9096 157 131 73
-4.9678 5.7292 2.1264 146 144 103
-4.1606 1.3206 2.2276 173 139 84
4.2248 5.3311 2.3464 136 158 103
-3.4805 1.6491 2.5311 150 156 94
5.8544 0.2926 1.6500 179 151 105
-7.8632 2.4783 0.9086 152 156 120
0.4068 1.8029 3.8458 136 134 64
-2.7086 -6.8880 2.8698 135 147 86
-5.8220 2.6207 1.6850 186 145 104
0.0994 -0.4662 4.0163 138 126 61
7.1791 4.8867 1.1567 178 159 111
4.2350 -2.7352 2.3523 162 124 81
-0.6800 -1.6367 3.7341 146 133 74
-0.9947 7.2491 3.5969 147 132 70
7.7494 -4.8561 0.7238 184 158 110
-2.1495 -1.2590 3.1871 133 147 81
5.0803 2.2492 1.9899 146 149 91
0.0725 7.0362 3.9128 135 132 80
2.2788 -6.3504 3.1158 155 141 80
-4.2586 -4.3916 2.2626 158 139 88
0.3306 -7.4437 3.9453 125 136 53
-4.4043 1.0313 2.2605 143 154 91
5.1836 6.6046 1.9387 153 129 94
6.0492 2.2980 1.5577 166 150 98
-1.6301 4.0594 3.3847 143 120 75
4.1319 -3.5043 2.3026 158 141 94
-7.6669 -6.6854 0.9679 165 159 119
-4.5849 -4.3152 2.1735 175 123 93
-5.5031 -3.2537 1.8232 160 157 93
-3.8340 -7.4081 2.3729 150 139 95
2.9203 3.1369 2.8992 155 139 72
-5.3037 7.5451 1.8011 170 154 122
3.9983 -4.5577 2.4578 142 150 89
-4.6536 6.0783 2.0949 152 144 114
1.5595 1.8059 3.4354 153 135 71
4.0306 0.3559 2.3779 153 157 84
6.5836 -0.1557 1.3580 167 167 117
-7.8008 -6.3579 0.8767 160 126 112
6.0638 -7.0682 1.6169 143 144 93
4.6757 -2.7602 2.1104 177 141 108
-2.4487 5.1816 2.9983 146 137 72
1.3514 -3.6748 3.6079 144 122 67
-5.2455 4.8803 1.9590 161 129 96
-4.9383 -7.7130 2.0268 171 146 112
-6.0505 -0.7889 1.6665 163 146 96
6.6800 0.3771 1.3215 172 141 118
-4.5187 -4.2567 2.3016 171 143 95
0.5498 -4.6232 3.7683 134 126 66
5.8708 7.0734 1.6294 162 156 107
-7.9461 1.7605 0.8097 164 161 108
0.0909 5.7524 3.9805 139 128 62
-6.9739 5.4038 1.2151 175 139 110
7.3251 -3.9175 0.9851 167 159 128
0.8645 2.3880 3.6986 159 141 82
1.6014 -2.4294 3.3629 158 131 67
0.8097 -4.4901 3.6258 131 117 74
1.0137 3.1330 3.5547 156 131 55
0.3452 7.1910 3.9029 147 120 82
5.9326 7.2417 1.5840 186 141 128
0.3292 -0.8647 3.8997 138 119 82
-6.8155 -5.2216 1.3036 157 152 99
-6.1417 0.7420 1.5372 151 164 106
7.2003 7.2561 1.0742 159 142 124
1.3676 -0.3662 3.4173 146 133 89
7.2420 6.7753 1.0693 163 139 126
-2.4252 -6.3345 3.0989 162 140 84
-0.9697 -7.8925 3.6130 144 137 80
-7.5544 -5.2995 1.0402 148 153 112
-5.5768 5.5801 1.7526 146 166 111
3.0228 -7.9528 2.8344 150 125 97
0.1397 6.0809 3.8784 147 131 87
6.4262 7.8050 1.4253 148 152 129
-7.8852 -1.9355 0.8855 167 145 109
2.3251 -4.9346 3.1212 148 125 84
2.8424 5.8384 2.8685 153 135 85
-6.8043 -2.1541 1.3148 157 154 104
-7.7272 2.1308 0.8637 174 138 123
-5.5574 -6.3807 1.7463 158 151 125
-6.3846 0.8249 1.4663 179 160 125
5.7578 -1.7554 1.6991 163 142 95
-1.6096 1.3868 3.3569 120 131 69
7.3471 5.5135 1.0476 159 155 113
1.0439 -2.7046 3.6122 141 130 68
3.4489 -3.1467 2.5737 137 152 86
-1.2427 -2.6114 3.5002 151 151 73
4.5680 -5.7310 2.0963 154 125 86
5.3357 -3.6297 1.8369 153 144 111
5.7615 -3.3947 1.7115 152 139 107
5.8971 -1.6786 1.6670 150 135 114
7.0397 1.3313 1.2046 181 144 110
1.6510 7.3327 3.3032 162 155 95
5.5594 -6.9193 1.7560 179 134 92
-4.5616 -6.6575 2.1459 159 144 94
3.7871 0.6982 2.4374 177 153 93
3.4959 -7.0032 2.6939 141 145 90
0.9332 -5.9301 3.5485 136 125 81
3.9617 3.9313 2.4328 153 129 85
-4.6750 2.9593 2.1436 168 130 88
6.2335 2.7700 1.5524 169 148 98
4.6648 2.9172 2.1109 146 143 101
5.6104 7.9072 1.8807 159 130 87
-0.4039 -1.7005 3.8603 132 106 60
2.5650 -4.4801 2.9398 159 146 67
-3.9580 6.3941 2.4676 163 131 100
0.4110 -4.9815 3.9043 125 110 74
4.7691 -4.4246 2.1048 178 146 105
-2.4903 -7.1161 2.9595 148 147 91
5.5870 3.8942 1.7801 185 139 114
2.9674 3.4067 2.7678 158 140 87
4.0765 4.7692 2.4287 146 134 90
5.1234 6.5248 2.0477 180 150 101
-5.9123 -5.4663 1.7578 154 147 99
0.9975 2.5160 3.6194 139 149 94
3.9393 1.0904 2.4983 143 132 89
-5.1745 5.7935 1.9800 160 154 93
-0.4759 6.4295 3.8386 135 133 78
-4.1095 -7.1898 2.4204 154 138 97
4.4848 2.6566 2.2454 167 149 99
0.7397 -6.0524 3.6817 124 130 59
2.0457 4.4751 3.1960 134 137 80
-7.6900 7.8927 0.8705 146 150 123
-0.1699 -7.6265 3.9546 148 124 81
-1.4199 0.0005 3.3260 147 126 81
1.3532 4.1058 3.4717 145 136 61
2.0625 7.0073 3.1678 154 128 76
1.0399 -2.5524 3.5550 158 133 65
-2.4991 6.6272 2.9626 159 128 95
-3.3515 -2.2385 2.6400 157 138 97
-1.6185 0.6960 3.3886 139 139 74
3.1946 1.8033 2.8380 153 131 76
-0.4756 -5.8856 3.7793 145 139 60
-1.7213 -0.5531 3.2969 155 135 71
-3.7382 -3.1511 2.4330 151 132 78
-4.0752 3.9392 2.3340 166 150 99
4.2711 1.0501 2.2953 148 162 108
-1.6115 5.7695 3.3918 152 147 83
-2.6339 -5.6501 2.9522 173 142 76
7.2338 -4.5934 1.1593 176 150 100
-4.1587 -2.4083 2.2875 143 134 86
7.5894 1.0170 1.0273 176 147 108
7.6606 -5.1098 0.9471 178 144 118
-7.9032 0.2766 0.7934 171 147 108
-1.1886 7.2617 3.5313 169 134 64
-5.2034 -6.9795 1.9463 164 138 96
-7.3557 5.5590 1.0840 164 152 118
-6.8201 -6.6445 1.2094 171 162 125
-7.1636 -1.3059 1.1609 162 154 118
4.8547 -6.7535 2.0706 165 138 88
3.8084 -6.0673 2.4583 147 147 86
7.0945 3.4391 1.0714 166 132 130
2.3139 4.2214 3.0448 137 131 74
3.8238 4.6035 2.4724 157 147 83
1.1491 6.8342 3.5181 138 132 67
1.7195 -7.0710 3.3053 153 125 70
0.5865 5.3907 3.7881 131 145 77
6.3241 -5.1304 1.4954 183 142 120
3.0953 -5.1488 2.7913 142 141 95
2.1085 7.3369 3.1968 145 140 75
-7.0636 -0.8347 1.0357 176 145 102
4.9352 -1.1847 2.0087 179 133 94
5.1988 -5.7452 1.8726 164 136 96
4.9043 -0.5653 1.9888 147 118 90
-2.4722 7.7748 2.9645 147 137 78
-6.2020 0.4798 1.5652 158 161 128
-4.3824 0.9996 2.1926 150 158 117
7.0079 6.8511 1.1812 170 153 121
-6.2232 -5.0155 1.5422 178 142 106
-6.4991 -3.2369 1.4317 151 148 95
0.0295 0.5788 4.0162 120 131 67
1.9075 -0.4251 3.2328 132 128 82
5.4220 1.4504 1.8626 174 133 120
-7.3706 -6.0145 1.0555 189 144 114
7.4517 4.1994 1.1084 161 153 107
-1.0223 1.1764 3.5339 141 141 75
-0.0826 1.4178 3.9694 146 139 63
-0.6550 -5.3076 3.7043 145 133 86
6.7761 -5.9365 1.2936 163 139 125
-5.7404 -1.9579 1.7283 167 152 97
7.0165 4.9153 1.1443 178 163 136
-2.4942 3.2865 2.9508 154 149 98
7.3316 -6.4694 1.1049 164 128 107
2.3027 5.3087 3.0983 159 134 79
-7.7239 -2.4045 0.8779 178 156 113
-3.3279 2.9113 2.7496 151 132 94
6.3062 -7.9242 1.4513 165 145 110
5.9101 2.1914 1.7076 149 152 98
-1.4061 0.6749 3.4252 142 142 83
3.8794 -4.6305 2.3704 159 138 94
-5.3282 1.8680 1.7837 159 129 104
-0.5395 -2.8458 3.7473 131 112 82
6.6121 -1.3860 1.4415 165 153 118
-1.4771 -2.4886 3.3820 156 146 86
5.8582 6.7262 1.7118 152 137 92
-4.6777 -1.3829 2.1770 177 148 77
7.6442 4.5002 0.9374 160 149 120
-2.1926 -1.0830 3.1338 129 144 70
0.9041 -1.1582 3.6729 153 125 94
4.3959 -7.7064 2.2535 153 146 95
4.6259 -1.5829 2.1793 175 161 87
-0.9754 -0.9679 3.5465 135 131 75
0.7160 3.2678 3.7680 135 125 89
5.7964 -5.7441 1.6676 167 144 93
0.2742 4.9925 3.9549 144 111 65
7.7104 -4.3946 0.9999 161 138 126
0.6309 -1.6416 3.7683 131 140 89
-6.9906 -5.8448 1.2221 164 143 117
5.1037 2.2722 1.9075 167 149 116
2.6221 6.7996 2.9715 151 128 70
5.2426 6.0552 2.0054 168 169 103
-4.9915 -3.3707 1.9950 163 125 100
-5.1853 4.9256 1.9016 168 147 119
2.9767 3.2064 2.7552 153 135 90
0.5397 4.7819 3.7991 133 115 62
-0.8056 6.6030 3.6413 139 118 76
0.3002 -6.4603 3.9443 147 115 82
-2.9704 -3.0116 2.7895 161 135 98
-4.8457 1.6126 2.0469 151 143 93
4.3627 6.0031 2.2880 165 120 95
7.4732 -2.8803 1.1691 184 149 113
-3.4689 7.1622 2.5976 132 141 97
-5.7974 6.6491 1.6272 168 150 111
0.1064 -4.8362 3.9095 134 141 80
-2.9342 0.3372 2.7439 140 135 77
-4.3294 -2.6972 2.2428 150 142 94
4.5794 1.7630 2.1963 178 138 111
1.5214 -2.4641 3.3810 151 149 85
6.0011 5.8629 1.6158 173 147 130
-6.8083 -7.9192 1.3002 171 140 113
2.8303 -4.9202 2.8025 146 132 77
3.3227 -4.9096 2.7039 152 129 71
-6.4802 5.5503 1.3946 177 133 103
4.4159 0.2600 2.2351 156 120 104
4.5035 3.7223 2.1581 158 149 102
1.8079 3.3269 3.2356 146 138 71
6.0056 -5.1420 1.5408 180 159 110
-1.1443 0.4037 3.5215 148 124 64
4.1161 -2.0431 2.3944 163 131 87
2.3747 6.4415 3.1118 141 118 81
7.9031 7.4276 0.8484 189 144 119
-2.0135 3.4885 3.1392 172 119 67
6.1816 0.8810 1.5722 165 152 100
5.2314 -4.0388 1.9157 156 141 88
1.2274 -5.4570 3.5420 140 117 82
-6.8979 4.3405 1.1877 149 147 123
0.8569 -1.1011 3.6624 146 136 64
-2.4745 -6.8979 2.9591 138 135 87
-3.4277 -4.2289 2.6225 161 137 77
7.7462 3.8730 0.8112 171 159 102
3.6664 0.5832 2.5569 145 159 81
5.2080 -0.8678 1.9218 161 143 105
-5.1669 -4.5645 1.9559 147 146 81
-6.6889 3.3707 1.2809 174 164 118
0.7658 -2.9815 3.6756 146 133 66
-7.1108 5.0264 1.1289 161 151 120
4.4786 1.5313 2.2101 150 132 96
0.0503 -7.2316 3.9778 165 106 65
7.1887 -4.5738 1.0260 170 130 117
-5.2186 4.7850 1.9499 154 151 99
7.1993 1.6273 1.0245 174 154 128
0.5113 -5.3781 3.8342 157 114 82
-1.1559 -5.1769 3.5280 146 125 76
3.7351 3.3013 2.4905 162 125 101
6.8493 6.2793 1.2616 182 155 99
-2.2388 -3.5816 3.1513 164 147 80
4.2131 -1.8492 2.3343 155 163 85
-4.4731 -5.6712 2.2093 163 142 97
1.9631 1.7875 3.2331 145 122 88
0.8782 -6.7725 3.6230 145 142 88
1.8844 5.9668 3.2745 140 128 73
-6.5345 4.3043 1.4281 170 151 107
-7.9523 -1.1939 0.8539 160 148 103
-7.4329 1.2551 0.9997 172 138 127
5.4646 0.9244 1.8252 175 139 83
-2.4358 -1.6371 3.0604 149 130 82
-2.9458 -6.6641 2.8347 128 145 73
7.6161 3.1464 0.8804 167 165 121
4.2360 2.3098 2.3640 165 148 91
7.9515 6.6178 0.7585 178 153 122
-5.2061 6.2942 1.9416 164 137 104
4.1151 -3.3326 2.3828 156 154 86
7.6837 -4.6248 1.0505 155 152 107
-2.1140 -5.7399 3.1374 141 137 75
-0.3245 -6.7933 3.8733 141 131 57
-7.7947 -7.4449 0.9206 184 173 104
-2.7050 1.8867 2.8343 150 137 80
-1.1987 -7.6043 3.5004 128 130 81
0.0716 -0.8573 3.9382 145 116 95
-6.9262 -5.6896 1.3036 162 153 114
5.2089 5.1774 1.9223 161 161 73
5.5471 -2.4878 1.8384 166 153 110
-6.7536 7.2386 1.2478 182 147 101
3.0301 5.6561 2.8102 166 143 101
2.0648 2.6063 3.1383 150 123 67
1.7774 2.5056 3.2800 138 126 85
-6.3013 -5.6059 1.4684 157 142 113
-1.8016 -4.2898 3.3357 141 120 76
4.0209 -1.0380 2.3150 169 137 83
2.8068 6.0294 2.9510 157 121 94
-4.4787 -5.7009 2.1943 147 143 92
-0.1272 0.3340 3.9515 144 124 71
-6.9082 -3.6549 1.2174 169 146 127
2.0758 -1.0089 3.1464 156 118 81
2.0145 6.9779 3.1428 135 142 73
-4.0400 1.3771 2.4193 169 128 95
4.1431 -3.7019 2.2857 159 129 92
-6.6128 -5.3859 1.3230 175 155 127
-7.0621 5.2822 1.1798 158 135 114
-6.7074 -6.3538 1.3365 180 130 119
-7.2844 2.1276 1.0288 172 156 111
6.0412 -7.6314 1.6208 167 146 103
-2.0270 6.2714 3.1344 130 136 83
5.9004 -3.6054 1.6497 157 143 87
-1.7282 1.7346 3.2839 140 135 89
5.7633 -7.8748 1.6648 172 152 100
1.2236 5.9991 3.5187 148 130 78
4.2189 1.1314 2.3009 163 137 107
-5.3007 5.9942 1.8096 178 147 113
2.6912 5.6526 2.8930 148 147 67
-6.7678 4.9156 1.2275 147 150 107
5.4981 2.0976 1.8009 161 137 105
-5.6389 -5.8122 1.7768 146 143 96
-2.1228 -2.9637 3.1492 122 130 80
-4.9457 4.2172 2.0161 161 158 89
3.4976 4.4517 2.5598 158 132 77
1.2272 -6.3133 3.4483 159 124 101
3.3273 1.2666 2.6449 145 131 97
-1.2053 -6.2217 3.5645 152 145 82
0.8902 -1.0977 3.6552 134 121 57
7.6415 -5.6819 0.9523 177 149 124
1.8782 4.5878 3.2307 157 132 83
4.6429 5.6476 2.0579 155 142 89
4.4591 7.1943 2.1603 148 147 97
-5.9085 -4.3065 1.6555 158 130 115
4.9488 5.3650 2.0817 150 123 107
0.8612 7.9163 3.6830 150 132 80
7.4408 -1.3428 1.0584 182 154 119
0.0300 7.4633 4.0508 132 133 51
3.2901 1.7754 2.6685 140 146 90
4.2682 0.1508 2.3379 163 136 82
3.6930 -1.0114 2.5094 156 115 106
-6.2212 6.2492 1.4839 158 160 99
1.1098 -4.0985 3.4959 139 127 75
-3.1535 -4.8329 2.7766 151 140 103
-2.1488 1.3039 3.0656 155 149 89
-2.7673 -4.2059 2.9530 133 134 67
-2.1979 -4.7194 3.1571 144 146 78
1.4059 -4.1516 3.4499 130 125 87
-0.5506 1.7553 3.7836 152 115 65
-4.7037 -3.5695 2.0291 154 144 92
-6.0577 -6.2339 1.6481 170 127 119
5.4111 2.1985 1.8747 148 144 108
-2.9657 -3.3560 2.7446 160 135 71
-7.7224 -3.5907 0.9522 168 147 105
6.3206 -1.1336 1.4674 164 167 94
7.9390 7.4374 0.8231 159 144 123
5.4406 -6.0918 1.7631 155 144 101
6.9879 2.9116 1.1612 186 144 101
0.7684 -5.8156 3.6871 130 105 72
7.3730 -3.8463 1.0853 174 143 119
-6.7148 0.3162 1.2145 169 157 108
-0.3429 -5.3587 3.7960 148 126 47
-7.5178 2.5878 0.9684 173 156 115
-4.5998 7.0618 2.1235 162 152 91
-3.2294 5.8505 2.6163 150 154 94
-0.9730 1.9121 3.6277 142 142 75
2.8767 3.0295 2.9300 151 148 73
1.7810 5.7835 3.3113 136 124 67
-5.3869 -3.8619 1.9032 169 141 108
-5.0750 1.5679 1.9113 151 140 99
-3.2937 -1.8926 2.6664 166 153 85
1.8062 3.4620 3.3464 155 133 81
-3.8325 6.4626 2.4859 170 134 92
5.1602 -6.1965 2.0148 148 147 106
7.7946 1.7332 0.9348 169 160 110
1.5393 7.5889 3.3366 150 133 62
-3.9392 -4.4096 2.3953 154 135 98
-3.5330 1.8320 2.5990 154 144 84
7.5652 2.5220 1.0251 162 149 105
-6.3570 -2.8542 1.4600 167 163 109
0.7972 -5.1278 3.6714 144 114 69
5.6879 3.3050 1.6915 150 144 98
-7.8590 3.7977 0.8579 178 140 119
0.3604 5.3636 3.8334 135 141 67
-2.8919 2.1187 2.8909 152 123 67
-1.1018 -4.1404 3.5435 140 150 72
-1.3075 -2.9407 3.5747 145 122 74
7.4712 -0.4201 0.9164 176 165 135
7.0110 5.4964 1.2343 176 155 112
0.3299 -2.9831 3.8542 138 125 67
5.6668 -0.9661 1.6904 151 139 103
-0.2791 0.2335 3.8729 149 128 74
6.7860 -7.3907 1.2362 176 163 107
2.6383 -7.6435 2.9367 173 142 68
4.4590 0.8497 2.1582 158 134 94
2.3214 -0.4158 3.0643 158 137 77
6.5136 0.8005 1.4464 169 150 105
2.9994 7.9687 2.8130 164 135 79
-7.4299 3.6597 1.1179 156 151 114
-3.1346 -3.4332 2.7031 155 140 100
-2.2061 -3.5318 3.1389 127 143 94
-2.0711 -5.4787 3.1340 148 136 77
-0.6507 2.7605 3.6977 138 112 80
-5.5419 -2.1485 1.7640 168 145 117
-6.6708 4.9564 1.2547 142 160 107
-1.2779 2.9596 3.3723 155 136 67
1.2116 -1.1072 3.5237 156 126 96
2.0004 1.0990 3.1290 155 150 83
1.6749 1.6952 3.3659 164 137 72
-0.1970 -0.4842 3.8985 151 125 70
0.2777 -5.0704 3.9232 131 118 61
-1.5015 -6.7708 3.4297 172 137 88
-7.8919 -4.1014 0.7410 155 149 114
-7.7443 4.0649 0.8277 172 163 114
1.5858 2.1226 3.3779 145 135 67
6.5724 0.1956 1.3651 158 140 120
0.4593 -6.1826 3.8397 154 139 75
5.5104 -7.3512 1.7212 155 151 116
6.8040 -6.2078 1.2946 182 153 106
-6.5764 -0.8232 1.4500 150 148 100
-6.3666 -1.1932 1.4483 167 142 115
-7.4176 2.5359 1.0698 158 157 97
0.9761 7.2941 3.6278 168 142 95
0.3358 2.5279 3.8279 155 119 60
2.8978 7.5488 2.9470 135 122 84
-1.0613 7.7682 3.6137 147 132 82
6.7349 3.5570 1.2761 165 166 103
-2.2754 6.7089 3.1127 172 124 83
-4.6950 -6.2456 2.1213 152 150 108
-0.5696 2.4830 3.7092 157 128 77
7.7767 4.5261 0.9313 175 156 119
2.1170 -5.6065 3.1302 158 138 80
4.2065 -4.1445 2.3093 166 134 99
-5.5433 -0.6030 1.8440 162 145 107
-4.5705 3.1652 2.2083 155 158 101
0.7370 -2.4784 3.6742 152 143 95
-2.9574 -6.0821 2.8320 141 134 88
5.6865 -3.3373 1.7349 160 173 102
7.4130 5.8458 0.9960 174 169 125
3.4490 -0.4562 2.5459 165 148 97
3.2628 4.6726 2.6623 165 127 85
6.4461 2.9875 1.4744 176 149 126
1.8617 7.7867 3.2733 162 127 88
-4.0852 -3.6607 2.2922 159 149 90
6.8072 1.0731 1.2953 168 149 117
2.2883 6.6934 3.1110 154 131 71
-7.4590 1.3819 0.9608 186 163 94
-4.1929 -7.3642 2.3481 172 138 82
1.6269 -1.2888 3.3600 146 127 86
5.5258 1.5976 1.7931 154 148 108
2.0877 1.9856 3.1955 146 148 81
3.7103 -1.9258 2.6246 167 147 76
0.8322 -3.0003 3.7281 130 115 75
4.7693 7.1005 2.0957 154 152 112
7.5939 -6.3233 0.9941 172 165 114
-2.5664 4.0603 2.9776 157 154 92
-5.0344 -6.2844 1.9931 161 143 82
-4.9252 1.5488 2.0628 145 136 115
-1.2190 -2.0704 3.4508 126 132 92
0.0764 -6.5047 3.9256 135 122 68
4.5323 -1.5675 2.0746 156 125 90
-7.0874 -7.1921 1.1347 187 150 111
-6.1574 -6.1073 1.4871 147 132 93
-5.0357 -6.9985 1.8863 156 141 99
4.2007 5.3444 2.3530 169 153 102
6.5315 5.9420 1.3811 165 141 120
4.6638 7.7232 2.1051 162 149 116
-0.7873 -5.4742 3.7054 125 139 68
1.2009 -5.1604 3.5433 138 123 64
-4.0766 -0.9349 2.4382 146 151 79
6.8837 2.3442 1.2360 175 140 114
3.6812 3.0020 2.5281 158 133 86
6.9398 -0.0065 1.2171 157 157 104
-1.6958 -3.2798 3.3126 161 138 75
-1.7914 1.6883 3.3029 147 131 71
2.4626 6.6496 2.9930 162 151 96
0.8581 0.9335 3.7168 135 130 75
-7.7146 3.4834 0.8359 187 166 106
2.2012 -6.7420 3.1507 157 143 81
-0.2439 4.3748 3.8754 118 125 80
0.7933 -1.5975 3.6422 144 135 80
-2.5930 2.3845 2.8863 137 163 82
0.2055 6.2025 3.9108 148 137 80
-4.5499 -2.2893 2.0958 191 154 97
6.5855 2.9914 1.3539 175 150 121
-1.3274 5.7963 3.4204 138 124 95
-7.5198 -0.1360 0.9843 178 150 116
2.8914 -0.2477 2.8822 154 137 93
3.9286 -3.2225 2.4866 158 129 99
-0.2991 -7.0769 3.8890 155 132 72
-1.8942 5.3622 3.2919 145 148 69
-4.7509 -5.7020 2.1842 159 124 103
-0.2948 -5.9611 3.8610 143 128 63
4.4750 0.3421 2.1573 156 136 93
-6.9893 -3.0350 1.0806 156 164 121
2.1390 2.0544 3.0992 157 129 94
0.6793 2.9151 3.7287 152 129 70
-6.2152 -7.7124 1.5282 158 149 87
1.6973 -7.3183 3.3053 167 131 95
6.4318 -7.5371 1.3690 162 161 91
1.0932 4.3721 3.4916 152 137 74
2.3489 5.7987 3.0808 158 141 79
-4.6631 2.4420 2.1680 158 133 111
5.4574 -1.3549 1.7783 137 134 104
5.9160 1.7913 1.6542 138 135 97
-5.0936 -4.4988 1.8915 160 149 89
-1.2670 7.7238 3.4995 143 149 62
6.3829 2.4943 1.4868 166 150 104
-2.7056 -5.8795 2.9048 149 156 81
-7.5460 3.8317 0.9833 169 149 109
6.7451 -0.4503 1.2356 173 131 119
-5.4435 -4.7019 1.6913 172 144 90
-0.1450 -5.3072 3.9199 131 126 54
2.8999 7.0191 2.9265 136 135 88
-1.1439 -3.8216 3.4380 153 139 65
-6.0217 4.1094 1.5917 179 163 121
2.9434 4.4059 2.7459 133 142 90
0.7127 -7.8619 3.7763 131 124 81
-2.0682 -1.0005 3.2569 137 130 101
-5.5418 1.6016 1.7828 171 127 98
7.7125 0.1585 0.9109 175 149 116
-1.1903 -4.5043 3.5488 123 123 62
2.5883 5.5940 2.9876 161 141 80
-0.5192 -1.3760 3.8030 140 134 75
4.3966 7.0416 2.2599 158 130 95
4.8220 6.9609 2.1003 161 131 121
3.9618 -6.0332 2.3373 157 136 94
6.8250 2.4707 1.1933 175 148 112
4.8665 5.6084 2.1084 179 149 100
3.3207 -6.2912 2.6660 150 133 83
7.1213 0.3347 1.2080 171 161 119
-5.0025 -5.1729 1.9576 171 147 103
0.3714 -4.4610 3.8245 160 128 73
-6.8442 -2.4437 1.2498 158 136 108
3.6679 -6.7397 2.5214 149 145 94
-7.4767 4.4989 0.9973 156 159 129
-6.5081 6.4235 1.3905 173 144 105
-4.1330 -4.2544 2.3893 175 141 111
-0.0097 4.0025 4.0285 152 126 76
-5.8745 -2.3630 1.6240 159 148 104
-2.1052 -0.5814 3.1547 141 135 75
-2.9839 -5.7829 2.7655 172 137 99
5.4738 -4.0336 1.9088 156 122 88
-6.7162 1.8900 1.3543 178 149 117
-3.7087 3.0062 2.5321 162 142 88
-5.4212 -6.0034 1.8266 167 157 89
-5.7249 7.1245 1.7563 175 148 102
-3.2980 0.6802 2.6754 168 152 116
-2.6728 -3.1574 2.9633 159 130 79
7.5094 -2.3890 1.0095 156 146 112
-1.7499 -0.6842 3.3485 137 140 64
6.0106 -1.0921 1.5955 158 138 102
-5.6975 0.7443 1.7144 157 138 103
4.7025 5.1826 2.0489 166 146 105
-5.7209 -2.8425 1.7614 166 139 103
-6.7577 1.8487 1.3419 170 159 107
-1.3751 -6.8686 3.3899 150 133 87
7.3595 -3.9015 1.0360 182 160 122
-0.9445 7.8119 3.6578 145 138 76
-2.5964 7.7786 2.9302 154 129 73
-6.7776 4.5890 1.3407 169 131 108
6.9210 5.2319 1.2254 153 153 99
-7.2977 4.4915 1.0403 154 144 100
7.6677 -4.7284 1.0363 176 152 109
-7.9338 -1.5262 0.9484 161 135 111
-4.3728 -6.2593 2.2802 146 137 95
-3.2443 5.7272 2.6375 150 136 99
5.0496 -2.1503 1.9318 158 165 116
-7.9757 3.0195 0.7817 175 153 130
0.2977 -6.4154 3.8894 146 138 63
-2.6463 -0.2025 2.8387 154 137 100
-0.3202 -7.7786 3.8127 132 124 85
0.8970 1.3609 3.6844 143 145 62
2.7374 0.9542 2.8502 165 131 85
3.3614 -5.3529 2.5744 138 123 84
-7.7214 -3.8788 0.8384 168 155 125
2.7045 -0.3352 2.8930 146 121 86
-3.4952 -3.9746 2.6212 152 143 93
3.3229 1.0505 2.7017 148 147 77
7.7744 7.9621 0.8788 166 145 121
0.1189 7.1563 3.9779 125 121 67
3.0954 -0.2405 2.7513 154 156 71
2.9764 2.9308 2.8332 168 128 84
-4.2961 -2.2098 2.2534 153 143 97
-5.0152 -4.0439 1.9943 154 136 92
-4.7740 3.4881 2.0078 158 125 102
-3.7314 6.1687 2.4986 157 144 77
4.0280 3.1734 2.3802 165 117 81
0.4383 4.3701 3.8153 119 120 50
4.4651 -5.0072 2.2584 166 151 112
-2.5717 3.5310 2.9653 136 142 90
-0.6688 0.3305 3.6773 152 128 91
-1.0876 -7.2867 3.4707 144 133 74
-1.3748 -1.9622 3.5363 141 121 70
-1.0552 3.1218 3.6012 128 142 79
-0.6645 -3.5472 3.8426 132 135 55
-3.1511 6.0355 2.8144 149 130 84
-0.1656 3.0131 3.9485 150 111 60
-5.9253 1.1685 1.6173 163 154 105
-3.0469 4.1869 2.7373 157 133 96
-2.1468 -1.8864 3.1086 141 125 85
-4.4142 5.8556 2.2339 157 145 88
0.4165 5.6043 3.8408 142 110 54
3.7019 -1.2335 2.5151 142 134 95
-2.2534 1.3951 3.1019 141 131 87
-4.1756 -3.1965 2.2750 154 143 100
-7.8660 0.8413 0.8465 165 155 121
-1.7713 4.3049 3.3349 123 148 75
6.7481 7.8878 1.2727 176 144 109
4.8415 0.9767 2.0860 156 152 101
2.8233 4.3689 2.9518 158 143 88
5.6913 6.0736 1.7153 162 153 126
1.9369 -7.4493 3.2278 157 142 69
4.7230 7.0513 2.0846 159 140 102
-7.0515 -5.0424 1.2329 153 144 117
-5.2251 0.6608 1.9499 168 150 106
-3.2986 -6.6142 2.7281 136 144 63
-0.2551 -1.6127 3.7995 132 140 74
-2.7182 5.2604 2.8945 140 151 69
-7.9269 4.3307 0.8138 173 148 127
0.5994 -3.7635 3.7973 140 132 66
-5.9486 -0.0258 1.5329 168 139 101
4.5390 -5.8964 2.2314 153 137 103
-5.0883 -2.7946 1.8813 157 138 109
2.4365 1.2924 2.9591 155 146 82
0.4344 -0.9312 3.8180 135 135 70
-4.8743 1.9827 2.0858 153 134 97
-2.1907 -1.5002 3.0599 140 151 80
-7.6401 -0.6711 0.9370 176 157 124
0.9551 3.9739 3.6402 148 145 76
-2.7116 -4.7564 2.9236 160 125 75
-2.0884 2.4193 3.2042 142 141 85
3.1733 -1.3555 2.7274 164 137 96
3.2516 -6.8734 2.7099 144 149 85
2.5782 1.9156 2.9014 150 143 92
0.1074 3.9037 4.0333 139 132 72
-0.3803 7.0968 3.9185 148 133 83
7.8577 5.1380 0.8432 173 145 116
-1.5756 -5.4734 3.4534 156 125 69
-1.9306 -6.8479 3.1240 159 152 90
-5.2396 -5.6911 1.8751 154 165 89
4.5836 1.9963 2.0669 164 139 78
3.2518 -5.4004 2.6735 166 161 90
1.1809 -1.5330 3.5972 143 138 76
-2.0137 -2.6989 3.1027 159 138 91
-0.9157 3.1078 3.7066 137 132 72
-7.6313 -5.0961 0.9574 168 167 111
2.6919 4.4411 2.8993 142 134 80
-5.5801 5.6003 1.8370 152 139 91
0.3285 -3.2788 3.9339 137 128 68
4.4990 -1.0494 2.1833 179 127 81
5.0280 -2.6617 2.0700 155 148 99
-1.6866 -5.2386 3.3262 159 125 74
-2.6902 -5.2420 2.8943 147 140 68
1.8536 -1.4192 3.3426 144 129 82
3.2548 -5.8697 2.7783 130 135 77
2.3187 3.3516 3.0063 158 137 72
1.0951 7.4875 3.6558 144 132 68
7.3421 -0.3377 1.0255 160 141 113
3.0948 -2.5948 2.7944 145 136 78
-5.0138 1.0585 1.9683 162 153 98
-5.1159 3.3988 1.9263 154 123 116
-7.8016 -4.4862 0.7310 181 150 120
5.4173 -7.8242 1.8655 137 155 98
-5.3548 2.9889 1.8008 160 160 116
1.1467 5.4528 3.4976 151 144 74
4.8156 -7.4233 2.0235 159 167 102
3.6703 7.7982 2.5006 166 129 76
-6.3360 6.2035 1.4578 163 147 111
3.6405 1.1960 2.5976 158 133 87
1.6451 -0.0447 3.3313 159 142 70
-0.4265 -5.4218 3.8853 143 115 78
5.4371 1.7605 1.8262 175 148 97
4.8597 6.8152 2.0960 165 139 110
-0.9943 -4.1162 3.5684 146 121 76
4.0828 4.2554 2.3200 162 139 95
-4.5914 1.8240 2.1435 167 140 93
7.1754 -2.9973 1.1583 150 165 99
-1.3439 3.0022 3.5369 143 121 70
6.5917 3.7510 1.4169 154 145 103
-4.5637 -2.8275 2.2884 155 133 101
-4.5485 -3.9955 2.1915 148 151 105
1.2177 0.2217 3.5288 165 143 88
-1.4950 4.0542 3.3903 156 115 66
-1.5708 6.2603 3.2809 121 152 88
-0.3832 -3.3060 3.8768 140 133 72
-5.7404 -0.6663 1.6840 168 125 120
1.2704 -3.0984 3.4867 144 139 76
-7.8845 2.2032 0.8109 157 164 131
6.6014 -4.0613 1.4070 163 163 107
2.9430 -1.4013 2.7526 154 131 91
0.6205 1.7136 3.8186 156 144 67
-1.0033 2.5683 3.5993 143 137 70
2.6804 -1.0570 2.9521 151 153 82
-5.1492 6.3215 1.8242 151 139 107
-6.9058 -1.7027 1.1882 169 155 100
-1.8918 0.4420 3.3084 147 139 82
4.4225 -0.6953 2.2838 154 155 107
6.3369 -6.1349 1.4785 168 158 108
-5.4522 2.6103 1.7794 154 153 125
2.3662 4.7265 3.0672 146 142 75
6.3126 6.7143 1.4190 185 140 109
0.6920 4.6979 3.6489 154 108 61
6.5623 3.1347 1.2971 166 151 95
-2.9898 -0.8534 2.7918 165 126 80
-4.3395 -5.3852 2.2526 140 129 95
-4.6138 6.9927 2.1408 160 155 99
5.3801 -4.1871 1.8509 164 132 109
-1.7767 5.1591 3.3118 162 130 91
-6.4013 -2.7559 1.4591 143 153 109
-7.8381 -1.1289 0.8325 178 143 120
3.4564 -0.8732 2.5579 155 131 79
-3.4052 -6.6971 2.6658 139 137 93
-5.9221 0.8100 1.5784 172 140 119
2.1634 7.4457 3.1001 142 126 93
2.1666 4.2893 3.1123 133 128 83
-3.5022 3.4416 2.4939 151 158 85
1.4942 -4.7774 3.3725 146 127 84
-6.2354 5.5354 1.5647 163 157 111
2.6415 2.0241 2.8876 148 141 52
1.0498 -1.4927 3.5465 138 135 72
-6.0451 1.2016 1.6227 160 154 72
-7.2518 2.2427 1.1142 176 161 104
-5.8487 1.1050 1.7036 143 126 106
-2.4106 6.4324 3.0151 150 137 91
3.2683 -7.3692 2.5825 152 128 93
-1.0682 4.2261 3.5331 132 128 57
7.5328 2.0266 1.0584 163 156 119
3.8377 2.4097 2.5173 170 135 95
5.9194 -6.6323 1.6114 173 153 91
4.8774 4.8892 2.0342 171 138 92
5.9413 2.8436 1.6223 167 153 92
-4.7385 0.9900 2.1008 163 148 98
-7.7184 -1.5595 0.9274 169 167 132
7.6538 4.8852 0.8507 164 133 117
2.1657 6.9850 3.0910 153 151 89
1.9571 4.4541 3.2319 147 133 62
-4.2928 4.9775 2.2451 173 150 100
2.5691 -1.0323 2.9975 148 118 77
-5.2752 2.2939 1.7967 161 155 87
-2.7653 -2.0890 2.8973 143 127 85
-5.7418 6.3992 1.7163 164 136 127
0.5185 -1.5509 3.8464 143 132 70
-4.6964 3.3666 2.0875 155 156 80
3.7296 5.2987 2.5275 145 156 84
3.7725 -0.1890 2.5439 155 133 99
6.5513 -2.0100 1.3556 177 150 94
-2.1933 1.5586 3.1913 123 99 73
-5.5793 -1.2085 1.8399 168 143 90
-2.9872 5.2548 2.7902 159 133 90
0.4905 2.1634 3.8125 134 130 75
7.6962 -2.0095 0.8902 166 163 116
2.2690 -6.3786 3.0787 162 145 93
-1.3774 -2.7232 3.5356 140 142 73
2.6518 -0.6128 2.9673 142 143 90
4.8857 -0.3747 2.0139 157 142 119
4.5604 -0.4561 2.0634 158 141 95
0.8719 4.8097 3.6676 144 128 82
-1.4646 7.9652 3.4379 142 137 71
-6.3527 4.3543 1.5520 160 142 113
0.5547 -0.7942 3.7565 149 131 70
4.5127 2.2095 2.1732 158 143 98
-5.5167 -4.3095 1.7961 168 148 102
1.1273 -7.9973 3.4764 137 143 94
-4.8065 4.7792 2.0597 158 138 96
-3.8095 -0.1437 2.6160 140 155 91
2.9178 -4.3499 2.8009 147 146 83
-1.2330 1.5100 3.5215 148 124 78
4.3913 -7.3644 2.2529 149 122 90
1.9561 -3.6297 3.2669 153 124 98
-7.1824 -3.5655 1.1655 177 153 102
1.4947 -0.2387 3.4318 157 139 84
1.5068 6.1047 3.4635 140 150 89
3.8616 5.4705 2.3715 184 148 84
6.5176 5.8213 1.4574 166 134 109
-1.4326 -0.3995 3.4367 164 148 90
-6.4119 5.4860 1.4234 151 175 107
-7.5227 -3.9975 0.9682 175 150 126
-2.0861 -5.3328 3.2101 146 128 64
-6.9127 5.5469 1.2884 171 174 95
3.0983 2.8474 2.6985 153 135 91
-5.5152 -2.9859 1.7672 172 139 109
-3.1818 -0.8294 2.7465 158 137 89
1.6948 6.8643 3.3015 139 131 74
0.3007 -7.2976 3.8878 146 134 66
5.2902 -0.3401 1.8246 158 135 106
-3.5801 -1.5491 2.5952 165 117 86
5.6716 2.0518 1.7436 151 125 101
-6.7273 5.2486 1.2396 158 143 107
4.3823 -0.6218 2.2930 155 122 96
-0.3510 -4.5527 3.9425 134 139 61
2.0321 -5.1166 3.1845 145 147 85
-3.5886 -1.5287 2.5540 162 145 94
-0.2041 7.8191 3.8733 148 141 77
-1.3539 6.8555 3.4815 155 115 84
2.7491 6.8092 2.8810 150 131 90
-7.0462 -6.8964 1.2406 164 151 119
4.5257 3.6516 2.1354 177 143 113
-2.6923 -0.4465 2.9006 155 147 91
-3.1243 2.2253 2.7737 159 143 85
4.9970 -2.3291 1.9949 167 131 110
0.2963 7.6888 3.8753 145 123 62
5.4410 -4.3324 1.8265 156 138 103
-3.6353 -4.0708 2.5229 163 150 100
7.0773 6.4144 1.2075 177 161 105
4.8677 -6.4377 2.0023 142 135 101
5.4843 -1.6427 1.7338 174 152 86
7.3155 -7.5559 1.1224 165 149 105
1.4921 7.1221 3.4465 129 120 91
1.7711 6.9594 3.3236 143 122 71
6.7712 -4.9631 1.2739 175 143 93
4.9995 2.4016 2.0754 154 144 99
1.4706 5.5293 3.4024 131 130 75
-5.0234 4.5653 2.0270 183 133 105
5.4697 -7.7225 1.9212 165 145 74
5.1760 0.9992 1.9023 158 137 109
1.8844 -2.0426 3.3330 136 131 93
0.6395 -5.5262 3.7551 133 127 67
-0.5819 -6.3303 3.7799 139 130 59
2.6087 -7.7397 2.9189 153 132 71
-0.6833 0.2360 3.6961 131 118 57
-0.0254 0.7458 3.9793 138 116 79
7.6744 0.8182 0.9432 164 168 98
-0.4025 -5.3695 3.8181 141 116 61
-0.6291 2.6937 3.7930 142 164 71
5.3893 -4.4688 1.8648 169 140 96
-0.6707 2.2572 3.7642 138 137 73
2.3083 -1.5455 3.1019 157 125 67
7.0249 -6.4810 1.1808 159 165 109
-3.8404 -1.3083 2.4278 163 140 89
0.0945 -4.0721 4.0011 128 123 70
-5.3173 0.8870 1.9262 153 158 92
3.0015 -5.2967 2.7507 162 130 110
-7.4914 4.8817 0.9366 173 134 103
1.7751 -0.1254 3.2938 149 129 86
1.0290 5.1525 3.5568 151 126 87
6.6138 -7.7971 1.2958 169 155 116
5.8437 -0.5557 1.7109 162 156 94
-1.4293 -7.7494 3.4514 155 140 69
-7.4086 3.5651 1.0460 176 145 106
5.4368 -1.2803 1.8213 162 114 113
-7.5955 -2.4892 0.9196 184 164 127
-5.5121 -7.1425 1.6994 156 160 116
2.4622 5.7292 2.9556 143 112 86
-7.2295 1.2904 1.0664 167 137 112
3.6633 -4.0994 2.5654 155 134 108
5.3289 7.6940 1.8652 150 156 88
-6.3254 0.8400 1.4586 164 144 101
-6.5819 3.9910 1.3863 170 143 107
0.4087 5.1130 3.8597 140 134 71
1.2414 -7.0351 3.4874 144 129 80
-6.3568 2.7018 1.4099 163 166 103
-7.0037 6.8039 1.1851 182 131 108
6.9488 -2.9255 1.2546 162 144 117
-6.8884 3.3878 1.1337 166 138 114
-7.3543 -0.7421 1.0081 167 143 116
1.8866 7.7226 3.2958 150 145 88
-0.1072 5.5191 3.9434 127 124 62
6.5507 6.4940 1.3787 154 141 101
-4.0823 -4.8225 2.3429 142 136 76
-0.7557 0.8805 3.6667 143 116 75
5.6229 -7.5120 1.7384 152 131 105
-6.9973 -5.9238 1.1788 169 150 108
-3.9332 -0.1525 2.4267 159 151 82
2.4908 3.9724 2.9949 128 148 73
7.8346 -4.9043 0.9013 173 168 123
-7.1691 0.6271 1.0418 179 147 103
-4.4035 -6.9878 2.2235 153 127 114
6.0735 0.4894 1.4929 179 154 112
7.8014 -5.3086 0.9153 168 160 114
7.4541 4.2612 1.0525 166 150 112
-3.0242 4.9374 2.7627 141 142 97
-4.4305 -3.4761 2.2664 154 152 94
-2.3550 -0.3872 3.0530 157 121 91
4.7284 3.5564 2.0170 157 134 94
1.2883 -2.5324 3.4576 166 120 84
7.1265 -2.5478 1.0194 176 139 96
-7.4261 -6.9265 1.0377 165 150 107
-1.3175 2.3535 3.5718 127 132 63
3.6867 -5.0277 2.4984 151 137 102
7.1808 -0.9370 1.0564 165 156 107
-1.5547 0.1952 3.4210 150 132 69
-1.5060 -4.8691 3.3433 152 142 79
-6.0625 1.3894 1.5425 174 146 123
0.1246 -7.9539 4.0374 142 104 75
-4.7080 -5.3727 2.2180 147 145 98
7.1062 0.4847 1.1709 181 153 111
-7.6965 1.6624 0.8777 150 150 122
4.5893 -4.8534 2.1307 156 147 97
7.3089 4.3409 1.0994 155 138 110
6.5061 1.1950 1.3655 160 163 115
2.3605 -3.9340 3.0033 149 138 83
-2.2403 6.3434 3.1061 133 132 82
3.5343 -3.8046 2.5777 152 132 91
-3.6313 2.3080 2.5671 160 122 105
5.7075 6.4154 1.6939 165 125 100
-4.4072 -2.9969 2.2254 146 148 92
-7.5074 -3.9501 1.0431 166 151 96
5.0621 -7.6034 1.8855 165 140 124
-4.5846 -0.7021 2.0661 156 139 122
0.8838 -3.2508 3.7078 143 133 93
4.9665 -4.1177 1.9941 174 127 113
-7.8178 -5.2691 0.8898 173 144 109
7.1426 -7.9852 1.0782 167 146 107
-2.7535 4.5342 2.9779 144 132 91
0.8479 -7.4608 3.7089 140 144 68
1.6263 5.9725 3.2653 153 152 86
4.1367 6.5930 2.3930 164 134 96
-6.3870 -3.2707 1.5000 176 156 121
1.8186 4.5049 3.2632 154 139 88
6.9039 -7.6708 1.2602 170 143 119
-1.3738 -5.6268 3.4319 152 142 83
-2.5701 3.7558 2.9459 140 152 100
5.7021 5.0985 1.7132 167 149 97
0.0223 6.0967 3.9552 142 122 67
6.7169 6.6846 1.2367 163 137 119
-7.1154 -7.0572 1.1806 170 163 119
2.4615 1.0457 3.0450 149 142 90
-1.7975 6.6527 3.2245 129 135 88
1.5174 4.9532 3.3478 139 140 95
6.6736 -3.4115 1.3930 148 139 97
0.3713 -1.2306 3.8808 140 134 71
7.9948 -6.2781 0.8446 165 142 112
-3.9524 5.9229 2.4462 170 149 94
6.3678 6.9076 1.4307 151 138 95
-1.7671 -5.7974 3.1980 138 149 88
7.9582 -0.0627 0.7260 175 164 110
-7.1588 -5.0941 1.2270 148 148 117
-2.5766 5.5785 2.9749 144 136 86
-4.9210 -1.5989 2.0800 165 148 99
5.6710 -2.8087 1.6987 170 145 119
-4.5983 -1.3432 2.0923 151 166 111
-7.1912 -0.3014 1.1480 158 144 103
2.9950 -5.9397 2.7592 136 151 78
-4.0745 2.6788 2.3649 148 150 91
-5.0286 2.9895 2.0051 185 135 89
-6.6726 6.4788 1.3101 174 147 122
-1.2794 -1.8671 3.5176 140 130 79
-4.0945 -0.6947 2.3768 165 128 94
-3.2734 5.9533 2.6680 157 127 96
0.2987 2.0083 3.8328 144 132 67
-3.6837 -0.4330 2.4685 158 116 98
6.7471 0.7091 1.2595 163 136 104
3.6980 5.1262 2.5704 159 141 94
-1.9922 7.3955 3.1019 143 135 82
-2.8343 -3.3779 2.8598 158 136 102
-6.5982 -2.6945 1.4014 168 158 109
-2.8762 -1.0737 2.8798 145 131 96
4.8050 -4.3573 2.0979 175 162 98
0.3814 3.7088 3.8128 153 122 70
5.2887 -2.5924 1.8335 146 146 114
-0.2552 0.8084 3.8841 142 135 68
-3.6956 7.6198 2.5660 151 147 102
-2.3273 7.4608 3.1045 148 131 81
-1.8630 4.7183 3.1962 142 129 78
-0.6181 -0.1062 3.7244 149 139 69
-3.5020 -7.8052 2.6035 136 149 121
-6.7272 -0.9807 1.2691 181 138 117
0.8600 -2.1705 3.6979 138 130 78
4.7055 -2.5424 2.0433 159 158 108
2.0402 -2.7060 3.1996 148 141 75
3.9224 -3.3712 2.3731 130 133 106
-6.5303 0.1158 1.3561 176 145 122
-2.8148 -2.4439 2.9276 141 138 103
7.0819 -1.3367 1.1054 188 150 118
7.4467 4.4674 1.0490 170 161 127
1.7386 -0.1113 3.3751 132 124 68
-2.5367 1.3460 2.9098 155 149 91
5.7386 2.4585 1.6975 165 153 98
-4.7060 5.9794 2.1606 164 141 88
4.9142 -4.7472 2.0459 164 146 106
-4.6531 -0.3617 2.1618 158 137 91
0.1396 -6.0730 3.9185 144 120 73
0.2066 -2.5537 3.8730 126 120 60
1.1623 -7.3033 3.5337 151 151 88
-5.2004 3.0914 1.8686 167 149 109
-3.5552 -6.1406 2.5594 144 135 95
-4.3705 -1.2205 2.3280 163 144 100
5.0962 1.4342 1.9425 159 169 107
1.8271 1.2904 3.3397 141 127 93
-7.5161 0.2107 0.9814 166 143 126
-3.1073 3.2125 2.7342 147 126 71
4.1576 5.5344 2.3775 147 152 71
-4.1020 -0.7932 2.3983 155 147 84
0.9177 -4.8221 3.6059 148 137 83
3.0404 3.5321 2.8363 153 125 73
-7.4367 -7.3796 1.0219 166 137 110
1.6964 -7.2593 3.3950 156 134 59
7.2564 -3.6828 1.1457 180 144 126
-7.8341 -5.7177 0.8785 151 162 106
4.8488 -3.7153 2.0182 169 136 109
-5.9600 -5.7175 1.5992 174 142 93
-5.9008 -4.0239 1.5753 175 147 95
0.6205 0.7407 3.7965 131 116 84
1.9402 3.6859 3.1519 144 139 87
5.8281 7.4636 1.7208 164 147 107
-7.2095 -0.8714 1.1360 179 135 112
1.6099 4.2031 3.3457 159 124 81
1.0648 4.8961 3.5464 138 122 83
4.3924 3.7302 2.2136 172 131 105
-4.8916 0.3442 2.1050 168 140 82
-4.7239 1.5378 2.1177 147 142 84
2.7551 -7.5306 2.9948 144 138 86
-0.7205 6.4893 3.7525 133 130 94
-5.1285 3.4059 1.9027 156 146 92
2.4332 -2.1050 2.9226 159 122 88
6.8401 6.2740 1.2968 170 138 86
-6.8080 6.3855 1.2634 162 150 118
3.0935 2.6838 2.7464 164 122 91
7.8829 7.3030 0.8646 165 143 118
7.4759 3.8132 0.9684 165 139 119
-7.0847 -5.3516 1.1195 170 145 109
-2.1738 -0.3984 3.0164 159 136 77
6.1552 -2.0715 1.5000 181 145 90
-2.9771 7.5031 2.7737 146 122 88
-0.0258 2.3561 3.9719 145 130 43
-5.1653 3.2114 1.9673 164 144 100
-1.7188 -2.6089 3.4066 137 131 71
-4.1693 -4.8972 2.3674 159 137 88
3.3550 -6.4783 2.7859 158 122 82
-0.5506 -2.0059 3.7951 151 113 44
-0.4316 5.6341 3.7491 133 133 62
6.9420 2.6681 1.2321 170 151 119
-2.4903 0.4544 2.9444 161 136 81
-3.3881 -5.3081 2.5782 160 142 83
-5.1240 -0.8236 2.0373 150 143 87
5.8193 7.3960 1.7539 154 148 116
6.4568 0.7708 1.4257 152 139 98
4.1423 -3.9604 2.2907 164 136 92
-6.9028 1.4385 1.1796 177 151 98
6.9370 3.7876 1.2377 159 158 105
0.7062 3.9194 3.6542 150 129 77
-4.3228 -6.9618 2.2657 173 151 90
3.3976 4.8252 2.6759 165 161 85
-5.3348 6.2874 1.9298 168 146 121
5.8373 -0.2298 1.6708 176 159 112
0.6064 -4.9517 3.7680 138 137 84
7.0254 -4.4220 1.1166 173 162 114
2.4414 3.2275 3.0906 162 139 89
1.2840 -7.4857 3.4352 137 144 74
1.1921 -1.9627 3.5583 151 125 77
1.3672 -0.1224 3.4589 124 144 66
2.3023 0.4204 3.0690 140 126 84
-3.3727 -1.1151 2.6094 157 141 96
3.4869 3.1433 2.6728 153 129 82
6.9844 -3.4374 1.2058 170 138 116
-1.8505 4.0769 3.2291 142 147 79
-5.2772 -0.9688 1.9100 163 149 87
-2.4580 -6.0033 3.0068 160 124 88
4.5212 -4.2561 2.1412 162 140 104
-4.7595 2.1842 2.0513 157 157 104
-2.6417 -7.0795 3.0710 149 119 74
-3.0575 -3.4372 2.6967 156 151 72
-2.0443 6.5502 3.2510 155 156 77
1.3906 -3.5655 3.3447 128 136 73
-6.3126 -3.8588 1.4700 176 157 102
4.5173 4.1527 2.1547 152 132 109
-4.0996 -0.9475 2.3001 155 136 110
-4.1066 2.3677 2.2596 164 138 85
0.1564 -4.4296 3.9866 129 129 78
5.6588 -7.5923 1.7616 156 141 106
2.9345 -6.8034 2.8324 151 128 88
-0.2530 3.8118 3.8929 150 129 64
2.7993 2.7849 2.9214 150 134 76
4.5395 -0.5909 2.2524 161 141 109
-4.2480 -4.5348 2.2894 158 138 102
7.7300 -3.6820 0.9028 156 146 115
3.6459 2.2797 2.5626 150 134 78
1.1016 7.8259 3.5937 136 135 85
2.8335 -0.4857 2.9285 158 144 107
0.2090 7.0840 3.9437 139 137 72
1.3995 -3.5418 3.4351 148 157 100
1.6457 3.8598 3.4247 141 123 68
-3.1634 1.3231 2.6688 150 143 102
-7.9121 1.2572 0.9072 171 147 96
3.9933 6.6393 2.4060 138 131 97
-1.6008 -1.5792 3.2515 142 118 74
-0.9598 1.6405 3.5547 147 130 78
0.5726 2.5929 3.6924 140 140 76
-5.3102 5.6946 1.9430 165 163 115
6.7245 -5.7056 1.2638 163 142 121
0.1075 -6.0682 3.9616 135 117 80
2.8089 -3.1566 2.8502 157 134 90
-1.0518 3.0400 3.5390 143 131 77
6.2485 -5.6030 1.3832 188 159 99
7.6123 -3.9663 0.9488 169 146 113
-2.5781 -4.2319 2.9254 137 135 88
3.2979 4.2380 2.6912 135 141 98
-0.1862 7.3162 3.9907 153 120 74
-5.4091 7.4468 1.9122 161 130 112
5.5438 7.5909 1.7354 179 143 110
7.8475 -0.4866 0.8597 173 154 124
1.5006 3.1774 3.4988 149 154 77
-1.4160 -7.6462 3.3560 155 143 75
6.0009 -0.8352 1.5755 179 147 88
5.7144 1.2521 1.6959 167 154 97
5.6193 4.8741 1.7335 159 139 107
-3.5342 6.7784 2.5839 158 132 96
-7.8772 -2.2932 0.8993 155 146 121
2.7421 -5.2871 2.9028 152 125 71
3.8822 -0.7557 2.5542 147 143 97
1.1106 -7.6885 3.6730 151 139 87
-2.3240 6.4843 3.0943 159 138 64
3.5601 7.2595 2.6020 159 139 94
3.5024 -0.3342 2.5964 135 143 81
-4.0759 0.1481 2.3392 160 142 82
0.0448 -3.0379 3.8989 132 118 62
-4.1993 -1.8132 2.3510 148 145 97
-7.5644 0.8682 0.9246 160 174 115
-1.8588 6.8567 3.2382 135 128 70
0.5309 3.0243 3.8122 119 122 72
0.5750 0.8222 3.7963 141 133 40
-4.8219 -1.9948 2.0198 167 130 108
1.0952 2.4070 3.6057 131 138 77
-4.1734 2.1525 2.2995 157 151 80
-6.4311 -4.3688 1.3569 161 142 102
2.6666 -6.2464 2.9785 161 149 84
7.0183 6.6828 1.2539 180 159 108
-2.4511 -2.8608 2.9034 157 123 76
0.7458 -7.3626 3.7620 128 119 76
5.3511 7.6714 1.9185 144 120 94
-5.7474 -2.5682 1.6494 176 150 108
5.8828 -4.0024 1.6303 149 146 93
7.5131 6.1121 0.9530 170 140 103
-5.5549 6.8189 1.7501 151 137 113
-7.4087 7.6162 0.9925 160 149 103
-4.3131 -0.3173 2.3305 143 147 91
3.3726 7.6301 2.6603 158 140 83
-6.2774 -3.9867 1.4747 177 139 106
6.6197 -5.5558 1.2912 159 131 102
-0.1371 -1.4322 3.9836 135 132 93
6.2264 -1.2435 1.5092 150 162 97
-0.7700 -7.2199 3.6259 150 118 85
3.7397 4.9606 2.5429 149 143 101
-1.2679 2.8160 3.5085 135 122 70
6.4716 6.7654 1.3933 162 128 98
1.4058 6.0529 3.4358 155 135 79
1.1387 4.3231 3.5180 129 139 72
4.9787 -2.4359 2.0032 164 142 111
1.8208 7.8014 3.3325 143 122 77
3.4792 5.1059 2.6647 158 140 98
-6.0594 -3.2809 1.5819 177 145 119
-4.9328 -2.4408 2.0240 163 146 106
-6.1252 0.7650 1.4996 167 156 100
-5.5802 -4.9578 1.8493 168 135 84
-3.9266 -6.0501 2.4846 166 153 104
-3.0817 7.2504 2.7549 143 125 75
0.2723 -1.4792 3.8909 125 128 61
5.9251 -3.5853 1.6187 188 150 116
-1.8642 -6.3026 3.1317 171 121 63
-2.2252 1.8178 3.1278 136 130 96
5.0079 2.9091 2.0640 156 135 108
-7.6540 3.0376 0.9484 173 164 113
-5.9554 -5.3365 1.6663 153 151 82
-5.0441 -0.2787 1.9129 166 125 91
0.6524 -1.0263 3.7788 142 135 60
4.9270 0.5743 2.0372 173 148 90
6.8710 -3.5756 1.2882 170 151 112
0.1338 6.9298 3.8988 145 128 70
-7.4937 3.5899 1.0296 157 151 106
-4.9359 -1.9893 2.0316 153 168 108
5.7184 5.6846 1.7792 153 145 100
-0.8748 2.1641 3.6875 147 132 82
3.7750 5.4826 2.4276 161 147 84
0.8393 2.2094 3.7419 143 129 71
-0.7641 -2.3435 3.8046 139 128 83
3.2858 0.1462 2.7332 137 133 90
3.5680 -2.9394 2.6016 151 123 95
-2.2721 3.3154 3.0935 147 152 83
-0.5081 -7.4805 3.7453 149 121 78
6.5554 7.8872 1.3645 172 133 119
0.7927 -6.7286 3.6255 147 133 75
5.3972 -2.8487 1.8853 156 155 105
-4.2940 -7.1534 2.2454 161 145 110
1.4001 -0.6016 3.3876 130 153 99
0.6556 7.6576 3.6562 142 134 72
-7.5162 6.6072 1.0912 174 157 105
-2.0956 -1.4473 3.1215 149 139 96
-7.7742 -3.1680 0.8288 163 158 118
-1.6556 -5.0699 3.3005 160 139 87
0.6533 5.8598 3.7756 163 116 72
7.2687 -6.1541 1.0709 165 160 118
2.9644 7.3452 2.7889 141 149 85
-4.9640 6.1952 2.0343 169 140 80
-2.8092 7.9293 2.8014 145 140 101
0.8226 6.8371 3.6874 112 140 68
-3.4163 5.7495 2.6487 155 142 97
7.1987 7.0193 1.0815 169 146 120
4.5743 -3.4825 2.1250 147 127 99
6.7074 -3.3024 1.3903 178 161 98
-4.4263 7.4650 2.2719 163 156 110
-5.6291 1.3093 1.7968 142 128 110
-7.0334 7.0441 1.2534 159 150 125
2.6638 4.7675 2.9793 156 131 99
5.0822 -4.5386 1.9022 166 155 95
5.7152 7.6504 1.6961 163 145 123
-7.5206 -4.6423 1.0547 161 160 123
6.5987 5.9166 1.3237 161 152 119
-4.1585 1.5276 2.3704 163 116 107
6.0344 1.7892 1.6830 164 150 117
-5.6153 -1.7577 1.7299 150 153 90
-6.3224 -4.8699 1.4664 159 170 100
4.8804 -5.3230 1.9691 167 134 97
2.9699 -7.4491 2.8503 161 147 86
3.6499 -7.7906 2.5314 149 154 69
-3.7444 -0.2128 2.4834 160 141 110
3.3577 -7.8027 2.5903 143 131 78
6.4778 -2.1044 1.3991 175 150 88
1.7386 1.1013 3.2926 150 152 66
-6.7101 -7.6551 1.3508 164 136 117
-6.0500 -6.3399 1.5920 166 138 114
1.5099 3.4605 3.4537 124 126 63
0.2066 4.2033 3.8823 150 127 64
-5.5573 6.3614 1.7551 156 137 102
-7.7705 6.0478 0.9009 171 154 112
-0.9214 -3.3826 3.5672 150 131 67
4.5352 5.4897 2.1551 163 145 86
-3.0136 4.6026 2.8129 147 129 99
-4.3267 7.7090 2.3285 157 146 97
4.6410 5.8211 2.2557 161 146 100
-2.2922 -0.3636 3.0626 167 138 82
2.0796 4.0400 3.2133 159 130 78
-1.0813 1.8906 3.5695 152 137 80
5.3434 7.8395 1.8501 169 146 109
-3.9577 -7.8618 2.3882 147 142 98
-3.1133 -0.2504 2.6390 151 138 92
-3.7054 -3.7100 2.5631 143 140 84
-0.0060 0.1818 3.9191 133 126 59
-6.5726 3.8586 1.4076 160 142 117
0.7787 1.3241 3.7161 152 138 79
6.7718 -0.0121 1.3286 182 140 117
4.3894 1.1986 2.2739 164 145 94
0.4783 -5.9056 3.8112 153 125 64
4.7356 5.8093 2.0767 158 131 108
-0.8608 -0.0827 3.6607 142 148 81
1.6573 5.3993 3.3580 137 128 72
3.7447 4.2928 2.5019 151 153 86
-1.7822 -2.5690 3.3284 140 125 89
6.6460 1.1830 1.4056 182 139 131
-1.2113 -6.2783 3.5506 148 136 79
-4.9528 -2.8080 2.0035 176 138 107
-4.1455 1.1133 2.3541 156 130 96
-2.3006 2.9335 3.0302 156 127 89
6.5533 6.5302 1.3269 168 150 108
7.6005 -4.4428 0.9242 177 149 110
5.4366 -7.4060 1.7190 159 147 84
4.7123 5.5855 2.1699 163 146 94
-0.5924 -1.8469 3.7392 134 117 84
-6.7871 -5.9508 1.2316 152 149 124
6.4427 -2.9115 1.3736 148 155 119
0.0848 2.6746 3.9444 141 119 67
5.6038 -7.1864 1.7151 148 131 112
-2.4198 4.1108 3.0817 149 134 89
-6.8749 3.1822 1.2671 171 131 129
0.4540 2.1793 3.9146 121 125 68
-3.1002 -3.5891 2.7807 154 117 83
5.7695 7.4614 1.7256 160 138 97
3.6672 4.5133 2.5291 149 131 86
0.4122 0.4833 3.7843 140 129 84
-0.4279 -1.2906 3.7899 153 129 77
-5.7550 -2.0741 1.7674 165 146 105
-3.2068 -7.7100 2.7415 140 130 84
-7.1186 6.5856 1.1665 183 150 137
-7.7136 -5.3903 0.8014 181 139 124
3.8573 -0.8411 2.4860 157 145 90
-5.7024 0.3481 1.5714 164 155 111
5.2378 -6.5871 1.8822 146 134 115
-4.1309 7.0047 2.4086 146 124 97
1.5369 -5.0243 3.4274 133 144 83
-5.2478 2.5915 1.9153 154 156 123
0.0010 -6.8148 4.0229 143 149 44
-6.8695 0.0584 1.2881 177 165 105
-4.5348 4.8625 2.2062 167 136 86
-0.8419 4.8416 3.7535 165 124 79
6.7246 -1.0462 1.2592 160 146 122
-0.1191 -2.8915 3.8590 130 139 70
5.3928 -6.3600 1.8359 145 123 84
-4.6106 -1.8955 2.0765 164 149 110
3.3233 0.4981 2.6053 156 134 117
-3.9796 -3.7792 2.4571 170 153 98
6.6904 -7.4950 1.3827 154 146 105
-0.0237 2.9808 4.0295 126 116 84
0.6724 1.7963 3.6599 137 118 61
0.1204 -3.0431 3.9465 157 128 77
6.2129 -6.8749 1.5401 177 160 120
4.8989 -3.7430 2.0569 173 143 112
6.9986 -0.7921 1.2180 169 151 109
-2.4016 5.6432 3.0064 149 152 76
5.5608 -5.8322 1.7787 166 148 100
-6.5435 -3.0644 1.3965 159 141 112
-3.0976 7.8330 2.7414 157 136 86
-1.4986 7.3009 3.4241 138 138 70
-7.4321 -5.8362 0.9607 162 148 122
1.7600 -1.6484 3.3223 148 141 86
-6.2552 -3.6530 1.5109 178 154 105
-5.9051 -1.4075 1.5943 165 169 93
2.5078 -6.2965 3.0165 143 133 79
-6.5981 -3.3367 1.3805 160 154 119
4.4643 3.2167 2.2405 155 133 87
-7.5548 -5.9248 0.9614 165 140 114
2.1805 -4.8109 3.1391 144 126 70
6.9233 0.0732 1.1422 174 160 106
-3.9275 -1.6725 2.4024 162 138 84
2.8362 -1.6107 2.8842 158 140 101
-2.1237 0.9730 3.2416 142 137 84
-4.7370 -1.6917 2.1326 156 137 91
2.9764 4.4022 2.7390 164 138 85
-1.4370 0.9052 3.3853 151 134 65
2.1349 2.0305 3.2148 136 136 81
-0.6123 -0.4183 3.7627 158 131 74
-7.1470 -0.8242 1.2269 165 152 109
3.6277 3.2767 2.6050 132 138 106
2.4797 -7.2488 2.9705 153 122 83
-6.0915 0.6135 1.5695 183 136 106
-3.3073 -5.4489 2.7204 146 144 89
-7.2032 -2.9317 1.1125 166 168 111
-2.0153 0.8224 3.1838 131 126 83
-7.8606 4.2311 0.8192 174 150 125
2.7529 -7.3433 2.9668 145 128 89
-2.8410 7.9867 2.8282 155 139 98
1.0898 -7.5730 3.5316 132 131 87
7.6987 -3.3242 0.9248 190 151 112
-2.9807 -2.8369 2.7490 133 111 100
-7.6949 4.3063 0.9364 167 143 101
7.5515 0.1368 1.0302 171 145 117
7.2319 -5.3165 1.0627 154 148 108
4.1141 1.5380 2.4325 145 133 96
-7.9842 -6.4215 0.8475 167 149 120
5.7128 6.1902 1.6919 164 145 114
-1.3479 -5.0422 3.3958 170 132 87
-6.8807 -7.1309 1.2576 157 147 132
7.9260 -1.3183 0.8438 157 167 101
0.0533 4.4039 3.8815 124 139 81
1.0522 -7.5545 3.5757 151 142 88
7.6949 -3.4861 0.8933 165 152 97
3.9559 -6.3338 2.4372 153 145 73
4.6972 5.4647 2.0704 156 139 110
7.4522 4.5004 1.0416 158 139 111
4.5570 -0.8553 2.1775 157 164 91
5.4671 6.2771 1.8724 154 140 104
-0.8892 6.0452 3.6387 165 129 71
-3.0393 -2.8310 2.7369 160 140 89
-7.6655 -2.6971 0.9864 171 163 125
2.4132 -0.9059 3.0839 145 130 81
0.2737 -0.4915 3.8385 146 137 72
7.6599 -4.9139 0.8867 156 141 126
-4.9590 -3.3830 2.0382 175 145 93
-7.2085 2.6485 1.1357 171 143 101
-2.3643 -7.1749 2.9433 150 127 77
-4.9289 5.9359 2.0225 174 141 82
7.8469 1.4260 0.8413 157 161 121
-7.0273 -4.3716 1.2375 168 135 128
2.7628 -0.0559 2.8902 142 137 80
0.5431 -3.0687 3.7914 141 138 47
6.6204 -4.1689 1.4272 156 141 127
6.7720 -4.7197 1.3177 171 149 113
1.4597 -5.9038 3.3328 170 145 66
-0.6855 3.2610 3.7603 153 133 75
0.7390 -7.4673 3.6647 139 120 67
6.9290 6.5923 1.1895 158 153 107
-4.5491 1.0105 2.2528 140 133 108
6.7597 -1.4697 1.3058 167 148 90
-0.8627 -5.6660 3.7563 143 117 74
0.7050 -6.1717 3.7337 145 125 80
3.9762 3.4107 2.3057 161 144 107
-3.8524 3.0659 2.4425 156 146 101
-3.7699 3.6116 2.4042 157 136 94
-2.3104 2.4607 3.1058 142 141 85
-7.3839 2.4555 0.9706 171 150 121
7.5074 -5.7082 0.9689 155 150 131
3.6843 2.8425 2.5377 167 128 90
-6.4180 -3.0916 1.4155 159 142 109
7.3682 -1.4301 1.1312 158 146 123
5.1339 -6.0592 1.9353 151 140 92
2.8977 -0.2979 2.7864 148 145 96
1.0323 -0.8745 3.5872 142 148 62
-3.7203 -3.6571 2.4792 156 136 76
5.7418 6.7527 1.7994 152 150 99
-2.5073 1.7230 2.9924 144 147 94
2.4397 -3.9213 3.0212 144 134 104
5.7537 -1.7492 1.7889 153 151 113
-5.8485 -0.8639 1.6531 160 143 98
5.3606 4.5770 1.8795 170 156 98
2.2912 0.5731 3.1254 146 128 98
0.7035 -6.2099 3.7475 143 142 74
6.5469 -2.4152 1.4287 161 138 109
-5.0490 -6.6394 1.9268 164 136 118
-2.2341 4.6321 3.0293 164 141 73
6.1904 -0.4806 1.5234 161 158 109
-2.2015 -0.7839 3.1685 151 138 75
0.0491 5.2480 3.9394 135 143 64
-7.7750 -2.3726 0.8715 186 157 117
-0.3939 3.7766 3.8401 142 137 85
1.9007 -2.9796 3.2116 141 140 79
-7.3836 -1.4638 1.1593 174 144 105
0.6595 -4.0131 3.6680 147 134 68
2.0178 6.7353 3.2551 123 130 80
-0.4767 4.8248 3.8204 152 130 85
3.2209 1.6059 2.7564 151 139 80
-2.1306 -7.4723 3.1940 151 132 74
2.0825 -0.7741 3.0511 166 144 90
0.2033 -5.1180 3.9324 132 131 80
-7.1122 1.1301 1.1048 178 161 115
-7.1173 1.0834 1.1668 164 150 112
-2.4814 0.2583 3.0242 137 139 98
-1.7988 1.3754 3.3282 139 127 82
-4.4257 5.6460 2.1848 149 149 102
-2.3777 -0.2472 3.0833 136 130 76
-1.8555 2.6235 3.2476 162 141 84
-3.9944 7.5426 2.6075 149 138 75
2.2491 4.0964 3.1015 153 154 91
7.7883 0.5463 0.9643 156 163 118
6.5879 -5.0742 1.3758 177 144 107
-0.2331 -0.0220 3.8295 138 142 54
-4.2799 -6.4336 2.2580 151 130 87
-0.5301 -3.3686 3.8097 137 135 82
1.8999 7.0470 3.2263 161 149 63
4.3210 -5.6074 2.2594 161 147 76
2.7110 3.4086 2.9800 148 130 81
1.1203 5.2864 3.5239 153 118 86
-4.1052 3.7075 2.3419 154 131 99
3.2697 -1.7362 2.6526 135 129 94
2.5759 6.7389 2.9233 155 141 65
-7.5142 7.6427 1.0369 152 162 115
4.9832 -1.1508 2.0388 153 152 114
-3.7857 -0.6513 2.5056 177 140 101
7.6080 -6.4019 0.9179 199 134 132
-4.0205 1.5096 2.4799 152 134 85
5.1410 -7.6336 1.8515 160 145 94
6.8489 -1.2788 1.2854 164 135 122
-1.0503 -3.1333 3.4812 129 147 77
-3.3895 2.4227 2.6212 144 119 72
-1.8537 -4.9724 3.3056 137 148 78
7.2424 6.2018 1.0960 155 160 107
3.6706 -4.5472 2.6630 165 140 80
5.9126 -4.6041 1.6497 141 144 112
-1.5787 1.8741 3.3752 164 129 80
4.6152 -2.5709 2.2037 139 144 98
2.0118 -1.6512 3.2650 136 114 66
-1.8790 -5.9990 3.2638 157 128 93
6.3972 -6.6354 1.3871 156 148 98
1.8911 4.6761 3.2006 171 131 71
1.6728 -5.7829 3.2789 151 120 95
1.9274 1.8859 3.1947 148 137 89
-3.9810 1.5322 2.4281 166 143 93
-7.5361 -6.3761 0.9738 183 152 126
2.5065 -0.5454 3.0006 143 124 90
-3.8766 5.8974 2.4651 150 136 84
-6.1486 -2.2807 1.5684 165 137 92
-0.9957 -0.8927 3.6160 162 124 54
-6.0418 0.3387 1.4710 181 155 115
5.9098 -1.6986 1.6474 170 142 112
7.2460 -7.3570 1.0626 153 159 104
-4.3193 4.5644 2.3308 157 122 89
-6.0636 -4.7784 1.6486 173 142 100
2.8670 3.6040 2.9049 136 145 91
4.2823 -5.6451 2.3593 160 132 87
-2.7701 1.8181 2.9646 146 140 86
-3.0385 -7.8965 2.7669 156 155 96
-7.6515 0.7007 1.0514 165 143 113
-1.1219 2.9411 3.5060 136 113 73
5.5691 0.5869 1.8452 150 157 108
1.2098 7.0617 3.5604 136 122 76
-5.6115 5.9568 1.6591 162 142 98
7.5556 -4.0941 0.9818 166 157 121
3.5016 1.3932 2.6667 142 140 97
-6.4669 1.5726 1.4725 174 151 114
0.2533 7.4277 3.8685 152 131 84
6.0084 -5.0707 1.5386 168 135 112
-1.7776 -7.1969 3.2074 141 131 93
-0.5048 3.2138 3.8499 149 139 66
4.5214 -6.9835 2.2316 157 137 83
-5.5865 -0.1556 1.7329 171 144 112
-4.1157 1.4556 2.4059 144 149 92
7.9037 2.7313 0.8156 171 144 121
4.8511 -7.7051 2.0231 170 142 77
1.6469 -4.6697 3.3297 136 123 65
2.1994 7.0005 3.0940 142 142 89
7.3645 -4.2999 1.0930 160 169 100
-3.3982 0.3341 2.7903 155 115 78
3.8784 6.6548 2.4344 171 141 90
-6.3817 -2.6925 1.4302 159 153 111
1.9740 -7.8348 3.2504 144 117 86
-6.1903 -7.1361 1.5254 177 158 113
1.3573 -4.7095 3.4024 139 119 69
6.1305 -7.4220 1.5616 167 160 110
-5.4834 3.5260 1.8323 173 144 109
-5.6977 0.8369 1.7050 145 138 104
-7.7065 0.7673 0.9730 156 170 103
2.3132 -2.7396 3.1199 149 142 95
-2.4397 -5.4451 3.0714 154 124 88
3.3567 -3.7498 2.6962 149 152 96
-1.3415 0.7231 3.4458 132 141 69
-3.6105 -7.4339 2.5657 153 141 101
2.1838 7.4915 3.1464 147 134 86
0.3792 -7.4467 3.9353 136 136 97
-0.9635 -5.8780 3.6214 127 138 67
-0.8184 -2.6636 3.6244 144 154 67
3.1159 7.8433 2.7751 162 143 80
-6.3298 3.0300 1.4725 161 142 118
5.7479 1.9276 1.6536 164 139 106
7.2028 -3.5063 1.1247 142 152 121
0.3261 2.5761 3.9055 120 144 75
-1.5800 -3.4187 3.3000 157 155 80
-5.6093 -3.3693 1.7217 173 139 112
-6.6662 -3.9966 1.3844 159 135 127
3.5807 -4.5127 2.6098 150 147 96
2.3899 -2.9269 3.0672 137 148 98
-4.9703 -6.5661 2.0595 152 138 98
-5.2298 2.9762 1.8839 150 138 118
5.6536 2.1455 1.7151 181 141 104
-4.7314 7.3644 2.0846 143 148 99
1.9910 -5.8864 3.2660 136 126 83
3.1327 -4.4755 2.7208 160 136 84
7.6508 -7.7303 0.9810 163 148 104
-2.6605 -7.1446 2.8992 171 151 90
5.4361 -6.1181 1.8322 143 131 98
5.2905 6.1388 1.7944 153 133 113
2.5810 -6.5857 3.0215 148 142 75
6.1562 2.5194 1.5544 159 155 120
-5.0669 -2.7493 1.9616 165 149 111
-1.6345 -4.9258 3.3396 121 118 78
-2.7837 -0.5647 2.9349 147 139 111
-3.0157 -3.6723 2.7752 135 123 90
7.7247 5.3352 0.8379 159 144 112
-3.6147 -4.2137 2.5846 154 150 102
3.0193 -6.1475 2.7582 142 125 67
2.8642 -7.4079 2.8444 156 139 68
3.3664 -2.0111 2.6019 162 147 101
4.9895 2.2155 2.1411 161 143 100
0.8832 2.6560 3.6897 152 139 74
6.3724 -3.9524 1.3960 157 156 111
-7.6662 -3.9047 0.9680 177 151 120
-4.6592 1.6371 2.1262 161 130 105
0.1194 -7.3715 3.9502 139 123 64
-3.2835 4.3939 2.6690 162 144 76
-3.4202 -0.3402 2.5830 146 156 86
-1.6578 -6.6425 3.3631 153 142 82
4.0873 -5.9490 2.3142 161 151 78
-6.4559 -6.0978 1.4832 165 142 110
2.8828 2.1969 2.8010 147 130 94
0.2245 7.5165 3.9237 150 135 63
2.8900 7.4449 2.9211 144 137 95
-3.7398 -1.8851 2.4811 156 139 75
-7.6274 3.0157 0.8918 173 145 118
6.4070 6.9847 1.4200 144 147 116
-2.5772 2.2486 2.9296 144 132 78
2.9546 7.4725 2.7813 149 131 94
3.4298 6.9064 2.6221 173 130 70
1.1068 -7.1174 3.5266 154 126 66
0.0414 4.7821 3.8824 156 128 82
2.1424 6.5004 3.1415 138 136 70
-3.1431 7.3612 2.6688 112 135 108
6.4665 -2.6061 1.5217 178 150 101
0.5943 -0.5922 3.7822 130 131 71
0.1953 5.2178 3.8880 146 126 75
3.8264 -0.2474 2.5003 151 138 105
0.9243 -3.8264 3.5667 149 138 81
-0.4431 -1.2274 3.8147 149 140 57
-0.9472 7.5754 3.6346 132 131 86
-2.4245 5.3713 2.9851 156 124 84
6.7368 2.0066 1.2648 146 159 98
6.3332 1.0610 1.4212 171 146 102
1.3894 0.9007 3.5147 135 134 79
1.4962 -5.5211 3.4725 152 145 61
-1.4951 4.6743 3.3413 152 113 74
-0.8276 7.1274 3.5776 151 136 80
0.4685 7.5928 3.7901 155 138 71
-5.0315 -4.5646 2.0571 169 134 101
3.1081 -3.7118 2.7807 129 152 88
-2.0455 6.0671 3.2312 136 146 88
-1.5778 5.7876 3.2765 144 147 79
7.2495 2.2716 1.1407 173 139 128
-1.8498 -1.2366 3.3484 130 148 81
4.1825 -7.4058 2.3562 160 139 94
-4.2791 -5.6283 2.2822 146 157 117
-1.7889 -4.1384 3.3828 158 144 88
-2.6763 -5.5547 2.8618 152 132 88
-1.5322 3.4560 3.4450 144 125 82
-3.8872 -1.9732 2.5311 153 132 114
2.9913 3.5203 2.8791 160 149 89
7.4975 5.4495 0.9342 163 158 123
-4.2682 0.9486 2.3274 158 127 78
6.3471 -6.6063 1.5324 179 160 113
3.0274 -1.1732 2.6072 138 153 78
2.2973 -1.6286 3.0601 150 111 78
-7.8723 -2.2140 0.8844 187 135 114
-5.9680 5.0668 1.5451 174 164 90
-6.9435 1.1816 1.1688 178 124 114
5.1945 2.3156 1.9415 137 135 116
7.1088 -4.8679 1.1793 171 156 123
-2.4239 -7.1980 3.1230 146 134 89
3.6531 -4.3063 2.5680 146 136 97
-6.2907 6.8277 1.4976 166 148 81
-6.4876 -3.1810 1.5870 165 160 116
-6.9683 2.3845 1.2998 159 155 119
1.6370 -1.4566 3.3563 146 129 102
6.1980 -4.5924 1.5690 149 135 103
1.1161 -7.1752 3.5692 153 140 88
0.5442 7.6078 3.8249 140 136 85
-7.4043 -5.3222 1.1474 163 156 106
-5.6682 0.4141 1.6616 159 139 99
0.9665 7.2299 3.6141 163 115 71
-0.4355 4.3957 3.7696 160 140 69
-1.2266 7.9815 3.4389 137 149 87
4.4723 2.1589 2.1735 161 147 97
5.4824 -6.9397 1.8412 166 127 111
-4.1468 5.4496 2.3825 163 159 87
7.5105 0.7118 0.9836 169 146 122
4.1053 3.4022 2.4203 171 135 89
3.0885 3.5018 2.7808 156 143 82
-0.3674 5.0598 3.7910 143 130 60
-4.2159 7.2939 2.3102 169 138 103
-1.6946 -6.9530 3.2973 153 127 92
6.1119 -2.0900 1.5084 155 152 97
5.7209 2.9261 1.7423 154 126 99
-0.4417 5.7747 3.8083 142 114 55
-0.1126 -7.1964 3.8734 154 132 86
2.8001 -1.0158 2.8232 144 133 119
-3.5283 -1.4306 2.6591 166 130 100
-6.4129 -4.4582 1.4141 168 130 133
-0.4464 -6.7865 3.8303 151 115 80
-6.1921 -1.7473 1.4574 159 157 109
3.1093 5.9249 2.6977 164 145 101
-4.1294 2.3676 2.3038 175 140 102
-7.2577 -3.8646 1.0661 168 148 105
-7.4238 5.3568 1.0019 162 166 139
-4.5438 3.6689 2.1437 176 138 96
6.3559 -6.3606 1.3613 177 160 117
-5.6280 -5.8711 1.7558 165 157 76
-2.4722 -2.1816 3.0330 156 118 73
-6.8095 3.7844 1.3241 174 153 101
-0.9182 -1.4439 3.5890 134 130 73
2.2800 6.2734 3.1767 139 112 82
4.5999 -7.0972 2.2175 170 140 91
4.3832 2.7201 2.2025 138 140 101
-2.3753 0.4276 3.0278 149 151 82
5.9648 -1.6966 1.7078 157 164 106
-2.3798 -7.1230 2.9830 159 128 90
5.3853 3.6660 1.8889 171 143 117
7.7642 7.8926 0.8413 184 163 129
-4.5981 -3.9677 2.0792 177 139 82
6.1467 -4.8555 1.4639 159 129 106
-2.9808 6.4179 2.9327 148 138 92
0.0369 -5.2213 4.0524 127 129 63
-7.5625 -1.0139 1.0047 172 150 116
-7.2921 3.5804 1.0388 161 164 109
-4.4252 -6.5575 2.2305 169 134 123
-4.7710 5.9962 2.1795 172 129 106
1.1644 -4.2095 3.5971 142 153 90
-3.6054 -1.9795 2.5390 137 152 86
6.7392 6.4639 1.3087 174 152 107
-5.1813 -0.3047 1.9461 145 147 99
-0.4813 1.7692 3.8007 137 103 58
0.7758 -0.2609 3.6259 150 125 80
-3.4281 0.1141 2.7061 125 139 98
-7.1480 -6.3962 1.1612 163 141 100
5.9770 0.5185 1.6183 172 134 100
-0.0513 5.6263 3.9331 161 135 86
3.8282 -2.8979 2.5074 161 144 94
-0.2797 4.8653 3.9282 145 118 89
-3.0119 -7.5604 2.8831 165 141 68
-6.1276 -2.7278 1.6270 154 152 97
3.4054 1.5657 2.5705 142 153 76
-1.1284 0.9293 3.4972 144 126 72
5.0506 -2.0456 1.9097 150 140 96
-1.6537 -5.1225 3.3430 152 131 80
0.7412 -5.5929 3.7599 141 137 59
-2.3208 -3.8271 3.1634 141 130 95
1.5589 -3.1389 3.3845 144 123 67
-6.3670 0.3079 1.4957 166 125 92
-0.4688 3.3814 3.7447 124 121 51
-7.8960 -1.9693 0.9503 147 163 107
3.2961 -4.1844 2.6044 172 131 83
-1.2462 0.7315 3.5627 134 133 77
-1.7154 3.3656 3.2924 158 133 75
-4.7677 0.7026 2.1203 161 128 98
-5.6003 -4.5599 1.8356 168 133 98
-3.7505 -4.3976 2.4921 150 150 95
-3.4943 3.0837 2.5985 150 141 105
4.7954 2.9201 2.0955 160 149 94
0.6720 2.8632 3.6062 133 128 94
-4.3541 2.6239 2.1877 153 157 98
3.3908 7.3311 2.6291 152 139 87
7.9644 -2.4315 0.8604 160 151 123
-3.3608 -5.8924 2.6954 150 159 109
2.8409 -0.7764 2.9604 144 138 76
-3.6441 -5.4471 2.4591 161 141 100
-4.4832 4.0794 2.2312 153 152 123
5.2671 -0.3023 1.9090 163 154 108
-3.2978 -1.9453 2.6274 149 139 76
7.3326 2.6269 1.0985 178 164 92
1.6089 5.3634 3.3292 132 136 73
5.0770 -6.5984 1.9502 170 148 106
5.4013 1.0913 1.7433 158 148 108
4.3138 1.7069 2.3369 162 151 98
-1.0183 3.1424 3.5322 146 148 92
-4.1649 1.5234 2.3660 153 150 103
-0.4597 2.7209 3.7930 135 121 72
3.4152 6.4849 2.6176 153 140 84
-2.8671 7.0657 2.8839 140 147 106
-4.6006 1.0374 2.2162 176 151 106
3.6034 0.2642 2.5796 140 135 93
2.4344 -5.2574 2.9878 136 126 74
0.9799 7.8257 3.5840 143 131 81
-5.8030 6.7556 1.6458 163 151 110
5.4699 -1.3159 1.8203 164 139 108
5.3518 -4.5644 1.8177 154 158 110
-4.5042 -6.6623 2.1925 172 137 95
-6.4856 0.1057 1.3824 180 154 107
-4.0369 -3.0705 2.4527 158 122 103
-0.2581 4.0545 3.8835 150 112 75
-6.5151 -5.2331 1.4622 177 174 114
6.3015 -7.2538 1.4214 173 145 106
1.7406 -1.0504 3.2082 158 143 90
-0.8378 7.9990 3.6976 136 152 75
5.8906 -1.6450 1.6840 152 141 102
-5.9783 -1.1413 1.5447 139 141 118
-5.4349 5.6639 1.8257 157 154 99
-2.6122 -1.3361 2.9657 156 125 86
-6.0285 -2.0313 1.6146 173 137 85
-4.9402 -0.2853 2.0683 159 140 99
2.6073 -0.4905 2.9518 144 152 95
-2.6012 7.4708 2.9894 157 158 83
-1.4623 4.2974 3.4456 155 143 71
0.4447 -6.7739 3.8662 137 139 85
-5.0135 2.9735 2.0545 154 148 104
-5.1994 3.2252 1.9838 148 145 89
6.3050 -2.7547 1.4391 166 147 105
4.3201 0.6466 2.2855 161 139 100
3.8891 0.9118 2.4545 175 121 98
0.4931 7.4087 3.7912 142 143 68
5.3072 6.0827 1.9434 163 140 93
-5.1392 3.9398 1.8968 156 147 111
4.8751 -4.1907 2.0623 159 145 103
3.8868 1.2145 2.5029 168 147 93
-3.6057 -4.0284 2.5467 143 118 89
4.6280 0.8119 2.1685 147 156 92
-2.2523 3.8039 3.1001 164 135 74
-3.1792 -6.8945 2.7389 154 132 78
3.5118 0.2520 2.6859 153 114 94
5.6906 6.8910 1.7549 151 147 98
4.5523 2.1774 2.2659 171 149 110
-3.4522 2.4602 2.6472 145 142 73
-4.4041 1.4976 2.2739 148 131 108
-5.7134 5.6587 1.6569 176 145 111
2.0727 5.1210 3.1828 147 131 75
5.6936 0.1327 1.7311 173 149 101
2.2777 -6.0597 3.0496 150 155 98
6.9188 -4.2301 1.2167 163 146 123
-2.4968 6.9598 2.9641 148 126 87
-1.4325 4.4975 3.4667 158 134 71
-7.2098 -7.1372 1.0502 157 143 121
0.5194 0.4256 3.8836 152 148 63
2.0830 -0.8315 3.2084 140 147 74
-4.3839 6.6002 2.2892 150 152 77
-0.2718 6.9401 3.9156 130 113 74
7.4490 2.5730 1.0144 171 141 111
-1.7499 -1.1619 3.2966 143 129 89
-2.7834 2.3890 2.9576 158 140 61
7.8708 -2.4143 0.8445 163 147 122
3.9918 -0.0120 2.4096 148 138 95
6.4647 -5.4592 1.4237 160 158 93
-0.7157 0.9790 3.6764 139 140 63
7.4209 2.1371 0.9958 183 145 104
2.0128 -4.9864 3.1121 162 141 88
1.3128 -2.4759 3.5240 155 139 76
-5.1137 -0.0609 1.9972 152 137 83
-4.2340 3.9791 2.2528 153 131 95
0.9986 -1.4074 3.6865 145 142 83
7.9268 -6.9602 0.8737 168 159 130
-3.3032 -3.0187 2.6512 158 130 71
-2.4503 7.9766 3.0981 141 126 95
-4.5984 -4.0997 2.0793 180 150 99
-2.7675 -6.4677 2.8767 143 119 80
1.5838 -5.2214 3.3337 150 131 74
0.2592 5.1292 3.8415 125 126 80
-2.1928 2.6606 3.0964 145 133 78
-0.6297 -7.0736 3.7352 145 137 76
-3.0867 -0.6709 2.7790 158 144 98
2.7462 1.2695 2.9418 153 124 86
-7.8439 2.0856 0.8161 161 154 125
5.1082 0.8653 1.8947 157 145 121
0.1167 0.4318 3.8807 142 136 69
-6.8068 1.4174 1.1992 167 144 108
-5.0817 6.0593 1.9316 161 134 91
6.6464 1.1735 1.3389 156 163 113
6.4784 -6.3370 1.3984 172 155 114
2.2845 2.7344 3.0586 145 142 76
6.5446 7.2264 1.3420 169 170 116
4.6073 2.4358 2.2080 162 126 69
-3.5172 3.2172 2.5628 153 151 80
0.0461 -4.0131 4.0352 142 126 56
-4.3555 -1.6678 2.2674 164 126 94
-3.2094 -7.5591 2.7213 170 149 95
0.6625 5.3573 3.7642 147 117 82
0.2367 5.9864 3.8747 138 125 70
-7.5339 3.1419 0.9995 171 156 112
-7.5700 7.7348 0.9786 151 181 122
-2.7676 -7.1566 2.8083 148 149 106
-4.1656 -0.2559 2.4176 154 127 94
-2.2595 7.5782 2.9914 147 128 91
-0.6689 0.2381 3.7836 153 131 80
0.2829 5.6889 3.9304 117 137 75
4.6880 7.8691 2.2178 162 138 93
-3.7228 6.2311 2.5567 149 144 90
-3.0047 5.7213 2.8282 147 118 83
4.7305 2.2953 2.0482 153 140 103
1.0846 -0.7790 3.5143 148 144 90
-3.2677 1.9931 2.6679 156 140 76
-7.0385 6.6358 1.1724 161 163 99
7.6665 -1.1185 0.9362 170 140 116
3.1317 1.4187 2.8233 135 140 83
-5.4258 -7.6107 1.8549 144 151 119
1.3248 5.5584 3.4845 146 112 61
-7.6463 4.1012 0.9707 176 169 106
-4.3988 -4.7002 2.1761 174 153 99
-2.5331 2.8252 3.0163 153 115 72
-7.8486 -4.6721 0.8082 175 136 123
-2.5934 7.3181 2.9912 128 117 69
2.3434 1.2686 2.9993 169 143 112
2.0610 7.0269 3.1662 157 121 64
7.0385 -1.2851 1.1266 159 137 128
1.3485 -5.4660 3.4065 127 127 85
3.0411 0.6811 2.7416 172 144 104
-6.8239 5.6650 1.2813 179 136 100
4.3405 7.8714 2.2508 165 150 79
-6.5060 6.5355 1.4152 186 145 106
-1.3769 -6.3946 3.4743 130 128 91
-0.1217 -3.6864 4.0211 155 136 52
-0.1495 -2.3337 4.0004 138 126 80
-3.5120 -4.8637 2.6482 152 142 70
-2.2357 1.3286 3.1428 151 150 87
-4.7850 -2.1390 2.0384 173 138 97
2.2632 -4.1889 3.0991 157 128 76
0.7364 4.2794 3.7601 134 128 67
2.3894 -4.9148 2.8917 156 135 71
5.6608 0.0313 1.7316 142 136 110
7.0597 4.5178 1.0914 156 148 100
5.4905 -6.2808 1.7867 162 158 127
-4.1094 3.5129 2.2973 146 140 96
6.8231 -6.0117 1.3104 156 161 128
-3.6807 -5.7015 2.5327 160 135 97
0.9483 7.8652 3.6841 130 146 84
0.1612 -0.4947 4.0349 151 129 62
4.1905 4.3689 2.2100 178 140 89
0.3004 7.8615 3.8282 141 136 73
-0.9233 -6.6725 3.6586 145 135 71
-4.1894 -4.7049 2.3239 164 135 92
-0.3431 -2.0736 3.9171 154 126 73
5.3843 5.9234 1.8616 167 150 109
-6.3171 1.9471 1.4479 163 155 111
5.6601 6.8491 1.7243 178 142 123
-2.0077 1.9121 3.1528 161 119 67
-0.8585 1.0252 3.6890 136 143 83
-3.4985 7.2027 2.6919 144 126 87
-7.0848 7.6940 1.1678 165 147 138
7.2704 2.4519 1.1970 152 146 119
6.1587 7.6641 1.4641 158 145 127
0.7771 -3.9695 3.6904 140 122 67
-3.5275 1.8852 2.5921 143 145 82
-6.4117 -0.8968 1.3802 153 131 113
1.6125 -2.3634 3.3880 138 125 65
6.7500 -6.0196 1.3463 189 164 112
4.9127 -2.4687 2.0462 144 133 105
-2.3591 4.3937 3.0920 152 135 68
-3.0460 2.3461 2.7251 144 135 76
3.0065 1.7264 2.7386 135 145 86
-3.6221 5.5430 2.5596 150 126 78
-5.7354 3.2678 1.6950 170 132 112
0.9239 4.6590 3.6921 144 129 70
6.7521 -5.6016 1.2587 185 147 105
6.0926 2.5657 1.5770 162 144 107
5.0164 6.9576 1.9311 152 168 95
6.4534 1.8226 1.4009 167 126 108
5.8577 -3.5983 1.6241 169 165 102
-4.8249 2.5200 2.0597 161 154 120
5.0521 -0.7486 2.0488 162 138 93
-4.4722 2.2848 2.1940 152 117 100
6.3152 -3.5136 1.4130 176 127 113
-7.1283 5.0131 1.1099 182 137 112
-3.8610 -1.1363 2.4997 144 131 91
-7.3756 -1.6457 1.1287 182 144 107
-1.8166 -5.3810 3.2925 154 123 84
5.1250 -2.2172 1.9048 174 152 95
1.9249 -5.7246 3.1756 144 127 93
4.3505 5.7222 2.1980 157 152 98
2.8828 1.5415 2.8385 153 139 76
0.2893 -3.7396 3.8155 157 126 68
2.0018 5.4504 3.2356 149 127 65
4.8090 5.4243 2.0697 152 150 102
2.9752 0.5317 2.8832 140 151 88
-6.4604 6.5670 1.3923 160 161 122
-1.8496 -7.8937 3.2400 144 130 74
4.0341 7.8266 2.3794 153 138 89
-1.9772 6.9751 3.2653 138 142 82
-6.5817 -1.2860 1.3475 150 148 113
2.7475 2.1071 2.9477 141 141 74
-3.8062 4.9536 2.4323 158 141 78
-4.2213 -4.5789 2.3257 175 128 104
-7.6530 -7.2126 0.9376 182 159 121
-5.5516 6.6302 1.9040 166 156 89
-7.6403 -5.4515 0.9414 181 163 129
5.7463 -7.8335 1.7314 159 156 101
2.4742 6.9148 3.1054 151 141 105
5.0056 3.4731 1.9949 172 151 105
-4.4161 7.3737 2.2742 145 141 93
-5.3576 5.8871 1.8950 163 149 98
1.7300 6.8078 3.2656 142 144 86
-6.7448 -2.1771 1.3464 157 155 112
-3.5913 -0.3701 2.5289 141 139 101
7.2622 -4.1073 1.0940 157 163 108
-0.8902 -3.5946 3.5931 159 119 69
3.0806 -3.1510 2.7478 167 138 95
7.5066 3.3877 1.0272 164 138 127
-2.1534 -4.9927 3.1622 143 133 98
-5.7889 0.2750 1.7105 147 156 116
-2.1118 4.7078 3.1901 142 133 85
3.3688 -5.3861 2.5742 150 156 77
-6.4833 7.0465 1.4202 168 152 111
-2.0597 3.1432 3.1946 136 142 79
2.5357 -3.5748 2.9576 131 141 92
-0.3476 2.1033 3.8180 128 125 77
0.0463 4.0216 3.9283 136 116 76
0.6181 2.0629 3.7163 130 124 79
-0.3801 1.7714 3.7814 180 121 81
-1.3491 0.0904 3.4679 150 130 93
2.1103 -6.3303 3.0924 147 138 89
0.6661 -3.7029 3.7743 149 150 50
-1.7958 4.7844 3.2991 148 135 88
7.7967 4.7424 0.8472 164 144 125
-4.0804 -2.9646 2.4373 153 135 98
-6.8438 4.3821 1.2314 192 146 115
-5.9131 2.7285 1.5957 146 141 118
-3.0353 -4.0872 2.7237 148 125 72
6.3901 -3.4545 1.4287 158 130 112
-1.8253 5.2152 3.2830 137 143 90
0.4757 -7.1784 3.7695 136 141 60
6.8033 -7.2258 1.2453 176 144 102
7.4332 -1.5945 1.0371 156 135 110
6.8367 -3.6368 1.2744 161 146 94
3.7820 6.8176 2.4432 163 149 94
-6.2932 7.2560 1.5266 164 157 122
-3.1618 5.2585 2.7834 157 148 83
0.7004 2.9347 3.7735 161 113 56
-4.4531 -5.0558 2.2411 168 130 105
-0.4676 7.9198 3.8494 121 148 58
4.5510 5.2985 2.1556 170 136 85
1.1131 -4.1889 3.6252 132 143 87
-2.3392 0.1382 3.0346 146 132 78
5.8037 3.3065 1.6383 168 160 90
-4.2903 -3.6740 2.2099 160 137 78
4.6617 -0.4638 2.2232 158 147 106
7.5721 -5.6377 1.0155 174 151 94
-7.9511 -2.7636 0.8194 168 155 105
3.8715 3.7802 2.5392 172 139 85
4.3433 0.8724 2.3051 150 138 99
-0.8605 -4.8094 3.5663 134 121 78
-0.9787 7.8164 3.6161 153 142 91
4.9686 4.7281 1.9186 165 149 111
-7.3545 -7.5631 1.0329 178 139 102
-6.0065 6.2578 1.6133 174 145 102
-5.9494 -5.0283 1.5813 184 142 107
-7.3118 4.0564 1.1180 165 164 100
6.5253 5.8575 1.3734 163 146 101
-2.7237 -7.6716 2.8978 150 145 70
-6.3374 -4.4930 1.4782 177 141 111
-5.9205 1.1554 1.6906 176 129 111
-7.4704 -5.3449 0.9576 180 145 125
6.8525 -7.7991 1.3081 154 139 118
-1.5323 -3.0250 3.4875 146 143 85
-3.4599 0.2262 2.6131 160 150 97
-2.5365 5.9961 2.9259 138 151 91
2.7145 3.9451 2.9627 156 132 94
-5.9919 -1.3053 1.5574 173 150 102
3.7256 -7.3705 2.5889 142 153 111
-5.2501 -2.5911 1.9110 157 159 92
0.3059 5.3968 3.8786 165 111 79
-6.5881 0.3231 1.4338 177 148 106
-6.7615 -3.4326 1.3229 164 152 115
-5.2046 7.7052 1.9506 178 159 116
5.1015 5.5266 1.9503 155 131 95
-1.3177 -4.3575 3.4618 130 147 84
-5.7325 -1.8518 1.6665 163 157 98
1.1543 -2.4300 3.5367 135 142 89
1.3411 -7.8349 3.4460 138 135 82
-5.7293 -1.1313 1.6140 150 154 112
0.0271 -0.8131 3.9735 151 118 59
6.0038 2.7707 1.5709 162 145 88
-6.0021 -7.0116 1.6098 153 151 101
5.7959 -0.7866 1.6272 166 136 105
-4.0389 -6.5694 2.4112 169 149 93
-4.4075 5.5758 2.3541 163 147 92
-4.9090 -3.9576 2.0765 178 133 100
1.8761 1.0906 3.1975 125 122 97
0.7638 -0.7093 3.7248 138 131 69
2.3398 0.1432 3.0744 145 140 70
-3.5862 7.9633 2.5419 139 144 80
7.6567 -5.4295 0.9268 174 148 132
-5.8998 5.6282 1.6918 142 163 109
5.5140 -6.6450 1.7670 160 147 100
6.2634 5.6408 1.4729 145 163 101
4.7364 -5.0786 2.1346 162 143 115
-1.6290 2.5745 3.3926 144 137 85
-0.0948 -0.5813 3.9920 142 128 77
0.4173 0.3787 3.8908 146 129 78
7.0833 -1.4335 1.1745 166 140 116
5.1263 -3.8257 1.9801 148 149 112
-0.0803 -2.6754 4.0130 117 130 66
-0.2216 -1.4243 3.9622 138 119 53
-1.6748 7.4929 3.3425 144 131 69
6.7240 -5.6274 1.3930 156 164 99
-2.0896 -7.7719 3.2039 151 137 83
-5.6627 1.3296 1.6681 163 157 100
-6.8323 -0.5597 1.2975 187 167 111
0.3331 -0.0330 3.8841 157 130 69
-5.7017 -1.2728 1.7064 167 141 90
-6.2661 -5.2362 1.4890 164 139 87
4.2237 2.5468 2.2596 157 145 97
-2.6691 3.1099 2.8209 137 148 92
1.5769 -0.7825 3.4461 157 135 91
6.1106 -6.8014 1.5313 171 132 90
-2.8712 5.8830 2.9239 171 145 80
-4.5946 -3.1668 2.2278 149 137 93
-6.8998 4.8364 1.2492 168 149 102
3.8730 0.0856 2.4598 154 135 84
7.7592 -2.0886 0.8384 166 164 122
-5.0264 -1.7304 1.9856 164 135 117
4.9475 -0.1398 1.9271 190 163 99
-3.7366 4.5979 2.4858 165 130 104
-7.5916 -0.5466 0.9103 176 151 122
7.0792 -7.9506 1.2507 174 152 100
2.7081 4.7183 2.9752 160 128 76
-2.8024 -3.5490 2.8692 152 151 78
6.5426 1.0371 1.4302 175 131 107
-7.5674 -2.3339 0.9080 178 136 115
6.7902 5.6062 1.3748 167 150 84
-3.0709 -1.7521 2.7601 129 135 102
1.7718 5.0256 3.4018 136 138 90
0.8129 -6.4859 3.6144 150 143 63
2.9322 -4.1893 2.9275 158 138 86
-3.7575 0.8018 2.5601 163 140 83
-2.0726 1.4110 3.2450 158 122 83
5.2393 -1.4196 1.9072 169 142 120
0.5070 7.0378 3.7773 147 144 69
3.4606 0.7160 2.5942 137 116 84
-4.8961 -1.9342 2.0130 146 111 87
-4.4909 -7.9223 2.2463 161 147 109
-4.5876 -1.4824 2.1593 176 135 97
-0.7803 -1.7081 3.6529 153 126 75
-2.5592 -1.6576 3.1310 153 150 89
2.9360 2.1464 2.8068 138 145 89
4.4475 3.7933 2.2305 155 146 88
-6.5388 -6.0720 1.3974 178 149 93
-0.7803 2.2004 3.5753 146 143 77
-0.0055 7.3861 4.0833 137 122 68
-5.5858 6.0149 1.7120 150 139 119
-4.8705 6.6078 2.0124 175 139 97
-7.6475 1.3972 0.9439 159 174 114
0.1766 5.3632 3.9561 134 120 65
-4.7772 -1.1602 2.0449 161 143 103
2.9763 -6.4048 2.9153 145 147 79
3.2383 6.4845 2.7846 169 140 75
4.1116 4.7839 2.3300 185 152 98
-5.2581 5.5277 1.8491 126 153 87
-3.2559 6.9116 2.6156 148 147 90
7.1783 -4.3115 1.1029 170 148 107
5.0030 -2.0784 2.0776 165 138 96
2.9861 -4.7307 2.7797 170 139 89
4.0027 -3.0128 2.4163 133 129 94
-5.1154 3.1193 2.0196 176 143 79
3.6667 -3.1269 2.4915 145 137 107
5.2403 -6.4966 1.8235 166 152 97
4.3696 5.3436 2.2976 166 154 97
1.7065 2.7547 3.2695 162 133 89
-6.1558 7.0072 1.5547 150 131 106
-7.3608 -7.3302 1.0718 159 132 101
1.2539 7.8417 3.4601 150 148 82
-4.8717 -1.6060 2.0020 156 153 96
-5.1248 2.7836 1.9405 148 133 107
4.4980 -0.2039 2.0796 146 146 97
7.0472 3.7699 1.1895 146 141 105
-3.1869 -0.5339 2.7360 160 123 100
-3.8482 2.4591 2.4235 138 144 104
-7.0934 -4.8386 1.2121 155 163 111
5.9651 2.2995 1.5303 147 140 104
-5.4005 -6.7220 1.8778 153 141 91
-3.2793 5.0637 2.6618 157 146 84
6.4483 2.1042 1.3799 162 145 106
6.6896 5.9881 1.2863 169 143 128
-7.3112 -4.3312 1.0633 168 141 120
4.9069 -4.9520 1.9487 154 131 95
3.8491 -1.4803 2.4531 155 126 95
-7.0717 0.4118 1.0898 169 160 109
3.0274 4.5196 2.7519 164 121 89
-3.9931 1.3267 2.4749 160 151 104
-0.3684 -6.4083 3.8961 122 132 59
-6.6469 0.3942 1.2254 164 144 105
-4.6731 -0.7748 2.1198 160 137 106
-3.1684 4.8975 2.7169 161 140 86
-7.7766 -7.4892 0.9678 167 131 123
-2.6647 6.8032 2.8642 144 141 91
-0.4957 -3.9213 3.8818 152 126 65
-7.6746 0.8380 0.9905 164 150 116
-1.8941 -4.1105 3.2347 142 134 81
-6.5209 5.1258 1.3477 167 170 104
3.1646 -1.5461 2.6760 163 132 96
0.1416 -5.0337 3.9619 126 121 67
5.4014 3.5671 1.7712 163 146 97
7.6722 -6.9706 0.9373 169 152 116
-7.4578 5.3794 1.0220 170 148 105
6.2728 -6.8229 1.5251 172 142 111
3.7402 -7.0114 2.5555 155 134 82
6.6017 2.9812 1.3337 167 146 109
-3.5724 1.2885 2.6226 167 134 84
3.0823 0.3154 2.6960 146 142 73
-6.9494 5.8838 1.2457 147 136 109
6.8292 -4.8548 1.2356 169 141 128
7.0503 6.1787 1.1173 168 146 111
-2.7179 -7.9784 2.8751 161 143 75
-0.8753 6.5486 3.7372 133 128 62
4.0376 -1.5404 2.3167 162 132 89
-7.8465 1.3104 0.8918 164 152 117
-7.3557 -7.9389 1.0630 165 138 109
-5.3354 -1.6975 1.8000 165 163 91
-5.8231 -2.6085 1.6069 152 153 102
-7.6977 5.9770 0.9843 149 159 111
4.8441 -7.7723 2.1229 150 136 91
-1.1277 -6.0861 3.4365 148 130 82
1.5662 1.5840 3.3697 151 119 77
-7.9923 2.1197 0.8051 172 154 118
1.8334 5.4905 3.3231 131 138 82
-3.0653 4.4381 2.7874 157 120 93
-0.3703 3.4543 3.8625 158 134 65
0.2591 1.3888 3.9238 143 131 79
-0.0148 -7.1410 3.9733 150 145 71
4.8816 0.2508 2.0110 176 131 85
0.3650 -3.8275 3.7887 154 129 67
-0.4056 6.9145 3.7985 134 139 85
1.4788 -0.0365 3.4370 143 124 67
-0.0731 -4.2023 3.9197 131 132 79
5.4184 0.0623 1.8912 160 154 96
2.9263 1.7390 2.9118 172 139 87
3.1846 -0.1576 2.7388 145 137 93
4.5562 -5.7990 2.1505 135 150 91
-0.7335 -3.2412 3.5716 141 122 85
-4.5942 2.4814 2.2317 167 138 95
1.3139 5.5760 3.4466 142 132 80
1.6686 6.2244 3.4626 140 132 71
4.6485 -2.1755 2.1870 156 123 101
-3.1366 -7.2733 2.6508 148 139 90
2.3283 -4.6526 3.0813 155 132 85
-6.5558 4.9072 1.4365 168 150 118
6.9468 2.8951 1.2625 176 152 97
0.4667 4.3220 3.8390 131 124 80
6.4911 -1.1876 1.3942 158 143 124
-6.2006 6.8073 1.5201 163 149 123
1.0884 -1.7769 3.5490 150 118 78
3.0796 0.0196 2.7405 158 139 87
-7.5495 6.3065 0.9857 172 144 134
-6.7672 -4.9773 1.3053 186 153 100
1.2721 -0.1305 3.5234 144 130 73
5.6183 0.1018 1.7237 167 126 90
5.4989 6.5621 1.7646 161 146 114
7.5340 3.6688 0.9643 146 160 99
3.6019 -4.8960 2.4730 169 155 113
-0.0169 -5.3610 3.9655 127 135 77
3.3885 -5.7217 2.7268 145 139 75
6.5522 6.2087 1.3842 160 130 111
2.7451 -5.0322 2.9026 162 124 81
-3.7181 -7.2320 2.5739 154 137 89
-7.9555 7.9852 0.8580 178 146 95
-4.9864 -2.5841 2.0088 185 147 106
-3.7990 -5.2345 2.4587 176 139 96
-7.6574 -7.7510 1.0135 172 150 117
1.3310 5.6026 3.4539 128 130 87
3.9254 -5.0057 2.3629 156 126 103
0.1744 -5.6198 3.9860 143 133 62
3.9905 -0.0609 2.4054 158 156 88
5.2011 4.9768 1.8844 173 148 84
1.0989 -0.4796 3.6105 145 127 80
5.2404 5.1621 1.9490 134 148 113
-5.5566 0.3954 1.7945 153 160 117
-0.0523 -7.5148 4.0346 140 111 71
5.2585 -6.6591 1.9229 169 135 95
4.1040 -3.8639 2.3885 146 127 95
4.5074 -3.2626 2.1805 174 142 99
-7.6765 -0.2365 0.9064 175 158 110
3.9834 7.4578 2.4031 153 136 94
-3.9101 1.0715 2.4567 147 145 72
-5.7450 1.2028 1.7562 146 141 113
0.0315 7.9147 3.9617 143 140 82
3.3662 4.6780 2.5232 157 135 104
-0.7548 6.7291 3.7062 138 136 67
-0.0591 -5.9097 4.0112 133 133 48
-4.3344 -7.2950 2.2366 140 145 103
6.5598 2.6171 1.4004 167 140 109
2.7837 -0.8325 2.9112 148 134 110
1.0730 6.2208 3.6333 134 109 74
-7.9642 3.8418 0.7957 169 156 134
2.3024 -2.4972 2.9946 158 141 96
-2.3321 -3.7993 3.0681 131 133 78
0.1955 5.9385 3.9436 140 137 83
5.7971 2.6434 1.6318 173 153 130
4.1077 -5.3964 2.2884 149 123 89
2.9061 -0.8357 2.8640 166 131 76
7.8739 -4.0636 0.8229 175 136 101
-6.0992 -4.9906 1.5110 189 157 103
-0.3085 -2.8258 3.9584 146 128 79
4.8156 -4.5728 2.1577 154 137 91
6.2331 5.7459 1.4785 167 167 118
0.2023 0.5587 3.8828 129 146 67
1.4732 -6.2187 3.4617 159 132 68
-0.7402 0.4636 3.7251 142 132 72
-7.5899 -4.2108 0.9639 173 148 128
-1.9865 -6.5108 3.3155 153 132 78
0.6924 0.5579 3.7058 153 135 78
4.3219 -1.6089 2.3512 167 141 103
-3.6026 6.4980 2.5990 156 126 98
-0.3476 -3.3352 3.8801 146 137 77
1.5155 7.1373 3.3781 151 128 85
1.1225 -1.0766 3.5139 140 117 70
-2.7618 3.1089 2.9818 169 140 71
-7.4648 -5.0229 1.0712 172 131 118
3.2116 -6.5720 2.7856 152 137 97
-0.4748 -2.9975 3.7568 140 111 78
6.3771 7.9022 1.4425 159 149 113
-2.9487 3.0070 2.7699 146 144 95
3.2633 -5.6310 2.6763 163 147 78
5.8131 -3.4486 1.7366 173 147 95
-1.8382 1.1260 3.3659 153 130 78
0.2025 -3.7662 3.9537 145 138 69
3.1281 7.8865 2.7618 140 152 97
3.4547 -2.7891 2.5947 149 151 97
-5.5565 -1.0265 1.7381 169 133 108
-0.2242 7.8255 3.8927 143 112 87
1.8545 0.8272 3.2038 156 132 77
2.0946 -2.0584 3.1023 164 132 82
7.6998 5.7866 0.8660 179 154 120
-5.2965 0.4566 1.8989 147 151 98
-4.6831 6.1664 2.1191 144 147 91
-3.3262 -2.0065 2.6600 145 154 101
7.4991 0.4366 0.9636 174 147 105
-3.4798 -2.2037 2.5541 132 134 86
-3.2080 -2.0872 2.7288 161 141 76
4.1291 -7.9537 2.3809 157 141 85
-6.2100 -0.6636 1.5109 171 150 107
-6.5172 3.4231 1.4020 167 164 113
-7.9037 6.1798 0.8389 181 152 95
-0.7498 -2.3501 3.7031 150 113 72
1.9844 -7.5090 3.1809 160 151 78
-2.5845 3.0917 2.9654 132 140 80
1.7437 -5.6467 3.3203 151 130 74
-0.8204 0.7963 3.6639 134 137 70
3.3526 -5.6944 2.6812 132 134 88
2.0184 -1.9965 3.1768 142 129 99
-6.1722 -7.7603 1.5894 154 152 89
-3.1643 -5.0253 2.7465 147 121 101
-2.7238 -7.7137 2.8822 155 154 88
6.2454 -6.5436 1.4173 183 148 97
3.7084 -1.0034 2.5417 167 123 80
4.2621 1.6335 2.2698 166 135 85
-7.7246 3.3475 0.9219 190 152 110
-0.1721 5.8049 3.8411 146 125 71
-5.2717 -7.3748 1.8672 162 161 97
5.5266 3.5418 1.8169 140 142 103
-3.1321 4.6745 2.7529 140 131 94
5.8927 -1.1684 1.6296 153 158 109
-5.3536 5.0933 1.7992 155 146 99
-3.0938 2.7311 2.7938 160 127 78
-4.3778 4.0299 2.2866 158 131 92
0.0074 0.1940 3.9817 151 117 55
-2.0922 2.3735 3.0672 154 145 71
-3.6396 4.3660 2.4753 156 146 95
1.9810 1.6694 3.2035 152 136 64
7.3305 -4.0338 1.0547 186 142 133
3.8369 -7.9434 2.5039 165 145 89
5.1492 3.3703 1.9665 168 126 95
-4.4324 4.5975 2.0992 171 143 97
1.1421 -6.4708 3.5187 152 131 63
-3.0112 4.4774 2.6911 157 136 96
-7.3812 3.0609 1.0352 151 152 124
1.6776 6.2824 3.3064 145 130 82
-7.8070 1.9551 0.8390 155 154 129
7.4444 7.1284 0.9909 184 147 125
-1.1124 2.3492 3.5437 154 130 78
7.7878 5.8031 0.8641 178 145 118
5.4085 5.5392 1.7801 168 154 114
5.7954 4.2560 1.5717 156 167 114
-6.6568 -6.8595 1.3165 146 148 114
-0.3207 7.9365 3.8647 145 148 66
-3.3934 6.0790 2.6867 171 127 115
-3.3817 3.2304 2.7038 144 153 97
-6.7988 -5.7744 1.2062 167 132 118
-3.5865 5.3278 2.6229 171 139 89
-1.7992 -3.5085 3.1682 154 123 75
-4.4604 -7.3467 2.2686 160 132 91
-6.5525 5.9602 1.4703 150 157 131
6.3288 -1.6252 1.5220 160 144 120
-0.3291 -5.9482 3.8885 139 148 62
2.3477 6.5773 3.1424 140 134 91
-6.6574 -4.3561 1.2636 169 148 114
0.4893 5.6295 3.7646 148 129 70
-2.7647 -5.2320 2.9545 140 133 77
5.7240 4.1481 1.6954 162 154 90
-2.8443 0.8085 2.8870 146 134 100
-2.3375 -1.5221 3.1564 158 121 71
6.1099 -6.0491 1.6715 175 136 106
5.3208 -2.1634 1.9087 156 140 114
-5.6072 6.2760 1.7584 154 134 94
-5.5927 0.1887 1.8032 145 138 117
-7.1257 4.8369 1.1725 161 158 109
-1.5388 1.0699 3.4354 151 130 89
-2.8178 -7.4392 2.8872 147 136 95
-1.6694 5.6047 3.3555 153 129 68
-7.4299 0.2848 1.0216 154 142 125
6.2230 -3.2185 1.5777 144 158 106
-1.8129 4.4633 3.2432 144 140 104
-5.5016 -3.8795 1.8274 147 142 110
0.1836 -4.6343 3.8280 133 131 63
5.5346 0.4745 1.7675 162 141 90
1.8722 1.8442 3.2304 147 130 71
-3.5469 -3.2292 2.5487 159 146 109
-3.8256 -0.5087 2.4807 149 143 103
6.0612 5.8401 1.5574 160 147 107
-0.2213 0.1693 3.9141 133 122 88
5.0638 5.9480 2.0703 140 143 93
4.9387 -4.0261 1.9940 160 161 105
-7.3315 5.1449 1.0476 174 144 114
2.2770 2.9958 3.0890 163 123 65
-6.1150 7.2148 1.5241 183 156 101
3.4873 -0.5929 2.6411 132 120 91
-7.1019 1.4080 1.1546 160 144 124
-1.0979 -5.2115 3.5351 137 121 90
4.9174 2.5374 2.0276 156 133 97
-2.7011 6.4524 2.9071 163 136 83
-4.4467 -1.9168 2.2289 166 124 89
-4.3982 -2.8813 2.1278 150 140 96
-2.7626 7.7236 3.0011 141 137 84
5.3695 -6.9458 1.7407 164 160 95
-2.5219 7.0844 2.8491 166 135 93
5.7635 4.2385 1.6852 170 164 110
7.4966 7.0984 1.0622 145 157 123
0.2815 3.9164 3.8733 114 152 67
7.8275 -4.6391 0.8708 187 138 119
6.8630 -3.3865 1.3328 171 148 115
5.2205 -6.5232 1.8748 162 142 106
-0.8581 7.0907 3.6557 138 124 82
4.3711 -1.6353 2.2243 157 144 93
-4.3061 -7.1563 2.2376 145 129 117
-5.5689 2.5126 1.7142 145 152 106
-5.1110 7.5863 1.9619 145 150 106
-2.0225 -6.4401 3.2043 150 140 93
-5.1569 -2.7301 2.0200 160 126 106
-5.2716 -3.2182 1.8772 149 150 105
-7.2293 -7.9561 1.0939 169 148 131
-7.5356 -0.8864 0.9881 183 162 120
0.7764 4.1236 3.7525 139 123 75
4.6645 -3.1948 2.1747 161 120 121
6.2826 4.5794 1.4561 160 147 98
-6.3524 1.3930 1.4346 168 150 127
-7.5772 1.3398 0.9963 160 152 113
-5.8146 0.7556 1.6324 165 147 100
-4.1863 -6.0100 2.3845 158 127 75
-5.8213 5.1085 1.7023 166 126 95
3.6506 -1.6147 2.5310 156 139 89
7.5358 -6.6926 0.9679 176 147 111
0.7064 0.3904 3.7244 126 136 59
0.4023 4.8398 3.8799 147 122 72
6.8831 -2.4163 1.2874 156 142 114
-6.9399 -0.4626 1.2016 162 158 124
6.0254 -1.4186 1.6090 170 126 118
-3.3797 -3.8579 2.5446 166 135 107
1.2634 5.1518 3.4584 147 136 67
2.1077 4.5381 3.2228 155 134 79
-5.4300 0.2399 1.7655 153 147 121
4.7057 -2.3611 2.1312 165 134 94
-5.9008 -3.1569 1.6323 164 152 101
0.1245 6.3013 3.9976 140 132 93
-6.1030 0.4549 1.5196 158 149 97
-7.1184 -6.1393 1.1848 153 149 94
5.7228 -4.0285 1.8465 159 150 102
4.5019 7.6989 2.2275 168 132 82
2.3753 -5.5960 3.0709 139 134 92
2.2314 -6.4949 3.1318 132 147 82
-2.3638 5.7550 3.0253 136 136 83
-6.6637 -5.8809 1.2992 166 126 102
-4.6001 -6.3676 2.1410 166 156 97
6.7185 1.1569 1.3172 160 145 116
-7.2547 2.4414 1.0480 177 140 119
-4.0245 3.0766 2.3370 174 140 67
0.8591 -3.8705 3.6380 136 114 72
3.1715 0.1620 2.6581 171 150 83
6.6802 -5.8901 1.3103 169 146 119
2.8535 -6.4765 2.8456 145 128 94
0.1953 5.6083 3.9049 131 145 86
-2.3222 -2.6966 3.0770 145 128 76
7.3158 -2.6105 1.0590 173 151 106
-3.1011 -4.1105 2.7895 162 141 64
-4.2331 -3.9686 2.3793 155 140 92
2.2471 2.9005 3.0836 148 122 83
1.7804 -7.8534 3.2165 139 113 79
6.7877 4.3468 1.2684 174 166 109
-1.9119 -1.7608 3.2556 160 133 72
3.9909 -5.2049 2.4279 160 142 80
6.9986 1.0283 1.1839 186 158 119
-0.6592 5.2716 3.8137 139 96 94
7.7060 1.0791 1.0065 164 154 115
-3.0560 -4.8410 2.7553 134 139 72
-5.5285 0.8925 1.7785 169 150 117
1.0860 0.4532 3.5645 131 137 85
-0.5871 3.7956 3.7308 163 139 81
1.6961 7.7426 3.3452 152 139 66
-1.2425 2.1194 3.5288 162 140 87
0.6635 7.7523 3.6903 147 134 73
-6.3223 6.9264 1.4658 169 154 103
-3.5286 7.4424 2.5096 150 136 85
4.6748 2.5334 2.1140 140 129 114
-7.8412 2.7970 0.8857 171 145 119
7.4043 3.4096 0.9663 161 145 130
0.0410 -6.5854 3.9940 143 129 60
1.7909 -4.2818 3.2809 152 140 76
-5.7277 2.9227 1.8071 147 149 91
-5.6976 -4.9478 1.6671 173 142 108
-1.0530 5.4833 3.5842 132 123 71
4.6516 3.4089 2.2214 163 124 96
5.4367 3.0642 1.8383 161 138 87
-2.9769 -6.5312 2.8516 153 142 85
-1.7213 5.1721 3.3480 150 127 91
-4.9922 -6.0912 2.0011 171 142 115
-2.6676 -3.1519 2.8620 153 136 93
-0.1326 -3.9531 4.0149 134 120 68
-0.4647 -7.7478 3.8311 144 127 57
5.5832 5.2338 1.8672 131 155 111
5.4406 4.9697 1.8472 164 141 101
-3.4115 -7.4869 2.6551 157 150 74
7.5618 -0.8701 0.9994 171 147 109
4.2095 -7.0154 2.3356 166 137 93
-2.3672 5.2817 3.0459 149 143 63
7.1188 -6.3225 1.1430 160 151 117
-1.1575 2.5739 3.4822 166 124 71
-6.6238 0.2851 1.2711 152 139 109
-7.3744 6.3227 1.0767 176 157 105
7.0060 1.6202 1.1255 166 153 115
-6.8692 -3.6193 1.2576 150 142 120
0.6370 -2.4466 3.8110 143 130 71
-5.4483 -4.8180 1.8819 151 139 95
-4.1298 -3.4337 2.3764 168 159 100
-0.0135 -7.3949 4.0158 140 135 62
0.0867 7.7079 3.9434 145 127 52
-2.0313 -0.5285 3.2980 154 141 77
7.4809 -2.3260 0.9589 185 160 108
-2.1742 -6.6761 3.1581 140 146 80
2.8619 5.4493 2.8804 150 127 84
-7.2022 -2.8958 1.1420 175 145 136
-5.5941 4.2975 1.7794 164 167 98
-7.1571 -0.4544 1.1164 163 144 113
-5.8100 6.0373 1.7070 165 136 92
-6.8544 -3.1868 1.3093 170 160 109
-5.2785 6.5621 1.8355 148 141 102
4.0879 -5.5864 2.4365 190 140 84
7.7952 0.1336 0.9023 190 144 132
-5.9612 -5.0400 1.8140 161 135 101
3.6626 -5.9691 2.5637 176 151 103
6.8308 5.3624 1.1999 173 150 117
-2.9354 -0.6179 2.8498 148 123 82
4.7114 -0.3563 2.1023 159 130 117
-2.0687 4.3564 3.1812 140 137 69
-0.0840 -2.9957 3.9625 127 134 71
-1.6025 5.9273 3.3700 139 136 73
-5.1632 0.9291 1.9114 184 135 86
7.2830 -7.6026 1.0588 159 154 99
7.4707 -5.0043 1.0476 158 133 127
-3.7520 -2.9365 2.5017 156 140 99
-1.2401 -5.5759 3.5415 135 139 62
7.9430 4.1796 0.9465 179 150 119
3.8746 3.5474 2.4484 168 146 115
0.5182 5.7598 3.7360 134 116 74
5.9577 7.0647 1.6039 171 142 96
-0.0217 3.3640 4.0155 144 132 54
-0.0166 6.4374 4.0341 132 127 68
0.6200 -4.3487 3.7381 149 127 70
6.8511 5.3607 1.2697 154 156 111
6.2525 -2.5181 1.4261 159 159 94
4.3375 -7.1924 2.2549 150 149 98
5.9980 -1.5887 1.5814 172 144 114
-4.7587 -6.1648 2.0671 164 151 127
2.7466 5.1037 2.8574 136 141 79
-4.5252 -4.6676 2.1822 157 153 84
4.6219 -2.7044 2.1700 148 130 85
-3.3324 6.7824 2.6661 147 125 94
-5.0988 -4.1544 1.9152 144 160 109
-5.2510 0.4642 1.8577 143 134 111
-6.5084 -3.8242 1.4365 159 135 122
7.8950 0.5052 0.8156 168 148 120
-6.8917 -6.8563 1.2697 193 170 103
-1.4862 -0.0621 3.3887 173 143 83
5.7985 7.7133 1.8044 167 146 102
7.9788 3.8363 0.7971 165 142 132
3.9752 3.8744 2.4177 184 143 89
-4.0257 1.3296 2.4489 167 127 90
2.9725 -2.2231 2.8018 165 159 79
6.7456 -4.6951 1.3026 176 158 126
-3.7141 1.9808 2.4166 156 168 75
3.7319 4.2254 2.5656 165 144 91
-5.6297 4.9196 1.7188 151 145 92
5.5192 -6.6892 1.8004 167 148 99
3.8671 5.7857 2.4941 148 118 95
3.5717 -7.1271 2.5715 147 136 87
-0.0262 -0.2603 3.9962 140 135 59
6.5120 4.3660 1.3330 187 149 113
7.1602 -7.8200 1.2063 155 153 109
4.8933 -7.7345 1.9994 167 151 92
-4.8253 1.0030 2.0787 163 150 95
0.7692 3.3743 3.6195 135 107 77
1.3130 -7.8429 3.4895 143 127 86
-4.3855 5.6983 2.3153 139 150 90
3.4171 1.3432 2.6797 162 142 80
-2.6592 -5.9309 3.0123 151 141 76
5.7983 4.8774 1.6702 190 157 110
5.3474 1.2744 1.9067 152 149 102
-0.5962 -3.3949 3.7943 141 148 69
2.5910 1.5134 2.8848 151 129 101
-6.0608 -0.8258 1.5853 177 138 91
3.0993 -0.8851 2.7402 151 139 96
5.3520 -7.7575 1.9335 152 148 84
-2.3369 4.4743 3.1141 167 134 89
7.4944 -2.5330 0.9574 165 133 116
4.6667 5.2032 2.0967 157 143 95
-3.6611 -0.0456 2.5693 150 139 71
-6.8841 -7.2636 1.2309 161 134 90
3.5701 6.7314 2.5920 147 141 79
-5.7286 4.2812 1.6809 157 133 102
3.4249 6.1292 2.6153 153 140 97
1.2551 5.2698 3.5222 149 117 60
-0.3738 -3.1062 3.7655 139 135 62
-5.6508 0.3222 1.6949 174 145 121
6.9848 -0.8240 1.2769 176 139 114
7.7172 0.9604 0.9021 162 155 117
2.5475 3.3946 2.9284 163 141 77
-5.0889 -2.6374 1.9888 152 150 105
6.8865 3.3767 1.2759 185 148 113
-2.9436 5.4834 2.8287 141 144 73
-7.1483 -2.7487 1.0733 171 151 110
-7.3937 0.6393 1.0246 170 157 116
3.8747 6.0225 2.4853 162 141 104
7.4426 -1.3514 1.1087 188 139 124
3.2776 7.3232 2.6664 158 155 90
-2.0926 -3.0977 3.0654 167 141 68
2.8282 -6.9973 2.9235 140 141 107
-0.7663 -7.4027 3.6925 119 138 83
0.0690 2.9025 3.9496 138 127 70
-5.2729 7.9640 1.9509 145 160 109
-4.0776 3.2336 2.2907 167 149 113
-5.6061 -1.8556 1.8126 158 149 114
-7.7871 -2.8780 0.8167 158 151 112
-4.0839 -1.3133 2.3473 162 146 113
-3.7850 1.1069 2.5292 157 143 101
3.4996 -3.4071 2.4908 145 125 96
-3.3582 0.3311 2.6243 153 145 93
-5.6746 -0.7154 1.7849 170 153 118
-1.0472 -3.3600 3.5893 151 121 78
-7.0452 -4.1028 1.1569 168 152 124
-0.6884 7.7816 3.7720 139 132 83
-0.2455 -2.8540 3.9139 146 139 80
-7.1966 -2.6048 1.1594 174 152 110
0.4536 -5.1935 3.8509 137 129 71
-4.7880 4.8872 2.0894 165 149 105
-1.7209 5.9593 3.2541 133 117 95
2.3072 -2.8348 3.1188 160 120 70
-7.9593 -3.3358 0.8127 152 165 124
6.5122 2.1452 1.4414 171 163 87
-0.4728 6.7419 3.8653 138 119 80
3.2043 -4.0602 2.7716 152 133 103
-0.0849 5.3491 3.9638 134 117 62
-2.3669 7.7486 3.0800 133 144 94
4.1631 3.6519 2.2962 154 155 86
-0.1412 -6.8562 3.9503 138 122 68
-4.7269 -0.8806 2.1415 174 137 98
7.2088 6.1900 1.1107 175 176 126
6.4735 5.3621 1.5056 158 137 118
4.2364 2.1900 2.2236 143 147 90
-3.5197 -2.0076 2.5914 135 134 83
-4.6855 2.7294 2.0833 153 146 108
7.6270 -4.9745 0.9417 165 146 117
-1.5358 6.6305 3.4210 136 138 73
-7.1411 1.1602 1.1921 171 157 120
4.8451 3.5077 2.1087 159 127 83
-7.4932 -4.4547 1.0470 158 149 123
-3.4348 0.1839 2.6344 158 133 84
-5.4621 3.5855 1.7474 162 154 103
7.3101 -2.6376 1.1053 157 149 103
1.2580 5.8014 3.5425 157 146 69
0.2025 4.3307 3.8645 140 126 78
-5.2866 0.2724 1.9025 163 145 105
-7.5438 -3.6415 0.9563 169 150 133
6.7401 -6.9852 1.3498 162 142 136
-7.4705 3.9456 0.9010 163 150 119
-6.3037 -4.4211 1.5330 173 145 113
-3.8647 6.8428 2.4692 158 144 113
1.9073 2.1103 3.2248 157 145 78
-4.6269 5.8185 2.1990 156 122 95
-3.9669 4.0675 2.4410 157 134 93
-1.0476 0.6269 3.5306 163 122 88
3.0229 -3.9054 2.7797 150 143 94
-3.5848 0.5462 2.5939 136 144 98
-5.4345 6.2261 1.7947 176 159 138
4.5511 1.5820 2.1977 161 140 86
7.8823 -5.5586 0.8562 182 136 113
0.3071 -7.0484 3.8575 139 112 75
4.9987 1.7717 2.0029 157 146 90
-6.8436 -7.9646 1.3513 155 145 126
5.6126 -2.2766 1.7239 145 140 103
-5.4334 -1.0140 1.8150 153 153 94
-4.9539 -3.9905 2.0796 176 160 108
-0.5495 6.8568 3.7209 144 121 79
1.1278 -1.6476 3.5096 139 136 69
3.6079 2.9475 2.5475 176 136 106
-4.6684 4.1809 2.1350 153 163 122
7.3547 -4.5945 1.0665 173 158 116
-5.2319 -7.3325 1.8307 180 144 103
-5.2504 -4.7654 1.9669 165 133 99
-4.7359 -4.3858 2.0669 157 126 106
-7.0329 0.8537 1.2550 155 149 113
2.2472 6.7911 3.0325 139 144 82
7.7900 -6.5573 0.9559 162 149 107
-5.2519 6.7818 1.9352 154 130 115
1.7776 3.5291 3.2839 145 112 68
-7.1131 -3.7676 1.0586 182 143 117
-2.8920 -5.2086 2.7971 159 127 70
6.5936 -7.7423 1.3331 156 162 109
2.3740 1.9657 3.0195 148 126 81
4.1627 4.2904 2.2295 151 139 104
2.9184 3.2673 2.8184 162 114 89
5.7384 -2.8861 1.6607 167 142 90
-2.1107 7.4784 3.2041 157 127 97
5.6048 -5.4262 1.7016 158 145 101
7.0656 2.2305 1.1844 153 145 112
-7.7903 5.6419 0.8432 198 165 132
0.1819 6.4570 3.9152 138 133 71
-5.6545 -2.1871 1.6907 166 153 84
-6.4376 0.7238 1.3998 169 145 116
7.4937 2.1311 1.0640 169 155 122
4.3909 -1.4322 2.2754 160 134 102
2.4386 4.0922 3.1038 153 134 84
-1.8747 -0.6432 3.2458 147 117 89
5.5433 0.4777 1.7966 163 149 116
-2.5899 7.1823 3.0358 154 122 68
-6.5464 -0.4629 1.3377 147 150 99
-5.6293 -3.8210 1.7333 163 146 92
0.4168 -4.2196 3.8621 148 99 62
3.3983 -3.0731 2.5643 147 134 90
-0.0216 -2.1887 4.0364 146 131 70
1.5947 -5.5807 3.3940 150 135 80
0.0098 4.8567 3.9863 130 129 68
-4.9204 -2.6293 2.0975 160 159 94
-5.0251 5.5803 1.9779 167 128 108
-2.8493 -7.4466 2.8847 166 150 94
-7.0444 3.9435 1.2500 145 120 101
0.7928 -6.1596 3.6251 132 118 91
-1.7803 -0.2435 3.3455 134 134 88
2.5278 -4.5181 2.9810 148 138 85
-4.7048 4.3079 2.1525 155 139 87
1.8926 -7.3529 3.2126 135 134 79
3.3358 5.0587 2.5588 158 125 112
4.3335 7.0027 2.2647 159 146 90
6.4564 -1.8442 1.4508 179 143 111
-6.5301 0.2039 1.3436 160 128 118
-3.4732 -3.7228 2.5512 148 137 89
-2.6298 -0.4677 2.9881 137 138 73
-6.1959 -4.6122 1.5570 162 161 93
2.7337 -0.3225 2.9033 151 147 79
1.9929 4.8051 3.1629 155 129 89
7.1646 6.0278 1.1593 159 139 113
-0.6863 -0.9431 3.7071 137 120 84
3.7903 4.5070 2.3914 160 133 88
-4.4164 4.3072 2.3333 143 144 82
-4.9802 -2.4964 2.0887 167 150 100
-1.2133 -1.6549 3.5085 146 148 87
-1.9490 -3.7196 3.2289 146 143 75
-0.1821 -6.5153 3.9542 143 118 78
-2.6827 2.2371 2.9057 157 145 69
6.6894 -0.7879 1.3780 174 131 100
-1.5317 -7.3666 3.2923 158 145 66
4.3260 7.7057 2.2497 153 150 101
6.5041 -6.5373 1.4895 163 143 118
-3.0209 6.4469 2.8339 150 127 71
-3.8361 -1.6884 2.4884 152 130 96
0.5465 6.0855 3.7391 138 133 79
-4.1177 0.6834 2.3557 171 148 102
4.9592 -7.4208 2.0045 175 148 95
-2.3163 -5.8624 3.1101 140 135 96
-3.6398 -4.8521 2.5593 151 133 91
-4.1975 -1.9665 2.3525 170 143 87
3.2668 5.1069 2.6671 157 135 82
-4.9006 -1.6808 1.9901 156 147 100
0.2946 3.7031 3.9004 146 133 73
-5.4139 -7.9101 1.8475 178 122 112
-7.1983 -2.4941 1.0452 171 128 112
7.5513 3.8628 0.9636 165 148 110
-0.4501 -4.7126 3.7876 140 140 65
-3.8114 1.2403 2.4188 161 146 82
1.7614 3.9911 3.3476 146 110 74
1.0417 -4.3831 3.6065 155 144 67
2.4797 -2.9897 2.9974 158 140 78
6.8964 -2.3641 1.3091 156 152 107
4.3484 -6.2359 2.1156 153 144 103
4.9509 2.6215 2.0295 160 138 108
6.9318 6.3444 1.2566 158 141 106
4.6723 2.3315 2.1575 149 136 88
-3.1798 6.5957 2.7798 147 140 87
-2.8215 6.3237 2.9126 151 136 88
0.5100 4.4735 3.8044 146 125 91
1.2791 -1.2968 3.5744 154 125 74
2.6786 -5.4184 2.8890 130 122 84
-5.7618 3.7311 1.7281 158 152 102
3.3854 -5.7433 2.6546 143 136 92
-6.9842 -2.9465 1.2414 160 133 115
-4.3192 6.3574 2.1326 172 149 96
-7.7357 6.9275 0.9369 191 163 123
2.4120 1.3413 2.9693 162 117 65
-0.0978 -6.0065 4.0434 150 142 63
-1.8462 -6.1901 3.2542 153 145 82
-1.3448 0.3341 3.4050 127 154 84
-2.9228 -7.5512 2.8763 132 119 89
1.8515 -2.0217 3.2718 137 129 78
-0.1188 -7.3614 3.9268 126 121 65
-1.5715 0.0540 3.3840 141 127 75
-7.0916 1.7191 1.1403 159 154 117
3.6214 -2.6117 2.5076 161 121 83
-1.0833 -7.5266 3.5051 142 120 70
-1.1284 -1.6322 3.5554 132 121 78
-7.5888 -1.6640 1.0565 172 158 103
6.1062 -4.3738 1.6139 172 145 110
-5.1701 0.3208 2.0050 155 148 95
-5.8171 3.4099 1.6645 166 120 121
5.8861 3.6581 1.5782 168 156 111
3.8166 1.0845 2.5235 148 138 94
-7.8418 -7.8891 0.8690 167 140 129
4.6881 -0.8048 2.0809 158 135 94
5.3556 5.4594 1.8242 164 155 106
4.9113 3.3536 1.9935 145 146 95
-2.8178 -0.3864 2.8648 149 123 83
-6.0906 -0.1486 1.5935 169 152 106
-4.3779 -2.2589 2.2539 160 136 107
-3.0126 -1.7748 2.8468 153 152 86
-1.1379 -6.6485 3.5795 148 125 67
-4.9947 1.8446 2.0132 147 158 108
-6.2981 -7.9155 1.4674 166 131 112
1.6387 -3.9106 3.2921 141 126 74
-1.4182 4.1514 3.3615 156 144 50
-0.6309 7.3723 3.6304 147 125 73
-5.2425 -4.7854 1.9018 175 141 85
2.0391 6.2370 3.1781 132 126 88
3.9112 -6.7130 2.3803 156 138 84
3.3662 -4.2926 2.5761 157 134 97
-1.3982 -0.7717 3.4166 153 136 64
-1.1859 1.1221 3.5219 147 126 76
4.8627 -2.6711 2.1099 155 125 112
2.9954 7.3255 2.7765 152 140 95
-2.6005 -0.0620 2.9352 159 122 84
-3.8424 -6.7963 2.4762 140 140 96
-5.5969 -1.8977 1.7272 171 161 95
4.1739 6.6129 2.4662 165 148 79
0.8363 -5.7993 3.6309 153 139 66
-3.5397 6.7098 2.4708 156 124 95
1.9053 -2.1809 3.3158 151 126 87
7.3775 -3.2156 1.0518 177 153 114
-0.1892 5.5215 3.8934 145 129 64
-6.5872 -1.2681 1.3659 165 156 106
-4.0606 0.5771 2.5383 169 153 80
-4.6850 2.1537 2.1617 162 134 111
2.1411 5.7818 3.2172 158 143 71
-3.1003 -7.3274 2.7364 140 133 89
-3.8486 -5.5080 2.5342 164 139 109
7.9944 1.2413 0.7760 174 161 125
-1.4227 4.9306 3.4415 156 148 81
2.6280 -4.3894 2.8762 152 131 85
-1.5694 -2.0076 3.4378 160 141 59
-1.8631 7.2375 3.2556 165 131 76
-0.9404 0.2773 3.6407 137 126 77
-4.8682 -2.0785 2.0265 163 134 109
-4.7107 -5.2582 2.1383 169 128 92
-2.2486 0.8364 2.9989 150 155 82
0.8626 1.4158 3.6500 154 123 76
1.5497 -4.9518 3.4691 143 123 93
5.4998 -6.1320 1.7175 156 149 111
-7.7553 -3.0464 0.9339 160 144 115
-3.8318 1.1604 2.4625 137 155 92
-7.6559 4.4282 0.9489 147 149 122
7.9341 -7.5619 0.8563 166 169 126
6.9628 -3.6610 1.1484 180 139 121
-3.9392 -7.0181 2.4626 155 134 94
1.4712 4.4103 3.3742 140 134 88
2.2894 -6.4493 3.0556 160 145 86
1.4222 -7.3622 3.4801 147 119 80
-7.7016 -4.6282 0.9755 166 129 121
-3.3148 4.0606 2.6300 151 139 90
-0.8431 2.3885 3.6513 152 152 77
3.1991 2.0916 2.7193 147 124 101
5.2375 -4.7799 1.8955 150 141 87
-7.3780 1.6469 1.0338 176 142 113
-7.2265 -6.0316 1.0605 177 156 119
-1.8049 5.6457 3.3401 160 126 80
-6.8026 -2.9901 1.3087 159 150 110
-2.3773 -7.6077 3.0694 163 118 76
5.4017 -2.6245 1.8489 145 137 106
-3.0383 -6.7323 2.7768 158 158 105
2.4488 4.0087 2.9795 132 134 69
5.8824 6.8215 1.6988 166 146 95
-5.9833 -6.1020 1.6710 168 163 102
0.3240 5.9469 3.8932 143 132 71
-3.8267 -4.2522 2.5024 176 147 99
-7.4909 -1.7044 0.9906 164 147 113
-3.2652 -6.7362 2.6541 143 143 87
-6.2333 -4.8556 1.5164 144 137 109
1.4178 6.1193 3.3890 149 130 89
-6.8918 3.6055 1.2594 165 136 100
-3.9260 -7.1988 2.4325 166 149 84
-0.2964 3.3513 3.8295 147 114 64
-3.2850 -7.8466 2.7515 133 142 95
5.5496 -0.9905 1.8028 169 147 115
-6.4462 1.4934 1.5015 181 143 110
3.8705 -4.9255 2.4519 151 135 88
-5.9982 3.3667 1.6203 183 140 105
-4.3041 -1.2712 2.2459 150 146 82
1.9269 -7.4731 3.1443 145 133 100
3.5579 -1.2090 2.6058 153 152 83
-6.4229 -3.6746 1.4098 157 147 113
-1.5033 0.9899 3.5288 145 124 73
-2.6373 4.4863 2.9156 153 117 90
-3.0660 -3.2659 2.7834 166 154 72
-0.4395 -0.0232 3.7744 146 109 48
-3.4410 0.1397 2.6404 148 142 102
3.0429 -1.3728 2.8148 134 145 86
4.9521 -6.8146 1.9814 160 151 77
-1.5877 3.2113 3.3926 137 153 81
-1.5854 -2.8448 3.3610 140 142 85
-5.3122 0.7304 1.8758 163 147 109
2.8989 0.8891 2.8451 141 168 89
1.0815 -3.9120 3.4873 150 140 81
4.0149 1.9538 2.3233 162 138 93
-4.2515 4.9338 2.3276 160 140 96
-4.8732 -7.3252 2.0326 151 151 86
-7.3145 -4.1582 1.0568 154 165 115
3.2192 4.1995 2.6069 154 122 90
-4.1647 7.6387 2.3418 158 128 91
4.5372 -6.9226 2.1574 136 149 95
6.1235 -5.8730 1.6002 164 146 112
7.6314 3.6251 0.9028 164 151 117
-2.6709 -3.5840 3.0199 137 139 79
4.9687 -6.4147 2.0416 167 132 96
3.1786 -7.3122 2.7776 144 134 87
6.7135 -7.8772 1.2783 171 165 106
-6.6010 2.3518 1.3346 159 155 118
-0.4675 -2.8271 3.8109 141 122 79
2.4555 -6.8866 3.0636 146 132 84
3.2774 0.9353 2.6929 145 145 97
3.2813 -1.3571 2.6431 157 131 91
-3.8069 -0.1254 2.5157 156 140 94
0.4842 -7.1834 3.7707 138 137 74
2.6888 -5.4105 2.8971 136 140 82
1.4431 -0.2451 3.3311 152 136 73
6.3938 -3.4719 1.3810 160 130 95
2.9989 -3.3494 2.8435 144 127 101
4.1332 -6.3810 2.4323 146 150 95
6.7332 7.8481 1.3762 160 163 105
-3.2904 2.3401 2.6557 147 122 88
-3.7775 5.8822 2.5474 158 146 99
-4.7081 2.6536 2.0950 160 148 101
-4.0023 7.9092 2.4222 153 152 92
3.5437 1.9211 2.4929 147 137 98
-3.5581 -3.6110 2.6175 139 146 90
1.8275 -4.6947 3.1859 134 137 85
1.5050 6.5097 3.4122 150 116 81
-0.4472 5.7362 3.8068 138 128 77
-0.8375 -7.6199 3.6962 124 131 72
5.9239 6.0310 1.5576 165 137 79
-5.5045 5.0979 1.8245 159 155 92
2.5885 -7.4615 2.9145 160 141 75
3.9326 -2.4482 2.3728 157 129 85
0.2671 -0.9758 3.7943 133 139 73
4.2930 5.2984 2.2020 168 130 101
6.4969 -3.5908 1.3256 157 156 109
-4.4142 -5.5454 2.2770 165 125 98
7.9239 1.0911 0.8429 175 162 120
1.3156 -1.0870 3.4326 135 120 91
-2.9254 -1.0469 2.7544 169 130 83
-4.2813 -7.4720 2.2469 163 146 94
6.4596 3.5432 1.4792 161 143 96
-2.0672 2.7366 3.2052 158 131 54
6.8404 3.4687 1.3168 160 134 97
6.1316 0.1946 1.5758 159 140 101
-6.4356 -5.1150 1.5067 168 147 114
-1.5675 6.9118 3.3749 138 145 76
7.0771 3.9489 1.1941 178 153 111
7.6077 5.6989 1.0286 180 133 119
0.6238 4.1304 3.6831 148 135 86
5.2258 -0.1553 1.9751 161 143 111
-5.9215 0.8934 1.6016 173 138 103
4.1018 0.9589 2.4630 157 140 88
5.4983 -3.4150 1.8212 174 152 98
3.3345 5.1407 2.7462 141 138 90
-1.3622 1.0561 3.4867 151 139 59
2.1446 1.7724 3.1715 136 141 112
5.5047 1.5157 1.7961 152 150 114
2.9167 -1.6334 2.7947 147 137 79
3.1858 0.9222 2.7695 173 136 97
-6.5512 -7.4837 1.3128 152 152 111
-0.1973 2.8409 3.9453 142 133 64
-0.5506 -2.1370 3.7213 153 106 58
0.3742 5.9232 3.8285 150 131 82
3.4715 -7.4239 2.6079 160 142 82
-6.7252 7.3427 1.3073 172 154 102
4.6349 5.2978 2.1117 161 149 103
-7.2279 3.6788 1.0127 155 144 110
7.0191 -6.8569 1.1274 185 162 128
6.4414 -6.4296 1.4017 171 172 98
5.9317 -5.4263 1.6429 171 150 101
4.0763 -2.9716 2.4203 145 153 96
-5.2127 -1.5204 1.8629 153 148 94
-2.0224 -4.3298 3.2284 128 140 77
1.2056 -0.1332 3.4817 136 136 77
4.1054 -4.6517 2.3161 147 149 88
3.5391 -3.5129 2.6033 152 151 102
2.8201 -6.2526 2.9016 142 146 97
-7.1501 -6.3447 1.1223 162 149 99
6.3015 -5.9772 1.4658 167 157 106
4.2274 5.3175 2.2725 153 137 89
1.0140 -3.0685 3.6712 139 132 73
2.7677 1.1276 2.7873 144 117 88
-2.8169 -4.2757 2.8578 147 160 97
0.3086 -4.9048 3.8976 164 123 88
-5.5622 -2.9902 1.8067 164 140 109
6.5206 1.1130 1.3541 167 151 134
-0.8358 2.4874 3.6260 155 136 78
-4.1306 -4.2290 2.3653 154 139 90
1.2779 7.4055 3.4656 135 127 75
3.8931 7.8191 2.4855 151 141 62
-5.7383 -7.4580 1.6394 153 133 121
-7.8254 0.9318 0.7925 170 169 107
7.3869 -5.1555 1.0822 195 143 120
6.8423 -0.1146 1.2833 157 138 102
-2.8096 -6.9611 2.8370 163 139 85
-3.5215 -2.0694 2.6604 148 152 100
4.3558 -1.9007 2.3054 151 153 102
-0.2410 7.7821 3.9834 149 128 81
-1.4160 6.4138 3.4777 154 137 69
-2.5519 4.4429 2.9500 149 137 101
7.4676 1.9980 1.0011 164 142 119
-3.6536 -0.3232 2.4584 151 131 89
-6.2262 6.2591 1.5719 163 157 115
-1.8850 -2.6785 3.1974 163 129 85
0.9051 -7.9407 3.6452 138 138 84
-7.5300 -0.9138 0.9990 179 131 122
-7.7600 4.4527 0.8855 183 163 120
7.7813 6.6915 0.9154 162 163 121
3.9156 1.4951 2.4738 165 123 89
-7.3295 -3.0591 1.0436 172 144 117
2.5518 0.0041 2.9794 170 133 79
4.3931 -2.8163 2.2141 159 150 95
-6.6743 -4.1942 1.2965 168 136 105
7.3857 5.3217 0.9531 163 141 109
4.5880 6.3076 2.1572 162 121 91
-3.6933 1.6201 2.5798 131 146 88
4.8382 7.1777 2.0096 151 151 87
3.8998 5.9524 2.4852 158 147 82
3.1649 -4.8566 2.7552 152 134 90
3.3735 -0.3850 2.5057 151 156 100
3.0034 -0.7385 2.8197 146 154 85
3.8029 1.9392 2.5091 129 126 91
-7.7952 0.0982 0.8753 163 152 113
-1.8510 5.9223 3.2542 166 134 86
4.3374 -5.6608 2.2280 150 133 95
1.0024 4.4850 3.6065 162 138 78
-5.6249 -7.4654 1.7664 174 143 94
-6.5870 -5.5067 1.2415 178 146 102
-3.2047 6.0642 2.7497 152 135 85
-1.0644 -2.6426 3.5355 146 141 82
-4.7730 4.2634 2.1346 172 153 94
3.5618 6.1358 2.6443 165 156 104
0.2610 4.2571 3.8854 143 131 74
-1.4413 -7.7101 3.3276 139 148 69
-7.2857 -1.2508 1.1123 163 163 102
3.4743 1.5175 2.5945 137 149 99
-6.2581 -3.4789 1.5205 159 147 87
1.9371 4.9336 3.2388 139 121 72
-1.3253 -3.0292 3.4598 143 130 73
0.8628 1.5411 3.7180 145 140 80
-7.6224 4.6078 0.9933 185 156 103
4.8791 -0.0513 2.0794 165 139 115
-6.4819 -3.3952 1.4611 158 151 104
-5.6552 -6.5541 1.7230 165 145 111
2.3473 -6.8231 3.0514 153 124 85
0.6122 0.8355 3.7295 145 137 66
-3.7465 -7.8901 2.5082 148 149 93
-2.3483 -1.0551 3.0777 149 129 97
-1.9262 -6.3130 3.3069 170 142 85
4.9880 -6.7269 2.0025 148 147 104
-7.2850 -5.9705 1.0738 162 143 114
0.2532 6.5785 3.9232 132 135 55
5.0819 -3.1410 1.9179 154 130 78
-3.0616 3.9168 2.7794 154 139 86
6.4332 -5.7513 1.4618 180 138 120
4.5820 -6.1492 2.2391 152 147 99
-5.7953 -4.1574 1.6694 161 149 107
6.9508 1.9852 1.1188 178 149 113
2.9369 -4.1824 2.8523 144 135 76
6.4193 0.0249 1.4161 175 152 107
7.0342 -7.6679 1.1773 176 165 122
-7.9821 -1.1306 0.8742 159 145 131
-7.2661 0.5468 1.0961 174 150 93
6.0356 -4.5243 1.6045 147 137 105
-2.3239 -4.0160 3.0503 144 148 76
2.3052 4.4432 3.0459 139 140 88
7.4882 -1.7995 1.0150 146 142 103
-0.1541 5.3076 3.9217 146 126 65
-1.9083 -1.8982 3.2402 137 138 90
1.0197 0.3151 3.5581 124 142 82
0.3717 -3.7074 3.8173 139 116 107
6.3181 5.2003 1.4372 166 146 102
-5.8271 -7.1813 1.6014 163 150 111
6.2160 7.1719 1.5624 166 166 85
-0.0300 -1.7490 3.9670 128 142 55
7.8018 4.7135 0.9341 171 146 99
6.4988 0.7435 1.4008 166 154 104
4.2231 5.9653 2.2446 154 155 82
0.5246 5.2412 3.8979 135 131 53
5.1941 -3.5703 1.9340 153 142 103
4.9105 -0.0317 1.9788 166 149 92
3.7708 7.1265 2.4627 153 144 83
2.0875 -2.7770 3.1639 149 134 86
4.6130 0.6552 2.1480 150 137 94
-1.0408 -6.2214 3.5534 139 115 81
7.4783 -7.0050 1.0230 159 123 94
2.3373 -3.8451 3.0967 149 122 89
-4.4123 -4.4542 2.3241 149 157 93
-0.9365 2.8856 3.5912 153 151 69
-1.7711 6.5593 3.3201 129 129 90
-5.4640 -0.8782 1.8155 172 146 103
-5.5818 1.7181 1.8297 146 147 103
-2.6954 -3.3001 2.9736 153 137 84
5.0898 -6.3565 2.0391 162 142 111
-4.3075 6.9982 2.2319 139 146 95
-2.3718 -3.4631 3.0611 155 146 71
0.3714 -5.5795 3.9306 128 130 66
-5.5150 -5.4020 1.8325 150 159 118
-6.8761 0.6048 1.2589 164 160 118
6.9932 4.7516 1.2137 183 156 133
-4.9367 -6.6813 2.0092 167 144 108
5.4272 5.3809 1.8254 162 147 101
0.1760 4.2409 3.9022 151 123 67
2.1492 -7.2485 3.1700 143 142 90
-0.9202 6.8310 3.6190 136 99 79
-1.2920 -3.1450 3.5543 146 121 77
-2.1606 5.0621 3.0640 153 136 71
-2.9933 3.7790 2.8211 157 150 85
4.5521 -3.9028 2.1512 148 129 82
6.6133 -5.1968 1.4342 156 152 105
-4.7902 -4.7020 2.1446 148 147 95
-5.1263 -3.2391 1.9391 153 146 85
4.0938 6.6125 2.4191 150 168 80
0.9011 2.4979 3.5619 154 136 81
-6.4300 -6.3177 1.4689 168 118 109
-2.0812 7.3643 3.1894 152 150 84
7.5785 -0.2344 0.9988 159 164 109
-2.3163 -7.8259 3.1237 133 127 75
-7.0883 -1.5043 1.1563 170 158 106
-6.0923 2.5811 1.5372 175 144 106
2.6966 -1.7689 3.0105 153 123 94
0.0058 4.9233 4.0200 144 135 75
1.8994 -3.7264 3.1882 168 133 79
4.3999 6.4492 2.2440 165 166 109
-2.1486 4.4036 3.1756 147 134 81
1.6962 6.9331 3.2453 156 145 84
-3.2951 1.0803 2.6591 163 128 88
0.6516 -0.7352 3.7664 152 131 78
-4.4928 -6.0333 2.1732 173 153 96
-7.8554 -7.8504 0.9261 179 151 111
-0.4815 -1.6538 3.8047 158 136 86
4.5226 4.0334 2.1348 159 149 102
2.9672 -4.6996 2.8540 148 122 90
-4.3996 3.0118 2.2507 162 150 83
-6.3775 4.3933 1.4706 167 147 92
-2.8032 -7.6527 2.9115 166 144 81
-7.3558 1.5205 0.9622 181 155 111
4.8322 5.7430 2.0570 166 138 99
6.4639 0.3936 1.4689 153 153 109
4.1997 -7.7855 2.2828 167 148 97
0.0133 -1.6275 4.0170 160 128 61
0.9575 -6.8426 3.6291 141 145 60
-0.6819 -4.8854 3.6823 145 128 79
-7.4207 -5.4579 1.0464 164 152 106
-0.2550 -7.5222 3.8923 130 139 80
3.1952 2.1061 2.7134 144 123 94
6.6108 -5.9394 1.3454 182 140 111
0.5293 3.7305 3.7162 137 136 73
-2.8382 1.3688 2.9260 157 142 94
-3.3648 1.4776 2.6422 160 117 83
1.8107 2.8243 3.2431 139 144 75
4.0960 4.0091 2.3197 168 117 90
3.5213 4.3473 2.6032 156 139 92
6.5026 3.2613 1.3806 175 154 110
7.3005 6.2814 1.0930 163 135 128
7.9932 -0.6996 0.8069 172 138 126
7.6508 3.3342 0.9388 168 145 103
-1.5123 1.7854 3.3911 138 126 71
-1.4678 -0.7012 3.4642 153 148 80
-1.5826 1.0509 3.3988 141 132 72
-4.1032 0.8090 2.3582 150 145 106
-3.1098 2.3459 2.6268 151 141 96
6.0599 2.3121 1.5571 168 144 114
4.7534 1.2878 2.0661 149 142 98
2.4327 6.5742 3.0608 133 138 80
6.7551 3.1007 1.2902 166 128 126
6.5500 -5.5135 1.3219 152 150 108
6.7378 4.0639 1.3084 162 156 123
-7.8501 -6.2465 0.7975 168 154 116
7.5921 5.8848 0.9282 167 168 99
4.6078 5.5591 2.1766 165 133 98
6.9414 -7.5992 1.2172 160 176 112
-5.9625 3.0276 1.5066 144 159 107
-5.6848 6.4948 1.7144 146 182 104
1.3645 7.2313 3.4286 131 121 69
5.8549 -1.2475 1.6795 164 147 117
-5.7703 -5.2058 1.6573 154 136 97
7.5205 -0.2877 0.9116 161 147 108
2.0150 -3.7477 3.1673 158 140 76
-0.0704 -6.7882 3.9435 134 123 69
1.5873 -6.6064 3.3342 135 131 79
-0.5742 -3.9999 3.7673 148 116 77
-3.0874 -1.1497 2.7974 142 131 102
2.2943 -5.4471 3.0999 164 120 80
-4.1585 -2.3331 2.3591 144 134 105
2.8183 5.5195 2.9466 156 121 64
7.0885 1.9376 1.1374 150 148 111
-4.2315 -7.0503 2.2618 153 146 114
7.7759 5.2600 0.8160 169 146 117
7.5949 6.9922 0.9541 171 157 116
-3.9013 0.8797 2.4645 148 145 71
3.9178 -7.9332 2.4760 161 122 85
3.1328 5.9079 2.6710 150 135 98
2.5693 -1.6953 2.9716 146 146 101
1.9041 -0.1425 3.3114 166 140 74
3.9454 4.2026 2.5275 162 134 87
-0.4232 1.8217 3.7387 148 110 64
7.7063 -3.7626 0.8981 157 139 103
-7.0920 5.9851 1.1245 176 145 124
1.4271 7.9503 3.3827 150 127 74
-6.5614 -4.3073 1.4251 161 140 112
-6.3639 6.3123 1.4565 168 139 112
-1.6412 -3.6293 3.3226 146 107 87
7.4481 -7.2490 1.0341 174 153 120
4.0497 1.1655 2.3443 172 141 101
-0.9104 0.3140 3.5158 141 129 76
0.2007 6.7586 3.9532 131 119 81
-4.7020 7.3758 2.0761 145 131 77
-4.4971 -7.1027 2.1698 161 135 96
-3.6341 5.2919 2.5944 157 127 116
-6.1584 3.3773 1.4863 162 138 108
2.2404 1.7059 3.0196 114 143 81
3.6991 4.5746 2.5886 154 135 85
-4.1171 6.8361 2.3420 171 145 86
-5.6140 4.2380 1.6828 160 141 110
1.6376 -6.1266 3.3710 129 119 93
-0.9180 -6.1359 3.5873 141 128 61
1.0891 -3.3009 3.6094 148 120 85
5.7725 -4.6576 1.7149 161 160 102
3.5128 -3.1516 2.6257 152 130 100
-0.6440 -3.4152 3.7203 148 134 97
7.3484 5.1025 1.0521 180 160 105
-2.2511 -2.4670 3.0681 158 135 83
2.8184 7.9545 2.9098 159 141 90
3.6946 -4.2327 2.5639 154 132 95
-0.7100 6.1563 3.7958 132 148 66
-3.0921 3.3945 2.7268 149 144 77
-2.8415 3.0902 2.8137 144 153 82
5.4181 -1.9883 1.8375 148 131 100
-5.8453 -1.8823 1.6552 177 165 112
0.0575 5.9376 3.9720 151 129 61
-7.0038 5.8599 1.2061 175 142 134
-6.9564 5.4246 1.1732 175 155 100
7.0845 -6.9875 1.1941 166 153 120
3.0805 2.3247 2.7650 164 127 108
-6.5623 -6.5196 1.3177 164 146 115
-1.0330 -2.7414 3.5848 153 131 88
6.6903 -4.9902 1.2936 180 151 113
-0.0220 -5.4686 3.9053 167 145 75
0.1706 -4.4816 3.9203 128 125 71
6.3847 -4.0305 1.3680 167 150 105
7.8119 -1.2580 0.8696 172 144 100
-1.1554 -3.6892 3.6131 153 136 71
-0.1898 -5.1606 3.8822 126 148 63
-1.3333 5.5681 3.3762 158 137 96
-0.1847 5.4993 3.9234 140 133 72
4.3682 -7.8851 2.1932 145 148 90
-2.9924 2.8993 2.7293 144 137 83
-7.7911 -1.2968 0.8483 172 152 104
-0.8746 7.6383 3.6647 146 126 66
-6.6871 5.5541 1.3938 176 153 107
7.7980 -7.5381 0.8926 165 154 119
6.4191 1.1997 1.4809 161 137 136
-7.6974 5.5212 0.8512 154 166 92
6.0488 7.9200 1.6404 164 160 101
1.9293 7.2238 3.2120 150 130 77
-2.3694 3.0214 3.0937 152 131 76
0.7676 -2.6396 3.6473 144 117 65
-3.4604 6.9648 2.6063 152 129 88
0.0702 -6.7495 3.9905 143 133 62
6.7655 -6.7622 1.2969 175 152 110
-5.7767 4.1998 1.7095 157 147 108
-2.2240 -5.6383 3.2083 162 130 93
4.3916 4.3153 2.2893 167 135 87
4.7683 2.4064 2.1058 156 154 96
-4.4325 3.3662 2.2347 155 133 107
5.6197 1.5242 1.7432 167 136 101
-2.5773 -5.3390 2.9140 133 148 94
-4.4652 1.8995 2.2270 145 148 100
4.8382 7.0743 1.9982 164 153 97
-1.0389 -3.7227 3.5365 137 112 100
-2.8664 -3.2838 2.8460 145 140 83
1.9880 2.5569 3.2225 142 139 81
-0.1333 5.5256 3.9495 139 118 77
6.2472 -3.3945 1.4779 172 154 100
0.1682 6.5211 3.9811 155 122 52
-7.7533 -7.9384 0.9717 180 155 102
-2.9613 3.2103 2.7967 133 138 87
-1.2157 5.8129 3.4255 147 139 84
-0.9129 -5.7152 3.7218 131 138 63
7.9494 -3.9657 0.8895 165 174 107
7.5697 5.0616 0.9058 176 152 98
2.3757 6.0931 2.9548 156 145 80
-2.3763 5.1176 3.1057 147 126 83
4.3833 7.3201 2.2584 149 149 112
-3.5524 -3.5198 2.6144 151 129 90
-3.6901 3.5856 2.5470 158 137 98
-3.0695 7.3697 2.8573 152 141 86
6.8929 -2.2168 1.2125 175 157 118
3.9867 -7.5712 2.4212 161 160 90
4.2392 -5.0414 2.2583 150 144 102
7.3573 5.3661 0.9914 162 152 104
-0.2718 6.9491 3.8117 156 135 65
-2.2342 2.1674 3.0992 148 124 85
3.8327 -3.5779 2.4194 153 132 95
7.9507 7.2313 0.8814 173 147 125
1.7177 -2.0756 3.2138 159 127 80
2.5877 -6.2904 3.0509 173 154 70
-4.1566 0.6940 2.3791 144 137 103
-7.1933 4.0084 1.1243 164 145 90
2.8184 0.5804 2.7934 138 158 88
-0.1369 -5.4590 3.9381 135 130 75
-5.1487 -6.6503 1.9907 169 144 115
-1.9564 3.8035 3.1931 146 127 66
-2.3128 5.3065 2.9939 140 154 72
-3.9895 -6.2649 2.3985 172 128 88
5.0293 -7.6302 1.9659 165 137 108
-0.3981 -5.7057 3.9303 146 121 83
2.5542 -4.6091 3.0084 154 145 81
3.4709 -6.0343 2.5674 154 134 92
1.5314 -3.9547 3.4437 145 128 76
-4.3420 -3.9396 2.1465 167 142 104
-0.9971 3.0219 3.5880 149 134 94
-5.2280 6.3000 1.9086 150 160 114
-4.1253 5.8903 2.3100 141 123 109
7.2140 0.4746 1.1257 178 175 100
5.5574 5.2868 1.7755 165 142 85
-6.4017 0.0174 1.4376 186 145 96
-0.3316 4.6089 3.8867 133 135 60
-0.2665 4.2466 3.9638 144 145 62
-1.2220 -2.8151 3.5442 135 124 73
-5.2756 7.8397 1.8974 158 146 87
-1.7907 0.3970 3.2517 158 150 93
-7.7392 -5.0845 0.9049 173 161 129
-3.5912 -3.9247 2.5760 152 131 101
-1.3054 -7.4451 3.4906 139 140 80
6.9746 -1.4580 1.2603 168 121 122
-4.9510 4.3908 1.9957 150 156 105
-4.6183 6.9229 2.1845 167 148 86
-1.9909 4.2961 3.1744 155 138 87
7.6813 -4.0997 0.9728 168 141 104
-5.1910 7.3963 1.9278 145 148 90
-4.4098 -5.0000 2.2407 156 142 102
-7.6492 -6.5814 0.8594 175 158 127
2.4246 6.2862 2.9936 165 120 65
-4.9726 -5.0228 1.9877 144 143 93
-1.0131 -2.1435 3.5800 143 136 72
-4.3020 0.6795 2.2228 160 128 97
-0.5324 6.7140 3.8392 145 120 80
6.3438 -2.0346 1.5038 157 151 112
3.0266 5.8871 2.7497 161 146 87
-7.0034 -7.3714 1.1066 178 155 111
5.7638 1.4188 1.7346 161 149 115
-2.3821 3.7748 3.0176 155 140 74
-2.2364 -7.4656 3.0620 143 119 77
-3.6890 0.8206 2.5758 159 156 94
5.7068 7.9456 1.7204 158 134 122
7.6875 0.1277 0.9370 189 163 114
5.4301 4.9820 1.8812 149 155 102
-5.1341 5.5072 1.9633 185 166 90
2.9726 -6.4385 2.7117 161 134 85
1.8292 -5.5156 3.3076 154 153 75
-5.5606 -6.4407 1.7627 148 150 113
5.7704 0.8166 1.7396 151 145 118
6.0236 3.3201 1.7094 179 155 101
5.2439 -0.3722 1.9691 168 147 83
6.0786 -2.2556 1.5078 157 140 137
2.9036 1.9276 2.9039 145 142 87
4.1820 -1.1770 2.3288 177 131 83
-3.3870 1.7722 2.6843 150 127 99
-4.4769 -5.6698 2.2062 151 118 88
-5.0420 6.7052 2.0129 156 141 107
-0.2848 2.6879 3.7998 131 106 78
-6.9969 -6.2215 1.1959 164 159 85
-7.8562 -4.5183 0.9160 160 151 122
0.5061 -5.0925 3.7819 139 122 80
-4.6349 -3.9163 2.0881 148 149 85
-3.5353 7.2911 2.5992 138 137 74
7.2097 -6.8281 1.1483 170 150 106
4.0403 -4.7155 2.3641 143 129 87
3.4989 7.8182 2.5893 160 128 101
6.1723 -6.0788 1.5041 165 140 108
-6.2965 -2.3357 1.5643 168 157 107
7.7489 6.2448 0.8507 174 144 109
-7.2246 5.7132 1.0413 157 155 121
2.5554 1.6219 2.9868 149 125 69
7.7505 4.4051 0.9548 173 141 103
1.0026 2.5338 3.5430 128 127 53
2.0620 -0.8960 3.0894 164 125 87
2.5412 7.7890 2.9746 149 137 84
-6.5342 6.4324 1.4689 179 150 105
-7.8560 -5.5720 0.9188 193 139 116
0.7713 2.7518 3.7525 138 136 71
0.7663 5.8044 3.7784 132 139 72
4.3203 5.8057 2.2489 157 149 98
5.7537 5.7522 1.6648 174 130 105
6.0177 -2.4600 1.5794 167 139 86
-3.6149 7.9787 2.5667 160 155 80
-3.3803 0.4357 2.6082 144 149 89
-1.0427 4.0413 3.6784 145 127 69
-2.7777 -3.5989 2.9576 163 140 69
7.5936 0.0282 0.9231 177 144 111
4.7425 -7.1833 2.1576 155 130 83
-3.8603 -0.9777 2.4688 147 157 85
-6.3441 2.7029 1.3868 163 151 98
-5.7370 -7.0377 1.6565 155 148 98
0.3799 3.5642 3.8339 142 122 75
-4.8779 0.0891 2.0263 156 145 102
-6.5651 1.2985 1.3435 174 149 126
4.2644 1.9615 2.2594 178 153 88
3.2965 4.9754 2.7255 147 123 61
6.1748 -7.3887 1.5500 171 147 104
-6.0984 -1.2634 1.5547 176 139 106
-2.7891 7.6291 2.9483 150 127 77
0.4656 4.9099 3.7380 124 123 64
-5.4846 -3.6356 1.6760 167 144 94
2.9295 4.9019 2.8208 146 113 93
1.7869 -1.9622 3.2515 151 145 96
1.1659 4.3773 3.4779 158 121 61
-6.3414 -6.8613 1.3952 180 141 112
-0.0233 -7.0748 3.9062 135 143 65
-2.4270 -3.0387 3.0174 163 144 69
-4.0960 5.6336 2.3657 162 151 97
-4.5754 -1.7103 2.1930 163 143 107
2.6884 -7.1031 2.8613 143 130 84
-6.4901 4.0277 1.3747 170 158 108
-0.1768 -6.0556 3.9653 127 110 44
-7.4511 1.8303 1.0682 177 141 120
1.4003 -1.4358 3.4462 158 126 76
1.4443 -0.8124 3.5203 137 135 55
7.2556 5.4870 1.0766 166 157 126
-5.6802 -5.0253 1.7321 150 158 109
-2.9552 1.3718 2.8936 149 136 104
1.5523 1.4135 3.3563 139 130 99
-1.4788 -0.0481 3.4278 139 131 93
-3.1511 -0.6852 2.7115 148 133 89
-2.8488 2.7034 2.8515 160 136 87
6.7057 1.2389 1.3986 165 139 96
-7.2915 -4.1930 1.1094 156 154 116
-2.1601 -0.2015 3.0994 150 138 81
-6.3881 1.8118 1.4033 176 153 105
-6.1063 -6.5821 1.6450 158 132 115
7.9759 0.8326 0.7729 188 150 120
-2.1503 5.2615 3.2097 172 128 84
-3.3213 4.9705 2.6999 154 135 81
-2.9150 0.8665 2.9107 149 142 84
2.8586 1.9532 2.8175 152 142 90
-2.9508 -3.2026 2.9056 164 146 84
-5.1004 -0.8118 1.9337 173 137 79
-3.0044 5.8467 2.8692 147 115 99
0.6287 -0.2697 3.7419 144 127 84
-3.0437 -6.0404 2.8469 160 136 93
5.1135 7.5764 1.9610 162 158 89
6.4213 -7.2723 1.4487 158 153 104
0.7512 3.1075 3.6825 126 122 84
-5.7069 0.4613 1.7912 178 152 92
1.3109 -3.1126 3.4627 169 138 80
7.2864 -4.1104 1.0856 161 148 117
2.7509 -4.6815 2.8684 140 132 95
5.9177 -3.5249 1.6354 154 134 107
-5.2799 -1.9639 1.9005 167 141 101
-2.5797 0.1966 2.9754 134 143 77
0.7689 -2.0870 3.7084 150 116 67
-5.2534 -7.7616 1.8761 151 160 80
5.0430 -3.7770 1.9013 173 151 101
6.9268 6.6970 1.2091 169 154 100
-7.0648 5.2465 1.2583 180 153 120
5.8655 2.1610 1.6543 156 147 92
-0.4175 3.4054 3.8491 149 143 77
2.9696 -3.8312 2.8386 164 138 70
-0.8143 0.3592 3.6536 139 126 69
-5.8642 4.3402 1.6011 171 153 109
-5.6761 -0.2533 1.7437 168 158 110
-2.2659 3.6243 3.1172 130 146 86
4.3369 2.3212 2.2999 161 147 80
-0.7572 -1.3433 3.5776 128 123 78
1.7514 -5.5174 3.2435 147 124 66
-3.7569 -2.5709 2.5035 159 134 81
-5.5112 -1.2197 1.8331 132 156 80
-1.6641 0.2716 3.3841 166 138 69
4.2281 4.4929 2.2152 153 156 91
-2.4528 3.8514 3.0628 160 145 68
-5.9045 -1.8431 1.6061 163 157 91
7.3980 -2.0393 1.0389 173 154 105
7.1156 6.3212 1.1524 163 156 116
-0.4835 4.6584 3.8605 135 129 85
6.0646 5.1108 1.5903 161 159 107
7.2575 -2.7101 1.0451 167 152 106
7.9880 4.0400 0.7967 170 146 120
5.0464 -6.9628 1.9551 161 126 102
4.8050 1.4620 2.0927 148 146 96
5.8250 2.0789 1.6858 143 142 107
3.7529 7.4218 2.4801 151 145 82
-1.1286 -5.5524 3.5011 145 131 59
1.5754 7.9498 3.3996 147 133 69
-1.9699 5.7124 3.1604 152 136 84
3.0390 -5.6834 2.7994 163 142 83
5.0972 4.0680 1.9760 136 150 98
1.8940 4.7838 3.1949 160 139 75
-2.8985 6.8613 2.8720 160 147 80
4.7242 1.5265 2.0321 158 145 101
4.8683 5.7987 2.0483 143 150 110
5.4689 -1.6983 1.7668 160 140 93
-6.6242 -2.1513 1.3712 169 129 123
1.3059 7.1978 3.4269 152 149 57
6.7609 -7.0191 1.3127 154 146 104
2.6346 4.3247 3.0190 152 113 74
-2.2759 2.0532 3.0455 141 159 82
-5.4913 -2.3635 1.6862 152 160 95
-4.6089 -6.0256 2.0945 159 127 102
-2.1097 -1.2405 3.1899 164 132 81
1.5686 5.1882 3.3915 144 140 84
5.0437 7.5054 1.9902 154 151 96
-3.5778 2.8934 2.5585 158 138 75
5.4269 7.3400 1.8270 174 132 115
2.6341 -0.6520 2.8830 149 140 97
-3.1791 1.6488 2.7115 147 132 83
6.7630 -4.9062 1.2891 184 144 118
-0.9568 -0.1355 3.6896 142 126 59
7.5615 -2.0685 0.9654 152 153 119
-4.8472 6.0375 2.0916 162 134 93
-3.9074 1.7111 2.3957 141 138 91
-1.8757 6.9911 3.2588 149 145 91
-4.1570 -0.6305 2.2628 155 157 96
2.3820 -1.0660 3.0085 146 134 67
0.2932 7.4184 3.8662 163 122 90
2.6304 -3.6272 2.9326 144 131 86
-5.0703 -4.0395 1.9548 179 169 96
-0.2334 -1.4148 3.9118 153 139 71
0.2143 0.0920 3.8608 131 121 77
3.7651 -0.3651 2.5393 158 151 77
-2.6012 5.2914 2.9397 162 139 94
-7.0746 1.2595 1.1637 160 125 110
6.6721 2.5141 1.3689 179 148 114
-7.3795 6.8795 0.9944 158 138 108
-6.2524 4.3307 1.4078 173 152 112
4.1987 4.4787 2.2544 161 141 99
-3.0981 6.4667 2.8371 158 140 75
-7.2498 -2.1020 1.0882 174 154 112
-5.7604 0.4673 1.7619 151 126 87
4.6868 4.9730 2.1014 156 129 122
-6.5875 0.1880 1.3887 163 158 108
0.0367 -4.7804 4.0119 129 138 61
0.0849 -1.0118 3.9915 143 127 64
5.7193 2.1383 1.7355 159 141 117
-6.1874 4.8915 1.5760 153 134 123
-5.4698 7.6174 1.8804 153 138 105
6.8792 0.0070 1.2265 160 165 103
-0.7323 4.5335 3.6701 145 136 75
2.7492 -5.4757 2.9197 151 132 87
-0.2543 -3.7819 3.8799 141 132 78
-7.8487 -1.7361 0.9039 165 179 97
6.7469 -1.9766 1.3045 169 141 109
3.0809 -0.6716 2.7310 173 142 82
-2.9090 3.6976 2.7996 169 133 99
5.4209 -6.8346 1.8460 146 140 102
-3.4334 -6.9482 2.6656 160 142 91
-0.0575 -3.0939 3.9194 127 138 62
4.0080 -1.5067 2.4014 164 125 102
-4.0419 4.6130 2.3748 150 150 100
-0.6899 -4.9877 3.7307 148 132 76
-3.7812 -3.5597 2.3768 158 112 101
-5.4515 7.4826 1.8268 170 129 103
1.0913 5.0274 3.4139 130 132 82
-2.9940 -0.7567 2.8111 155 147 68
7.0769 5.8337 1.1347 158 161 105
-2.8022 -4.8159 2.9022 146 159 91
-6.3676 -2.0049 1.4091 191 162 113
-2.5505 -3.8120 2.8841 164 141 80
2.9622 0.8670 2.8220 147 135 93
-2.3956 -1.8091 3.0654 121 144 78
-6.0559 0.4255 1.5560 166 145 104
7.6941 -7.1860 0.9406 178 128 114
-5.6779 3.3032 1.7516 149 153 100
5.1543 -5.2939 1.8324 154 140 94
-4.4007 3.7097 2.2396 148 149 91
-1.1060 6.3138 3.5451 150 124 74
5.7314 0.2329 1.8006 144 143 110
-5.9626 -7.3844 1.5573 161 149 93
-5.1392 -2.5299 1.9321 159 145 108
5.6548 2.0221 1.7583 164 135 105
-0.0469 4.3502 4.0383 147 132 63
-3.0466 -5.9419 2.7641 150 137 81
2.4635 1.4680 3.0085 163 134 103
1.5746 6.9900 3.4306 140 137 66
3.5612 2.4634 2.5647 139 139 88
-1.0306 -3.5449 3.5673 163 111 82
-5.5931 -7.6767 1.7369 179 142 110
-7.2977 -1.0762 0.9852 165 145 124
-2.2750 3.4938 3.1486 135 129 100
1.0231 -6.4910 3.5160 153 123 86
4.7370 0.5189 2.1121 157 139 96
1.3232 -1.5502 3.5246 153 139 73
0.4581 6.9599 3.8307 139 134 80
-1.6651 6.1179 3.3986 154 133 53
4.8745 6.2013 2.0590 154 145 93
-3.9033 0.5543 2.4609 153 142 84
1.3361 -7.0367 3.5316 127 125 74
5.6857 -5.8542 1.7709 166 159 93
-1.6613 2.6298 3.3755 136 123 76
-2.1930 2.4782 3.1333 167 121 83
7.9077 -4.0062 0.9695 166 142 108
-0.8186 -7.7093 3.6942 148 133 77
7.3089 -4.9881 1.0805 161 149 108
-3.2555 -7.1866 2.6155 153 132 95
1.1927 -4.5488 3.5394 138 153 77
-6.6150 -0.3425 1.3729 162 155 109
-3.2890 -4.3346 2.7217 140 145 93
1.9334 -3.1260 3.2086 147 140 70
6.3923 -3.0305 1.4805 148 155 107
5.6326 7.0642 1.6617 169 144 89
4.6005 5.4474 2.1946 156 139 79
-7.8913 7.5124 0.9182 174 166 105
4.8138 -6.3277 2.1343 154 155 88
-3.0667 -3.3103 2.6936 156 136 86
-7.4206 -2.8059 0.9889 167 158 102
-5.2247 -7.6365 1.9562 149 131 102
6.2773 3.7780 1.5708 157 156 93
2.0685 0.3653 3.1263 147 140 96
-5.9647 -3.8023 1.6404 151 142 113
6.8497 -2.0387 1.4043 184 144 98
-6.1208 -5.3690 1.4705 171 136 125
-4.8248 5.8434 2.0369 149 151 105
1.6667 -5.9933 3.2975 163 132 81
-4.7398 -0.6512 2.0510 163 154 108
-3.2200 2.2981 2.6318 152 132 69
-5.9612 -7.0070 1.6527 150 158 89
-2.7941 0.6782 2.7882 145 144 87
-4.8906 -2.1147 2.0272 157 138 90
6.1483 6.2181 1.5505 166 157 132
-1.5687 2.6534 3.4473 135 155 87
-3.6412 0.1483 2.4776 168 148 95
-5.4739 5.6098 1.7826 163 137 103
4.8277 -1.4757 2.0843 152 145 97
-5.5654 5.7614 1.7817 167 139 90
-7.9699 -0.0620 0.8710 169 165 114
1.4933 0.2796 3.4941 163 143 69
-3.9533 -0.1097 2.4963 151 145 107
6.2757 5.3784 1.4370 166 141 111
-0.1791 3.4729 3.9722 151 118 75
-5.8045 1.7202 1.6073 152 135 103
-7.8400 2.8223 0.8430 151 154 99
6.0114 1.9397 1.6545 152 137 101
-0.4904 1.4500 3.8431 136 121 78
3.0947 7.1478 2.7019 158 126 106
-4.9279 4.2545 2.0399 153 136 110
4.2518 0.6130 2.3105 137 152 105
7.9312 4.8333 0.8230 175 155 127
-7.7213 -1.6803 0.9013 174 163 119
5.7153 -5.6634 1.6895 165 158 119
4.0993 6.9883 2.3075 163 148 95
-7.0252 -6.3046 1.1328 174 134 114
1.3692 1.0548 3.4165 138 128 59
-1.3909 3.6742 3.5308 124 135 86
1.3132 6.2699 3.5112 142 133 68
4.1193 5.0543 2.3579 143 142 89
3.4464 -6.2112 2.5928 139 147 99
-7.0931 4.9954 1.1332 180 142 112
-0.4186 -0.3606 3.8887 132 117 65
3.2976 -4.2498 2.7348 134 128 57
6.6078 2.9030 1.3675 164 149 91
7.9658 -3.8915 0.8919 161 161 108
7.4821 -4.9581 1.0507 177 155 114
-5.4990 -7.7277 1.8111 160 127 133
1.9679 1.7171 3.1564 133 133 81
-1.8796 -1.6505 3.2621 158 142 93
1.7917 -2.5416 3.2194 158 127 92
5.7345 -6.7055 1.6180 153 142 132
-3.3239 -4.6638 2.6552 158 136 86
-1.3394 5.5753 3.4507 149 137 82
4.9896 7.3766 1.9607 160 137 96
-5.6900 0.4435 1.7868 165 140 104
2.0703 -7.4143 3.1486 166 138 93
-5.6154 6.1135 1.7253 160 130 103
3.2912 1.9102 2.6099 169 135 105
-7.6663 -0.5913 0.9704 178 145 112
4.3126 -5.1215 2.3393 174 166 93
0.3236 0.4966 3.8741 136 134 89
2.9001 -4.7408 2.8331 147 122 107
6.4738 -1.5591 1.4346 168 136 95
6.3947 -1.6321 1.4552 161 148 112
-1.4163 -0.6022 3.4733 166 110 68
-3.6974 4.1195 2.5116 142 143 69
-0.0853 6.9073 3.9241 144 124 71
3.9951 -4.2961 2.3487 155 162 88
6.9163 -1.7737 1.3114 177 150 114
-4.3824 -6.3080 2.2574 161 140 99
-1.1273 5.0475 3.5299 134 139 83
-5.0446 1.9971 1.9890 157 154 100
6.9445 4.0612 1.1877 175 155 94
1.9726 -5.7367 3.2040 135 133 72
3.8570 1.9809 2.4293 160 127 96
6.1459 -6.6590 1.5444 176 156 115
4.9948 7.5092 1.9126 173 133 86
5.0400 -4.3371 2.0085 170 144 113
6.4378 -5.7843 1.4314 158 148 113
-0.3779 -0.4614 3.8703 138 118 70
0.1947 5.3631 3.9434 134 128 58
4.7687 2.7504 2.0970 175 146 97
7.2105 -1.9089 1.1768 178 152 121
0.0137 7.1020 3.9528 143 132 74
-5.2028 5.6511 1.9484 160 150 99
4.4783 -6.9175 2.2703 136 150 104
4.2811 -4.1772 2.2842 147 145 98
1.6331 -4.9787 3.3380 144 144 62
-7.5139 -7.0419 1.0632 162 159 111
4.5207 3.7636 2.1585 163 133 113
3.5579 -2.7537 2.6772 159 125 88
5.0965 -5.4065 1.8315 170 139 103
6.0846 -4.6462 1.5691 163 143 112
5.7928 2.4399 1.6309 176 150 110
0.7739 3.9732 3.7364 164 130 72
5.0839 -1.4272 1.9693 164 162 108
-1.6533 4.6343 3.3311 144 149 81
-4.3679 -6.2153 2.3506 171 114 97
4.3286 3.9415 2.2772 171 141 97
-5.4103 -3.3965 1.7743 163 137 91
-6.0403 2.9056 1.5866 154 153 114
-4.9099 7.0426 2.0264 153 159 89
7.2830 7.0231 1.1094 168 174 111
4.9235 5.2031 1.9459 142 133 88
6.1072 -2.6808 1.5491 160 161 106
2.4864 -7.5590 3.0286 144 141 83
6.3692 3.5511 1.5408 164 161 98
2.2626 7.7579 3.1135 155 133 97
4.7613 0.2087 2.1831 147 166 109
-4.8230 -7.5266 2.0534 156 141 90
-3.3591 0.1667 2.6084 160 150 88
7.6806 -3.2628 0.9126 193 148 86
4.3220 7.6219 2.2661 162 160 91
-1.8848 -7.3575 3.2945 161 136 71
-4.1505 6.3763 2.3293 151 141 102
0.3554 5.0789 3.8451 142 126 84
-0.7732 -2.6824 3.6604 149 110 86
-5.2894 6.6487 1.7814 161 137 102
2.3417 -0.0827 3.0965 134 156 88
-5.4339 -5.4011 1.8150 151 158 104
-7.9332 -1.1177 0.8798 176 165 93
0.7510 5.0493 3.7345 156 134 73
3.4434 -6.6713 2.6041 146 130 101
-1.4165 1.6776 3.4610 144 134 66
4.7903 2.0838 2.1418 151 134 102
-4.3682 -1.8278 2.1001 176 137 103
-1.4011 -4.4770 3.5392 147 138 79
1.2488 -7.0030 3.5844 143 138 75
2.5508 4.2413 2.9583 140 143 83
-2.6683 3.5746 2.9726 145 117 77
-6.1155 3.0125 1.5683 159 153 117
-4.9253 -3.4170 2.0600 167 150 120
4.7871 -2.7671 1.9755 155 126 110
-5.8252 7.9571 1.6744 166 153 99
7.0509 -5.8450 1.0590 174 166 122
-5.7427 -5.0343 1.7669 136 146 97
-6.4366 7.3309 1.3933 181 147 113
-7.0249 2.3911 1.2960 148 155 101
7.8553 5.1432 0.8606 188 163 132
6.4870 -4.0798 1.3169 161 161 85
-1.0572 -5.0858 3.7016 145 127 76
-7.5519 6.2408 0.9688 168 149 95
2.9323 -3.1174 2.8431 153 141 89
6.9091 2.6738 1.1872 171 151 109
3.3132 3.6633 2.6987 170 125 72
4.7156 2.7541 2.1362 160 164 104
-0.8695 -7.4060 3.7334 130 134 70
5.9389 0.9468 1.6830 184 133 99
-5.1178 5.9949 1.8816 180 144 104
4.1801 4.6069 2.3034 161 156 102
1.9215 -1.0182 3.3106 140 128 73
5.1619 -5.7233 1.8990 163 142 93
7.7902 6.3530 0.8785 176 160 116
0.9633 0.3871 3.6247 150 124 86
4.7576 -7.0984 2.1206 158 153 100
7.4840 3.4594 1.0114 159 139 109
-0.4719 0.6483 3.8206 147 126 82
2.5701 1.5477 2.9573 161 137 75
3.2316 -5.4378 2.6955 152 157 87
-1.9113 -5.8255 3.2300 138 128 64
-2.8501 -1.1057 2.8932 157 142 85
6.0361 3.7171 1.5779 171 152 100
-2.6427 -2.4022 2.9560 166 137 90
6.7392 4.4293 1.2922 164 156 110
7.8989 2.5393 0.7156 179 152 122
1.2494 -2.3159 3.4743 162 120 79
5.2659 -7.5124 2.0373 150 141 106
-0.5072 7.2678 3.7239 141 133 91
-7.9399 2.7326 0.7735 182 172 131
-0.3100 0.0256 3.9092 140 121 88
3.1895 0.5448 2.7353 144 140 98
1.6971 -6.9170 3.2972 139 141 77
4.5433 -6.3127 2.2089 161 135 103
1.3067 2.7907 3.4821 166 116 96
-2.3552 0.4606 3.0663 158 133 95
1.7320 -1.1751 3.3149 151 127 74
-0.1692 1.4996 3.9147 139 136 72
-5.0718 3.0341 2.0080 171 127 86
7.0411 -4.0901 1.1805 180 149 115
-0.2644 -6.6949 3.8959 158 129 69
-5.7557 -1.9851 1.6809 171 143 103
-3.0226 0.9247 2.7755 164 145 88
-2.7440 -5.8659 2.9405 133 139 107
-6.0764 4.9791 1.5598 148 147 116
3.2874 3.1157 2.6900 160 130 84
-0.0986 2.9687 3.9398 144 139 57
-6.5105 7.9816 1.4746 168 151 128
-2.0761 6.4969 3.0716 144 134 87
-4.4959 -2.7586 2.1575 154 143 94
-2.4851 -0.8385 2.9860 137 142 89
-4.1757 -7.5119 2.2718 164 127 92
-3.1350 -3.0861 2.7293 139 140 90
5.5433 -5.9929 1.6734 154 136 107
-4.6029 1.6717 2.1542 152 140 96
-1.3656 -6.0491 3.4977 139 106 72
-1.9306 3.9909 3.1661 169 150 83
0.3402 -5.9672 3.9518 130 105 61
-4.2175 -4.1913 2.4025 151 149 85
-2.2298 2.4078 3.1343 160 142 87
3.6097 -0.6283 2.4965 154 131 83
-0.6063 -0.5940 3.7838 153 116 76
0.2983 -4.2017 3.9586 147 130 64
0.5100 7.9781 3.7963 140 133 80
3.4159 0.5444 2.6911 144 133 82
-0.7884 -2.1346 3.6740 161 127 80
-0.3018 1.3789 3.9514 124 120 77
-1.9515 7.8727 3.1972 132 166 96
1.6642 -2.7613 3.3354 140 120 65
-2.7064 1.4737 2.8265 133 146 89
4.2416 4.6829 2.2658 171 130 85
-6.8058 2.0063 1.2930 172 174 112
7.0820 -2.8360 1.1982 169 160 118
-7.9547 -7.0885 0.7654 178 155 105
5.1875 -1.2322 1.9830 151 152 109
-2.5487 7.8677 2.9795 148 133 79
1.5394 -6.1271 3.3011 152 142 77
-3.7309 -4.0397 2.4846 164 136 95
5.5816 2.0174 1.7317 160 128 102
2.5845 -3.9681 2.9580 151 145 99
6.1843 -1.3335 1.5285 171 141 94
-5.3920 -3.1407 1.8324 160 154 109
2.0747 6.2137 3.1555 137 116 71
4.5486 -5.0993 2.1716 138 161 99
7.3140 -5.4644 0.9509 190 147 115
7.1601 -7.5802 1.0863 171 157 123
7.3746 -7.7525 1.1615 164 154 110
-0.4429 7.8817 3.8335 154 125 70
-3.5419 -7.8567 2.5906 160 120 87
5.6782 1.9620 1.6587 155 153 99
-1.2595 1.6421 3.4973 146 133 77
-0.1607 -6.5867 3.9871 147 120 74
6.7713 -5.1822 1.2237 194 131 121
-2.1369 7.3365 3.1290 156 131 78
-5.1151 0.5401 2.0046 154 147 107
-2.9676 4.8805 2.8332 151 122 87
-2.4032 -1.8171 2.9965 152 138 94
-0.8573 2.8939 3.6718 145 138 77
-4.7917 -7.2510 2.1314 167 142 79
2.6009 7.1871 2.9975 153 134 100
3.6373 5.6920 2.5000 152 150 106
-4.0694 -2.7850 2.4063 149 131 95
-0.9742 -7.3785 3.6643 128 132 96
4.1630 -0.3457 2.3982 154 136 82
-3.3520 -7.7619 2.6383 163 131 99
-4.7976 6.3535 2.1399 176 128 117
5.1879 -3.1421 1.9184 167 142 112
-0.2196 4.2783 3.9546 125 115 72
7.2639 -3.1341 1.0884 173 160 117
-5.4161 0.9805 1.7166 172 155 123
-2.2375 -1.5243 3.0555 151 130 103
-5.4051 -4.1260 1.8346 163 169 104
5.8492 3.6052 1.7444 165 136 94
7.3189 6.8528 1.0454 172 165 101
7.8657 1.2587 0.9691 159 164 104
2.3714 7.6156 3.0244 139 138 68
-4.1510 7.9921 2.3408 150 128 94
6.1699 -1.1493 1.5118 169 145 100
0.0941 -7.9941 3.9488 147 116 84
0.5703 -1.5001 3.7484 156 150 85
5.9390 5.9071 1.6411 170 146 107
-3.7561 6.9810 2.5412 172 141 91
-0.6731 -7.9864 3.7923 146 134 79
-6.0021 -4.4543 1.5797 146 151 88
-0.6002 5.0633 3.7576 120 130 76
-6.0790 6.8201 1.6047 159 126 116
0.3335 3.8261 3.8421 142 139 75
-0.0015 -1.1181 3.9309 146 126 82
5.9603 0.8775 1.6407 178 152 93
-0.7776 -0.9435 3.6988 139 140 69
-6.6150 5.8933 1.3174 174 157 98
7.8364 3.7445 0.8458 157 152 120
0.6561 5.4879 3.6955 140 135 85
4.4668 3.6021 2.1858 141 130 98
-3.6828 -5.6973 2.4954 140 129 94
-0.8713 -1.9860 3.6339 155 130 73
1.2199 -1.5035 3.5076 141 130 69
-2.1422 1.5191 3.1667 142 130 91
-6.3703 4.7826 1.3509 164 142 116
5.1117 5.1780 1.9379 151 131 95
-6.3680 0.1724 1.4777 157 157 117
-4.3465 -2.4516 2.2528 163 115 93
-7.6298 -5.1879 0.9441 154 160 126
4.6745 -1.7156 2.1184 157 119 75
4.2303 5.6557 2.2726 148 154 97
7.9014 -0.8982 0.8189 180 179 117
4.5878 -3.7909 2.1716 157 152 95
-1.9396 -6.1446 3.2016 152 147 89
3.4623 4.3014 2.5525 155 142 91
1.8987 3.3260 3.1921 151 131 71
7.2512 0.4958 1.0952 162 159 120
6.0789 -5.2114 1.6201 173 143 106
-5.6691 2.0636 1.7237 171 177 94
4.4528 -7.5527 2.2517 185 127 95
2.4281 -5.1431 2.9676 149 138 64
7.3685 -6.0771 1.0417 162 152 111
0.7710 3.0740 3.6734 131 141 73
0.1435 -5.5227 3.9208 133 126 78
5.0300 2.1287 1.9743 156 144 96
-3.7407 6.1940 2.5121 151 149 82
-4.1362 0.4810 2.3633 179 123 91
-2.2244 -3.9139 3.1685 159 123 77
-1.0394 -0.7650 3.5496 146 125 81
6.1706 6.2662 1.5770 162 148 106
1.8924 -2.2843 3.1457 136 135 76
4.7847 -6.3144 2.0431 165 146 87
-0.9932 2.0205 3.7147 138 138 78
-0.3438 -0.1551 3.9052 140 130 58
-4.9972 5.0940 1.9779 162 141 99
3.8353 5.5851 2.4901 164 125 87
2.5789 -2.8977 2.9575 137 123 75
2.9445 1.7009 2.8081 159 133 76
-7.7802 4.0318 0.9838 176 151 132
5.9430 -2.2869 1.6240 176 140 99
7.1051 0.0990 1.1440 156 142 111
-0.6687 2.8917 3.7998 154 142 91
-5.0785 -6.9890 1.9823 154 139 95
4.2014 1.3923 2.3679 169 138 79
1.9655 -6.3208 3.3643 133 144 94
-3.6571 4.5205 2.5082 159 124 82
1.0870 -7.7592 3.5032 145 129 66
-2.6655 7.6700 2.9839 140 140 69
-6.9569 2.9822 1.1936 144 152 108
-2.1536 2.6590 3.1263 158 132 82
7.7519 6.9995 0.8932 157 151 113
-5.0839 5.9976 1.9585 164 153 89
-2.6579 3.3679 2.9228 156 140 84
0.5563 -1.0529 3.8111 128 133 65
1.5009 7.5993 3.4639 149 107 82
-7.3919 -0.0071 1.0794 163 153 111
-6.6486 6.6709 1.3777 151 141 104
7.8033 0.4586 0.7683 174 155 138
-6.1722 6.3874 1.5290 159 157 114
-7.5743 5.8951 0.9853 161 141 101
4.4022 -1.9730 2.1906 162 149 105
1.2521 -1.5340 3.5414 152 142 82
-5.8277 3.2781 1.6711 160 150 121
-3.0729 -4.1535 2.7500 142 132 92
7.0729 3.4511 1.0800 177 158 127
-1.1431 -4.1935 3.4530 142 134 84
5.8870 6.3095 1.6931 163 133 95
-0.5497 -1.7847 3.7433 137 139 82
0.3276 4.5288 3.9343 132 118 50
-2.8084 2.7357 2.8963 130 131 87
7.5239 1.7616 0.9519 175 143 115
4.3579 -0.0956 2.2265 147 135 99
1.1991 -3.1995 3.4460 149 123 90
-7.2595 1.0991 1.0522 164 145 113
1.6605 -2.4589 3.3781 155 128 73
6.6075 -5.0042 1.3903 153 153 106
7.0513 -7.5855 1.1306 169 154 108
7.4906 -1.2879 1.0063 174 151 105
1.0791 4.0427 3.5169 148 136 71
-7.8367 -6.8029 0.9167 157 147 114
0.6989 1.7015 3.7000 138 137 72
3.3222 -5.1844 2.6054 155 157 87
5.9585 -3.1775 1.5265 158 134 112
-0.3736 3.0556 3.7801 146 145 72
6.4890 -6.3956 1.4511 195 151 116
-2.1686 3.6847 3.0790 157 157 88
6.6545 4.4312 1.3018 179 146 117
-2.7808 -1.5045 2.8764 155 140 90
-4.3505 3.1462 2.2859 152 147 95
-4.9405 0.4291 1.9981 161 140 97
0.2979 1.0471 3.7863 148 123 65
3.6999 -0.1908 2.6086 149 132 79
-2.2985 -2.8817 3.0890 155 140 96
-7.4419 1.4390 1.0501 173 158 105
-7.9050 -4.3830 0.8561 153 149 116
-6.7299 0.2235 1.3929 162 148 124
-0.1075 -7.5592 3.9833 129 122 75
-1.6452 -4.5308 3.2527 134 126 82
-1.3078 -4.9719 3.4756 162 126 72
-2.3964 -5.9587 3.0325 158 148 98
5.6459 6.8544 1.7713 171 140 104
3.6504 1.4173 2.5218 169 145 98
4.4155 0.0227 2.2292 157 146 98
-7.5255 -7.4510 0.9795 169 154 106
-5.3573 6.4997 1.8302 161 142 99
-0.5123 -5.5961 3.8748 137 137 63
-7.8456 2.0705 0.8324 185 146 105
5.5940 -4.2753 1.7799 155 163 113
-5.3052 -0.3132 1.8737 158 165 102
-2.7492 7.2937 2.7878 151 145 80
-1.6629 -7.8601 3.3707 152 126 74
-1.3263 -0.9066 3.4832 136 162 71
2.3478 4.2169 3.0193 160 142 84
3.9087 -1.1231 2.4475 157 132 95
-3.9946 -5.8385 2.4403 148 136 87
3.4987 -4.7336 2.5355 145 139 82
6.8116 -0.3969 1.2456 167 153 98
-4.7556 3.8552 2.0575 172 141 110
3.7697 0.1399 2.5015 142 142 75
4.5285 7.2992 2.1918 153 152 96
7.7651 -2.5408 0.8957 189 154 118
-6.4028 -5.9166 1.4523 163 128 126
-4.6764 0.5079 2.1092 157 123 96
-7.7137 5.9711 0.9362 167 156 92
-5.6002 4.9219 1.7796 153 138 106
-4.5008 7.0253 2.2038 145 151 99
-2.9263 -4.3616 2.8534 161 126 76
7.1254 -7.2482 1.1214 160 160 108
5.7487 -7.8551 1.7105 172 142 98
-5.4034 -4.3996 1.8980 159 130 86
-4.8296 -2.4933 2.1655 185 161 84
5.6683 -3.0863 1.7870 161 162 110
-5.4036 -3.7365 1.9210 162 143 96
-4.2308 -3.9651 2.3274 173 133 90
-7.5713 -5.9014 0.9186 165 159 127
-7.8449 -0.0218 0.8094 170 163 117
-1.3254 -0.3895 3.5107 163 142 72
-2.3792 -0.9284 3.0706 160 135 85
0.4006 7.0988 3.8960 137 116 82
-4.7115 1.6656 2.1294 157 157 75
-5.3215 -2.4179 1.9023 144 159 96
3.0225 4.3662 2.7884 144 147 89
0.6453 -6.8907 3.6593 144 140 63
-2.9173 1.7131 2.7995 174 140 70
-4.1015 5.4176 2.2931 164 138 99
4.5911 -6.2079 2.1813 142 141 90
-6.9886 4.1412 1.2694 179 160 130
5.0383 -2.1883 1.8978 170 147 106
-6.7258 3.1443 1.3059 164 149 106
-3.3535 -6.2293 2.5612 152 155 96
-2.7672 -5.1639 2.8779 151 133 84
1.4190 -1.2522 3.3952 161 120 96
5.2225 -6.9967 1.9248 183 151 94
-6.4325 -3.8594 1.4254 164 137 126
-3.1434 -0.8675 2.7010 171 138 92
7.2105 -6.6724 1.0001 170 144 113
-0.0100 -7.2127 3.9814 135 125 69
4.1939 5.6089 2.3391 144 135 91
4.2425 1.4065 2.3508 163 150 103
-6.7563 -5.0401 1.2064 181 141 123
3.5838 6.6385 2.4711 154 144 92
-3.0224 -2.6546 2.7506 164 138 76
-0.5800 7.8644 3.6991 148 115 56
-0.4869 -7.9406 3.7150 131 134 80
0.4230 -5.9505 3.7223 144 137 94
-3.7780 0.6804 2.3708 159 131 99
3.7617 1.8735 2.5701 153 138 100
-5.7837 4.2215 1.7272 164 164 91
-0.7584 -6.0581 3.6729 140 122 69
3.7918 -6.7825 2.4749 152 136 99
-3.0598 6.3522 2.8243 153 140 79
4.7839 6.9084 2.0373 157 130 97
-7.0728 3.1640 1.1607 172 133 100
-5.2802 -4.2952 1.9097 151 139 109
2.0956 0.5593 3.1999 151 137 75
4.8902 1.0724 2.0268 189 164 109
1.9076 -1.4436 3.2195 156 123 85
2.5205 -7.2840 3.0135 141 161 82
5.8737 -2.1244 1.7177 159 152 115
2.0790 -3.9844 3.1547 146 131 77
-7.8786 -0.7947 0.8097 169 159 115
-3.1339 4.6344 2.7659 145 147 85
-5.9336 -6.6747 1.6055 161 156 111
1.8514 -2.8091 3.2038 143 141 85
3.3878 -4.6131 2.6804 150 145 99
-3.5362 5.2181 2.5694 140 162 87
-5.2996 -1.3684 1.8492 158 140 97
-5.0617 5.7399 1.9455 183 151 110
4.9721 -6.8102 2.0457 155 140 92
3.5319 -6.6457 2.5665 156 155 81
0.4416 6.3300 3.8101 142 130 56
-0.2613 4.9613 3.8809 143 120 65
-3.6856 7.7066 2.5487 131 135 102
-1.1078 1.7604 3.5763 151 130 81
-6.6959 -5.1243 1.3863 142 141 105
-6.9591 4.4610 1.2514 173 135 111
6.0634 4.2739 1.5426 168 147 111
-5.0965 -4.8110 1.9302 154 143 91
6.7883 -5.0306 1.2760 171 157 111
3.1096 6.8353 2.7199 148 142 94
-2.1674 -5.9449 3.1262 121 123 85
-5.5058 -2.6575 1.7895 176 151 97
-5.2074 2.5901 1.9071 141 167 113
-0.2184 -3.9847 3.9256 147 140 73
-0.2837 0.3539 3.8760 140 123 66
-1.5472 -3.4766 3.3736 140 132 83
-3.4528 -2.5147 2.6406 159 143 92
-6.7086 -6.4062 1.2674 166 145 106
-0.5389 7.5740 3.8439 149 121 84
6.1737 -3.3649 1.4899 151 143 103
-2.4760 -1.7317 3.0757 159 145 82
-5.2237 5.6681 1.9412 165 142 79
-5.4971 5.2256 1.8517 166 140 111
-3.4832 -7.5783 2.6221 136 115 100
5.8645 2.7364 1.5707 162 151 99
3.7561 5.1099 2.4709 155 146 106
-5.6350 -4.4011 1.7757 176 140 107
-4.1231 6.3905 2.4148 168 130 85
4.2860 -7.9443 2.3409 152 136 87
1.4619 5.5440 3.3660 142 130 74
-7.7289 0.0081 0.9626 178 178 118
-7.8291 4.2022 0.9386 164 154 106
6.6538 2.1968 1.3518 177 140 105
-2.3518 -4.9688 3.1351 138 133 93
-5.4496 -5.0351 1.7711 128 141 101
-0.5643 3.7348 3.7723 136 130 71
6.5516 -0.9037 1.4287 171 143 106
2.1683 -5.0637 3.1843 140 139 81
-6.3736 5.6586 1.4175 157 155 95
1.5097 -1.5595 3.4383 140 130 63
7.4610 5.7752 1.0041 158 159 110
-2.8739 -1.7770 2.8087 154 158 89
6.1983 -5.7184 1.4559 169 144 96
-6.8949 -6.4563 1.3505 159 138 107
7.7871 7.0234 0.8492 181 135 98
-5.2289 3.1694 1.9519 140 151 109
2.0751 -3.0474 3.1992 146 134 80
-4.9602 3.1935 1.9741 162 144 117
2.3989 7.7858 3.0016 151 127 80
-2.0081 -0.1543 3.1481 148 148 91
3.2240 4.3681 2.7290 166 138 85
-5.4988 2.6592 1.7333 162 146 109
-3.2586 -1.9644 2.6389 158 156 95
5.4331 -5.0840 1.8085 157 163 114
4.3209 -6.8338 2.2975 164 122 90
-0.2426 1.2073 3.8992 134 127 76
-6.9849 6.0525 1.2264 160 156 110
4.9247 -3.6507 1.9600 171 143 93
4.3408 -4.0036 2.2430 156 134 90
6.3536 -6.8659 1.4407 156 148 111
7.0586 -0.3180 1.2860 152 133 106
-5.6161 4.8125 1.7668 171 165 120
3.9932 -0.8553 2.4238 149 158 88
-6.0995 7.8401 1.5329 161 136 115
-6.0776 -1.4459 1.6091 162 148 101
-1.9569 1.1633 3.2789 129 135 75
7.5293 6.2241 1.0254 180 142 107
6.7558 3.7903 1.3368 161 157 119
-2.3047 -2.9318 3.0100 150 115 82
-1.4312 -0.8222 3.4032 149 138 80
-2.5719 5.9991 3.0463 133 137 65
-5.7980 2.1851 1.6948 174 168 99
-3.4221 4.9997 2.6535 177 160 79
-0.8827 0.3637 3.5818 123 136 77
6.4304 0.3304 1.3429 173 175 122
-0.8895 -0.1585 3.6929 155 142 79
4.6421 -4.4298 2.1507 166 142 94
1.7406 -0.4398 3.2966 134 149 94
5.6068 -7.3555 1.7615 159 156 92
5.7957 -6.5610 1.6369 163 139 109
6.4219 -6.9930 1.4069 164 154 111
0.3152 -1.8506 3.8515 149 131 57
1.8878 4.7150 3.2409 141 149 96
-6.3769 -4.5342 1.4227 181 134 118
-2.7432 1.7634 2.9556 148 141 83
-1.0510 -5.2418 3.5868 146 147 76
5.7277 -1.1350 1.6548 154 150 100
7.2634 -2.1164 1.2197 163 150 113
0.8626 -3.8041 3.6635 143 114 67
6.3153 1.5719 1.4572 170 139 121
1.0965 7.0295 3.5330 144 135 72
3.3998 0.7543 2.7158 169 131 99
-2.5976 -2.6545 2.9456 129 127 87
-0.1801 4.0470 3.9666 144 122 83
-2.2438 4.3843 3.1125 132 128 76
4.2543 -3.1963 2.2147 149 118 100
-4.3011 6.2182 2.3502 166 148 96
-5.4626 7.9949 1.8297 163 143 96
2.0108 -6.7449 3.2281 135 141 58
4.0714 -0.8319 2.3498 150 145 101
6.9159 -7.7664 1.2260 168 142 97
-2.8968 7.9527 2.8203 150 143 98
-0.4040 -7.5188 3.9000 145 138 69
-3.6017 0.3697 2.6171 173 145 97
6.0681 -6.1871 1.6721 173 144 101
7.1511 5.4445 1.1284 167 156 122
-7.2728 0.5407 1.1093 154 157 118
-3.6889 4.4401 2.5385 147 153 77
5.3532 -6.5614 1.8160 152 152 94
6.2602 -5.8487 1.4959 174 143 102
6.7388 6.1457 1.3411 142 143 106
1.7015 4.4885 3.3183 146 119 85
7.3809 0.2729 1.0615 180 143 113
-1.2707 -1.5950 3.4700 156 112 79
-4.0442 -1.1137 2.4178 167 128 101
-3.2869 -0.4180 2.7167 142 144 93
7.6136 -7.1145 0.9840 162 154 116
-4.2420 6.1557 2.3479 155 149 104
-5.3902 0.7031 1.7995 153 155 100
0.4273 1.6151 3.7642 147 138 67
7.6968 -7.9055 0.8606 175 160 109
0.1132 5.1144 3.9403 132 139 77
0.6224 -5.4224 3.7455 134 123 73
2.2382 -3.9546 3.0637 158 130 103
-7.4056 -4.6006 1.0677 147 167 125
-5.2010 -7.6154 1.9936 151 139 89
-6.3708 5.9149 1.4841 181 137 107
0.9597 -1.9929 3.6088 117 144 84
-6.8154 4.9386 1.3711 166 148 111
7.5944 2.8498 0.9751 176 142 120
2.5683 1.5780 3.0099 156 129 81
-3.8960 3.7840 2.5007 149 136 89
-0.1772 5.1288 3.9340 142 136 78
-6.5565 5.7008 1.3096 166 151 96
2.9450 4.0021 2.8083 135 142 105
-5.6547 -3.6631 1.8010 149 152 114
1.8525 4.2884 3.2790 153 132 86
1.9464 -6.6221 3.2555 156 130 63
-3.7613 1.9388 2.4926 154 149 91
-0.1046 6.1920 4.0116 145 116 56
-3.9144 0.6260 2.3550 176 122 83
-1.8854 -1.3834 3.2171 126 127 94
-0.3039 7.7245 3.9678 137 140 61
-0.4183 1.2258 3.8010 144 118 86
0.1588 -1.1603 3.9114 152 125 61
4.4342 -3.6005 2.2515 141 140 108
-5.6729 -7.7796 1.7475 172 140 111
-5.0491 -0.2333 1.9740 164 148 108
6.0541 1.0506 1.5518 160 138 104
-2.9249 4.5433 2.8577 163 123 68
-5.8990 7.2274 1.6649 167 158 116
6.3430 -4.4514 1.3603 158 152 116
5.1363 3.6212 1.9093 152 142 111
3.2060 5.0240 2.7418 152 132 85
2.3307 -3.1089 3.0137 141 119 89
0.0079 6.5232 4.0141 145 141 71
-7.7307 -2.8733 0.8144 160 139 109
6.1342 2.3485 1.5173 170 149 110
1.4739 -2.7835 3.4080 137 133 55
-0.7665 -5.3328 3.7368 148 130 75
-0.6308 7.3464 3.7205 119 114 83
7.2494 6.7813 1.0822 168 158 129
-7.1740 -6.7099 1.1268 178 144 117
-1.4739 -3.2301 3.4377 139 143 65
4.7421 5.8977 2.0687 146 137 82
-7.7455 4.8551 0.8533 194 170 120
-1.3265 5.8146 3.4042 159 125 78
7.2580 -2.0136 1.0339 171 145 108
3.6690 1.4293 2.4753 166 138 90
5.4641 3.6722 1.8836 177 157 93
-4.6195 -5.5376 2.1802 159 155 90
-6.9814 -6.3273 1.1857 179 162 99
-7.4702 7.4612 1.0730 171 144 132
4.2304 -6.6943 2.2771 157 132 91
-4.3719 -2.7013 2.1878 164 129 108
-7.6348 7.4825 0.9337 173 143 114
1.4905 5.3627 3.3536 130 114 85
2.2568 0.2758 3.1160 154 132 82
6.9954 -5.9662 1.2291 169 154 106
-2.3533 -2.2775 3.0762 150 122 82
4.9390 1.1809 2.0485 160 145 86
2.2369 7.4721 3.1776 150 130 104
0.0703 3.7104 3.9905 149 138 72
5.5271 0.8881 1.7772 169 156 71
-2.5011 0.1842 3.0438 140 128 105
-3.1396 -5.4490 2.7782 146 139 91
-2.6724 2.4404 2.9900 147 126 84
-5.9740 4.4321 1.5841 180 158 102
-4.4611 -2.9654 2.2496 157 135 82
-1.3160 6.1201 3.4744 138 137 81
4.2882 -3.5008 2.2569 179 142 88
-2.1333 4.7863 3.1368 153 128 77
-6.2960 -7.7463 1.4458 156 161 109
4.1208 -4.6741 2.4261 153 139 100
-4.3976 -0.9496 2.3585 147 158 94
-6.7728 5.2926 1.2498 180 162 110
-2.6283 0.9229 2.9614 162 142 97
6.6616 -4.8915 1.4146 174 149 111
5.2700 -4.8719 1.7552 165 141 113
-3.6782 1.0884 2.5797 177 131 95
-5.2602 4.0388 1.8678 163 147 75
5.9066 -6.3574 1.6711 172 135 111
-6.2731 -5.7853 1.5467 164 150 91
1.0253 3.3968 3.6369 129 126 83
-2.9133 0.6233 2.9330 142 145 83
-4.3866 6.2415 2.2708 163 136 113
-7.9920 -0.3568 0.8397 184 163 125
5.8221 1.9997 1.6659 154 152 83
-2.5297 4.9258 3.0315 137 122 80
0.0495 -3.8629 3.8764 146 119 92
0.2570 -4.6044 3.9569 155 132 60
3.4850 -3.9149 2.6335 145 143 93
2.7836 4.8425 2.9118 157 142 63
3.2867 -1.8952 2.7031 149 131 104
-1.5418 6.1187 3.3967 163 126 77
-6.0436 -3.4598 1.5516 144 146 100
-6.9080 -0.2690 1.2201 174 152 95
1.2824 4.4872 3.4820 118 126 73
-4.2891 1.0007 2.2717 163 141 80
4.2444 4.9749 2.3424 168 131 102
6.8558 -7.7421 1.2336 175 153 107
-2.3233 2.8739 3.1420 150 142 89
-5.8607 7.3452 1.6909 168 155 112
-2.7430 -1.1474 2.9411 152 144 99
-3.7399 -7.6643 2.5135 148 147 98
-3.8516 7.4779 2.4325 162 135 87
-1.5921 -0.9532 3.3320 138 148 85
0.2113 -5.2227 3.8870 147 148 98
-3.9701 1.8266 2.3929 166 136 98
2.3741 2.2103 3.0052 146 146 83
1.8577 4.6025 3.2622 147 133 81
-5.9117 4.3897 1.6038 160 157 82
-7.6723 -1.7181 0.8725 169 145 120
-2.8415 5.9631 2.9299 152 133 84
5.0834 2.9279 1.9775 142 148 90
7.6729 2.3255 0.9869 188 153 113
-0.3910 4.9847 3.7949 130 135 86
5.5608 0.3187 1.7616 164 157 104
4.8750 6.7653 2.0913 166 145 109
-6.7852 3.5168 1.2187 188 159 113
-0.0829 4.0362 3.9745 146 114 83
5.8872 -1.5188 1.6547 172 134 97
-2.7172 -3.6902 2.7955 151 131 102
-3.8006 4.8919 2.5604 167 124 102
1.3482 3.9238 3.4153 150 116 73
2.5766 4.8295 3.0186 154 151 85
1.2365 4.1656 3.5187 142 137 88
5.6739 -7.5658 1.7205 154 150 90
-5.9313 7.0079 1.6233 160 162 115
6.8770 2.3994 1.1745 178 152 112
6.1835 3.9880 1.4183 164 152 117
-7.0892 7.5981 1.1452 173 135 122
5.3897 -3.3170 1.7913 164 138 98
0.1551 -7.0048 3.9004 134 128 51
-5.5706 -5.1821 1.7419 181 153 90
-4.9628 -2.0760 2.0618 165 140 95
6.6210 6.3222 1.3139 159 154 109
6.7804 2.4782 1.3278 174 154 90
-4.8449 -5.8875 2.2130 154 129 105
2.9401 5.1579 2.8083 151 159 91
2.7242 -6.3773 3.0069 163 150 75
-0.9684 -5.6597 3.6509 164 134 73
-5.4767 -3.3846 1.8241 170 157 112
-6.4611 -1.2739 1.5115 180 143 103
-6.2672 6.6450 1.5107 161 157 112
7.8331 -1.7682 0.8639 161 166 121
-2.2689 4.7047 3.0515 149 142 72
0.9953 0.6242 3.5244 138 168 67
-4.2137 0.2801 2.3274 149 159 90
6.7911 -7.7873 1.2840 152 162 106
3.7860 2.6692 2.4781 133 132 103
0.6444 6.7594 3.7630 144 132 64
-2.6928 0.1573 2.8846 153 127 82
5.2458 -7.5600 1.8794 170 127 91
-1.0510 7.2449 3.6288 144 97 83
1.2765 -5.2145 3.5316 150 116 85
6.4428 -7.6130 1.4347 172 138 105
-0.7402 -1.3122 3.6562 147 125 80
-5.2678 -2.0571 1.9145 167 158 95
-5.2317 -0.8892 1.8609 170 138 100
3.4490 2.0563 2.5929 138 143 91
1.1413 -6.1255 3.5025 169 135 73
-7.6437 6.0751 0.9736 162 150 128
-7.4946 -5.2953 1.0557 150 148 103
-2.0987 -5.0953 3.1298 125 139 89
1.5437 -3.0361 3.4193 147 131 72
-4.6365 -1.2006 2.1263 160 159 83
5.9091 -4.3501 1.5768 154 142 97
-3.4972 -0.0204 2.5651 157 148 82
-0.6436 6.3516 3.7566 155 121 86
3.4737 0.2478 2.5624 169 136 77
-0.0476 -1.6625 4.0432 149 133 69
-2.6259 -7.2325 2.9967 128 129 88
-2.8225 6.4931 2.7846 143 133 86
5.6955 -7.7709 1.6242 155 152 126
6.7724 7.1286 1.3474 157 163 107
-4.1186 1.7417 2.3411 152 154 87
-4.1064 1.3182 2.4003 174 150 99
-6.0629 -2.0616 1.5662 163 135 89
0.7063 2.5558 3.7394 149 117 55
-0.1078 -4.6537 3.9907 152 118 58
-4.4228 0.3900 2.2621 163 144 92
-7.9869 -2.7728 0.8457 175 156 109
1.6533 7.4047 3.3899 146 125 62
-4.4049 -7.5729 2.1557 152 140 91
-3.5526 5.6245 2.6062 171 144 100
-4.2023 4.2220 2.3475 145 121 101
-4.9626 5.6565 2.0906 154 144 94
4.1635 3.2226 2.3884 145 159 100
-1.7386 -2.1443 3.3638 174 133 67
6.1900 4.4064 1.5254 147 145 127
-3.3722 6.6500 2.6849 143 144 78
1.6996 -1.3125 3.2691 144 125 86
0.8224 -2.2295 3.7005 152 132 69
-0.9876 1.7828 3.6252 146 142 62
5.0272 3.5329 1.9521 165 152 121
-5.9856 -3.2798 1.5688 156 146 90
6.1926 2.7682 1.5296 153 142 106
-3.9394 -2.5864 2.4450 175 138 93
7.9272 4.3493 0.9149 178 148 111
-6.3452 -2.4422 1.4374 148 132 104
3.8549 -6.3404 2.4126 161 146 100
5.4918 -5.4247 1.8182 158 154 102
5.8660 -2.2312 1.5982 161 135 111
4.8386 7.6861 2.1791 162 141 104
1.5610 2.7602 3.4263 135 114 78
7.7852 -1.1858 0.9345 168 161 105
-5.0550 -4.9599 1.9821 163 142 115
-3.8008 -1.6970 2.5027 151 151 94
5.2980 -0.9930 1.8420 160 136 88
2.4328 -4.0502 3.0154 146 121 112
-1.8008 1.6033 3.2813 139 155 74
-0.0470 5.0455 4.0556 134 116 72
1.5182 -2.7334 3.4180 139 131 77
-2.3720 -2.4254 3.0567 142 130 89
-1.7777 4.9490 3.3369 160 147 85
5.0511 -6.5903 2.0605 154 144 92
-6.3110 -2.2925 1.4757 160 166 117
2.1214 1.8815 3.1278 149 144 90
-2.0420 6.3487 3.1448 159 128 80
-4.2116 0.1200 2.2644 153 145 89
-6.5795 -4.5419 1.3400 169 149 128
-3.7980 -2.1293 2.5146 159 139 91
0.0027 -3.6336 4.0464 130 133 69
-1.2200 -7.7566 3.5690 142 147 81
-3.7481 -5.4995 2.5548 159 145 92
-7.8363 -0.5418 0.8153 189 158 128
6.4972 -6.9923 1.4929 160 141 98
1.9167 2.7993 3.2320 147 125 86
-1.1906 -7.7523 3.5378 138 139 75
-0.6331 6.8130 3.7552 164 122 88
-2.9250 3.3618 2.8106 144 135 67
-2.7057 -0.8440 2.8050 163 126 68
-2.4837 1.2711 2.9697 160 134 90
-5.7770 5.4674 1.7024 165 138 106
5.0116 -2.5387 1.9785 150 152 102
4.8065 -5.3825 2.0796 157 156 97
5.5256 -6.7924 1.7680 174 144 106
-4.3545 2.1645 2.2543 156 127 103
-7.2148 3.9098 1.0970 166 133 113
2.0403 2.6026 3.1397 145 132 82
0.1674 3.3202 3.8836 153 131 74
6.0862 -2.3874 1.5153 179 132 113
7.2899 -3.9560 1.0838 180 155 115
5.6313 -5.0575 1.6801 157 151 120
5.7708 -7.0531 1.7254 162 148 97
-6.7046 -6.7949 1.2571 152 157 120
-0.9241 0.3095 3.6672 133 143 62
-2.1169 5.8903 3.1118 148 136 92
-3.4834 4.7872 2.6975 147 129 71
-0.9784 -6.7164 3.5196 165 143 68
-4.1709 1.8396 2.3185 134 145 88
3.1680 5.0093 2.7375 163 131 101
0.2945 4.3271 3.8925 133 136 79
-3.5843 6.3857 2.4814 170 114 102
2.6827 2.7328 2.9249 143 136 79
-7.3245 0.9721 1.0333 168 156 104
-3.2004 7.7743 2.7430 142 132 100
-4.0349 6.6588 2.3588 160 133 97
-2.9459 3.6186 2.7669 140 142 101
-4.3035 0.2906 2.2014 172 144 98
4.9548 -5.2765 1.9681 159 131 112
4.3866 -1.8301 2.2417 145 143 85
-2.4910 6.8463 2.9766 149 137 103
-3.9083 -5.0766 2.4387 157 133 100
-2.7159 -5.4194 2.9650 139 127 94
2.3371 -2.0891 3.1014 140 148 75
5.1288 -2.7865 1.9569 149 150 88
5.4744 7.0767 1.7742 174 153 116
0.9387 5.7798 3.6048 155 144 68
1.6636 -1.8590 3.3481 166 135 74
3.8204 0.5341 2.4546 172 177 96
-3.7990 3.2596 2.4875 155 155 92
-3.0962 0.9614 2.8022 137 146 102
2.3930 5.9563 3.0243 140 132 68
-6.1992 -2.8033 1.5331 169 154 109
-6.6183 4.5434 1.3235 174 145 113
0.2534 -0.3395 3.8738 140 133 67
2.9077 -6.7777 2.7885 150 163 91
-7.6662 1.0393 1.0135 177 169 118
-0.9556 -0.2351 3.6589 132 127 75
5.0721 2.9025 1.9513 164 140 106
-5.0823 -1.5057 1.9809 136 163 99
0.9644 -4.7405 3.6222 149 134 57
-3.8342 3.4892 2.4150 153 154 95
-6.3107 2.5599 1.4800 184 131 109
-5.5807 6.5802 1.8149 158 163 93
-6.9817 -1.4877 1.1632 142 141 127
3.5019 1.6304 2.5667 172 133 94
-4.2413 6.0310 2.2546 158 135 91
2.7652 2.8547 2.9189 137 133 79
-5.6598 -3.8336 1.7556 153 155 93
-2.1350 5.3189 3.2065 144 136 103
-3.4462 -0.4565 2.5951 149 168 76
0.7924 -4.4336 3.6371 139 140 82
5.0592 0.3095 1.9916 155 154 117
-3.2882 0.4202 2.6734 154 128 97
7.1940 -1.3510 1.1525 160 149 106
3.6462 1.4210 2.4361 159 147 91
2.8380 -6.3148 2.9395 160 144 97
-2.3153 -4.8265 3.1072 156 134 63
-4.5758 -1.6869 2.1552 146 151 114
-2.3163 -4.4974 3.0529 139 127 84
-6.7933 -3.0076 1.2250 185 172 111
2.2523 -1.5920 3.1376 152 134 85
1.5258 0.9707 3.4494 154 135 72
6.6983 -3.0358 1.2685 171 142 104
2.3284 6.3732 3.0816 146 138 100
3.7093 7.2056 2.4997 143 133 85
-2.7997 -6.0726 2.9027 146 142 81
7.6260 -6.6615 1.0007 161 141 106
1.7403 -5.1726 3.2826 140 134 66
0.1485 -6.0498 4.0065 131 126 77
5.2839 5.3002 1.8753 170 159 102
-3.5452 -3.0771 2.7224 155 155 97
3.3926 1.9535 2.5995 172 143 100
-4.6082 1.0904 2.2375 181 140 108
0.0911 -0.5872 3.9550 137 110 72
-7.6238 -3.3119 0.9560 181 156 134
6.1855 -1.2130 1.6234 162 148 110
6.5927 -3.4329 1.3856 177 153 112
-6.3949 -1.6581 1.3322 174 149 103
-6.9319 3.5773 1.2179 183 145 112
-6.4684 -0.7179 1.3579 173 129 101
-1.7286 -0.6666 3.3649 155 126 73
6.0349 1.9215 1.5322 168 161 97
-3.3896 0.7733 2.6467 169 140 82
-0.6101 -2.6618 3.7350 164 125 81
7.1354 1.4983 1.1500 169 152 122
7.2534 6.9968 1.0763 171 140 132
4.5994 -5.4710 2.1615 161 133 90
2.1997 1.2132 3.1269 166 137 90
0.2310 6.6142 3.8595 123 136 64
-4.3889 5.2660 2.2945 167 130 89
-3.2073 0.7844 2.8098 129 141 78
4.5713 2.9153 2.1293 167 137 89
-0.2263 -4.7024 3.9240 149 114 69
-5.0088 -4.3310 2.0676 144 125 88
7.2355 -2.7637 1.1161 173 139 112
7.8195 3.8887 0.8440 176 166 123
7.6840 -7.9257 0.9076 160 151 121
6.7800 -6.6344 1.3207 154 146 125
-1.1189 -3.8181 3.5869 138 135 79
2.4468 -7.4266 3.0054 149 132 93
0.7812 -3.9226 3.6236 140 121 68
-2.9422 -6.5944 2.8223 160 134 88
3.8210 -3.4648 2.4897 165 140 100
3.7875 4.7190 2.4764 152 138 89
5.1702 5.8520 1.9334 158 131 91
6.9724 6.4424 1.1388 180 147 126
5.3858 -5.7755 1.9161 171 119 107
-7.6596 7.1476 0.8317 184 153 103
-4.7422 3.2643 2.0618 167 167 89
2.9639 -4.2917 2.7909 156 133 82
0.5292 -7.2818 3.8156 146 133 65
-4.9819 0.0579 1.9836 138 160 84
-6.0277 -7.3836 1.5869 154 149 93
-3.7732 6.8694 2.4686 147 139 80
-0.7801 -4.7805 3.5726 156 135 91
3.5020 5.9007 2.6309 157 140 85
4.9100 -5.2457 2.0405 164 143 104
-6.9862 -4.4745 1.1565 164 148 120
-2.5730 3.4462 3.0372 147 127 93
6.2198 1.9696 1.5568 170 149 93
-6.7683 1.3767 1.2331 166 145 116
-1.6737 -6.1145 3.3414 142 135 91
2.4024 2.2887 3.0449 151 154 78
-6.7695 -0.4336 1.2380 144 142 118
7.5052 4.9181 0.9276 172 160 111
1.1984 5.5105 3.5518 141 125 81
1.1012 0.7965 3.5473 160 130 68
7.9117 7.7685 0.8281 164 161 103
2.6535 5.4430 3.0061 155 137 93
2.8098 -0.5992 2.8444 146 137 95
0.8751 3.5473 3.6416 146 130 74
6.7190 -7.4766 1.3572 170 166 90
2.7596 1.1070 2.9285 142 131 84
0.5952 -1.5950 3.7487 149 129 66
-6.1906 -6.3389 1.4953 173 139 108
7.4773 -2.8377 1.0660 172 162 108
1.6042 -6.9546 3.3071 159 131 84
0.4038 -1.4555 3.8871 148 123 81
-5.0114 -1.7431 2.1002 173 155 94
4.7239 -6.1639 2.1663 161 145 95
3.5767 0.3296 2.5315 150 138 90
5.5667 -1.0646 1.7306 139 145 107
-4.8449 1.7028 2.1410 164 140 88
-4.4322 -2.1519 2.2598 155 153 92
3.0229 -3.4687 2.7716 136 114 87
-3.7245 0.0432 2.4359 154 159 101
1.6417 1.2276 3.3768 149 141 83
3.0512 -2.3778 2.7814 156 133 79
0.5687 -0.7588 3.7821 159 127 80
-5.2713 5.9534 1.9079 157 147 106
-2.8879 -7.5384 2.8261 147 131 78
-4.3891 -1.1162 2.1850 146 137 86
2.3629 4.5651 3.0095 152 146 97
3.5463 -3.6267 2.6048 140 138 80
-6.1353 -3.2420 1.4945 163 148 96
-5.2535 -5.6833 1.9188 168 143 82
-1.0681 -4.3812 3.6201 136 109 68
2.8486 4.7440 2.9039 144 134 84
2.7976 -5.7498 2.9240 151 120 83
0.0319 -0.3931 4.0148 138 132 64
6.6777 -1.6545 1.3301 148 137 121
7.8421 -7.6955 0.9204 167 162 124
-4.1527 -6.2170 2.3917 160 140 85
-2.8126 -7.1212 2.8617 153 124 91
3.7019 2.8444 2.5183 139 148 99
5.1974 7.1676 1.9924 158 148 99
-5.2783 -5.6707 1.8563 159 132 107
1.7242 6.8339 3.2929 145 132 92
0.5856 7.4994 3.8078 130 135 73
5.8127 3.1533 1.6785 148 142 107
-4.6841 7.2025 2.1538 174 144 87
1.9172 7.9968 3.1971 171 143 95
5.4560 -4.7654 1.8233 149 149 119
-7.6513 -5.6583 0.9054 184 165 117
5.4468 5.4088 1.8596 172 129 96
3.1333 3.5089 2.7039 157 144 63
-0.6579 -4.8924 3.6957 147 129 79
-6.7713 7.7717 1.2831 155 144 113
-3.0970 -1.5683 2.7328 149 149 90
2.8412 -2.8786 2.8644 166 117 70
-5.3701 0.2445 1.8871 157 137 97
4.1803 -1.7046 2.3194 141 138 78
-4.5347 -7.3687 2.2379 151 125 95
4.0240 7.1748 2.4039 171 131 79
-1.3078 -4.5148 3.4658 145 113 67
-3.5917 1.7197 2.5549 158 129 86
-5.4887 -6.4951 1.8333 145 144 86
3.6693 -4.5588 2.5909 133 137 91
7.8122 4.7025 0.8585 171 150 126
6.5030 7.3739 1.3949 161 140 113
-2.4720 3.0118 3.0929 143 154 81
-7.4891 -5.1945 0.9340 153 157 128
-2.1105 5.3333 3.1061 145 144 86
3.9941 -2.0569 2.2893 166 138 105
1.7650 4.9661 3.2399 166 133 95
-3.0100 2.6558 2.7928 157 137 95
-1.2424 -2.9511 3.4106 134 128 79
-4.2793 -3.8484 2.2801 157 148 93
-0.4057 -5.7877 3.7908 154 128 71
-6.0247 2.7468 1.6218 152 148 97
6.8369 1.0027 1.2917 173 144 101
7.2118 -6.1043 1.0585 170 166 131
-6.5872 0.7199 1.3879 161 141 117
7.5153 -6.6437 1.0350 168 159 119
3.8867 4.7476 2.4222 142 135 110
5.4633 -7.1901 1.8305 166 146 107
2.2685 7.2829 3.0865 144 141 82
-2.8479 7.5562 2.9577 143 139 71
5.0905 5.7746 1.8752 158 167 120
1.4933 -7.9774 3.3246 142 114 83
1.3849 0.7538 3.5001 146 116 81
0.8992 -7.1316 3.6213 146 124 70
5.3154 -1.1079 1.9320 176 150 100
1.0031 -6.8689 3.5879 141 137 72
2.0060 1.4790 3.0189 140 135 106
5.6041 -3.1843 1.7844 154 152 111
-1.9246 -7.6250 3.2281 130 137 106
7.8154 5.7317 0.9084 160 153 118
-1.3214 -6.3782 3.5371 147 122 65
1.7848 -7.6543 3.2927 147 146 95
-2.6259 4.5523 2.9355 150 137 108
2.9728 -6.7264 2.8496 128 147 71
6.0944 3.7766 1.5441 168 135 99
4.9813 5.2684 1.9566 184 154 86
4.4738 -0.7348 2.3135 142 135 104
-1.4683 3.0075 3.4447 140 123 77
-1.2067 6.8700 3.5334 140 140 84
-6.7555 -0.3762 1.3336 164 152 101
-6.9422 6.6092 1.2524 185 154 123
-3.4931 -2.8235 2.6199 151 142 97
6.0770 -0.2024 1.5943 173 167 107
-7.4384 -2.4581 1.0733 181 153 117
-0.2835 -1.8165 3.9740 139 119 70
1.7366 -2.1699 3.2542 140 135 83
1.0298 -0.6902 3.5480 132 120 68
-1.2607 4.9435 3.4586 164 136 105
2.9420 -6.9791 2.7673 145 149 93
1.7901 -5.6296 3.1640 136 129 85
-3.6549 -3.0654 2.5876 166 122 63
-3.0832 -2.2352 2.8619 154 137 88
-4.3324 6.0812 2.2447 164 140 97
-5.1643 5.6604 1.9780 143 147 96
-6.1365 -6.8569 1.4612 166 146 113
0.8183 6.9831 3.6377 145 135 77
-2.9230 -5.7807 2.8976 147 144 87
-4.1172 7.8572 2.3793 176 148 89
-1.3607 -1.0215 3.4478 147 132 92
-4.3339 3.7986 2.3088 148 143 84
-5.9161 -0.3033 1.6497 175 143 104
-0.0956 2.7616 4.0931 156 145 65
-7.9607 -5.5767 0.6859 170 158 104
6.0085 -0.9381 1.6554 166 142 92
2.6350 -6.9990 2.9048 141 139 90
2.7682 1.1857 2.7888 150 132 89
1.9221 -7.8757 3.2650 139 135 86
5.8644 -4.3868 1.6420 158 160 94
-4.9546 3.1607 1.9156 155 145 111
6.3787 5.5403 1.4640 173 157 120
-6.7140 7.5763 1.2801 170 130 109
-2.2946 -1.5404 3.1153 148 131 86
2.6677 -2.7698 2.9271 148 134 103
6.4198 5.3646 1.4308 162 145 110
0.4297 -6.0037 3.8223 145 107 61
-1.6129 -5.6986 3.3457 146 150 64
5.3832 -5.8793 1.8168 157 143 87
-0.7109 7.2301 3.7343 141 123 82
-0.0584 2.8376 3.9761 154 100 74
-7.5876 4.1966 0.9951 166 154 120
-4.5067 0.0537 2.2320 140 131 100
-6.9774 -7.4074 1.2648 194 146 113
7.4675 0.1737 1.0510 172 160 107
4.1659 0.3277 2.2909 171 156 107
5.5054 -6.9233 1.7456 154 139 97
7.1638 -7.0356 1.1607 169 149 99
-5.5515 4.4792 1.7726 152 121 103
-5.0632 -7.8308 1.8800 163 160 96
-0.6767 -4.8175 3.7470 160 122 80
-0.0479 2.5123 3.9564 142 104 64
5.8403 4.9085 1.6810 173 147 115
-3.4191 -7.3939 2.6027 159 147 101
-1.4956 1.8398 3.4589 139 149 84
-7.6116 6.9317 1.0305 159 165 107
0.4430 -2.4001 3.8792 125 120 72
6.6145 -5.0450 1.3207 182 166 125
7.2810 -0.9581 1.0724 174 145 118
5.8711 -6.7095 1.6950 151 131 110
3.9177 -7.5858 2.4337 142 142 93
1.4490 -3.3470 3.3481 136 132 78
7.4363 -6.3108 1.0236 158 176 129
-4.3195 -5.0845 2.3114 150 133 86
0.7234 3.8771 3.6108 136 118 83
-5.2953 4.6646 1.9136 160 143 101
-7.6256 2.2869 0.9193 156 151 102
-6.2357 6.3101 1.5256 150 172 92
0.7200 -4.7769 3.6587 150 136 76
-1.4435 3.7114 3.3758 144 142 91
3.7765 0.4900 2.5205 149 158 89
-7.0100 -2.2630 1.2127 164 137 112
3.1329 -2.4157 2.7611 134 148 76
1.3901 5.3825 3.4725 135 132 81
-3.9785 3.5198 2.3898 167 143 85
2.1682 5.0474 3.1033 136 128 85
-2.6508 -6.4023 2.9711 157 136 91
0.4056 0.3432 3.8139 136 141 77
-4.3626 -5.2764 2.3223 154 151 91
-3.4954 -2.9112 2.6177 155 136 84
-6.4709 -6.4270 1.4586 165 145 119
-0.3673 1.8566 3.9330 147 132 77
2.7707 -6.3713 2.9987 155 138 83
-4.8098 0.6070 2.0190 150 127 92
-3.2684 7.1308 2.6260 155 139 99
-4.4160 1.8046 2.2460 153 146 90
0.3459 -7.6586 3.8230 154 129 72
1.7654 1.8344 3.2978 130 139 65
3.9819 4.4930 2.2756 149 147 96
7.0367 3.6757 1.2206 154 153 109
-6.2963 -3.1736 1.4129 144 143 110
4.8136 1.1185 2.1206 172 126 82
7.9352 6.8301 0.7603 164 161 116
-3.8030 0.0508 2.4554 152 154 85
3.7902 3.4073 2.5062 165 148 101
-3.7289 0.8391 2.5241 153 126 105
-5.6779 -3.7590 1.7444 170 155 103
2.9435 -7.6471 2.8536 159 134 78
-0.3402 -5.0743 3.8544 142 139 88
-1.7047 -0.3116 3.2811 145 153 74
7.7429 5.1500 0.9187 170 148 120
-4.1500 -4.2875 2.3963 155 148 100
1.3111 6.7561 3.4863 148 143 89
7.9164 1.2062 0.8738 166 150 118
-5.8366 -6.6370 1.6189 174 151 110
-4.9614 1.5426 1.9324 166 123 98
0.8984 -1.8007 3.5627 138 139 58
-4.0687 -4.8151 2.4076 171 129 99
5.4319 6.5830 1.8247 164 137 115
4.3692 6.6789 2.3828 161 118 97
2.9235 -5.6122 2.8633 136 121 79
5.0817 3.1985 1.9924 153 132 102
-5.4925 -1.3367 1.8846 146 149 105
5.6615 3.8580 1.7676 154 137 131
7.0494 -4.8869 1.2741 172 139 121
7.8427 6.3786 0.7950 164 142 126
0.4732 -3.1266 3.9048 144 126 85
6.8607 -6.7089 1.2252 163 160 109
6.7179 1.4300 1.3290 185 151 127
7.9551 -6.0591 0.8630 168 155 130
-6.0455 4.0749 1.6221 152 140 118
6.8442 -6.3991 1.2664 164 157 113
-7.4489 6.9087 1.0845 157 172 110
-6.4135 5.7853 1.4528 165 157 110
-3.5800 -2.4649 2.5070 149 138 100
1.3054 -6.8260 3.4326 133 125 86
3.2953 -4.2182 2.7086 140 137 92
-5.8212 4.9180 1.6316 161 162 118
0.7776 3.0596 3.6573 141 141 70
6.9545 4.9340 1.1335 179 147 93
6.6802 -6.3899 1.2855 166 142 106
4.7648 0.4665 2.1677 163 150 94
-6.7836 5.1136 1.2539 178 170 110
-3.0813 1.4288 2.7683 149 141 94
4.9690 -5.1442 2.0865 152 143 95
0.2241 0.4718 3.8868 142 122 75
7.7474 1.1380 0.8845 171 160 135
6.1910 -5.9724 1.4426 153 150 106
4.0803 6.6318 2.3637 155 145 101
4.0187 5.6187 2.4100 164 156 89
5.2916 2.6032 1.8612 158 161 78
-6.6318 5.2273 1.3490 170 159 103
4.7374 4.9702 2.2540 179 126 105
2.1366 -3.9473 3.0946 136 148 92
-2.8174 -6.8260 2.8593 147 145 95
4.5990 7.2232 2.2243 170 132 93
2.8382 3.0952 2.8646 159 138 88
7.3940 3.0603 1.0114 169 158 112
3.0221 6.1764 2.7873 153 138 89
7.4815 -7.5958 0.9480 167 143 111
-4.6918 -2.9278 2.1639 174 144 101
-3.1860 0.2110 2.8650 157 134 94
-0.7035 -6.9490 3.7495 148 128 71
1.2323 -5.6814 3.4930 148 137 80
-5.2058 -3.4416 1.8735 149 138 84
-1.9420 -6.8574 3.2239 146 128 69
1.9949 5.0075 3.2774 145 131 93
-1.1845 -1.4612 3.5192 155 134 83
7.9474 -6.9953 0.8774 162 156 105
4.2158 -7.6867 2.3215 153 148 89
2.5074 1.4667 3.0172 157 138 76
-2.8196 -6.7480 2.9775 146 141 86
-5.7036 -2.2281 1.7365 161 172 99
7.2674 -5.8762 1.1314 165 142 126
-1.4835 2.4961 3.3077 145 148 71
-4.8985 -3.3828 2.1098 157 136 96
6.3143 0.5202 1.4902 165 163 115
-2.4149 7.1276 2.9905 146 145 82
6.9569 3.6399 1.2475 180 157 105
-7.6321 -5.8222 0.9203 168 129 110
5.1474 7.5870 1.8343 176 132 94
4.1593 -0.9317 2.3099 167 138 96
-4.0341 7.8004 2.3506 158 130 84
-3.4861 -2.6608 2.6610 152 138 105
2.8110 -3.0500 2.8837 146 141 104
-3.7658 7.3413 2.4985 153 144 99
7.7123 7.3501 0.8563 164 162 127
-6.3654 6.0782 1.4762 186 141 109
6.0156 -4.3156 1.5732 177 142 98
2.1324 4.0392 3.1299 154 141 83
3.8680 3.3832 2.4357 122 146 103
5.8940 1.2748 1.6902 163 141 97
-1.5844 -7.2868 3.3005 160 120 98
6.5379 5.4057 1.3941 177 137 136
-7.8911 0.4292 0.8717 172 159 116
-3.2455 -5.6176 2.6892 166 140 109
-3.3747 4.7849 2.5509 154 142 109
2.8894 4.7798 2.9063 155 134 86
1.2293 -0.3358 3.4868 133 137 77
-5.8817 4.4405 1.6585 174 136 111
-6.3709 -7.4787 1.4273 150 152 102
-0.8733 -4.2400 3.5497 137 138 82
6.8873 -5.6715 1.2987 154 149 128
7.2634 -4.0410 1.0887 173 135 108
6.6942 -7.4133 1.3535 173 147 111
-5.4724 4.5154 1.7450 137 153 109
3.6333 1.0729 2.5828 154 150 92
-7.6764 3.6474 0.9034 152 138 113
3.9621 -4.3781 2.2938 154 141 109
7.8792 7.8510 0.7595 173 170 105
1.2577 -1.5432 3.4292 142 109 79
0.2915 5.0967 3.8202 130 127 82
2.0473 5.0049 3.1776 138 140 69
6.7799 3.4688 1.2386 170 154 127
0.2303 0.1221 3.9287 138 134 70
-6.1535 5.0928 1.5351 182 145 86
-5.0658 3.9575 1.9603 142 145 78
-0.3012 3.0104 3.9628 149 136 66
3.3081 1.6615 2.6863 158 140 82
0.2388 -3.7532 3.8494 151 141 95
-0.4499 2.6891 3.8547 138 136 58
3.8154 -5.8356 2.6087 155 128 88
5.9385 -2.6505 1.6335 161 168 102
1.4540 -5.4180 3.5212 158 130 79
-3.8075 4.7252 2.5401 153 141 83
-1.4296 1.0375 3.4010 141 128 69
7.4684 6.1758 1.0040 159 145 104
4.2102 -0.1640 2.3836 154 148 82
4.3026 3.4131 2.3107 145 137 99
-7.0580 6.9645 1.1721 156 158 105
-2.9443 1.5068 2.8076 148 137 84
-2.2537 7.8638 3.0093 152 117 71
-6.5557 -5.6722 1.3750 166 164 139
3.2432 5.4829 2.6958 166 123 82
2.2442 0.1513 3.0982 137 132 76
3.3167 7.3186 2.6616 170 124 95
-3.1152 -2.8250 2.7891 136 128 86
4.5175 -2.1427 2.1722 144 125 77
0.0965 4.2138 3.9060 157 129 64
-3.9742 -4.2814 2.3517 166 147 108
6.9160 1.6937 1.2623 172 151 129
-4.0684 -5.6145 2.3689 155 145 95
3.6159 1.2463 2.4678 161 123 96
-5.4120 2.4239 1.7733 157 153 110
-3.8004 -2.7038 2.5160 148 135 76
1.9551 7.0158 3.2360 152 148 73
-2.3853 5.9555 3.0879 142 146 92
-0.2848 -6.1623 3.9241 128 123 45
-6.4717 0.6017 1.3578 165 161 112
-1.7342 7.2317 3.2912 140 147 90
-7.5335 -6.9062 0.9331 175 153 104
6.2162 -7.1033 1.5291 167 140 123
2.6172 -1.0193 2.9581 153 146 84
0.6310 -2.4748 3.8208 147 133 72
-1.3646 -3.1430 3.4880 157 142 78
0.8027 -0.1106 3.7173 152 137 73
4.8214 -4.5083 2.0128 157 159 101
1.9143 -7.1053 3.1836 148 139 77
-5.2564 -3.8831 1.8441 169 154 91
-5.5863 2.8892 1.6886 172 136 99
5.1579 2.7898 2.0032 163 150 100
1.5874 -0.9901 3.3946 139 132 85
3.4960 -0.6720 2.5949 145 130 77
-1.0583 -4.7622 3.5496 145 112 60
-1.3747 2.3844 3.4398 154 128 87
-1.3920 -3.2742 3.4329 140 137 79
4.3530 0.4554 2.2156 158 135 68
4.2313 6.8314 2.2412 155 111 107
-2.5611 0.2913 2.9513 150 148 91
0.6638 0.3351 3.7915 157 131 79
-5.7981 1.4534 1.6580 156 152 104
-7.3322 -5.5858 1.0499 167 146 113
-6.9571 4.1971 1.2384 182 145 126
-5.1340 -7.7468 2.0186 180 137 102
-0.6715 -1.0200 3.7830 155 131 62
3.5462 7.2878 2.6259 146 144 84
2.9364 -4.5283 2.8323 144 141 64
-4.7244 -1.5525 2.0880 163 157 112
0.7093 6.5400 3.6836 140 131 72
1.7902 7.1225 3.3541 158 120 61
0.7366 -2.6953 3.7623 146 123 87
1.9867 -5.0756 3.1968 149 154 83
-0.0898 5.0552 3.9944 143 127 87
-3.6891 3.5627 2.5476 155 138 84
-1.2156 -4.1971 3.5514 156 130 82
1.9661 4.6068 3.2105 147 105 73
-3.0809 3.3818 2.8134 167 151 90
-2.4485 -6.2697 3.0473 151 158 86
0.7659 0.7624 3.7355 161 124 47
3.2665 -7.0152 2.7031 175 120 82
-4.0997 -3.3067 2.3661 161 137 101
-2.5867 -6.5057 2.9350 140 142 84
6.8593 -0.8790 1.2539 161 146 126
0.8351 -7.5421 3.6631 148 123 81
0.0638 4.5536 4.0361 122 139 57
-2.8928 7.4375 2.7648 154 125 90
-7.1244 -0.8096 1.2289 171 155 116
5.8731 4.4732 1.7119 180 163 96
-4.6130 2.4179 2.1476 177 143 77
-0.8408 3.4690 3.5808 139 146 74
6.1282 -1.5287 1.5126 163 166 107
6.2870 -7.2425 1.4720 167 165 104
-6.4865 -6.9242 1.3390 177 139 112
5.0093 4.3975 1.9820 171 132 99
2.1926 -0.3944 3.1414 144 116 77
3.5073 -6.9867 2.5701 149 133 92
6.9632 5.8349 1.1734 171 149 122
-4.5030 -2.9891 2.3216 145 145 86
3.8369 2.8885 2.3568 152 150 91
-6.0491 -6.5357 1.5906 161 164 114
4.1839 3.2406 2.4799 146 147 99
-6.0893 0.7007 1.6209 171 142 114
-5.2998 1.9574 1.9062 164 135 93
-5.2038 -1.2419 1.9686 171 135 108
-4.1291 6.9817 2.2840 180 150 104
-0.9764 -0.1511 3.5626 160 140 77
-4.5363 3.3775 2.1788 176 146 95
6.0386 -4.3628 1.5755 179 137 98
-3.7017 -6.8372 2.5058 150 151 97
7.6677 -5.4922 0.9862 166 156 126
-3.4984 -4.7380 2.5515 155 136 81
6.0603 5.7689 1.5573 168 139 88
-1.7977 6.7422 3.2626 159 143 80
5.5494 1.2439 1.8047 147 162 113
3.5274 -1.7811 2.5735 158 148 83
-2.2349 -3.6123 3.0857 149 145 86
6.7813 5.0407 1.3312 151 156 104
-5.0510 -1.6510 2.0259 163 142 104
0.8207 4.5202 3.7134 133 126 88
-1.5863 -0.6790 3.3601 143 134 79
4.7629 3.2371 2.0935 152 130 89
-3.1090 -7.9694 2.7317 134 136 81
-6.7861 -2.4714 1.3040 170 138 108
1.7687 6.7034 3.2989 150 132 104
-5.8284 7.0458 1.6010 163 140 103
2.4900 -4.2567 3.0154 140 131 60
-1.0523 4.0548 3.5836 149 129 76
-0.6030 1.6138 3.8126 141 153 61
-0.8550 -7.4638 3.6233 136 123 98
-0.1288 -2.6874 3.9814 141 119 73
-3.0505 -2.8272 2.7178 159 138 91
4.6282 -2.4848 2.2012 154 146 119
3.9871 -7.3136 2.3677 168 128 99
-5.1078 -5.1202 1.9401 182 137 98
-6.1830 5.9321 1.5677 167 147 109
4.2745 -1.9123 2.2680 153 128 117
-3.4225 -5.1919 2.6262 137 143 93
-2.5306 -7.0196 2.9757 138 145 81
-2.6928 -4.0033 2.9791 152 119 85
-2.8074 2.7165 2.8338 147 141 89
-4.2391 0.4718 2.2029 164 147 91
1.4489 -6.0853 3.4178 138 104 67
5.5645 6.7084 1.8265 156 155 90
1.1024 1.1741 3.5228 156 148 94
-4.5802 -0.3509 2.1459 155 163 99
0.8670 -1.8224 3.6267 137 118 74
-2.0690 -2.5096 3.1853 156 145 87
4.0654 0.2620 2.3829 142 157 100
2.6488 -4.2004 2.9134 142 129 77
-5.2938 -4.6030 1.8120 165 134 95
4.6710 6.5478 2.0910 171 132 95
-6.8206 -3.7189 1.2597 174 153 115
-5.6805 -6.1898 1.7120 182 150 113
5.9642 -4.8596 1.5816 158 151 116
1.2683 -6.2755 3.4337 150 135 83
-6.6056 7.7029 1.3590 158 148 113
-3.9165 -0.8890 2.5081 129 131 96
3.7226 -2.7024 2.5029 152 145 83
5.3705 0.2122 1.9445 154 145 101
-5.7492 3.5935 1.7820 164 143 97
-2.7526 2.6527 2.9165 152 148 80
0.9719 4.4842 3.6023 161 134 75
-4.6719 -5.2946 2.1230 168 148 94
3.6592 6.0938 2.4671 158 148 80
-3.1163 2.7584 2.6332 156 136 76
7.2801 0.0414 1.1432 163 160 109
0.8351 1.6279 3.6035 143 127 78
-6.5369 -0.8520 1.3746 164 144 100
6.6657 -2.7570 1.3989 159 142 91
4.3181 1.9935 2.1647 168 151 107
7.5766 -5.1221 0.9651 163 156 114
-5.6128 -1.3681 1.7680 151 133 103
-5.6552 4.1654 1.7663 144 146 115
0.6621 -2.9581 3.6903 123 145 62
7.3374 -1.5778 1.0804 177 155 126
6.6488 2.4351 1.4382 157 168 105
3.7286 1.2462 2.5044 146 138 96
1.3590 -5.6316 3.4223 150 129 73
-5.5181 1.7970 1.7255 147 145 130
-2.1382 0.5508 3.1838 143 128 78
1.3137 -4.5560 3.3809 161 118 93
0.7399 6.3458 3.7487 143 126 75
3.3355 7.3371 2.6102 154 143 83
-7.7335 -4.8088 0.8411 149 163 111
-3.3094 -4.3951 2.6059 161 147 86
-6.7432 6.4006 1.2775 168 153 107
-7.7528 0.1748 0.8337 173 153 130
-1.3807 -4.6020 3.3657 140 140 88
4.2364 1.7786 2.3811 147 141 101
6.9474 7.3269 1.1874 161 138 117
6.2063 -1.6130 1.5578 151 138 117
-2.0712 5.3505 3.2126 140 133 84
0.8675 -5.2893 3.6149 142 136 62
-0.9092 0.0430 3.6876 131 133 86
4.2838 -5.1776 2.3076 175 142 107
-6.1567 2.3918 1.5557 159 138 79
-7.6260 -2.5098 0.9891 162 149 114
-3.0305 5.2127 2.7960 156 163 83
3.6688 5.9011 2.5154 145 134 107
-1.7933 6.3884 3.1721 154 123 75
-0.6108 -4.1897 3.7194 144 135 66
-1.2820 -0.7493 3.4632 145 138 83
7.0591 -1.3817 1.2051 171 149 110
5.1894 4.0597 1.9603 155 139 90
7.9759 7.7866 0.8167 187 159 102
4.5158 -6.0002 2.2328 165 156 95
-0.1855 1.4863 3.8872 149 147 85
6.2008 -4.1141 1.5624 166 148 112
7.2371 -2.3711 1.1835 168 157 121
-6.3397 -1.1919 1.5203 178 136 110
-3.7004 2.9843 2.5228 165 129 89
2.0650 7.0249 3.2216 158 146 89
2.9028 7.7247 2.8592 153 130 90
-3.9369 0.1011 2.3943 138 150 94
2.5056 1.7589 2.9477 141 126 100
-0.3061 3.8811 3.9475 147 127 68
4.0184 -2.0206 2.3616 145 156 102
5.5464 -6.8365 1.8117 166 150 97
5.6291 3.4959 1.7230 176 145 134
2.5263 -4.1671 2.9363 142 145 86
-6.4841 -7.1419 1.3956 169 151 104
-2.6381 0.1973 2.9255 134 133 86
-5.7626 1.2525 1.6732 171 132 101
-2.6885 6.3110 2.9717 157 149 69
-0.4031 -6.0417 3.8168 154 122 72
-6.6203 6.5862 1.4370 166 140 88
6.0883 -4.1669 1.5667 155 160 93
1.0798 0.7157 3.5896 145 154 78
1.7964 -6.6465 3.2605 149 120 96
-7.2668 -4.9701 1.1227 182 153 117
-0.2377 -2.8926 3.8772 122 135 72
-4.6897 -0.6420 2.2341 163 141 77
-6.1942 4.4498 1.5133 156 159 98
-5.1699 3.4188 1.8304 169 135 89
6.8128 -5.9954 1.3690 176 139 88
1.8701 2.9699 3.1377 166 137 105
7.9847 -7.1254 0.7278 162 136 118
4.0828 3.9731 2.2911 134 143 98
-0.1306 0.1315 3.8875 145 116 61
-7.7231 -6.5924 0.8576 177 151 105
1.7555 7.9666 3.3436 137 144 70
5.1909 3.9190 1.8783 196 130 98
-6.8042 -1.6914 1.2133 175 157 115
7.7012 -3.3697 0.9218 165 154 119
-6.9523 3.4807 1.2837 168 140 116
-2.1088 5.2700 3.1769 144 130 83
3.1188 0.7230 2.7551 165 142 84
1.3779 1.9070 3.4111 135 127 74
0.7238 -5.7307 3.7694 132 123 71
-5.1527 0.8832 1.8743 169 140 101
4.0762 1.5281 2.3505 165 158 83
1.6342 -2.4565 3.3263 128 123 78
-1.4247 -4.5722 3.4221 158 136 101
7.6346 4.6052 0.9366 197 154 113
4.5699 7.0515 2.2732 153 156 113
5.0554 -7.5946 1.9887 151 156 114
-4.9415 -4.5450 2.0810 146 128 110
3.9208 1.5409 2.3658 157 159 85
-5.2028 -4.2976 1.9610 175 142 88
2.9327 -0.8159 2.8134 149 146 84
-5.7557 2.2156 1.6122 159 139 120
-2.4952 -7.5670 3.0412 159 130 73
-0.3732 -3.9127 3.8279 140 112 78
5.0049 5.2410 1.9903 166 155 100
-4.8503 -4.4708 2.0808 162 147 94
-7.5822 -3.4653 0.9497 186 144 103
2.5541 -6.0462 2.9369 144 107 82
-0.1929 4.7402 3.9228 146 119 75
-1.4153 -0.8333 3.4025 153 130 94
-1.4513 -7.1128 3.4688 157 135 83
4.1988 -4.6457 2.3038 158 140 103
3.2173 3.6919 2.6812 145 137 106
7.7427 -1.3976 0.8783 173 151 97
2.8718 -2.4136 2.7849 150 139 89
-4.9557 5.0299 2.0596 155 144 101
-0.0364 4.0085 3.9959 144 130 75
2.0076 -2.0126 3.2106 151 125 88
5.2865 -7.2276 1.8626 153 137 108
4.7250 -7.2503 2.0730 160 149 89
-1.8186 6.5554 3.2642 116 138 73
-4.2010 7.1813 2.2888 136 143 87
-5.8172 2.7342 1.5906 165 170 90
7.3511 5.8918 0.9674 180 137 119
-1.3006 -5.2094 3.4832 146 138 91
0.6145 -3.4044 3.8159 138 134 71
0.1264 7.4294 3.9114 120 137 69
2.6351 -4.9328 2.9775 151 138 88
5.9456 -6.5850 1.6689 159 159 108
7.5329 7.0053 1.0002 168 148 99
-1.4362 -1.6279 3.4081 162 137 72
-2.6520 3.2329 2.9306 151 148 101
5.1945 3.3173 1.9169 168 146 95
-0.2338 -4.7343 4.0493 149 149 78
3.2073 -3.1655 2.6329 149 133 74
5.6283 -5.9127 1.7769 157 158 107
-0.6258 6.2654 3.7137 144 130 77
2.6458 3.1856 2.9883 156 134 90
5.8538 4.9660 1.5859 166 139 103
2.1461 3.8156 3.1016 148 136 89
-7.4962 0.5533 1.0167 162 140 104
-3.6465 4.2483 2.5424 148 141 84
4.5108 6.1901 2.1456 155 160 101
-2.9223 -0.2954 2.8246 166 145 110
-3.4695 -6.6223 2.5724 159 130 70
6.4862 1.9821 1.3213 168 135 118
0.2351 5.2889 3.8759 135 132 86
-0.6910 -1.2982 3.7409 146 151 71
7.2466 5.6614 1.0421 181 155 104
3.6465 7.3610 2.5816 155 120 93
4.2271 1.3860 2.3607 148 153 121
-3.5440 1.7012 2.5596 153 139 81
-4.3434 6.9068 2.2173 163 137 96
-3.5748 -1.3532 2.4876 171 145 85
-6.7742 -3.0831 1.2771 169 150 111
5.2036 7.6999 1.9062 168 135 121
-5.4368 -0.0430 1.8454 184 145 114
5.0290 -5.8183 2.0590 153 140 92
2.9133 6.4629 2.8213 190 129 76
6.7185 3.6994 1.3063 172 135 112
5.7735 6.5920 1.7105 153 131 100
5.6855 6.0783 1.7474 163 131 111
-3.6482 -7.6300 2.6106 147 145 98
-0.2843 -1.9095 3.8836 134 126 61
7.2093 -0.7938 1.1326 157 144 92
0.1666 -1.2575 3.8681 142 102 74
7.4249 4.9266 0.9902 147 141 132
3.0126 0.9931 2.7156 162 111 98
-5.3504 -6.2147 1.8499 157 145 103
-4.1534 2.6135 2.3167 160 143 96
-7.1622 -2.6302 1.2061 169 150 109
0.9504 -3.3931 3.6231 147 139 61
-6.5716 -4.1752 1.4313 168 127 108
2.1841 4.4077 3.1106 143 135 87
3.2289 -0.9968 2.7884 147 131 102
7.6817 7.0684 0.8380 161 148 123
3.4047 5.4533 2.6581 165 137 69
-6.9697 2.7456 1.2305 172 146 124
5.3131 -6.7296 1.8272 161 142 107
-4.0616 -2.3453 2.4186 149 129 95
7.9451 1.2566 0.8961 185 167 110
1.2587 -2.2148 3.5749 128 126 88
5.8160 -5.4803 1.7037 167 133 118
7.2357 0.2936 1.1102 163 137 111
0.3744 6.8953 3.8593 139 136 67
0.6293 5.0131 3.7546 151 153 65
6.9314 -5.6047 1.3186 166 138 101
-3.7731 5.4540 2.4765 150 149 102
5.2977 -3.9812 1.8902 142 132 93
5.7869 3.7326 1.6718 165 151 106
4.5351 3.9751 2.2269 156 161 92
-5.4171 5.2231 1.8663 144 131 95
0.9469 4.2403 3.6885 136 129 76
-4.9811 6.2199 2.0444 166 132 101
1.0727 -2.6958 3.5842 136 144 59
1.8269 -7.3145 3.2122 142 147 83
5.9427 6.4736 1.5804 163 149 96
-2.6318 -3.0072 2.8719 162 131 97
4.2097 -1.2252 2.2724 145 133 84
6.8119 -3.9361 1.3379 171 136 122
3.9496 -0.8028 2.4170 152 137 94
6.6435 -2.5676 1.3166 165 151 117
1.9534 3.4789 3.1848 151 146 86
1.3622 2.0156 3.3851 151 116 89
-7.6817 2.3159 0.9241 155 151 104
-3.4453 5.7870 2.5996 144 158 105
7.8279 5.0371 0.8885 164 125 110
-1.6131 5.7147 3.3947 149 131 87
2.4542 6.9723 3.0823 140 124 79
4.6136 -7.2214 2.0896 166 130 80
-6.3572 1.2154 1.3930 165 157 105
5.2923 -0.2250 1.8568 166 155 111
7.0370 2.2560 1.2170 154 163 128
-6.2800 2.7241 1.3917 167 154 118
-2.0317 -3.1108 3.1605 138 104 89
-0.4161 -4.1054 3.8309 155 119 60
-3.5974 -0.4770 2.4655 145 156 101
0.3240 -7.5416 3.8381 139 136 65
5.0301 6.2713 2.0314 164 162 97
0.6199 -4.6713 3.8134 144 135 62
-6.6556 3.5835 1.3226 172 158 121
-5.5007 4.8882 1.8073 162 143 99
-5.5890 0.3902 1.6685 165 159 120
-4.8422 -0.6561 1.9644 153 150 101
-7.1181 3.9216 1.1656 185 165 113
-5.2827 -4.9790 1.9357 165 146 84
-0.0672 -0.1812 3.9563 128 122 66
6.4890 7.3168 1.3771 169 155 94
4.8300 -4.3088 2.0283 145 147 100
-1.8994 -1.5063 3.2281 154 141 53
-7.3514 2.5254 1.0619 172 148 114
-4.7394 -0.5619 2.0877 178 147 96
-6.6349 -5.9552 1.3189 160 152 103
-0.8785 7.6961 3.6051 154 132 100
-4.5726 -2.6117 2.1387 164 162 94
1.2244 -0.2648 3.4775 149 144 71
-1.8889 3.1784 3.2280 150 129 87
6.9014 -5.2973 1.2714 177 144 109
7.8991 -7.9250 0.9015 178 161 113
-0.8509 -6.3772 3.6532 136 149 75
1.4698 3.2119 3.4288 159 127 81
5.7346 6.8814 1.6817 154 153 98
-0.6591 1.8868 3.7945 150 116 65
-3.6515 4.5630 2.4948 167 131 90
7.6610 -5.3677 0.8855 171 132 121
5.8552 4.4207 1.6465 173 149 106
-2.9299 -0.6511 2.7509 142 117 98
4.2938 -6.0486 2.2587 156 144 94
4.3518 -0.2715 2.2362 164 143 101
2.4938 -4.9962 3.0481 141 138 90
-2.6261 -2.8373 3.0076 161 144 73
3.1100 2.0108 2.7598 157 137 79
-0.4170 -2.5557 3.7920 117 124 70
3.4587 0.2297 2.6076 157 134 102
-1.9992 -0.8179 3.1962 140 138 85
-0.9913 -0.8757 3.4729 142 114 88
-1.5097 -2.3829 3.4732 139 130 67
6.8933 -1.5101 1.2381 155 157 96
4.1193 -6.9775 2.3135 167 143 100
6.5187 5.4343 1.4178 176 146 119
3.6065 -7.4128 2.6887 158 131 115
4.8768 -7.3404 2.0217 171 121 85
1.2355 7.1670 3.5184 151 135 71
-1.6509 -0.7062 3.3574 133 154 79
-7.7558 1.9042 0.8861 167 158 122
-4.3187 -7.6421 2.2568 146 148 101
-3.1033 0.2693 2.6747 147 156 100
-7.3766 -1.8832 1.1096 173 161 109
4.7956 5.7206 2.1068 166 134 110
5.1896 -7.5296 1.8984 154 142 100
3.0327 3.7481 2.7639 153 142 86
-0.3449 -5.4597 3.9110 165 135 75
-4.7472 1.5254 2.1386 172 140 91
1.4703 3.9350 3.4001 143 128 71
4.8244 -3.9296 2.0630 153 145 107
4.6569 -0.6067 2.1794 163 151 113
-1.7957 7.0509 3.2518 141 122 100
1.4945 -5.7531 3.3761 146 112 84
-0.8464 -1.2559 3.7294 147 116 74
5.3880 4.3539 1.8910 156 143 100
-4.5530 -5.5985 2.1639 166 137 89
7.2449 5.1278 1.1263 173 143 110
3.8023 -0.2064 2.5529 156 145 91
-1.9324 -0.8443 3.2460 146 144 69
2.5819 3.3520 2.9623 153 106 76
-7.2564 -6.6157 1.1088 165 148 119
1.0442 -5.8240 3.5845 154 140 83
1.9998 -5.5397 3.1594 157 133 72
6.5113 -1.5873 1.3936 162 164 106
1.9611 -5.1290 3.2344 146 130 69
2.6819 5.7084 2.9307 146 113 89
4.9186 6.9410 2.0557 145 137 91
-5.0925 0.8325 1.9587 154 127 113
-7.8602 -1.9841 0.8305 160 153 111
-0.5422 -4.6883 3.7484 144 120 79
6.8778 7.1885 1.2614 172 149 118
-4.0968 -1.4885 2.3524 153 128 115
-2.3318 5.1574 3.0408 159 146 86
-5.9546 1.1147 1.6664 158 139 106
6.8952 0.7820 1.1698 163 147 111
-0.0751 4.7054 4.0650 117 147 49
2.0320 4.1177 3.2348 166 145 68
-2.0441 -3.9040 3.1698 152 145 61
4.6162 6.7158 2.2398 161 127 106
-0.0095 3.3271 3.9660 126 138 70
-1.6250 3.4324 3.3560 156 128 76
-0.0553 4.3889 4.0393 140 144 76
3.2051 -4.0507 2.7455 151 166 85
-7.4753 7.1591 1.0114 172 167 125
7.1826 -1.1814 1.2193 167 160 111
-1.0174 -1.1991 3.5716 150 123 86
1.7813 -3.9280 3.2256 146 150 70
7.5956 -0.8602 0.9564 177 145 122
-4.4375 -5.1616 2.2403 143 142 104
5.6192 -6.1870 1.7820 156 142 93
-1.7503 -6.8330 3.3057 155 135 78
-6.7150 7.3925 1.2565 167 153 111
3.4728 6.5262 2.6288 181 134 98
-0.2035 1.5853 3.9565 136 137 70
-4.9180 5.9236 2.0415 148 149 91
-1.0553 6.6656 3.5868 151 120 72
-7.1983 7.0877 1.1849 201 154 113
-7.4189 2.6374 1.0536 168 144 94
5.9899 -7.0277 1.6083 180 142 114
-5.3011 6.3205 1.8469 165 150 94
-4.3366 -3.4734 2.2699 161 149 90
0.7877 -5.1571 3.7337 140 124 72
0.1651 -7.4714 3.9278 138 131 68
0.7471 -3.8884 3.6721 147 144 79
-5.9473 -7.4803 1.5841 164 157 113
7.8068 7.1156 0.8571 170 153 121
-2.5817 -6.2452 2.8959 156 123 81
5.7875 5.0935 1.6816 159 156 98
6.1008 -4.5218 1.6098 149 151 93
-3.1946 7.0587 2.7170 144 140 75
-2.0667 -3.5076 3.3558 140 144 84
-1.2800 -4.5450 3.4857 141 127 64
4.3984 4.9986 2.2201 152 139 103
7.2530 -6.9848 1.0977 162 162 137
5.9589 -4.6063 1.6033 174 134 88
-1.4593 2.1762 3.4882 136 131 77
-2.8187 -1.6959 2.8285 150 130 79
5.5123 -0.9655 1.7718 169 172 109
2.5722 4.2682 2.9263 177 136 101
3.1634 -6.4132 2.7058 160 129 88
-6.2510 0.5056 1.4772 167 134 109
2.8377 -1.4488 2.7926 146 145 94
-0.8084 5.7923 3.7040 155 142 65
-7.1149 3.4764 1.1334 159 133 95
-1.0131 -6.2840 3.5589 139 125 73
0.5966 0.1319 3.7438 145 130 64
-3.8514 -4.4831 2.4183 176 146 100
-7.5098 -4.0438 0.9870 173 142 106
-1.9487 2.1107 3.2131 148 136 62
4.8235 -4.3798 1.9903 173 142 94
0.9801 1.8638 3.5931 140 146 87
1.9435 -5.4236 3.2445 154 141 86
2.9870 7.6729 2.7889 162 137 81
1.4867 7.5064 3.4625 157 120 78
-4.9780 -6.6669 1.9978 161 151 95
1.1410 6.3389 3.5644 152 142 70
1.9677 3.3608 3.2546 146 132 71
6.4463 7.0067 1.4370 171 152 129
3.9115 -0.3450 2.4706 163 135 90
6.8078 -0.0918 1.3068 175 169 91
1.7968 -4.3883 3.3434 168 138 71
-3.0052 -0.7321 2.8375 150 145 93
-7.9973 -0.1438 0.8766 185 142 123
1.6130 -1.3331 3.3243 137 124 103
-3.0558 5.4786 2.7121 160 155 85
6.5422 6.2844 1.4571 173 138 113
6.6583 5.5419 1.2935 184 160 106
5.1579 3.1762 1.9979 161 143 107
-0.8429 -5.1656 3.6627 129 138 68
-3.9736 -5.6596 2.4622 158 126 85
-3.4258 -2.3957 2.6834 159 137 81
-6.7050 3.0433 1.3380 151 147 121
-4.2663 0.0045 2.2330 164 165 94
-6.6658 -1.1716 1.3099 158 144 108
5.8164 6.4865 1.6352 148 149 95
-3.7025 5.1954 2.5104 151 134 86
3.7469 -2.2548 2.4829 134 157 82
2.7069 3.1257 2.9637 146 140 78
6.9194 -5.3575 1.2891 186 141 93
-1.4038 -6.1883 3.4469 156 135 82
-5.6255 -7.6140 1.6712 160 130 100
-5.1567 -6.5335 1.8593 157 136 97
0.9645 -6.5053 3.6318 153 116 82
-0.3767 -0.6865 3.8176 149 124 86
-4.8982 -6.6470 1.9460 167 133 109
2.9769 -4.4236 2.9127 146 131 81
0.9729 6.2755 3.6431 135 110 86
5.8108 -0.7785 1.6735 186 131 103
7.8752 1.2216 0.7792 164 163 111
6.2661 5.6187 1.5154 168 154 92
4.6726 -4.8732 2.1865 146 146 106
-6.6267 -7.2896 1.3471 157 167 123
-5.8058 6.8502 1.7588 177 141 115
4.3220 -1.9562 2.2785 153 141 103
1.5037 6.5854 3.3247 144 128 78
3.0951 7.1440 2.8103 157 126 81
5.9785 5.1136 1.6570 170 165 94
7.5407 -6.0550 0.9806 178 152 120
-2.6339 3.2819 2.9549 148 128 99
5.6913 -0.6843 1.7456 152 141 97
-1.5524 -3.5877 3.3422 157 128 72
-3.7531 -6.7496 2.5326 153 151 86
5.4501 3.8857 1.8042 163 127 104
2.1509 -0.8336 3.2098 141 116 75
2.2107 -7.3436 3.0779 161 137 105
-4.8233 4.9264 2.0812 177 140 102
0.0267 0.3714 3.9953 153 127 68
6.2888 7.0797 1.4929 169 147 94
-1.5230 3.9723 3.3926 147 134 71
-2.9949 1.4785 2.7092 150 144 104
-0.8244 -4.0395 3.6469 140 126 72
3.4670 2.2600 2.5492 153 123 88
2.5646 1.1626 2.9447 154 123 87
-6.9323 7.0899 1.2384 167 143 112
-5.5145 2.2149 1.7641 164 150 109
2.9362 0.8726 2.8808 162 129 96
-7.4573 -7.3859 1.0909 171 154 116
-5.4119 5.8345 1.8527 179 150 119
6.5436 -6.0365 1.4000 167 150 107
1.7512 -7.5241 3.2144 148 140 68
-5.2865 7.0599 1.8746 173 160 98
3.9946 -7.2048 2.4093 148 138 93
-5.9003 -5.2551 1.6187 153 139 94
-6.0940 3.6984 1.5826 158 147 100
-7.8800 2.0169 0.8446 166 143 119
-7.4750 1.3581 1.0251 153 167 106
2.4116 3.9702 2.9909 144 129 93
-4.9168 3.0847 2.0504 151 138 99
2.8183 1.5759 2.8470 147 144 64
7.7036 4.3069 0.8977 175 145 104
-6.2971 0.2850 1.5471 172 156 111
3.5505 5.8678 2.5349 171 134 83
4.6097 -0.7289 2.1228 149 155 89
-7.2075 7.5785 1.0852 166 140 102
6.9383 -1.0086 1.1560 172 159 123
-1.7948 -3.9696 3.2405 146 140 83
-6.3162 -6.4673 1.4525 172 153 94
7.6647 -3.3588 0.9698 166 151 124
-7.6000 -7.0861 1.0304 164 164 103
-5.5158 -6.2693 1.7345 165 149 99
-2.1939 -2.7528 3.1801 150 141 83
-4.8124 -1.3398 2.1370 157 129 99
2.3662 -1.8416 3.0845 152 143 81
-5.5114 1.5280 1.8269 162 152 105
1.3271 -4.5359 3.4969 152 146 83
5.8327 -0.3993 1.5856 160 146 99
-6.3114 2.4942 1.4395 174 134 98
-7.7388 3.5511 0.8681 172 147 123
-1.6526 -5.9139 3.2732 141 138 72
-2.2243 -1.1544 3.0873 121 129 85
-7.3940 2.1362 1.0310 175 148 111
5.0318 3.4264 1.9823 152 130 86
3.3789 -1.9971 2.6816 169 130 77
-7.6645 -4.3625 0.9839 182 158 115
4.4564 -4.8988 2.2052 168 146 103
7.0172 5.9635 1.1561 154 150 109
-1.2261 -2.3772 3.4340 144 142 86
-6.1512 -2.6376 1.5581 161 155 103
4.5793 -3.0811 2.1425 156 134 106
-7.3046 0.6335 1.1524 151 150 107
-1.9092 3.4595 3.2263 135 129 74
-6.0217 -5.6874 1.5931 170 137 101
5.9689 2.7206 1.5473 163 154 100
-4.5632 -1.2432 2.2191 153 134 97
-7.3644 2.5747 0.9994 169 171 100
-5.6213 -3.6396 1.8350 167 137 91
-1.5655 5.6028 3.4171 160 138 76
-6.1667 -2.1868 1.5420 161 130 88
2.4026 3.1169 2.9949 148 134 81
1.5218 -5.7058 3.3878 140 142 60
7.3243 -0.0711 1.1177 169 158 118
6.0236 2.9278 1.5647 170 148 109
0.6350 0.8500 3.8247 120 125 71
5.7401 -0.3007 1.7795 171 157 105
-7.3567 -1.1761 1.1296 169 152 118
6.2033 -7.6415 1.5328 163 164 108
4.2048 4.6723 2.3475 162 156 95
5.0159 1.5992 1.9746 171 151 104
-0.6441 6.0290 3.7242 150 144 81
5.8525 5.3900 1.6767 143 146 103
-7.4297 -5.8248 0.9800 178 170 114
-4.7508 6.4008 2.0335 163 144 96
7.5112 -3.8917 1.0212 171 160 117
-3.0004 1.2647 2.8333 157 139 90
2.6279 -3.8545 2.9393 146 146 101
-3.4371 3.5724 2.6168 141 140 94
6.8804 2.2435 1.2908 164 158 91
0.5484 -4.4579 3.7506 141 148 73
-2.0658 3.2017 3.1938 146 116 72
1.1154 6.7199 3.4699 141 112 66
0.9802 -6.1285 3.6477 146 129 86
5.4418 -2.4793 1.8288 154 130 100
2.6185 -0.8370 2.9511 158 134 92
5.0814 5.1693 1.9977 149 144 109
-7.4720 -2.3684 0.9952 153 152 98
-5.9592 7.8974 1.5769 173 141 96
3.7985 -7.4769 2.5301 152 130 97
4.2162 1.2458 2.2836 162 151 91
-0.3585 -7.0193 3.7248 143 131 82
4.8983 6.9619 1.9996 148 149 97
3.2515 6.0933 2.7323 158 124 70
6.8356 -7.7055 1.2645 183 161 111
7.3707 1.8330 0.9995 171 147 113
-3.7593 -5.3142 2.5304 163 155 98
-0.1879 2.2261 3.9529 142 134 83
0.0228 0.2816 3.8937 139 137 81
0.7766 0.7165 3.6883 137 142 82
-3.9290 6.5743 2.4411 153 147 85
-2.1252 -0.7646 3.0521 165 135 98
-4.0097 -1.9685 2.4178 149 137 81
1.4607 1.3144 3.4436 144 135 64
1.9437 -3.5776 3.1955 146 140 79
-1.1192 1.4584 3.5750 160 137 72
2.5337 2.4717 2.9573 148 137 72
-5.3448 3.6168 1.9189 164 135 96
-7.3806 -4.1735 1.0311 168 164 106
1.8310 -5.4335 3.1936 145 151 82
3.1631 -0.6484 2.7420 141 128 84
-3.2688 -1.8629 2.7249 159 121 91
-1.4669 -1.1889 3.3957 141 135 85
-3.9322 -4.5469 2.4754 158 151 90
-3.9270 5.6513 2.4679 144 152 92
-6.2359 -6.0916 1.4454 165 151 104
5.8394 6.6200 1.7069 152 140 117
2.8651 4.9863 2.8535 148 127 81
7.0776 -2.4830 1.1380 180 151 123
-7.9719 -3.6927 0.8957 167 150 122
5.1290 5.5507 1.9925 174 133 105
2.9055 -2.6771 2.8566 161 131 86
3.9356 2.3456 2.3960 168 148 88
-6.8450 -1.0297 1.2523 158 146 117
2.8775 5.7544 2.8398 145 119 71
5.3381 -6.1221 1.8198 165 159 93
-7.6234 -0.3278 0.9346 184 150 110
-3.3199 -1.8545 2.5937 160 128 67
-5.3006 -5.2754 1.8595 163 128 101
4.2861 2.4984 2.2381 156 143 79
0.8066 5.2358 3.7636 144 124 90
-7.0437 -2.4646 1.2684 160 144 106
-3.4864 3.3901 2.5500 154 137 102
-2.5686 7.3152 2.9816 155 134 90
5.0945 -3.5685 1.9778 165 138 110
5.7889 6.3793 1.6834 185 139 84
-6.9674 -5.2059 1.2591 176 144 129
7.1464 6.9248 1.0944 153 157 112
-1.2584 5.7342 3.4940 149 145 87
6.3091 -1.1048 1.5033 202 152 92
-5.7271 -2.6635 1.7044 173 131 93
2.4181 4.0982 3.0323 146 142 90
7.6723 -5.4375 0.9116 179 148 117
-2.0908 1.9190 3.1874 142 149 91
0.8441 1.9829 3.5913 143 131 92
5.9319 6.9015 1.6585 163 160 110
-5.2753 5.1384 1.9073 159 141 95
-2.5315 6.9311 3.0786 151 127 85
4.3130 -3.5980 2.2644 148 137 97
-4.0408 -7.0542 2.4330 159 136 89
-0.1441 -3.0542 3.9895 131 130 76
-1.8860 -2.7472 3.2364 161 106 79
0.0990 -6.4109 3.9872 143 111 67
6.0335 4.7214 1.5656 167 148 125
-2.9073 3.8483 2.8638 170 139 94
5.9810 0.0272 1.5789 167 134 102
4.7460 -6.8668 2.1046 161 150 106
6.2485 2.0589 1.4908 170 148 74
-3.2514 -3.7375 2.6876 147 121 93
-6.0405 -7.6608 1.5602 160 138 118
4.6163 3.7402 2.1451 175 135 108
-2.8645 -6.5030 2.8495 164 119 90
-5.3657 -6.4322 1.8416 167 149 99
7.3598 6.7910 1.0826 170 156 113
-5.1988 3.0820 1.9098 163 132 100
-4.7662 5.2316 2.0417 161 141 106
-2.2548 -2.4923 3.1201 146 144 84
7.8553 1.9381 0.9133 167 147 121
6.7391 5.2452 1.3411 161 155 111
-6.5668 -2.0711 1.4012 180 145 107
6.5401 1.7873 1.3509 170 159 110
5.5403 1.4061 1.8035 159 142 97
-4.3725 -3.1421 2.2420 152 157 87
-2.8733 7.5213 2.8355 157 129 81
-7.1997 7.1084 1.2099 171 142 119
-5.7870 -3.4593 1.7053 144 129 100
-2.7981 5.9926 2.8823 155 163 92
7.9009 -3.7490 0.8355 168 164 114
-0.7695 6.7810 3.7355 143 136 82
4.3360 -6.1060 2.2070 165 134 86
1.6665 2.6030 3.3423 137 132 75
-3.5855 -3.8817 2.5201 154 147 108
0.1044 7.9530 3.9953 145 115 62
5.8451 3.4657 1.7072 172 155 100
-1.3652 -5.6082 3.4613 136 124 81
3.3231 6.2496 2.6405 153 162 89
-4.4815 -1.9541 2.2061 154 150 92
1.3152 -3.4713 3.4586 123 136 90
-2.9573 -1.8711 2.8192 148 143 93
0.2821 -1.9303 3.8937 131 134 75
-4.2016 -2.1276 2.3091 158 138 105
4.4657 3.5136 2.1770 145 162 99
-5.6430 -4.2333 1.7636 177 140 93
-6.5240 1.0435 1.3857 169 154 103
3.5287 -7.3816 2.6084 165 133 96
7.1833 0.8246 1.1823 178 148 106
6.0451 -3.1120 1.5739 155 159 119
4.7748 7.4375 2.1238 137 148 97
-5.2969 2.0124 1.9079 162 141 106
-1.9767 6.3831 3.2175 150 126 94
0.5046 -0.1084 3.7473 140 126 77
-1.7823 -5.7337 3.2625 181 132 78
-6.6176 4.2323 1.3480 150 144 96
4.3065 3.2676 2.2120 149 147 99
-1.0436 0.7173 3.5588 139 127 99
-0.5706 -5.9170 3.7900 131 117 78
-5.9583 2.6533 1.5840 161 146 123
4.2210 -6.0304 2.3780 132 141 86
1.2164 0.4674 3.4989 134 134 89
-2.7515 5.6658 2.8717 150 137 85
7.2552 -2.4782 1.0436 169 173 98
3.7167 -5.4894 2.5988 152 132 90
2.7920 6.6801 2.7985 152 132 94
-0.7500 6.2486 3.5910 141 155 90
-5.1035 -0.0277 1.9636 178 136 104
0.9771 -0.8540 3.5663 155 138 84
-7.5254 0.7393 0.9353 171 147 110
-5.9582 2.7181 1.6582 161 159 113
-7.1079 5.7258 1.2037 162 142 112
6.5573 0.3581 1.3996 153 164 103
-2.8609 -2.9324 2.8638 147 148 80
-4.2400 -1.8090 2.3123 151 142 100
-3.8436 7.9512 2.4422 143 157 82
7.6812 -5.1936 0.9565 171 173 112
3.4477 -5.9144 2.5490 154 127 107
1.2636 -2.6395 3.4873 159 155 69
0.2940 0.3362 3.8334 128 134 67
-4.0421 -7.1135 2.4510 164 128 99
7.8618 -5.7826 0.7394 158 151 106
-4.8769 1.2492 2.0629 163 145 76
6.7901 -4.3457 1.3084 178 164 110
7.5891 -0.4777 1.0561 170 165 117
2.8133 -0.2591 2.8543 146 133 93
7.4574 0.7872 0.9597 172 152 98
3.5584 7.4638 2.6240 140 143 90
-6.8666 1.7685 1.2465 171 151 136
-5.5943 4.9330 1.7638 172 145 95
3.1091 6.2417 2.7460 162 154 93
5.3294 -3.5238 1.7746 158 140 84
-6.0709 5.9839 1.4844 155 146 105
2.9539 0.5876 2.7865 159 131 112
2.9028 3.4887 2.8193 128 144 97
-2.1720 6.5843 3.1934 166 131 77
6.3138 -7.7131 1.4315 175 152 116
-5.9763 1.3260 1.6132 160 157 90
3.7466 -5.7217 2.4777 168 134 102
4.2398 7.3057 2.3484 152 135 95
-6.8440 2.5848 1.3166 165 146 124
3.9916 4.2983 2.5261 162 141 87
2.7602 -3.4067 3.0625 149 131 81
3.4728 -7.7088 2.5382 142 146 84
0.6924 5.7571 3.8181 151 127 64
5.2204 1.1505 1.8183 154 145 110
-0.6560 -2.9841 3.7840 151 133 74
5.0033 2.4594 1.9981 157 135 107
-7.3219 6.2803 0.9845 163 161 115
7.4760 -0.0094 0.9944 147 152 129
6.5257 -1.0595 1.3555 167 145 114
-1.0136 -2.8096 3.5086 139 125 95
6.5673 0.8551 1.4187 151 149 84
-7.9336 0.7211 0.8638 168 154 116
-1.5687 -4.8289 3.4149 127 134 81
-5.6113 -7.7591 1.7171 169 146 85
-1.2451 -1.4345 3.4621 140 140 86
-4.6087 2.9939 2.1021 151 146 95
5.1493 6.8718 1.9918 155 157 87
2.6007 1.3545 2.9609 157 136 70
4.5349 -4.2932 2.1109 159 161 94
1.1810 0.6936 3.5981 145 154 75
-4.7199 2.2164 2.1393 147 147 96
2.2682 4.9255 3.0264 142 136 72
4.0230 2.9738 2.4523 146 142 100
-5.2501 7.7650 1.8707 145 142 109
5.0853 -7.7335 1.8954 154 147 110
-6.0310 -1.7979 1.5163 156 160 115
0.4403 -7.8641 3.8086 139 124 83
2.7474 -3.3832 2.8689 153 129 98
3.4472 -6.9392 2.5661 144 142 89
-2.3396 7.6360 3.0692 148 121 78
5.0999 -5.2331 1.9902 181 165 101
-0.3585 -3.1385 3.9310 144 125 78
0.3026 -0.1454 3.8638 143 126 75
-5.4084 -4.2485 1.8473 150 142 92
-0.4957 -5.1242 3.8250 131 140 68
-3.3481 2.1757 2.7004 160 132 99
7.7140 0.1706 1.0043 171 157 113
7.7624 7.0343 0.8645 148 164 116
-7.8579 -3.7715 0.8617 164 149 113
2.3623 -1.6352 3.0438 160 133 79
7.7485 -5.2511 0.9677 155 158 118
1.5445 0.4463 3.4006 162 115 81
-4.4232 6.5445 2.2794 161 155 86
-7.4421 7.1770 0.9291 182 150 115
0.9125 -2.0526 3.6394 156 131 72
0.7275 3.9182 3.7388 155 125 63
-5.8691 -6.6202 1.6251 167 147 99
1.7712 6.0338 3.3070 137 138 74
-2.7098 -2.5290 2.9584 141 125 75
-4.5309 5.8144 2.1138 150 141 94
-4.7692 -7.3338 2.0508 162 149 103
6.2199 4.0547 1.5105 161 145 103
-6.7154 4.1103 1.2959 176 136 111
-6.1232 2.8943 1.5579 153 155 112
-5.0473 4.0827 2.0621 169 122 102
1.5666 -3.0643 3.4246 140 139 84
-5.9043 3.7596 1.5583 163 140 109
-4.0719 -0.8233 2.4054 149 129 85
1.3894 2.4508 3.4041 138 130 84
-5.0275 -3.3286 2.0141 171 135 106
-0.9745 -3.2340 3.6369 129 153 72
-1.4389 -0.9879 3.4309 154 125 69
-5.6482 6.2494 1.7080 164 161 80
5.6446 6.7321 1.7338 167 152 100
3.9363 -4.0619 2.4163 155 152 93
6.2482 -2.9046 1.5850 166 156 112
-6.0261 7.8094 1.4836 152 168 87
-7.2067 -7.5713 1.1795 174 143 114
2.3047 -5.3149 3.0735 142 121 82
-0.8652 -5.8736 3.6692 139 126 61
-3.6501 0.9847 2.5339 159 139 102
-5.4339 -3.9346 1.8157 148 142 99
2.1403 3.2958 3.1289 161 116 84
-2.6553 -1.1142 2.9380 148 140 84
2.6614 -2.3891 2.9841 148 134 105
-5.7849 -1.0160 1.6111 164 151 105
-5.3939 -2.4944 1.7262 176 134 110
-7.0473 -5.0963 1.1716 181 147 109
-2.7304 3.6845 2.9101 147 152 97
-4.0282 -1.2849 2.3864 148 131 95
-0.9893 -1.7305 3.5994 148 119 90
-1.1706 -3.7934 3.5651 151 133 77
-3.1141 -7.8004 2.6647 158 152 78
-3.8283 2.3468 2.4617 152 140 72
-3.2226 -5.4810 2.8132 138 132 101
0.6108 2.4642 3.8044 151 131 52
5.6778 5.2632 1.7440 151 141 113
-6.4830 -4.4257 1.3662 178 150 129
-3.4140 -2.8313 2.6433 159 141 85
7.8462 -4.0798 0.8815 166 146 117
3.0850 7.4250 2.7733 140 136 76
2.3448 1.3792 2.9853 172 137 93
1.8860 5.3785 3.2789 146 145 89
4.9338 4.9208 2.0789 159 146 117
-7.0980 2.4249 1.1160 156 151 125
-7.4984 6.6057 0.9652 175 170 125
1.8736 7.6990 3.2536 150 125 90
-7.7062 4.2150 0.9197 153 148 103
5.4481 -4.0706 1.7923 157 150 101
3.9690 6.2652 2.4267 142 128 94
2.7472 -6.0244 2.8887 165 126 76
-5.3294 -7.7569 1.7849 153 163 113
0.0689 2.6146 3.9041 123 130 87
7.2578 -4.5634 1.0583 176 143 106
-5.6163 2.1660 1.6244 168 157 104
0.9541 6.1491 3.6284 151 127 70
7.4319 -2.3840 0.9663 159 148 125
5.9426 -7.1059 1.5916 165 141 96
5.0766 7.9981 1.9671 164 126 107
5.9261 -3.0914 1.5674 159 132 99
6.9150 4.9874 1.2402 162 149 103
-6.8618 -4.4448 1.2430 155 154 128
2.6133 -2.3079 2.9707 140 143 87
-5.5845 -6.9020 1.8040 157 152 103
7.4039 -0.2575 1.0594 162 159 101
6.6585 -0.7088 1.3477 166 156 101
5.5511 -5.7089 1.7181 158 150 116
3.3091 -5.2558 2.7853 153 141 87
-3.7941 5.1680 2.5232 166 139 75
-5.2383 -1.6312 1.8403 162 146 94
-4.0096 1.7861 2.4173 168 140 106
7.2432 0.9007 1.2013 165 146 102
-2.0987 -2.8779 3.1460 142 128 72
2.6038 7.9439 2.9455 129 134 95
-0.9451 1.2163 3.6868 141 128 62
-3.3989 0.7799 2.6169 159 157 91
-2.7536 2.5113 2.9089 145 131 83
7.8794 -6.4699 0.8810 167 145 115
-5.9801 6.0373 1.6013 146 135 102
-0.0711 4.5928 3.9846 126 146 62
-0.5980 4.3103 3.7764 131 148 65
-7.4429 -7.7482 1.0824 158 168 110
6.1371 6.8804 1.5480 161 150 110
-7.0252 2.2429 1.1759 175 145 115
-1.7276 -3.6190 3.2410 151 126 90
-4.0971 7.7509 2.3122 156 144 100
0.2937 2.3058 3.8857 135 134 80
6.5397 -3.8141 1.3377 165 149 94
-1.6437 -2.0314 3.3808 138 98 62
-5.5669 -0.8801 1.6804 164 140 115
-2.4259 -2.1445 3.1673 151 145 78
4.4593 0.2168 2.1549 164 143 94
1.2252 -3.4217 3.5001 152 114 74
-3.7278 0.2721 2.5683 145 135 90
3.3358 -7.0451 2.7296 167 132 96
-6.8250 6.4663 1.2565 165 129 132
2.2687 -1.5892 3.0741 126 150 107
5.8573 -2.6394 1.6208 156 135 98
-1.7096 1.3255 3.2473 158 138 88
-0.7973 6.2177 3.6959 124 117 73
5.3276 2.7391 1.8319 164 133 105
4.8016 1.1406 2.1044 157 140 88
1.2244 -1.2739 3.4520 142 114 79
-1.8787 -0.8470 3.3005 160 134 52
-7.8597 -1.3637 0.8635 171 128 118
-6.9817 -6.6054 1.2480 161 146 101
-0.8780 1.6073 3.7052 165 122 69
-4.3232 5.0513 2.2414 157 116 109
-0.7059 -7.1515 3.7121 147 120 76
-0.1487 3.4147 3.9833 136 136 78
7.0393 -4.8517 1.1677 173 153 106
-1.9260 1.2500 3.2478 147 135 81
-5.1973 0.2255 1.8155 168 144 109
5.9697 -7.3961 1.6955 167 155 103
0.4526 -7.9113 3.8158 137 143 78
3.6937 2.6358 2.5361 144 140 92
0.2892 -1.8508 3.8753 147 149 82
4.4770 -5.7533 2.2123 170 143 89
3.4064 -4.3449 2.6863 163 132 72
-3.2849 5.9434 2.6952 143 132 77
-3.1264 7.6233 2.7118 134 142 100
-0.7454 1.9072 3.6616 131 148 79
0.7339 -4.6096 3.7052 131 141 92
-3.0473 6.2953 2.7169 142 144 85
7.6072 -2.5730 1.0479 174 164 110
5.7442 0.6874 1.7161 173 140 97
-7.9430 -5.0354 0.8316 161 165 122
1.6851 -3.1526 3.2399 149 136 86
2.1495 -7.3534 3.2090 153 120 95
-3.8992 -3.9102 2.4460 158 133 102
7.1144 -6.2895 1.1737 183 155 103
5.0947 6.6187 1.9436 153 134 89
-3.7744 5.8603 2.6384 152 137 86
-0.2926 1.5313 3.7878 141 132 77
-0.7045 4.0655 3.6948 154 133 84
-2.5246 0.9965 3.0272 151 124 86
-2.3123 -7.3164 3.1270 148 127 88
3.6062 4.2345 2.4488 159 152 110
5.8244 -3.6284 1.6218 161 145 97
6.3331 0.0481 1.5379 147 147 109
-2.6818 2.9904 2.9429 150 148 96
0.8226 -7.2606 3.5814 158 131 77
5.9424 -5.5856 1.6837 152 151 105
-2.0323 0.7250 3.2194 156 145 72
-1.3722 -0.2162 3.4264 147 145 68
-5.4294 2.3170 1.8765 152 158 77
2.4142 -2.5762 3.0138 148 139 81
-6.2332 -1.4697 1.5383 169 149 99
3.2040 0.7716 2.7016 146 136 110
4.2045 -5.9400 2.2916 162 142 96
1.4887 -4.5908 3.4119 149 145 93
5.0030 1.1383 1.9614 164 147 92
3.2052 7.7706 2.6694 139 132 90
-4.9881 -2.7435 2.0286 159 133 106
2.7001 -6.6785 2.9199 150 138 78
-4.1878 -6.3869 2.4280 136 142 103
-5.9271 1.5769 1.6372 169 143 87
4.2027 4.4829 2.2980 138 141 92
-0.7839 -4.2006 3.7385 141 113 78
-1.3792 -6.4223 3.4474 139 141 103
6.7737 1.5415 1.2051 182 131 123
1.2273 4.4346 3.4709 136 135 73
-4.8857 -0.7648 2.0377 161 126 87
-5.4742 7.4610 1.6952 156 122 101
-4.4023 -5.1092 2.1419 153 136 85
6.1125 -1.3560 1.5321 170 158 116
4.3323 6.3758 2.2310 158 135 84
2.5017 -6.0917 2.9215 159 150 91
-0.8741 3.0134 3.5754 152 142 76
-7.1937 2.1723 1.0283 165 148 123
1.9894 -7.5703 3.1982 136 135 106
-2.6729 7.6437 2.9019 129 129 86
-5.9718 7.5495 1.5904 161 162 103
3.0788 -2.1325 2.7275 157 136 91
-0.2557 7.7769 3.9821 118 116 65
-0.6480 1.1763 3.6824 152 142 65
1.9504 -7.3856 3.2466 149 136 74
-3.0969 5.9424 2.7053 158 163 87
-6.6598 2.4255 1.3154 155 140 106
-0.9608 4.3094 3.5306 144 131 72
2.1567 2.6693 3.2059 155 110 72
3.0396 4.4303 2.8746 158 139 78
-0.1936 6.2694 3.9169 147 125 49
-6.1872 0.4877 1.5388 160 140 111
-0.6008 5.7409 3.7240 137 127 88
1.7831 -5.3683 3.2408 160 145 67
1.0129 1.6213 3.6016 150 148 70
6.7100 -7.9267 1.2722 162 163 121
-4.1603 -0.0483 2.3996 158 147 94
-6.3452 6.4933 1.4405 172 146 91
-2.2441 3.6404 3.1096 140 140 74
3.5598 -5.9637 2.5148 159 125 81
0.7763 4.1412 3.7476 137 135 100
2.3582 -5.3362 3.1155 153 138 93
4.3571 5.8466 2.2783 154 147 95
0.5227 -7.7947 3.7845 126 132 65
-4.7528 -4.4983 2.0559 165 140 93
-0.5020 -7.8925 3.7763 145 126 70
7.0967 -7.6533 1.0627 164 156 109
-0.3414 7.2628 3.9083 126 126 73
-0.7916 0.4811 3.6951 139 151 93
7.6191 -5.2404 1.0082 174 157 97
6.8111 -4.9160 1.3024 154 160 110
0.0875 -3.2542 3.9087 148 126 77
-3.4728 5.6917 2.6092 168 159 87
-4.5225 0.4713 2.0539 154 150 122
-0.6502 -6.0887 3.7048 140 132 68
-1.8793 -1.8176 3.2644 156 152 68
5.3845 2.4468 1.8647 164 127 112
-2.1937 3.2626 3.1282 143 117 78
5.4204 -3.8139 1.8258 164 145 89
-0.5106 3.7758 3.8043 154 145 83
1.7777 3.2979 3.3230 154 131 101
7.3935 0.6209 0.9835 168 154 121
0.7495 -7.9901 3.5840 161 144 77
-2.1047 -1.1471 3.1255 139 126 78
-7.9491 3.3236 0.7802 159 141 114
1.2494 -1.2852 3.5772 150 136 72
7.5897 5.6236 1.0238 169 145 119
-6.9384 6.5954 1.2411 168 146 130
1.9231 -6.0408 3.1980 142 135 101
2.9005 -3.6934 2.8320 160 132 86
1.8323 0.1613 3.2687 161 126 76
-6.0598 -3.9071 1.6529 152 158 95
7.9179 -2.5584 0.8049 179 144 114
-3.9484 -3.5266 2.4219 163 138 95
4.6149 -7.7110 2.1281 156 120 105
1.9451 3.7606 3.1989 150 160 80
1.2766 -6.2207 3.5786 155 119 77
-3.4738 6.2411 2.6468 143 144 108
1.2429 -5.2418 3.4229 147 118 81
-1.6018 -2.6566 3.3515 137 126 72
0.3878 4.7747 3.8538 131 136 77
-2.3297 -7.1881 2.9606 144 140 100
-2.6614 4.7187 2.9698 136 137 84
4.0438 1.4192 2.3644 167 137 99
0.9591 5.7038 3.5616 142 129 63
4.0431 -3.4040 2.4206 153 151 91
-3.8806 4.5366 2.5381 167 151 87
-4.1019 0.9640 2.3581 166 138 92
-4.9031 -4.7031 2.0504 159 136 95
-1.5327 -0.8688 3.3851 147 150 101
-0.8343 7.5945 3.7132 146 139 76
5.0399 6.2460 1.9359 152 150 85
-4.0736 0.0919 2.4361 156 154 100
3.6325 -7.4906 2.4972 153 150 80
-7.5845 -7.4123 0.9568 160 135 122
-3.3888 6.3281 2.7303 161 138 81
-2.5459 0.5864 2.9997 161 137 80
4.2078 -7.5573 2.3567 134 154 98
-7.1161 0.8674 1.1892 166 141 124
-7.3224 3.7806 1.0184 166 154 118
3.9751 -5.9066 2.3598 149 140 81
5.1987 -6.1930 1.9282 151 137 91
2.3461 3.2731 3.0210 151 138 72
0.1518 -2.3776 3.8658 131 120 82
-7.6066 4.2976 0.9762 170 146 97
4.1437 2.7577 2.3511 154 137 106
-0.6933 -1.6119 3.7612 139 127 58
-7.6525 -0.8229 0.9310 163 164 108
-0.8551 -1.4116 3.5870 152 125 82
-5.7449 4.6100 1.6919 153 155 109
-4.3560 3.9885 2.1892 159 149 104
-1.1563 0.3779 3.5578 151 138 80
-3.4191 0.2157 2.5701 152 148 102
-3.3163 -2.5691 2.6581 143 129 83
4.4528 -2.8289 2.2772 161 127 90
-2.7200 -0.3048 2.9425 169 141 63
1.6794 -6.2583 3.3811 149 108 82
6.8266 3.6599 1.3110 149 151 123
6.4470 2.3975 1.3605 174 131 105
6.5768 -0.2276 1.3924 158 165 110
-3.7120 6.0743 2.5344 163 130 106
3.8568 7.7314 2.3888 145 110 94
-4.0108 1.2990 2.3813 169 141 77
-0.3635 6.3593 3.9554 155 107 84
3.1756 6.6455 2.7258 150 125 80
1.3150 -4.2318 3.5712 140 147 52
-7.4228 -0.6196 0.9869 157 144 112
5.2478 -6.8772 1.9436 163 138 107
-3.5521 -3.0663 2.5386 150 140 101
-6.3678 2.7635 1.3949 176 143 111
0.7383 4.2854 3.7413 134 122 78
-4.1524 4.2039 2.3452 160 143 91
-1.6447 3.5133 3.3057 153 134 80
5.0877 -4.0546 2.0329 152 152 111
0.1667 -3.7810 3.8442 138 142 83
3.0603 -0.6890 2.7633 143 138 93
7.4516 7.5227 1.0321 169 171 125
5.0760 0.7655 1.8939 154 154 110
-5.2038 0.4086 1.8293 165 156 92
6.2182 -7.3150 1.5708 158 147 120
2.2696 1.9352 2.9772 148 139 83
3.4258 -4.4378 2.5781 151 139 89
6.2031 -5.9350 1.4585 182 154 108
2.2495 -2.4011 3.0366 162 136 77
1.4688 3.4160 3.4310 162 126 91
2.1700 0.6552 3.1474 149 132 74
7.8520 0.0614 0.8095 172 146 99
1.0914 -3.8380 3.5760 149 122 85
-6.7164 6.6572 1.3127 184 146 126
-1.5625 5.5343 3.4231 157 148 73
5.7125 -0.4131 1.7222 163 139 135
-0.8693 0.7930 3.6686 127 136 83
-0.3610 2.0282 3.9175 149 122 76
2.1812 1.6749 3.1240 162 132 86
6.0375 0.1414 1.7159 150 151 99
7.8747 -7.8401 0.8583 172 147 120
-6.3488 -0.9916 1.4693 159 147 93
6.5597 -6.4900 1.4067 156 167 101
-5.9116 1.2732 1.5728 152 153 112
-6.1089 2.7155 1.6170 159 156 114
5.7822 -3.1519 1.6601 172 160 111
5.5267 -2.8401 1.8304 158 147 95
-6.2424 1.2185 1.6107 172 151 100
-3.0838 7.5247 2.7595 150 117 108
-1.5912 -6.0700 3.3069 152 123 87
-0.4625 -4.1877 3.8342 148 122 60
-5.6271 7.4293 1.6412 158 159 93
4.6730 0.9752 2.1818 157 150 115
0.9521 3.9288 3.5809 140 143 72
-6.8101 7.1634 1.2019 180 153 111
-5.6828 2.8542 1.6758 169 154 117
-0.3459 2.4673 3.8043 121 127 70
6.5038 2.6956 1.4137 170 155 93
5.6208 1.1721 1.7507 152 156 88
-6.8466 -0.4030 1.3417 174 139 115
-2.6454 5.9716 2.9118 158 132 95
-6.2029 3.6925 1.4967 148 150 117
4.1726 4.3374 2.3282 167 150 96
6.1863 -1.4547 1.5412 173 142 95
7.7720 -5.8506 0.8858 182 162 106
2.4609 6.7198 3.0504 155 137 83
-5.5561 5.8430 1.8132 163 135 108
-4.0221 4.9724 2.3741 172 134 120
7.4634 -1.1043 1.1064 167 142 118
-6.7473 5.4171 1.3374 172 141 121
2.6360 1.0482 2.9869 147 133 84
6.7759 0.0761 1.2991 162 147 103
-4.2327 3.2379 2.2684 167 138 119
-1.9567 -2.1494 3.2392 131 134 78
6.1680 -3.6667 1.5546 159 146 110
-2.5434 0.8537 3.0701 154 117 73
1.2877 1.2091 3.4917 139 127 53
-1.6672 7.4466 3.2654 152 126 68
2.3350 3.3594 3.1385 125 127 85
-2.8150 4.0235 2.8615 143 143 92
-1.5289 -1.2447 3.4167 151 131 84
-3.6952 -2.1775 2.5831 146 139 105
4.9510 6.8118 2.0505 150 132 95
-2.4068 7.8192 3.1363 164 140 89
4.0044 1.0636 2.3622 156 145 60
7.9967 0.8970 0.8210 164 141 109
-5.0898 -0.9618 2.0304 154 140 108
-5.3192 1.3508 1.8080 156 156 104
1.0726 6.1907 3.6655 132 117 93
-3.3159 3.9059 2.5889 138 130 84
2.7213 -3.0407 2.9170 142 112 82
-5.4994 -2.3859 1.6952 156 132 110
-5.4863 2.1896 1.7705 141 160 101
6.4136 -0.9456 1.3788 163 155 101
3.1778 6.9645 2.6971 152 122 73
6.3265 -5.0222 1.4549 181 157 126
-4.6745 1.9932 2.0709 164 145 103
5.6404 4.9615 1.7831 164 124 109
-5.6180 1.1199 1.7453 153 148 102
6.6521 -6.9473 1.3497 170 138 111
0.8609 0.0126 3.6616 139 117 75
1.5105 7.5950 3.3589 157 121 91
-5.8756 -3.0593 1.7520 143 148 102
1.7470 -3.2010 3.3129 151 131 79
-3.0977 5.0029 2.8330 156 157 94
6.2983 0.7063 1.5127 171 158 116
-7.8309 7.6063 0.8793 162 157 119
0.7900 7.9988 3.6613 153 138 81
2.2517 -3.5691 3.1812 152 142 82
-0.0571 -2.4906 3.9848 140 123 83
0.2057 -6.9075 3.9300 146 135 71
-7.8348 7.2661 0.8260 174 145 128
-5.8811 0.4345 1.6670 174 165 94
-2.8561 -1.6636 2.8639 160 130 81
-0.0107 4.2408 3.9756 146 140 59
2.0234 0.2241 3.1640 146 145 73
6.7048 -6.9912 1.3060 180 142 114
7.1777 -1.9323 1.1321 168 137 114
-5.1672 -3.1128 1.9606 165 148 97
-0.2779 6.2720 3.8572 138 122 70
-1.0033 7.4481 3.6225 138 127 78
-7.4197 -0.6859 1.0713 158 148 115
-7.7764 -4.6916 0.8278 177 158 111
6.8908 3.3729 1.3461 169 156 104
-6.7947 -1.6608 1.2465 161 154 101
1.8622 -1.7923 3.2138 155 125 67
4.8392 6.8349 2.0544 161 144 86
-5.5662 4.6356 1.8328 162 142 98
7.6205 -6.4630 0.9151 154 156 111
6.5246 3.6162 1.3575 152 167 119
-2.1884 -2.2014 3.1643 151 116 89
3.9190 -5.0192 2.3927 143 136 104
0.7774 -4.0060 3.6891 139 131 75
-7.9351 6.9780 0.8153 166 155 100
4.2439 1.3042 2.4042 159 140 91
-3.4955 -1.2981 2.6263 153 132 111
-2.5174 1.1932 2.9784 151 125 83
5.5282 -0.4274 1.8030 155 140 96
3.3484 4.5162 2.6274 139 140 82
5.9209 5.1757 1.6347 165 142 109
7.0548 -2.7789 1.1490 172 141 102
0.3448 -4.4540 3.8029 154 125 74
3.6382 -2.3425 2.5919 168 139 84
-0.3509 1.1260 3.8629 129 116 67
-2.9042 -4.7311 2.8421 137 131 76
-5.7084 1.4131 1.6787 184 147 102
-6.1597 6.7384 1.4619 162 164 122
-1.3153 -5.3213 3.5548 133 121 59
-3.6308 6.7943 2.5935 142 154 104
4.0571 -3.1232 2.3192 154 138 86
1.6026 -0.3641 3.3541 130 146 92
-2.1706 3.2263 3.1236 158 119 82
-7.5374 -3.9207 1.1065 150 150 136
3.9246 -6.4662 2.4188 163 150 102
-1.1903 -4.8720 3.5643 155 122 86
-3.0113 -6.5295 2.7562 130 123 78
-7.3324 3.5081 0.9962 181 160 108
3.8840 -5.7726 2.4128 141 142 84
7.9181 -0.8396 0.7837 177 163 125
-5.2537 7.7857 1.9626 149 152 118
5.0989 -5.7133 1.8930 173 151 115
4.9308 0.5006 2.0080 149 131 77
-6.8783 -4.7916 1.2629 169 150 110
7.4294 -6.3071 0.9754 178 155 116
7.2981 0.5972 1.0984 156 147 123
2.8494 -2.5717 2.9562 170 128 95
-3.7685 1.5491 2.4942 146 144 99
-5.9702 -6.3022 1.5871 143 139 84
7.2750 2.0067 1.1041 163 166 106
-6.5624 3.2752 1.4313 184 142 100
-4.4577 -2.7650 2.1612 149 157 98
4.6279 6.5484 2.1611 166 159 100
2.5040 1.6851 2.9938 133 126 82
4.0575 -4.7623 2.3553 159 150 96
-7.8148 -1.4468 0.8212 167 157 121
2.0353 6.9016 3.2815 149 130 74
-0.6575 4.6872 3.6906 168 133 65
-5.0997 -5.3040 1.9795 147 138 100
4.6078 -4.8952 2.1442 156 154 86
-7.5544 5.7879 0.9300 178 158 116
4.0594 2.1916 2.3489 154 156 74
-1.9761 -6.7320 3.2087 151 126 74
3.3462 5.3713 2.6117 151 141 96
-5.9954 0.1909 1.6554 153 151 117
-5.8083 -7.8817 1.6442 173 152 114
-7.9509 -1.6088 0.8237 174 173 129
4.4722 5.0337 2.1915 164 145 98
7.5152 -5.1075 0.9158 186 154 127
-4.0099 -3.0107 2.4015 171 148 103
4.6968 -5.2984 2.0837 157 148 102
7.3775 4.4089 1.0137 149 161 127
1.7279 -3.4438 3.2971 156 129 76
-5.2558 -1.9362 1.9009 157 153 116
-4.0804 0.1368 2.4884 154 133 93
-3.2812 6.1159 2.7146 147 119 98
0.1275 -6.7814 3.7989 156 136 79
2.1686 -1.9108 3.1998 127 139 82
-5.6295 -2.3567 1.6958 159 134 89
-7.7764 -5.1018 0.9595 177 161 105
-6.5477 5.4924 1.4122 174 150 125
-7.3227 -6.8651 1.0641 158 142 119
1.5809 2.2702 3.3979 151 128 87
4.3546 4.6938 2.2998 155 128 100
-5.1483 -4.6993 1.9733 147 144 104
7.5054 -1.7722 0.9951 189 150 122
-6.7731 -7.3747 1.2409 176 123 117
-1.8455 -5.3199 3.2428 157 122 77
-3.7637 5.6492 2.4434 148 142 96
-4.0613 -1.0390 2.3666 158 128 87
-1.5350 -6.5248 3.4356 153 125 77
-5.0567 -5.1072 2.0007 164 153 83
6.6446 7.6985 1.3620 150 162 111
-2.7800 -5.9858 2.8981 170 143 81
1.3985 7.4521 3.4775 144 131 83
-4.6894 3.0806 2.1401 157 137 82
-6.7634 1.0820 1.2034 176 165 107
-7.9808 -1.2818 0.7609 207 159 114
-7.3850 3.9851 1.0599 171 159 115
-7.8980 4.1163 0.8840 150 151 105
-0.6036 -5.9385 3.8541 152 135 81
-4.2911 1.1103 2.2429 176 144 106
2.1119 3.9203 3.0941 135 136 56
-1.5117 3.1182 3.3553 144 143 81
-0.2827 3.8433 3.8659 128 125 75
-5.8276 -0.2022 1.6147 148 132 115
-6.4110 2.5279 1.4346 172 144 108
-7.2708 -6.6595 1.1421 168 158 115
1.6147 7.6713 3.4260 137 144 87
7.4413 -0.9434 0.9698 160 164 99
6.2633 5.0909 1.4276 175 154 94
6.6141 7.6450 1.3818 169 150 118
-2.7316 4.4502 2.8666 150 138 89
-3.0630 4.2090 2.7480 156 125 92
3.6859 -5.7810 2.5866 147 146 87
7.6960 -4.9190 0.9436 164 158 121
0.6949 4.5761 3.7071 143 128 69
7.1988 -5.0351 1.2090 193 162 98
1.2841 -6.3631 3.4250 122 131 73
6.8718 -3.5393 1.2298 166 163 130
-2.0384 2.2738 3.1512 141 156 91
4.5546 -6.1682 2.1165 158 144 96
2.2331 5.0152 3.0609 168 136 76
-4.1916 6.5916 2.3211 154 136 99
3.4539 -6.6664 2.6824 148 131 82
-2.9295 -4.8177 2.8113 162 135 73
-1.4782 -1.0005 3.3373 148 148 78
7.1960 3.5495 1.0857 169 139 106
4.8874 1.3716 2.0392 166 136 103
5.4998 5.4741 1.8358 157 145 113
7.5689 -3.9311 0.9950 161 156 125
5.0490 -0.1276 1.9652 165 144 119
6.0499 -7.7948 1.6222 169 143 96
-1.3443 -3.2294 3.4984 126 134 69
-1.3615 7.7396 3.4111 123 131 89
2.9181 0.9466 2.8312 156 132 91
0.0247 -4.1060 3.9823 137 138 75
3.2157 0.8073 2.7516 168 140 69
6.5235 1.2726 1.3694 143 146 118
7.0486 4.6088 1.2717 165 144 114
-7.9141 -0.3873 0.7798 175 143 116
3.6855 -5.1883 2.5133 162 124 97
1.1678 0.6019 3.5666 163 133 102
2.3519 -1.4228 2.9954 151 129 80
-6.7013 -6.9488 1.2936 179 129 122
-5.1749 4.4884 1.9009 162 138 103
3.9419 4.4603 2.4193 160 154 95
1.2010 -5.1106 3.5104 140 136 58
-5.1916 -7.3476 1.9058 139 142 100
3.0164 4.2931 2.7346 153 129 76
5.5242 3.2452 1.7558 161 148 98
4.7266 6.8820 2.1377 159 133 98
1.7621 -3.3341 3.3088 148 135 85
-0.5502 6.0829 3.7532 148 122 72
-0.2569 4.4453 3.8867 142 125 71
7.1147 6.8176 1.2246 169 156 101
0.1712 5.9716 3.9382 141 138 77
6.8707 -0.8940 1.1783 164 150 104
-1.7934 -2.2510 3.2633 127 131 75
3.8726 -2.3672 2.5371 155 141 111
4.1715 3.4276 2.3826 167 122 93
-5.3879 -1.5335 1.8689 150 114 102
-7.2186 -4.7635 1.1017 168 151 105
-4.2640 0.4662 2.3097 159 140 105
-6.2513 0.9018 1.4464 184 161 106
-5.4628 -7.2390 1.7934 161 133 98
-2.2750 -3.2109 3.0666 144 151 97
-5.9124 -7.4204 1.6893 155 152 99
-6.9555 -4.0415 1.2198 165 159 118
5.9288 7.4900 1.6188 163 150 92
5.0216 1.7367 1.9992 155 144 100
-1.5436 2.6056 3.4069 142 134 95
-5.6983 1.9084 1.7939 162 150 97
5.5739 -2.5870 1.7364 141 140 95
5.6999 -0.4471 1.7865 164 144 104
3.8894 -6.0090 2.4781 142 136 109
-4.2677 -4.2827 2.2846 138 134 103
5.7333 4.6850 1.6754 154 146 118
3.7932 -0.7261 2.3723 136 139 109
2.2993 3.7082 3.1074 149 147 81
1.7915 5.4190 3.2879 143 126 83
-1.8179 4.5130 3.2481 136 119 91
-6.0316 -2.2012 1.5400 160 148 127
2.3890 -3.3846 3.0976 142 134 81
-6.1700 -2.3306 1.5405 174 151 95
-3.8315 -3.1371 2.3986 145 141 89
-1.5466 1.6299 3.3522 142 135 78
7.4801 -2.8962 0.9808 178 126 110
7.6286 -3.8735 0.9470 188 159 108
0.0248 -3.0040 4.0109 135 117 83
5.9263 -1.2222 1.6958 174 135 110
-0.2336 -2.8821 3.8392 144 134 69
-7.9936 -1.6127 0.8150 158 150 133
-6.4298 -0.8841 1.4736 160 148 113
7.7114 4.4478 0.9224 174 158 100
-2.9665 2.4157 2.7978 153 148 79
4.7127 -5.1654 2.1589 171 128 91
2.8778 -2.0892 2.8131 144 136 94
-3.2411 5.9605 2.6727 150 125 86
2.0650 2.4884 3.2253 145 147 80
4.9165 5.4317 1.9771 153 137 109
-4.3776 4.7623 2.2241 159 146 104
-7.5926 6.7870 0.8955 174 158 124
-7.2810 4.6067 1.1150 159 130 117
-2.1954 -7.1002 3.1756 135 138 68
-6.6999 -7.4237 1.3000 184 158 114
5.7896 -0.4333 1.7584 166 157 108
7.3930 0.3914 1.0798 176 162 109
5.4718 5.0935 1.8607 168 148 89
7.4686 -3.0570 0.9605 169 143 123
2.7397 7.1643 2.8946 165 127 79
-3.2823 5.5711 2.6441 153 142 98
-3.8209 -4.7119 2.4405 147 128 92
7.5926 6.2103 1.0178 168 156 105
-5.2359 2.4536 1.9646 163 165 113
-7.0336 7.8409 1.1662 160 169 99
4.7320 -2.2238 2.1273 149 145 96
2.0019 -0.7463 3.1368 153 149 70
-6.4990 0.3816 1.4143 163 170 111
4.0344 7.5505 2.3368 158 136 87
3.7441 7.7164 2.4617 163 137 86
2.6196 -6.0125 3.0083 127 128 94
-7.4165 -0.5918 1.0569 161 173 112
3.6994 -5.6975 2.5832 152 140 102
-7.1108 6.7912 1.1299 151 149 92
3.5495 3.9636 2.5619 142 140 89
-0.5939 5.1003 3.7325 133 137 65
6.5669 5.8566 1.4435 172 162 118
-4.2753 2.9113 2.2628 144 134 87
0.1895 -0.0930 3.9696 145 122 67
1.9245 5.5583 3.2323 157 136 70
-3.4676 0.7349 2.6097 156 144 75
-6.9593 0.0608 1.1778 152 173 87
-3.4256 -3.7286 2.6628 151 124 95
-1.3641 -4.9307 3.4247 146 130 74
2.0998 0.3423 3.1207 133 128 86
-2.3854 -0.1116 3.0473 173 144 69
-5.0181 -6.8982 1.9828 141 142 95
0.8141 6.5324 3.7548 127 139 71
3.7885 -4.4333 2.5525 166 114 88
-5.5286 3.3540 1.7664 179 136 113
-2.1545 5.5098 3.0536 133 149 104
-1.5609 -0.1378 3.3685 156 128 77
5.2181 -2.9007 1.9746 151 150 82
5.4712 2.1022 1.8347 172 139 85
-2.0939 1.2980 3.1709 153 135 83
7.1431 -7.2148 1.1573 176 142 120
-3.1702 7.3624 2.7784 142 127 80
1.9780 -6.2549 3.2346 161 139 71
2.5266 0.5803 2.9750 149 148 88
-3.8580 -4.4073 2.5286 157 158 84
-2.6775 -4.8709 2.9138 147 125 89
3.3511 1.3931 2.6736 145 154 80
3.0395 -6.5991 2.7022 156 129 77
0.5615 2.8735 3.7438 146 121 66
1.9720 -2.9167 3.1461 158 132 81
-5.4511 -6.3357 1.7647 166 149 105
2.6788 7.1871 2.9735 154 122 85
-1.7863 -1.5098 3.2280 160 138 89
-0.5979 -0.0328 3.8026 128 119 82
-5.8426 4.5869 1.7696 161 167 102
3.1043 1.2098 2.7901 164 136 100
5.5949 -5.9874 1.7760 167 142 109
5.2331 -5.1736 1.7768 162 129 104
3.3903 0.8199 2.6764 141 127 91
-0.2078 4.6654 3.8991 137 125 61
-3.2946 -3.3999 2.5778 143 139 83
-7.9176 7.0992 0.7978 164 160 129
4.8347 -5.6193 2.0762 154 141 116
4.3740 5.6406 2.1913 166 146 90
3.8691 3.2925 2.4107 146 149 108
-3.2486 -6.1473 2.6683 173 158 89
-2.4219 -4.6529 2.9740 125 140 102
7.5209 -4.8612 1.0090 177 142 91
-6.0233 -1.3778 1.5994 182 162 123
-5.8137 7.0278 1.6929 173 141 111
4.9064 1.2292 1.9783 184 152 87
0.1381 4.5392 3.9430 148 133 75
0.3206 -7.6008 3.8923 142 135 60
2.5863 1.7293 2.9057 155 152 81
-2.0023 -5.9028 3.2392 154 148 68
4.2893 -0.0696 2.2881 150 131 82
-3.7137 -2.5175 2.5212 153 140 95
-6.4182 -2.2279 1.4078 179 143 112
-6.1640 -7.6541 1.5916 185 154 118
-6.6753 -5.2048 1.3435 163 137 102
-6.6330 2.1080 1.3853 162 146 112
5.5706 4.3986 1.7073 158 133 113
-7.2897 4.0676 1.1167 177 142 136
-4.6093 -7.8784 2.2408 162 159 80
-5.8597 3.9449 1.6030 157 147 100
3.5213 2.7189 2.6425 137 127 86
-5.4841 6.3974 1.8180 157 162 110
1.7604 -2.3130 3.3058 139 130 86
6.7179 4.9888 1.3049 172 160 99
0.8095 5.9911 3.6414 133 143 80
7.4019 -0.0502 1.1447 181 147 124
4.2061 3.5357 2.3390 150 153 97
0.6140 6.9622 3.7553 159 143 79
-2.8565 3.3575 2.8046 153 133 86
7.5691 6.9750 1.0431 172 161 116
4.0668 2.9963 2.4224 156 149 82
-6.6715 6.0035 1.2433 158 154 109
-5.5462 3.5679 1.7772 173 150 91
-3.8019 -5.0372 2.4729 173 145 83
-2.5155 -0.4039 2.9811 155 128 94
3.3551 5.4043 2.6814 149 122 95
-0.5834 -2.6683 3.7884 147 126 82
0.7291 5.4064 3.7716 137 130 75
3.2869 -6.6333 2.6237 142 130 98
3.3009 -3.3489 2.7362 152 154 77
-3.9496 -2.9995 2.4883 159 144 92
5.9682 -6.3002 1.6155 169 150 105
3.5926 -6.7799 2.6169 155 135 86
6.5201 -6.4843 1.3381 168 158 95
1.5964 1.7722 3.3932 154 122 80
-4.2581 -4.2331 2.3471 142 138 91
-6.3240 3.5195 1.4650 166 140 114
-6.3912 -0.2774 1.5259 177 156 117
2.1367 -0.9675 3.0926 138 121 95
-7.2592 4.9668 1.1414 164 148 110
7.4977 -2.7503 1.0352 171 158 122
-0.3548 -7.8520 3.9023 137 133 67
-3.4950 0.2790 2.5625 155 149 63
-2.9409 1.5753 2.8411 143 131 95
4.9878 -1.2394 2.1163 160 142 113
1.3321 -2.8589 3.4204 154 125 81
-4.7610 -0.7598 2.0324 156 153 89
7.6552 4.6866 0.9678 184 152 116
2.2128 5.2614 3.1889 143 128 83
2.5767 -3.1503 2.9735 156 130 85
0.6489 -1.5299 3.7307 148 112 101
-1.9125 4.8036 3.2282 155 128 111
7.1883 6.0372 1.0592 178 148 119
4.4502 -5.0910 2.2004 170 163 98
1.8861 -4.3687 3.2088 149 160 104
3.7765 5.0835 2.3946 153 138 78
-3.6123 -5.6626 2.6015 173 133 110
-5.4073 0.4381 1.8387 156 128 93
-6.5435 5.5919 1.3902 163 141 106
-0.5021 1.3472 3.8618 129 120 62
-1.0111 3.6109 3.5474 166 139 84
5.1792 -1.2523 1.8021 164 138 112
5.4444 -6.6946 1.8187 175 157 107
-5.5885 -2.1970 1.7898 145 154 93
4.8703 -3.6718 1.9515 170 152 102
-6.9537 -3.0969 1.1931 161 137 114
-5.2844 -4.8459 1.8890 156 151 117
4.2087 -5.4971 2.2723 176 166 93
-1.0090 -1.6908 3.5079 127 141 79
-3.5505 5.9353 2.6752 156 144 69
7.9831 4.6270 0.8186 172 143 127
-7.3507 4.2336 1.0164 161 157 118
0.5363 6.4133 3.8273 146 119 87
-6.0413 4.0819 1.6267 166 141 108
3.0299 -2.6950 2.7800 147 152 86
-1.2252 -4.7813 3.6474 137 136 66
3.5305 -0.6948 2.5107 164 137 99
4.6750 -5.7622 2.1017 157 153 94
1.7494 -0.1377 3.2443 142 159 86
1.5979 -7.5424 3.3444 134 144 79
7.9251 6.1575 0.7704 170 164 106
-7.3295 0.6810 1.0373 167 143 115
-2.8164 -2.6235 2.8479 160 136 84
-5.8855 6.0908 1.6317 171 140 118
-3.2277 -7.9242 2.7019 164 144 106
-5.0874 7.4257 1.9865 163 130 110
-2.1425 -0.7428 3.1446 147 118 100
-2.4562 -1.3331 3.0869 128 126 90
-6.1576 4.1784 1.6226 176 157 108
-4.8133 0.8020 2.0623 169 137 86
-6.8389 7.5791 1.3204 173 148 93
6.7652 5.5012 1.2143 167 158 114
7.1977 7.6033 1.0660 167 137 100
7.8660 5.2349 0.8617 170 161 115
-2.4978 -3.4643 2.9923 154 148 76
-1.7204 7.1463 3.3105 152 128 88
5.0460 3.6415 1.9080 164 160 103
2.4105 -3.9526 3.0375 146 125 70
6.6391 -1.6561 1.2513 163 161 98
-7.1144 1.5334 1.0758 170 161 96
7.5074 -7.5816 1.0194 152 151 124
-6.6163 -2.7201 1.3976 162 161 111
5.5058 4.4270 1.8375 163 138 112
7.6658 2.8492 0.9485 162 139 115
-5.0536 -2.5438 2.0280 164 137 110
-2.1195 -0.9152 3.2274 148 137 84
2.1479 6.7412 3.1754 134 127 84
-0.7510 -5.8221 3.6359 150 121 69
6.3126 -7.8004 1.4197 157 157 106
-7.8011 6.0230 0.8091 164 153 117
4.2719 1.1549 2.3057 162 145 103
-1.7293 -7.3346 3.2928 148 139 88
3.9388 -0.0684 2.4357 148 138 111
-6.7491 6.9785 1.2531 143 138 101
2.6075 3.0464 2.9666 164 138 92
-4.0300 5.3168 2.3597 161 149 86
1.6468 3.8594 3.2804 136 144 77
-4.0333 -7.4154 2.3914 150 125 101
-7.5621 -5.7618 1.0819 155 172 113
0.7800 -4.4534 3.6686 146 129 63
-7.1538 7.3588 1.2174 151 162 84
-0.7667 7.9633 3.6425 146 124 95
5.2818 -0.5333 1.9004 153 142 102
-6.0067 0.6463 1.5731 183 146 108
0.2332 6.3513 3.8404 142 131 87
6.8500 -0.4976 1.2088 157 143 110
-3.7225 -6.2255 2.5366 159 124 84
5.9436 7.6112 1.5656 172 153 105
7.4273 2.9263 1.0468 170 149 103
4.3390 6.8499 2.2391 169 165 82
-5.4242 -7.2420 1.8135 147 147 102
6.9811 7.9066 1.2804 168 147 107
7.1813 5.8884 1.1363 163 151 128
1.8351 -3.6549 3.3310 131 152 78
0.2163 -1.5091 3.9252 149 119 77
-0.1952 -7.9071 3.9712 147 122 69
1.3805 -0.1686 3.4196 151 147 77
-2.1963 -3.8588 3.0826 135 138 75
3.5468 5.3286 2.5552 137 135 82
5.4851 -6.8752 1.8071 147 144 87
3.3390 -3.7944 2.6914 153 154 81
-5.3620 0.6186 1.8212 173 133 92
-1.4291 6.0656 3.4557 150 149 78
7.9348 -2.0409 0.8461 195 156 130
-7.6294 -4.4118 1.0031 170 155 109
1.8420 -6.7233 3.2730 133 118 85
2.1148 -3.0146 3.2153 156 137 87
-2.4972 -2.6127 3.0120 150 142 86
7.9125 4.3910 0.8794 179 155 132
-5.0416 4.8527 1.9522 166 153 86
7.6607 -1.1710 0.9750 169 150 125
-0.6460 2.5233 3.7700 135 130 79
-2.9446 3.1314 2.8601 132 141 82
-5.9540 3.7491 1.6216 169 154 119
0.0442 -5.5248 4.0451 114 133 70
2.7413 -4.1292 2.8518 163 149 78
6.9141 2.4563 1.2286 172 137 114
2.4918 -0.1437 3.0496 139 149 76
5.6765 -0.4394 1.7247 168 153 92
-1.2531 -3.2890 3.4645 119 131 81
-2.7411 3.3543 2.9604 135 133 89
4.1223 2.7489 2.2977 163 146 74
-2.3903 3.9331 3.0735 169 136 86
-2.8457 -1.0917 2.8305 141 118 95
-6.1631 -0.1589 1.5154 152 148 112
5.3296 4.0084 1.8793 150 162 95
7.8997 7.9746 0.7511 176 172 131
1.5133 -5.8961 3.4392 144 135 60
7.7964 3.2393 0.9289 168 177 123
-3.9064 3.4897 2.4151 164 126 101
4.9809 1.2953 2.0403 154 146 102
-0.8081 7.3762 3.6367 160 127 82
5.9094 0.5977 1.5371 150 143 88
7.5592 -3.4444 1.0299 172 132 140
-6.0232 -3.5374 1.5682 138 131 109
3.6704 0.7552 2.4885 160 139 91
4.0150 -5.6347 2.3832 147 141 92
3.2275 -2.7741 2.6484 158 141 91
-7.2820 2.7915 1.1665 184 163 95
-3.3235 -7.4963 2.6473 155 129 90
-7.9831 1.9563 0.7489 178 153 120
3.1392 -1.3491 2.7645 160 135 100
2.3837 3.0252 3.0945 153 147 77
-5.4079 -5.7752 1.7851 163 152 114
1.5342 -5.1228 3.3665 145 139 74
5.1899 -5.2109 1.9511 140 154 106
-3.3984 5.1775 2.6319 152 157 91
-3.5987 -0.1477 2.4952 142 155 91
-6.6860 -6.4578 1.3584 189 147 105
0.7753 5.7614 3.7429 154 122 59
7.8737 -4.0476 0.9303 165 127 117
-5.4463 -2.1110 1.8252 168 154 79
5.7090 -1.3983 1.7505 174 135 97
-4.3272 5.4549 2.2749 144 116 95
6.1705 -6.6912 1.6350 182 138 91
-6.6546 6.5885 1.3407 183 149 119
-7.9772 -1.5004 0.8636 167 149 126
0.3192 -0.8243 3.7609 128 148 62
-2.3141 -1.5237 3.0778 139 143 89
7.0193 3.8606 1.1672 149 154 100
-0.6976 1.6696 3.8004 120 118 58
1.4488 -5.8050 3.3522 142 146 93
-4.6679 0.3901 2.1779 171 144 107
7.1593 6.6063 1.1119 162 143 120
1.7566 -1.7839 3.2420 155 117 55
-1.0950 -3.4722 3.6242 130 127 68
-6.8669 2.6818 1.2584 175 152 102
7.4847 6.7311 1.0348 163 144 114
7.1043 -4.7466 1.2134 172 136 98
-0.0073 -2.6147 3.9251 152 108 72
4.9980 1.4444 2.0367 172 138 105
-1.2011 6.6756 3.5103 139 126 79
-0.3179 4.2598 3.8406 143 133 73
7.4032 -1.4258 0.9984 188 158 125
-0.2327 -1.1568 3.8719 136 118 68
-1.8632 6.3154 3.2172 146 138 80
0.1597 3.6599 3.8470 140 137 64
5.0335 -3.4140 1.9380 165 126 90
-6.9628 0.9477 1.1594 168 145 107
1.4528 -1.4125 3.4520 148 140 75
3.0591 6.3381 2.8157 167 127 92
-3.5572 -3.8680 2.5096 139 134 82
-5.6986 -7.3596 1.7321 166 145 96
-0.1381 4.6382 3.9642 129 114 75
6.0174 2.1968 1.5441 159 149 100
5.0892 -0.1175 1.9684 156 123 90
-7.0758 -7.2102 1.1976 169 150 121
-1.6955 0.0660 3.3649 130 130 79
6.3651 1.4926 1.3580 162 149 116
-7.2844 7.2930 1.0770 169 161 91
5.1570 6.6309 1.9688 156 153 104
-7.7418 3.7818 0.9636 205 153 99
5.8336 -4.3128 1.7360 143 144 116
-6.7523 2.9083 1.3274 166 149 113
-6.7733 -5.4637 1.2182 161 149 120
2.1744 2.7583 3.1144 147 153 86
-0.8214 -7.0193 3.6693 138 121 90
6.1913 -2.4178 1.5504 177 141 119
-5.4284 -3.5564 1.9301 178 136 97
0.8321 2.1431 3.6432 143 115 93
-1.7588 6.1082 3.2766 146 132 78
-6.8356 -7.6409 1.2284 152 146 116
-5.6462 0.4325 1.7424 180 167 105
-5.4807 -6.6957 1.8252 174 150 102
-2.1317 6.1494 3.1188 146 129 83
1.4768 4.3872 3.4622 136 160 72
1.0913 6.1593 3.6427 152 145 67
-7.7874 -6.6234 0.8168 165 140 119
-3.2149 7.3521 2.8066 157 133 76
-7.3027 6.5578 1.1048 170 165 100
-7.9378 -4.1196 0.8485 162 148 114
-4.9872 -1.1792 2.0015 161 153 111
7.8189 -6.9121 0.8046 157 158 104
-2.9779 3.4803 2.7418 149 138 93
3.1518 -0.1366 2.8002 151 146 72
-1.9943 0.0141 3.1319 151 136 79
5.0676 -6.1019 1.9758 146 158 108
5.0760 -5.4322 1.9746 159 156 81
-3.7889 -1.0856 2.4727 143 136 98
-3.2320 -5.8802 2.7409 137 132 91
2.4594 -5.0639 3.0977 146 141 95
3.9747 -3.5154 2.4607 157 142 87
0.5088 -3.4809 3.8261 136 115 68
1.3895 3.5704 3.4442 155 146 83
-0.9502 -4.9672 3.6922 153 123 78
7.3597 6.2220 1.0500 186 125 106
-6.6117 -6.5702 1.4230 164 157 100
-2.2557 -0.7089 3.0623 139 122 77
-6.9372 -0.9544 1.3114 171 153 114
-3.4378 0.6647 2.5746 166 139 80
6.0141 0.3545 1.5868 162 138 108
7.7842 -2.5542 0.8578 174 140 119
3.3377 -1.7306 2.6259 141 136 86
-3.7071 -5.3787 2.5628 151 125 98
-2.8051 -7.2341 2.8430 162 136 89
0.8277 2.9592 3.6465 134 121 70
3.4471 3.2472 2.6690 166 161 97
-0.5960 0.4432 3.7713 171 119 78
4.9463 -1.4350 2.0308 176 153 105
5.2863 -2.2600 1.9403 143 167 99
1.5603 -5.1349 3.3598 133 134 79
5.7127 -1.6241 1.7025 162 138 102
-6.9879 -3.8255 1.1776 176 144 101
0.1326 3.1509 3.8907 150 137 56
4.5613 7.6746 2.1277 165 142 108
4.1723 -0.6865 2.3099 166 139 90
-2.2532 1.7355 3.1197 161 143 75
-1.6257 1.7012 3.3450 148 139 95
0.7804 6.7291 3.7748 152 153 80
1.2984 4.5749 3.4970 154 130 90
-3.3623 2.7482 2.5497 178 143 105
2.6875 4.2651 2.8856 144 127 87
-0.8061 1.6765 3.7115 140 121 72
6.6330 6.5659 1.2982 163 161 99
-6.0956 0.7224 1.5802 159 139 100
0.0279 3.6688 4.0666 128 106 57
-6.4561 -1.0267 1.4328 168 147 115
7.6895 5.0931 0.8181 161 151 104
-4.7427 -6.5872 2.0989 164 145 110
3.4252 -4.8861 2.5916 158 153 100
-0.9484 3.1992 3.5518 155 129 93
6.7230 7.7294 1.1774 166 141 104
-5.0464 3.2072 1.9145 169 132 100
6.9787 0.8132 1.0965 162 150 121
-5.8304 0.7467 1.6547 163 148 125
-5.5367 -0.1194 1.8138 164 144 98
4.3609 7.4535 2.3036 156 155 91
0.7136 -6.5671 3.7295 126 115 88
6.5480 -2.8386 1.4630 170 149 100
-7.4290 7.2464 1.0480 177 142 103
5.8423 4.0061 1.6772 165 144 112
-5.9963 -5.5856 1.5703 171 136 107
-0.8415 2.9081 3.6133 152 148 65
0.6485 2.9957 3.7585 147 126 83
7.2695 4.0062 1.1355 166 145 120
5.8709 5.4484 1.6531 155 155 100
-1.0087 -7.5102 3.5373 141 120 72
-7.5913 -6.0581 0.9884 173 162 133
7.1406 7.3291 1.1139 170 153 111
-2.5705 0.2932 3.0697 155 131 74
6.3764 1.2896 1.4885 183 148 114
-0.3764 -6.5849 3.8669 124 136 80
-7.0954 -5.4903 1.1355 183 147 113
-2.2262 -3.3952 3.0978 140 129 81
1.9463 6.5250 3.2517 149 133 86
5.7663 4.7013 1.6397 150 147 117
-0.7124 -3.8311 3.7832 158 136 69
1.2831 2.3729 3.4329 133 147 73
4.8625 -4.4346 2.1367 153 140 106
-1.2749 2.8578 3.5878 131 116 75
7.5029 -3.4273 1.0590 175 159 108
5.5371 7.1600 1.7647 160 136 86
-6.1235 6.3031 1.5360 175 153 115
1.9861 -5.1350 3.2607 149 147 99
0.7752 -0.4961 3.6866 144 128 64
3.6256 -3.0142 2.5653 164 141 100
4.6693 -1.4012 2.1193 168 137 92
-3.2352 -0.0200 2.6002 184 142 70
-1.0022 3.1085 3.5751 138 140 67
2.8098 -2.0355 2.9148 157 142 98
1.7611 7.7103 3.2453 162 125 74
3.7590 4.9386 2.4732 163 145 96
6.2593 2.5615 1.4828 159 154 100
-7.3494 -4.1425 1.0532 156 142 133
-4.2382 4.3171 2.2721 153 156 91
0.7567 -4.0280 3.6936 144 133 71
0.9146 -4.2006 3.7055 137 139 93
-3.1158 -3.4473 2.7584 162 150 94
-4.1852 1.9762 2.3462 168 134 100
2.1986 -0.8031 3.1186 139 127 68
-4.6794 -1.1349 2.1220 173 141 97
2.6870 -5.7199 2.9503 146 136 72
4.2005 0.3236 2.3346 155 156 83
-3.2791 1.8135 2.7323 160 123 90
6.7382 -6.3928 1.3648 160 163 130
-0.7293 5.2334 3.8379 128 133 59
-7.4554 -1.1000 1.0512 154 149 107
-2.5305 7.4839 2.9322 142 144 81
-4.7000 3.6854 2.1637 167 142 84
2.3525 3.8572 3.0561 157 138 82
-4.5855 -0.5008 2.1516 153 145 114
-1.8890 6.5320 3.1848 147 149 89
3.3089 7.5652 2.7055 143 134 83
-2.3709 0.8302 2.9847 154 130 63
7.6140 3.5643 1.0124 172 156 122
2.8384 -0.8794 2.8466 154 119 108
-4.4664 -4.8290 2.2176 144 136 94
-1.7497 -1.4754 3.2816 168 115 79
-1.9179 -5.7459 3.3127 145 139 75
2.5332 -3.7136 3.0727 143 125 80
-0.2474 -5.0078 3.8823 140 113 59
-6.2736 -7.9349 1.5168 160 152 95
-3.9505 -0.6554 2.5680 149 137 102
-3.3424 0.0547 2.6064 155 123 79
5.4050 -3.1210 1.7596 175 116 92
3.0110 -1.6853 2.6722 136 130 93
6.1062 7.2415 1.5718 172 156 106
-5.3344 -7.2929 1.9677 170 138 104
-5.9451 -0.8578 1.6409 158 159 95
4.5998 -2.3144 2.1272 146 139 97
4.8945 6.4980 2.0309 163 151 102
-3.0964 1.6089 2.7324 164 148 99
6.0673 1.0010 1.5808 163 153 111
-7.5549 -7.0201 1.0283 170 156 117
1.0834 6.5381 3.4366 144 120 68
-2.1281 1.4985 3.1587 140 113 79
-5.1230 5.8680 1.9119 152 164 102
-0.1300 5.6640 3.8158 157 134 87
5.3920 2.1723 1.8295 176 140 108
6.2332 1.6497 1.4683 177 150 111
-0.4937 -1.1770 3.7662 128 144 72
7.3150 3.7527 1.1123 172 162 109
6.7340 0.9611 1.2933 180 159 101
6.5922 1.0320 1.2829 170 153 128
1.4008 6.7912 3.4169 132 136 70
-7.0511 -5.0848 1.2764 157 163 119
5.5027 4.4166 1.8557 161 145 110
-3.3069 1.9185 2.6775 159 155 106
5.6631 -4.2308 1.7846 155 161 96
5.8402 6.4714 1.7300 173 141 116
3.3563 1.6556 2.6820 156 129 89
-1.3792 -2.8540 3.4391 143 129 75
6.8880 5.1880 1.2760 152 163 96
0.6912 -4.0485 3.7755 146 124 58
-6.7378 6.9611 1.3143 167 146 120
-5.5650 -4.2706 1.6920 159 163 109
-3.6020 -3.9857 2.5660 152 123 98
4.6118 2.8050 2.1716 156 145 82
6.2781 -3.6842 1.4748 172 160 96
5.5468 0.4636 1.7958 152 128 100
-7.5575 6.5221 1.0008 183 153 109
2.2038 3.5416 3.0522 149 146 84
-2.8732 5.3370 2.8807 158 125 91
4.1377 5.4969 2.3748 161 157 97
0.9289 -5.0609 3.6476 132 120 70
7.9797 0.5045 0.7938 165 134 124
2.4709 6.9472 2.9589 126 141 82
2.4953 -3.2734 2.9547 144 122 80
0.6312 -4.2611 3.6758 133 143 73
-2.8367 -0.8334 2.9038 155 141 90
3.5617 -7.4067 2.6170 138 141 86
-6.2797 -7.1485 1.4667 168 143 108
-5.8825 -0.3280 1.6021 167 154 110
-1.7820 -5.2932 3.1520 152 127 76
2.7834 -6.4039 2.9072 153 142 93
5.3062 -2.1313 1.8494 157 151 95
-2.3253 -0.9062 3.0569 146 141 83
-6.1430 4.6597 1.5924 157 145 90
-5.5463 -5.2167 1.7723 158 139 93
-2.4070 -0.1354 3.0370 152 144 88
3.8343 4.9828 2.4790 150 149 96
-0.5103 6.1329 3.8096 159 123 82
2.9780 -4.0253 2.7739 142 114 88
-3.6034 7.6928 2.5085 150 146 83
-6.4749 1.7911 1.4884 163 165 87
-2.7006 -1.9389 2.8942 155 137 95
0.7817 -0.7123 3.7120 152 147 80
-4.4902 1.7236 2.2202 155 141 89
-5.3414 7.8993 1.9634 172 148 114
5.5480 4.9696 1.8047 158 137 101
7.5173 -7.5501 1.0553 164 148 128
-7.0774 -7.4786 1.1687 158 153 131
4.1600 4.2964 2.2883 146 150 79
-1.5474 7.6668 3.3635 138 146 85
1.2700 -7.9762 3.5496 142 141 91
7.0238 -7.5147 1.2302 153 151 102
0.2822 -2.7854 3.9054 148 137 82
-5.6627 -6.8550 1.8174 158 138 88
-1.9553 0.4804 3.2614 156 130 102
-2.5818 3.5139 2.9158 150 123 89
-6.8468 1.2105 1.2902 160 137 100
-3.2563 -7.0210 2.7482 156 128 75
-3.2168 -1.1730 2.7837 141 134 86
1.1678 6.0729 3.5633 156 132 67
-4.0229 -2.2125 2.4050 160 132 94
6.8622 -5.7950 1.2305 166 149 101
5.2248 3.0809 1.8593 162 151 112
-1.1690 1.1237 3.6065 151 136 71
-4.5227 7.7276 2.1670 147 144 107
-5.9471 6.1766 1.6979 151 147 91
-2.0672 -2.8242 3.1943 148 129 89
6.8863 -0.9437 1.1903 165 153 116
-2.5447 -2.4385 3.0068 148 134 93
-7.6038 0.2851 0.9898 166 146 117
3.2164 2.1288 2.6730 157 120 73
-4.1893 -0.1342 2.3887 141 130 99
4.5556 2.9504 2.1148 154 137 103
-7.2880 5.3209 1.0822 167 143 114
-4.4126 4.4163 2.1501 148 129 102
-4.0607 0.3171 2.4760 167 142 89
-1.4917 4.7765 3.4030 153 121 88
6.2026 -3.4247 1.5876 167 146 127
0.5943 0.0120 3.8912 140 148 75
6.6023 -4.3035 1.3461 167 139 114
-0.6288 1.6315 3.7586 134 119 58
-4.2821 -3.5696 2.2472 169 142 74
-7.0117 -4.5275 1.2285 174 153 116
4.2758 6.8324 2.2744 173 132 86
-2.1015 5.4647 3.1746 146 126 79
1.5239 -5.6010 3.3531 138 117 78
-1.9048 -4.6236 3.3024 153 130 79
-0.9392 6.9429 3.6528 125 124 96
3.7206 7.9522 2.5315 157 149 78
-3.3526 7.9630 2.6132 157 127 70
0.1325 -7.4297 3.9144 135 125 89
-6.8863 6.9733 1.2290 154 162 111
-5.5630 -2.7498 1.8784 180 138 89
-0.1102 2.6868 3.9218 143 149 72
1.7194 0.3599 3.3259 162 154 87
-3.1867 -6.8414 2.7974 160 148 89
5.4019 -3.6051 1.8874 167 133 108
0.5165 -3.7395 3.8155 138 114 83
-0.9968 -7.8142 3.5925 134 114 76
-1.3358 7.1871 3.4551 148 132 75
4.9162 4.0480 2.1193 148 167 107
-6.6410 6.1445 1.2808 181 154 118
-4.1552 2.3101 2.3348 155 124 103
-2.3998 1.8129 3.0483 166 131 69
-3.2251 -4.1265 2.7162 145 138 88
6.3882 1.8707 1.5042 146 152 97
5.5805 -0.8579 1.7976 155 146 95
-4.2360 -4.4337 2.3543 152 142 113
6.1128 -7.1383 1.6127 163 154 107
-7.9227 -6.1486 0.7617 178 144 118
4.2420 0.9348 2.3670 164 128 87
7.8186 2.9630 0.8762 165 168 116
-2.3505 0.3675 3.0730 161 125 65
-6.8707 4.9843 1.2499 168 145 130
1.4272 -6.5459 3.4146 141 132 70
-4.3050 -2.5312 2.3688 158 158 96
0.1154 -3.1637 3.8825 138 128 74
4.3316 -2.7337 2.3069 152 141 88
3.5617 6.6847 2.5218 161 150 84
1.9787 5.9419 3.2641 141 133 68
5.2449 -7.9749 1.8810 153 140 106
1.9497 -2.1310 3.1269 132 129 92
3.3610 -5.0432 2.6900 160 152 84
-7.6807 -4.9904 1.0027 154 151 100
-4.3567 5.8012 2.2738 141 141 83
-5.4272 -0.9997 1.8289 152 142 99
-1.9182 7.7391 3.2597 144 133 73
1.7850 1.6298 3.2960 140 125 73
-4.3671 2.8017 2.3204 154 133 109
-6.2262 0.9104 1.6043 168 156 94
-6.4668 2.5498 1.4906 153 137 119
1.8400 -1.8840 3.2574 132 141 87
0.8509 4.3408 3.6032 133 127 76
-3.2151 5.8074 2.7793 144 132 93
-0.7444 2.1225 3.7498 139 127 65
-7.4702 6.3339 1.0322 170 169 125
-1.7864 -5.5342 3.3101 146 156 82
-7.1006 -5.3777 1.1150 162 162 111
0.3607 6.5578 3.9380 130 131 62
-6.7694 -0.3476 1.2646 195 153 132
-1.6270 -6.0357 3.3391 153 143 109
-4.5953 -0.0568 2.1721 153 131 115
4.7257 1.6954 2.0328 165 134 104
-3.4778 -5.8428 2.5971 132 131 91
-1.4482 -6.6513 3.3191 157 136 77
0.5629 -1.6582 3.8341 138 139 90
0.2798 2.0122 3.8759 132 140 75
-6.6776 7.0729 1.3156 168 148 104
4.1851 -7.2916 2.2939 179 141 85
2.2722 -3.5972 3.0395 170 148 88
-1.2357 -7.0682 3.4349 133 139 74
-5.2472 -0.0271 1.7900 164 143 98
-1.4970 -3.9169 3.3825 153 144 66
4.4251 3.3520 2.2461 139 137 78
6.9206 0.7760 1.2753 172 149 106
-5.5409 6.2710 1.7660 175 159 95
3.3275 -0.6184 2.6746 156 136 84
6.8578 1.2001 1.2065 183 137 109
-7.8437 1.1319 0.9547 181 153 99
-4.2497 -1.0387 2.2997 140 136 100
2.6291 0.2767 2.9702 152 118 72
-2.3155 2.0238 3.0073 141 128 86
-4.1862 -0.0129 2.3282 149 137 101
-2.8003 -3.6327 2.9098 143 151 83
1.9049 3.9590 3.2898 163 132 97
6.8560 5.3211 1.2771 151 153 124
2.1086 -4.1507 3.1051 155 130 86
-7.5491 -7.1925 1.0079 172 148 127
3.5933 2.3609 2.5892 162 119 80
-3.5022 -3.9906 2.6380 149 119 72
-3.0862 4.9435 2.8605 159 127 84
7.2620 7.2141 1.0378 179 136 125
-7.3551 6.5694 1.0765 165 146 110
4.7095 -3.9005 2.1054 171 154 99
-5.7170 7.8829 1.7140 180 152 113
3.8457 -5.4144 2.4608 165 147 94
-6.3377 -0.5419 1.4923 177 171 99
6.8480 -3.8887 1.2137 175 155 98
3.8253 6.0379 2.4802 150 131 93
-3.8442 -5.3886 2.3897 151 138 104
-5.3184 5.0664 1.9718 173 138 97
4.1635 -5.3783 2.3503 157 143 91
-3.6424 -0.1064 2.5415 158 139 96
-4.6097 5.4100 2.1650 154 131 105
7.9607 -6.7086 0.7863 175 143 121
6.9051 -4.6065 1.2897 172 136 129
0.4051 -7.8664 3.9025 149 141 64
1.0891 -0.9158 3.5124 140 131 82
7.4715 -1.7239 1.1359 167 162 106
1.1991 5.6582 3.4695 152 124 81
-7.6811 4.6453 0.8492 166 119 123
-0.1752 -1.8356 3.9197 133 143 63
-0.9119 0.0754 3.6877 127 124 66
6.5204 7.3086 1.4141 182 171 103
1.9236 -6.6043 3.2736 136 137 85
-4.6276 -3.5274 2.1049 170 145 88
-5.7330 -3.2419 1.5954 166 155 96
-2.3036 0.7813 3.0197 161 142 78
0.9474 5.3667 3.6670 144 119 70
-0.8148 3.1753 3.6809 140 120 87
-5.9397 -1.0757 1.6854 169 136 118
-6.0260 0.1471 1.6175 165 165 90
-7.7839 5.1973 0.8482 171 148 108
6.3504 -2.8628 1.4356 151 153 118
2.8837 1.4157 2.8701 150 138 74
0.1923 4.9237 4.0139 153 127 65
2.2588 0.3409 3.1355 167 122 75
2.6086 -3.1540 2.9629 131 142 67
-4.9488 -7.9827 2.0560 178 148 86
-2.1563 3.8534 3.1123 132 142 79
-0.3879 -2.9722 3.8447 135 116 79
-4.7645 -5.5495 2.0985 145 147 117
4.1301 -3.8589 2.3469 167 133 87
0.3649 6.9625 3.8102 134 125 65
0.2608 0.6450 3.8602 137 122 71
5.1776 4.1859 1.9826 168 151 105
-5.6196 -7.3696 1.7174 178 149 97
2.6898 -6.3441 3.0107 147 144 71
-2.9072 -2.5300 2.6960 144 133 82
-1.1091 2.3802 3.5770 144 128 89
-0.8674 4.7930 3.6135 149 112 87
2.9872 -7.3008 2.7830 147 131 113
7.1076 6.7890 1.1785 169 153 104
7.4109 -3.8422 0.9660 167 147 128
1.1818 1.3715 3.5625 130 136 74
3.4072 6.9005 2.5742 131 124 109
-4.5934 -7.0080 2.2014 163 136 93
5.4679 7.9402 1.7712 159 151 101
-6.8754 7.5828 1.2943 165 157 116
-3.1612 -3.6886 2.7401 146 135 85
4.0719 -7.3674 2.2862 150 132 84
-0.1252 -7.7060 3.9634 131 138 59
-6.5668 4.2382 1.3130 166 158 95
0.0069 0.1323 3.9708 134 146 75
-2.5240 -4.6998 3.1341 162 143 92
5.7022 1.2613 1.7242 166 133 120
3.7059 7.3611 2.4472 159 138 97
-2.1982 -2.9545 3.1769 139 151 83
-0.2772 -4.1415 3.8536 149 116 59
2.0010 -1.8810 3.1771 170 129 110
4.1645 -4.1336 2.1975 157 146 92
-1.1320 -2.8185 3.6472 146 147 85
6.8834 4.9366 1.2446 180 164 95
-2.6286 2.6623 2.9359 159 127 74
-4.4514 7.4845 2.1920 157 152 96
-6.9123 6.9946 1.2302 177 152 113
6.4276 -1.8964 1.4398 171 148 115
2.1959 1.7167 3.1099 155 148 76
-4.6225 3.2320 2.1354 169 107 110
-7.9599 -2.5352 0.7082 168 141 109
2.5132 -7.2928 3.0406 147 153 85
5.7120 -1.7138 1.6700 145 153 120
2.2322 -7.8846 3.1196 147 139 82
6.7946 -7.6579 1.3356 169 135 118
-7.7087 4.2425 0.9527 182 150 120
1.2470 -0.8314 3.4620 151 127 75
-4.7768 -0.9873 2.1015 154 136 109
-3.9899 -1.4823 2.3491 158 157 82
-5.6973 1.3169 1.7164 156 146 121
-2.1462 1.0861 3.1518 133 133 95
6.3287 7.2343 1.3795 175 132 100
-2.3110 -4.5422 3.1284 155 152 76
0.9553 -5.4618 3.6446 147 117 73
4.2531 6.8809 2.2631 176 134 95
2.7025 6.9933 2.8847 155 122 83
6.2948 -1.7836 1.4523 170 121 112
-4.9554 -2.3348 1.9793 163 138 104
-2.2137 0.7093 3.0929 144 150 99
-3.4625 3.9780 2.5956 155 154 107
6.4612 7.5632 1.4366 153 154 108
2.3835 -3.4714 3.0965 155 131 85
3.8924 2.1869 2.4826 143 128 79
3.1402 -6.2310 2.7515 152 132 93
3.3181 -6.6056 2.7238 156 142 94
-4.2560 6.8432 2.2311 151 150 92
0.0384 0.0321 4.0133 124 121 69
0.9765 -7.6105 3.4975 138 121 67
1.2374 -1.8341 3.5328 142 133 80
3.9487 -3.1573 2.3471 168 135 104
-0.0272 4.2330 3.9078 149 145 72
5.2335 -6.5551 1.9753 157 139 101
-4.9198 5.7826 1.9550 166 133 128
0.3327 5.8366 3.8642 139 136 71
-5.7443 5.6626 1.7326 165 152 83
-0.2206 -4.2312 3.9345 133 155 73
3.6103 -3.8782 2.5320 143 138 88
0.9166 7.7156 3.5653 161 127 77
7.6514 3.1026 0.9713 179 142 111
6.6145 7.4411 1.2914 174 154 107
-5.1972 -0.4664 1.9217 163 138 104
-5.2309 -3.5547 1.8873 163 160 94
2.1174 7.5314 3.1574 142 129 92
2.6794 -4.5257 3.0051 157 139 91
-0.7449 -1.2936 3.6789 135 136 78
0.7371 1.3300 3.7863 148 136 70
-4.1477 2.5483 2.3707 148 135 95
-5.0686 -2.9082 1.9876 152 136 96
-6.3381 -6.5739 1.5030 156 134 88
-0.0332 -0.4305 3.9456 147 132 69
1.8484 -1.8422 3.2252 137 131 86
-2.9396 -7.9102 2.8282 163 132 87
-3.5975 -3.9725 2.4918 147 137 77
1.0052 2.7535 3.7042 132 125 74
-4.5606 0.3171 2.1033 166 133 106
-5.7258 -0.1232 1.6652 156 151 102
-0.6141 -2.5213 3.7869 136 135 61
-6.8764 -5.2848 1.2363 160 134 117
-1.3114 7.1999 3.4739 146 142 67
-7.9918 6.7795 0.9165 169 149 118
2.7844 1.9856 2.9303 155 145 86
6.8012 -1.4489 1.2787 174 141 111
-6.8763 -4.3766 1.2910 159 149 110
-5.1806 0.6742 1.9492 166 129 96
-6.4299 -2.8821 1.4253 158 129 100
6.6248 6.0907 1.3848 170 165 104
2.9706 7.9879 2.8828 156 129 76
-0.6147 2.8357 3.6899 133 151 84
6.4681 3.4624 1.3860 159 144 114
0.3164 -3.0080 3.8210 157 126 79
3.4122 5.6421 2.6083 160 133 88
-0.8006 -7.7564 3.7351 161 128 81
3.0659 5.2578 2.8008 124 134 106
4.2146 -4.4303 2.3036 182 145 113
3.6862 7.4571 2.4453 168 135 81
-6.8900 6.2940 1.2614 171 159 91
-6.0248 2.5608 1.5808 174 145 103
-3.8278 2.3495 2.4549 154 150 84
6.2373 -7.4199 1.5119 174 140 101
-6.2942 6.0194 1.5300 177 150 97
-0.6525 -7.9238 3.6827 143 133 76
3.9056 -6.8237 2.5002 151 137 81
-4.3884 5.5441 2.2094 155 156 112
-6.0867 -0.6871 1.4935 170 149 120
1.3528 0.3005 3.5640 146 129 78
-7.7631 1.6373 0.9403 189 168 116
-2.9789 -4.6937 2.8672 132 134 84
-2.7943 -2.6802 2.8443 144 142 90
-0.3602 -7.7027 3.8604 150 139 57
-1.1205 -2.6456 3.5323 141 108 73
3.9798 7.8179 2.3820 142 124 103
4.3546 1.2979 2.3220 175 150 93
1.7325 -1.1153 3.3194 136 142 99
7.5524 -1.0389 1.0419 176 143 110
-7.1960 7.9811 1.1874 154 156 113
-7.6365 0.0704 0.9489 177 149 114
-4.8399 5.1943 2.0610 165 157 86
-1.5298 6.3621 3.4009 142 119 77
6.4488 -5.1611 1.3808 177 146 92
-2.8947 -2.0351 2.8957 169 141 86
-0.0334 2.0584 3.9728 146 145 65
5.4393 0.6574 1.8552 157 132 110
-6.6586 4.9096 1.3324 165 152 106
5.7139 7.6247 1.6547 156 160 110
-0.6234 2.0465 3.7543 127 116 90
-4.5384 -2.5583 2.2325 167 138 104
-4.9002 -1.6221 1.9838 170 146 101
-2.8078 6.2717 2.8580 152 146 108
2.4413 1.1274 2.9435 134 131 80
3.2524 3.2032 2.5952 153 144 97
3.2703 1.5395 2.7755 151 119 92
-5.2270 2.3693 1.9381 153 153 108
-5.3688 -1.5194 1.8356 164 145 102
-1.2524 5.8139 3.5270 142 137 99
4.5443 -2.1902 2.1727 163 126 104
2.6154 6.6291 2.9621 155 144 89
0.5299 -1.3833 3.8170 145 102 57
-7.4751 1.0871 1.0006 175 147 116
-5.3134 5.1931 1.8526 174 123 83
6.9472 7.9444 1.2817 159 148 112
2.7736 3.8521 2.8110 141 135 91
0.5407 5.8874 3.8525 120 124 76
3.8766 -4.5932 2.5226 142 118 97
-7.9575 -4.4282 0.8295 162 157 115
-6.5558 5.1816 1.3117 161 146 112
-5.6070 -2.9058 1.7674 165 129 105
-1.7418 -6.2266 3.2542 155 135 71
6.3953 2.3021 1.4984 175 118 81
-4.7611 -5.5626 2.0906 157 138 110
-3.8737 -1.0550 2.3994 163 133 91
0.7263 -5.6788 3.6554 124 137 72
6.0836 -4.1684 1.5966 139 162 98
7.6220 7.4541 0.8802 175 142 112
-5.7797 4.1110 1.7247 166 155 124
6.2397 7.9453 1.4527 164 147 106
-3.1611 1.6537 2.7868 173 136 70
-1.2170 -1.1039 3.6099 149 119 94
6.8970 -3.4248 1.3137 169 148 129
-0.4392 5.0621 3.9089 144 143 83
-4.0216 -4.7403 2.3752 162 137 86
1.6261 3.8116 3.4110 135 119 64
7.4660 -0.1524 0.9778 165 153 113
1.0863 -3.6108 3.5553 143 127 84
-0.0795 6.7140 3.9798 149 126 60
2.2472 2.6031 3.1970 161 133 82
-4.6185 7.8909 2.0535 133 150 84
-2.5496 5.5033 2.9255 163 141 77
-5.3719 6.6664 1.8518 151 153 95
-2.1455 3.2096 3.1809 155 130 75
-3.7218 4.3512 2.5675 160 127 83
-5.2667 7.8269 1.8054 168 146 95
4.3879 -3.5077 2.3906 176 143 106
-7.7079 -4.8694 1.0363 181 168 107
5.1589 7.3769 1.8760 173 165 110
7.1361 3.7664 1.1190 173 145 95
2.3164 -2.3517 2.9894 141 129 75
-4.3606 3.5542 2.2058 157 141 91
-1.3453 1.9853 3.5467 147 124 77
1.6261 6.1870 3.3517 153 127 100
-4.8318 1.6838 2.0212 153 138 101
0.7582 0.5096 3.6904 137 128 77
-3.2513 0.0064 2.7828 144 132 74
-2.2882 6.1695 3.1030 157 119 89
-5.8226 -0.2637 1.6803 163 159 96
4.5159 -5.8684 2.2165 157 152 95
-6.9138 -4.2034 1.1688 178 137 97
-0.2831 0.1991 3.9410 118 118 76
0.1443 -3.8556 3.8749 146 139 65
-6.5335 -1.6699 1.3889 176 155 113
7.6387 5.0547 0.9061 179 143 104
4.8775 1.6851 2.1220 158 149 104
-1.8523 -6.5580 3.2783 130 139 96
2.2789 -2.9356 3.0554 138 145 102
1.0945 7.5463 3.6562 137 115 74
7.7989 6.6595 0.8904 182 158 131
4.5396 -0.6015 2.2219 159 145 104
2.9785 -4.1753 2.8073 153 139 87
7.3574 3.0064 1.0967 181 133 108
-3.6499 -0.5446 2.5568 160 137 99
-2.5869 -7.7154 3.0368 156 125 81
-7.3779 -2.3919 1.0746 181 154 103
1.8217 -3.2033 3.3005 144 148 76
-2.2657 7.3084 3.0516 132 151 74
-1.2744 3.4382 3.4779 155 129 56
-4.7230 -5.4246 2.1001 170 141 116
-3.7579 0.6265 2.4489 160 157 105
-0.5187 6.6491 3.8340 146 128 80
3.4512 3.3785 2.5990 137 131 100
-5.8889 6.5068 1.5896 170 149 113
5.7110 -0.4964 1.7046 169 140 92
0.9225 6.3532 3.6770 132 121 75
-5.9188 7.2976 1.5995 138 153 100
3.1612 -1.9418 2.8001 151 120 86
-1.8724 -1.2221 3.2329 144 135 93
-3.8423 6.8320 2.4601 157 146 81
-0.5617 -6.8161 3.7723 144 131 64
3.2500 4.3901 2.6381 149 148 87
2.5868 1.8384 2.8766 141 142 78
7.3014 -7.1534 1.0778 169 156 117
-1.3741 -3.3476 3.4045 151 137 70
-3.1204 5.4049 2.7772 143 141 93
5.0200 -2.0739 2.0251 160 138 100
4.1379 3.2334 2.3379 173 141 69
-4.2636 -0.7977 2.3038 148 140 105
2.0389 3.6109 3.1892 144 137 92
-6.8932 -1.3845 1.1572 160 150 124
-2.2414 -1.8895 3.1248 154 132 87
-6.2449 6.1603 1.4911 151 125 91
-1.0454 -4.1836 3.6488 148 149 69
1.8020 3.6842 3.3446 129 132 85
-7.3779 -1.2945 1.0196 188 137 117
-6.7060 -7.4712 1.2852 167 153 109
-5.2314 6.5641 1.9414 169 140 111
6.2915 5.2414 1.5423 144 155 102
2.1471 6.7458 3.1495 150 135 63
-4.0146 7.1576 2.3436 185 142 87
-3.5793 0.2739 2.5558 150 135 102
-4.9414 -3.4390 1.9550 158 140 96
-7.6725 5.2835 0.8752 159 160 119
2.1693 0.6659 3.1940 153 133 93
-7.5911 5.7297 0.9075 174 157 99
4.2467 6.0631 2.3228 173 121 97
-2.0798 5.2974 3.1182 142 146 87
-6.6956 -6.7686 1.3992 178 147 97
-0.9535 6.5006 3.6273 161 117 63
-2.1054 -2.6155 3.1304 149 135 75
6.0579 -7.1023 1.5450 153 120 94
-3.0881 5.8643 2.7114 153 135 81
-2.5207 -4.7610 2.9434 136 132 83
-0.6426 -3.0873 3.6553 131 130 66
1.0467 1.2040 3.5863 154 116 73
-0.1865 -7.5357 3.9501 156 157 71
-6.8612 6.9577 1.3203 186 133 116
0.5862 -3.0626 3.8263 142 129 87
-0.2302 4.3610 3.8757 163 108 59
-1.7378 -7.7049 3.3463 126 139 85
5.6901 -1.4655 1.7385 165 153 108
0.0911 7.5664 3.8808 160 126 58
7.3373 5.3132 1.0480 165 148 111
-4.1712 1.5683 2.2502 145 145 88
2.1739 -1.4980 3.0774 158 155 79
-5.5002 -6.8099 1.8285 163 141 107
4.1172 -0.4134 2.4121 168 145 100
7.8865 -0.1288 0.9282 174 170 123
6.2529 -6.9805 1.5690 173 150 131
0.0977 -6.5648 3.7871 143 131 76
-1.1671 0.0849 3.5675 132 139 68
1.2293 1.7264 3.5042 152 120 87
7.8507 -1.6725 0.8127 180 150 111
-3.2169 6.8449 2.8518 154 139 102
4.1963 -6.8544 2.2556 161 128 124
3.1750 3.2141 2.7812 136 118 76
-6.8977 -7.6360 1.1761 180 154 114
-2.2855 -6.4731 3.1014 156 133 77
-5.5768 -4.6035 1.6925 166 136 113
6.1671 -0.7669 1.5159 158 144 107
-7.8088 -6.2656 0.8827 184 163 128
0.2078 -1.8548 3.9714 139 116 63
-7.6339 -3.2765 0.9465 172 157 111
5.7389 -1.2728 1.6863 156 151 105
4.4056 -6.8260 2.3603 157 140 78
1.1478 6.5185 3.5392 133 141 77
-6.0947 4.8684 1.4648 154 170 101
-5.1786 -5.4485 1.9730 168 155 102
3.4994 1.5097 2.5852 166 154 94
1.3359 4.4208 3.4724 133 134 74
-2.6406 2.0350 2.9204 134 142 89
-6.1842 -6.8932 1.5160 169 154 110
7.4657 -4.5498 1.0601 167 132 112
-6.9349 -6.7123 1.2576 176 140 109
3.6400 -2.4246 2.5759 150 157 90
-5.6216 -0.3814 1.7669 159 149 103
1.0553 -0.1520 3.6247 150 129 78
-5.1253 2.4081 1.9154 153 141 104
1.2791 -1.5009 3.4812 139 139 78
-3.7697 -1.8411 2.5478 147 134 90
-5.0418 0.0453 1.9318 153 133 98
0.4025 4.8961 3.8921 137 127 66
4.9208 -1.0650 2.0107 160 155 81
7.1123 4.7889 1.2033 166 152 108
6.3987 -2.6231 1.4582 164 134 108
1.7597 -4.4547 3.3518 145 131 103
-1.5038 5.0972 3.3456 154 112 72
-7.1229 -1.1343 1.1349 182 162 111
-1.9515 -6.1970 3.1593 134 137 66
5.3836 -6.5525 1.8713 143 143 86
6.5448 0.3660 1.4462 174 161 104
-6.4921 -7.8854 1.3485 179 149 123
-4.6899 5.8030 2.0362 148 134 98
5.5084 -6.5719 1.7343 150 155 113
-3.1330 6.3099 2.7103 156 132 63
-7.0302 -3.6432 1.1978 177 167 128
7.5410 -1.3150 0.9603 169 148 99
-6.8909 -7.3319 1.1494 132 155 101
1.3427 -3.1651 3.5277 159 143 103
-6.6670 -6.0866 1.3401 175 144 104
-2.6979 -7.1892 2.9453 151 135 71
0.9481 5.9252 3.6551 138 135 65
7.1334 0.5243 1.1329 179 165 106
-0.4845 -5.2485 3.8280 124 129 80
-5.1551 0.7398 2.0051 153 142 121
2.4499 4.8847 2.9687 153 136 79
3.5301 2.2972 2.5833 139 152 75
-1.9655 1.4016 3.1500 148 136 93
-6.9493 6.2446 1.2253 160 153 107
-7.3078 2.0150 1.1367 165 154 100
4.0655 -7.7729 2.3441 159 136 95
-4.7242 1.8427 2.1942 137 137 86
5.5529 -2.2831 1.6640 155 147 126
2.8647 6.4274 2.8614 149 136 97
5.4578 -0.4084 1.7980 177 139 114
-3.1594 -5.1217 2.7680 159 142 85
5.0732 2.3569 1.9879 160 152 98
0.4453 -2.6201 3.8412 152 143 65
-5.7404 6.4250 1.7106 170 145 104
6.5475 1.0861 1.5388 168 157 120
-6.1204 -2.6740 1.5582 162 137 110
-0.0142 7.9016 4.0704 146 123 67
7.3585 7.9018 1.0607 188 161 125
-5.7891 -7.8631 1.6306 155 155 108
-6.5460 -6.2458 1.4092 176 153 104
7.1616 5.6930 1.1310 160 152 114
-7.0972 -4.1760 1.1936 157 134 111
-3.8429 -7.7332 2.5595 157 141 88
-4.2478 -4.9965 2.2641 163 171 80
-1.4067 -7.7710 3.3960 155 149 78
-2.0263 5.6566 3.1877 154 126 93
4.5232 -0.3789 2.1755 161 142 95
7.2640 0.2947 1.0547 168 143 117
1.0727 -2.7652 3.5389 140 131 75
-5.4150 3.0119 1.8391 160 151 99
-0.1224 -7.7628 3.8924 149 149 87
-6.3075 5.0059 1.4866 149 143 84
-7.7437 -7.2222 0.8829 176 152 119
-7.1176 2.2565 1.2680 165 140 99
4.2383 -7.0503 2.3533 176 158 97
5.4458 -6.5108 1.8007 167 144 96
0.0989 3.5390 3.9167 163 115 58
5.9944 0.8932 1.5947 159 142 115
1.6117 -3.1415 3.3390 126 147 89
6.9076 -0.0185 1.2432 162 146 106
-3.0619 -2.2242 2.8299 163 142 85
4.3728 -1.6358 2.2035 151 143 84
5.7707 -1.5281 1.5776 156 138 116
2.6457 -1.8163 2.9564 154 133 76
2.7679 5.3161 2.9042 145 131 74
-3.9199 1.9332 2.4241 153 136 94
2.1522 0.5840 3.1891 150 140 85
5.1331 -0.3017 1.9363 152 132 117
3.7798 5.9681 2.5550 158 137 73
-2.1169 4.5668 3.2436 145 138 94
2.0196 6.0345 3.1598 145 142 98
-6.7802 7.6649 1.2277 169 159 92
2.1413 -7.4926 3.2037 162 120 90
3.8682 0.7919 2.4478 150 126 89
5.7804 -2.6236 1.7070 169 138 99
4.6361 -4.8449 2.1012 158 133 107
-1.7503 7.5859 3.2665 155 134 72
1.5060 -1.8122 3.3969 134 134 74
2.2970 3.0321 3.0396 137 148 87
-6.7864 5.6124 1.3316 168 146 117
1.0668 -0.4334 3.6057 142 132 85
6.1981 7.6384 1.5168 165 145 98
-7.0843 6.6134 1.1856 160 164 110
-6.9508 0.6443 1.2944 164 144 116
-7.5302 -6.9876 1.0694 170 150 115
1.9586 7.1282 3.2126 150 140 69
0.8735 -3.5934 3.6188 147 133 79
2.1076 -7.5377 3.1818 147 137 68
-6.2170 -7.8621 1.4747 163 148 99
0.7522 -6.3517 3.7151 142 128 70
-4.7554 5.5532 2.1453 165 137 93
0.3382 -5.8231 3.9226 146 144 68
2.0501 1.7224 3.1572 141 134 83
5.7586 -5.7012 1.7458 155 155 110
-1.9636 0.3368 3.1897 148 144 77
-0.2964 5.9298 3.9386 145 131 72
6.1676 -0.6473 1.4931 166 159 115
-1.9223 1.8614 3.2043 157 144 76
-2.3050 5.4021 3.1338 163 127 71
-4.7675 6.4310 2.0561 154 143 111
-3.2939 2.3815 2.6678 158 120 101
-3.5060 -0.1753 2.6132 159 128 101
7.2610 4.8942 1.0921 171 143 108
-5.5769 2.2055 1.7560 157 140 91
-2.2367 -7.7726 3.1076 141 122 82
-6.1082 6.3764 1.4933 150 138 112
-1.5001 -7.8879 3.3914 143 125 89
7.4419 -5.0825 1.0074 150 161 127
4.6822 2.0672 2.1355 164 127 83
5.2010 -5.7265 1.9370 149 145 106
-5.0634 -4.5521 1.8704 172 168 100
-7.9973 6.4233 0.7672 174 158 116
0.4722 -5.9272 3.8614 145 115 83
-7.3206 -4.2783 1.1530 165 140 114
2.2837 6.1898 3.1930 141 110 71
-6.9570 -0.1291 1.1409 179 159 118
-2.4568 0.6999 2.9986 136 144 66
5.7615 7.3473 1.6906 166 150 90
2.5643 -7.4285 3.0258 142 136 81
2.2245 3.9261 3.0837 135 121 87
7.5398 3.5946 1.0278 179 147 107
3.3163 1.1947 2.6742 152 138 89
0.7731 -5.4744 3.6702 141 106 74
-3.8668 5.7216 2.3882 149 147 81
1.1999 2.7493 3.5351 154 116 71
-4.4670 4.6174 2.2042 167 132 106
5.6538 -0.9193 1.7078 159 133 115
-0.9609 3.1918 3.6889 138 130 73
-3.1755 -7.2235 2.7298 149 150 77
-0.5633 2.6603 3.8530 155 133 69
5.9394 7.4658 1.5735 169 151 96
3.5828 -6.5152 2.5071 152 152 98
1.8750 0.0820 3.2202 163 118 72
-0.4208 6.3840 3.7569 151 134 60
5.5042 6.8300 1.8050 155 135 106
1.8447 6.9450 3.3030 155 120 103
7.4564 0.9889 1.0474 164 164 114
-2.2413 -4.1219 3.0801 148 133 105
5.5554 0.2446 1.7749 154 142 113
4.6755 -5.4712 2.1372 157 130 126
-2.1341 -7.8396 3.1249 148 133 74
-2.0956 -3.0612 3.2137 145 126 85
4.9510 -6.4093 2.0410 162 139 96
4.1003 0.1925 2.3383 143 143 86
1.6295 7.5561 3.4262 136 149 73
0.5636 -5.0635 3.8234 135 140 80
4.2170 5.4968 2.4141 137 149 111
0.3853 3.4257 3.8872 147 119 76
-3.1626 -6.9345 2.7004 161 154 102
6.8702 5.6809 1.2592 179 161 106
2.4138 -0.8776 3.0772 145 142 65
1.5239 5.7593 3.3546 135 134 76
2.8208 3.5813 2.8600 166 132 110
-7.2552 6.4506 1.1400 172 160 108
4.3916 -2.9780 2.2386 131 145 98
4.3445 -2.1927 2.2259 151 153 115
0.3885 5.5710 3.8831 137 140 80
-7.5699 4.1557 0.9582 164 139 98
-2.4766 4.4319 2.9959 151 135 92
-3.2684 4.8710 2.6763 142 161 92
2.7309 5.5230 2.9373 145 142 84
-3.7459 4.6851 2.5728 161 142 92
-1.2254 0.6080 3.5406 136 129 70
6.5911 2.3983 1.3422 150 165 114
-4.8792 -1.8056 2.0161 147 146 92
-6.4271 -3.8500 1.4185 178 145 120
-0.5378 -1.5348 3.8452 152 123 61
-3.5842 -2.3623 2.5412 154 149 92
4.5633 4.5385 2.1380 162 157 112
-5.0647 -0.5556 1.9667 166 140 110
-5.4936 -7.3563 1.8581 165 133 102
3.7095 5.4330 2.4733 171 141 99
-5.5244 1.9306 1.8092 185 145 101
7.0676 6.4078 1.1005 160 156 94
-5.6204 -7.0223 1.7372 166 140 80
2.3404 4.2499 3.0265 168 141 92
-7.5974 -2.4368 0.9217 160 141 112
7.0845 -4.3074 1.1738 167 139 116
7.1554 -1.6979 1.0742 162 146 137
4.4013 -1.8305 2.2758 149 122 95
-3.8456 3.5112 2.4224 165 152 102
-0.6871 -6.2904 3.6549 140 114 67
1.2637 -2.7230 3.5196 138 120 76
7.6751 5.2932 0.9879 167 151 118
-2.6168 -3.9801 2.9254 138 154 104
-3.7001 -1.5984 2.5028 154 144 88
-2.1447 -1.2851 3.1814 141 130 73
0.3196 -4.8659 3.8152 133 133 74
6.4017 -7.0153 1.4990 173 139 104
4.4732 5.5301 2.3384 149 151 99
-1.7237 -7.6319 3.3831 149 142 83
-7.2373 -6.3979 1.1415 171 159 110
-6.9249 5.8870 1.1288 171 148 103
-5.6998 -6.7707 1.7755 178 148 107
-7.3783 0.8745 1.0001 174 156 109
4.3303 -2.9686 2.3103 165 145 88
0.5588 0.8706 3.8433 148 126 63
-6.4848 0.7612 1.4316 172 146 104
-5.1075 1.9795 1.9801 158 142 93
-0.4200 6.6680 3.9320 151 127 60
-1.1550 0.0967 3.5625 133 111 77
-7.3271 4.7292 1.0686 183 155 102
0.9369 6.9168 3.6629 141 142 73
-0.5394 1.1525 3.8258 137 137 86
2.0488 4.9924 3.1951 160 133 86
-6.6935 -2.5895 1.3579 177 134 87
1.7188 -2.0968 3.3677 160 133 73
-5.0588 -7.4729 2.0257 162 147 102
-0.0994 4.9856 4.0166 137 150 70
2.9935 1.7024 2.8513 154 143 93
-3.2932 -7.0770 2.6630 164 138 99
5.4932 2.3920 1.8288 160 144 95
1.2267 -7.2530 3.4991 140 133 63
-6.2339 2.8676 1.5553 154 145 101
2.8845 -3.7827 2.9155 139 129 83
-0.5706 5.0898 3.8281 137 135 63
-1.0716 -6.4821 3.5677 163 140 74
-6.8004 -1.9791 1.2743 153 152 121
-7.5235 -1.4060 0.9663 171 149 108
5.0995 3.9398 2.0054 161 149 89
2.4664 -1.0981 2.9278 148 141 99
-3.4811 6.3664 2.6259 161 161 95
-4.1042 2.6889 2.3610 157 143 100
0.6827 0.0231 3.7481 151 133 83
-2.4869 5.8141 3.0056 142 124 73
-0.7868 -0.5904 3.6554 129 131 80
-0.9662 3.0504 3.5202 141 136 81
4.0638 -4.2306 2.3907 158 117 98
4.5553 -6.1867 2.1310 165 129 93
6.1890 -1.7589 1.5265 160 152 112
-4.1522 6.3729 2.2356 163 160 99
2.1113 5.7138 3.1313 149 134 72
-1.1021 -2.6998 3.4867 152 135 72
3.7655 -5.3580 2.4847 154 134 92
5.9589 4.7605 1.6695 171 142 96
-3.9794 0.9179 2.3839 153 138 93
-5.3456 5.6224 1.9094 171 125 85
0.0732 -0.9882 4.0063 139 123 68
-4.0118 -3.8629 2.3575 172 143 93
6.1626 0.2232 1.4361 167 150 111
-0.6592 0.5106 3.7987 124 132 69
4.9923 0.9196 1.9799 159 159 114
4.7546 -5.3612 2.0389 165 145 95
-3.2061 -2.0745 2.8419 152 140 95
-4.9725 3.9977 1.9704 145 149 123
4.9536 -1.1939 1.9709 169 149 83
-0.9399 -3.6591 3.5989 136 124 83
7.2976 -5.9318 1.1536 174 162 117
2.3809 -6.5729 3.0108 150 145 77
-4.8920 -4.8604 2.0648 172 152 108
0.2730 -0.0970 3.8306 150 132 69
-4.7023 3.0610 2.1911 170 148 92
-6.4027 -7.5566 1.4466 169 138 108
-3.2558 1.8975 2.6972 149 128 102
-0.3521 -5.9086 3.9529 146 127 87
-3.4374 -7.4164 2.6267 146 132 96
3.9626 -0.7081 2.4062 159 142 99
-5.8493 -2.2976 1.6793 163 159 118
0.4031 -5.5970 3.8200 142 115 64
7.2761 -3.5456 1.0125 165 151 111
6.8245 3.8749 1.2963 165 148 101
-6.2285 -3.2554 1.4787 172 143 127
6.9504 -5.4982 1.2732 174 149 109
-5.5404 -2.6744 1.7812 163 167 91
-3.9268 5.4394 2.4628 149 148 97
3.2308 3.5443 2.7075 149 134 96
-5.8481 0.7396 1.7453 161 140 120
7.7711 -5.1223 0.8815 166 142 112
4.9013 6.4870 1.9668 159 147 77
6.1568 -6.6912 1.5383 174 167 110
-4.9918 -1.1810 1.9518 173 139 112
-7.5501 3.0827 1.0076 160 149 115
1.1667 -6.2659 3.4649 154 148 76
7.3491 -1.3291 1.1426 151 156 114
2.4740 2.0078 3.0697 145 134 93
-0.7329 -3.6594 3.7155 157 112 73
6.7534 -0.2812 1.2934 165 161 122
4.7184 5.8868 2.1404 155 133 92
6.6520 0.4169 1.4104 158 160 116
7.8315 4.0334 0.8738 171 150 94
4.6919 5.7728 2.0566 177 129 82
-7.8275 -1.4901 0.8927 166 138 117
7.3600 -1.5787 1.0074 181 150 109
-3.1632 -2.0653 2.7902 157 130 84
-2.5044 -0.0177 2.9792 145 128 81
5.4154 6.7337 1.7345 151 160 110
6.4239 5.3184 1.4527 175 165 102
-3.5967 5.6256 2.5896 135 155 90
3.6554 -0.1382 2.5514 166 134 88
-6.8756 -6.5679 1.2254 162 139 101
4.9040 -2.2623 1.9861 148 157 103
-4.6728 3.5749 2.2071 167 130 104
-4.3252 6.8422 2.2485 169 148 101
-4.1708 -4.1848 2.3170 144 150 89
-5.0712 -5.8164 1.9995 182 137 112
7.3387 1.5046 1.1272 170 150 115
-4.4010 -5.3073 2.2037 146 139 86
-4.5929 -0.3672 2.1220 163 138 102
6.3309 4.6595 1.5714 168 137 104
-3.7610 -3.3631 2.4375 152 138 96
-6.8895 3.1607 1.2231 165 149 130
-0.3567 -1.6710 3.7912 140 129 55
5.8855 -6.1049 1.5859 171 147 111
2.2114 3.3225 3.1108 121 135 90
-0.7298 -1.5864 3.7566 150 131 75
-5.6005 2.8108 1.7539 156 127 113
-7.2287 4.1504 1.0487 170 139 132
2.5651 7.7089 2.9706 153 138 71
3.7627 6.7489 2.5541 166 126 66
4.6862 7.3835 2.1887 153 145 105
-3.9858 -2.2545 2.3952 162 131 100
3.0254 2.7206 2.7916 126 140 80
4.6417 -6.7671 2.1185 162 160 111
-5.8914 -0.9444 1.7714 157 164 99
-3.0335 0.5208 2.7811 160 144 90
5.4852 -2.2383 1.7224 164 157 108
-0.4490 2.3602 3.7703 137 121 68
5.1964 1.1358 1.7952 167 142 79
0.3557 -1.1983 3.9049 148 160 61
5.1602 -5.2623 1.9668 158 132 104
-5.5784 -7.5584 1.7194 165 144 118
-0.7517 -2.9550 3.6282 143 128 67
-0.4579 0.5870 3.8439 152 126 61
-4.2038 -5.5227 2.2865 149 150 95
-3.9961 6.4824 2.4495 156 138 85
-3.6535 -4.3851 2.4412 144 126 78
-7.0983 -4.5515 1.2070 163 163 107
-2.1765 5.3926 3.1784 147 118 102
7.4226 7.5509 1.0133 151 154 93
-7.0685 7.5852 1.2526 176 154 102
-3.9122 -7.4309 2.3945 157 145 87
3.0929 -3.5863 2.7823 165 145 76
1.5744 1.2392 3.2790 153 125 76
-6.6283 -4.2619 1.2825 165 130 111
5.0492 -5.0620 2.0018 154 146 116
4.2269 -2.2108 2.2892 172 128 107
-5.0300 -1.5551 1.8969 158 130 112
0.6032 -7.1848 3.8730 144 109 85
3.5078 -2.0233 2.6452 147 143 105
1.0825 -3.3026 3.6123 114 116 65
3.0831 4.0379 2.7871 146 134 96
3.8231 -1.2083 2.4593 130 156 98
0.9460 0.0769 3.6470 152 118 73
1.3662 4.8013 3.3917 157 126 89
-2.9257 -4.7045 2.7545 157 133 94
-6.0002 5.5547 1.6478 158 156 88
-0.0014 -5.1192 4.0061 140 137 70
7.6520 5.2890 0.9267 185 138 115
-3.7085 -7.7646 2.4361 146 133 91
-6.5101 -0.7402 1.4107 167 160 104
-6.9036 0.4410 1.2851 165 141 107
4.1045 6.7391 2.3152 166 136 88
-2.6341 -7.6822 3.0066 144 139 104
-7.3803 -0.1705 1.0972 173 153 109
-3.5208 0.9822 2.6480 136 138 57
2.3286 -6.9109 3.0359 143 137 74
-0.3494 7.1952 3.9231 142 116 57
-2.0818 1.3442 3.1682 163 145 85
-1.5648 0.9245 3.3631 162 130 73
7.8243 -5.5072 0.9332 173 150 108
4.8373 5.6067 2.0660 152 137 105
-2.7177 3.9295 2.9322 123 137 84
-3.3525 1.8461 2.6791 148 120 66
1.9876 7.4088 3.1708 162 138 87
-4.2929 5.1891 2.3074 176 141 89
-7.5386 7.7403 0.9635 171 154 110
1.4478 1.2370 3.4368 162 139 81
0.1524 5.2293 3.9667 136 115 85
-3.3292 1.8127 2.6672 141 152 88
-5.5671 7.4539 1.7801 168 147 93
-4.2550 -7.2923 2.3035 153 119 91
-7.9882 7.0153 0.7893 162 150 136
-0.5064 1.9043 3.7695 143 126 67
6.0444 4.4587 1.5335 172 147 111
7.5817 -5.7641 0.8990 160 137 112
-6.7911 -0.6632 1.3933 152 141 109
3.8490 4.5005 2.4502 142 147 89
-2.1876 -1.9053 3.0414 151 133 90
-3.3285 1.9487 2.6708 144 132 100
-0.8216 -1.1280 3.6838 148 133 88
-2.3680 -6.8105 2.9820 162 127 92
-2.3747 7.2459 3.0882 158 140 65
7.8994 -3.3203 0.8446 170 161 119
-2.7634 2.2781 2.8154 146 128 83
-6.5021 2.1751 1.3723 155 150 125
-3.9698 -2.0049 2.4516 157 145 103
-6.4528 3.4641 1.4253 167 160 99
-2.7005 -3.9035 2.9192 155 114 96
1.1116 7.7456 3.5268 135 130 88
3.8826 -6.6474 2.4353 161 141 96
3.8957 0.5712 2.4853 158 168 84
-0.9482 1.8247 3.6963 152 132 69
-3.7994 3.9461 2.4448 165 143 84
4.4551 -3.7981 2.1728 164 139 118
7.1567 -0.1409 1.1057 154 142 92
5.4495 0.6514 1.7664 180 147 102
-3.0373 -3.1011 2.7738 160 132 78
-6.7200 -6.8403 1.3325 172 158 101
-7.4190 -0.4801 0.9698 155 150 116
6.9478 -7.9498 1.2215 169 143 117
3.0486 3.0911 2.7766 168 138 78
5.3194 -5.7565 1.8688 158 138 98
-4.6556 4.3800 2.1999 183 155 80
2.0643 7.1023 3.2241 166 128 69
-6.3980 -3.0275 1.5101 157 146 126
6.2294 0.9642 1.4723 145 145 88
-5.0720 6.2572 2.0127 162 152 93
3.5300 7.5839 2.6140 175 136 106
-2.6257 -5.6284 2.9511 152 137 82
-0.6454 3.7895 3.7915 154 139 87
-2.6779 -6.1127 2.9773 145 137 86
-6.0507 0.0067 1.5817 155 149 120
6.2637 1.4256 1.4236 155 137 116
-6.5356 3.2536 1.3846 170 144 117
3.0176 -4.3687 2.7928 134 131 60
1.7462 2.6150 3.3536 156 156 88
-2.6147 2.1794 2.9784 133 135 88
-2.2354 3.8161 3.0872 160 158 91
-3.2367 3.5908 2.6824 135 150 75
3.1531 -4.3279 2.7177 120 124 104
-4.5715 -3.7469 2.1818 143 148 97
-7.4800 -1.0051 0.9547 150 157 121
7.9073 -1.4713 0.8481 170 166 100
4.1696 1.9559 2.3882 159 139 102
-2.3883 6.1554 3.0601 135 126 90
-3.0120 6.1194 2.8110 156 118 94
4.2410 4.1893 2.3274 143 155 96
-6.2185 7.8334 1.5230 153 147 107
-7.1633 -4.8589 1.1737 187 137 112
-4.5380 -2.8300 2.2408 159 152 87
-5.6852 -5.2312 1.7268 163 139 104
-6.0306 -0.9771 1.6680 173 172 97
-6.8936 -6.2682 1.2825 148 149 125
4.2477 -3.4148 2.2749 148 133 92
3.1705 4.5686 2.6709 160 143 91
-3.5757 -6.1511 2.5520 155 144 91
0.2024 3.2085 3.9046 136 119 68
-5.7371 -5.3278 1.7183 167 153 99
-2.8459 -2.1492 2.8914 145 127 88
-4.4102 2.5423 2.2842 151 145 86
-6.0497 -6.6920 1.6430 155 158 119
7.2158 4.1856 1.0924 161 157 111
1.5934 6.7980 3.3730 123 142 87
-3.2664 -2.1619 2.6217 139 153 103
1.3039 0.4062 3.5626 133 127 81
-7.4452 -6.9839 1.0751 167 147 116
6.1420 3.5367 1.5451 171 154 103
-4.3550 -5.7053 2.2389 177 141 88
7.4861 2.6790 0.9678 161 130 106
-4.2368 4.8590 2.2551 164 120 101
-7.4566 6.4736 1.0279 174 144 115
-7.3359 3.0392 1.0192 170 182 120
-0.6179 3.3472 3.8164 125 134 67
1.5633 6.1778 3.3922 134 129 81
-4.7435 3.0562 2.1935 163 133 72
-5.2837 7.2782 1.9423 158 145 104
-7.8110 5.2944 0.9208 161 140 140
5.9237 -5.5599 1.6571 186 149 115
3.3078 6.4485 2.6889 168 156 80
1.6232 5.1676 3.3108 158 143 83
5.9156 0.7588 1.6400 143 141 97
-7.3792 5.0401 1.1512 153 148 109
3.0396 3.5464 2.7028 150 141 74
5.4859 7.9345 1.7877 158 162 109
6.6339 3.8105 1.4322 154 150 97
-1.2461 7.8355 3.5425 131 139 69
2.2484 -5.9462 3.1783 142 131 104
-3.6633 -3.2264 2.5035 155 134 95
5.2833 7.8963 1.9169 181 149 113
5.9770 -2.8149 1.5970 161 147 110
6.8304 -0.3863 1.2821 163 157 110
3.3502 2.7064 2.7021 153 135 86
5.2637 -5.6930 1.8750 160 138 97
-4.4773 4.3945 2.1690 153 150 98
5.7851 5.0885 1.6118 157 125 106
5.1406 -0.4991 1.9171 162 156 94
6.5932 2.2138 1.4129 171 155 100
1.8227 3.4857 3.3092 143 136 71
-1.7441 6.3236 3.2334 154 122 71
4.1280 -2.8694 2.3746 151 151 105
-4.8108 1.0869 1.9669 169 147 86
-5.9396 4.4238 1.5331 156 137 105
-7.1866 -1.2556 1.0426 165 146 124
4.0083 -5.7133 2.4205 143 142 92
3.9281 -4.1027 2.4366 157 132 99
7.8039 4.1354 0.9095 176 148 140
6.2093 7.1227 1.4898 173 152 99
2.1390 -3.0458 3.1851 139 112 87
-4.8898 -0.2315 2.0693 159 131 106
-4.2797 -6.1882 2.2442 161 132 95
6.9641 -0.4460 1.2458 158 141 109
4.1751 7.2270 2.3537 152 128 96
-0.0343 -5.1683 3.9572 139 136 81
-5.6312 2.6530 1.7581 156 146 116
-6.4491 -2.4018 1.2522 191 147 113
4.7740 2.8318 2.0472 143 148 106
6.4580 5.2057 1.4247 170 148 114
3.4969 5.9498 2.6096 156 126 112
3.1735 -1.2737 2.6841 163 143 90
2.8460 3.0629 2.8235 167 127 87
3.8449 0.4992 2.4617 144 149 97
0.2742 2.7874 3.8268 153 112 53
4.5382 7.3978 2.1651 175 127 91
7.3508 -4.8520 1.0181 177 164 115
5.2217 0.8618 1.9244 157 144 115
-6.4853 5.7275 1.4281 164 153 100
6.4592 4.8862 1.4946 159 146 97
1.2303 5.2643 3.5010 151 107 78
6.9556 0.5324 1.2250 156 152 126
-3.4932 -5.6491 2.6392 158 131 97
7.6596 -2.5176 0.8320 170 157 116
-7.2167 3.9295 1.1300 173 135 96
1.2601 -7.8980 3.4779 152 140 70
2.5039 -2.3110 2.9666 149 127 78
4.9836 1.9469 1.9764 141 147 105
6.3464 -6.8280 1.4730 170 138 104
-2.3832 -3.2157 3.1011 144 123 76
6.1734 -7.5977 1.5525 150 154 91
-3.9445 2.9003 2.4337 148 149 110
-3.4483 3.4830 2.6821 162 138 94
-4.3044 -6.0725 2.1962 163 152 112
-4.7783 4.7132 2.1749 155 140 107
-2.1653 -7.7242 3.0733 139 151 85
-4.8259 -5.2068 2.0523 164 142 111
7.7262 -5.4362 0.9064 152 164 113
-1.0751 5.4636 3.5091 151 138 80
0.5216 -4.4291 3.8063 135 126 82
3.5137 -1.8848 2.4880 151 149 94
-4.8345 -1.1635 2.1143 150 141 114
-4.3466 -6.1789 2.2044 140 136 95
-5.7043 5.9934 1.7591 155 134 98
5.6026 -7.4697 1.7906 155 145 115
2.8885 2.4526 2.8272 165 135 102
-7.0198 7.2481 1.0439 162 141 113
0.4786 -0.2018 3.7836 146 128 64
6.3334 -5.9404 1.4594 163 138 113
6.4470 2.8395 1.3722 169 158 108
-2.3838 -2.9403 3.0872 141 133 82
2.1865 -1.3644 3.1280 157 124 76
-3.9665 3.4111 2.3856 157 147 97
-4.1341 -1.7548 2.3852 177 129 106
1.8008 -7.2131 3.2180 150 145 92
2.6923 7.8561 2.8436 153 127 83
5.7385 2.6136 1.6387 167 154 101
-7.3153 -4.1067 1.0828 190 155 118
-3.6456 4.4125 2.4859 151 146 81
-4.3391 -4.1407 2.2038 164 137 86
-1.4599 6.5589 3.4697 124 122 83
-5.1684 -5.8349 1.9671 179 145 115
4.3880 -6.5137 2.2357 152 139 91
4.1764 4.7191 2.2894 155 142 101
0.6310 5.4304 3.7292 132 136 78
5.1099 6.9532 2.0842 151 129 97
-1.1090 2.6781 3.5004 139 132 70
2.8971 7.7455 2.8580 150 139 83
-7.1996 5.9820 1.1384 177 145 105
2.0868 -7.5649 3.1453 143 131 98
-6.0211 5.9401 1.5903 176 141 96
4.8691 6.7849 2.0463 166 150 101
5.3329 0.8606 1.8650 150 143 109
3.3655 -6.2631 2.6602 133 141 75
2.8844 -6.8616 2.8540 165 145 102
-4.7652 -2.4203 2.0705 164 155 99
-1.2940 3.0188 3.5132 165 121 78
-2.6504 3.4676 3.0076 135 137 82
4.7228 0.5000 2.0716 162 147 95
-3.3686 -7.8196 2.7670 147 140 85
-1.8677 -1.4188 3.2751 154 136 87
-2.6065 -4.8673 2.9416 154 127 75
6.1310 1.7047 1.5887 165 152 98
6.6097 0.3259 1.4045 186 146 130
-4.0244 -4.3246 2.3911 149 142 93
3.4080 -4.1717 2.6560 159 147 81
3.3351 -0.8105 2.6849 142 136 78
6.0527 -2.1443 1.5888 158 162 127
0.7954 0.0478 3.6890 136 135 60
1.8749 0.5205 3.2645 147 142 72
-7.4132 0.4937 0.9997 153 164 118
-5.3469 -4.8551 1.8336 159 124 100
-4.4508 -5.1103 2.2673 167 143 81
6.2613 -6.4025 1.5149 175 138 96
0.8605 -2.3084 3.5911 145 132 59
-3.0524 5.8858 2.8276 157 133 94
-3.5197 1.8438 2.4365 149 153 101
0.8354 7.6738 3.7182 146 128 87
1.9284 -2.2744 3.2106 161 136 84
3.3881 -0.7258 2.6557 153 135 85
-2.5880 -3.7487 2.9235 149 134 98
7.8836 -2.0784 0.8130 173 155 123
-5.7004 2.4262 1.6838 152 152 100
-1.1349 -7.7280 3.5227 148 129 67
3.6005 7.3399 2.5587 161 112 83
6.1048 5.9581 1.5112 175 151 114
4.6260 0.1075 2.1164 145 161 106
-1.1393 1.0174 3.6391 141 132 68
3.6952 5.3872 2.4821 152 144 88
-1.6266 -0.4523 3.3780 156 128 96
-0.2754 5.0613 3.8599 153 121 58
4.5946 -2.8388 2.1921 143 137 108
-0.7095 3.7063 3.7374 126 119 62
-7.6724 -5.3967 0.9714 167 171 117
6.8763 6.3242 1.2806 167 154 126
-5.5800 0.0190 1.7712 163 162 112
5.4796 -7.3939 1.8657 155 139 93
3.7249 6.6381 2.5501 160 125 83
2.4977 -6.6794 2.9936 133 135 93
1.5823 4.4696 3.3541 126 130 69
-0.5461 3.1979 3.8410 151 137 88
-2.1302 -4.1294 3.0427 141 124 78
-2.3885 -5.0955 3.0101 148 129 87
-6.5957 3.0408 1.4068 175 146 108
3.4197 1.8574 2.6287 162 146 91
6.5149 2.0040 1.3651 184 159 113
-3.4942 7.3105 2.5942 140 120 85
2.1912 1.3101 3.1060 145 144 90
5.1795 7.4769 1.9122 160 138 91
4.8796 -4.3175 2.0007 171 137 96
2.5135 4.9678 2.9998 163 137 90
-0.4471 -4.5997 3.7333 138 131 64
5.2646 -6.2340 1.8984 137 138 91
1.1425 1.4406 3.5427 155 142 78
-2.1558 -4.9986 3.0988 138 140 83
-1.8809 6.6419 3.2795 141 139 65
-6.8917 -3.8948 1.2785 159 169 115
-7.0193 -5.3127 1.2860 162 142 106
-7.4755 -0.0690 1.0268 165 152 112
5.4301 -2.9527 1.7958 183 149 91
2.2285 2.0207 3.0915 153 132 90
-3.6005 1.5842 2.5492 147 145 103
-7.8644 0.2086 0.9293 173 169 128
4.6175 -1.2520 2.1732 167 142 83
4.2877 -4.8469 2.2395 149 135 98
3.6323 -7.1120 2.4520 158 133 102
5.0498 5.4203 1.9246 160 144 98
4.8764 -7.9796 2.0991 161 145 96
-4.6826 6.3406 2.1885 150 146 90
-4.0097 -5.3743 2.3830 169 130 96
-4.7470 0.4335 2.0450 163 152 93
0.9964 -0.4891 3.6095 139 143 68
1.1145 -1.1667 3.5919 135 128 74
-0.0848 7.6625 4.0428 116 133 73
-3.4113 -0.7980 2.5405 170 136 93
-4.1078 -3.7024 2.3283 176 159 97
5.6518 -5.3739 1.7016 163 160 113
-6.4893 -6.2433 1.3368 168 138 112
-7.5895 -7.5520 0.9779 159 155 125
6.4187 7.4154 1.4297 175 141 102
2.9708 -7.9696 2.7993 153 143 76
2.7932 -1.3175 2.8238 164 159 103
-5.6458 5.6609 1.7762 167 144 105
-3.6490 0.4680 2.6222 156 133 103
-7.6923 -2.7701 0.9605 175 177 118
6.0766 -7.6661 1.6465 152 141 96
-7.9008 7.4888 0.8239 180 149 123
-7.9070 -1.9020 0.8377 178 155 114
2.3576 -6.7732 3.0905 145 141 81
0.0777 -1.8268 3.9665 115 133 74
-6.9242 1.5502 1.3013 173 159 90
-0.4914 2.9091 3.7815 124 135 81
-0.8427 -2.9455 3.6963 144 124 83
-2.8247 -7.3248 2.8557 157 130 89
3.4310 2.8746 2.6882 138 142 103
2.9743 0.5619 2.7979 156 140 81
-5.8436 -6.5643 1.7494 165 138 117
3.7062 -6.3006 2.4773 156 155 72
-2.8690 1.5980 2.8382 150 119 86
6.9272 -3.7960 1.2204 176 151 119
6.3568 0.4313 1.5272 170 147 99
5.6332 2.9464 1.6959 149 141 113
-6.0653 3.2119 1.6177 161 151 113
3.1545 7.8003 2.6865 127 120 87
-6.4182 0.8453 1.4728 158 147 114
7.0162 6.9489 1.2964 163 147 119
-0.9170 -5.5118 3.6262 152 120 75
-1.7407 -1.7527 3.3112 133 128 65
7.2198 -0.9587 1.0683 180 143 122
-6.1189 6.2948 1.6096 156 117 109
3.3004 -5.8674 2.6738 164 139 84
-7.0541 -4.3682 1.2397 158 153 116
-7.5391 2.7446 0.9687 177 158 114
-5.6912 -7.6679 1.7512 155 143 117
0.2231 -6.5044 3.9422 144 127 54
-3.5869 -5.8408 2.4820 154 135 92
1.2141 6.4208 3.5119 152 136 71
-5.5235 4.0764 1.7898 166 143 109
0.0507 -6.5560 4.0233 133 142 81
-6.1998 7.8077 1.4998 158 127 100
-6.5608 -1.1469 1.3174 178 140 125
5.3952 -6.3453 1.7965 164 168 103
-3.7446 -3.6313 2.4316 171 147 97
-5.2667 -7.5975 1.8730 173 155 114
5.4491 -5.6313 1.7724 169 145 134
0.6204 2.3004 3.7388 152 126 70
-1.0717 -4.4319 3.6073 154 149 73
3.8090 -1.5448 2.4396 160 139 103
3.3169 7.7932 2.6936 134 151 86
-2.1654 -1.5556 3.1324 135 129 83
-3.8907 1.7018 2.4188 147 126 106
-4.3432 0.8724 2.2666 159 132 87
7.7248 -3.6444 0.9290 165 136 114
-2.7727 1.6255 2.9268 160 135 73
1.6314 -2.9016 3.2885 167 139 85
0.3290 -6.6989 3.8771 138 135 65
1.3545 -0.8528 3.5915 141 116 76
7.7717 -0.4908 0.8451 156 143 129
1.3653 -1.5728 3.4096 150 125 62
4.1814 -3.8226 2.3701 143 147 81
-0.7393 -6.3457 3.7123 138 130 61
-7.8597 5.3336 0.8583 159 155 124
-2.7438 3.0301 2.8947 151 145 85
6.7750 1.9228 1.3339 191 143 121
-5.0107 -4.1734 2.0519 149 142 89
5.5516 3.1268 1.8340 181 150 100
-6.5464 4.4108 1.4579 143 146 102
2.7692 -6.3294 2.9405 157 131 61
4.5019 6.4037 2.2363 152 144 89
-4.4655 -7.7054 2.1886 160 138 109
0.8509 -5.8947 3.7103 134 142 65
-7.9690 3.4412 0.7262 177 152 117
5.1613 1.1595 1.9922 163 156 118
-3.1763 0.5230 2.6768 160 155 84
1.9212 -2.7077 3.2708 161 140 69
6.7548 4.9832 1.2918 172 131 113
-6.0045 -1.3983 1.5729 170 132 90
-7.2316 -3.4121 1.1176 155 155 112
5.5709 -6.4644 1.8467 147 143 104
6.8182 3.7668 1.2509 177 138 113
-7.9476 -4.0928 0.8132 164 149 124
6.0650 3.9558 1.5726 152 148 106
5.8519 -0.7524 1.6548 182 140 102
3.0092 -4.8570 2.7323 154 146 95
-2.0959 0.6706 3.1050 149 138 56
7.4154 -2.1045 1.0459 176 163 121
5.6241 5.1275 1.7963 165 143 83
-1.6161 -2.1422 3.4089 143 127 83
5.6489 -0.6403 1.8289 163 141 100
-0.4714 -4.2762 3.8132 154 141 80
-2.2836 -5.0273 3.1259 163 130 81
-5.6985 6.6822 1.7759 170 148 106
4.1818 3.6761 2.3119 155 145 87
6.5183 -7.4177 1.4170 170 149 128
-7.6126 -4.9454 1.0280 169 160 114
3.7589 -3.1312 2.5442 149 162 83
5.3946 6.3293 1.8238 157 148 89
5.5348 -1.9109 1.8160 160 145 99
5.6916 2.5995 1.7637 168 143 109
-3.4700 6.7451 2.5704 153 136 83
5.6958 3.2805 1.7046 166 146 105
-0.4364 3.6265 3.8419 139 133 73
2.4492 6.3574 3.0590 139 154 92
2.0618 0.2480 3.1967 143 143 96
-4.2519 -0.4521 2.2208 151 134 91
5.7321 0.4516 1.7594 155 147 108
-4.8725 -3.1036 2.0223 166 137 114
2.0933 -4.8083 3.1537 148 119 83
-2.3388 1.3270 3.0786 147 112 72
-2.5395 6.8029 3.0439 148 143 83
4.7287 7.1736 2.1688 147 146 100
1.3728 -6.0539 3.4181 158 139 88
-7.5737 4.5627 0.9830 179 149 105
-3.9546 4.4001 2.3917 164 134 89
-6.1834 -1.9309 1.5807 164 141 119
4.9095 7.6688 1.9775 158 149 84
1.8882 2.2003 3.3344 147 123 76
3.6838 -1.8530 2.5597 143 142 103
1.3882 4.6120 3.5029 142 149 82
2.9341 -0.5346 2.8284 167 133 91
-2.7477 6.8935 2.9287 135 137 74
-3.6599 6.4968 2.5332 160 146 95
6.0035 -3.1412 1.5454 167 133 123
4.2987 -7.1237 2.2542 145 137 100
-4.5934 6.7977 2.1470 184 147 94
7.4660 -0.4115 0.9694 144 146 137
2.8522 -0.9856 2.8216 158 155 94
-6.5190 7.3690 1.3868 163 158 106
-2.6795 -1.4668 2.8513 160 125 76
2.7138 1.0523 2.9826 155 132 88
4.5096 3.6743 2.2170 157 150 85
-4.5370 0.6385 2.2108 175 155 92
7.4694 7.6572 1.0217 153 158 105
-0.6016 6.5984 3.7504 148 124 78
-1.1431 6.4201 3.5179 144 137 59
-2.2252 -5.9128 3.0787 138 137 81
-0.9961 4.3403 3.5790 152 119 53
0.4362 -5.4192 3.7811 144 118 81
1.9887 -5.7742 3.1862 158 118 88
-5.4458 0.0195 1.8208 171 143 97
5.9056 6.0950 1.6514 158 147 115
-3.5409 -3.9163 2.5839 146 113 87
-6.8831 3.5211 1.2817 170 166 97
-0.9769 -6.3385 3.6496 154 128 61
-3.5158 6.7765 2.6507 162 142 83
1.2714 7.3207 3.5292 143 130 76
-5.0537 5.0954 1.9413 175 146 94
-2.2352 1.6116 3.0645 150 143 95
-4.4685 -5.3578 2.2654 143 141 86
2.8800 3.3772 2.8448 152 139 83
1.4376 -3.1470 3.3583 165 152 79
1.2003 2.8996 3.5431 153 146 78
5.4403 3.9079 1.8377 160 149 81
-4.8502 -4.0466 2.1090 157 143 87
3.8484 6.8940 2.4790 173 127 93
-7.7309 6.7348 1.0085 187 163 108
-7.0556 -2.8294 1.2085 181 142 113
-3.2679 4.1272 2.6734 138 143 95
1.8247 -5.4513 3.3179 142 137 82
4.6160 -6.4456 2.1736 158 121 104
3.2608 7.8540 2.7455 147 137 85
1.4283 -6.3952 3.4484 158 119 92
0.4519 5.0810 3.7529 130 130 62
-7.5624 7.3786 0.8820 157 146 112
7.6591 2.0153 0.9948 160 159 120
-3.5689 -0.8964 2.5566 153 151 88
-7.3547 1.8555 1.1113 165 169 116
2.6041 7.9184 3.0095 160 131 72
-0.4669 1.9895 3.8156 144 137 75
4.9011 -0.6583 2.0653 150 151 99
-7.5911 7.5022 0.8943 171 152 129
1.4313 6.3010 3.4839 137 131 78
6.4792 4.9919 1.3722 165 151 107
-3.4053 -2.8062 2.6795 155 127 106
3.0485 -1.5357 2.8069 151 146 82
-6.2776 4.1974 1.5318 148 157 94
-6.1413 -5.6910 1.4516 152 147 124
6.9900 -5.3730 1.1933 161 150 110
-6.4668 -4.9823 1.3823 157 138 111
-6.0128 -7.9492 1.5850 174 150 106
-0.8715 0.0209 3.7074 148 145 85
-0.8373 4.8060 3.6331 155 124 87
7.9463 4.9208 0.8462 162 147 112
0.1602 3.7340 4.0404 133 134 78
-0.2085 2.0810 3.7996 144 139 69
-6.5445 -4.1508 1.3573 161 124 110
-0.3364 2.6139 3.8642 135 133 62
-3.9198 4.0903 2.4676 142 141 96
5.3257 0.7821 1.8100 182 137 99
-6.7270 1.7286 1.3606 168 151 109
5.3001 -6.3382 1.7776 150 150 109
4.9418 5.4881 1.9176 167 155 87
-3.8856 4.3887 2.5051 159 146 94
3.1124 -5.6773 2.7094 163 157 90
0.2500 2.5146 3.7371 134 137 64
-2.9302 -4.4368 2.8968 143 127 99
3.8755 -6.8815 2.4571 149 137 78
-7.3615 4.8466 1.0554 165 137 109
-1.3719 7.8289 3.5053 155 136 86
-1.2335 1.4896 3.4559 133 134 89
0.4461 -2.6312 3.7753 139 116 88
7.2216 0.1636 1.1553 166 161 117
-2.8686 -7.1411 2.8424 151 139 111
-7.0770 2.5033 1.2026 162 161 124
-4.0190 -7.9125 2.3611 157 151 86
3.3138 -0.7785 2.7145 160 143 81
3.1761 0.9019 2.8481 163 118 95
-7.0618 -1.7345 1.1426 173 141 113
1.1134 2.5937 3.5338 151 144 60
3.3104 3.4880 2.7165 169 129 84
-3.9689 -0.9419 2.3567 154 139 100
2.9065 -7.3502 2.8893 148 128 76
-3.3274 -5.5218 2.6029 143 131 89
-3.9044 -1.3231 2.4955 159 123 96
-7.3282 -6.2731 1.1171 164 137 109
3.7176 -0.8215 2.4797 152 138 113
-3.3169 -6.8445 2.6047 155 142 101
-4.7497 0.3380 2.1236 150 153 101
4.1110 -6.9578 2.3865 167 151 68
1.5938 4.5753 3.3339 162 115 86
-6.4644 7.5818 1.3690 179 150 110
-7.1769 7.7162 1.1030 178 159 114
-5.6137 1.9903 1.8023 172 123 103
2.1408 -2.6368 3.0909 172 130 79
-5.5509 -5.8404 1.7332 172 134 109
-0.2505 -4.6053 3.9127 137 146 64
2.5967 1.6660 3.0052 149 152 77
-2.5215 1.2583 3.0121 138 147 82
-6.1641 -0.9847 1.5116 180 133 106
2.7543 -5.5527 2.9152 145 151 90
-4.3941 -7.8512 2.2213 146 162 85
0.3312 -6.2447 3.8867 147 120 53
4.0720 -0.5216 2.3187 151 143 95
-0.1255 -4.9098 3.8790 136 135 84
7.3193 4.5311 0.9726 158 142 118
4.9367 4.2523 2.0479 142 159 105
7.9900 6.9930 0.7683 178 157 103
-7.7195 6.3032 0.9320 175 139 132
1.1434 -2.5517 3.4641 129 144 64
5.8763 1.5316 1.6233 156 149 106
7.1886 6.1864 1.1849 169 138 112
-1.0292 6.5267 3.6021 157 137 80
5.9949 -6.5536 1.6164 165 148 99
4.6732 -1.0722 2.0510 170 131 116
7.8130 -6.8061 0.9018 191 149 113
6.7725 -5.9183 1.2495 158 160 115
-5.3514 4.7666 1.8159 145 149 93
7.7837 -0.5083 0.7470 162 148 115
-6.1538 -3.1289 1.5220 154 128 115
-3.9862 4.8862 2.3502 152 172 96
3.1345 -1.9450 2.8445 164 129 84
-7.0655 7.2340 1.2335 167 160 105
0.9157 4.5529 3.5861 138 141 65
2.7298 -2.8948 2.8865 157 147 68
-2.7273 -3.2797 2.9924 144 138 77
-4.2967 -7.1745 2.2229 152 137 85
-6.8435 -2.4921 1.3128 153 150 121
-0.7808 7.0099 3.6080 148 139 44
0.4940 2.9231 3.7395 144 119 66
4.0589 -5.8238 2.3786 170 135 117
0.4357 -3.4333 3.7991 147 132 86
4.9559 5.6725 1.9983 162 158 96
4.0581 -6.9121 2.4353 166 150 97
-3.8717 0.1449 2.4446 157 135 104
2.9108 -3.8038 2.8142 147 130 90
-1.8878 2.2710 3.3163 127 130 92
4.6596 -4.7508 2.1230 171 140 82
-2.1246 2.9732 3.2006 145 132 68
4.6475 -0.7979 2.0491 153 164 102
-1.3050 5.1083 3.5443 145 141 60
-0.2082 0.0719 3.9374 147 116 77
-2.7850 7.1983 2.8853 154 124 79
7.3619 6.8518 1.0772 167 153 97
0.6727 3.8771 3.6887 159 120 85
-1.3734 6.1583 3.5416 154 143 82
-4.8475 6.6296 2.1446 151 158 90
-5.2066 4.3293 1.8985 178 140 101
-3.1506 3.8839 2.7972 146 127 87
-1.4284 -6.6847 3.4311 139 127 85
-0.1217 -4.4620 3.9460 130 127 75
-2.9946 -7.0113 2.7275 139 141 98
1.4495 6.7640 3.4348 166 132 89
-7.3990 -3.9938 0.9331 169 141 110
5.1388 -7.5672 1.9999 151 131 98
2.6281 -5.0405 2.9227 163 119 106
1.1217 3.4309 3.5798 150 125 61
-5.5541 -1.2388 1.7722 182 148 108
-3.8540 -7.2553 2.4831 164 160 103
3.7052 -3.1554 2.6004 160 143 94
-2.0031 4.2815 3.2305 163 137 99
-2.7996 -4.0205 2.8774 152 136 79
-4.2997 -2.5841 2.2591 151 139 86
-1.1716 -4.2174 3.5309 139 122 84
3.8889 4.2028 2.3383 146 136 95
-5.3247 -7.8464 1.8902 172 134 100
6.6756 -7.2286 1.3728 174 155 106
6.6246 -2.9297 1.3787 173 128 96
-0.6912 -3.4067 3.7239 159 116 90
-2.8494 7.1361 2.8653 150 148 73
-2.6559 0.2623 2.9932 144 126 86
6.8050 -6.4886 1.3010 167 152 123
-1.0656 -7.4446 3.5885 146 124 95
-4.5853 -5.0223 2.1809 157 135 91
2.8134 -6.2329 2.8767 141 136 97
-3.4407 -6.7561 2.6385 154 135 108
-2.8460 -7.7429 2.8508 168 132 75
2.3841 -7.4189 3.0733 128 132 57
-5.2608 -4.6956 1.7650 177 146 94
3.6241 2.0203 2.4892 146 151 90
-0.2252 4.9658 3.9690 144 130 55
3.0582 3.0998 2.7115 150 140 76
-1.9045 -4.7239 3.2989 154 133 89
0.9709 5.0440 3.6342 145 128 64
5.2533 -6.8349 1.9206 146 133 110
-6.6739 -4.0573 1.3779 157 148 85
0.7193 -1.8191 3.6754 141 131 60
-1.3036 4.2453 3.5675 140 126 74
6.1304 -6.3827 1.4698 153 136 101
-5.4103 0.2706 1.8285 164 134 114
-0.5926 4.6869 3.8045 159 127 73
-2.4274 -6.5002 3.0870 137 142 76
6.6600 -0.8521 1.3885 168 161 112
7.0550 2.5988 1.1894 172 146 110
7.3451 4.0019 1.0262 169 157 117
-7.3811 2.0712 1.0745 177 127 120
-4.9591 2.2885 2.0600 169 147 123
-5.4332 6.9300 1.8181 165 138 117
-3.4202 -6.4230 2.6135 144 139 94
-4.0361 -2.5427 2.4515 164 148 107
1.7417 4.2999 3.3996 148 117 92
3.7818 -7.0145 2.4075 156 153 98
4.5969 0.5392 2.2109 176 131 90
5.4497 7.7001 1.8082 161 133 100
7.8043 -0.5358 0.8971 169 168 106
5.2444 2.2019 1.8804 168 158 106
-2.4762 -2.5829 2.9977 168 123 96
6.5331 3.2133 1.4202 164 152 111
-5.1854 -7.0118 1.8412 164 152 87
-1.6094 5.8077 3.3752 141 121 79
-5.0703 0.7412 2.0955 147 147 75
5.9440 3.5220 1.5535 161 150 90
-1.4621 -2.4559 3.4595 151 125 75
5.7297 -3.4697 1.7451 154 136 111
0.1180 -1.3013 3.9639 130 151 60
0.6477 3.1531 3.6963 146 118 66
3.0806 -1.0394 2.8263 158 148 90
-5.5942 2.1845 1.7550 168 132 99
2.3922 3.4096 3.0503 137 127 87
3.8964 2.4272 2.4358 143 131 94
5.7188 5.2738 1.7729 178 146 112
4.8150 -4.3677 1.9876 154 138 115
4.1594 6.2735 2.3117 160 130 95
0.1132 -7.1997 3.9518 128 136 79
3.9456 1.5685 2.4163 164 153 80
0.6816 -0.7315 3.7061 146 133 71
-5.7443 -0.0651 1.7524 170 144 100
0.4362 6.9007 3.8385 134 129 83
3.6900 -3.5774 2.4939 153 135 90
-3.1786 1.7650 2.8450 155 136 88
-6.5040 -4.1427 1.3037 167 152 108
-2.1080 -4.3036 3.1950 160 130 65
7.0255 -0.4274 1.2109 180 155 113
4.8695 0.6887 2.0078 150 144 97
5.0982 -6.9087 1.9706 171 156 124
-7.4369 2.9814 1.0914 162 155 117
6.9868 -4.6038 1.2595 159 146 136
1.6676 6.3992 3.4153 128 136 74
-5.0672 -1.9673 1.8919 155 158 91
4.4892 7.3136 2.2314 155 147 94
-5.4586 6.0658 1.8621 145 137 112
2.4956 4.2261 3.0636 136 144 100
-4.1471 -1.6444 2.2744 160 130 85
-2.1387 -3.5770 3.1603 146 125 93
2.3408 -0.0663 3.1034 151 139 74
-0.5125 2.0573 3.7678 137 138 68
5.5368 5.3014 1.7188 161 154 91
7.5709 1.9558 0.9217 186 136 100
6.5624 -1.7560 1.3870 181 143 98
0.3855 4.4029 3.8416 138 128 73
-4.9690 -0.8575 2.0511 149 153 86
7.1274 -0.0442 1.1519 169 140 109
4.9067 7.2803 2.0653 160 140 96
-2.6424 1.6709 2.9280 160 132 74
0.5784 3.9837 3.8417 149 120 64
-3.6690 -3.4964 2.5864 133 151 98
-3.9725 5.4620 2.4667 156 151 96
3.6781 0.4074 2.5458 148 136 95
-6.1019 -2.3196 1.5936 164 148 120
-5.8120 -3.4060 1.5939 170 135 110
-0.7214 0.1477 3.6878 137 143 62
-2.3980 4.1171 3.0668 129 158 96
3.8755 -5.0333 2.4841 149 150 94
4.4564 5.3892 2.1715 170 150 97
5.2814 5.0210 1.9438 172 155 92
-5.6051 1.0978 1.8132 139 143 106
5.7028 3.1619 1.6810 159 159 98
1.3238 -3.3037 3.4426 168 136 86
5.1967 1.6472 1.9876 149 159 96
5.0533 0.9050 1.9321 154 163 95
6.9217 -2.3128 1.2651 173 139 105
-1.1868 0.1582 3.5377 134 124 68
-0.2272 -4.2648 3.8472 152 116 86
5.4053 -7.8651 1.8508 168 141 106
-1.2771 -7.2369 3.5511 137 130 78
-4.6483 -5.3150 2.0978 170 154 100
6.6227 1.0272 1.4169 159 145 109
-5.5206 -3.8343 1.7573 140 131 100
-6.5367 3.6769 1.4227 173 159 104
-7.9706 2.3560 0.8258 160 161 105
-3.2781 7.8413 2.7111 159 145 77
5.6768 2.6076 1.6564 151 142 96
-5.9943 -7.9513 1.6570 159 133 114
-6.4334 0.0983 1.3205 183 163 117
-1.1467 5.7070 3.5345 141 141 66
5.9961 -3.4607 1.6250 174 148 93
-0.8953 0.8654 3.6526 153 138 59
-7.3790 -3.1466 1.1103 173 157 108
0.7286 3.6221 3.6624 143 144 66
-3.8896 6.1059 2.4435 150 158 80
6.4432 1.8915 1.4589 160 134 124
5.3615 -3.6553 1.8896 162 135 97
-0.1287 -4.9125 3.9762 153 122 69
7.5775 -6.1743 0.9822 163 159 93
6.4534 1.2881 1.4828 178 154 111
2.9482 -3.0188 2.8371 162 136 86
5.6543 0.2930 1.7287 182 157 116
-0.4510 -1.5855 3.8220 154 133 58
-1.4329 2.5349 3.4080 129 141 73
4.9333 -4.9897 2.0736 173 139 108
-4.7826 6.6184 2.0962 167 139 93
7.8261 0.0628 0.9164 175 166 103
0.3727 2.6177 3.8502 147 145 60
2.4956 -5.6851 3.0171 154 133 83
0.0213 0.9749 3.9928 144 143 73
-2.8964 -2.6389 2.8316 142 150 81
7.6733 6.2588 0.8430 165 163 115
2.5345 -3.2380 3.0001 142 127 99
0.5406 -2.1595 3.8213 157 124 71
-5.9983 -7.2677 1.5289 157 154 113
0.5816 -5.5250 3.7419 147 138 79
-5.2015 7.3498 1.9680 162 158 96
3.2244 6.2268 2.6742 161 132 85
2.2556 -1.1330 3.1116 152 127 92
0.1631 2.6181 3.9810 142 138 58
7.1962 4.1139 1.1835 186 145 108
6.7157 1.9043 1.3321 166 145 106
-6.1818 6.6580 1.5633 170 133 120
5.0375 4.2210 2.0324 185 140 97
6.0369 -4.0454 1.7192 153 137 103
4.2965 -7.1277 2.2282 134 139 85
-3.4331 -5.1979 2.6650 151 128 93
5.8022 -2.3514 1.6768 155 153 79
-5.2955 1.5125 1.8865 176 141 111
1.1069 3.2587 3.5383 147 129 68
-4.2326 5.6892 2.3057 156 131 95
6.5067 -5.3249 1.4446 150 154 104
-4.6129 6.4153 2.1051 165 135 85
1.6670 -2.9211 3.2871 150 137 71
-7.7493 -0.3715 0.9233 171 139 120
-2.2354 -0.5170 3.0975 144 105 91
6.9726 5.3770 1.2729 171 163 120
-2.0947 4.4703 3.2165 141 145 84
0.2728 5.0357 3.9131 139 118 82
-0.8464 -3.4820 3.6613 147 120 76
4.8819 -1.1992 2.0504 172 133 97
6.7772 6.3758 1.2867 165 154 117
-6.0813 -2.8739 1.4818 162 138 105
2.5670 4.4781 2.9151 152 129 110
-5.5935 -5.8255 1.7308 159 147 117
-7.7639 -1.3572 0.9204 172 173 120
-3.9953 7.7801 2.4131 159 153 93
-2.5740 4.8724 2.9606 157 118 78
4.7221 -1.1892 2.0731 151 141 105
4.0186 6.8612 2.4348 161 143 91
-0.6627 -0.7485 3.7039 146 118 77
-2.5209 -0.9758 2.9589 145 146 78
0.3001 5.7913 3.8878 153 141 70
7.7313 5.6172 0.9265 170 151 131
0.4786 -7.4707 3.8234 145 135 61
-0.8404 0.3480 3.6101 149 117 87
-4.3479 6.1190 2.2883 169 142 95
3.8915 -0.9019 2.4807 154 142 89
3.1349 -3.9123 2.7020 160 136 72
-0.6612 -7.0745 3.7612 148 133 90
5.4607 -4.6851 1.8744 162 166 97
-6.9278 -7.7241 1.2793 168 160 118
-1.9374 -6.2247 3.1959 160 130 88
-5.1993 -6.9087 1.9524 160 148 112
-4.3346 7.6494 2.2672 157 140 97
-1.5191 -5.8017 3.4312 147 97 78
-6.7335 0.5338 1.3645 166 139 123
4.5737 5.3048 2.1489 145 162 116
-1.4534 -4.3981 3.4716 146 134 77
6.2898 -5.0913 1.4202 171 147 104
6.8132 1.1468 1.2164 184 158 121
6.2666 0.7727 1.4689 165 146 101
-7.8609 -2.4516 0.9902 179 165 105
2.6609 -7.7246 2.8947 154 142 91
-2.7124 1.9663 2.9496 140 121 88
1.9066 -4.2057 3.2604 161 143 85
4.9342 7.1823 2.0047 154 153 96
7.9448 -6.9659 0.8555 178 156 111
2.4840 -7.3902 3.0473 134 128 93
-5.9789 -3.1946 1.6645 155 144 101
7.0197 -2.0016 1.1706 166 162 109
3.0631 0.0494 2.7588 156 119 90
4.5440 1.8479 2.1651 163 154 89
5.6186 1.9734 1.6476 163 141 103
-4.6556 0.9462 2.0943 160 150 89
-1.6168 3.8651 3.3688 146 139 81
-2.8048 7.5735 2.9101 139 154 56
-7.0099 -0.3194 1.1977 178 143 126
-2.3682 0.6258 3.0282 138 127 73
-3.2427 -7.9464 2.6091 165 139 81
6.2349 -7.7867 1.5421 166 146 98
-3.8613 6.3458 2.5091 157 139 83
-0.2549 -6.6018 3.8837 144 113 74
0.5421 0.3421 3.8099 142 123 78
5.1473 -2.8770 1.9436 142 143 93
7.1851 -7.6952 1.1262 143 162 112
-3.2975 -3.5757 2.5618 161 131 92
7.7512 6.8309 0.8383 149 168 118
0.2302 1.9558 3.7996 150 131 80
-2.2560 4.3770 3.1301 160 145 58
-1.2129 5.8829 3.4686 148 128 87
7.4556 4.4942 1.0566 162 162 125
-2.0178 7.9767 3.1990 136 121 70
2.9486 -2.0544 2.9355 161 137 90
5.6870 -5.5750 1.7607 167 138 108
-5.8927 -5.5673 1.6595 163 147 99
7.2925 -7.1337 1.1159 157 151 94
-0.6133 6.5511 3.6940 135 141 61
3.1191 -6.1534 2.7378 152 131 89
-6.6213 3.3663 1.3586 166 136 96
1.7227 1.5462 3.2734 151 129 87
-5.0159 7.5569 1.9562 159 138 92
5.0556 -7.0393 1.9598 166 158 87
-2.9405 2.6659 2.8413 152 144 73
-7.2102 -6.5694 1.0709 169 171 121
7.1043 -4.3214 1.1481 159 141 107
4.2841 7.3502 2.3468 143 145 100
2.0595 -0.7548 3.2062 143 123 92
6.9088 -5.3611 1.2533 159 149 95
2.8091 4.0288 2.8566 163 137 83
6.9869 3.8905 1.1713 167 139 131
-0.8711 -7.7111 3.6384 133 142 64
1.7041 -2.0550 3.3493 137 125 81
-4.0396 -5.8262 2.3945 160 133 83
7.6537 1.8670 0.8553 170 149 109
-4.7600 -4.5090 2.1149 172 141 99
-2.2556 7.9587 3.2173 131 123 62
-1.5815 -0.5921 3.4133 143 133 75
1.3530 5.6895 3.4744 151 128 87
3.2198 -3.7973 2.7407 161 154 82
2.5515 -5.0072 3.0152 141 149 84
6.2380 -2.0506 1.4741 169 148 112
3.6417 2.4767 2.5990 128 139 93
-4.0685 -2.0769 2.3348 153 147 87
-7.6494 -7.5561 1.0105 147 149 123
2.6423 -3.4490 2.9247 153 128 94
4.8511 7.8694 2.0361 160 159 87
-1.3780 5.7222 3.4165 142 144 59
-1.4227 -1.4833 3.4615 152 118 64
4.9865 -0.8876 1.9855 164 136 95
-6.7075 -7.0206 1.2982 178 161 112
-3.7497 -4.7560 2.4838 171 125 103
0.3377 6.2615 3.9097 148 130 77
7.8927 1.9334 0.8438 187 160 110
3.4272 -4.9984 2.6076 133 139 86
-2.8698 -6.8981 2.8013 155 132 85
-6.3667 5.1531 1.5573 163 156 97
-4.7612 -7.9392 2.1023 160 137 121
-7.7297 -1.2003 0.8660 197 152 123
5.8263 -7.9325 1.6489 168 159 83
6.3294 4.0009 1.3785 165 144 105
4.3948 0.2516 2.2281 176 155 97
0.6961 1.4988 3.7097 134 127 82
-7.7159 -5.8626 0.9221 177 154 104
1.5237 -7.4868 3.3745 154 134 81
-1.1026 1.4660 3.5793 151 101 82
5.3235 -4.6563 1.9367 144 130 98
-5.3128 -7.0891 1.8717 174 168 115
-6.6419 2.1029 1.2958 158 142 115
4.1035 4.6297 2.3386 153 132 81
-0.6507 6.6045 3.7174 142 124 75
-1.3796 5.9471 3.5132 143 132 87
-3.7648 4.6411 2.5784 152 147 86
-1.8416 -5.2386 3.1701 161 111 91
4.8464 5.5443 2.0886 166 130 95
4.7041 2.4143 2.1553 145 148 96
-5.1879 -3.1612 1.9646 147 135 96
3.4604 0.0688 2.6535 154 139 74
1.7043 3.3453 3.2829 140 137 81
1.4631 5.1408 3.4094 148 134 80
2.5763 3.1944 2.9602 142 123 90
5.7423 1.0002 1.7867 142 151 87
7.7124 -7.8815 0.9794 178 152 103
-7.0271 4.1990 1.1308 163 136 108
-6.5466 1.3695 1.3525 146 140 111
-6.6019 1.1957 1.3687 181 168 119
0.9326 -5.2321 3.6397 153 128 62
6.2530 4.2406 1.5515 178 133 100
7.9609 4.2418 0.8711 154 160 101
-1.8329 5.4470 3.2043 145 136 79
-3.0880 -5.6859 2.7375 148 135 87
0.8878 -7.3568 3.6647 152 135 93
0.1686 -6.1759 3.9798 141 134 71
4.7784 3.9901 2.1379 159 133 97
-7.2057 -3.3813 1.0340 164 137 119
6.6262 4.9608 1.3971 179 150 109
-7.8831 2.6308 0.8177 161 143 120
5.8388 -6.7807 1.6749 161 152 109
-1.1518 -7.5480 3.5913 133 151 70
-5.7514 4.1830 1.7670 149 141 110
-2.4569 -3.3224 3.0655 147 138 75
4.5623 -2.0802 2.0649 167 133 109
1.9968 -1.8402 3.2108 150 138 71
3.8132 1.0273 2.5521 152 141 91
-1.3074 7.6296 3.5075 126 131 58
1.0394 7.9431 3.5853 153 118 62
-3.5154 -0.7903 2.6248 159 136 70
5.7909 -2.3566 1.6313 166 154 96
-5.3565 1.8812 1.9216 163 152 112
4.9541 2.5080 1.9940 156 139 105
-4.4759 -1.5171 2.2869 162 140 93
2.1829 1.8584 3.1255 151 130 114
5.5354 -7.8123 1.7942 176 133 102
-6.7663 -2.1096 1.2804 174 144 113
-1.3166 2.6813 3.4974 150 129 83
-5.6741 -5.7833 1.7203 162 140 113
-7.9654 -7.0600 0.8535 181 156 121
-3.4120 -4.2843 2.5580 129 127 99
-7.7939 7.7662 0.9141 165 156 119
-1.5601 0.3152 3.3926 131 140 69
-2.5964 4.0297 2.9715 145 145 83
-6.2371 6.1167 1.5665 164 150 112
-7.9541 -7.1905 0.8762 153 152 106
-2.5394 7.9614 3.0285 127 127 98
-2.9189 -3.5982 2.8170 141 154 102
1.7681 -0.2263 3.2687 149 123 89
5.7078 -7.4817 1.6833 162 149 99
3.5431 3.4268 2.5958 158 134 105
0.5890 5.5931 3.7803 143 136 73
4.8657 5.5653 2.0683 159 147 108
1.5084 3.8129 3.2934 158 149 89
2.3235 -2.1266 3.1147 154 132 96
5.5772 -7.5676 1.7896 160 149 96
7.8114 5.6709 0.8654 169 165 122
-4.3105 5.7977 2.2789 146 148 103
3.6019 2.8767 2.5240 161 166 90
-4.4909 2.5128 2.1741 166 149 103
7.8428 4.3430 0.7472 181 144 119
-1.0095 4.3048 3.5544 145 129 64
3.6293 5.1155 2.5758 154 147 91
-4.9672 3.1648 2.0058 161 140 107
6.3336 1.4041 1.4987 156 151 113
1.6089 7.6189 3.3150 131 129 73
-5.9208 3.8960 1.6304 172 145 106
-3.6666 7.5544 2.5105 158 142 87
-3.9060 0.3503 2.4044 159 149 97
-4.5607 -6.4092 2.2032 139 138 78
0.0586 0.2294 3.9380 152 134 76
-6.3198 -5.4530 1.5131 163 142 83
-5.3982 4.1139 1.8965 167 146 114
0.4050 -2.2444 3.8896 134 130 89
-6.7249 -3.5454 1.3290 161 151 100
-4.2917 -7.7675 2.2912 163 147 123
2.4185 -7.8714 3.0584 147 130 89
4.1693 1.9859 2.3832 164 134 116
1.6396 -0.4841 3.3860 158 133 94
0.5997 -1.2760 3.9105 143 120 75
3.7122 7.2041 2.4057 158 147 94
-2.5546 -4.0619 3.0439 157 132 93
-3.8586 -6.8294 2.5342 163 117 99
2.2134 -1.1747 3.1575 162 137 101
-5.9496 3.8061 1.6463 159 166 96
5.4994 -6.6222 1.8251 175 148 106
4.3005 -2.7649 2.3037 141 140 96
1.1646 5.5104 3.6032 146 129 76
-2.7127 1.0518 2.8169 136 132 78
0.6850 5.2108 3.6095 134 118 80
6.4657 -5.7933 1.4545 169 142 100
-6.7392 3.1530 1.3360 160 137 110
-1.5928 3.0474 3.2446 149 131 75
-3.2800 -0.3696 2.6470 156 135 88
-1.1335 -2.8096 3.5392 144 127 85
0.2716 3.8623 3.8851 146 142 76
-0.5047 6.0441 3.7752 142 107 51
6.7483 -0.6407 1.3136 167 150 114
5.0851 -4.4905 1.9769 157 132 99
4.5455 0.4271 2.2496 154 138 106
7.2842 -5.4504 1.1344 165 152 112
0.8117 -6.0976 3.6604 147 112 68
-6.8712 -3.2160 1.2771 167 142 121
4.7168 -7.7048 2.1003 163 127 105
-2.4315 -5.5309 2.9635 152 144 96
6.5441 -0.5711 1.2975 171 165 115
2.7830 -7.8502 2.9575 167 125 73
0.5068 1.8750 3.8019 146 130 58
4.5478 -6.6817 2.2743 148 154 76
-2.4545 -7.2859 2.9949 142 133 90
4.1349 2.9359 2.4053 156 140 88
5.3714 -1.9635 1.9424 166 130 95
-4.0267 1.7176 2.3743 148 136 96
6.0625 -0.8029 1.6432 165 130 117
-5.3784 -6.9550 1.8472 169 143 111
5.8608 -1.9448 1.6221 149 163 101
-7.0208 7.5296 1.2105 164 148 117
-6.1123 7.6129 1.5447 147 158 117
-7.6083 4.0868 0.9028 162 156 114
-4.5739 5.8005 2.1640 162 141 84
-6.7849 -6.9081 1.2823 184 151 123
-5.8994 -2.5104 1.6222 179 153 99
-4.6950 -5.9594 2.1131 150 137 97
-1.6475 -3.4394 3.3116 138 128 83
2.9861 5.0088 2.8820 143 147 83
1.8729 7.7862 3.2142 144 130 90
-0.0240 1.5621 3.9249 127 148 72
-0.3518 5.4537 3.8901 131 120 62
-2.0796 5.0013 3.1453 134 128 68
6.4873 -2.1503 1.4277 175 143 101
-2.1623 -6.5452 3.0989 156 108 88
-6.8814 -6.6725 1.3199 158 131 109
6.3478 6.3939 1.4393 177 143 100
-2.1780 -1.8389 3.1010 147 112 84
5.9047 4.9231 1.6360 164 144 112
6.3528 -1.5138 1.4293 174 155 130
-0.6518 -7.3955 3.7507 149 116 78
-3.5832 0.0085 2.6159 154 132 80
1.1132 -6.4650 3.5149 141 141 77
-7.2065 -5.4773 1.1396 166 142 107
6.2888 5.9577 1.4953 147 133 89
-3.9653 -3.6198 2.3845 152 144 105
4.4566 4.1779 2.1762 140 143 103
5.6721 -4.6873 1.6992 150 126 105
2.7568 -7.1064 2.8710 152 126 83
2.5364 -4.8417 3.0297 158 127 57
0.7440 2.3140 3.6391 147 117 69
3.8635 -3.3007 2.4871 157 135 95
-6.0102 1.9747 1.6546 159 146 101
4.0438 -2.8981 2.3358 166 126 104
-2.8096 5.4173 2.8872 146 148 79
0.6387 -0.8285 3.7608 147 139 77
3.5802 -4.4239 2.5027 157 116 93
-6.7844 0.2069 1.2613 159 147 100
-4.4872 4.8474 2.1639 154 163 97
-4.6209 2.2124 2.0535 166 145 111
-5.8312 1.6267 1.7123 158 127 99
-1.3221 6.7010 3.4673 121 120 85
3.5105 6.5052 2.5238 163 134 102
-3.6503 4.3963 2.5272 143 130 109
-3.0192 7.2815 2.8019 154 134 90
1.0066 1.8879 3.4821 131 129 87
-7.2284 1.0162 1.2199 168 162 120
7.3938 2.3717 1.0435 163 153 124
5.1398 4.3800 1.9216 149 150 90
-1.8091 -7.3886 3.3054 134 143 76
-4.7616 4.4683 2.1282 162 147 79
1.4325 -3.3343 3.4527 126 146 87
-7.5796 -1.1532 0.9926 181 152 112
5.6220 1.2218 1.6803 176 141 108
1.8555 0.6174 3.1620 140 122 95
0.2471 6.0849 3.8868 132 109 79
-7.1197 -6.8300 1.1087 167 140 108
7.2228 1.0510 1.1595 156 174 111
4.6960 -7.5730 2.1054 151 144 86
5.9933 0.4639 1.6148 159 146 113
3.7951 -5.4151 2.4180 151 135 72
-5.3978 2.6977 1.8734 167 130 95
7.0102 -4.9840 1.1621 152 152 96
-7.2661 -6.9005 1.0572 174 163 123
-2.4872 -2.9318 2.9159 154 152 77
5.0844 0.4775 1.8820 159 142 111
1.2781 2.7469 3.5632 143 113 86
-5.4391 -0.1631 1.8718 171 138 110
5.6136 -1.8760 1.7461 183 146 111
-1.0728 -2.8024 3.5601 137 119 88
1.9059 1.0934 3.2417 128 135 69
7.8224 -7.3264 0.9315 173 160 124
4.2681 -7.7694 2.3197 147 167 99
2.3226 -1.6522 2.9879 138 142 80
-1.8196 -5.3075 3.2940 138 138 62
-4.8118 -5.0107 2.1027 172 159 112
6.3398 -2.2383 1.5702 151 158 108
4.8695 -3.4581 2.0205 166 142 104
-2.0745 -7.3168 3.1766 153 153 68
5.1237 -7.9570 1.9572 161 137 99
-5.0120 -6.9966 2.0139 165 142 116
0.3847 2.4950 3.8585 137 120 59
2.7733 -0.8530 2.7632 154 142 93
5.1027 -2.5500 1.9392 159 146 84
2.2620 1.7056 3.0935 157 136 77
5.4225 -6.3259 1.8628 158 124 108
-6.3133 5.1699 1.3750 173 145 90
-5.9544 -2.6323 1.5593 161 143 112
-2.1907 7.4085 3.1037 148 145 89
5.1872 -5.4249 1.9439 162 137 82
-7.3002 -4.7810 1.1000 159 166 97
7.2498 0.2086 1.0578 169 144 119
1.7970 -2.7481 3.1987 139 152 67
7.6271 -2.3371 0.9207 172 157 133
-7.4722 6.6348 1.0295 178 141 123
1.7740 3.8886 3.3543 136 145 72
-6.6623 -2.8077 1.2913 183 148 99
7.4598 6.0048 0.9854 160 150 120
-2.6714 -5.0881 2.8902 141 132 89
-7.6156 -4.6865 0.9598 156 144 129
7.4049 6.0957 0.9953 173 157 108
3.2049 5.8370 2.7708 175 130 84
7.8424 7.7437 0.8256 176 153 134
-7.4711 5.5434 0.9603 172 155 107
-7.3322 4.0843 1.1058 164 160 108
-4.0151 2.4365 2.4226 147 142 95
7.7262 -3.8548 0.9783 166 154 135
-5.5834 4.0767 1.7999 176 160 103
-6.8607 2.7491 1.2615 150 145 104
2.2766 -2.5337 3.0036 148 124 80
-7.1512 -4.6693 1.1946 170 159 120
7.6425 5.8032 0.9568 166 138 111
-7.9267 -6.3148 0.8564 173 163 114
5.1650 -5.9884 1.9374 167 135 97
6.1916 -3.2758 1.5972 158 138 99
6.9493 -0.1502 1.1754 164 151 102
2.7538 -4.0403 2.8290 155 140 81
-5.9241 -6.6219 1.6422 162 146 95
-1.0101 -3.9261 3.5118 135 139 62
3.7831 -6.3099 2.5282 162 124 100
-1.6299 -5.1081 3.3757 126 127 76
-4.4763 -0.0794 2.2351 160 150 91
6.8207 -6.5869 1.2837 171 152 109
-0.8584 -1.8386 3.6697 154 129 54
1.7623 -5.8545 3.3618 160 139 85
-1.3025 5.8086 3.5536 145 115 89
-6.6362 -5.9805 1.3952 155 139 101
6.8007 -4.7091 1.2759 152 165 97
0.6926 0.4542 3.7912 153 143 69
-3.7188 -3.8396 2.5612 157 138 93
-2.4117 -2.1025 3.1325 161 145 91
5.8739 6.5343 1.5485 154 147 116
-2.3153 0.5185 2.9837 156 134 71
-2.0109 6.2203 3.2223 124 124 73
6.8966 -5.2977 1.2831 155 157 98
-0.1046 6.7576 3.9631 141 121 62
-2.6458 0.5247 2.9211 155 136 98
-1.3199 1.8205 3.5343 144 130 75
2.7663 -2.8278 2.7793 154 133 75
-7.7456 -3.0975 0.9438 169 164 113
1.7739 -4.7109 3.2496 157 138 96
-2.3554 7.6388 3.1309 148 129 83
-0.8504 -6.2069 3.6477 140 149 61
3.5652 -0.9568 2.5208 154 154 109
1.8077 1.7777 3.3341 126 140 88
-0.7743 7.4831 3.7485 136 134 79
0.5963 3.5449 3.7706 132 125 71
0.1786 -5.1805 3.8930 138 116 73
4.4197 0.8115 2.1994 155 147 100
7.8190 7.2050 0.8629 180 137 100
7.4527 -5.2618 1.0105 169 150 111
-2.8315 -7.2843 2.8808 140 154 67
3.5489 -6.2430 2.5456 146 129 103
4.5744 7.3400 2.0699 167 124 98
-3.6573 -0.0371 2.5310 151 137 106
-5.4849 -3.9798 1.7598 151 148 101
-1.8342 -5.8912 3.3534 151 147 67
-5.8099 -7.9271 1.7010 157 149 103
6.8094 -6.3541 1.3749 163 137 125
7.1625 3.3518 1.1734 160 159 114
1.1470 -3.6666 3.5084 147 138 69
4.4107 -1.0475 2.2553 159 132 86
4.7228 6.2913 2.1546 170 141 102
-6.5418 0.6158 1.3443 174 160 114
0.6675 -2.9639 3.7466 128 124 73
-1.4645 0.5468 3.4506 160 153 70
1.7911 2.9477 3.2934 129 125 79
-1.4860 4.0514 3.3750 141 136 81
1.3960 -6.9635 3.4243 137 130 79
-6.9132 -3.5866 1.2938 156 153 96
2.4432 -1.0504 2.9811 138 142 96
2.9257 -1.4597 2.7925 159 142 71
0.1734 1.9347 3.9574 136 140 89
-1.0610 -2.2290 3.4501 165 124 70
-7.7322 -1.7115 0.9554 174 155 104
4.6581 -1.7095 2.2943 142 116 111
-1.0968 -3.1304 3.5979 147 135 87
2.7777 -4.5216 2.9189 152 126 97
-2.0839 -0.7712 3.2179 175 135 78
1.5202 -4.1474 3.3609 150 118 66
4.1629 -5.1723 2.3263 154 130 101
2.2958 4.6800 3.1405 131 141 81
-6.2717 -5.0969 1.5092 163 134 109
-2.4062 7.8426 3.1347 142 126 80
-4.7515 1.7351 2.2384 159 138 92
-3.0355 6.7318 2.8200 156 117 82
5.2311 -1.4763 1.8997 158 133 124
0.4975 6.1862 3.7757 134 156 72
3.5770 5.2048 2.5980 153 141 94
3.1876 4.7808 2.7036 158 138 91
-2.8991 1.7989 2.8596 157 136 78
-3.9654 3.8287 2.4298 145 138 84
-7.9096 -1.2945 0.8625 166 163 115
-1.5057 4.6929 3.3815 158 136 71
2.5403 -2.5617 2.9147 154 149 95
5.7758 5.4539 1.6815 152 151 132
-5.6026 -1.2615 1.6763 172 134 120
4.4775 -3.6118 2.1850 152 130 95
6.1038 7.5712 1.4793 174 160 102
-3.8707 7.2578 2.5528 157 127 85
-4.4444 -4.5125 2.2068 166 141 102
-6.9393 0.7353 1.2993 156 152 105
-3.4511 4.0239 2.6007 166 158 93
-1.3152 -4.9823 3.4929 147 126 72
6.1175 6.0562 1.5797 149 140 117
2.5276 7.9898 2.9826 156 137 89
-7.5582 -7.8812 0.9557 191 145 101
3.5498 -0.4892 2.4930 145 130 86
-6.8474 -4.0327 1.2546 169 159 110
6.7417 -4.3034 1.2957 158 152 114
-1.5112 3.4658 3.3764 136 129 76
-1.4121 -2.6488 3.4567 143 128 82
5.3497 -4.3466 1.7858 160 138 129
3.4202 -4.9767 2.6676 153 122 102
-4.8357 3.2689 2.0976 154 153 104
-7.2770 -1.6552 1.0941 170 156 123
4.6277 2.1950 2.0998 146 162 99
-6.6634 -2.5358 1.3554 148 132 116
-6.1369 6.4888 1.5649 164 156 111
-3.8173 -5.6491 2.5121 156 156 73
-6.2363 -6.3744 1.5280 171 160 119
-4.7724 2.3004 2.1830 139 127 107
4.6838 1.0464 2.1575 159 125 117
-7.1142 5.3801 1.1356 187 151 122
4.2691 6.2260 2.3060 149 143 104
-7.9936 -2.2417 0.7586 165 168 114
5.4797 -5.4282 1.7962 165 125 106
-7.8563 7.5031 0.8838 171 142 114
1.4563 4.0133 3.3578 145 138 81
1.4547 0.6917 3.3752 148 139 79
0.6969 3.1973 3.8102 137 135 82
1.7773 7.6058 3.2350 166 144 66
2.1498 7.8926 3.1449 138 126 66
7.0910 7.0497 1.1559 156 152 130
7.6096 4.3931 0.9940 157 149 108
-2.7465 1.4408 2.8263 147 122 108
1.3082 -2.2892 3.4695 155 119 70
-1.2627 1.6579 3.4174 141 124 64
-5.5585 6.2418 1.7856 170 136 102
0.8440 6.3532 3.6467 143 138 57
6.8653 -0.3349 1.2373 160 158 123
-0.6608 5.6800 3.7755 145 147 71
-1.7112 5.0090 3.2952 155 126 87
-1.5547 -3.4535 3.3499 151 126 72
7.5693 -0.4753 0.9598 160 139 110
-3.6008 -3.2103 2.4973 157 140 91
2.6122 7.2686 2.9308 155 132 92
4.0228 0.5111 2.3893 158 155 88
3.7477 0.5266 2.5054 161 132 91
-1.9616 -0.4145 3.2123 146 152 73
-7.4318 -0.2311 1.0950 169 154 124
6.4198 2.7466 1.4213 165 148 80
6.3661 -7.7320 1.3399 159 165 107
3.1167 6.4055 2.6878 148 133 81
2.5773 0.0012 3.0653 167 133 94
7.5951 -7.8065 0.8537 183 143 118
0.8636 7.5027 3.6978 132 135 70
-0.7931 2.6793 3.6687 125 125 70
4.4689 -5.6396 2.1680 167 143 77
-1.2677 -1.2173 3.4518 130 131 71
4.0611 3.3794 2.3541 158 156 97
2.4528 2.1154 3.0084 147 134 68
7.8944 -7.1418 0.8326 174 166 108
7.0116 1.4668 1.2214 160 139 116
0.3142 -2.4205 3.8823 145 133 68
-3.8731 7.6351 2.4628 179 142 100
3.8690 6.5655 2.5336 154 158 119
-3.3099 4.4077 2.7309 157 138 84
-4.2050 5.0325 2.3720 152 137 90
4.8403 -3.4857 2.0317 146 141 101
4.7533 -2.3840 2.0589 169 149 105
1.3191 -1.7353 3.4555 150 144 71
7.5094 -3.7131 1.0254 170 157 116
-4.0768 -6.2903 2.3841 141 153 98
3.5762 6.8756 2.5632 147 140 97
1.4684 -3.2813 3.4604 155 135 64
-1.3860 -3.9373 3.4043 145 128 98
5.2765 -0.8979 1.9042 187 142 100
5.7169 2.5096 1.7012 148 142 120
-1.8914 4.7128 3.3094 138 134 79
-2.6537 2.2550 2.9861 144 143 90
2.3250 -5.0425 3.0297 142 127 82
6.9874 0.1802 1.1501 167 149 123
-4.3817 -5.4079 2.2913 158 145 106
2.0225 -6.7413 3.1857 157 131 85
1.3616 -1.1568 3.5001 149 155 65
-0.8278 2.2973 3.6412 134 118 71
4.3411 -6.5501 2.3004 142 140 104
6.7534 5.0701 1.2623 168 165 104
4.7220 4.0828 2.0456 144 135 105
-5.1936 -1.6930 1.9005 174 142 99
7.6624 6.6268 0.9502 153 137 116
-1.3631 3.9365 3.5030 132 131 85
2.0806 7.4182 3.1729 147 130 85
7.8573 -2.9162 0.8545 161 144 103
-4.3582 2.7486 2.1958 149 143 99
-4.8302 -6.7767 2.0479 160 163 93
-2.9205 -6.2269 2.8192 170 141 90
-3.2097 3.9954 2.7349 152 126 71
-7.3212 6.3307 1.0207 170 145 106
4.2847 3.7773 2.2527 147 149 103
0.9430 -6.7858 3.5918 152 129 70
-2.9063 5.8715 2.8454 158 149 91
2.2529 -3.5016 3.0029 151 128 83
1.0391 3.5329 3.4893 130 139 76
-2.3986 2.0353 3.0794 134 132 95
-1.4137 -7.3512 3.4267 152 151 62
1.8746 7.2161 3.2261 151 129 75
6.2659 -7.2904 1.5020 166 143 107
-7.3845 0.9255 1.0725 161 149 116
7.6965 -2.3825 0.9445 181 163 110
0.3952 -5.4699 3.8548 153 145 56
5.1896 4.7201 1.8797 168 157 99
-5.0012 2.6578 1.9963 175 143 85
-5.4422 -4.8565 1.7366 159 138 92
5.8708 -3.5854 1.6138 171 141 100
-2.2115 4.1970 3.1598 146 139 79
-1.3725 -0.5343 3.4871 141 117 60
5.1302 -6.0675 1.8652 153 139 97
5.6225 -7.9908 1.7803 157 156 112
1.3829 4.0195 3.4722 155 145 57
-2.3640 -2.1321 3.1025 158 146 69
1.6558 0.9446 3.4224 150 134 77
3.6373 -6.0334 2.5682 149 132 87
4.9880 -1.1725 2.0156 147 145 102
-0.2124 2.6507 3.8609 130 142 73
3.1825 2.6124 2.6820 142 124 90
4.4093 -3.1972 2.1959 165 126 105
-7.8567 7.5168 0.8118 171 149 116
2.5710 3.1140 2.9293 131 129 86
5.4789 2.1820 1.8177 176 136 114
0.2432 2.0044 3.8012 144 121 65
5.7039 0.6358 1.7327 169 148 93
1.4484 4.9583 3.4510 150 117 67
-2.4011 -2.3597 3.0517 143 128 57
-0.7733 -2.2224 3.6837 133 116 78
3.4456 5.6111 2.6229 160 110 85
2.8128 -7.7136 2.8780 159 127 87
6.5047 -6.5761 1.4231 167 143 104
-6.5020 6.4164 1.4502 179 134 93
-7.0310 -0.1107 1.1919 163 151 124
-4.0296 -1.2998 2.4248 170 125 89
-6.4269 2.1549 1.4015 164 145 100
3.8736 -2.8917 2.3709 165 149 85
3.3566 -4.0608 2.6122 153 114 95
-0.4658 7.3900 3.7898 140 129 61
2.1592 -0.4608 3.1817 148 130 80
2.7947 -6.3134 2.9552 155 139 100
1.6230 -2.4024 3.4204 161 119 87
1.0679 -2.4197 3.5822 142 143 66
-5.7553 -6.7895 1.7016 158 134 112
3.7281 6.3381 2.4765 154 145 88
5.5833 5.3457 1.7365 177 148 105
1.1476 -7.7705 3.5419 133 126 88
-0.6007 -6.2372 3.7464 143 125 67
-1.4069 -4.1794 3.4892 146 126 72
-0.7812 2.3394 3.6990 148 130 82
-4.9584 6.1015 2.0619 155 130 89
-4.2774 1.9918 2.2704 157 148 109
-4.6932 2.8027 2.0746 147 146 110
0.0458 -4.4330 3.9927 132 134 78
6.5791 7.1412 1.3092 174 136 114
5.3767 -5.6592 1.8849 162 156 105
6.7461 -4.1613 1.2733 160 150 118
2.1352 -0.1352 3.1807 154 135 89
1.7148 2.4465 3.3578 160 156 94
0.8052 6.9307 3.6591 140 131 92
6.2021 -6.1342 1.5257 147 133 96
2.3335 -0.4613 3.0933 141 133 103
-1.9027 -5.9313 3.2835 141 148 74
-3.2118 -3.7975 2.7365 148 142 106
-1.4542 -0.2541 3.3702 147 131 74
-5.3774 -4.4567 1.7799 159 143 81
6.7433 5.7857 1.3016 168 133 103
-5.8317 -6.1474 1.6280 171 154 105
2.5550 3.0901 2.9351 153 133 92
4.2781 6.8826 2.3235 159 134 95
6.6445 0.2028 1.3206 174 152 107
4.2539 -0.4319 2.3508 159 144 98
-6.2740 1.3140 1.4638 162 167 112
-1.0171 -3.1504 3.4969 132 122 80
-5.9268 -6.0719 1.5133 160 143 102
0.8433 -0.9099 3.6840 146 142 64
-5.5491 -3.7130 1.7745 170 157 93
2.5628 -0.4809 2.9806 154 129 109
-2.9044 3.9321 2.7960 163 146 85
-0.1057 -0.6518 4.0532 133 122 69
-0.8701 -7.5110 3.6759 126 138 69
7.4190 -1.8395 0.9865 167 149 104
7.8339 -2.6285 0.8526 165 145 108
4.5828 5.9240 2.1997 162 154 98
1.6903 -4.0418 3.3198 126 155 88
-5.9653 -0.5378 1.6445 166 151 94
-4.3078 7.4131 2.2806 165 154 102
-2.5920 -7.1636 2.9140 135 118 99
-0.7157 -0.8527 3.6694 163 138 68
1.2005 3.4077 3.4298 134 125 64
-3.7871 6.0275 2.4500 165 142 99
-6.9809 -6.5408 1.1550 174 146 115
-6.9642 -1.0740 1.1744 178 161 122
-7.9249 -3.0282 0.8288 173 138 118
5.4563 -0.9081 1.7858 185 131 123
-4.1492 -5.5678 2.3513 142 152 97
6.1544 -7.3193 1.5079 170 147 112
0.4111 2.8540 3.8417 132 128 55
4.0107 5.5188 2.4044 163 135 106
2.4470 6.3249 3.1070 142 129 84
5.8156 -4.2984 1.7117 152 140 94
-0.1490 7.8186 3.9114 142 125 85
-0.8349 6.1455 3.7197 152 152 86
-4.5843 -3.4788 2.1356 147 158 106
0.0562 2.5955 3.9695 138 118 86
3.7504 6.9028 2.4791 140 138 87
-6.1269 7.3655 1.5733 164 159 105
2.0207 7.1686 3.0953 169 143 84
-1.6320 -3.2810 3.3334 147 122 73
5.1178 -7.7199 1.9183 148 142 83
-1.4457 7.7837 3.4410 158 141 68
6.1705 -1.3877 1.4142 166 159 99
3.5353 -5.7606 2.5048 150 149 78
4.5945 5.2195 2.1982 140 139 97
-3.3837 -2.8491 2.6572 153 127 84
-0.6413 0.7018 3.8110 142 122 77
-4.4359 6.3372 2.2551 160 130 87
2.7379 -7.0128 2.9463 149 136 76
-6.2341 4.0962 1.5331 166 153 98
3.0992 -2.4317 2.7648 147 128 77
-1.4337 0.8298 3.3595 127 117 96
5.1149 4.9611 2.0606 168 137 90
1.3099 -5.9041 3.4546 141 121 70
-3.3897 -3.4303 2.6635 144 133 84
-4.0472 -2.3584 2.4487 142 151 73
2.6976 -2.2438 2.9830 148 139 70
-5.6205 0.7338 1.7728 165 132 117
1.6511 -3.3013 3.3132 144 126 66
-4.0741 2.3450 2.3034 162 129 94
-5.0165 6.9476 1.9309 161 141 75
1.7384 -6.6920 3.3675 140 140 61
-5.6978 -0.1774 1.7215 166 133 100
-5.4765 -0.5926 1.8013 157 148 94
4.9059 7.8238 2.0368 172 139 97
-6.4186 2.3621 1.4459 156 142 100
2.7569 -5.1612 2.8550 152 147 64
-6.0341 -7.8614 1.5203 161 134 89
-7.6078 0.7518 0.9429 164 150 113
0.5196 2.5750 3.9058 143 134 78
2.1145 -1.5629 3.2053 141 142 69
-4.0380 -2.1644 2.3387 137 134 106
-4.1316 -3.3221 2.3854 162 148 97
-1.3679 -5.4490 3.5558 152 108 75
0.4509 -3.7069 3.8494 143 141 66
-4.3663 -2.8871 2.1998 141 149 83
3.1232 -6.4983 2.7811 172 121 77
-5.7383 -1.1898 1.6093 142 154 115
6.5667 -4.6206 1.4453 169 160 100
-5.7423 6.0643 1.6705 168 145 105
-6.8714 1.0282 1.1672 160 155 105
-2.2199 6.6444 3.0694 161 148 75
4.8809 -7.2170 2.0098 159 151 93
5.8779 -6.8456 1.6741 162 163 106
3.7021 4.8290 2.5179 151 149 84
5.7698 -4.7932 1.7934 164 130 112
5.3928 3.5151 1.8264 155 158 83
-1.9245 5.9868 3.2016 144 133 79
6.9885 -5.1871 1.1334 169 137 116
-7.5056 -7.7011 1.0087 179 156 111
-1.2309 6.3642 3.5342 145 126 68
5.1404 -0.0320 1.8756 161 143 111
6.7799 0.8686 1.2639 153 150 131
-5.8955 2.2218 1.6578 150 143 113
1.0418 -4.7579 3.6544 143 136 85
-0.5860 -5.5252 3.7054 149 138 82
4.2180 6.9038 2.3641 154 133 96
7.9590 3.0084 0.7880 165 175 103
-3.6185 3.4502 2.6017 162 129 95
-3.5169 -5.9646 2.5871 148 152 73
-3.3192 3.5807 2.7556 146 140 94
7.2237 -5.7040 1.0503 180 151 112
6.2985 -4.1621 1.4731 167 143 99
-7.7581 -2.6825 0.9261 167 156 106
-3.3328 6.2801 2.5836 153 146 77
5.4491 2.5897 1.8557 176 142 103
0.5345 -3.5910 3.7338 145 126 63
3.1066 -0.9488 2.7006 140 140 81
-0.7449 -5.8001 3.6918 156 112 72
-1.6922 -6.9132 3.3143 143 138 80
4.7413 -3.9646 2.0579 158 132 98
4.7402 -0.5345 2.0807 150 144 96
-5.0430 -1.3674 1.9800 160 152 103
2.1241 -6.4548 3.0835 156 139 90
3.1137 1.9710 2.8221 145 150 91
2.3545 -5.4812 3.0938 153 147 98
5.8570 -2.4337 1.7600 155 149 82
7.7505 -3.6461 0.8671 170 158 121
3.4284 3.3830 2.7069 150 137 92
7.3659 1.0318 1.0673 169 154 106
-2.4800 7.1165 3.0081 149 132 73
4.5128 5.7393 2.1742 147 135 96
3.6911 -5.0736 2.6196 148 148 88
0.2573 -7.3736 3.9494 132 132 61
6.3682 -6.2872 1.3694 176 151 102
6.9392 2.4362 1.1641 161 135 120
-5.5421 -6.4538 1.7986 176 142 107
7.2653 -5.5009 1.1142 161 152 118
-1.2738 1.5675 3.4330 137 143 89
-2.8958 -3.6293 2.8628 130 145 77
-4.9894 1.0533 2.0413 162 144 117
0.7047 2.6913 3.7824 149 123 78
6.6264 3.9956 1.3915 187 147 101
4.8833 2.4620 2.1029 157 129 94
7.6313 -7.6098 1.0055 176 141 131
-0.1008 -0.2117 4.0295 157 127 74
6.3561 -6.8182 1.3706 164 141 107
-0.1407 -0.2658 4.0096 130 142 64
0.1790 2.4909 4.0154 130 136 57
7.2635 7.9006 1.0265 166 178 113
-6.1543 -5.1493 1.5382 172 146 119
-0.4380 -7.5431 3.8362 150 126 59
2.1451 4.8466 3.1501 162 156 76
-3.7604 -5.1601 2.5344 151 125 93
3.9978 4.8491 2.4674 169 139 101
-5.6559 2.9469 1.6933 153 136 111
5.5338 2.5447 1.7869 163 156 122
4.0509 5.8650 2.3854 160 129 114
3.4780 -2.6302 2.6495 160 130 79
-4.6781 4.6187 2.1672 147 154 120
-6.6068 4.3435 1.3990 177 153 115
-7.1727 3.3578 1.1181 168 164 129
1.1845 0.5122 3.4802 156 106 87
6.6793 3.7954 1.3692 179 146 116
0.3440 5.2100 3.8889 160 137 73
-7.2435 4.0988 1.0969 185 144 119
-0.7253 -7.5149 3.6988 134 123 98
-3.5845 6.8531 2.6436 153 132 74
3.5029 -3.1345 2.5504 154 156 101
-2.7874 -6.7972 2.8873 149 125 81
4.4858 7.9439 2.2155 146 121 98
3.4351 -1.4417 2.5793 146 139 96
2.0101 7.4070 3.2746 141 124 77
-7.7861 -4.7413 0.9462 178 160 135
5.7046 2.8040 1.6825 175 171 87
4.0582 -3.1576 2.3838 154 145 90
6.4974 5.5665 1.4108 162 142 119
4.6319 4.8821 2.1673 150 138 100
2.6087 0.5292 2.8865 161 133 101
-5.3397 4.3762 1.9176 161 125 95
-6.9592 0.9451 1.2079 166 133 124
7.8014 6.4253 0.8854 169 151 120
-4.0213 -2.7966 2.4199 164 150 106
-0.2630 -2.0037 3.9122 130 128 73
7.6312 -4.4775 0.8844 169 166 120
4.0233 -3.4265 2.4245 153 149 75
-7.4947 6.1230 1.0874 173 132 114
-4.2989 -4.3919 2.3029 153 156 106
-2.6541 0.4003 2.9938 153 140 68
1.6529 -3.8815 3.3816 152 135 88
-0.5024 7.6258 3.8545 150 138 61
-2.3436 4.8370 3.0811 147 143 74
4.2825 -7.0519 2.2889 158 145 93
-0.2476 5.0524 3.9293 149 110 65
5.5597 4.2865 1.8174 158 143 97
-6.9617 -5.2113 1.1777 183 147 120
-5.9678 0.7774 1.5255 177 159 104
2.6202 0.8843 2.9219 153 136 104
3.0568 -1.0195 2.7983 141 111 85
-2.9628 -1.7594 2.8597 143 149 78
4.5283 3.4838 2.1818 148 134 106
4.2347 -2.7618 2.3591 146 143 108
-7.6371 -3.7701 0.9622 158 150 119
5.6164 7.8139 1.6206 164 130 96
7.3885 1.6081 1.0514 159 150 115
4.6869 5.6128 2.1573 143 142 107
0.6584 7.6469 3.7811 128 135 91
-0.7666 -7.1271 3.6130 136 122 84
6.2658 -1.4422 1.5544 164 156 108
-0.2427 6.8466 3.9781 152 126 70
-5.6772 -7.3434 1.8101 178 149 90
-5.5902 -6.9623 1.7472 140 139 88
1.1376 3.9483 3.5505 139 114 76
5.5329 7.5858 1.8002 156 142 112
6.9224 -6.7639 1.1528 174 158 126
0.2766 6.3985 3.8862 114 115 64
-0.3493 1.8845 3.8417 142 131 82
1.9927 -5.2842 3.1931 159 123 70
-5.8492 6.0693 1.6803 158 137 84
-6.9550 5.2654 1.2145 164 151 103
0.1879 -3.6132 3.9096 148 128 73
-7.6859 -3.8463 0.9845 154 156 118
-7.9457 5.9613 0.7993 169 145 98
-6.8974 -4.8631 1.2329 174 166 113
-6.9627 -5.1109 1.1792 172 145 93
6.6344 -4.6338 1.3739 166 143 116
-1.6495 2.3465 3.2241 157 152 68
-7.0040 6.2709 1.2036 181 158 107
-4.8927 2.7940 2.0513 144 145 104
7.4810 -3.4023 1.0209 168 158 106
1.9112 -2.1612 3.2859 148 133 86
6.9476 -5.2373 1.1962 173 153 103
0.1343 1.2217 4.0339 155 127 59
-2.4290 -0.1064 2.9796 141 123 80
-4.2625 -4.8381 2.4150 149 126 91
-2.7471 -2.4421 2.8962 156 133 85
-0.7682 2.2372 3.7379 149 135 65
5.0344 -3.6430 2.0330 174 150 80
-4.2659 -4.9349 2.3000 166 162 95
6.6490 -0.0286 1.2393 159 158 122
1.8499 -7.9268 3.3207 139 141 66
-0.4361 6.3436 3.8440 137 136 77
-1.0638 -4.5903 3.5723 146 134 93
-7.8091 5.7208 0.8759 178 146 107
4.8522 7.5398 2.0183 163 149 85
-7.5898 5.1262 0.9305 164 148 109
-0.1944 -3.5613 3.8062 144 126 78
4.7326 -0.5892 2.0940 154 147 107
2.0296 0.3356 3.0847 165 139 78
3.8061 1.7584 2.3937 162 139 92
2.0101 1.0837 3.2662 157 138 77
6.9838 4.0009 1.2057 179 155 107
-2.6112 -4.5572 2.9385 155 120 95
-1.3420 6.9131 3.4645 131 138 60
3.1549 -6.4792 2.7416 164 143 93
7.7284 1.1216 0.8766 168 160 122
5.8280 -0.8506 1.6819 160 138 117
1.2939 -3.0126 3.4793 147 123 59
5.9450 -2.2519 1.5730 158 139 107
-3.2682 -0.4672 2.7176 159 133 94
3.5374 5.0173 2.6118 158 142 95
4.5087 -2.1530 2.2501 150 147 113
-4.5349 2.3880 2.0502 143 142 94
-1.5950 -3.3035 3.4015 142 137 70
0.0019 6.6667 3.9780 139 126 62
-5.2210 0.7509 1.9432 167 133 114
1.9261 6.8430 3.1546 153 119 109
-0.4888 -5.2876 3.8076 149 130 71
0.1499 -2.3830 3.9338 143 129 77
1.5148 4.7489 3.4012 139 132 78
-6.9547 -6.9879 1.1870 156 164 103
1.6768 -6.7943 3.3241 161 138 80
2.1647 0.8051 3.1357 170 125 77
-4.1641 -0.1692 2.3373 164 152 101
1.1747 2.6170 3.5974 146 134 102
2.0932 -6.8774 3.1970 140 126 74
2.7773 -7.9215 2.8936 160 138 94
-4.4293 7.6027 2.2376 156 125 99
3.2511 -6.5318 2.7434 161 158 91
-4.9560 0.6814 2.0701 142 144 94
-6.6234 5.1754 1.3343 171 148 100
3.5441 -2.6376 2.6379 134 139 88
-0.9108 1.6477 3.6797 167 134 67
-2.2785 -4.5759 3.0540 157 123 89
3.2705 -6.5002 2.6194 150 139 90
7.7548 -0.8772 0.7947 181 158 111
-7.3301 2.2479 1.1336 161 153 124
2.2648 -1.3736 3.1387 137 131 84
7.4787 0.6045 0.9695 173 164 115
-2.6886 4.9956 2.8496 156 129 93
7.4270 7.2040 1.0464 156 167 111
2.7987 -7.4932 2.8810 157 127 62
1.3048 5.0184 3.4970 139 125 84
7.5376 -4.7057 0.9808 183 166 133
-1.1461 3.4335 3.4997 133 143 77
2.6237 4.5635 2.9627 168 142 72
-6.6365 7.5099 1.2935 169 136 104
-6.2414 -6.7283 1.5509 184 125 104
-3.1320 -7.8930 2.6870 158 152 90
-0.2748 4.2270 3.8762 127 128 67
-1.6254 5.9752 3.3650 145 136 87
-7.1445 3.6325 1.1702 158 158 113
-3.7451 -4.4534 2.5043 141 146 104
-0.9119 -2.7360 3.6249 152 122 80
-4.7851 4.4562 2.0293 159 150 101
-0.0628 3.4059 4.0004 148 127 70
7.7985 -5.0958 0.9131 163 154 116
7.4716 6.9786 0.9628 172 158 121
6.5256 0.0652 1.3552 175 144 113
3.2239 -7.3418 2.6957 145 127 93
5.1127 -2.9663 1.8737 147 158 114
-2.6830 4.9018 3.0236 155 149 84
5.3088 -7.8086 1.9771 143 144 102
3.9476 -6.1919 2.4864 141 141 86
2.4604 -6.3000 2.9955 165 128 90
-4.6860 -2.8706 2.1079 162 142 103
-2.8519 -7.1362 2.8336 155 139 77
4.6904 1.5044 2.1703 166 154 96
-2.8448 -1.2375 2.8481 156 137 66
1.2624 -2.9575 3.4897 150 123 73
-6.6202 7.3565 1.3827 162 159 112
-3.1580 -4.8467 2.6770 139 132 97
-7.7006 2.7712 0.8585 162 163 116
-6.6999 -0.3404 1.2671 157 161 120
-2.7030 5.9354 2.9312 138 140 86
-0.7631 4.1420 3.7111 141 130 68
6.7214 0.6638 1.3050 172 148 107
-4.4816 3.1220 2.2513 165 134 104
-2.9582 -6.2125 2.8417 135 140 83
5.5047 4.0603 1.8640 147 139 114
3.3399 -6.1227 2.6970 164 135 103
2.1069 -2.1907 3.2081 143 134 80
-6.7004 2.8645 1.3673 170 128 104
6.5463 -3.4770 1.3266 178 155 116
1.2137 -2.8167 3.5443 136 117 77
3.7677 6.2164 2.4096 157 114 82
-1.6590 -6.6345 3.3511 161 133 61
0.3290 2.5630 3.9180 157 118 66
-3.6819 3.5066 2.5455 167 142 89
0.1237 1.5366 3.9510 162 129 57
-5.9629 1.2859 1.6764 156 125 89
2.9810 -7.0367 2.7801 144 137 101
-6.6060 4.3818 1.3849 169 149 111
1.8383 0.8417 3.1860 148 140 74
0.6457 -4.3019 3.7479 156 137 67
-2.6977 0.5372 2.9877 134 155 80
-6.7860 -3.2707 1.2710 177 155 110
-0.2432 6.5281 3.9305 141 108 86
5.5425 -1.1077 1.8096 167 153 92
-0.7590 2.0169 3.7037 140 133 56
2.7967 6.8032 2.8512 142 135 84
6.4907 6.5684 1.4523 181 134 102
5.2210 -4.8814 1.8293 168 150 83
-2.7108 -6.7978 3.0044 158 140 98
-7.1020 -3.8373 1.0462 154 148 116
6.6041 5.6031 1.5193 173 148 108
7.6581 1.5029 0.9843 161 152 109
2.4658 7.5064 3.0148 156 102 78
6.2234 4.1333 1.5577 167 155 117
2.4491 6.0311 3.0334 148 130 80
4.7053 -2.9786 2.1211 170 132 99
2.3520 5.7367 3.0316 142 119 82
-3.7252 7.6237 2.4906 162 142 111
-6.2903 -4.0166 1.4786 172 154 96
-1.1332 -5.9240 3.6104 146 122 71
-4.3922 -6.5246 2.2179 158 118 100
-3.9949 3.5841 2.3909 161 130 101
6.7107 4.8180 1.3464 155 140 113
-1.2743 -3.9473 3.5111 125 143 79
3.7589 -0.7684 2.4816 168 140 109
-7.1640 -5.8855 1.0988 160 156 115
-5.3123 -1.8550 1.8381 167 169 112
-4.1815 0.7283 2.3556 154 127 103
1.2695 0.6414 3.5763 153 137 82
0.4424 3.4245 3.8655 131 135 55
5.6857 2.1082 1.7476 142 146 137
-5.7787 1.7047 1.7804 166 150 100
6.7863 5.0277 1.3050 164 156 109
6.1707 3.0929 1.5030 173 166 133
1.3688 -1.2230 3.5282 129 129 83
2.5912 0.6284 2.9143 164 140 83
-4.2037 4.9465 2.3174 154 137 100
-7.8776 -7.4050 0.8849 161 162 118
-6.9873 1.5018 1.2009 168 143 126
6.2039 2.2234 1.5633 159 122 99
3.4720 -3.7248 2.5611 157 154 111
0.2117 -0.8232 3.8802 121 128 83
7.4563 1.3104 1.0409 189 158 113
-0.3473 0.7343 3.7920 151 126 66
0.9067 2.2926 3.6273 134 133 73
4.9968 -3.6130 2.0274 168 136 104
0.5194 -6.4394 3.7419 143 134 66
-6.3259 3.4767 1.4802 171 140 113
4.8871 6.9738 2.0271 155 147 84
-1.1068 0.2333 3.5877 145 118 70
-1.7811 3.0339 3.2546 148 119 86
0.8901 1.0450 3.5846 161 129 83
-7.0321 -3.8516 1.1163 162 148 98
-1.2867 0.9763 3.4246 160 122 80
5.3805 -5.3706 1.7915 165 153 105
5.1625 2.6488 1.8524 173 139 96
-1.4054 5.5754 3.3737 134 129 83
5.4216 -3.6975 1.8063 188 151 96
-1.4815 4.4280 3.3526 145 151 77
4.7645 3.9233 2.1088 146 128 102
-5.4859 -2.1128 1.8207 161 155 85
-5.6175 -5.2945 1.7188 157 150 91
7.6984 2.2716 0.9207 175 158 115
7.2061 -3.6953 1.1520 165 142 95
-3.4782 -5.2434 2.5842 160 147 100
-6.3094 -1.2023 1.4276 163 146 101
-0.1904 1.9023 3.8900 151 132 56
-4.0410 0.7742 2.3444 152 145 85
-1.6174 1.8978 3.3410 147 135 77
1.3561 -5.9665 3.4098 147 128 84
4.8857 5.6143 2.0622 171 148 95
-5.1172 5.1686 1.9159 147 145 99
0.7434 -1.8852 3.7041 149 146 75
4.0931 2.9275 2.2880 163 154 69
-4.2744 3.0971 2.3237 168 136 98
-3.5313 -4.7684 2.6571 150 143 75
1.1977 5.6963 3.5648 140 136 89
-4.4491 -0.9264 2.2365 146 132 92
-1.8166 -3.1524 3.3244 142 143 77
-7.9130 2.1388 0.8224 163 172 147
2.0874 -3.9487 3.1806 144 161 63
-2.0440 2.6505 3.1830 165 144 66
-4.5658 4.6914 2.1646 149 159 101
-5.3009 -7.2498 1.8625 155 159 93
-2.9450 -1.6450 2.8030 147 131 81
-7.7302 2.7283 0.8412 161 150 120
-1.9402 5.3403 3.3076 154 138 79
5.5232 -4.8514 1.8347 182 166 99
2.2981 1.6211 3.0879 162 133 96
6.5771 -5.3178 1.3621 153 141 115
-2.8747 0.0424 2.8488 164 136 62
-1.4164 -0.7171 3.3782 147 135 93
4.4258 -6.3304 2.2040 156 139 84
-2.7510 4.5195 2.8822 152 136 75
