ply
format ascii 1.0
element vertex 7810
property float x
property float y
property float z
property uchar red
property uchar green
property uchar blue
property float confidence
end_header
-1.8214 0.5200 30.2496 4 236 4 0.980
4.5065 0.7508 29.9841 16 227 16 0.936
7.5326 0.2078 30.3211 29 216 29 0.881
-1.8636 3.1386 19.3995 29 216 29 0.881
3.4192 0.1080 30.2744 4 236 4 0.980
4.5846 -3.8007 28.6861 4 236 4 0.980
2.9491 0.3104 30.4833 4 236 4 0.980
3.3767 0.3049 30.4411 4 236 4 0.980
4.5244 -0.3707 30.2441 48 200 48 0.804
-3.1811 -0.4683 30.3375 26 218 26 0.892
0.3275 1.2691 28.6637 18 225 18 0.925
-8.1254 -1.7147 31.8094 40 207 40 0.837
-4.5682 0.4891 30.4854 32 214 32 0.870
-6.3098 0.4337 30.3711 35 211 35 0.859
4.2188 -0.8096 29.5847 13 229 13 0.947
5.5328 -1.1691 30.0837 46 202 46 0.815
3.6223 -0.3955 30.2301 48 200 48 0.804
6.1702 0.4607 30.0649 26 218 26 0.892
0.9074 1.2741 28.6673 43 205 43 0.826
5.5621 -3.3128 29.0604 100 217 20 0.771
3.0576 1.2677 28.5749 96 218 20 0.782
3.7436 0.2709 30.4376 24 220 24 0.903
5.5453 -3.3873 29.1345 113 213 20 0.738
2.9840 0.2757 30.5874 4 236 4 0.980
-6.0876 -1.5821 29.3249 32 214 32 0.870
3.5500 -4.0395 28.4047 92 219 20 0.793
3.3834 -3.1271 29.2695 48 200 48 0.804
2.5993 0.7393 29.8228 48 200 48 0.804
-1.0414 1.1804 28.9764 32 214 32 0.870
4.0765 -2.2588 28.8364 32 214 32 0.870
3.3032 -2.3721 29.0507 35 211 35 0.859
4.0911 0.3021 30.2308 38 209 38 0.848
4.6984 1.2433 28.6066 38 209 38 0.848
-3.0547 0.9700 29.7419 16 227 16 0.936
-2.5928 1.1306 29.4594 96 218 20 0.782
4.1960 -4.0221 28.3404 48 200 48 0.804
1.1494 -1.5931 29.0598 105 215 20 0.760
-4.8424 1.2921 28.7967 105 215 20 0.760
-6.6059 0.4333 30.1324 4 236 4 0.980
4.3886 -1.8772 29.3636 92 219 20 0.793
-2.1866 0.7977 29.9334 4 236 4 0.980
-5.3304 1.0214 29.8459 10 231 10 0.958
3.5650 -3.6760 28.6673 46 202 46 0.815
4.1419 -3.9956 28.3373 48 200 48 0.804
8.2864 0.3269 30.4125 109 214 20 0.749
3.7469 1.2999 28.7358 38 209 38 0.848
5.0579 -2.8079 29.3362 43 205 43 0.826
-6.1192 -1.4298 28.6158 48 200 48 0.804
-2.9491 -1.5956 29.1775 117 212 20 0.727
-4.0009 0.9919 29.7808 4 236 4 0.980
4.4661 -2.1407 29.0553 4 236 4 0.980
-1.4433 -0.6861 29.2251 142 206 20 0.661
2.7641 3.1597 19.2370 29 216 29 0.881
-3.3057 1.1747 29.1838 100 217 20 0.771
3.6542 0.8593 29.6471 4 236 4 0.980
-6.0534 0.7878 29.8873 4 236 4 0.980
3.9990 1.2376 29.0443 38 209 38 0.848
4.5109 -3.6065 28.8194 4 236 4 0.980
5.1249 -3.0437 29.5505 96 218 20 0.782
7.5846 0.9589 28.6241 100 217 20 0.771
5.3821 0.4005 30.3267 24 220 24 0.903
5.5036 -0.9942 30.2810 35 211 35 0.859
-3.1676 -0.3989 30.2718 32 214 32 0.870
3.4246 -3.8837 28.8290 96 218 20 0.782
4.3354 -0.8915 29.7543 35 211 35 0.859
2.8484 -3.6967 28.9590 109 214 20 0.749
-0.2092 1.3352 28.2209 113 213 20 0.738
0.7984 0.4698 30.2505 4 236 4 0.980
5.1454 -2.5632 29.0060 16 227 16 0.936
1.0744 -1.6043 29.1054 105 215 20 0.760
-3.6186 0.7661 30.1412 13 229 13 0.947
-5.4726 3.1871 19.4590 109 214 20 0.749
5.4916 1.3492 28.1559 48 200 48 0.804
3.8617 3.2397 19.5814 32 214 32 0.870
4.9165 -0.5226 30.4483 100 217 20 0.771
-1.6892 -1.9553 29.1147 129 209 20 0.694
4.4047 -3.5248 28.7818 4 236 4 0.980
-1.7644 3.1644 19.3993 32 214 32 0.870
3.9411 1.2462 28.6936 48 200 48 0.804
-3.1368 -3.6410 28.5639 121 211 20 0.716
2.4666 -3.3389 28.5448 105 215 20 0.760
-2.2596 -0.1121 29.7024 38 209 38 0.848
3.3832 -3.5654 28.2613 142 206 20 0.661
1.1475 -3.6627 28.6430 142 206 20 0.661
-6.6426 -0.0832 31.0438 117 212 20 0.727
2.3695 -2.5531 29.2271 109 214 20 0.749
4.3734 -2.9141 29.0637 125 210 20 0.705
3.6073 -3.6097 28.7456 40 207 40 0.837
-2.1673 0.8962 29.6847 18 225 18 0.925
4.5917 -3.8061 28.7248 4 236 4 0.980
-3.1822 0.7595 29.7948 16 227 16 0.936
-0.5687 0.6162 30.0927 4 236 4 0.980
2.6681 1.4890 27.9316 105 215 20 0.760
-4.5096 0.9840 29.7898 13 229 13 0.947
4.4257 1.2515 28.5873 29 216 29 0.881
3.8824 1.3559 28.1015 113 213 20 0.738
3.5825 0.9950 29.7502 4 236 4 0.980
-7.7097 0.2389 29.9055 4 236 4 0.980
-3.1121 1.2579 28.7329 109 214 20 0.749
1.9822 0.5448 30.0163 4 236 4 0.980
4.2295 -1.9082 29.3988 96 218 20 0.782
4.7446 -3.5550 28.5974 4 236 4 0.980
-4.3807 0.7439 30.0876 4 236 4 0.980
4.8425 0.5503 30.1194 4 236 4 0.980
1.8436 -2.5617 28.7939 26 218 26 0.892
-2.1023 0.6698 30.0563 4 236 4 0.980
4.7348 -3.7119 28.9348 4 236 4 0.980
3.5658 -3.7537 28.7225 92 219 20 0.793
5.7706 1.3111 28.1483 105 215 20 0.760
-0.1149 1.0294 29.7316 4 236 4 0.980
-3.8283 -1.0339 28.6726 109 214 20 0.749
-0.7823 3.1652 19.2703 100 217 20 0.771
-2.5255 0.1555 30.3599 43 205 43 0.826
1.5848 0.8430 29.6500 35 211 35 0.859
3.3381 -2.2895 29.2347 48 200 48 0.804
-3.9612 0.9075 29.6690 4 236 4 0.980
2.4784 -3.5204 28.8813 32 214 32 0.870
2.9318 1.3394 28.2710 35 211 35 0.859
6.0419 1.3396 28.1068 109 214 20 0.749
-1.8630 0.2528 30.0372 29 216 29 0.881
-1.8414 0.5873 30.0467 4 236 4 0.980
-5.9897 -1.1696 29.5293 109 214 20 0.749
-4.0292 0.9252 29.7689 4 236 4 0.980
-5.6255 -1.4580 29.0657 40 207 40 0.837
-6.4210 -1.4837 29.2724 105 215 20 0.760
-5.9677 0.2498 29.9123 43 205 43 0.826
-0.1634 1.2625 28.6483 35 211 35 0.859
2.4356 -3.2801 28.6712 46 202 46 0.815
-0.7333 -3.3062 28.8689 105 215 20 0.760
8.2337 -0.5563 30.2892 138 207 20 0.672
-0.6357 0.9565 29.5294 46 202 46 0.815
5.4256 -0.6416 30.4854 96 218 20 0.782
-7.3951 0.2374 29.9322 4 236 4 0.980
3.8005 1.2985 28.4148 92 219 20 0.793
4.4846 -0.2126 30.2832 100 217 20 0.771
2.7876 0.2934 30.4172 4 236 4 0.980
-5.9183 1.3246 28.5273 32 214 32 0.870
-4.5675 0.5237 30.2825 4 236 4 0.980
3.3476 -3.6574 29.1143 113 213 20 0.738
2.7775 -2.1197 29.3033 46 202 46 0.815
2.2694 0.8386 29.7398 40 207 40 0.837
-5.1291 1.0836 29.6804 4 236 4 0.980
3.5474 -2.1630 29.5415 105 215 20 0.760
5.0738 -1.1436 30.2282 13 229 13 0.947
-3.3936 -1.0497 30.1674 16 227 16 0.936
-5.3047 1.3262 28.5821 43 205 43 0.826
5.1899 3.1828 19.0578 48 200 48 0.804
-0.0752 0.6269 30.0172 4 236 4 0.980
-3.4839 1.1895 29.1070 100 217 20 0.771
-3.2389 1.1276 29.4241 113 213 20 0.738
6.4988 0.1970 30.1975 13 229 13 0.947
-5.6890 -1.3990 28.5559 48 200 48 0.804
3.3905 -3.2751 29.0643 7 233 7 0.969
3.5726 -2.5661 29.1877 26 218 26 0.892
0.4875 -1.2092 28.9903 125 210 20 0.705
4.1797 1.0571 29.1213 24 220 24 0.903
-1.2812 1.3543 28.0659 109 214 20 0.749
0.3837 -0.9293 29.7699 43 205 43 0.826
4.3292 0.3134 30.5177 38 209 38 0.848
-3.9950 0.7175 30.1959 4 236 4 0.980
2.5737 -3.3165 29.0165 29 216 29 0.881
-5.0852 0.6836 30.2283 4 236 4 0.980
-5.9078 0.4425 29.9694 4 236 4 0.980
2.8248 -3.3184 28.7779 48 200 48 0.804
3.1880 -1.0475 30.2724 92 219 20 0.793
-4.9500 1.0373 29.8405 13 229 13 0.947
0.0367 0.8926 29.6388 4 236 4 0.980
5.3691 -1.4288 29.9401 16 227 16 0.936
-1.0275 -1.5821 29.0998 109 214 20 0.749
-7.6009 -2.2991 31.9622 40 207 40 0.837
-5.6944 0.5715 30.2181 4 236 4 0.980
4.1013 -0.6022 30.1242 121 211 20 0.716
-3.2743 -0.8002 29.9173 43 205 43 0.826
2.8246 -2.0787 29.2948 43 205 43 0.826
2.3409 0.8996 29.7946 46 202 46 0.815
3.0355 -2.6932 29.3182 40 207 40 0.837
1.5860 1.3145 28.4689 43 205 43 0.826
4.4238 -3.3096 28.8553 18 225 18 0.925
0.2753 -1.8728 27.9510 138 207 20 0.672
2.3722 0.1971 30.3331 4 236 4 0.980
4.8418 -2.1523 29.1837 35 211 35 0.859
1.6059 -2.7479 28.9304 43 205 43 0.826
-4.2055 0.1501 30.0158 46 202 46 0.815
-8.1142 -1.6669 31.9057 32 214 32 0.870
-6.6611 0.3465 30.0961 4 236 4 0.980
-6.2325 1.2919 28.4959 109 214 20 0.749
0.3753 -2.8472 28.9479 129 209 20 0.694
0.0111 -0.7192 29.9596 38 209 38 0.848
4.7773 -3.3087 28.7086 26 218 26 0.892
2.5214 -0.0679 30.1016 4 236 4 0.980
3.8410 1.2473 28.7554 46 202 46 0.815
-2.0293 -1.0233 29.6145 46 202 46 0.815
4.3290 -2.1717 29.2091 21 222 21 0.914
-1.5250 -0.2529 29.9995 109 214 20 0.749
-3.5838 -3.4499 27.4177 129 209 20 0.694
-2.8173 0.3677 30.4164 43 205 43 0.826
-2.1128 1.2755 28.6436 92 219 20 0.793
3.8931 -0.7504 29.6197 29 216 29 0.881
-6.2378 -1.4305 28.6161 100 217 20 0.771
2.7155 -3.3521 28.9770 26 218 26 0.892
5.4715 -2.8306 29.0463 46 202 46 0.815
-1.8337 0.6841 30.0302 4 236 4 0.980
4.6053 -2.2524 28.9337 4 236 4 0.980
2.4764 -0.1467 30.2382 4 236 4 0.980
-7.5315 0.4546 29.8562 4 236 4 0.980
-6.4264 0.3831 30.8211 48 200 48 0.804
3.2340 -1.3622 29.8328 125 210 20 0.705
-4.0872 0.3562 30.4215 16 227 16 0.936
2.3692 -1.6713 29.4222 38 209 38 0.848
-1.0593 0.9976 29.7591 10 231 10 0.958
-3.6269 -1.0790 28.8778 117 212 20 0.727
2.9046 3.1534 19.6144 48 200 48 0.804
-0.5280 0.5296 30.1289 4 236 4 0.980
-3.8551 -1.0938 28.6287 113 213 20 0.738
5.5934 -2.8932 29.0943 96 218 20 0.782
3.5471 -3.3993 28.7532 24 220 24 0.903
-4.7926 1.0163 29.5497 38 209 38 0.848
-5.4914 1.2694 28.8290 32 214 32 0.870
4.8457 -3.2980 28.8587 32 214 32 0.870
1.1227 0.8888 29.0986 125 210 20 0.705
2.9005 0.2180 30.2928 4 236 4 0.980
-7.0420 0.1065 29.9035 4 236 4 0.980
1.9136 1.2452 28.6204 40 207 40 0.837
-4.1203 0.2432 30.2828 4 236 4 0.980
-0.8683 0.7185 30.1622 16 227 16 0.936
2.3122 -1.5820 28.5895 138 207 20 0.672
-6.3276 0.5928 30.1002 4 236 4 0.980
1.6634 -2.0024 29.4335 48 200 48 0.804
-2.4837 1.1001 29.5275 48 200 48 0.804
5.4828 -1.0714 31.0033 138 207 20 0.672
-1.9930 -2.0310 28.4497 96 218 20 0.782
-6.2451 -1.5245 29.3277 48 200 48 0.804
5.6275 -2.9382 29.0754 92 219 20 0.793
-6.6025 -0.0282 29.9728 7 233 7 0.969
-2.0062 0.5095 30.4017 29 216 29 0.881
-7.6543 -1.7089 31.9653 21 222 21 0.914
3.5749 -1.0397 30.0658 43 205 43 0.826
-4.5116 0.2235 30.2618 24 220 24 0.903
1.6390 0.8737 29.5465 96 218 20 0.782
2.0274 -2.0940 28.8490 26 218 26 0.892
0.7581 0.5877 30.1493 4 236 4 0.980
1.9990 0.3808 30.4360 16 227 16 0.936
5.0266 3.1700 19.3582 4 236 4 0.980
-1.3234 0.2944 30.7827 129 209 20 0.694
-0.6580 -2.9376 29.0177 29 216 29 0.881
3.3662 -2.7364 29.2905 18 225 18 0.925
2.9363 -2.7992 29.3650 46 202 46 0.815
5.4054 -1.2539 30.1937 4 236 4 0.980
-5.8454 1.3220 28.5070 35 211 35 0.859
-4.8252 1.3217 28.4859 40 207 40 0.837
3.3642 -2.7319 29.2537 10 231 10 0.958
-3.4630 -2.6790 29.2908 113 213 20 0.738
-1.2165 0.7545 30.1659 4 236 4 0.980
1.5096 0.8737 29.6172 48 200 48 0.804
-6.3110 0.5613 29.9402 4 236 4 0.980
5.0700 -1.0718 30.2669 16 227 16 0.936
-0.7458 -1.5813 29.2597 48 200 48 0.804
5.0389 -2.3763 29.4898 125 210 20 0.705
2.8681 -3.7957 28.9739 117 212 20 0.727
4.6048 -3.4818 29.0972 18 225 18 0.925
0.0809 1.0620 29.5045 4 236 4 0.980
-5.7001 1.1506 28.9302 46 202 46 0.815
-0.3096 -1.4964 28.7926 105 215 20 0.760
0.0025 1.2274 28.5985 7 233 7 0.969
-3.8537 3.1720 19.5407 29 216 29 0.881
-2.2878 0.2134 29.8841 100 217 20 0.771
-4.6459 0.4767 30.4304 4 236 4 0.980
-4.7172 0.5743 30.0395 4 236 4 0.980
-5.1784 0.5495 30.1917 4 236 4 0.980
-1.1446 -2.4623 29.3514 121 211 20 0.716
5.3593 1.1346 28.9451 4 236 4 0.980
-0.3239 0.7516 29.9816 4 236 4 0.980
-2.8163 1.3691 28.1546 117 212 20 0.727
-6.0813 -1.1385 29.7412 105 215 20 0.760
-3.5858 -1.9591 28.6757 117 212 20 0.727
0.1699 1.2635 28.7507 16 227 16 0.936
-0.7238 0.8399 29.8053 24 220 24 0.903
-2.5320 0.6305 30.2544 4 236 4 0.980
-5.9639 0.5318 30.1464 4 236 4 0.980
-0.2106 -1.1198 28.5656 113 213 20 0.738
3.6562 0.6061 30.0153 32 214 32 0.870
-5.3254 -1.2221 28.6939 46 202 46 0.815
0.2621 -0.9058 29.8889 29 216 29 0.881
7.8417 -1.9332 29.5687 121 211 20 0.716
3.0279 0.8939 29.5839 21 222 21 0.914
3.0465 0.7942 29.6142 21 222 21 0.914
-3.1693 1.1606 29.2238 100 217 20 0.771
3.6050 3.1701 18.9403 105 215 20 0.760
-1.3435 0.4550 29.9883 35 211 35 0.859
-0.6599 -3.0169 29.1139 29 216 29 0.881
4.3435 -3.5923 28.5790 7 233 7 0.969
-3.5038 -2.6302 29.1791 100 217 20 0.771
2.8405 0.4848 30.0420 16 227 16 0.936
4.2860 0.4613 30.2258 26 218 26 0.892
-7.4868 -1.7765 31.9664 21 222 21 0.914
-5.6795 -1.5613 29.2881 10 231 10 0.958
2.8300 -2.1518 29.0367 92 219 20 0.793
-2.1457 0.8633 29.6952 21 222 21 0.914
-6.6628 -1.8461 30.6085 129 209 20 0.694
4.5349 0.2943 30.4200 96 218 20 0.782
-3.5766 -1.6887 29.2783 129 209 20 0.694
1.5603 -1.6730 29.5369 46 202 46 0.815
-1.6576 0.3400 30.4351 40 207 40 0.837
3.9868 -2.0148 28.8807 21 222 21 0.914
6.4844 0.0954 30.1102 21 222 21 0.914
0.5355 0.8161 29.8137 4 236 4 0.980
4.3585 -2.2021 29.0219 4 236 4 0.980
4.3661 -2.4715 28.8651 4 236 4 0.980
0.7563 1.2809 28.8881 117 212 20 0.727
-2.9119 0.4788 30.0810 4 236 4 0.980
-2.8840 -1.5750 29.1964 109 214 20 0.749
-2.7686 -1.4256 28.9946 113 213 20 0.738
-0.9512 -1.4275 28.4405 105 215 20 0.760
-6.6445 0.0318 29.9815 4 236 4 0.980
4.4932 0.6484 30.0844 16 227 16 0.936
2.3631 0.2931 30.2383 4 236 4 0.980
-2.0276 0.6753 29.9955 4 236 4 0.980
-1.0688 0.8970 29.7663 10 231 10 0.958
4.9565 -2.3022 28.7830 4 236 4 0.980
-0.6064 0.7206 30.1703 4 236 4 0.980
0.0699 1.2796 28.6556 4 236 4 0.980
2.0965 3.1989 19.2826 16 227 16 0.936
-4.9700 3.1812 19.4122 38 209 38 0.848
-8.0007 -0.8686 30.9260 117 212 20 0.727
-7.4019 -1.9479 31.9224 18 225 18 0.925
3.4937 -1.7533 29.0783 48 200 48 0.804
-5.0727 1.2894 28.8691 48 200 48 0.804
5.7194 1.2639 28.4789 4 236 4 0.980
-6.3662 0.7407 30.0228 4 236 4 0.980
4.7942 -1.5869 30.2609 48 200 48 0.804
5.0856 -0.5107 30.5386 48 200 48 0.804
-3.4899 -0.4048 30.4863 48 200 48 0.804
3.8731 -2.1404 28.8661 4 236 4 0.980
-5.3036 1.1927 29.1254 109 214 20 0.749
-6.0317 -1.5866 29.3442 24 220 24 0.903
5.4328 -2.5354 28.7382 4 236 4 0.980
-4.2173 1.1939 29.3851 125 210 20 0.705
-6.6704 -0.8162 31.2311 142 206 20 0.661
0.7392 -1.6641 29.4012 129 209 20 0.694
5.3114 -1.5107 30.1313 13 229 13 0.947
-2.3624 1.0523 29.8240 18 225 18 0.925
3.8523 -4.0792 28.1111 100 217 20 0.771
5.5376 -1.5809 29.9749 29 216 29 0.881
5.1142 0.9292 29.7203 10 231 10 0.958
4.4930 -2.6310 28.7555 18 225 18 0.925
5.4798 -0.9751 30.0537 35 211 35 0.859
3.5004 -0.0247 30.2177 4 236 4 0.980
-3.6482 -1.8977 28.3115 125 210 20 0.705
4.0709 0.6694 30.0165 24 220 24 0.903
4.7170 -3.6297 28.6663 4 236 4 0.980
-1.5174 -2.1720 28.9697 35 211 35 0.859
-2.9482 0.2996 30.4869 92 219 20 0.793
1.5777 3.1298 19.6110 100 217 20 0.771
-2.3078 -1.2313 29.0513 129 209 20 0.694
5.1218 -2.7787 28.5986 121 211 20 0.716
1.8125 -3.0816 28.8183 113 213 20 0.738
-7.5152 0.1472 29.9891 4 236 4 0.980
-6.5488 -1.9269 31.0809 129 209 20 0.694
5.7203 1.1503 28.9548 18 225 18 0.925
-3.4962 -1.4408 29.7920 48 200 48 0.804
-7.3429 -0.1057 29.8141 10 231 10 0.958
4.0564 0.5749 29.9549 24 220 24 0.903
2.1807 0.3194 30.4585 4 236 4 0.980
-5.9202 0.7495 29.9872 4 236 4 0.980
2.9726 1.3064 28.4331 96 218 20 0.782
-3.5106 -1.3895 29.9449 32 214 32 0.870
1.1841 0.5021 30.3283 18 225 18 0.925
-2.8799 0.6715 30.1471 4 236 4 0.980
-0.2438 -0.8566 29.9212 92 219 20 0.793
4.8688 -1.4960 30.0820 29 216 29 0.881
1.1998 -1.2453 28.8076 96 218 20 0.782
-2.4347 0.2208 30.5192 92 219 20 0.793
3.6047 -0.2993 30.0792 48 200 48 0.804
-4.1524 0.2240 30.0632 29 216 29 0.881
1.2908 0.5758 30.0303 4 236 4 0.980
-3.9730 0.4810 30.3686 4 236 4 0.980
3.0438 0.8836 29.6438 16 227 16 0.936
3.3464 -0.7863 30.1348 96 218 20 0.782
-3.0621 -1.6170 29.5978 113 213 20 0.738
-1.8984 0.1535 29.9932 35 211 35 0.859
3.7133 -1.9757 29.0162 18 225 18 0.925
-4.0625 -0.8754 29.6704 92 219 20 0.793
0.7445 0.4216 30.3038 4 236 4 0.980
3.6671 -2.3237 28.9037 18 225 18 0.925
-3.0488 -0.4478 30.3700 24 220 24 0.903
1.5054 -1.1873 29.1310 121 211 20 0.716
-3.5971 -2.5497 27.7816 138 207 20 0.672
-3.4154 -1.3517 30.0440 26 218 26 0.892
1.6931 0.5191 30.1259 4 236 4 0.980
3.6044 -3.3914 28.7851 29 216 29 0.881
-6.1166 1.2143 29.4650 117 212 20 0.727
3.5120 -1.6942 29.4349 35 211 35 0.859
0.5625 0.8805 29.5879 13 229 13 0.947
3.3329 0.7743 29.8244 4 236 4 0.980
1.7211 3.1520 19.2221 38 209 38 0.848
3.6687 -2.0447 28.8693 26 218 26 0.892
-3.4060 -3.1023 28.9233 113 213 20 0.738
-4.1862 0.9707 29.7349 4 236 4 0.980
-3.6600 0.2019 30.2819 43 205 43 0.826
-2.2852 0.7135 30.2757 4 236 4 0.980
1.9227 1.3295 28.0813 92 219 20 0.793
-7.8416 -0.7259 31.8722 142 206 20 0.661
4.4444 -3.9422 28.6112 16 227 16 0.936
2.6629 1.2842 28.6088 100 217 20 0.771
3.3876 -2.6956 29.3238 21 222 21 0.914
2.6730 0.2451 30.5135 4 236 4 0.980
-4.2520 0.6991 29.9823 4 236 4 0.980
1.5072 -1.1879 29.1705 117 212 20 0.727
4.2586 -0.9654 29.7196 32 214 32 0.870
-3.1061 -1.4170 29.8389 46 202 46 0.815
-1.4856 0.5882 29.9525 13 229 13 0.947
1.6338 -0.3260 29.7851 92 219 20 0.793
-1.4515 -1.1059 30.1823 96 218 20 0.782
0.6850 1.2720 28.4983 29 216 29 0.881
4.9611 -2.6267 29.0688 16 227 16 0.936
4.9692 0.9039 29.6543 10 231 10 0.958
-1.1891 0.8434 29.7489 4 236 4 0.980
1.3696 -0.4817 30.4556 46 202 46 0.815
-5.4696 0.9130 29.7582 4 236 4 0.980
-5.0255 -1.1851 29.2906 113 213 20 0.738
0.4934 -1.2486 29.0369 125 210 20 0.705
-0.7981 1.3136 28.4485 43 205 43 0.826
3.8203 1.3503 28.0631 117 212 20 0.727
6.8632 0.1560 30.1868 38 209 38 0.848
4.1709 -1.9657 28.9897 35 211 35 0.859
-1.0251 0.8027 29.9188 4 236 4 0.980
1.1143 -1.2577 28.7790 100 217 20 0.771
-4.1261 0.3610 30.3275 4 236 4 0.980
-0.8572 0.7864 30.1001 7 233 7 0.969
-5.1842 0.6785 30.4703 18 225 18 0.925
-0.9863 -1.3011 28.1339 125 210 20 0.705
3.5263 -1.0037 30.3910 105 215 20 0.760
-1.1160 1.0204 29.6075 4 236 4 0.980
2.8144 -2.7166 29.3335 92 219 20 0.793
0.5269 -1.5125 28.7955 105 215 20 0.760
-7.6002 -2.1398 31.6963 35 211 35 0.859
2.8277 0.4261 30.4555 4 236 4 0.980
-3.7094 0.8694 29.6324 16 227 16 0.936
3.1093 -2.3974 28.8592 48 200 48 0.804
2.1561 -2.2524 28.8521 24 220 24 0.903
2.6726 1.3190 28.2164 48 200 48 0.804
-5.5058 1.2725 28.9493 40 207 40 0.837
1.3698 -1.2923 28.8061 92 219 20 0.793
0.6763 0.4102 30.2900 4 236 4 0.980
-1.4945 0.4076 30.2276 10 231 10 0.958
1.5721 -0.4316 30.4244 100 217 20 0.771
5.6854 -1.7649 29.2542 48 200 48 0.804
-0.4798 0.4844 30.1968 4 236 4 0.980
4.8007 -2.8885 28.9126 40 207 40 0.837
2.8438 0.2580 30.3948 4 236 4 0.980
-4.6149 0.6039 30.1628 4 236 4 0.980
-1.8266 -0.0944 29.8847 35 211 35 0.859
3.2942 -3.9236 28.5454 40 207 40 0.837
-2.4743 0.1827 30.2257 46 202 46 0.815
1.6694 -1.0958 29.7461 117 212 20 0.727
-3.3240 3.1433 19.8013 92 219 20 0.793
2.1135 -0.4493 29.7691 46 202 46 0.815
-5.3575 0.2728 30.0511 26 218 26 0.892
7.8678 0.6825 29.0379 105 215 20 0.760
2.2726 -2.2388 28.8287 40 207 40 0.837
3.2181 -2.0907 29.2879 96 218 20 0.782
1.0150 1.1592 28.9956 105 215 20 0.760
2.6378 -0.1765 30.2797 4 236 4 0.980
-6.6958 0.1297 29.9060 4 236 4 0.980
-4.5981 3.1932 19.2121 38 209 38 0.848
-6.9031 0.7775 28.9062 133 208 20 0.683
2.0144 0.7738 29.8868 4 236 4 0.980
3.6643 -1.3019 29.7117 96 218 20 0.782
-7.0454 0.4153 30.0191 4 236 4 0.980
-4.0026 0.8523 29.8577 4 236 4 0.980
3.6951 -1.0235 29.8160 92 219 20 0.793
-5.7282 -0.6649 29.9932 48 200 48 0.804
3.3231 0.7845 29.7884 4 236 4 0.980
-7.7283 0.5013 30.5399 142 206 20 0.661
3.4056 -2.3096 29.2232 38 209 38 0.848
0.7005 -0.4538 30.4358 43 205 43 0.826
-5.7124 -0.5694 29.7211 100 217 20 0.771
5.5634 -0.3731 30.4921 48 200 48 0.804
5.2622 -1.1228 30.2252 4 236 4 0.980
-5.2142 1.0253 29.8092 4 236 4 0.980
2.3666 -1.3851 29.3499 48 200 48 0.804
-2.0064 -1.1034 29.1348 109 214 20 0.749
-4.1752 -0.8956 29.9820 117 212 20 0.727
-2.7495 -1.6673 29.1976 117 212 20 0.727
1.8180 -3.0915 28.9292 113 213 20 0.738
-5.4643 0.6744 30.2057 4 236 4 0.980
2.9810 -3.8570 28.7039 92 219 20 0.793
4.3671 0.4021 30.2661 35 211 35 0.859
4.9175 0.9484 29.8007 13 229 13 0.947
-7.7690 -2.5550 32.6091 43 205 43 0.826
-3.4655 -0.9594 30.0670 10 231 10 0.958
-1.3621 -0.9405 30.2357 43 205 43 0.826
1.4052 -0.5045 30.4792 46 202 46 0.815
1.9432 1.2658 28.4055 26 218 26 0.892
-0.4462 0.3940 30.4937 29 216 29 0.881
-4.8511 -1.4387 28.3812 121 211 20 0.716
1.8822 0.8952 29.4636 117 212 20 0.727
3.5888 0.0333 30.0970 7 233 7 0.969
-0.0519 -0.7960 29.9503 43 205 43 0.826
-4.1492 -2.3687 28.3204 133 208 20 0.683
-3.6707 -2.8734 28.8136 142 206 20 0.661
4.1917 0.5472 30.0028 29 216 29 0.881
-4.6061 0.9430 29.7284 13 229 13 0.947
0.2386 -0.9194 29.7443 38 209 38 0.848
-5.9120 0.7105 30.1521 4 236 4 0.980
-5.8040 -1.5047 29.1050 24 220 24 0.903
-1.1129 -1.0515 30.0148 92 219 20 0.793
2.9802 3.1506 19.2603 35 211 35 0.859
0.3551 0.8543 29.6631 4 236 4 0.980
-2.2088 -0.1701 29.7747 35 211 35 0.859
-6.0961 -1.0290 29.8268 96 218 20 0.782
-2.9400 0.4632 30.3819 16 227 16 0.936
4.4599 -3.2805 28.9863 29 216 29 0.881
-1.7588 0.9936 29.6102 26 218 26 0.892
-6.5809 0.8067 29.9369 4 236 4 0.980
4.5003 -1.5554 29.7261 100 217 20 0.771
3.4609 -2.5027 29.1581 16 227 16 0.936
1.1878 -1.0690 30.0520 92 219 20 0.793
4.3872 0.2098 30.3368 40 207 40 0.837
-0.3919 -0.1746 30.1944 121 211 20 0.716
-5.7619 -1.8420 29.3691 29 216 29 0.881
2.2750 -1.2411 29.8481 105 215 20 0.760
2.7573 0.3285 30.4159 4 236 4 0.980
-2.7792 -1.0362 30.0244 92 219 20 0.793
-6.8637 0.6168 30.1692 4 236 4 0.980
-4.3589 0.5938 30.0332 4 236 4 0.980
-0.2570 -0.9128 29.8433 48 200 48 0.804
-1.7689 -0.2375 30.1604 113 213 20 0.738
4.3363 -1.6429 29.5103 100 217 20 0.771
-0.8747 1.1239 28.9096 7 233 7 0.969
3.2064 -3.3249 29.0176 32 214 32 0.870
-1.3711 0.9876 29.7314 7 233 7 0.969
7.0813 0.4171 30.0457 32 214 32 0.870
5.2026 -0.9940 30.3229 21 222 21 0.914
-3.4552 -1.2781 30.1282 21 222 21 0.914
0.2854 1.1174 29.4042 96 218 20 0.782
-6.2473 1.0512 29.5951 48 200 48 0.804
-1.8517 0.7093 30.1265 4 236 4 0.980
3.4818 3.2115 19.0144 105 215 20 0.760
1.5708 -1.3841 29.2499 92 219 20 0.793
-6.7320 0.5591 30.1926 4 236 4 0.980
3.3729 0.9552 29.7258 4 236 4 0.980
2.3224 0.3513 30.2903 4 236 4 0.980
5.2316 -3.2907 29.0953 43 205 43 0.826
-4.1028 -0.9735 29.4996 121 211 20 0.716
-5.6102 -1.6751 29.2917 13 229 13 0.947
-6.1547 1.2171 29.0499 125 210 20 0.705
0.5275 0.9286 29.6753 4 236 4 0.980
3.4798 -2.5513 29.0158 24 220 24 0.903
-5.8758 -1.2242 29.0370 121 211 20 0.716
5.5414 1.3439 28.1184 48 200 48 0.804
-3.2643 0.5847 30.2041 4 236 4 0.980
-3.5865 -1.8573 28.8333 129 209 20 0.694
3.0009 -0.0763 29.9006 38 209 38 0.848
1.9483 1.2421 28.5941 40 207 40 0.837
-5.5963 0.9195 29.5811 24 220 24 0.903
5.5413 -4.2016 28.3403 38 209 38 0.848
1.3279 0.7884 29.7361 24 220 24 0.903
1.2903 -1.0062 30.2947 48 200 48 0.804
1.2378 1.3569 28.1067 96 218 20 0.782
-0.2473 -3.2489 27.6570 142 206 20 0.661
-1.2817 0.7180 30.2167 10 231 10 0.958
-5.3674 0.5783 30.2543 4 236 4 0.980
4.2559 1.0845 28.9652 24 220 24 0.903
1.7781 0.6603 30.0142 4 236 4 0.980
3.1985 1.1561 29.0286 133 208 20 0.683
3.7161 1.1939 29.0620 92 219 20 0.793
-4.6870 0.6633 30.0964 4 236 4 0.980
-4.3703 0.9911 29.7104 18 225 18 0.925
-3.9085 1.2885 28.7134 109 214 20 0.749
2.4891 -1.0588 30.1993 38 209 38 0.848
1.1382 1.3073 28.4086 40 207 40 0.837
2.4896 1.1776 28.4349 109 214 20 0.749
-3.9968 0.6839 30.4774 26 218 26 0.892
0.3633 -1.8061 29.2293 113 213 20 0.738
-2.2099 -1.1782 28.9479 125 210 20 0.705
3.5838 -0.2076 30.2270 18 225 18 0.925
4.8463 -3.3910 28.8863 18 225 18 0.925
5.6784 -2.0227 29.5329 92 219 20 0.793
-7.4838 -0.9186 31.7378 35 211 35 0.859
-0.3563 0.6701 29.9615 4 236 4 0.980
-0.6666 -1.8922 29.2137 125 210 20 0.705
3.3817 -1.0327 30.2772 43 205 43 0.826
1.3835 0.6372 29.9986 4 236 4 0.980
-5.6618 0.7567 30.1519 4 236 4 0.980
-1.9386 -1.0244 29.5998 40 207 40 0.837
-0.9185 1.0168 29.6733 10 231 10 0.958
3.3228 -0.5542 30.3579 100 217 20 0.771
-3.5828 -0.1998 30.2698 105 215 20 0.760
-5.1598 0.7872 30.0080 4 236 4 0.980
-4.0729 0.3702 30.0828 4 236 4 0.980
-2.4064 -2.6702 29.1425 121 211 20 0.716
-3.3130 3.1945 19.4565 4 236 4 0.980
7.8056 0.6875 29.5374 92 219 20 0.793
5.2048 -3.3324 30.2711 142 206 20 0.661
-5.9318 -2.0485 29.2299 100 217 20 0.771
5.8656 1.2408 28.5890 4 236 4 0.980
0.4542 0.7312 30.1727 13 229 13 0.947
5.5854 -1.1259 30.1944 43 205 43 0.826
-2.3124 0.9975 29.7583 16 227 16 0.936
-3.2966 1.1984 29.0486 96 218 20 0.782
4.6673 -3.8038 28.8049 4 236 4 0.980
-4.5661 3.2289 18.9099 92 219 20 0.793
-1.4314 0.5731 30.0502 4 236 4 0.980
5.7531 0.3550 30.3274 32 214 32 0.870
3.9141 3.1397 19.7289 43 205 43 0.826
-2.9767 -0.4506 30.4603 29 216 29 0.881
3.6905 0.2085 30.4350 16 227 16 0.936
3.5929 -0.4904 30.4866 96 218 20 0.782
6.1223 0.7453 29.9971 48 200 48 0.804
3.0569 -1.8984 29.3078 105 215 20 0.760
-0.5782 1.2095 28.7641 10 231 10 0.958
3.1347 0.9652 29.6869 4 236 4 0.980
-3.1462 0.1928 30.2578 38 209 38 0.848
1.2707 0.9718 27.9244 117 212 20 0.727
-5.6191 -3.0482 29.2758 142 206 20 0.661
-2.7922 -1.1477 30.1542 105 215 20 0.760
-8.0163 -1.2532 31.7134 40 207 40 0.837
-6.2253 0.3030 30.3960 26 218 26 0.892
-1.0749 0.8481 29.7507 16 227 16 0.936
-0.5789 0.7706 30.3743 100 217 20 0.771
-2.5767 0.3353 30.1494 7 233 7 0.969
-1.5416 -0.3382 30.2458 40 207 40 0.837
-0.7457 1.0226 29.0872 16 227 16 0.936
1.3648 0.2653 30.2382 13 229 13 0.947
5.7653 1.0783 29.3648 109 214 20 0.749
4.9740 -1.4357 30.0530 18 225 18 0.925
-2.2410 -2.8761 28.1535 138 207 20 0.672
5.4355 -2.8900 29.0130 43 205 43 0.826
-1.5883 -0.5563 30.0812 109 214 20 0.749
-5.4845 0.9242 29.7406 4 236 4 0.980
-3.4481 0.6668 29.9113 29 216 29 0.881
4.7529 -3.3529 28.7967 4 236 4 0.980
5.2531 -1.5467 29.9974 13 229 13 0.947
3.6961 -3.7860 28.8193 96 218 20 0.782
1.2072 -0.4763 30.5170 46 202 46 0.815
5.2144 -1.0707 30.1872 16 227 16 0.936
6.4886 1.0481 29.0869 43 205 43 0.826
3.6801 1.3325 28.4094 96 218 20 0.782
4.6567 -3.4149 29.3158 125 210 20 0.705
-6.5752 0.0819 30.9588 48 200 48 0.804
1.7028 0.1571 29.8142 96 218 20 0.782
-0.9260 0.6644 30.0233 7 233 7 0.969
1.7512 -4.0805 28.0043 142 206 20 0.661
-4.2924 0.9271 29.8336 4 236 4 0.980
5.3598 -1.1334 30.2266 13 229 13 0.947
-2.1519 -1.0202 29.5254 96 218 20 0.782
0.4169 -0.6686 29.7718 109 214 20 0.749
3.9768 -2.2813 28.8746 16 227 16 0.936
5.9213 3.1998 19.2713 125 210 20 0.705
-2.8253 0.1905 30.2872 32 214 32 0.870
-2.4011 -0.3816 30.4851 121 211 20 0.716
0.2543 3.1888 19.1684 105 215 20 0.760
-5.9482 1.1475 29.4866 46 202 46 0.815
3.9193 3.1098 19.4578 13 229 13 0.947
3.9946 0.1920 30.6158 92 219 20 0.793
3.1549 0.1593 30.3289 4 236 4 0.980
-3.5539 -2.1105 29.4575 121 211 20 0.716
2.6308 0.2996 30.4487 4 236 4 0.980
1.5667 -4.0143 28.2802 138 207 20 0.672
3.6652 0.9892 29.6350 4 236 4 0.980
-5.7245 1.3355 28.5789 40 207 40 0.837
-1.8864 0.2338 29.8613 35 211 35 0.859
3.6452 -2.2950 28.9286 16 227 16 0.936
6.4608 1.3197 28.2526 121 211 20 0.716
-6.1803 -2.0028 30.1403 121 211 20 0.716
4.4914 -0.4531 30.3472 46 202 46 0.815
3.9237 0.8444 29.6910 4 236 4 0.980
4.7287 -2.3380 28.9051 4 236 4 0.980
7.7550 -1.7977 29.4321 117 212 20 0.727
2.6237 0.1554 30.3409 4 236 4 0.980
-0.0490 1.0261 29.6463 4 236 4 0.980
-1.3150 0.9229 29.4505 35 211 35 0.859
-4.5384 1.3172 28.5600 29 216 29 0.881
-0.7715 -1.0257 30.1912 117 212 20 0.727
5.0367 -1.0328 30.2585 18 225 18 0.925
-5.0403 -1.8575 29.3971 133 208 20 0.683
2.3838 -0.0326 30.1678 4 236 4 0.980
3.1969 0.4071 29.9181 18 225 18 0.925
-2.2610 0.4791 30.3825 24 220 24 0.903
5.6033 0.3948 30.4261 32 214 32 0.870
-1.8539 1.3357 28.2188 46 202 46 0.815
4.6300 3.1490 19.5426 32 214 32 0.870
-3.5005 0.8041 29.9983 18 225 18 0.925
4.9059 -2.6824 28.9569 13 229 13 0.947
1.5829 -2.0637 29.2308 109 214 20 0.749
-5.9664 0.4990 30.2124 4 236 4 0.980
2.4215 0.2499 30.4304 4 236 4 0.980
-1.5131 -0.4131 30.4464 46 202 46 0.815
4.6923 -3.6292 28.7886 4 236 4 0.980
1.6000 0.4432 30.3247 7 233 7 0.969
2.7512 -3.8851 28.6575 117 212 20 0.727
0.4722 1.3554 28.1162 46 202 46 0.815
4.1662 -4.3579 28.2179 117 212 20 0.727
1.6745 -2.4343 28.9210 24 220 24 0.903
3.2892 0.1964 30.2649 4 236 4 0.980
-2.9091 -0.5217 30.4337 40 207 40 0.837
-6.3408 0.9715 30.0589 18 225 18 0.925
1.5907 -1.7555 29.5241 43 205 43 0.826
4.0763 -0.9008 29.5017 10 231 10 0.958
0.3931 -1.0619 29.8357 46 202 46 0.815
3.1582 -3.2514 29.0547 16 227 16 0.936
2.3515 -1.8949 29.5087 92 219 20 0.793
-1.5257 -1.0301 30.2121 105 215 20 0.760
0.0423 0.8269 29.8595 4 236 4 0.980
-0.9230 3.1191 19.5969 92 219 20 0.793
4.7010 -2.1369 29.0858 4 236 4 0.980
0.6541 0.9585 29.9407 24 220 24 0.903
-3.0099 -1.3753 29.6256 113 213 20 0.738
0.8533 3.1402 19.2919 92 219 20 0.793
3.8837 -0.0835 30.2942 43 205 43 0.826
-5.4809 0.2808 30.2610 4 236 4 0.980
2.9863 -0.1836 30.5915 121 211 20 0.716
-3.2355 0.1857 30.1869 38 209 38 0.848
-0.0149 -1.3562 28.8095 121 211 20 0.716
2.6835 -0.0273 30.1617 4 236 4 0.980
-5.7893 0.4558 30.3441 4 236 4 0.980
3.5353 -1.7239 29.3370 35 211 35 0.859
-1.6529 3.1684 19.2585 105 215 20 0.760
-1.5445 0.4131 30.5454 48 200 48 0.804
6.0188 1.1355 29.0620 24 220 24 0.903
0.8720 -0.4357 30.5412 35 211 35 0.859
1.1002 0.8312 29.5024 96 218 20 0.782
3.0863 1.3074 28.4508 92 219 20 0.793
4.2947 1.1741 28.8908 29 216 29 0.881
-5.7015 0.2883 30.3550 4 236 4 0.980
-5.4693 0.4742 30.2079 4 236 4 0.980
-4.2483 0.5437 30.1495 4 236 4 0.980
-5.1585 0.5875 30.1424 4 236 4 0.980
3.1600 -1.4056 29.4883 105 215 20 0.760
-0.7290 -0.3696 30.4463 113 213 20 0.738
2.0162 0.5563 29.9628 4 236 4 0.980
1.8813 -1.9617 28.9722 92 219 20 0.793
2.6502 -0.4580 30.5292 113 213 20 0.738
7.0443 0.8270 29.7642 35 211 35 0.859
-2.7020 0.1693 29.9616 121 211 20 0.716
0.5421 0.4659 30.1984 4 236 4 0.980
-4.9502 0.6314 30.0700 4 236 4 0.980
1.7656 0.1970 29.8982 48 200 48 0.804
-1.7608 -1.1257 29.1261 96 218 20 0.782
-0.2601 0.7017 29.8998 4 236 4 0.980
2.1181 -0.3510 29.6805 32 214 32 0.870
4.7126 -3.8924 29.0337 46 202 46 0.815
5.2813 0.5842 29.8447 7 233 7 0.969
4.4839 -3.6744 28.7240 4 236 4 0.980
-5.0220 3.2000 19.3339 46 202 46 0.815
-1.2126 -0.4876 30.4214 38 209 38 0.848
-4.6376 0.5194 30.3733 4 236 4 0.980
-0.4687 1.2736 28.5190 35 211 35 0.859
4.7358 -2.8756 29.0214 38 209 38 0.848
3.0979 0.6634 30.1235 21 222 21 0.914
-5.7334 -1.2091 28.6789 100 217 20 0.771
0.4386 0.5280 30.1000 7 233 7 0.969
-5.8706 0.9140 29.8624 4 236 4 0.980
-3.4169 -1.6970 29.3944 129 209 20 0.694
2.8692 0.1098 30.5274 4 236 4 0.980
5.0267 0.5799 30.0766 4 236 4 0.980
5.6363 -4.1002 28.5141 32 214 32 0.870
4.5324 -1.9892 29.8855 133 208 20 0.683
5.8855 -1.8105 29.3053 96 218 20 0.782
-1.6049 -1.2222 29.4261 105 215 20 0.760
-4.9553 1.0839 29.6034 13 229 13 0.947
3.4641 0.3228 30.3459 4 236 4 0.980
3.9135 -4.3532 27.8504 113 213 20 0.738
4.3081 -2.8271 28.8143 43 205 43 0.826
4.9060 -2.2673 28.4046 138 207 20 0.672
-5.2648 0.2512 30.0980 24 220 24 0.903
5.2015 -2.7774 28.6411 96 218 20 0.782
-0.2565 0.7077 30.0177 4 236 4 0.980
0.8272 -1.2319 29.0254 125 210 20 0.705
2.3202 -3.5066 28.6160 96 218 20 0.782
-7.4843 0.1918 29.8533 4 236 4 0.980
-6.8127 -1.5512 29.6848 133 208 20 0.683
-0.7353 1.0619 29.0432 4 236 4 0.980
6.9283 0.4617 30.0233 18 225 18 0.925
-3.4208 3.1764 19.6912 24 220 24 0.903
1.9370 0.4491 30.3407 4 236 4 0.980
3.3181 0.8672 29.8037 4 236 4 0.980
1.6854 0.6191 29.9169 4 236 4 0.980
-6.6423 0.0681 30.4338 46 202 46 0.815
1.8093 -2.1726 28.8713 38 209 38 0.848
4.6776 -3.7108 28.8689 4 236 4 0.980
-5.6558 -1.5100 29.2176 13 229 13 0.947
-1.6248 0.6200 30.1162 4 236 4 0.980
3.0840 0.6254 30.0813 10 231 10 0.958
2.2911 0.0968 30.1994 4 236 4 0.980
-5.7566 0.3650 30.1374 4 236 4 0.980
-6.8819 0.8505 29.8040 38 209 38 0.848
-7.4264 0.1440 29.9024 4 236 4 0.980
2.0834 0.3100 30.1829 4 236 4 0.980
-3.8998 0.2917 30.0059 46 202 46 0.815
-5.8274 -4.2356 28.1020 129 209 20 0.694
3.7195 -4.2773 27.7490 117 212 20 0.727
-0.1153 1.1884 29.1816 92 219 20 0.793
5.1864 -1.0328 30.1879 13 229 13 0.947
7.1907 1.2567 28.4608 117 212 20 0.727
2.0094 1.3309 28.1888 46 202 46 0.815
-5.1418 -1.4364 28.9634 100 217 20 0.771
3.6658 -1.0416 29.8187 92 219 20 0.793
1.4242 1.0180 28.3120 117 212 20 0.727
7.8586 0.8023 29.1434 105 215 20 0.760
-5.2770 1.2670 28.8683 32 214 32 0.870
4.9760 0.5247 30.0660 4 236 4 0.980
1.0440 0.8104 29.6088 43 205 43 0.826
2.2312 -2.2034 29.2568 117 212 20 0.727
-5.4110 0.6806 30.1792 4 236 4 0.980
-5.5721 0.9297 29.8204 10 231 10 0.958
-3.5396 -1.2821 29.5924 109 214 20 0.749
-5.7906 1.0841 29.5965 26 218 26 0.892
-7.7127 -1.1450 32.0739 40 207 40 0.837
-7.2042 -0.2094 29.9098 24 220 24 0.903
-2.2085 -1.9629 28.3916 109 214 20 0.749
5.6153 -1.9048 29.5248 35 211 35 0.859
-5.6452 0.4473 30.0286 4 236 4 0.980
2.0539 -0.4989 29.7767 40 207 40 0.837
-2.9487 0.7245 30.1098 4 236 4 0.980
4.5386 -1.4536 30.0341 48 200 48 0.804
0.4196 -0.9751 30.1542 38 209 38 0.848
-1.8332 0.6307 30.2565 4 236 4 0.980
-5.2909 1.2310 29.0330 100 217 20 0.771
3.2575 -1.1054 30.0603 100 217 20 0.771
-3.6864 0.9974 29.7260 7 233 7 0.969
-5.4263 0.4282 30.1238 4 236 4 0.980
4.6156 1.0928 28.6799 92 219 20 0.793
3.6674 -1.9428 29.0732 26 218 26 0.892
-6.5630 0.2377 30.6429 29 216 29 0.881
-1.2971 0.7510 30.1962 10 231 10 0.958
-2.9928 -1.4384 29.4357 113 213 20 0.738
-2.8928 -0.0175 30.2488 125 210 20 0.705
-0.2109 0.6423 30.0834 4 236 4 0.980
5.1044 -3.1604 29.2485 38 209 38 0.848
3.6883 -1.3429 29.7934 100 217 20 0.771
2.1570 0.1699 29.8894 40 207 40 0.837
-3.7611 0.6114 30.1006 10 231 10 0.958
0.8549 0.4325 30.4341 18 225 18 0.925
7.5310 0.3659 30.5671 35 211 35 0.859
5.2100 -2.4804 28.7848 4 236 4 0.980
4.6017 -1.2337 30.0753 26 218 26 0.892
5.3106 0.3383 30.2790 29 216 29 0.881
4.2556 1.3016 28.4840 100 217 20 0.771
-4.7079 -1.4309 28.9236 105 215 20 0.760
-0.0862 0.7688 29.8854 4 236 4 0.980
4.4858 -2.2246 29.0843 4 236 4 0.980
-5.9765 0.9413 29.9585 4 236 4 0.980
-4.1555 -1.8431 28.6133 117 212 20 0.727
-0.0815 -0.9682 5.1874 133 208 20 0.683
-4.4445 -1.5164 29.0408 48 200 48 0.804
2.7160 -3.3008 28.8471 24 220 24 0.903
-5.2956 1.0874 29.6459 26 218 26 0.892
2.8248 0.7174 30.0454 29 216 29 0.881
-5.1428 0.5175 30.1934 4 236 4 0.980
-3.3138 -1.5786 29.7815 46 202 46 0.815
3.5266 -0.3628 30.4465 40 207 40 0.837
-3.4849 -0.4023 30.4518 46 202 46 0.815
3.5096 -1.8506 29.5987 48 200 48 0.804
-0.1835 1.0318 29.6638 4 236 4 0.980
-1.5882 -0.9288 29.7577 105 215 20 0.760
0.6498 -1.5918 29.0497 117 212 20 0.727
3.0942 0.8213 29.6005 10 231 10 0.958
4.3343 -2.5360 28.8130 4 236 4 0.980
4.8057 -2.2949 28.9079 4 236 4 0.980
5.6695 -4.1939 28.2899 43 205 43 0.826
2.9118 -0.9108 29.9311 125 210 20 0.705
3.8390 -4.0691 28.0256 117 212 20 0.727
6.5453 0.2671 30.1480 4 236 4 0.980
5.3425 0.5207 29.8642 4 236 4 0.980
3.8964 0.7473 29.7274 4 236 4 0.980
3.5219 0.8989 29.6265 4 236 4 0.980
2.6907 -1.3525 29.3894 125 210 20 0.705
-1.6517 0.2537 30.4445 43 205 43 0.826
-5.7853 -1.7264 29.0981 16 227 16 0.936
0.7626 0.7503 30.2894 38 209 38 0.848
2.3681 -2.9954 28.4305 138 207 20 0.672
2.2093 -0.4199 29.7764 38 209 38 0.848
-1.4079 0.8551 29.5975 26 218 26 0.892
1.3150 -0.9350 30.1655 48 200 48 0.804
5.2478 1.2794 28.3379 40 207 40 0.837
-1.4025 -0.6502 30.6380 43 205 43 0.826
-2.0761 0.6718 30.2069 4 236 4 0.980
3.4895 0.9179 29.6718 4 236 4 0.980
0.2705 1.2159 28.8375 32 214 32 0.870
-5.1931 1.0543 29.8198 4 236 4 0.980
-0.9753 1.1637 28.9180 21 222 21 0.914
-0.6590 1.2723 28.6915 16 227 16 0.936
-5.6890 0.9764 29.6268 13 229 13 0.947
-0.0045 1.1108 29.8063 4 236 4 0.980
-1.1170 -1.5961 29.3359 117 212 20 0.727
-1.7206 0.5405 30.1035 4 236 4 0.980
-0.9965 0.8768 29.6795 13 229 13 0.947
0.0715 1.2451 28.7025 7 233 7 0.969
4.7229 -0.9393 30.3417 46 202 46 0.815
3.3963 0.4225 29.9868 16 227 16 0.936
4.2891 1.0928 28.8597 26 218 26 0.892
-6.2108 0.2042 30.6269 21 222 21 0.914
-3.0724 1.0008 29.7199 18 225 18 0.925
4.3527 3.1367 19.3812 24 220 24 0.903
-3.5512 -2.1573 29.3868 113 213 20 0.738
-2.4533 1.3394 28.2619 109 214 20 0.749
-4.7115 0.7126 30.1985 4 236 4 0.980
-5.7430 -1.7822 29.2283 10 231 10 0.958
-3.2487 0.4758 31.0845 142 206 20 0.661
-4.5691 1.3269 28.5525 29 216 29 0.881
-2.8517 1.3435 28.2504 109 214 20 0.749
-6.0033 -1.2461 29.2248 117 212 20 0.727
1.7778 1.2800 28.5349 46 202 46 0.815
-6.1410 0.9605 29.7866 4 236 4 0.980
-1.2862 -0.8888 30.5867 96 218 20 0.782
2.6949 -0.3287 30.2887 16 227 16 0.936
-2.8573 0.7172 30.0895 4 236 4 0.980
5.0754 1.1686 28.6483 7 233 7 0.969
4.7508 3.1685 19.3452 35 211 35 0.859
-5.3434 0.9589 29.8107 4 236 4 0.980
4.3934 -3.7914 28.6168 4 236 4 0.980
-7.8761 -1.2938 31.8374 4 236 4 0.980
-7.2490 -0.1888 29.8080 21 222 21 0.914
7.3950 0.6523 30.3180 125 210 20 0.705
2.2784 -2.3584 28.8915 38 209 38 0.848
4.4974 -3.5552 28.6640 4 236 4 0.980
5.5107 -2.4882 28.7866 4 236 4 0.980
-3.2014 -1.3821 29.9372 26 218 26 0.892
-5.8787 0.8122 30.1899 4 236 4 0.980
-5.2716 1.3261 28.5479 43 205 43 0.826
7.9925 0.8675 29.5304 138 207 20 0.672
-5.8043 0.6126 30.0711 4 236 4 0.980
-5.3952 -1.2640 28.5803 48 200 48 0.804
-7.2019 -2.7274 33.2777 100 217 20 0.771
3.4564 0.3030 30.1912 4 236 4 0.980
2.4194 -3.2721 28.9734 40 207 40 0.837
4.4116 -0.5527 30.1910 43 205 43 0.826
-3.5591 0.5299 30.2377 4 236 4 0.980
3.4571 -3.2214 29.2809 96 218 20 0.782
-5.1179 -1.2124 28.5960 43 205 43 0.826
-5.1491 0.7377 30.2223 4 236 4 0.980
4.1955 -4.1091 28.2652 92 219 20 0.793
-1.7013 0.4830 30.2834 4 236 4 0.980
-2.0575 0.5326 30.1928 4 236 4 0.980
1.2742 0.6364 30.0828 4 236 4 0.980
-3.3092 0.1975 30.2034 29 216 29 0.881
4.0111 -4.2818 27.4658 138 207 20 0.672
-1.6686 -1.5703 29.1049 113 213 20 0.738
1.1951 1.3111 28.4524 40 207 40 0.837
7.9535 0.1545 30.3788 48 200 48 0.804
-1.1676 1.2801 28.5841 32 214 32 0.870
1.6575 0.3890 30.3522 21 222 21 0.914
4.5420 -3.3366 29.0768 40 207 40 0.837
3.3919 -0.5679 30.6185 109 214 20 0.749
4.1104 -3.8842 28.0712 109 214 20 0.749
-1.1401 1.3287 28.3157 40 207 40 0.837
5.2497 -2.5541 28.9155 7 233 7 0.969
-1.9538 -0.2737 29.4435 113 213 20 0.738
5.5410 3.1187 19.5748 29 216 29 0.881
-6.6542 -1.5073 29.2805 121 211 20 0.716
1.7432 -2.7510 28.9837 35 211 35 0.859
0.0375 3.1675 19.4352 35 211 35 0.859
-0.2589 0.9921 29.6487 4 236 4 0.980
5.5409 -4.1881 28.1598 96 218 20 0.782
2.5486 -2.8029 29.6886 133 208 20 0.683
-3.0774 3.1618 19.4619 13 229 13 0.947
7.3128 1.0935 29.2408 125 210 20 0.705
5.5728 -1.0589 30.1277 40 207 40 0.837
-5.8469 0.2163 30.3248 4 236 4 0.980
4.7742 -1.1163 30.1106 29 216 29 0.881
2.3493 0.3672 30.3459 4 236 4 0.980
5.2076 -2.8721 29.0851 48 200 48 0.804
4.0708 -3.9304 27.9643 121 211 20 0.716
5.0248 1.1336 28.8791 24 220 24 0.903
6.4095 0.0307 30.2655 40 207 40 0.837
5.5575 -2.9093 29.1949 96 218 20 0.782
2.6596 -0.5315 30.5521 121 211 20 0.716
6.2963 0.7678 29.7549 26 218 26 0.892
5.6080 -0.4941 30.5409 105 215 20 0.760
2.1295 -2.0185 28.9332 32 214 32 0.870
5.7006 1.2459 28.5401 4 236 4 0.980
-5.0997 0.7758 30.1629 4 236 4 0.980
0.6760 0.9206 29.5334 16 227 16 0.936
5.9941 1.0783 29.0032 26 218 26 0.892
1.4283 -0.5617 30.2429 105 215 20 0.760
-7.5568 0.2716 29.9544 4 236 4 0.980
4.8749 -1.1238 30.1844 18 225 18 0.925
-1.6617 1.0970 29.5548 35 211 35 0.859
3.6147 -1.4715 29.3473 96 218 20 0.782
-1.7308 -2.9723 27.7678 138 207 20 0.672
-4.7024 0.9268 29.7154 18 225 18 0.925
3.6765 -3.1717 28.9452 40 207 40 0.837
2.4188 -2.5521 29.2093 109 214 20 0.749
3.6584 -1.2175 29.3020 113 213 20 0.738
-0.1893 0.9090 29.5837 4 236 4 0.980
3.1368 -3.1456 28.8185 96 218 20 0.782
-4.5112 1.3599 28.5877 29 216 29 0.881
-5.1372 1.0905 29.3496 100 217 20 0.771
-4.4126 0.3553 30.1947 4 236 4 0.980
-6.5251 0.5504 29.9296 4 236 4 0.980
5.9065 0.8485 29.7668 43 205 43 0.826
6.2114 0.1843 30.5259 121 211 20 0.716
0.4288 -0.2558 30.1616 133 208 20 0.683
-4.9335 0.7925 29.5833 32 214 32 0.870
-7.1548 0.2852 29.9998 4 236 4 0.980
1.7156 -0.2381 29.6340 43 205 43 0.826
2.3735 -4.0375 28.4227 121 211 20 0.716
4.1881 0.8176 29.4443 48 200 48 0.804
-4.7963 0.7816 30.2929 4 236 4 0.980
-5.8264 0.8926 29.5219 32 214 32 0.870
6.6085 0.3763 29.9716 21 222 21 0.914
4.7043 0.4543 29.9871 18 225 18 0.925
3.0247 -1.3121 29.5553 125 210 20 0.705
1.7097 -1.7313 29.2390 43 205 43 0.826
3.4427 3.2337 19.1135 96 218 20 0.782
0.2084 -3.3538 27.7895 142 206 20 0.661
2.6068 -0.9400 30.3228 35 211 35 0.859
3.4754 -2.7345 29.5193 113 213 20 0.738
2.6326 -1.9355 29.1804 92 219 20 0.793
5.2055 -0.9806 30.6298 129 209 20 0.694
-5.6035 -1.6734 29.2602 18 225 18 0.925
-7.2427 -2.2838 32.5566 29 216 29 0.881
-0.2481 -1.7769 29.0007 129 209 20 0.694
-5.0450 0.4151 30.1710 4 236 4 0.980
0.6329 -1.0336 30.1009 43 205 43 0.826
4.6396 -2.3469 28.8803 4 236 4 0.980
-3.1975 -0.9217 30.2159 24 220 24 0.903
-3.6470 0.2955 30.3644 13 229 13 0.947
-7.1963 -2.4959 32.8756 18 225 18 0.925
2.0108 -0.3564 30.1005 121 211 20 0.716
-2.2547 -2.0251 28.4945 117 212 20 0.727
-0.5841 -1.4046 28.7363 48 200 48 0.804
-1.4740 1.0526 29.7543 24 220 24 0.903
6.8282 0.3792 30.2736 29 216 29 0.881
1.1193 0.5126 29.9643 4 236 4 0.980
4.0057 -0.8485 29.5177 13 229 13 0.947
5.1210 -3.1587 29.4606 96 218 20 0.782
-4.9996 1.0397 29.8733 16 227 16 0.936
5.0357 0.8688 29.6275 13 229 13 0.947
-7.6291 0.3343 29.9472 4 236 4 0.980
-7.1543 -2.2662 32.4747 35 211 35 0.859
3.3311 -3.1580 28.8387 26 218 26 0.892
0.6801 -0.4880 30.3665 92 219 20 0.793
0.9867 0.6514 30.0112 4 236 4 0.980
-4.1044 0.6778 30.2033 4 236 4 0.980
5.6661 -1.5910 29.4010 100 217 20 0.771
-5.8773 -1.6853 29.3392 4 236 4 0.980
-3.1585 -1.3789 29.9897 38 209 38 0.848
-1.6456 -0.8829 29.5079 109 214 20 0.749
-3.9157 0.9145 29.7792 4 236 4 0.980
4.5674 -3.6771 28.8350 4 236 4 0.980
-1.7349 1.3162 28.5086 46 202 46 0.815
-5.6884 0.6360 30.2051 4 236 4 0.980
2.3495 -2.1723 28.9812 38 209 38 0.848
2.6919 -0.1113 29.9669 16 227 16 0.936
1.7170 -0.4529 29.6528 96 218 20 0.782
-6.5152 -1.8578 30.7077 125 210 20 0.705
1.7676 -1.7943 29.4978 43 205 43 0.826
-2.7647 3.1333 19.6451 35 211 35 0.859
4.6617 -3.4765 28.6805 4 236 4 0.980
1.8034 0.5445 29.9270 4 236 4 0.980
-5.7413 0.5665 30.2206 4 236 4 0.980
0.5805 0.2909 30.4499 18 225 18 0.925
3.6886 -0.5508 30.2608 100 217 20 0.771
-2.7787 0.6463 30.1386 4 236 4 0.980
-2.1139 1.0366 29.8576 21 222 21 0.914
-7.5210 -2.3696 32.1875 96 218 20 0.782
0.7766 1.1322 29.1557 121 211 20 0.716
3.6677 -2.0446 28.8594 26 218 26 0.892
-7.7104 -1.7036 31.9165 7 233 7 0.969
5.2067 -2.4783 28.7619 4 236 4 0.980
-0.3124 0.7626 30.0732 4 236 4 0.980
-2.2043 -0.3221 29.6053 40 207 40 0.837
5.2019 -1.0664 30.1431 18 225 18 0.925
1.3303 -1.3114 28.6134 105 215 20 0.760
-5.7063 -0.5753 29.9480 48 200 48 0.804
5.3838 0.7696 29.8578 24 220 24 0.903
2.8681 -1.7754 29.0569 117 212 20 0.727
5.4399 -2.5863 28.5021 46 202 46 0.815
-5.9458 0.2871 30.3011 4 236 4 0.980
5.6546 -1.3464 29.6535 125 210 20 0.705
-2.1890 0.7316 30.1057 4 236 4 0.980
-5.8249 0.6778 30.3671 4 236 4 0.980
3.9126 0.7487 29.8583 4 236 4 0.980
3.9893 -3.3713 28.6705 142 206 20 0.661
3.3768 -0.5227 30.4966 109 214 20 0.749
-6.0228 -0.1544 30.2874 109 214 20 0.749
-6.6413 0.2007 30.3236 24 220 24 0.903
-0.1943 -0.9102 30.0186 48 200 48 0.804
-2.2308 0.4101 30.4191 40 207 40 0.837
3.1537 0.8736 29.8839 4 236 4 0.980
3.1323 0.9611 29.6495 4 236 4 0.980
2.5036 0.5516 30.1004 10 231 10 0.958
-5.7529 -1.6404 29.3405 4 236 4 0.980
-1.4272 -2.3860 28.8705 24 220 24 0.903
-5.2857 -1.5128 29.2340 113 213 20 0.738
-2.9903 -2.2052 29.2699 142 206 20 0.661
2.4478 -0.3458 30.1897 16 227 16 0.936
3.4730 -3.8886 28.3667 48 200 48 0.804
2.3690 -0.2112 30.3390 21 222 21 0.914
-5.8827 0.5526 30.1837 4 236 4 0.980
-2.2195 1.3358 28.3715 92 219 20 0.793
-0.9486 0.9443 29.6867 13 229 13 0.947
3.7114 -0.1540 30.0836 26 218 26 0.892
5.8719 1.3015 28.4787 4 236 4 0.980
-7.8139 -0.6951 30.9961 92 219 20 0.793
4.5110 0.5047 29.4815 138 207 20 0.672
-3.3463 1.1269 29.0825 96 218 20 0.782
-0.3540 -1.6257 29.4235 125 210 20 0.705
-5.7123 -0.9442 29.7741 113 213 20 0.738
-2.8445 -0.7472 29.7052 142 206 20 0.661
-3.6539 0.6336 30.1992 4 236 4 0.980
-0.7876 -1.1022 29.9900 113 213 20 0.738
-6.1752 0.5727 30.2230 4 236 4 0.980
4.7332 -2.0464 29.3445 105 215 20 0.760
-6.1134 0.1684 30.3445 13 229 13 0.947
4.2513 -2.2553 29.0665 4 236 4 0.980
5.5333 -0.5437 30.6197 105 215 20 0.760
-3.7753 1.2728 28.8240 48 200 48 0.804
-6.1179 1.0135 29.7314 7 233 7 0.969
-3.0406 -1.4671 29.4145 121 211 20 0.716
4.3103 -3.6850 28.4766 35 211 35 0.859
1.4785 -1.7456 29.1521 92 219 20 0.793
3.6979 -0.1044 30.3038 10 231 10 0.958
-6.8281 0.3683 30.0318 4 236 4 0.980
4.1616 -0.8737 29.5784 7 233 7 0.969
4.4962 0.7021 29.9385 13 229 13 0.947
2.0804 0.7542 30.0299 4 236 4 0.980
2.0400 -0.5031 29.5462 92 219 20 0.793
5.1491 0.9394 29.6797 10 231 10 0.958
5.7487 0.3131 30.3172 29 216 29 0.881
7.6144 1.2517 29.0404 117 212 20 0.727
-0.6650 -1.2296 28.6119 92 219 20 0.793
-2.7161 -1.0854 29.7875 133 208 20 0.683
1.2974 0.9332 27.8633 125 210 20 0.705
1.7046 0.7318 29.9353 4 236 4 0.980
5.3566 0.5542 29.8311 16 227 16 0.936
7.5323 0.8982 29.0862 100 217 20 0.771
4.6273 1.1459 29.1723 117 212 20 0.727
6.1398 0.7331 29.9202 38 209 38 0.848
4.6194 -3.6903 28.7533 4 236 4 0.980
-5.2982 -1.1886 28.8488 92 219 20 0.793
5.1185 -1.0248 30.3269 21 222 21 0.914
-6.3367 0.7952 29.9881 4 236 4 0.980
3.6231 0.8909 29.6152 4 236 4 0.980
-5.3019 1.2016 28.6774 40 207 40 0.837
4.1223 0.2160 30.1942 40 207 40 0.837
2.3035 -1.7381 29.4372 92 219 20 0.793
2.8458 -1.0703 30.1827 35 211 35 0.859
-0.8152 1.0022 29.1964 29 216 29 0.881
-2.5164 1.2314 28.9858 113 213 20 0.738
0.3352 0.4215 30.3973 32 214 32 0.870
-2.4873 -0.2863 30.0774 117 212 20 0.727
-2.4516 -0.1799 30.3485 109 214 20 0.749
5.1089 -1.6783 29.3327 129 209 20 0.694
-5.9145 -1.3763 28.6826 38 209 38 0.848
3.2471 -2.7367 29.3271 40 207 40 0.837
-1.8311 -0.2717 29.7818 109 214 20 0.749
5.4849 0.3859 29.9707 4 236 4 0.980
-5.1049 -1.1026 29.6553 105 215 20 0.760
3.2330 -1.6836 29.5809 105 215 20 0.760
-5.8247 -3.9143 28.2802 133 208 20 0.683
3.4869 -3.1350 29.1033 26 218 26 0.892
-7.4062 -0.0746 30.0121 4 236 4 0.980
-3.0645 0.5838 30.0509 4 236 4 0.980
5.7238 -2.5809 28.8201 92 219 20 0.793
2.2434 -2.2265 28.7706 43 205 43 0.826
-0.9211 1.1135 28.9203 10 231 10 0.958
-7.1081 0.2189 29.8403 4 236 4 0.980
0.5474 0.5243 30.0928 4 236 4 0.980
-6.0020 -0.6017 29.8641 100 217 20 0.771
4.6134 -3.6524 28.8177 4 236 4 0.980
-3.1334 -1.4547 29.8716 46 202 46 0.815
5.2876 0.4578 30.0400 4 236 4 0.980
3.2002 -2.6854 29.1938 32 214 32 0.870
-7.3740 0.0723 29.8642 4 236 4 0.980
-0.3229 0.5591 30.1414 4 236 4 0.980
-1.8312 -1.0328 29.2909 96 218 20 0.782
-2.7179 0.9988 29.8067 10 231 10 0.958
-2.8334 1.0103 29.6690 13 229 13 0.947
-4.0524 0.7719 30.1689 4 236 4 0.980
-4.9574 0.4384 30.3292 4 236 4 0.980
5.6351 -2.4443 28.8596 26 218 26 0.892
-3.0907 -1.0347 30.0278 32 214 32 0.870
-4.7950 1.0984 29.3437 117 212 20 0.727
-0.7924 -1.0638 30.0875 113 213 20 0.738
2.6196 0.0356 30.1450 4 236 4 0.980
5.5596 -1.8020 29.5474 48 200 48 0.804
-6.0759 -1.5271 29.0070 96 218 20 0.782
4.2642 -3.7418 28.4839 38 209 38 0.848
-0.7957 -1.0636 30.0596 113 213 20 0.738
-4.8976 0.5178 30.2952 4 236 4 0.980
0.9289 -0.8212 30.0584 117 212 20 0.727
-0.3779 -0.3750 30.1785 117 212 20 0.727
0.6887 3.1534 19.2157 105 215 20 0.760
-3.7819 0.9069 29.7007 4 236 4 0.980
-5.3397 -1.3935 28.5783 48 200 48 0.804
-3.4773 -2.1971 28.9294 121 211 20 0.716
0.6376 0.3026 30.3353 4 236 4 0.980
-4.4612 1.3498 28.4294 32 214 32 0.870
0.0208 -1.0078 29.2023 125 210 20 0.705
2.4952 -3.7229 28.4497 117 212 20 0.727
-7.6134 -2.7055 32.7445 18 225 18 0.925
7.5687 0.2704 30.5251 32 214 32 0.870
1.6218 -1.0808 29.7930 121 211 20 0.716
-7.4535 -0.1133 29.6896 29 216 29 0.881
-7.6542 -0.7853 31.2611 29 216 29 0.881
-6.6986 0.4499 30.0994 4 236 4 0.980
4.3108 -0.3245 29.7715 142 206 20 0.661
5.0746 0.6296 30.0571 4 236 4 0.980
3.6382 -1.0743 29.9500 92 219 20 0.793
-2.1628 0.9334 29.7331 13 229 13 0.947
-2.9166 -0.9523 30.2045 43 205 43 0.826
1.8796 -2.2367 28.7989 18 225 18 0.925
-6.2712 0.3692 30.3989 38 209 38 0.848
-7.5592 -1.1300 31.7957 21 222 21 0.914
4.7686 -3.6590 28.8744 4 236 4 0.980
4.8351 -0.4821 30.4307 109 214 20 0.749
-6.1959 -1.6475 29.7452 117 212 20 0.727
0.6417 1.3103 28.4542 32 214 32 0.870
-3.1871 -1.0518 30.0589 10 231 10 0.958
-2.3580 0.2003 30.3019 35 211 35 0.859
4.6660 -3.5435 28.7624 4 236 4 0.980
3.8696 -2.1383 28.8326 4 236 4 0.980
-1.9918 3.1285 19.6320 29 216 29 0.881
5.2303 3.1350 19.2092 18 225 18 0.925
-1.6617 0.8477 29.6491 29 216 29 0.881
-4.3027 0.7396 30.2575 4 236 4 0.980
5.1710 -2.7162 29.1260 35 211 35 0.859
-0.3407 -1.2114 28.6450 48 200 48 0.804
0.9605 0.9094 29.1643 113 213 20 0.738
-1.0838 0.5935 30.0495 7 233 7 0.969
4.2089 -1.9945 29.0284 29 216 29 0.881
5.2916 0.2959 30.1785 4 236 4 0.980
7.4651 0.8469 29.5444 92 219 20 0.793
0.6724 0.5940 30.0054 4 236 4 0.980
5.6077 -2.7348 28.4247 121 211 20 0.716
-1.6715 -1.9972 28.4950 109 214 20 0.749
3.2399 -3.1800 29.1411 24 220 24 0.903
0.2245 -2.5388 27.6496 133 208 20 0.683
2.0633 0.6091 29.8706 4 236 4 0.980
4.1289 1.1182 29.6135 43 205 43 0.826
-5.6826 0.7343 30.1858 4 236 4 0.980
-1.4975 -0.9718 30.2807 92 219 20 0.793
2.2958 -1.1945 29.6165 105 215 20 0.760
5.3151 1.2986 28.4758 13 229 13 0.947
5.0659 0.5500 30.0034 4 236 4 0.980
-3.9694 0.5226 30.2534 4 236 4 0.980
-0.8930 1.2583 28.6928 4 236 4 0.980
2.0644 -2.1211 28.8879 13 229 13 0.947
5.8023 0.2823 30.3607 35 211 35 0.859
3.6019 -3.6842 28.5945 92 219 20 0.793
-4.9160 -1.3967 28.5516 109 214 20 0.749
-3.4113 1.2442 29.0141 96 218 20 0.782
-4.8169 0.9926 29.7213 7 233 7 0.969
-0.8456 -1.0218 30.1200 109 214 20 0.749
3.4764 0.0991 30.3707 4 236 4 0.980
-4.4993 0.9506 29.7873 7 233 7 0.969
2.8085 -0.3276 30.1933 35 211 35 0.859
1.3121 -1.0411 30.1834 92 219 20 0.793
4.2654 -0.8244 29.5801 21 222 21 0.914
1.5622 -0.2148 29.9436 100 217 20 0.771
1.5336 0.4470 30.2338 4 236 4 0.980
-7.2576 -0.1642 30.0188 21 222 21 0.914
0.4501 -3.6173 28.8999 142 206 20 0.661
-1.7693 -0.3729 29.8238 117 212 20 0.727
1.7418 1.2108 28.3737 43 205 43 0.826
2.2622 -1.3507 29.2296 100 217 20 0.771
6.2557 0.6933 30.0922 48 200 48 0.804
-7.2168 1.0475 29.8800 121 211 20 0.716
-4.6073 0.8685 29.7998 16 227 16 0.936
5.2185 -2.4380 28.7542 4 236 4 0.980
1.3197 -0.7084 30.3615 48 200 48 0.804
-5.8102 1.3547 28.7370 24 220 24 0.903
-5.5721 -1.7393 28.7595 133 208 20 0.683
2.6234 0.3696 30.2493 4 236 4 0.980
4.8079 -2.7021 28.7572 29 216 29 0.881
2.1431 -0.3852 29.6351 32 214 32 0.870
-0.9873 1.0382 29.3699 48 200 48 0.804
5.2863 0.2429 30.2183 16 227 16 0.936
-0.2470 -2.6732 27.4081 142 206 20 0.661
-4.3345 1.3259 28.5244 35 211 35 0.859
-3.8715 -1.3991 28.9327 142 206 20 0.661
-4.1402 0.7694 30.1981 4 236 4 0.980
5.1396 -2.2938 29.1241 46 202 46 0.815
5.3915 1.0622 29.7612 40 207 40 0.837
-5.9011 0.4448 30.6558 96 218 20 0.782
-0.1159 1.0267 29.6627 4 236 4 0.980
0.8623 1.3122 28.4649 26 218 26 0.892
3.3373 3.3306 18.5945 121 211 20 0.716
-2.8824 -0.3989 30.5258 96 218 20 0.782
6.5930 0.1284 30.3286 16 227 16 0.936
-4.2351 0.6769 30.2935 4 236 4 0.980
2.2129 -2.2256 28.7899 32 214 32 0.870
2.5420 -0.5103 30.3951 43 205 43 0.826
3.6107 1.1196 29.0955 100 217 20 0.771
-4.6570 0.1352 29.7754 125 210 20 0.705
-4.2937 0.2284 30.0873 4 236 4 0.980
0.0421 1.2681 28.4760 21 222 21 0.914
2.1424 0.6424 29.9913 4 236 4 0.980
-7.2670 0.2911 29.8799 4 236 4 0.980
2.5945 -0.5398 30.5290 113 213 20 0.738
5.2033 -2.5589 28.8765 7 233 7 0.969
-2.5580 0.1636 30.0958 40 207 40 0.837
5.1694 0.5515 29.4840 125 210 20 0.705
-5.5411 0.6252 30.2350 4 236 4 0.980
5.4711 1.2947 28.3993 13 229 13 0.947
2.7815 -0.0528 30.1035 4 236 4 0.980
1.8879 1.2728 28.5945 38 209 38 0.848
-1.6045 -2.6614 28.8696 113 213 20 0.738
-0.7508 1.2478 28.6879 4 236 4 0.980
-3.5522 1.2630 28.8621 96 218 20 0.782
3.8042 0.5862 29.9487 29 216 29 0.881
-7.9552 -1.8744 31.9598 38 209 38 0.848
5.0326 1.1572 28.7369 7 233 7 0.969
4.8740 -2.7793 28.8916 21 222 21 0.914
3.6326 0.1326 30.5151 18 225 18 0.925
-6.6544 0.9438 29.9675 21 222 21 0.914
2.7273 -3.8056 28.4046 109 214 20 0.749
-5.0413 -2.8371 29.5737 142 206 20 0.661
-5.8747 0.7711 30.1747 4 236 4 0.980
-3.6829 -1.0532 29.0268 113 213 20 0.738
-3.7071 -2.0011 28.5329 117 212 20 0.727
-1.5540 0.8834 29.6519 26 218 26 0.892
5.1501 -1.0758 30.2678 16 227 16 0.936
-4.7027 0.6651 30.1607 4 236 4 0.980
5.0360 1.2998 28.4753 26 218 26 0.892
-7.3657 -2.0224 31.9219 26 218 26 0.892
-1.8119 0.2047 29.9069 40 207 40 0.837
-1.3508 1.3162 28.5044 40 207 40 0.837
-1.1362 -2.2066 29.0035 43 205 43 0.826
-4.6012 -1.2841 28.7533 105 215 20 0.760
1.3853 -0.5037 30.4844 46 202 46 0.815
-4.6578 1.3107 28.7587 46 202 46 0.815
-6.7267 0.2039 29.9846 4 236 4 0.980
-7.5348 -1.0908 31.9928 46 202 46 0.815
-2.2581 0.6967 30.1074 4 236 4 0.980
4.4622 -3.5761 28.8316 4 236 4 0.980
4.4134 -0.2904 30.1850 92 219 20 0.793
-1.6189 0.5327 30.1288 4 236 4 0.980
-1.1252 0.6425 30.0759 4 236 4 0.980
2.5824 0.3715 30.5298 4 236 4 0.980
2.7797 -2.2122 29.4319 92 219 20 0.793
2.9211 0.2263 30.4905 4 236 4 0.980
-3.9996 1.3526 27.9979 125 210 20 0.705
-0.6807 1.1123 29.0029 4 236 4 0.980
-4.5673 -1.5260 29.1446 100 217 20 0.771
-4.1197 3.1145 18.6845 138 207 20 0.672
2.6230 0.8052 29.7999 92 219 20 0.793
-3.2945 -0.9602 30.3558 32 214 32 0.870
1.5712 -0.4841 30.4664 109 214 20 0.749
-5.0904 0.8235 29.9102 4 236 4 0.980
2.0690 1.3327 28.2277 46 202 46 0.815
4.9884 -2.6030 28.7397 16 227 16 0.936
-7.2242 -2.5052 32.9832 24 220 24 0.903
1.8987 -1.7303 29.3468 105 215 20 0.760
-4.4108 0.2134 30.0962 13 229 13 0.947
-2.6622 1.2947 28.6769 105 215 20 0.760
-3.2577 -0.3882 30.4208 32 214 32 0.870
5.5761 1.2620 28.6207 4 236 4 0.980
-1.8529 -0.9829 29.7409 43 205 43 0.826
2.6375 0.2987 30.4748 4 236 4 0.980
-5.6553 -1.7234 29.0446 26 218 26 0.892
4.9696 0.8002 29.4908 29 216 29 0.881
3.3049 -3.2289 29.3432 48 200 48 0.804
5.0816 0.9308 29.7215 10 231 10 0.958
0.0264 -0.8607 29.8961 32 214 32 0.870
3.3358 0.3947 30.1900 4 236 4 0.980
-3.5182 1.2531 29.0073 100 217 20 0.771
-2.8887 0.6052 30.0622 4 236 4 0.980
2.7688 1.3515 28.0500 48 200 48 0.804
0.7612 0.8223 29.8058 4 236 4 0.980
-5.0646 0.5118 30.3299 4 236 4 0.980
-5.5517 -1.4194 28.8285 32 214 32 0.870
0.1088 1.2537 28.6327 7 233 7 0.969
5.6290 -1.4701 29.6401 100 217 20 0.771
2.9618 0.6395 30.0183 21 222 21 0.914
3.3306 0.3929 30.1506 4 236 4 0.980
-1.4091 0.9571 29.8089 32 214 32 0.870
-5.2511 0.4810 30.4630 18 225 18 0.925
2.8848 0.2249 30.4358 4 236 4 0.980
5.2776 -1.0477 30.2872 7 233 7 0.969
4.8743 -0.0017 30.3995 142 206 20 0.661
-5.3068 0.8916 29.7864 4 236 4 0.980
4.2903 -2.7653 28.8551 21 222 21 0.914
-6.0365 0.7712 30.1606 4 236 4 0.980
2.8792 -2.7333 29.3244 46 202 46 0.815
-6.8290 0.0299 29.9568 4 236 4 0.980
5.3706 -0.5377 30.5013 48 200 48 0.804
-4.8305 0.9554 29.8182 7 233 7 0.969
-4.6706 0.6118 30.1547 4 236 4 0.980
0.4875 -1.0333 30.1980 46 202 46 0.815
-4.4645 0.6148 30.1468 4 236 4 0.980
-2.6672 0.9960 29.7490 7 233 7 0.969
3.4493 0.9493 29.6938 4 236 4 0.980
1.7520 0.5060 28.9935 142 206 20 0.661
3.5576 -3.4908 28.7983 24 220 24 0.903
-6.6693 -1.5088 29.3718 125 210 20 0.705
1.8450 -1.9382 28.9358 92 219 20 0.793
-6.3857 0.8631 29.8846 4 236 4 0.980
5.4937 -2.3557 28.8743 4 236 4 0.980
-5.3946 -0.1908 29.8972 125 210 20 0.705
-4.9029 0.3827 30.3692 24 220 24 0.903
4.5317 -2.5528 28.9447 4 236 4 0.980
-3.1442 0.6159 30.1174 4 236 4 0.980
5.1977 -3.3260 29.0976 48 200 48 0.804
0.2053 0.8252 29.7961 4 236 4 0.980
-4.4115 0.1735 30.3087 26 218 26 0.892
0.6059 -1.4254 28.5351 105 215 20 0.760
-3.4984 -1.3255 30.0676 32 214 32 0.870
4.1200 -2.2887 28.7864 18 225 18 0.925
4.4842 -1.0009 30.2232 46 202 46 0.815
-6.9119 0.3105 29.9747 4 236 4 0.980
5.7231 0.3798 30.4423 40 207 40 0.837
3.8654 0.8584 29.7498 4 236 4 0.980
-0.3903 1.1278 29.3001 35 211 35 0.859
7.8823 0.1890 30.2734 96 218 20 0.782
-1.6545 1.0976 29.5862 29 216 29 0.881
5.1822 -1.1231 30.1798 16 227 16 0.936
4.4352 -1.9197 29.5561 109 214 20 0.749
1.9395 -2.4816 28.9150 24 220 24 0.903
5.8449 1.2659 28.5152 4 236 4 0.980
-5.9885 0.7305 30.0661 4 236 4 0.980
4.5827 -3.5611 28.8555 4 236 4 0.980
-4.7001 0.7535 30.3800 4 236 4 0.980
0.2037 0.8234 29.8103 4 236 4 0.980
-2.5251 0.7984 30.1616 10 231 10 0.958
-7.2883 -1.8921 32.0654 38 209 38 0.848
0.6971 -0.5882 30.4106 48 200 48 0.804
-2.0169 0.7113 30.1250 4 236 4 0.980
-4.1467 0.7346 30.1566 4 236 4 0.980
-1.3444 1.0296 29.6316 10 231 10 0.958
5.5750 0.0719 30.1589 32 214 32 0.870
3.9398 0.2627 30.5985 40 207 40 0.837
-5.8506 0.5048 30.1010 4 236 4 0.980
5.0902 -1.4881 30.1400 21 222 21 0.914
4.1348 0.9653 29.3887 46 202 46 0.815
1.9358 -2.4041 28.7845 13 229 13 0.947
-6.3264 -2.6727 28.2129 142 206 20 0.661
1.4790 -3.1336 29.0377 121 211 20 0.716
3.8094 0.0219 30.3201 10 231 10 0.958
-1.6720 -2.1006 28.6471 117 212 20 0.727
-6.8727 0.1576 30.0568 4 236 4 0.980
-5.1773 -1.0623 29.8057 117 212 20 0.727
3.2139 0.1777 30.3230 4 236 4 0.980
0.5308 1.3108 28.4356 16 227 16 0.936
-0.2634 -1.8490 28.0988 142 206 20 0.661
2.0747 -0.3494 29.5592 35 211 35 0.859
-0.8353 -3.2023 29.0302 46 202 46 0.815
-4.4761 1.2985 28.6288 32 214 32 0.870
1.3498 0.5147 30.0752 4 236 4 0.980
2.4282 -2.6687 29.1929 105 215 20 0.760
-7.3542 -0.7698 32.2519 117 212 20 0.727
-0.6122 -3.1496 28.7677 105 215 20 0.760
4.7193 3.1507 19.1054 100 217 20 0.771
6.2084 1.0709 28.8364 21 222 21 0.914
-2.3604 0.6413 30.0944 4 236 4 0.980
2.9159 -0.9970 30.8602 142 206 20 0.661
1.5850 -1.5727 29.0900 92 219 20 0.793
3.3378 -2.0507 29.6652 121 211 20 0.716
-6.1468 0.8609 29.9613 4 236 4 0.980
2.3744 -1.0855 29.7636 105 215 20 0.760
0.9195 0.5827 30.0138 4 236 4 0.980
4.1594 1.1408 29.0887 24 220 24 0.903
-4.4987 0.9505 29.7814 7 233 7 0.969
1.0445 0.8104 29.6234 40 207 40 0.837
-6.1353 1.3352 28.7110 92 219 20 0.793
3.5278 -2.4264 28.8373 35 211 35 0.859
3.3121 0.1428 30.0398 4 236 4 0.980
-0.3140 -1.7026 28.7488 121 211 20 0.716
-4.4302 0.7710 30.0451 4 236 4 0.980
1.6008 -0.2504 30.2008 121 211 20 0.716
0.6630 0.7038 30.0795 4 236 4 0.980
-6.9575 0.8441 29.9217 40 207 40 0.837
-3.5898 0.4986 30.3951 4 236 4 0.980
6.4827 1.0259 30.3424 138 207 20 0.672
-4.3638 0.6932 30.1379 4 236 4 0.980
-0.1068 0.3327 30.5165 46 202 46 0.815
-2.6264 -1.0810 30.1832 105 215 20 0.760
-1.4879 -0.4606 30.4289 43 205 43 0.826
5.9321 3.1197 19.5925 109 214 20 0.749
-2.5134 0.2245 30.2751 35 211 35 0.859
3.5023 -2.6427 29.0453 24 220 24 0.903
-4.2803 -3.1370 28.2863 142 206 20 0.661
3.6442 -1.3614 29.6499 96 218 20 0.782
-1.3617 -0.6298 30.5721 43 205 43 0.826
3.5331 -1.8510 29.1947 38 209 38 0.848
-6.9002 -0.0422 29.9121 4 236 4 0.980
5.6025 -2.3233 28.7184 29 216 29 0.881
3.8166 0.6873 30.0877 43 205 43 0.826
0.0267 0.5260 30.1326 21 222 21 0.914
-3.5933 0.2972 30.5306 46 202 46 0.815
-2.8805 1.1175 29.3869 109 214 20 0.749
-3.9937 0.9549 29.7331 4 236 4 0.980
-3.5924 -0.9434 29.7687 48 200 48 0.804
4.2914 -1.9229 29.2434 40 207 40 0.837
-3.4704 0.4193 30.4856 21 222 21 0.914
1.3290 0.3348 30.4697 48 200 48 0.804
2.2661 -3.7259 28.4630 117 212 20 0.727
4.8476 1.0729 29.6785 32 214 32 0.870
-7.0095 0.8798 29.8407 43 205 43 0.826
-1.5810 -0.6674 30.0090 133 208 20 0.683
-5.7107 -1.4281 28.5842 96 218 20 0.782
-1.1671 0.9631 29.7279 4 236 4 0.980
1.2985 -0.4972 30.5600 46 202 46 0.815
6.1157 -1.8353 28.6091 138 207 20 0.672
4.8106 0.4426 30.1854 24 220 24 0.903
4.7092 -2.1242 29.2892 100 217 20 0.771
-3.6009 -0.8305 29.8999 40 207 40 0.837
4.2444 0.6998 29.9827 7 233 7 0.969
-3.6615 -0.8823 29.8668 40 207 40 0.837
-3.3533 -1.3269 30.1493 16 227 16 0.936
3.5863 -0.0855 30.1439 13 229 13 0.947
2.4668 -0.3198 30.1367 13 229 13 0.947
-3.4920 0.2917 30.5440 40 207 40 0.837
3.9551 -1.9115 29.0152 38 209 38 0.848
-6.5373 0.0316 30.8426 32 214 32 0.870
-2.1658 0.8964 29.6618 18 225 18 0.925
3.9248 -0.8232 29.4961 26 218 26 0.892
2.4089 -0.9992 30.0272 46 202 46 0.815
-6.2358 0.2023 30.7185 24 220 24 0.903
5.1595 0.4762 30.2227 4 236 4 0.980
5.4333 0.6144 30.0753 4 236 4 0.980
-3.5212 -1.8313 27.8553 138 207 20 0.672
2.4962 -0.4260 30.2538 21 222 21 0.914
-2.7864 0.7917 29.9100 4 236 4 0.980
-3.9468 -0.8873 29.8050 100 217 20 0.771
-2.4881 -3.1971 29.0135 113 213 20 0.738
-1.3940 1.3579 28.1232 92 219 20 0.793
-5.0667 0.7367 30.1841 4 236 4 0.980
-6.3889 0.5703 29.9816 4 236 4 0.980
-3.7112 0.9089 29.8322 4 236 4 0.980
2.8458 3.1494 19.4626 24 220 24 0.903
0.9315 -0.5037 30.4620 32 214 32 0.870
-3.1841 0.2258 30.3520 35 211 35 0.859
-3.8485 -3.7677 27.6579 142 206 20 0.661
0.4597 0.7932 29.9039 4 236 4 0.980
3.2737 0.0775 30.2361 4 236 4 0.980
-3.2138 0.3060 30.3486 13 229 13 0.947
-5.7688 0.6888 30.1892 4 236 4 0.980
3.6075 0.0347 30.2982 4 236 4 0.980
-4.7128 0.5650 30.1677 4 236 4 0.980
2.8786 0.3362 30.3507 4 236 4 0.980
2.2396 -1.4038 29.0558 100 217 20 0.771
-5.6277 0.6802 30.1615 4 236 4 0.980
5.4986 0.0947 30.7869 129 209 20 0.694
-3.7459 0.5605 30.2533 4 236 4 0.980
3.6351 -1.2788 29.7684 96 218 20 0.782
3.4471 0.2207 30.3421 4 236 4 0.980
-4.8344 1.3460 28.3864 96 218 20 0.782
-7.8655 -1.1007 31.4009 92 219 20 0.793
-1.4824 -0.2807 30.0429 109 214 20 0.749
5.0411 0.9762 29.6918 13 229 13 0.947
5.2129 0.4223 29.7569 38 209 38 0.848
2.7883 0.1399 30.4548 4 236 4 0.980
5.3696 1.1132 29.0275 24 220 24 0.903
3.2464 -3.1216 29.2023 32 214 32 0.870
6.5124 0.2426 30.2462 7 233 7 0.969
-6.4839 0.3080 30.6499 24 220 24 0.903
-7.6125 0.8087 29.1075 133 208 20 0.683
-2.2927 0.1674 29.8874 96 218 20 0.782
2.1626 0.2714 30.2458 4 236 4 0.980
-5.3258 0.2192 30.3611 24 220 24 0.903
-6.4648 0.4123 30.2983 7 233 7 0.969
0.4661 0.7099 30.2253 13 229 13 0.947
-6.1940 0.6239 30.1090 4 236 4 0.980
-5.7406 0.4691 30.3267 4 236 4 0.980
-1.6938 1.3185 28.6364 96 218 20 0.782
-5.2328 0.2662 30.2978 7 233 7 0.969
4.8407 -2.1885 28.9348 7 233 7 0.969
-3.6438 -3.1567 28.3279 138 207 20 0.672
5.3484 -3.4814 29.0162 96 218 20 0.782
1.0909 0.8392 30.0165 18 225 18 0.925
-4.9476 0.5653 30.2241 4 236 4 0.980
-3.1916 -1.3422 30.0163 18 225 18 0.925
-2.2575 3.1501 19.4744 38 209 38 0.848
-0.6115 0.3879 30.3078 26 218 26 0.892
4.8915 -2.1389 29.8019 133 208 20 0.683
1.0615 1.1755 29.0087 109 214 20 0.749
-2.9888 1.2396 28.8158 113 213 20 0.738
-4.0758 0.6150 30.1630 4 236 4 0.980
2.5328 -2.5048 29.5762 125 210 20 0.705
5.2022 3.1667 19.4121 4 236 4 0.980
5.4824 -2.0425 29.4082 48 200 48 0.804
-4.5620 0.3115 30.2043 4 236 4 0.980
-4.0572 0.3059 30.2892 4 236 4 0.980
-7.2692 0.3107 30.0771 4 236 4 0.980
-3.1415 0.2999 30.3362 18 225 18 0.925
0.1488 1.2057 28.9404 35 211 35 0.859
2.8368 0.0739 30.3338 4 236 4 0.980
-1.8365 0.4729 30.3993 18 225 18 0.925
-3.1474 0.4845 30.0211 4 236 4 0.980
-1.1800 1.3164 28.4908 40 207 40 0.837
-1.6685 0.6857 30.1591 4 236 4 0.980
0.6419 -0.9190 30.4737 109 214 20 0.749
2.0133 0.7518 30.0710 4 236 4 0.980
-7.2112 -2.1694 32.4029 40 207 40 0.837
-6.0110 0.4399 30.1700 4 236 4 0.980
-2.9398 0.6751 30.1592 4 236 4 0.980
-5.4544 0.6067 30.2163 4 236 4 0.980
4.9763 -1.3635 30.1580 10 231 10 0.958
4.8278 0.5283 29.9722 4 236 4 0.980
-1.6586 0.4121 30.5001 43 205 43 0.826
1.3715 0.7521 29.9304 4 236 4 0.980
-3.7592 3.1801 19.2965 18 225 18 0.925
6.5464 1.2399 28.5600 117 212 20 0.727
2.1354 0.5073 30.1669 4 236 4 0.980
0.6062 0.4230 30.2886 4 236 4 0.980
-5.5922 1.3052 28.6043 29 216 29 0.881
-0.9043 1.1866 28.8016 4 236 4 0.980
1.0254 0.8970 27.8442 117 212 20 0.727
3.0221 -2.7356 29.1753 40 207 40 0.837
3.0758 0.0308 30.1942 4 236 4 0.980
-1.5108 0.6653 30.1162 4 236 4 0.980
0.1014 0.4831 30.3433 43 205 43 0.826
5.5139 -2.2261 28.8380 16 227 16 0.936
-6.3100 0.2488 30.8035 18 225 18 0.925
-0.7512 1.1782 28.9014 4 236 4 0.980
1.2404 -1.3174 28.8088 96 218 20 0.782
5.0500 1.2361 28.7068 7 233 7 0.969
-2.5104 0.6745 30.1008 4 236 4 0.980
-3.0551 0.6073 30.1029 4 236 4 0.980
5.1767 -3.9610 28.8562 129 209 20 0.694
-4.3788 0.2169 30.2197 7 233 7 0.969
2.1289 0.2164 30.0301 4 236 4 0.980
4.7775 -0.5614 30.6296 121 211 20 0.716
-6.0014 0.1285 30.4029 4 236 4 0.980
0.5892 0.6474 29.9473 4 236 4 0.980
2.9877 -2.2961 28.8977 46 202 46 0.815
-6.8183 -0.1717 29.8996 18 225 18 0.925
-5.0675 0.6477 30.0856 4 236 4 0.980
2.5951 3.1586 19.2508 35 211 35 0.859
-7.4438 -0.5312 29.6028 138 207 20 0.672
-4.6757 0.5753 29.9960 4 236 4 0.980
1.6649 0.5651 29.9558 4 236 4 0.980
-4.8399 0.5584 30.0451 4 236 4 0.980
3.4169 -1.9441 29.4092 40 207 40 0.837
5.5204 3.2984 18.4469 142 206 20 0.661
2.6917 0.4981 30.0933 32 214 32 0.870
0.4481 -1.2571 28.7117 46 202 46 0.815
5.3910 0.3709 30.0443 4 236 4 0.980
2.9567 1.3495 27.9456 48 200 48 0.804
5.5294 -0.5566 30.6044 105 215 20 0.760
-2.0960 -1.0315 29.8134 35 211 35 0.859
5.1334 -1.4958 29.9557 21 222 21 0.914
-4.8127 0.9113 29.6118 21 222 21 0.914
6.3170 0.3322 30.2557 10 231 10 0.958
1.0963 0.7371 29.8438 4 236 4 0.980
-4.1597 -4.1627 27.1662 138 207 20 0.672
3.2309 0.4226 30.0849 4 236 4 0.980
4.3574 1.2968 28.4104 48 200 48 0.804
-4.0854 0.9952 29.7819 4 236 4 0.980
-4.4726 1.3792 28.2238 46 202 46 0.815
3.5783 1.1311 29.0647 100 217 20 0.771
3.6749 -4.3113 28.0174 105 215 20 0.760
-3.9638 0.5592 30.3891 4 236 4 0.980
-3.5934 -2.0692 29.2399 113 213 20 0.738
4.3296 0.2057 30.3058 35 211 35 0.859
-0.5690 1.2244 28.7052 21 222 21 0.914
1.1501 0.4734 30.1825 4 236 4 0.980
0.2056 0.8812 29.6147 4 236 4 0.980
5.3782 -1.9495 29.2959 92 219 20 0.793
-5.6307 0.7907 30.2315 4 236 4 0.980
-0.0598 -0.9731 5.2699 133 208 20 0.683
2.5672 1.2198 28.7838 105 215 20 0.760
4.5508 -3.7933 28.8654 4 236 4 0.980
0.4669 0.9851 29.6880 4 236 4 0.980
-6.2276 -0.2045 30.5650 117 212 20 0.727
4.2337 0.2742 30.4638 21 222 21 0.914
-7.8941 -1.4434 32.2560 109 214 20 0.749
3.6162 -2.3733 29.1100 7 233 7 0.969
-4.0919 -1.6952 28.5406 109 214 20 0.749
5.1115 0.8003 29.6773 7 233 7 0.969
5.5267 1.3004 28.4340 4 236 4 0.980
4.8817 -2.4259 29.0348 7 233 7 0.969
-1.5447 -3.6026 28.9378 142 206 20 0.661
-4.1352 -1.0169 28.7559 100 217 20 0.771
-5.7956 0.6278 30.2216 4 236 4 0.980
3.6507 -1.9517 29.3181 29 216 29 0.881
-0.4337 1.1892 29.1287 43 205 43 0.826
0.3268 1.2681 28.6563 18 225 18 0.925
1.8524 -0.2832 29.6300 21 222 21 0.914
-5.6468 1.0869 29.6657 26 218 26 0.892
-7.6523 0.2090 29.9448 4 236 4 0.980
3.1345 0.8715 29.4458 26 218 26 0.892
-3.2740 1.3220 28.4907 117 212 20 0.727
-3.3474 -0.9656 30.2943 29 216 29 0.881
-0.4225 1.0952 29.4509 24 220 24 0.903
4.2721 3.1776 19.3977 24 220 24 0.903
4.5008 -2.3371 28.9090 4 236 4 0.980
4.6553 -1.5073 30.3282 105 215 20 0.760
-3.5998 0.8507 29.5637 35 211 35 0.859
2.8517 -3.6989 28.6507 105 215 20 0.760
1.6732 -2.4316 28.8895 29 216 29 0.881
-4.6797 0.9860 29.8738 26 218 26 0.892
3.1203 -2.7732 29.2976 35 211 35 0.859
4.7289 -1.1592 30.2218 29 216 29 0.881
4.3109 -3.9912 28.1863 96 218 20 0.782
1.0253 0.8782 29.7288 29 216 29 0.881
4.3795 -4.0640 28.4772 92 219 20 0.793
-6.6312 0.6069 30.2103 4 236 4 0.980
4.6816 -1.4713 30.0149 38 209 38 0.848
-7.6305 -0.2173 29.9729 109 214 20 0.749
3.9988 -4.3168 28.2835 109 214 20 0.749
-7.1005 0.8580 29.4451 121 211 20 0.716
-5.1528 0.6241 30.0787 4 236 4 0.980
3.0285 -3.2926 29.0675 24 220 24 0.903
4.8005 0.4712 30.1994 26 218 26 0.892
4.4993 -3.5078 28.8570 4 236 4 0.980
-2.1075 0.7235 30.0726 4 236 4 0.980
3.4064 -3.3679 28.8526 16 227 16 0.936
3.2711 0.1488 30.1343 4 236 4 0.980
6.7789 0.2085 30.2313 18 225 18 0.925
-4.2758 0.9644 29.7539 4 236 4 0.980
-0.7710 -2.7167 28.9406 113 213 20 0.738
-2.3054 -0.4452 30.2390 109 214 20 0.749
-4.4272 1.3003 28.4262 35 211 35 0.859
-1.2847 -0.8885 30.5060 43 205 43 0.826
3.6323 -2.8993 29.1283 96 218 20 0.782
6.1338 1.3471 28.2907 43 205 43 0.826
-3.5973 -2.3543 29.1324 100 217 20 0.771
-5.4062 1.3793 28.2253 121 211 20 0.716
3.5259 -0.1335 30.2376 7 233 7 0.969
5.1090 -2.6324 29.0221 24 220 24 0.903
-4.5509 1.2907 28.6441 29 216 29 0.881
-0.2794 0.6716 29.9528 4 236 4 0.980
5.4711 1.1241 28.6953 4 236 4 0.980
-5.7502 -0.9406 29.7223 109 214 20 0.749
-5.9268 0.9247 29.8044 4 236 4 0.980
4.8917 -2.5688 28.9923 4 236 4 0.980
2.9777 -2.7192 29.1643 40 207 40 0.837
1.4986 -3.5534 29.3306 142 206 20 0.661
2.2376 -1.9983 28.9388 32 214 32 0.870
5.2765 -0.5212 30.4918 46 202 46 0.815
-3.2818 -0.4898 30.4467 32 214 32 0.870
-3.0075 3.1536 19.3413 21 222 21 0.914
-7.1298 -2.4455 32.7829 16 227 16 0.936
3.5100 -1.6885 29.3891 35 211 35 0.859
7.1239 0.3323 30.3213 46 202 46 0.815
5.3922 -0.8901 30.2188 29 216 29 0.881
2.5617 -1.0106 30.2052 32 214 32 0.870
5.2595 -2.4691 28.6427 26 218 26 0.892
-1.7330 -2.0932 28.4146 109 214 20 0.749
-1.9716 1.0844 29.6910 21 222 21 0.914
5.5435 0.5816 30.0074 10 231 10 0.958
3.8242 0.9055 29.7325 4 236 4 0.980
-6.3814 1.3764 28.1972 133 208 20 0.683
4.7805 -3.2370 28.7351 38 209 38 0.848
6.0341 -1.9361 30.7840 142 206 20 0.661
-5.5945 0.8261 29.7015 7 233 7 0.969
-1.4879 -2.2169 28.9699 35 211 35 0.859
2.5129 -3.5999 28.9287 92 219 20 0.793
5.2612 -2.1757 28.9077 16 227 16 0.936
5.6652 -2.3080 28.8892 32 214 32 0.870
1.4340 -0.7940 29.4122 142 206 20 0.661
-3.5962 3.1338 19.1897 32 214 32 0.870
-4.4185 0.7655 30.1195 4 236 4 0.980
5.5704 -3.6469 28.4922 121 211 20 0.716
4.0657 -2.5867 28.7216 46 202 46 0.815
3.1591 -0.1847 30.1769 92 219 20 0.793
5.1818 -2.7787 29.4456 105 215 20 0.760
5.1933 -2.2054 28.8932 13 229 13 0.947
5.2414 1.1351 28.6792 4 236 4 0.980
1.5956 -1.7701 29.3270 29 216 29 0.881
5.4515 0.7966 29.7211 35 211 35 0.859
0.2994 0.4975 30.2805 13 229 13 0.947
3.7333 0.9692 29.7044 4 236 4 0.980
-5.0907 -1.2605 28.6626 46 202 46 0.815
-1.2592 -0.9825 30.2675 32 214 32 0.870
-2.1486 -1.1108 29.2332 100 217 20 0.771
6.6516 0.1548 30.0377 24 220 24 0.903
-2.9818 1.3347 28.3401 100 217 20 0.771
-5.8418 0.2915 30.4380 4 236 4 0.980
1.2267 0.5136 30.0608 4 236 4 0.980
5.3739 3.2373 19.2153 21 222 21 0.914
2.5145 -1.4289 29.3204 96 218 20 0.782
0.9518 -0.5620 30.3068 40 207 40 0.837
-4.0074 1.0139 29.8600 4 236 4 0.980
-0.6227 1.2438 28.5623 35 211 35 0.859
-2.3141 -1.7481 29.1714 117 212 20 0.727
-2.5262 0.5188 30.2227 4 236 4 0.980
-3.7860 -0.8862 29.6800 96 218 20 0.782
-3.8737 -0.8216 29.8306 96 218 20 0.782
5.1886 -0.5756 30.7710 117 212 20 0.727
-2.1635 1.3060 28.4435 92 219 20 0.793
-5.1739 0.7435 30.1771 4 236 4 0.980
4.2085 -0.6951 29.8542 43 205 43 0.826
4.8841 0.7976 29.6931 7 233 7 0.969
5.1222 -3.9297 28.6501 129 209 20 0.694
-3.4024 -0.4685 30.4848 46 202 46 0.815
-1.4508 -2.5021 29.0670 26 218 26 0.892
-6.9258 0.2063 30.0035 4 236 4 0.980
-3.5878 -4.0701 28.0850 100 217 20 0.771
-5.7215 1.3825 28.2275 113 213 20 0.738
3.5531 -3.8547 28.5467 35 211 35 0.859
3.9837 0.2545 30.2715 43 205 43 0.826
2.7340 -0.3829 30.0597 35 211 35 0.859
-3.5443 1.3251 28.1272 133 208 20 0.683
5.6437 -3.7483 28.4907 96 218 20 0.782
-5.6957 1.2094 29.0278 96 218 20 0.782
-1.1177 0.7551 30.1359 4 236 4 0.980
-3.3374 3.1787 19.3035 4 236 4 0.980
1.9636 0.4996 30.1404 4 236 4 0.980
-0.9904 -1.6603 29.2082 109 214 20 0.749
4.9092 -1.7800 28.4434 142 206 20 0.661
1.6991 -2.7836 29.1431 96 218 20 0.782
3.2057 0.0240 30.2617 4 236 4 0.980
2.3094 0.2846 30.5489 4 236 4 0.980
5.8181 1.3005 28.4918 4 236 4 0.980
-6.3337 0.9729 30.1338 38 209 38 0.848
3.8070 1.1885 28.9130 38 209 38 0.848
-3.7394 0.4137 30.2909 4 236 4 0.980
4.3508 -0.5264 30.2206 40 207 40 0.837
-3.2241 0.6948 30.1293 4 236 4 0.980
5.1913 -1.1246 30.2265 16 227 16 0.936
2.9809 0.0624 30.6315 35 211 35 0.859
3.4558 -3.1579 29.2760 92 219 20 0.793
-1.4940 0.2763 30.5733 100 217 20 0.771
2.1373 1.1208 29.2121 125 210 20 0.705
-2.8672 3.1296 19.6231 26 218 26 0.892
1.7737 0.6578 29.9624 4 236 4 0.980
-3.2751 3.2247 19.4337 4 236 4 0.980
-1.7646 0.9254 29.8432 24 220 24 0.903
-2.0469 -0.2929 29.9499 105 215 20 0.760
0.0565 0.3114 30.4864 48 200 48 0.804
4.9185 -3.0614 29.1952 92 219 20 0.793
0.2023 1.3174 28.4846 10 231 10 0.958
0.8835 0.8748 29.7954 13 229 13 0.947
-5.0254 -1.9331 29.5680 138 207 20 0.672
0.1737 1.2691 28.3794 24 220 24 0.903
3.0969 1.2331 28.7689 113 213 20 0.738
7.6445 -1.8102 28.8676 133 208 20 0.683
1.6517 0.6303 29.9876 4 236 4 0.980
-3.0614 -0.4454 30.5041 32 214 32 0.870
-5.2827 0.5839 30.3163 4 236 4 0.980
2.6770 -3.5139 28.6473 43 205 43 0.826
2.3314 0.3200 30.2200 4 236 4 0.980
2.8622 -2.3279 29.2776 46 202 46 0.815
-3.2635 -1.3806 29.9391 24 220 24 0.903
6.0102 0.4533 29.9915 38 209 38 0.848
3.7419 0.8527 29.7303 4 236 4 0.980
5.5596 -2.1354 29.3343 46 202 46 0.815
5.0862 3.1420 19.4546 10 231 10 0.958
4.2493 1.0185 29.3898 46 202 46 0.815
1.0881 1.3180 28.5086 46 202 46 0.815
0.3248 -1.7497 29.3742 117 212 20 0.727
8.0305 0.3773 30.9676 142 206 20 0.661
2.1431 0.5074 30.1143 4 236 4 0.980
-5.9479 -1.0364 29.6122 46 202 46 0.815
5.6568 -2.7208 28.6875 100 217 20 0.771
-5.9657 0.2470 30.1080 4 236 4 0.980
3.6162 0.2033 30.3448 4 236 4 0.980
1.2417 -0.8441 29.8362 129 209 20 0.694
-2.5521 0.8025 30.0377 7 233 7 0.969
-3.4715 -0.9882 30.1101 10 231 10 0.958
4.8348 -1.0538 30.2154 26 218 26 0.892
3.6976 1.2999 28.4371 48 200 48 0.804
-4.6429 3.1818 19.2982 43 205 43 0.826
-6.0728 -1.2023 29.5793 105 215 20 0.760
5.5030 -2.9231 29.0914 46 202 46 0.815
5.1906 -1.4493 30.0854 10 231 10 0.958
4.5874 -3.8786 28.7432 4 236 4 0.980
-1.2684 0.6247 30.0666 4 236 4 0.980
1.7178 -0.4527 29.6624 100 217 20 0.771
5.5830 -3.5576 28.4952 121 211 20 0.716
-6.3819 0.1804 30.7969 21 222 21 0.914
1.0922 -0.5352 30.5320 35 211 35 0.859
-0.0930 0.5964 30.0510 4 236 4 0.980
-6.0371 0.0961 30.4536 21 222 21 0.914
3.6313 0.9733 29.7290 4 236 4 0.980
-1.4462 1.3574 28.1071 92 219 20 0.793
-4.9226 -1.5184 29.3426 125 210 20 0.705
-5.3110 0.5089 30.1040 4 236 4 0.980
-5.8948 0.6731 30.3050 4 236 4 0.980
-5.7022 0.5497 30.5070 7 233 7 0.969
-8.0310 -1.7028 31.7874 26 218 26 0.892
3.1295 -2.7797 29.3750 35 211 35 0.859
1.8030 1.3063 28.4245 29 216 29 0.881
1.6640 -2.6482 28.7290 48 200 48 0.804
-0.3660 1.0875 29.4559 24 220 24 0.903
1.9182 -2.3787 29.0645 35 211 35 0.859
5.4097 1.3098 28.0561 100 217 20 0.771
-0.7177 0.5042 30.2584 21 222 21 0.914
0.2002 -2.5231 28.1752 142 206 20 0.661
3.0936 -2.4663 29.0028 48 200 48 0.804
-2.4958 0.2158 30.3087 35 211 35 0.859
-1.7416 -1.9485 28.4258 109 214 20 0.749
3.6814 0.8806 29.6129 4 236 4 0.980
3.5958 -1.0382 30.3192 96 218 20 0.782
-6.9007 -2.3108 32.8466 46 202 46 0.815
5.9791 -1.8836 29.4867 100 217 20 0.771
0.7374 -1.2117 28.7267 105 215 20 0.760
3.6501 0.8239 29.6301 4 236 4 0.980
6.5873 0.9483 29.5815 46 202 46 0.815
4.0231 0.7119 29.8049 4 236 4 0.980
-1.9652 0.8265 29.8776 4 236 4 0.980
-5.8998 1.2991 28.6474 32 214 32 0.870
7.6178 0.0393 29.7259 142 206 20 0.661
3.7195 -2.2759 28.8797 16 227 16 0.936
0.0808 -0.8022 29.9246 29 216 29 0.881
-1.7105 -2.8152 27.5522 138 207 20 0.672
3.7132 -1.9761 29.0156 16 227 16 0.936
-0.7281 1.4406 27.3844 142 206 20 0.661
-4.3553 1.3618 28.3868 29 216 29 0.881
-7.7560 -2.3887 32.4855 100 217 20 0.771
-4.7675 3.2573 18.9607 43 205 43 0.826
4.3602 -2.7703 28.7242 40 207 40 0.837
-2.2639 -1.0347 29.5281 105 215 20 0.760
5.0614 -2.9443 29.4969 105 215 20 0.760
-5.3876 -1.9100 29.0854 133 208 20 0.683
2.9605 0.2391 30.4654 4 236 4 0.980
-1.1982 -0.9897 30.3291 38 209 38 0.848
0.9632 3.1490 19.3403 46 202 46 0.815
1.2000 -0.5414 30.6704 100 217 20 0.771
-1.4946 -1.3101 28.9873 43 205 43 0.826
-2.2835 0.8412 29.8010 16 227 16 0.936
4.8599 1.1826 28.7357 18 225 18 0.925
3.6369 -1.2339 29.3368 113 213 20 0.738
1.5173 -0.9562 30.2462 96 218 20 0.782
3.4093 0.9809 29.6733 4 236 4 0.980
3.3811 -1.5617 29.2933 48 200 48 0.804
-0.4685 1.0950 29.4855 29 216 29 0.881
1.8610 -2.1656 28.9584 26 218 26 0.892
4.4800 -1.0649 30.0752 43 205 43 0.826
4.1685 -0.7719 29.6301 7 233 7 0.969
-5.7004 -1.8143 29.3183 21 222 21 0.914
0.9467 0.2472 30.4377 29 216 29 0.881
2.1985 0.3482 30.2869 4 236 4 0.980
-2.2772 -0.0770 29.7343 35 211 35 0.859
-1.8231 -0.3785 29.5514 113 213 20 0.738
-4.9829 1.3859 28.3112 117 212 20 0.727
-0.3569 3.1895 19.2478 46 202 46 0.815
-1.3481 -0.5583 30.4986 43 205 43 0.826
0.1405 1.3247 28.5407 16 227 16 0.936
-3.4369 1.1673 29.2234 100 217 20 0.771
5.5984 1.2321 28.7778 4 236 4 0.980
5.6640 -4.3708 28.5863 113 213 20 0.738
0.4925 -0.4275 30.4333 96 218 20 0.782
-4.0814 0.2126 30.2700 7 233 7 0.969
1.5320 -0.5202 30.5535 109 214 20 0.749
-7.7029 -2.4927 32.6369 38 209 38 0.848
4.5098 -2.4669 28.7542 4 236 4 0.980
-4.6132 0.1940 30.1361 40 207 40 0.837
5.4885 0.1718 30.0274 16 227 16 0.936
2.9331 1.2336 28.7789 117 212 20 0.727
5.2471 -0.4732 30.4703 48 200 48 0.804
2.8455 -1.0700 30.2139 38 209 38 0.848
-6.9429 0.2571 29.9758 4 236 4 0.980
1.8973 -2.6198 28.9018 29 216 29 0.881
-2.6666 0.6557 30.0955 4 236 4 0.980
1.0196 -1.6760 29.2064 109 214 20 0.749
4.8905 -3.9461 28.7153 48 200 48 0.804
-5.1694 3.1788 19.2465 92 219 20 0.793
-0.9004 -3.3693 28.8573 113 213 20 0.738
4.6514 0.6885 30.0957 7 233 7 0.969
-2.2128 -0.0090 29.7243 35 211 35 0.859
4.3014 -1.6090 29.6172 105 215 20 0.760
-7.5494 -1.0624 31.3964 40 207 40 0.837
1.2545 0.5073 30.0651 4 236 4 0.980
3.5231 -1.0354 30.2686 92 219 20 0.793
3.7582 0.9864 29.5783 4 236 4 0.980
-5.3348 1.2901 28.8291 32 214 32 0.870
-5.8596 0.4740 30.5058 16 227 16 0.936
0.3057 -1.6057 28.9446 121 211 20 0.716
5.3814 0.2609 30.3936 46 202 46 0.815
-0.6296 1.3109 28.4420 43 205 43 0.826
0.2201 0.7247 30.0823 21 222 21 0.914
1.0272 -1.4249 28.3764 129 209 20 0.694
-0.7513 0.7773 29.9237 21 222 21 0.914
-7.1311 -0.2253 30.9541 129 209 20 0.694
-5.8641 1.1656 29.0006 92 219 20 0.793
1.4895 -0.3285 30.2386 100 217 20 0.771
-1.3899 0.7437 30.2285 4 236 4 0.980
-4.2290 -1.2067 28.9521 100 217 20 0.771
-6.2565 -1.2483 28.7128 105 215 20 0.760
4.7824 -3.0231 28.7966 24 220 24 0.903
4.0604 0.5752 29.9702 26 218 26 0.892
4.3600 -1.0701 29.5882 40 207 40 0.837
-3.4974 0.5114 30.2757 4 236 4 0.980
-0.2147 0.4661 30.4154 24 220 24 0.903
-5.0194 -1.1139 29.4080 109 214 20 0.749
-0.5302 0.4487 30.3724 4 236 4 0.980
-2.1451 -2.2365 28.2741 117 212 20 0.727
-5.7621 -0.6483 29.9483 48 200 48 0.804
0.1667 0.6038 30.0067 16 227 16 0.936
0.1427 0.2288 30.6015 113 213 20 0.738
-0.8532 1.2780 28.5829 21 222 21 0.914
4.4036 -0.3449 30.1317 92 219 20 0.793
1.4236 -0.0122 30.4206 121 211 20 0.716
2.6114 -3.0304 29.0732 109 214 20 0.749
2.3955 -1.5937 29.1985 35 211 35 0.859
1.9599 1.3309 28.2098 35 211 35 0.859
-4.9660 3.1955 18.8383 109 214 20 0.749
-2.0306 0.9459 29.7418 16 227 16 0.936
6.6692 0.5191 30.2643 43 205 43 0.826
2.2899 -1.3000 28.9625 117 212 20 0.727
-4.9784 0.7499 30.1523 4 236 4 0.980
4.7236 3.1273 19.7132 96 218 20 0.782
2.2030 -0.0902 29.7214 32 214 32 0.870
-5.2762 0.9869 29.6610 16 227 16 0.936
-3.8107 0.7148 30.1852 4 236 4 0.980
5.7397 -4.0191 28.3618 40 207 40 0.837
5.4486 1.3567 28.2124 43 205 43 0.826
-3.9195 1.1569 29.3708 125 210 20 0.705
-4.1217 -1.0819 28.8274 100 217 20 0.771
-1.1119 0.9235 29.7104 4 236 4 0.980
-3.9734 -1.0570 29.1258 117 212 20 0.727
2.3677 -3.2465 28.8782 92 219 20 0.793
4.9025 0.8686 29.6483 13 229 13 0.947
-1.7881 -2.2141 28.5040 117 212 20 0.727
3.0090 -3.4387 29.3342 125 210 20 0.705
1.2421 1.3063 28.3768 43 205 43 0.826
-5.6815 -2.0465 29.0811 92 219 20 0.793
5.0849 1.0552 29.0722 38 209 38 0.848
-3.8812 3.1228 19.4409 32 214 32 0.870
-2.4718 1.0548 29.7786 26 218 26 0.892
-6.2450 -2.2908 30.2729 133 208 20 0.683
3.4429 0.8675 29.6295 4 236 4 0.980
5.4009 -1.8430 30.3675 133 208 20 0.683
-5.8117 0.6546 30.1255 4 236 4 0.980
5.0250 -1.9421 29.3464 105 215 20 0.760
5.1845 1.1695 29.2428 105 215 20 0.760
-2.7754 1.2594 28.8198 109 214 20 0.749
3.4661 -3.5458 28.9805 48 200 48 0.804
-5.9623 0.4990 29.8945 4 236 4 0.980
0.3335 -2.1823 29.2862 142 206 20 0.661
-1.1719 0.5929 29.9914 7 233 7 0.969
3.2428 -3.7508 28.8786 92 219 20 0.793
-3.5083 -1.0145 28.7361 125 210 20 0.705
3.1878 -2.1978 28.9822 96 218 20 0.782
-3.5846 -0.7211 30.0466 105 215 20 0.760
3.5264 -3.2508 28.8016 21 222 21 0.914
-5.6373 0.7756 30.2660 4 236 4 0.980
-0.7287 3.1254 19.5850 46 202 46 0.815
-6.5091 0.4728 30.3760 13 229 13 0.947
5.4603 0.8005 29.8810 35 211 35 0.859
0.7394 0.9022 29.8614 4 236 4 0.980
-2.9190 -0.6171 30.3015 48 200 48 0.804
0.6081 -1.4281 28.5916 105 215 20 0.760
-1.1024 1.2083 29.0212 43 205 43 0.826
4.9917 0.6046 30.0588 4 236 4 0.980
-2.3535 1.2851 28.5966 92 219 20 0.793
-5.6634 1.2553 28.8264 35 211 35 0.859
3.3182 -3.0809 29.3351 92 219 20 0.793
6.0596 1.3221 28.3513 32 214 32 0.870
-0.3921 0.4736 30.3374 4 236 4 0.980
4.8711 1.0694 28.9431 32 214 32 0.870
-2.4754 0.5770 30.0241 4 236 4 0.980
3.3067 -2.7905 29.3328 38 209 38 0.848
-1.6085 -1.1985 29.2432 92 219 20 0.793
1.4388 -1.6166 29.3211 46 202 46 0.815
-6.0862 0.9456 29.8526 4 236 4 0.980
2.8242 -2.1021 29.1648 40 207 40 0.837
-3.5994 -1.9298 28.5340 117 212 20 0.727
1.4251 1.3282 28.2064 48 200 48 0.804
6.3838 0.9965 29.5393 43 205 43 0.826
-6.7172 -0.0876 31.9285 142 206 20 0.661
-0.7191 -0.4227 30.6082 113 213 20 0.738
-5.7661 -1.6473 29.3993 4 236 4 0.980
2.8423 -2.4438 28.8936 96 218 20 0.782
3.2080 0.4044 29.8051 46 202 46 0.815
-6.2379 0.8604 29.9132 4 236 4 0.980
-7.1061 -0.2172 30.0742 29 216 29 0.881
4.3736 -2.4538 28.8591 4 236 4 0.980
-5.8621 1.1352 29.7916 13 229 13 0.947
0.0334 1.3198 28.4755 21 222 21 0.914
-6.0774 -1.0640 29.8028 92 219 20 0.793
2.8783 -2.2750 29.3871 46 202 46 0.815
3.0652 0.9531 29.5714 21 222 21 0.914
1.8597 1.3063 28.4064 29 216 29 0.881
1.6594 -0.9417 29.7576 125 210 20 0.705
1.9139 0.7474 30.0123 4 236 4 0.980
1.8756 1.4902 27.7229 133 208 20 0.683
-0.2617 0.3873 30.3666 13 229 13 0.947
-3.0976 0.6738 30.0718 4 236 4 0.980
5.2474 -2.1116 29.1627 48 200 48 0.804
0.3118 -0.9295 30.0515 32 214 32 0.870
-2.3573 -1.6822 29.1454 117 212 20 0.727
-3.3811 -2.7615 29.1364 121 211 20 0.716
1.5218 -1.1092 30.1759 96 218 20 0.782
3.5580 -1.5276 29.5460 48 200 48 0.804
5.8505 1.1477 28.9682 13 229 13 0.947
2.4139 -1.3997 29.3309 92 219 20 0.793
-3.0987 -0.9565 30.0812 35 211 35 0.859
3.6778 -0.9407 29.8277 109 214 20 0.749
-6.2748 0.0511 30.7243 29 216 29 0.881
1.5756 -2.6570 29.2152 113 213 20 0.738
-6.1014 0.6429 30.0646 4 236 4 0.980
-5.7021 -1.4172 28.4795 100 217 20 0.771
5.0529 -0.9393 30.7774 138 207 20 0.672
5.6152 -0.4123 30.1783 109 214 20 0.749
-0.4209 0.7405 30.1789 4 236 4 0.980
-2.3071 -0.6386 29.8604 142 206 20 0.661
-7.2061 -2.5615 32.9030 24 220 24 0.903
5.0239 0.4262 30.1852 4 236 4 0.980
2.8098 1.3267 28.1471 46 202 46 0.815
-1.0362 -1.2501 28.3976 109 214 20 0.749
3.6521 -0.0387 30.3059 4 236 4 0.980
3.0990 0.1382 30.3795 4 236 4 0.980
-1.7741 0.7462 29.9241 13 229 13 0.947
7.0495 0.9863 29.4521 105 215 20 0.760
-2.4684 1.3470 27.9227 133 208 20 0.683
5.8502 0.8172 29.7355 105 215 20 0.760
-0.3205 -0.9214 29.5808 117 212 20 0.727
3.1793 3.1309 19.6243 40 207 40 0.837
5.6734 -0.5914 30.1206 117 212 20 0.727
-3.5110 1.0640 29.9225 40 207 40 0.837
1.9125 -0.0089 29.7608 16 227 16 0.936
5.3497 3.1698 19.8124 109 214 20 0.749
5.6695 3.1603 19.2896 92 219 20 0.793
5.6041 1.2021 28.7391 4 236 4 0.980
4.3777 0.1750 30.5603 48 200 48 0.804
-1.2718 1.2560 28.5796 38 209 38 0.848
-7.0749 0.2546 30.0459 4 236 4 0.980
-0.1696 0.5995 30.0957 4 236 4 0.980
1.6853 -0.1283 30.5437 133 208 20 0.683
-6.3523 0.6323 29.8850 4 236 4 0.980
5.4652 -3.9012 28.5553 48 200 48 0.804
-3.4590 0.4145 30.3882 4 236 4 0.980
-2.2976 -0.3740 29.6297 96 218 20 0.782
2.7242 -2.7100 29.0714 105 215 20 0.760
-2.5083 0.4028 30.5312 46 202 46 0.815
-5.0103 -1.2674 28.7723 48 200 48 0.804
-3.5331 -1.5543 29.3655 125 210 20 0.705
5.5650 -1.5113 30.0905 35 211 35 0.859
1.3960 0.3701 30.3146 13 229 13 0.947
4.3064 3.1715 19.3486 24 220 24 0.903
-2.0486 1.3544 28.0684 113 213 20 0.738
0.4230 0.6381 30.1065 13 229 13 0.947
3.5429 0.0836 30.1644 4 236 4 0.980
4.3813 -3.9492 27.9142 129 209 20 0.694
-2.7263 0.4071 30.0791 4 236 4 0.980
-5.7355 1.1954 29.1227 100 217 20 0.771
4.4561 -0.5300 30.2519 43 205 43 0.826
2.8567 -1.8253 28.7906 133 208 20 0.683
5.0402 0.2834 30.1680 24 220 24 0.903
4.7552 1.1302 28.6756 32 214 32 0.870
-3.0447 0.8147 29.9862 4 236 4 0.980
-0.0720 0.8799 29.6575 4 236 4 0.980
-2.7532 0.9014 29.6504 18 225 18 0.925
-5.7827 -1.5115 29.2529 4 236 4 0.980
3.5709 0.9282 29.6541 4 236 4 0.980
0.6199 0.9374 29.6105 4 236 4 0.980
5.6741 -0.2900 30.3898 109 214 20 0.749
2.5697 0.2999 30.4464 4 236 4 0.980
-0.0389 -0.9179 29.7208 46 202 46 0.815
-7.3971 0.1957 29.9753 4 236 4 0.980
1.6874 0.3150 30.5294 48 200 48 0.804
2.4168 0.4600 30.1484 4 236 4 0.980
-7.2120 1.3242 28.1725 142 206 20 0.661
6.0086 -1.8206 29.3692 100 217 20 0.771
-4.7647 1.2286 29.1377 129 209 20 0.694
2.9995 -3.7051 29.0668 117 212 20 0.727
-5.7648 0.3332 30.3874 4 236 4 0.980
1.0867 0.8807 29.8420 29 216 29 0.881
2.3460 -3.3551 28.8836 40 207 40 0.837
2.7926 -3.2508 29.0361 38 209 38 0.848
-7.8945 -1.9024 31.9477 32 214 32 0.870
-0.4742 0.3191 30.5465 40 207 40 0.837
-6.9711 0.1600 29.9040 4 236 4 0.980
-0.0613 0.4496 30.2760 16 227 16 0.936
1.0676 -1.5734 29.2245 105 215 20 0.760
5.6494 -3.0713 29.0289 46 202 46 0.815
-4.6801 0.6832 30.2112 4 236 4 0.980
1.2012 -3.2982 29.1465 125 210 20 0.705
-6.1504 0.3512 30.5320 26 218 26 0.892
-0.1058 -1.0012 5.6955 133 208 20 0.683
-6.1094 -1.7290 29.2048 46 202 46 0.815
-5.0359 0.8532 29.4558 40 207 40 0.837
2.7996 -0.5868 30.9346 142 206 20 0.661
-5.8611 0.5283 30.3327 4 236 4 0.980
-6.0774 0.9764 29.8201 4 236 4 0.980
5.3283 1.3314 27.9145 113 213 20 0.738
3.2400 -2.7315 29.2874 40 207 40 0.837
2.4831 -1.6660 29.3529 43 205 43 0.826
-5.2848 -1.3864 28.6265 43 205 43 0.826
3.1088 -1.6889 29.5810 117 212 20 0.727
-0.8742 1.1240 28.8935 4 236 4 0.980
2.4081 3.1719 19.2724 43 205 43 0.826
0.3099 -1.2841 28.4360 109 214 20 0.749
4.0343 0.9155 29.7935 10 231 10 0.958
-3.9242 1.1907 29.3817 125 210 20 0.705
4.8467 -2.8747 29.0316 35 211 35 0.859
3.3117 0.1964 30.1715 4 236 4 0.980
1.0045 1.1248 27.9324 117 212 20 0.727
-4.3070 -1.6659 28.9663 113 213 20 0.738
-0.0954 1.0805 29.6014 4 236 4 0.980
2.8240 1.3510 28.0197 46 202 46 0.815
-5.2882 -1.4469 28.3906 109 214 20 0.749
-4.0430 -0.7190 29.8857 105 215 20 0.760
-0.6145 0.5133 30.3200 4 236 4 0.980
1.9756 -2.4278 28.8218 7 233 7 0.969
2.9515 -4.0982 28.4947 125 210 20 0.705
6.1930 0.7354 29.8228 29 216 29 0.881
0.3643 -0.7718 29.9034 43 205 43 0.826
-5.6800 -0.2968 29.9654 109 214 20 0.749
0.0050 1.1047 29.6708 4 236 4 0.980
0.4066 -1.1849 28.4288 109 214 20 0.749
-1.1335 -0.4357 30.4715 96 218 20 0.782
2.3319 -1.5802 29.8470 138 207 20 0.672
-5.7146 -0.2033 30.2093 117 212 20 0.727
3.6433 0.2821 30.4893 32 214 32 0.870
2.5121 0.0684 30.2420 4 236 4 0.980
-7.8220 -1.5315 31.8841 4 236 4 0.980
2.8136 -0.1120 30.0010 21 222 21 0.914
5.0387 3.1165 19.5454 21 222 21 0.914
-4.7705 0.4562 30.3618 4 236 4 0.980
-0.0178 3.1621 19.2472 40 207 40 0.837
-3.4279 0.2301 30.3198 4 236 4 0.980
-5.5449 1.3101 28.6902 32 214 32 0.870
2.0691 3.1575 19.5072 38 209 38 0.848
-3.3256 0.6268 29.9608 4 236 4 0.980
6.4677 1.0791 29.0271 38 209 38 0.848
6.6575 0.7801 29.7726 43 205 43 0.826
-0.3028 0.7056 30.0768 4 236 4 0.980
-3.6611 1.2848 28.6820 105 215 20 0.760
-6.0717 -1.1225 29.7501 100 217 20 0.771
-0.0152 1.0006 29.5325 4 236 4 0.980
-7.5519 -2.0949 31.8511 16 227 16 0.936
-5.8182 0.8311 29.8637 4 236 4 0.980
-2.1525 0.5951 30.2060 4 236 4 0.980
2.2945 0.7578 30.0404 4 236 4 0.980
5.4864 -1.1400 30.1115 29 216 29 0.881
0.4884 0.4218 30.0963 10 231 10 0.958
3.2085 -1.4016 29.5886 113 213 20 0.738
0.7675 0.7094 30.1449 13 229 13 0.947
5.0035 -1.3018 29.5285 142 206 20 0.661
2.3728 3.1548 19.1731 48 200 48 0.804
-3.4828 0.7960 29.9817 21 222 21 0.914
3.3034 -1.1983 29.9041 117 212 20 0.727
-6.8546 0.0682 30.1850 4 236 4 0.980
-7.5684 0.7886 29.1010 129 209 20 0.694
-0.0041 1.2799 28.5459 18 225 18 0.925
3.3603 0.9063 29.6845 4 236 4 0.980
-1.4909 -2.4424 28.9475 26 218 26 0.892
-1.7358 0.1087 30.0112 43 205 43 0.826
3.9691 -2.3269 28.6047 48 200 48 0.804
-5.3236 -1.1273 28.2602 138 207 20 0.672
4.0358 -0.7494 29.8814 109 214 20 0.749
-4.2747 1.2016 29.0963 113 213 20 0.738
-4.3947 0.4183 30.2921 4 236 4 0.980
-6.0231 -3.9836 28.6146 142 206 20 0.661
-3.6646 -3.2782 27.6059 125 210 20 0.705
-1.5134 0.4545 30.6067 96 218 20 0.782
5.3341 -2.3377 28.8214 4 236 4 0.980
4.0688 -2.0127 28.9386 29 216 29 0.881
1.6152 0.5181 30.0721 4 236 4 0.980
-0.3448 -0.2348 30.2437 121 211 20 0.716
1.7639 0.3214 30.3765 26 218 26 0.892
-1.9242 0.8690 29.5961 26 218 26 0.892
-3.6246 3.1528 19.5530 4 236 4 0.980
8.2978 0.0727 30.6782 113 213 20 0.738
-3.1016 -0.4296 30.3981 24 220 24 0.903
-6.4944 0.6756 30.0798 4 236 4 0.980
4.3545 0.6190 30.0174 10 231 10 0.958
1.8171 -2.1859 29.4016 129 209 20 0.694
-3.6269 0.9533 29.8149 4 236 4 0.980
6.4889 0.2434 30.2469 4 236 4 0.980
0.1100 0.9203 29.6421 4 236 4 0.980
-3.3746 -4.1743 27.6635 117 212 20 0.727
-1.9202 0.1212 29.9746 26 218 26 0.892
5.5836 -4.3478 28.2926 105 215 20 0.760
2.2997 -1.8968 29.2058 32 214 32 0.870
-5.7608 0.1028 30.5575 48 200 48 0.804
-4.4792 0.4248 30.3160 4 236 4 0.980
-4.8903 0.6313 30.2650 4 236 4 0.980
-5.6090 -0.3020 29.6105 129 209 20 0.694
2.5455 0.3818 30.2105 4 236 4 0.980
-5.8486 0.2479 30.3978 4 236 4 0.980
-4.5346 1.2404 28.9774 113 213 20 0.738
2.6299 3.1336 19.6509 100 217 20 0.771
-1.3928 -0.5755 30.9593 138 207 20 0.672
-3.1361 3.1189 19.5391 4 236 4 0.980
-4.5869 1.3607 28.0108 125 210 20 0.705
-6.0243 -0.9953 29.8306 48 200 48 0.804
-6.8088 1.1388 29.6311 105 215 20 0.760
4.4058 -3.4439 28.7775 4 236 4 0.980
2.3540 0.6243 30.0793 13 229 13 0.947
0.3075 0.9777 29.6640 4 236 4 0.980
-0.1812 3.1627 19.3423 32 214 32 0.870
-2.1085 -0.2437 29.5677 29 216 29 0.881
-1.5929 -1.0330 29.7319 105 215 20 0.760
5.7166 1.1855 28.4725 4 236 4 0.980
3.3321 -3.4488 29.0145 43 205 43 0.826
2.4347 -2.7114 29.3664 109 214 20 0.749
5.6588 -1.0450 29.9778 109 214 20 0.749
4.7100 -2.5216 28.8129 4 236 4 0.980
-1.9694 -0.9377 30.0927 121 211 20 0.716
2.2959 -2.4778 28.7797 92 219 20 0.793
7.5015 0.3896 30.2506 16 227 16 0.936
-2.3185 0.7510 30.1314 4 236 4 0.980
2.2474 -1.8381 29.2968 46 202 46 0.815
-5.4697 0.4623 30.3597 4 236 4 0.980
-5.8212 0.9057 29.5706 21 222 21 0.914
-3.3555 -1.2101 30.1479 4 236 4 0.980
-3.4064 3.1543 19.5139 4 236 4 0.980
2.8386 -0.0257 30.3012 4 236 4 0.980
2.0895 0.0715 30.1043 35 211 35 0.859
-3.9629 1.2615 28.9239 105 215 20 0.760
2.8744 1.3511 28.0200 46 202 46 0.815
3.9480 0.1141 30.4465 26 218 26 0.892
3.7947 1.1027 29.4242 92 219 20 0.793
-7.5546 -1.2104 31.8704 32 214 32 0.870
3.2759 0.1472 30.2079 4 236 4 0.980
-3.4243 -3.3247 28.8774 46 202 46 0.815
1.0999 -2.2816 29.5515 142 206 20 0.661
3.5169 0.2489 30.3553 4 236 4 0.980
-1.5810 -1.3234 29.3878 113 213 20 0.738
4.7789 -2.8725 28.9454 32 214 32 0.870
-7.4297 -0.2435 31.8404 125 210 20 0.705
7.4359 0.7555 29.9881 92 219 20 0.793
-5.9628 0.6833 29.8423 4 236 4 0.980
-1.6154 -1.7163 29.1719 113 213 20 0.738
-3.4080 -3.5596 28.9016 46 202 46 0.815
-4.1277 -0.8146 29.7986 105 215 20 0.760
-7.5569 -2.0957 31.8682 16 227 16 0.936
-5.0017 0.7730 30.1534 4 236 4 0.980
4.6199 -1.6724 29.6858 96 218 20 0.782
1.6576 -0.2547 30.0950 121 211 20 0.716
-7.5232 -1.7877 31.6585 92 219 20 0.793
-1.4228 0.6678 30.1496 4 236 4 0.980
2.4673 0.1834 30.4270 4 236 4 0.980
-3.2626 -1.3798 29.9094 24 220 24 0.903
-2.1634 -2.9457 27.3428 142 206 20 0.661
-4.9132 -1.2943 28.5838 109 214 20 0.749
4.6319 -3.6340 28.6779 4 236 4 0.980
2.7418 0.8807 27.9818 138 207 20 0.672
-0.3633 0.7221 30.0622 4 236 4 0.980
5.2825 0.1256 29.8926 43 205 43 0.826
-0.0748 0.2296 30.2102 92 219 20 0.793
-0.3102 1.0834 29.6382 4 236 4 0.980
5.4629 0.5698 30.0620 4 236 4 0.980
3.2049 -3.0139 30.0175 142 206 20 0.661
-5.8000 -0.9463 29.7232 92 219 20 0.793
-1.2230 -1.4315 28.9824 105 215 20 0.760
-0.2649 1.2819 28.6188 38 209 38 0.848
-5.4998 0.5898 30.1736 4 236 4 0.980
-6.5568 0.8825 29.8964 7 233 7 0.969
-5.2848 0.6822 30.2216 4 236 4 0.980
-4.0351 0.2125 29.9686 92 219 20 0.793
1.2366 -1.4473 28.9636 35 211 35 0.859
3.5833 1.1813 28.9202 46 202 46 0.815
2.6410 -0.1731 30.3448 4 236 4 0.980
-4.8752 0.9476 30.0035 7 233 7 0.969
-0.9322 -3.2014 29.0191 109 214 20 0.749
-0.7926 1.1525 29.0543 4 236 4 0.980
-0.1869 0.5234 30.1686 4 236 4 0.980
1.7637 0.7560 29.8491 4 236 4 0.980
-5.3991 0.2445 30.1343 16 227 16 0.936
3.5198 -3.2420 28.7099 29 216 29 0.881
-6.5584 -0.0671 31.1832 125 210 20 0.705
-2.7122 0.8359 29.9857 4 236 4 0.980
-2.6584 -3.6507 28.8455 113 213 20 0.738
3.5723 -1.1060 30.0056 43 205 43 0.826
4.3155 3.1541 19.5314 21 222 21 0.914
2.1479 0.3082 30.4498 4 236 4 0.980
-0.3880 1.2759 28.6497 35 211 35 0.859
5.4366 1.3075 28.5447 4 236 4 0.980
1.1920 1.1906 28.5437 46 202 46 0.815
5.4036 -1.6767 29.5708 96 218 20 0.782
-5.7062 0.2899 30.3954 4 236 4 0.980
-0.6188 1.0861 29.1700 29 216 29 0.881
-3.8936 -0.9143 29.2443 109 214 20 0.749
-6.3040 -1.7731 29.9296 117 212 20 0.727
-3.3719 3.1694 19.1985 29 216 29 0.881
-2.2767 -0.7534 30.3290 133 208 20 0.683
3.5471 0.6442 30.0999 32 214 32 0.870
-2.2228 3.1401 19.7106 43 205 43 0.826
-1.5753 1.2967 28.4884 43 205 43 0.826
-3.5424 -3.6776 28.7767 96 218 20 0.782
0.8590 -0.5020 30.4595 35 211 35 0.859
-5.4982 -0.3922 30.0019 121 211 20 0.716
5.2287 -1.5762 30.0421 18 225 18 0.925
3.7716 -2.5472 28.9901 26 218 26 0.892
-0.0658 1.2431 28.5070 21 222 21 0.914
-7.6464 -2.8205 32.8885 48 200 48 0.804
-3.8251 -2.1740 28.1817 142 206 20 0.661
-1.9928 -1.4242 28.6918 142 206 20 0.661
4.0309 -1.3411 29.3653 142 206 20 0.661
-6.6396 0.1041 30.3118 92 219 20 0.793
4.4703 -1.5709 29.8252 96 218 20 0.782
0.7396 0.9369 29.8206 16 227 16 0.936
-3.6523 0.7872 29.7667 13 229 13 0.947
-2.5637 0.7864 29.8666 4 236 4 0.980
6.2932 0.1269 30.1425 24 220 24 0.903
3.2469 0.6918 29.9754 4 236 4 0.980
-3.7548 -3.0677 27.6893 133 208 20 0.683
-5.8735 -1.5149 29.4007 18 225 18 0.925
3.6707 3.1263 19.6060 32 214 32 0.870
5.4524 1.0172 29.5248 105 215 20 0.760
-0.5603 -0.8493 29.7308 125 210 20 0.705
6.7386 0.4950 30.0823 24 220 24 0.903
2.9784 0.4990 29.9487 13 229 13 0.947
0.8882 0.2689 30.5278 43 205 43 0.826
1.5789 -1.6984 29.3437 29 216 29 0.881
-0.5642 -0.8490 29.7780 125 210 20 0.705
5.0697 -1.0018 30.1060 18 225 18 0.925
-6.3510 0.5717 30.2615 13 229 13 0.947
-5.9980 0.8611 29.8395 4 236 4 0.980
-6.3469 1.0354 29.3671 121 211 20 0.716
-0.9764 0.0701 30.0111 142 206 20 0.661
-0.6408 0.5499 30.1885 4 236 4 0.980
4.1473 -2.6058 28.9635 32 214 32 0.870
-4.5267 0.6798 30.1830 4 236 4 0.980
4.1173 -1.9776 28.8317 40 207 40 0.837
5.5984 0.7469 30.3681 133 208 20 0.683
5.2866 0.2626 30.4191 96 218 20 0.782
0.8155 0.6747 30.0948 4 236 4 0.980
-3.5252 -1.3499 30.0398 40 207 40 0.837
7.9254 -0.1306 30.3324 129 209 20 0.694
-0.2645 0.7473 29.5200 35 211 35 0.859
3.7440 1.0420 29.5816 4 236 4 0.980
-0.5147 0.7704 29.9871 4 236 4 0.980
-3.5864 1.0511 29.8345 21 222 21 0.914
3.7711 -0.1903 30.4636 48 200 48 0.804
-5.9637 0.8484 29.6721 4 236 4 0.980
4.2180 0.7868 29.8844 13 229 13 0.947
-3.2604 0.5505 30.1010 4 236 4 0.980
3.5419 1.1548 29.0985 100 217 20 0.771
-5.9780 0.2550 30.2542 4 236 4 0.980
4.8704 1.1249 28.8937 21 222 21 0.914
-5.6289 0.9521 29.6792 7 233 7 0.969
0.1637 1.2400 29.0371 43 205 43 0.826
-6.0242 0.7681 30.1059 4 236 4 0.980
1.0666 0.6582 30.0965 4 236 4 0.980
-6.2591 0.3422 30.5169 26 218 26 0.892
-0.3023 -1.8030 28.7708 125 210 20 0.705
6.2682 1.1096 29.0073 24 220 24 0.903
4.8783 -1.5740 29.8682 48 200 48 0.804
-1.2233 1.0170 29.7007 4 236 4 0.980
5.4078 -1.5185 30.0904 13 229 13 0.947
5.4450 1.1455 28.6485 4 236 4 0.980
4.0286 -0.7524 29.4478 24 220 24 0.903
-4.0964 -1.1019 28.7425 100 217 20 0.771
5.7849 0.3179 30.2188 24 220 24 0.903
1.2839 1.3490 27.9885 113 213 20 0.738
-4.2887 0.7387 30.1418 4 236 4 0.980
-5.3707 0.9305 29.8016 4 236 4 0.980
-3.8972 0.7379 30.2361 4 236 4 0.980
-4.6721 1.3723 28.1343 117 212 20 0.727
-3.5070 -3.2048 28.8596 113 213 20 0.738
3.5275 -2.9499 28.6592 100 217 20 0.771
2.1188 1.2676 28.4636 38 209 38 0.848
-5.9952 0.3339 30.0233 10 231 10 0.958
6.2202 0.2501 30.5207 121 211 20 0.716
-5.8043 1.3043 28.7226 26 218 26 0.892
-5.7882 0.7465 30.1467 4 236 4 0.980
2.7405 -2.3894 28.7624 117 212 20 0.727
-5.0725 -1.2338 29.0384 105 215 20 0.760
4.5060 0.9941 29.7683 113 213 20 0.738
3.6445 0.6462 29.8679 24 220 24 0.903
2.9366 3.1465 19.2235 40 207 40 0.837
-3.2496 -0.9959 30.1249 24 220 24 0.903
2.3750 0.0343 30.0607 4 236 4 0.980
-7.0159 -0.2022 30.2035 96 218 20 0.782
-0.0835 1.2737 28.5501 24 220 24 0.903
5.6767 0.2542 30.2121 4 236 4 0.980
-2.5088 1.3204 28.5527 113 213 20 0.738
0.6346 0.2355 30.4785 26 218 26 0.892
4.0198 3.1645 19.6974 46 202 46 0.815
-6.2648 0.1215 30.7496 21 222 21 0.914
-6.1888 -2.0318 29.9401 121 211 20 0.716
4.0129 -2.2375 28.6068 92 219 20 0.793
-5.7004 0.2045 30.3018 4 236 4 0.980
5.5173 -1.5064 30.0785 24 220 24 0.903
0.9009 -1.0997 29.9014 113 213 20 0.738
-5.7943 1.3648 28.4211 40 207 40 0.837
0.3454 -0.9855 30.0963 35 211 35 0.859
7.4049 1.2162 28.6351 100 217 20 0.771
3.8810 -1.9285 28.8379 29 216 29 0.881
-5.6473 0.2498 30.2388 4 236 4 0.980
-6.3238 -1.9505 30.5220 133 208 20 0.683
2.5760 0.0689 30.1594 4 236 4 0.980
-6.3867 0.5311 30.1030 4 236 4 0.980
-6.3506 0.5665 30.1756 4 236 4 0.980
5.5934 -1.7600 29.5283 43 205 43 0.826
-6.0828 0.7292 30.1191 4 236 4 0.980
4.4931 1.2857 29.0007 46 202 46 0.815
5.2440 1.2151 28.7112 4 236 4 0.980
-5.3230 -1.4753 28.8524 96 218 20 0.782
-5.6584 1.3311 28.6153 40 207 40 0.837
-4.6124 0.5663 30.2390 4 236 4 0.980
0.4060 0.8701 29.7466 4 236 4 0.980
-6.7167 0.2438 29.9262 4 236 4 0.980
-5.1909 -1.0667 29.8809 117 212 20 0.727
0.0469 1.0303 29.6589 4 236 4 0.980
-3.8096 0.7445 30.1597 4 236 4 0.980
-4.3278 0.5117 30.2042 4 236 4 0.980
-4.3298 0.7840 30.1397 4 236 4 0.980
-5.9012 0.6663 29.9754 4 236 4 0.980
-5.9425 0.7794 30.0429 4 236 4 0.980
-5.3364 0.7314 30.2007 4 236 4 0.980
5.5720 -2.8729 29.2005 96 218 20 0.782
1.2402 -2.6384 29.1371 138 207 20 0.672
-4.9219 0.6745 30.2163 4 236 4 0.980
4.7983 -1.4594 30.1984 35 211 35 0.859
-5.9120 1.1088 29.8855 26 218 26 0.892
7.2414 0.6746 30.0061 32 214 32 0.870
-6.2637 0.0886 30.6990 18 225 18 0.925
-4.8181 1.1995 29.2313 129 209 20 0.694
-0.5113 1.2220 28.7510 29 216 29 0.881
-7.3998 0.1961 29.9978 4 236 4 0.980
-3.9286 1.0079 29.8062 4 236 4 0.980
1.5395 0.5034 30.0817 4 236 4 0.980
1.6240 -1.1843 29.4712 109 214 20 0.749
-3.5858 0.9673 29.5257 38 209 38 0.848
2.4831 1.2553 28.7463 96 218 20 0.782
-1.7208 1.3302 28.2006 48 200 48 0.804
-3.1308 1.2079 29.0585 109 214 20 0.749
2.9207 -1.8595 29.0161 117 212 20 0.727
-3.5746 -1.7517 29.1982 125 210 20 0.705
-3.6002 -0.4353 30.5040 105 215 20 0.760
-5.3866 3.1987 19.5652 113 213 20 0.738
5.0466 -2.4339 29.4466 125 210 20 0.705
-2.8010 1.0227 29.8117 4 236 4 0.980
-0.1414 1.3272 28.5920 35 211 35 0.859
5.8860 1.1744 29.1168 46 202 46 0.815
-5.5771 1.3722 28.4570 38 209 38 0.848
4.2900 1.3597 28.2334 105 215 20 0.760
-4.7615 1.3024 28.4925 40 207 40 0.837
-1.9829 -3.0793 28.2086 133 208 20 0.683
3.6985 1.2520 28.4287 96 218 20 0.782
5.9683 -2.0967 29.4341 105 215 20 0.760
-4.8101 0.7001 30.1503 4 236 4 0.980
-3.7885 1.2639 28.7689 96 218 20 0.782
-2.5643 3.1540 19.8399 105 215 20 0.760
-6.5108 0.6489 30.1339 4 236 4 0.980
2.2101 -0.3365 29.9229 35 211 35 0.859
4.5792 1.3377 28.0051 113 213 20 0.738
2.4462 -3.4424 28.7131 35 211 35 0.859
4.4967 0.6668 29.8998 18 225 18 0.925
8.2483 -1.4231 29.9821 133 208 20 0.683
-3.5307 -3.5930 28.6729 48 200 48 0.804
-6.7325 0.3226 30.1774 4 236 4 0.980
-0.6130 -1.4230 28.4607 109 214 20 0.749
5.1503 0.9930 29.6908 13 229 13 0.947
3.9661 0.9713 29.7291 7 233 7 0.969
-5.9821 1.2939 29.0203 100 217 20 0.771
-3.2736 -1.0433 30.1136 13 229 13 0.947
-5.3129 -1.4442 28.6482 48 200 48 0.804
-7.6977 -0.7586 31.1920 43 205 43 0.826
3.7086 -1.1776 29.5945 40 207 40 0.837
-3.1319 -0.3428 30.2563 38 209 38 0.848
-7.5382 -2.8087 33.6481 133 208 20 0.683
-6.0031 -1.2210 29.3836 113 213 20 0.738
-5.7457 -1.3839 28.5583 96 218 20 0.782
4.1121 0.2320 30.4420 32 214 32 0.870
-2.7990 -4.0428 28.0233 138 207 20 0.672
3.2858 -3.9180 28.4960 46 202 46 0.815
-7.3563 -0.0054 29.8397 4 236 4 0.980
-3.3544 -3.5550 28.7552 43 205 43 0.826
-5.4706 0.4518 30.5390 38 209 38 0.848
5.3536 -3.4846 29.0418 92 219 20 0.793
-5.0823 0.5848 30.3148 4 236 4 0.980
-2.4903 3.1347 19.6878 38 209 38 0.848
3.9279 1.3510 28.0658 121 211 20 0.716
4.3428 1.0337 29.2294 40 207 40 0.837
-7.9869 -2.4181 31.7501 96 218 20 0.782
1.4028 -1.0473 30.3504 100 217 20 0.771
-4.1862 0.5125 30.2570 4 236 4 0.980
-3.2387 3.1270 19.5855 10 231 10 0.958
2.9207 1.3338 28.1947 35 211 35 0.859
-3.7926 0.5900 30.1597 4 236 4 0.980
-5.3835 0.7749 30.1722 4 236 4 0.980
0.4753 1.3071 28.4054 13 229 13 0.947
-5.3695 0.7081 30.1963 4 236 4 0.980
-4.3193 0.9028 29.7649 4 236 4 0.980
6.2714 1.0450 28.9251 21 222 21 0.914
4.8194 0.8121 29.4813 46 202 46 0.815
-5.7743 -4.0321 28.1613 121 211 20 0.716
4.0794 3.1588 19.3153 18 225 18 0.925
-5.6114 0.9629 29.5096 35 211 35 0.859
-6.2139 -1.5509 29.2932 46 202 46 0.815
0.6939 -1.5075 28.7198 109 214 20 0.749
-4.3264 0.9393 29.7169 7 233 7 0.969
-5.8206 -1.8287 29.4162 29 216 29 0.881
0.1934 1.1683 29.1233 48 200 48 0.804
2.2399 0.3257 30.4288 4 236 4 0.980
3.0681 0.3134 30.1960 4 236 4 0.980
-5.8248 -1.6631 29.4570 18 225 18 0.925
-5.7162 0.1558 30.1469 24 220 24 0.903
-0.6167 0.3163 30.4102 38 209 38 0.848
-0.4356 0.7774 30.2242 4 236 4 0.980
5.3105 1.2320 28.7309 4 236 4 0.980
-1.4945 -1.2279 28.4730 142 206 20 0.661
-6.3121 0.6643 30.2007 4 236 4 0.980
-2.6423 3.1250 19.5691 26 218 26 0.892
2.5968 0.8283 29.5572 105 215 20 0.760
-0.7104 -2.7310 29.2180 43 205 43 0.826
4.9211 0.9840 29.6274 16 227 16 0.936
2.3009 -1.1643 30.1525 96 218 20 0.782
5.1766 -4.2392 28.4157 142 206 20 0.661
-2.8834 0.7980 30.0338 4 236 4 0.980
-5.1747 1.3331 28.5956 48 200 48 0.804
-7.8217 -0.8293 31.1612 43 205 43 0.826
-5.1277 1.3411 28.6831 46 202 46 0.815
4.5187 -3.7977 28.6571 4 236 4 0.980
4.6677 -1.4917 30.0511 40 207 40 0.837
-5.7143 -2.8182 28.8181 117 212 20 0.727
-0.2656 1.2094 28.6397 43 205 43 0.826
-0.5380 -1.5761 29.1418 109 214 20 0.749
7.9169 0.2526 30.4758 92 219 20 0.793
-6.0904 -1.6992 29.1846 46 202 46 0.815
-5.7717 -1.5420 29.2517 4 236 4 0.980
-5.9306 0.2091 30.2293 4 236 4 0.980
-1.8257 0.3718 30.3107 21 222 21 0.914
-1.4061 0.9931 29.7128 21 222 21 0.914
4.4181 0.5632 29.9758 13 229 13 0.947
-5.8862 0.3557 30.1316 4 236 4 0.980
7.8433 -1.7342 29.8936 133 208 20 0.683
3.6130 -4.2149 28.1643 109 214 20 0.749
-4.3555 0.6542 30.1447 4 236 4 0.980
1.8850 -0.3776 29.3776 113 213 20 0.738
-5.7770 0.7433 30.1038 4 236 4 0.980
-1.4116 1.2880 28.6252 48 200 48 0.804
-4.6194 0.7106 30.1734 4 236 4 0.980
5.1524 -3.9626 28.6542 125 210 20 0.705
0.6824 -0.9848 30.1319 43 205 43 0.826
1.6383 -1.6903 29.5728 48 200 48 0.804
-4.2214 0.9132 29.7614 4 236 4 0.980
5.1089 1.0800 29.0232 35 211 35 0.859
4.0718 -0.8128 29.4696 13 229 13 0.947
-3.0098 -0.3967 30.5548 38 209 38 0.848
-3.3693 0.8085 30.0350 13 229 13 0.947
-7.3616 -2.6725 33.1020 35 211 35 0.859
-0.9183 -0.6879 30.0176 138 207 20 0.672
-5.7695 -4.2273 28.0554 129 209 20 0.694
-5.8467 0.8309 29.7408 4 236 4 0.980
-4.2815 0.8616 29.8173 4 236 4 0.980
0.8310 1.3236 28.1517 96 218 20 0.782
1.9421 -0.3861 29.6065 26 218 26 0.892
-3.9627 0.6115 30.0646 4 236 4 0.980
-2.0501 0.3946 30.3277 32 214 32 0.870
-7.9952 -1.2636 31.3410 121 211 20 0.716
3.8348 1.0435 29.5575 13 229 13 0.947
-1.4993 1.2798 28.6340 48 200 48 0.804
4.3509 -3.6555 28.5882 4 236 4 0.980
-3.8808 1.0121 29.8157 4 236 4 0.980
0.6289 -1.1364 29.7364 117 212 20 0.727
-2.4227 3.1578 19.4917 24 220 24 0.903
-6.2780 0.9078 29.9314 4 236 4 0.980
5.7144 1.3024 28.5660 4 236 4 0.980
1.7727 -1.8184 29.1877 38 209 38 0.848
5.6983 -2.6295 28.7389 100 217 20 0.771
-4.3156 1.2739 28.7708 46 202 46 0.815
-3.2545 -3.6350 28.7301 96 218 20 0.782
4.1736 1.0555 29.3006 40 207 40 0.837
-5.0311 1.2824 28.7464 43 205 43 0.826
-0.4902 1.1721 28.9947 26 218 26 0.892
-7.1210 -2.3108 32.8922 21 222 21 0.914
-2.2448 1.2554 28.8776 121 211 20 0.716
4.9193 -0.6294 30.5008 109 214 20 0.749
5.0358 -1.4927 30.0849 16 227 16 0.936
-0.9598 0.8846 29.7821 4 236 4 0.980
-2.4110 1.1831 29.1754 125 210 20 0.705
-4.1557 -1.0880 28.6781 109 214 20 0.749
-5.8587 -1.4491 28.7043 43 205 43 0.826
0.0306 -0.9420 28.9859 117 212 20 0.727
-4.1460 0.7340 30.1084 4 236 4 0.980
-3.6500 -1.0773 29.4200 121 211 20 0.716
5.1258 0.5965 30.0964 10 231 10 0.958
3.5971 1.0338 29.8248 4 236 4 0.980
-3.2456 1.0867 29.5779 92 219 20 0.793
-4.3052 1.3437 28.3991 35 211 35 0.859
-3.4303 -3.7657 28.4188 113 213 20 0.738
-5.8366 0.5743 30.5283 43 205 43 0.826
-6.1737 0.0021 30.8593 48 200 48 0.804
4.5137 -3.3898 28.5804 4 236 4 0.980
4.7460 0.7436 30.1540 10 231 10 0.958
3.6005 -1.1340 29.5067 92 219 20 0.793
-5.6848 -0.8676 29.6706 105 215 20 0.760
1.0359 1.3197 28.5394 46 202 46 0.815
5.9825 0.8386 29.6529 38 209 38 0.848
1.1318 -1.2839 28.5969 100 217 20 0.771
6.0177 0.2083 30.6863 125 210 20 0.705
3.6771 -1.0787 29.6524 40 207 40 0.837
6.2830 0.2536 29.8594 92 219 20 0.793
5.9346 1.1983 28.6615 4 236 4 0.980
5.6551 1.3474 28.1395 92 219 20 0.793
6.7176 1.2392 28.4740 138 207 20 0.672
-6.4429 0.0996 30.9066 24 220 24 0.903
-3.6308 0.8978 29.7314 10 231 10 0.958
1.9503 1.2895 28.3132 26 218 26 0.892
-6.2227 -0.0339 30.9118 96 218 20 0.782
-5.8603 0.2150 30.2275 4 236 4 0.980
-4.3974 0.2828 30.3383 4 236 4 0.980
0.5072 1.2784 28.6663 13 229 13 0.947
-3.5231 3.1603 19.4968 4 236 4 0.980
-5.6854 0.8148 30.2228 4 236 4 0.980
0.6870 1.2697 28.4559 29 216 29 0.881
-5.0438 0.6132 30.2050 4 236 4 0.980
6.9563 0.6265 29.9957 24 220 24 0.903
-1.7107 3.2048 19.3632 38 209 38 0.848
2.7147 1.3536 28.0235 48 200 48 0.804
3.2111 3.1753 19.3690 32 214 32 0.870
5.2829 0.9867 29.7624 21 222 21 0.914
-6.5291 0.1637 30.6636 16 227 16 0.936
-7.1685 -2.4362 32.8369 16 227 16 0.936
-6.1834 0.9141 29.9699 4 236 4 0.980
0.0648 0.7547 29.9257 4 236 4 0.980
2.8056 -2.0698 29.4638 96 218 20 0.782
-3.6693 0.9457 29.7307 10 231 10 0.958
4.1212 1.2775 28.5301 46 202 46 0.815
4.4199 -0.9800 30.0248 92 219 20 0.793
7.4216 0.6804 30.1021 92 219 20 0.793
-4.0969 1.0535 29.8656 4 236 4 0.980
2.9827 0.7172 29.6129 40 207 40 0.837
-6.1367 1.1910 29.4367 121 211 20 0.716
-4.3302 1.3333 28.6808 32 214 32 0.870
2.4374 0.2958 30.4048 4 236 4 0.980
-5.8646 0.5040 29.9520 4 236 4 0.980
-7.9375 -2.1484 31.7830 92 219 20 0.793
-5.3083 0.7671 30.1278 4 236 4 0.980
-6.9626 -2.3164 32.6869 40 207 40 0.837
-3.4812 0.8308 29.7278 13 229 13 0.947
2.7416 -3.2457 29.0190 40 207 40 0.837
4.3744 -2.1379 29.0011 4 236 4 0.980
4.9583 -2.6254 29.0554 13 229 13 0.947
-5.7212 1.3124 28.7179 32 214 32 0.870
-5.8274 0.7676 29.7457 4 236 4 0.980
0.2613 1.2540 28.7604 24 220 24 0.903
-5.8302 -0.9482 29.8494 40 207 40 0.837
4.5366 1.3255 28.4002 29 216 29 0.881
0.4384 0.5311 30.1707 4 236 4 0.980
5.3574 0.2171 30.2604 4 236 4 0.980
-4.7050 3.1722 19.2771 35 211 35 0.859
-5.7028 -1.6566 29.3523 10 231 10 0.958
3.4813 -3.2761 28.5825 46 202 46 0.815
5.3833 1.2968 28.9085 16 227 16 0.936
4.5574 -2.5526 28.7865 4 236 4 0.980
-3.4854 -2.7660 29.1074 117 212 20 0.727
-1.3748 1.3298 28.1867 92 219 20 0.793
-5.7921 1.1416 29.3989 48 200 48 0.804
4.7742 -1.0295 30.1838 29 216 29 0.881
-4.3943 0.4274 30.3409 4 236 4 0.980
3.5819 -0.2716 30.1303 38 209 38 0.848
-6.8638 0.4306 30.0410 4 236 4 0.980
-6.1074 0.0909 30.6084 35 211 35 0.859
2.4514 -2.1484 29.0780 48 200 48 0.804
5.4979 0.0194 30.1783 43 205 43 0.826
-6.4095 0.3873 30.3832 29 216 29 0.881
-4.9168 0.9991 29.7660 7 233 7 0.969
-7.5846 0.3808 30.0613 4 236 4 0.980
4.3993 -2.2881 29.0244 4 236 4 0.980
-2.3569 3.1500 19.3517 40 207 40 0.837
-6.5657 0.2035 30.6572 24 220 24 0.903
4.6404 -2.2981 28.8841 4 236 4 0.980
2.2392 0.5727 29.9954 4 236 4 0.980
-4.1199 0.8476 30.0046 4 236 4 0.980
-7.5370 -2.5058 32.3541 48 200 48 0.804
0.2993 -1.8234 28.9952 121 211 20 0.716
5.0104 0.6106 30.1471 4 236 4 0.980
5.0248 1.2752 28.7542 13 229 13 0.947
1.5802 1.5309 28.4941 109 214 20 0.749
-5.4660 1.3825 28.2777 117 212 20 0.727
-3.3582 0.3414 30.2233 4 236 4 0.980
-3.1818 -1.0460 30.1914 21 222 21 0.914
-4.2470 -1.7238 28.9785 113 213 20 0.738
4.3464 1.1249 28.8953 24 220 24 0.903
2.2621 1.3238 28.2326 109 214 20 0.749
3.5947 -3.2107 28.8129 21 222 21 0.914
6.6211 0.9654 29.1547 113 213 20 0.738
-3.7855 -0.5159 30.4593 125 210 20 0.705
-3.4433 -0.2746 29.9190 121 211 20 0.716
-5.6617 0.7064 30.1918 4 236 4 0.980
-5.4424 0.5628 30.4152 4 236 4 0.980
-0.3319 3.1405 19.4985 40 207 40 0.837
-6.1079 0.9492 29.9450 4 236 4 0.980
2.2163 1.2509 28.5897 96 218 20 0.782
0.6390 1.3487 28.4363 29 216 29 0.881
5.3172 0.6942 29.9793 16 227 16 0.936
-6.7574 0.3759 30.1023 4 236 4 0.980
6.2752 1.1575 29.0890 29 216 29 0.881
-7.7878 -1.6332 31.9410 4 236 4 0.980
5.3187 1.2100 28.7218 4 236 4 0.980
6.2673 0.9122 29.6362 26 218 26 0.892
4.5786 -2.6219 28.4617 125 210 20 0.705
5.4829 1.2266 28.6689 4 236 4 0.980
-6.2648 0.0290 30.5816 29 216 29 0.881
4.4893 -1.0675 30.1182 43 205 43 0.826
3.6156 -2.1411 29.4194 96 218 20 0.782
-0.0626 0.5214 30.1371 7 233 7 0.969
4.3960 -1.3972 29.7267 113 213 20 0.738
-4.6126 1.3145 28.4840 32 214 32 0.870
-4.2560 1.3150 28.5168 32 214 32 0.870
0.8091 1.3200 28.5257 35 211 35 0.859
4.5450 -2.0014 30.0361 138 207 20 0.672
3.2597 -1.0154 30.0523 92 219 20 0.793
-5.1457 0.7833 29.6420 18 225 18 0.925
5.6911 1.2681 28.5974 4 236 4 0.980
3.4283 1.3501 28.0102 133 208 20 0.683
-2.8855 1.2499 28.8149 113 213 20 0.738
6.1043 1.2989 28.8628 32 214 32 0.870
5.5446 -1.5414 29.8387 35 211 35 0.859
5.6412 -4.0799 27.9060 133 208 20 0.683
-0.9216 0.9474 29.8669 4 236 4 0.980
-3.5769 -1.1730 29.0867 113 213 20 0.738
6.1360 0.9885 29.8653 40 207 40 0.837
-3.0264 -4.0512 29.3443 142 206 20 0.661
-7.0942 -2.2987 32.7629 16 227 16 0.936
0.0695 1.1659 29.1814 96 218 20 0.782
3.2721 -1.4292 29.2472 117 212 20 0.727
-4.2744 1.2283 28.9679 96 218 20 0.782
-3.7795 3.3669 18.2543 142 206 20 0.661
-3.8044 1.2872 28.6765 105 215 20 0.760
-5.5805 0.5977 30.0872 4 236 4 0.980
4.3040 1.3724 28.3165 92 219 20 0.793
0.5050 -0.9955 30.3285 92 219 20 0.793
-0.4811 1.0605 29.5479 18 225 18 0.925
-1.5218 1.3161 28.4952 46 202 46 0.815
-6.6121 0.9482 29.7730 29 216 29 0.881
3.2675 -1.6206 29.3363 92 219 20 0.793
4.3422 -2.4201 28.8862 4 236 4 0.980
2.9228 -0.1343 29.9074 48 200 48 0.804
5.0796 1.1692 28.6649 10 231 10 0.958
-1.3364 -0.9544 30.0370 46 202 46 0.815
0.4929 0.5141 30.0791 13 229 13 0.947
-7.3725 -2.5785 32.6082 26 218 26 0.892
5.0707 1.2055 28.7871 4 236 4 0.980
5.7314 1.1409 28.7377 4 236 4 0.980
-7.8660 -1.3311 32.0260 16 227 16 0.936
5.7220 1.1392 28.7056 4 236 4 0.980
-3.7329 0.5202 30.5219 26 218 26 0.892
-5.1474 0.6790 30.1853 4 236 4 0.980
6.2835 1.0083 29.6673 38 209 38 0.848
1.8780 3.1159 19.2159 38 209 38 0.848
7.4756 1.1579 28.3619 117 212 20 0.727
2.9333 0.6881 30.0016 24 220 24 0.903
-3.5260 -0.5060 29.8016 125 210 20 0.705
2.4419 -1.8535 29.4581 92 219 20 0.793
-1.1312 1.3175 28.5040 35 211 35 0.859
3.9795 1.3478 28.0380 125 210 20 0.705
5.2665 1.3029 28.5085 10 231 10 0.958
1.7134 -2.5897 28.6996 43 205 43 0.826
-6.8445 0.7346 30.0730 4 236 4 0.980
5.6721 -1.5514 30.1395 105 215 20 0.760
1.5276 -1.4127 29.0065 105 215 20 0.760
-5.9753 0.9434 29.8890 4 236 4 0.980
4.9751 0.9208 29.6821 7 233 7 0.969
0.5946 1.0185 29.6234 13 229 13 0.947
-6.1821 -1.3725 28.6532 92 219 20 0.793
-6.6681 -0.0591 29.9171 4 236 4 0.980
5.4364 1.2255 28.6406 4 236 4 0.980
2.4734 -0.4663 30.4938 48 200 48 0.804
0.2607 1.2551 28.7740 24 220 24 0.903
2.1256 -2.3131 28.7501 32 214 32 0.870
-2.6924 -0.7458 31.1044 138 207 20 0.672
2.8646 -3.2529 29.0323 38 209 38 0.848
-0.0931 0.8731 29.5643 4 236 4 0.980
-2.9391 0.8427 29.8971 4 236 4 0.980
-5.1845 1.2953 28.8607 35 211 35 0.859
-4.0515 1.3388 28.7498 48 200 48 0.804
-3.2843 3.1892 19.0285 109 214 20 0.749
-7.4122 -1.7833 31.7994 32 214 32 0.870
5.9060 1.2099 28.7685 4 236 4 0.980
-5.3503 0.6058 30.0995 4 236 4 0.980
-3.0524 0.7486 30.1098 4 236 4 0.980
5.6234 1.3243 28.2907 26 218 26 0.892
-3.9568 0.9571 29.9357 4 236 4 0.980
-6.2995 0.0565 30.8082 32 214 32 0.870
0.3065 1.3233 28.5471 7 233 7 0.969
-1.6444 1.1005 29.5941 32 214 32 0.870
3.2284 -3.8051 29.0075 105 215 20 0.760
6.1228 0.3094 30.0034 35 211 35 0.859
-5.6993 0.3787 30.3324 4 236 4 0.980
-5.7906 0.7936 30.1390 4 236 4 0.980
3.5422 -3.7452 27.9691 129 209 20 0.694
-7.7776 -1.6298 31.8958 4 236 4 0.980
5.3079 0.4909 30.0852 4 236 4 0.980
-7.5191 0.1955 30.0434 4 236 4 0.980
-5.5284 1.3474 28.6771 35 211 35 0.859
4.9298 3.0964 19.4043 26 218 26 0.892
5.1519 0.6483 29.9397 4 236 4 0.980
-3.6456 -2.5613 28.4715 138 207 20 0.672
-1.7417 1.1033 29.6522 32 214 32 0.870
4.1075 -2.3696 29.1071 18 225 18 0.925
6.4645 0.7860 30.2757 125 210 20 0.705
4.2004 1.1152 29.0312 24 220 24 0.903
4.8681 -1.5465 30.0590 38 209 38 0.848
4.5901 1.0499 28.7642 38 209 38 0.848
-1.1646 -1.9986 29.6616 138 207 20 0.672
4.7337 -2.1716 28.9816 4 236 4 0.980
-2.1662 1.2703 28.4311 92 219 20 0.793
2.2557 0.8820 29.3277 129 209 20 0.694
-0.1676 0.9840 29.7580 4 236 4 0.980
1.3575 1.2655 28.3476 46 202 46 0.815
-5.7793 -3.5314 28.4761 129 209 20 0.694
0.8978 0.8446 29.6789 18 225 18 0.925
-3.6222 0.9211 29.7717 4 236 4 0.980
0.8266 0.8525 29.5511 16 227 16 0.936
2.1305 1.3381 28.0141 96 218 20 0.782
-1.3786 0.6118 30.0257 4 236 4 0.980
-5.8270 -1.6159 29.5135 29 216 29 0.881
1.6795 -0.1022 29.6932 48 200 48 0.804
2.1716 1.2728 28.8456 121 211 20 0.716
-2.0572 0.3955 30.3705 38 209 38 0.848
-2.9530 1.3134 28.4701 113 213 20 0.738
4.7657 0.9993 29.8040 26 218 26 0.892
5.4989 1.0164 29.4940 105 215 20 0.760
-7.7311 0.1549 29.8849 24 220 24 0.903
0.4107 1.3383 27.9214 113 213 20 0.738
-6.6789 0.0800 30.1321 4 236 4 0.980
3.0272 1.3076 28.4550 96 218 20 0.782
6.1362 0.6408 30.0231 40 207 40 0.837
0.5832 1.3077 28.4261 21 222 21 0.914
1.9136 0.9701 27.9410 125 210 20 0.705
-2.9454 -3.2913 28.6846 142 206 20 0.661
3.4208 0.8249 29.8175 4 236 4 0.980
3.3607 1.3065 28.4357 96 218 20 0.782
3.3188 -3.9250 28.0687 109 214 20 0.749
-1.1575 0.7113 30.1396 4 236 4 0.980
6.9201 0.5795 29.9438 26 218 26 0.892
-7.0686 1.2921 29.7352 129 209 20 0.694
3.8648 1.3056 28.4746 43 205 43 0.826
-0.6096 -1.5391 29.1229 109 214 20 0.749
5.2273 -1.5259 30.0515 16 227 16 0.936
4.3162 1.3054 28.5573 48 200 48 0.804
-0.6339 1.1765 28.9311 4 236 4 0.980
-6.7308 -0.1834 31.3558 133 208 20 0.683
5.7475 0.4796 30.0752 24 220 24 0.903
-1.7273 -2.1815 28.4163 117 212 20 0.727
5.3983 -2.2690 28.8880 4 236 4 0.980
0.8641 3.1225 19.6108 117 212 20 0.727
6.1829 0.3926 30.0842 26 218 26 0.892
-2.4911 -0.3472 30.5409 125 210 20 0.705
-5.2140 1.2571 28.9580 46 202 46 0.815
-1.5365 -1.5114 29.1388 92 219 20 0.793
-1.6644 1.1367 29.3216 109 214 20 0.749
6.1377 0.2706 30.0814 35 211 35 0.859
-5.2675 0.9676 29.9751 7 233 7 0.969
-5.0689 0.3423 30.4905 46 202 46 0.815
3.1734 -2.7298 29.2728 40 207 40 0.837
3.1530 0.0994 30.2099 4 236 4 0.980
-1.0688 1.2488 28.7093 16 227 16 0.936
-0.4559 1.3337 28.2453 113 213 20 0.738
2.8518 0.1475 30.5355 4 236 4 0.980
5.8392 -1.7635 29.3443 92 219 20 0.793
0.5709 1.3277 28.2807 24 220 24 0.903
-5.6888 -3.4844 28.3288 129 209 20 0.694
3.5091 3.1362 19.6519 48 200 48 0.804
-7.6610 0.0706 29.7167 24 220 24 0.903
4.6346 1.2974 28.4036 35 211 35 0.859
5.1651 0.2509 30.1381 21 222 21 0.914
1.4548 3.1442 19.3597 40 207 40 0.837
0.5665 1.3244 28.2548 24 220 24 0.903
3.7070 0.0620 30.5027 18 225 18 0.925
1.7424 1.3355 28.3970 38 209 38 0.848
-3.4861 -3.2627 28.8267 92 219 20 0.793
1.7405 1.3397 28.4309 38 209 38 0.848
1.0049 0.8145 29.5409 48 200 48 0.804
2.5596 1.3316 28.3932 117 212 20 0.727
-3.0526 -0.9647 30.2853 38 209 38 0.848
3.3309 0.6049 30.0122 4 236 4 0.980
-1.0139 0.8394 29.7975 4 236 4 0.980
-0.5613 0.7762 30.0216 4 236 4 0.980
5.9698 1.2348 28.6945 4 236 4 0.980
-5.2242 0.9609 29.8064 4 236 4 0.980
-5.8856 -1.8790 29.1674 32 214 32 0.870
4.3945 -3.7049 28.6238 4 236 4 0.980
0.3000 -1.2546 28.7612 100 217 20 0.771
3.8785 -2.3603 29.1594 40 207 40 0.837
-6.2076 0.5779 30.1047 4 236 4 0.980
-3.5971 0.8187 30.0781 10 231 10 0.958
1.9660 3.1610 19.5807 43 205 43 0.826
0.5599 -3.5251 29.3430 142 206 20 0.661
0.1903 3.1954 19.2635 40 207 40 0.837
4.5531 1.3515 28.1614 43 205 43 0.826
-6.0836 0.7025 29.7751 4 236 4 0.980
3.1853 -3.1375 29.7016 142 206 20 0.661
5.8171 -3.9579 28.4782 43 205 43 0.826
-4.3701 0.7629 30.2165 4 236 4 0.980
4.2451 0.9699 29.4655 46 202 46 0.815
5.5625 1.0871 28.9690 29 216 29 0.881
4.5650 -1.0356 30.3578 48 200 48 0.804
4.4256 -3.7128 28.7607 4 236 4 0.980
5.9119 1.1301 28.8317 13 229 13 0.947
-5.8901 0.5922 30.1678 4 236 4 0.980
-0.5505 -1.5713 29.0968 109 214 20 0.749
4.5281 -0.5102 30.3610 46 202 46 0.815
-0.9447 1.0445 29.3547 46 202 46 0.815
5.7255 1.2271 28.5565 4 236 4 0.980
-3.1212 0.8326 29.7892 24 220 24 0.903
-3.0583 0.9732 29.7647 16 227 16 0.936
5.5910 1.3451 28.1018 92 219 20 0.793
1.4642 0.6331 30.0913 4 236 4 0.980
6.0462 -1.9794 29.1411 113 213 20 0.738
-5.8884 0.8472 29.9150 4 236 4 0.980
-7.9025 -2.3098 31.7830 46 202 46 0.815
1.6484 -2.9615 28.8818 100 217 20 0.771
2.4931 0.1302 30.4361 4 236 4 0.980
0.0019 1.2229 28.6035 7 233 7 0.969
-6.0092 -1.2562 29.3938 105 215 20 0.760
1.4019 -0.1772 30.6709 133 208 20 0.683
-5.8633 1.1999 29.2199 105 215 20 0.760
2.4465 0.8203 29.7698 40 207 40 0.837
5.1959 -0.5189 30.5208 96 218 20 0.782
-5.1059 0.3165 30.1905 4 236 4 0.980
-4.4006 -1.4049 29.1731 113 213 20 0.738
0.7361 0.3012 30.3967 13 229 13 0.947
-6.6413 -1.6674 29.9882 129 209 20 0.694
5.9275 0.8641 29.5781 100 217 20 0.771
-2.4230 -3.5229 28.4433 121 211 20 0.716
-0.3416 -1.4345 28.7170 100 217 20 0.771
-0.0554 -0.9872 5.3923 129 209 20 0.694
3.1126 1.2631 28.3797 92 219 20 0.793
8.1906 -1.1451 30.0685 133 208 20 0.683
3.5441 1.1292 29.2026 105 215 20 0.760
5.2564 1.1744 28.7371 4 236 4 0.980
4.1693 1.1131 29.1606 26 218 26 0.892
5.9265 -1.8100 29.2832 100 217 20 0.771
2.2976 -1.0753 29.6720 113 213 20 0.738
4.6810 1.3562 28.1086 100 217 20 0.771
-3.0867 1.3619 28.0936 117 212 20 0.727
6.0777 1.2552 28.8455 26 218 26 0.892
3.2245 0.9911 29.6985 4 236 4 0.980
-0.5932 1.1481 29.0917 21 222 21 0.914
3.6345 -2.3038 29.2359 29 216 29 0.881
4.7723 -1.0317 30.1592 29 216 29 0.881
4.6195 1.3565 28.2246 40 207 40 0.837
3.9967 -4.3024 28.0471 92 219 20 0.793
5.9446 1.3065 28.5446 4 236 4 0.980
4.7431 1.2701 28.5997 32 214 32 0.870
-5.3513 3.2446 19.7174 121 211 20 0.716
-4.1333 0.3604 30.3884 7 233 7 0.969
-1.0918 0.8229 29.7357 16 227 16 0.936
4.1850 1.0563 29.0223 24 220 24 0.903
3.6705 -2.6864 29.2599 38 209 38 0.848
2.3749 -0.0942 29.7832 92 219 20 0.793
-5.9490 -2.7434 28.9168 117 212 20 0.727
-0.9085 0.7787 30.0840 4 236 4 0.980
0.2984 1.0995 29.5323 21 222 21 0.914
-6.4976 0.2432 30.7767 29 216 29 0.881
4.5149 -0.7740 30.2525 48 200 48 0.804
4.6324 1.1788 28.8168 40 207 40 0.837
-3.3506 -3.2625 28.8539 92 219 20 0.793
2.9678 1.2332 28.4918 96 218 20 0.782
-5.1031 3.2687 18.9420 121 211 20 0.716
5.8430 1.0723 29.4117 117 212 20 0.727
-6.0493 -1.5520 29.3890 26 218 26 0.892
-5.7286 0.5225 30.4068 4 236 4 0.980
-5.7482 0.1799 30.6086 46 202 46 0.815
4.9676 0.8504 29.7335 4 236 4 0.980
5.8977 -1.7920 29.2384 105 215 20 0.760
-2.9979 1.3586 28.1031 117 212 20 0.727
-0.9283 -2.2572 29.2645 133 208 20 0.683
4.7616 -3.5503 28.6953 4 236 4 0.980
3.4900 -2.5570 29.0699 13 229 13 0.947
3.7343 3.1805 19.2252 29 216 29 0.881
2.7607 0.2549 30.4871 4 236 4 0.980
1.6555 0.8793 29.6322 48 200 48 0.804
-3.9844 1.2673 29.0624 100 217 20 0.771
-6.5666 0.4219 30.1572 4 236 4 0.980
3.5634 -2.6161 29.0198 29 216 29 0.881
-1.0348 -1.9190 29.3519 125 210 20 0.705
2.3432 -1.4144 29.1878 92 219 20 0.793
3.5988 0.6984 30.1119 43 205 43 0.826
4.1838 -2.5329 28.9641 18 225 18 0.925
4.7633 -2.3228 28.8001 10 231 10 0.958
5.0892 -2.1901 28.7750 26 218 26 0.892
1.6427 -1.3670 29.5268 109 214 20 0.749
3.0127 -1.7930 29.1940 129 209 20 0.694
-0.6724 1.0395 29.6085 92 219 20 0.793
5.1287 -1.4990 30.0714 21 222 21 0.914
3.1067 0.6223 29.9716 4 236 4 0.980
-5.5094 3.1897 19.3937 113 213 20 0.738
5.4341 -1.5076 29.8866 18 225 18 0.925
-3.1748 -1.0460 30.1134 10 231 10 0.958
-0.0725 1.1421 29.2860 38 209 38 0.848
0.2009 3.1631 19.3252 40 207 40 0.837
0.1890 1.1744 29.1799 92 219 20 0.793
3.2413 -1.1458 29.9698 109 214 20 0.749
4.0498 -0.7318 29.3757 26 218 26 0.892
3.7053 0.0948 30.1004 29 216 29 0.881
2.0682 -1.9166 29.9920 142 206 20 0.661
5.4378 -1.5525 30.1092 21 222 21 0.914
-7.4253 -0.9291 31.8340 46 202 46 0.815
2.4088 -0.4038 30.1772 26 218 26 0.892
-4.2299 -2.6185 28.2306 133 208 20 0.683
2.1554 -0.3340 29.6283 32 214 32 0.870
-1.4426 3.1644 19.5179 43 205 43 0.826
3.2256 -0.5113 30.5361 117 212 20 0.727
1.2746 0.6232 30.0919 4 236 4 0.980
4.4456 -3.4961 28.8730 4 236 4 0.980
-1.9142 1.2897 28.7201 117 212 20 0.727
2.6195 0.0250 30.3309 4 236 4 0.980
5.1085 -1.1216 30.2121 18 225 18 0.925
3.0928 1.0808 29.6545 24 220 24 0.903
-0.5838 1.2662 28.8424 16 227 16 0.936
1.1455 -0.4796 30.4812 40 207 40 0.837
-1.7517 -3.4638 27.6860 129 209 20 0.694
-1.9459 3.1799 19.6028 32 214 32 0.870
0.9330 0.6391 30.0725 4 236 4 0.980
3.2292 0.1425 30.2388 4 236 4 0.980
-3.6674 0.3739 30.4888 26 218 26 0.892
0.4729 1.3334 28.2858 21 222 21 0.914
-2.7681 0.4805 30.0838 4 236 4 0.980
-2.4564 0.5538 30.1449 4 236 4 0.980
-4.7576 3.2358 18.9663 46 202 46 0.815
-2.9802 0.9948 29.7215 4 236 4 0.980
-0.0870 0.4844 30.4495 38 209 38 0.848
-7.6233 -2.3079 32.0520 48 200 48 0.804
-7.5675 -0.9370 31.6824 24 220 24 0.903
-2.1166 1.0264 29.6240 24 220 24 0.903
-0.0200 0.4795 30.4479 40 207 40 0.837
1.0164 1.3435 27.9778 113 213 20 0.738
7.3747 1.1416 28.5455 105 215 20 0.760
0.7757 0.3803 30.5194 24 220 24 0.903
5.7789 -3.9881 28.2754 92 219 20 0.793
-1.0379 1.0782 29.4876 29 216 29 0.881
1.5975 0.4435 30.3058 7 233 7 0.969
4.9960 1.4846 27.7959 142 206 20 0.661
-1.2488 1.3116 28.5808 38 209 38 0.848
1.7503 0.3509 30.4351 29 216 29 0.881
-5.7899 0.6935 29.9297 4 236 4 0.980
1.8407 0.5229 30.2725 4 236 4 0.980
2.1810 0.2980 30.4654 4 236 4 0.980
-0.1008 -0.7604 30.0153 48 200 48 0.804
4.7881 0.5740 29.9307 4 236 4 0.980
-2.5743 0.6133 30.0847 4 236 4 0.980
2.7290 0.2969 30.4327 4 236 4 0.980
4.7532 -3.2266 28.7890 29 216 29 0.881
5.5641 0.3856 30.2504 4 236 4 0.980
-1.4059 -0.9213 30.5564 92 219 20 0.793
6.4486 0.4627 29.8175 117 212 20 0.727
-7.1075 -0.0586 29.8997 4 236 4 0.980
-5.9390 1.2434 29.2865 100 217 20 0.771
4.6743 1.3571 28.2042 48 200 48 0.804
4.9613 3.2823 19.1034 96 218 20 0.782
-3.2944 -0.9322 30.2551 24 220 24 0.903
-7.4574 -0.0103 29.0531 138 207 20 0.672
-5.7956 0.7101 30.1314 4 236 4 0.980
4.5302 0.6428 29.9092 13 229 13 0.947
-4.2177 0.7624 30.1864 4 236 4 0.980
-3.6006 3.1374 19.2270 24 220 24 0.903
-0.9831 1.2198 28.9155 26 218 26 0.892
-1.6899 0.6338 29.9822 4 236 4 0.980
5.5988 0.5057 29.9159 21 222 21 0.914
-1.4074 0.7071 30.1794 4 236 4 0.980
0.3598 0.6208 29.9630 4 236 4 0.980
-3.9276 1.0357 29.7976 4 236 4 0.980
-6.2538 0.8692 29.8512 4 236 4 0.980
1.6375 0.6077 30.0102 4 236 4 0.980
4.7845 -2.7529 28.5993 105 215 20 0.760
3.3666 0.7116 30.1562 35 211 35 0.859
4.7913 0.4660 29.7993 46 202 46 0.815
-5.3785 0.4145 30.0840 4 236 4 0.980
4.9827 0.8926 29.7392 4 236 4 0.980
-3.4923 -0.2418 29.9887 113 213 20 0.738
-0.2821 1.0179 29.4672 4 236 4 0.980
5.6986 0.6910 30.0233 96 218 20 0.782
6.6849 0.7471 29.6644 46 202 46 0.815
3.1023 -3.2012 28.9946 26 218 26 0.892
-4.5990 1.0177 30.0178 43 205 43 0.826
3.9312 0.6709 29.8930 4 236 4 0.980
-0.9181 1.1140 28.8746 16 227 16 0.936
1.5759 -3.2498 28.9952 121 211 20 0.716
-2.3679 -0.2149 30.1780 113 213 20 0.738
-0.6181 1.1201 28.9447 4 236 4 0.980
6.6173 0.9756 29.8132 92 219 20 0.793
-3.1084 -4.1737 28.1959 129 209 20 0.694
2.3815 0.3182 30.1718 4 236 4 0.980
2.6333 1.1345 29.1683 129 209 20 0.694
6.4606 1.0784 28.9994 38 209 38 0.848
-3.1180 -4.2145 28.1862 129 209 20 0.694
-0.5253 0.3927 30.2419 10 231 10 0.958
-5.0470 -1.2133 29.3318 109 214 20 0.749
-1.2293 -2.4259 29.0335 38 209 38 0.848
3.2913 0.9461 29.6116 4 236 4 0.980
5.1856 -2.1793 28.9720 32 214 32 0.870
4.3349 1.2490 28.9450 29 216 29 0.881
5.5056 0.9982 29.8153 92 219 20 0.793
5.6209 0.7613 29.9001 43 205 43 0.826
6.1646 0.9613 29.7837 32 214 32 0.870
3.3498 -1.7180 29.7208 117 212 20 0.727
6.2757 1.0134 29.1843 43 205 43 0.826
-2.4424 1.0925 29.8044 32 214 32 0.870
0.6720 1.2982 28.3824 26 218 26 0.892
4.0141 -4.2313 27.7867 117 212 20 0.727
1.2822 1.2605 28.6899 96 218 20 0.782
-2.3868 -3.6516 28.5594 117 212 20 0.727
3.9939 1.2406 28.7133 38 209 38 0.848
5.5517 -4.0742 28.4376 32 214 32 0.870
4.7914 -2.2863 28.8548 4 236 4 0.980
4.4246 -3.2924 29.0071 35 211 35 0.859
-4.2645 1.3425 28.1857 92 219 20 0.793
5.1699 -3.2937 29.1835 40 207 40 0.837
-4.2683 1.3189 28.4342 38 209 38 0.848
-1.0011 1.1268 29.2385 38 209 38 0.848
4.5787 -2.3197 29.1409 4 236 4 0.980
4.2182 -2.1888 29.1617 21 222 21 0.914
7.0737 0.2556 30.3167 43 205 43 0.826
5.3047 -2.1444 28.9677 21 222 21 0.914
5.3545 -1.8887 29.3850 38 209 38 0.848
0.2527 -1.8128 28.4878 133 208 20 0.683
5.1868 -1.4957 30.0422 16 227 16 0.936
5.2329 -1.5274 30.0755 13 229 13 0.947
2.4339 -0.0954 30.0600 4 236 4 0.980
3.2040 0.0878 30.1603 4 236 4 0.980
1.8923 1.3544 28.0035 100 217 20 0.771
-7.3753 -0.2243 31.7475 125 210 20 0.705
6.5307 0.1819 30.0893 13 229 13 0.947
5.5298 -0.9227 31.0533 138 207 20 0.672
-3.3270 0.4895 30.1565 4 236 4 0.980
-7.7971 -2.7403 32.8994 43 205 43 0.826
-3.0728 0.5514 30.1166 4 236 4 0.980
-2.2565 0.5239 30.2002 4 236 4 0.980
-0.3587 0.4917 30.2769 4 236 4 0.980
-1.4600 0.4745 30.5169 92 219 20 0.793
4.2451 1.0873 28.9233 24 220 24 0.903
-5.7090 -3.1477 28.5764 129 209 20 0.694
0.7651 0.4531 30.1598 4 236 4 0.980
-3.9154 -1.7797 28.6635 121 211 20 0.716
3.7347 0.2294 30.5001 29 216 29 0.881
-2.2658 0.6376 30.1110 4 236 4 0.980
2.1903 0.9307 27.8723 129 209 20 0.694
-3.6152 -1.1921 29.8306 43 205 43 0.826
3.1030 0.6649 30.1561 26 218 26 0.892
-3.6575 -3.1498 28.2189 138 207 20 0.672
-1.4344 1.2255 29.1677 133 208 20 0.683
-1.4405 -1.3285 28.8400 105 215 20 0.760
4.2982 0.7942 29.5285 48 200 48 0.804
3.2110 -3.1507 29.1671 26 218 26 0.892
-2.3669 -1.0223 29.8821 121 211 20 0.716
1.7986 -3.0638 29.0396 105 215 20 0.760
3.4880 1.1378 29.0810 100 217 20 0.771
-0.3484 0.5286 30.1733 4 236 4 0.980
5.3800 0.9910 29.8201 38 209 38 0.848
5.9563 1.2057 28.7422 4 236 4 0.980
-3.8447 0.4291 30.4795 18 225 18 0.925
4.3792 -2.1170 29.5416 125 210 20 0.705
-2.2776 1.3107 28.5301 96 218 20 0.782
0.6823 1.3507 28.0263 100 217 20 0.771
5.9850 1.3404 28.1198 105 215 20 0.760
-2.9253 0.8674 29.7784 4 236 4 0.980
5.5671 -4.1520 28.4840 35 211 35 0.859
4.6814 -3.7977 28.6813 4 236 4 0.980
5.5254 -3.2924 29.0961 92 219 20 0.793
2.5109 3.1687 19.2229 46 202 46 0.815
4.3780 -2.1386 29.1538 13 229 13 0.947
7.6531 0.2164 30.4414 21 222 21 0.914
-6.9074 0.7774 28.9258 133 208 20 0.683
5.3271 0.1562 29.8838 32 214 32 0.870
-3.0190 -0.9165 30.1585 38 209 38 0.848
-2.4404 1.0265 29.8013 21 222 21 0.914
-3.7487 3.2075 19.2626 26 218 26 0.892
3.4749 0.5223 30.0153 24 220 24 0.903
1.4724 0.7895 29.7783 13 229 13 0.947
1.4699 0.7871 29.7395 21 222 21 0.914
-1.6008 -2.3721 29.1337 43 205 43 0.826
1.8685 0.6421 30.0432 4 236 4 0.980
0.7145 1.2527 28.5158 32 214 32 0.870
0.5861 -0.6677 5.5020 142 206 20 0.661
3.8974 -0.8932 29.4890 32 214 32 0.870
-7.4066 -2.3048 32.4577 40 207 40 0.837
-5.7816 1.3816 28.2479 113 213 20 0.738
-7.7091 -2.4758 31.4736 129 209 20 0.694
-1.8455 -0.9824 29.6374 40 207 40 0.837
-4.7385 1.3791 28.2362 96 218 20 0.782
4.0795 0.4534 29.8923 48 200 48 0.804
2.4960 -1.7855 29.6801 121 211 20 0.716
-0.5011 -3.1110 29.6851 138 207 20 0.672
-0.2232 1.3124 28.4864 35 211 35 0.859
-6.8816 0.3574 29.9733 4 236 4 0.980
5.6795 -2.1477 29.6090 117 212 20 0.727
3.0375 0.5889 30.0866 13 229 13 0.947
2.5259 -1.0208 30.4323 92 219 20 0.793
4.1323 -1.0308 29.6418 24 220 24 0.903
2.6815 0.0833 30.1722 4 236 4 0.980
4.4475 -3.2703 28.9193 21 222 21 0.914
-4.6857 0.3137 30.1272 16 227 16 0.936
-1.6023 0.4748 30.3224 4 236 4 0.980
1.1790 0.4550 30.2933 16 227 16 0.936
7.4045 0.8997 29.1032 105 215 20 0.760
-1.1490 0.7077 30.0721 4 236 4 0.980
0.5941 0.7383 30.0835 4 236 4 0.980
-0.2923 0.8392 29.8160 4 236 4 0.980
2.1804 0.5441 30.0545 4 236 4 0.980
1.0549 0.5963 30.0253 4 236 4 0.980
-1.3554 0.5751 30.1205 4 236 4 0.980
-0.6324 1.0596 29.2374 21 222 21 0.914
2.9837 -3.9228 28.2523 109 214 20 0.749
0.6372 -0.5644 30.6072 48 200 48 0.804
6.4415 1.1557 28.9398 38 209 38 0.848
3.4368 1.2614 28.6437 113 213 20 0.738
2.0868 0.5093 29.8960 4 236 4 0.980
5.2207 1.0421 29.3129 105 215 20 0.760
4.3191 -3.5581 28.5415 18 225 18 0.925
4.3637 -3.4838 28.7752 4 236 4 0.980
-4.6071 0.5428 29.9913 4 236 4 0.980
3.5303 0.9633 29.7066 4 236 4 0.980
-1.3035 -0.5015 30.1646 105 215 20 0.760
2.4874 3.1629 19.2500 43 205 43 0.826
4.5522 -2.2564 29.0192 4 236 4 0.980
4.0915 0.7611 29.7413 4 236 4 0.980
4.5211 -1.1184 30.1225 40 207 40 0.837
-7.5019 -2.4306 32.1217 100 217 20 0.771
-0.5094 3.1395 19.4725 46 202 46 0.815
4.5319 -0.6679 30.2936 96 218 20 0.782
3.1947 -3.1768 28.7851 96 218 20 0.782
2.1558 -0.2550 29.9420 32 214 32 0.870
5.5737 -0.2176 30.2256 109 214 20 0.749
2.1411 -0.1284 29.7284 32 214 32 0.870
2.5272 1.3140 28.4642 105 215 20 0.760
-4.6718 3.2258 18.4109 138 207 20 0.672
3.3745 0.0041 30.2712 4 236 4 0.980
4.3902 -2.8764 29.0153 109 214 20 0.749
4.2044 0.1463 30.3353 35 211 35 0.859
0.4845 0.2657 30.4913 38 209 38 0.848
-1.9762 0.6726 30.1209 4 236 4 0.980
-2.6056 0.1205 30.4320 48 200 48 0.804
4.7497 -2.9560 29.6589 138 207 20 0.672
3.1543 0.5670 29.9331 4 236 4 0.980
2.3865 -0.1003 30.3214 4 236 4 0.980
2.9343 -2.3003 28.7217 105 215 20 0.760
0.1328 0.6993 30.0688 18 225 18 0.925
-3.6228 -4.1173 27.6658 113 213 20 0.738
3.1065 -3.7089 28.6113 105 215 20 0.760
3.6623 -4.3440 27.7689 125 210 20 0.705
-5.2130 0.2702 30.3664 21 222 21 0.914
2.3634 0.0308 30.3016 4 236 4 0.980
3.7080 -0.0374 30.2793 4 236 4 0.980
-2.8373 0.3910 30.5274 105 215 20 0.760
1.5424 0.5832 30.0071 4 236 4 0.980
4.3614 -0.4306 30.3079 46 202 46 0.815
3.6305 0.1591 30.3213 4 236 4 0.980
2.2554 -2.1214 28.9032 40 207 40 0.837
0.6263 0.7511 30.0956 4 236 4 0.980
2.0042 0.6006 30.0729 4 236 4 0.980
5.1827 1.2437 28.4810 10 231 10 0.958
-0.0101 1.3272 28.1884 105 215 20 0.760
3.0141 0.2623 30.5517 4 236 4 0.980
-0.8528 0.6214 30.1229 13 229 13 0.947
-1.0685 -0.9482 30.0523 46 202 46 0.815
5.3325 -2.6322 28.6501 32 214 32 0.870
-0.8797 0.5664 30.0555 21 222 21 0.914
2.3510 0.6234 30.0549 18 225 18 0.925
-2.2699 -0.0749 29.7006 38 209 38 0.848
6.4205 0.8967 29.5438 40 207 40 0.837
4.9623 -3.5262 28.9335 40 207 40 0.837
-3.6684 3.1879 19.4078 4 236 4 0.980
4.6313 0.5645 30.1033 13 229 13 0.947
4.1662 3.1255 19.6253 24 220 24 0.903
3.8527 -4.1175 28.5459 133 208 20 0.683
5.0997 -1.6790 29.2909 133 208 20 0.683
-0.6086 -1.2370 28.6726 92 219 20 0.793
1.4809 -1.3658 28.7942 105 215 20 0.760
5.1144 -3.1232 29.3198 35 211 35 0.859
-5.8159 -3.8496 28.2305 133 208 20 0.683
4.1054 -2.6413 28.9161 32 214 32 0.870
-7.2663 0.1407 29.6679 21 222 21 0.914
-1.8505 1.3159 28.5044 43 205 43 0.826
4.7152 -2.4094 28.9424 4 236 4 0.980
4.6960 1.3465 28.0595 109 214 20 0.749
1.0667 1.3496 28.0206 105 215 20 0.760
2.5759 0.3696 30.4786 4 236 4 0.980
0.6423 1.3478 28.4633 32 214 32 0.870
-0.2768 0.4678 30.2492 4 236 4 0.980
-7.0255 -2.0836 32.5353 100 217 20 0.771
-2.5154 1.2692 28.6614 105 215 20 0.760
5.5410 -2.3357 28.8927 13 229 13 0.947
-2.7073 -1.6571 28.7630 133 208 20 0.683
3.7981 1.2269 28.7234 43 205 43 0.826
-2.4213 -3.5928 28.7052 105 215 20 0.760
3.7113 -2.2134 29.0938 24 220 24 0.903
2.2786 -1.3596 29.1962 100 217 20 0.771
-7.4782 -2.2065 31.9239 18 225 18 0.925
5.5723 -1.6250 29.4770 48 200 48 0.804
-3.6203 -1.9131 28.3489 121 211 20 0.716
-7.3902 -0.1697 30.8144 129 209 20 0.694
-0.8455 1.0351 29.2904 40 207 40 0.837
-1.7355 -1.1729 28.7935 121 211 20 0.716
-5.7170 -0.5942 29.7437 105 215 20 0.760
-0.2378 -0.9994 29.1768 129 209 20 0.694
-1.4178 -2.1855 30.2043 142 206 20 0.661
0.3110 0.8169 29.7522 4 236 4 0.980
-6.6184 0.2742 30.1767 4 236 4 0.980
-0.5283 0.3964 30.3068 13 229 13 0.947
-5.0736 0.9137 30.0731 4 236 4 0.980
-4.8738 3.1722 19.4543 38 209 38 0.848
0.2975 0.8193 29.8909 4 236 4 0.980
-2.3336 -0.9499 29.9978 121 211 20 0.716
2.4574 0.6658 30.1523 26 218 26 0.892
1.7324 0.5729 29.9786 4 236 4 0.980
3.1548 -2.4116 28.7501 113 213 20 0.738
-1.0792 -1.2784 28.3540 113 213 20 0.738
-1.4570 -0.4897 30.4880 46 202 46 0.815
2.2208 -1.3162 29.6576 113 213 20 0.738
-0.9739 1.0894 29.2387 40 207 40 0.837
1.7555 -0.1892 29.7669 43 205 43 0.826
-3.2492 0.7647 30.2459 4 236 4 0.980
4.3358 3.2099 19.3075 35 211 35 0.859
2.2787 -1.1000 30.0424 96 218 20 0.782
1.8215 0.1447 30.0782 40 207 40 0.837
-0.7304 -1.1973 28.7670 105 215 20 0.760
-5.6767 -0.6704 29.7502 92 219 20 0.793
2.0148 1.3313 28.2520 35 211 35 0.859
-3.5951 -0.8323 29.8617 40 207 40 0.837
1.8692 -2.4303 28.8418 18 225 18 0.925
-0.3401 -0.6024 30.2094 121 211 20 0.716
-1.5022 -0.1496 30.4118 109 214 20 0.749
-2.6527 0.7858 30.0644 4 236 4 0.980
-2.5209 0.7562 30.2593 21 222 21 0.914
2.9814 -0.0650 30.0767 10 231 10 0.958
3.8886 -0.7471 29.5869 35 211 35 0.859
-7.8722 -2.2258 31.6102 92 219 20 0.793
-0.3318 1.3345 28.2558 109 214 20 0.749
-3.2142 -4.2258 28.0414 117 212 20 0.727
5.3348 -2.4654 28.5989 32 214 32 0.870
-3.5192 -1.1884 29.3766 117 212 20 0.727
7.6948 0.9517 28.9995 43 205 43 0.826
-2.0370 0.0058 29.7197 32 214 32 0.870
-7.6254 -0.9602 31.5363 16 227 16 0.936
-2.2100 0.1160 29.8074 38 209 38 0.848
-2.6265 0.5276 29.9275 4 236 4 0.980
-0.3333 0.3215 30.4617 32 214 32 0.870
-3.3982 0.4752 30.2996 4 236 4 0.980
4.2109 -0.8469 29.5607 10 231 10 0.958
-1.7188 1.3599 28.0726 100 217 20 0.771
3.5315 -0.9931 30.4763 109 214 20 0.749
-3.7484 1.3414 28.1778 129 209 20 0.694
-3.5584 -0.9995 29.8133 48 200 48 0.804
2.1664 -1.9609 29.0127 32 214 32 0.870
-4.8355 0.8365 29.9057 4 236 4 0.980
2.0043 0.6429 30.0516 4 236 4 0.980
-4.0846 1.3761 28.2110 117 212 20 0.727
0.6710 0.9842 29.5927 13 229 13 0.947
5.3546 -3.3596 28.5292 129 209 20 0.694
-0.1829 -0.9127 29.7786 46 202 46 0.815
-4.4927 -1.2885 28.9693 96 218 20 0.782
1.6824 -1.0434 29.6595 117 212 20 0.727
1.4510 0.6964 29.8908 4 236 4 0.980
6.1204 1.3227 28.2243 92 219 20 0.793
-5.3280 0.9466 29.8319 7 233 7 0.969
-2.0435 -0.2993 29.5029 96 218 20 0.782
7.1715 0.7554 29.8058 29 216 29 0.881
-7.6009 -1.7924 31.6317 92 219 20 0.793
5.5991 -0.6634 29.9922 121 211 20 0.716
3.5405 -0.0144 30.2960 4 236 4 0.980
4.9900 0.7515 29.8060 4 236 4 0.980
-7.0443 0.1072 29.9148 4 236 4 0.980
-6.8760 0.5716 30.1425 4 236 4 0.980
0.9234 0.8302 29.6534 21 222 21 0.914
0.9075 0.6732 30.0094 4 236 4 0.980
5.3652 -2.3996 28.6150 18 225 18 0.925
-3.6651 -1.1318 28.7997 113 213 20 0.738
6.7356 0.5727 29.9508 35 211 35 0.859
2.6002 -1.1803 30.2422 35 211 35 0.859
-2.2164 -0.4119 29.0735 142 206 20 0.661
-1.8756 -0.4655 28.9919 142 206 20 0.661
-0.5006 -0.3068 30.2452 117 212 20 0.727
-1.0099 0.3571 30.4059 125 210 20 0.705
-5.1069 0.8810 29.5742 18 225 18 0.925
-5.3071 0.2773 30.1433 13 229 13 0.947
3.0521 0.3521 30.2970 4 236 4 0.980
3.4583 -1.6268 29.2748 48 200 48 0.804
-1.8499 0.1243 29.8142 40 207 40 0.837
4.4180 -2.1657 28.9787 4 236 4 0.980
-3.5929 -1.0170 29.2186 109 214 20 0.749
2.7123 3.1730 19.2460 26 218 26 0.892
5.7219 0.3218 30.4475 38 209 38 0.848
2.4143 -3.2111 28.5995 96 218 20 0.782
-5.9095 0.7467 30.0899 4 236 4 0.980
0.8079 0.0401 30.1846 125 210 20 0.705
2.7032 -2.7032 28.9118 125 210 20 0.705
0.2141 -0.0789 29.7945 138 207 20 0.672
4.3320 0.6888 29.8243 10 231 10 0.958
1.4703 -3.8110 28.3828 138 207 20 0.672
-3.6239 -4.1977 27.4259 117 212 20 0.727
4.7939 -2.3355 28.7625 10 231 10 0.958
0.2203 1.2794 28.6772 10 231 10 0.958
4.8255 -2.3394 28.9444 4 236 4 0.980
4.9885 -1.8246 28.8821 138 207 20 0.672
5.1164 -3.3086 29.2716 40 207 40 0.837
-5.3690 -1.4062 28.5039 92 219 20 0.793
-1.0145 -1.4119 28.6720 109 214 20 0.749
1.6736 0.1844 29.8130 100 217 20 0.771
4.6745 -3.4720 28.9871 4 236 4 0.980
-3.7073 -2.5862 28.4898 138 207 20 0.672
5.5879 -0.5282 30.5024 100 217 20 0.771
-1.2423 -2.1657 29.0679 46 202 46 0.815
-5.7027 -1.6775 29.1189 24 220 24 0.903
-1.0712 -0.4774 30.4688 117 212 20 0.727
7.5240 0.6259 29.2614 43 205 43 0.826
6.3479 0.1252 30.2216 26 218 26 0.892
-3.4602 0.7942 30.0357 13 229 13 0.947
2.3697 0.3476 30.3482 4 236 4 0.980
6.0047 1.0718 29.0371 24 220 24 0.903
0.7134 -1.1127 29.6794 129 209 20 0.694
-1.1035 1.1224 29.2559 96 218 20 0.782
1.6643 -1.7258 29.2901 35 211 35 0.859
5.0476 0.3801 29.7376 117 212 20 0.727
7.5424 1.1221 28.8151 48 200 48 0.804
6.3122 1.0454 29.1164 38 209 38 0.848
5.8116 0.3809 30.3759 32 214 32 0.870
4.5117 -3.5649 28.7770 4 236 4 0.980
0.6488 -1.5487 28.9018 117 212 20 0.727
6.0775 0.7100 29.6376 38 209 38 0.848
0.7338 0.2383 30.4004 10 231 10 0.958
-5.7454 -2.1363 29.1100 113 213 20 0.738
0.9540 0.8514 27.7254 129 209 20 0.694
-3.5232 1.3600 28.4999 125 210 20 0.705
-7.7156 -1.2191 31.7464 21 222 21 0.914
-2.9151 0.9186 29.7888 4 236 4 0.980
-7.0862 0.4416 30.1942 4 236 4 0.980
0.4384 -1.6026 29.1540 105 215 20 0.760
3.2664 -3.9965 28.0497 117 212 20 0.727
4.1861 -2.4002 29.2462 92 219 20 0.793
-3.8494 3.1394 19.6127 46 202 46 0.815
4.0447 0.9948 29.0016 38 209 38 0.848
4.7469 -2.8386 28.9375 32 214 32 0.870
-6.8168 0.2172 29.9579 4 236 4 0.980
-6.3301 -2.1390 29.7155 133 208 20 0.683
2.7679 -2.1645 29.4719 96 218 20 0.782
-2.0108 0.3581 29.9495 24 220 24 0.903
4.5148 -3.6831 28.9350 4 236 4 0.980
-5.5891 0.2085 30.3216 16 227 16 0.936
1.8359 1.3055 28.5005 38 209 38 0.848
-0.1226 -1.0131 5.8365 138 207 20 0.672
-7.2485 0.1060 29.9617 4 236 4 0.980
-1.2452 1.2868 28.6353 43 205 43 0.826
-3.4630 -3.5583 28.6962 46 202 46 0.815
3.7299 -2.2184 29.2308 35 211 35 0.859
-2.9535 0.8994 29.7132 4 236 4 0.980
4.7433 -1.5151 30.1856 43 205 43 0.826
-7.4231 -0.8942 32.2300 109 214 20 0.749
-3.5965 0.3477 30.3678 7 233 7 0.969
4.4297 -0.4552 30.3012 46 202 46 0.815
5.6505 1.2148 28.9379 18 225 18 0.925
0.4495 0.9082 29.6315 4 236 4 0.980
-0.9643 -1.5751 29.1678 113 213 20 0.738
-2.9895 0.7006 30.0636 4 236 4 0.980
7.9087 0.6951 29.0057 109 214 20 0.749
-5.3562 0.2146 30.2333 24 220 24 0.903
-0.3845 0.7893 29.8923 4 236 4 0.980
-6.8959 0.3091 29.9002 4 236 4 0.980
3.8665 0.2085 30.0420 113 213 20 0.738
2.7506 0.3269 30.3541 4 236 4 0.980
-5.6457 -2.0723 29.2473 100 217 20 0.771
3.5333 0.7022 29.8722 4 236 4 0.980
3.0672 0.3787 30.0084 4 236 4 0.980
-3.7579 0.7687 30.0297 4 236 4 0.980
1.0191 -1.6804 29.2774 105 215 20 0.760
3.0675 0.3827 30.0652 4 236 4 0.980
3.4204 0.4922 29.9595 21 222 21 0.914
-3.5203 -0.1985 30.1848 121 211 20 0.716
7.3269 0.6866 29.9540 38 209 38 0.848
-3.3099 0.7499 30.1665 4 236 4 0.980
5.3897 0.7189 29.8129 32 214 32 0.870
5.1248 -2.2363 28.8283 16 227 16 0.936
-1.3196 0.9629 29.7804 7 233 7 0.969
0.6783 0.9227 29.5792 10 231 10 0.958
-6.7683 -0.4379 29.6523 133 208 20 0.683
-2.9341 1.2380 28.9125 117 212 20 0.727
1.2184 1.2392 28.6815 48 200 48 0.804
5.4903 3.1391 19.4277 10 231 10 0.958
1.2012 1.2320 28.7257 48 200 48 0.804
2.6646 1.3356 28.7575 109 214 20 0.749
3.3016 -3.9945 28.0016 117 212 20 0.727
-6.3523 0.7390 29.9520 4 236 4 0.980
5.5490 -3.9773 28.6860 96 218 20 0.782
2.6015 -0.5651 30.1925 48 200 48 0.804
1.9476 -2.0027 29.1020 48 200 48 0.804
1.2800 0.5498 30.1260 4 236 4 0.980
4.6967 -2.3344 28.9600 4 236 4 0.980
-3.6380 3.1368 19.6587 18 225 18 0.925
-5.6203 -0.2294 29.8787 117 212 20 0.727
3.6717 -1.1186 29.8275 48 200 48 0.804
6.1695 0.2028 30.0565 35 211 35 0.859
-7.5730 -0.2868 31.0755 133 208 20 0.683
5.4185 -2.2233 28.8791 10 231 10 0.958
1.6490 0.2797 30.5335 92 219 20 0.793
2.3668 -2.1149 29.1279 40 207 40 0.837
-2.6411 0.2209 30.1220 32 214 32 0.870
3.3182 0.1961 30.2195 4 236 4 0.980
-2.8782 0.6373 30.0332 4 236 4 0.980
-3.5959 -2.0883 29.2929 117 212 20 0.727
5.6087 3.1228 19.6125 35 211 35 0.859
-1.4253 -0.4581 30.4906 43 205 43 0.826
-7.6261 -1.7384 31.7674 32 214 32 0.870
0.2697 -1.7636 29.5426 129 209 20 0.694
2.6290 -2.9303 29.3869 113 213 20 0.738
-2.1968 0.6887 30.0944 4 236 4 0.980
0.9928 -3.2786 28.8823 125 210 20 0.705
6.1548 1.3031 28.4783 40 207 40 0.837
0.1417 1.3218 28.4181 21 222 21 0.914
-2.3964 -2.5149 29.2409 121 211 20 0.716
-3.4360 0.7639 30.3261 21 222 21 0.914
5.1002 -2.6968 29.1696 38 209 38 0.848
3.2150 -3.8571 28.7552 96 218 20 0.782
8.0256 -1.8657 29.8177 129 209 20 0.694
-3.1848 -3.8922 27.5793 142 206 20 0.661
2.0330 0.8159 29.7070 38 209 38 0.848
4.3746 0.6319 29.9929 13 229 13 0.947
1.0266 -0.4802 30.5524 43 205 43 0.826
2.8963 0.6000 30.0806 26 218 26 0.892
3.7538 -3.0107 28.7703 100 217 20 0.771
-0.5290 1.0966 29.0608 24 220 24 0.903
7.4158 0.3849 30.2698 24 220 24 0.903
0.2940 -0.8230 29.9926 35 211 35 0.859
6.1270 -2.0367 29.7683 129 209 20 0.694
-2.0347 -0.9810 29.7548 43 205 43 0.826
5.2008 0.5874 30.0501 4 236 4 0.980
6.1514 1.3414 28.1457 100 217 20 0.771
7.3883 0.2991 30.4356 38 209 38 0.848
4.2106 0.9487 29.4538 46 202 46 0.815
5.0316 -2.7885 29.0284 18 225 18 0.925
0.0630 1.0700 29.5551 4 236 4 0.980
-4.7311 3.1615 19.5391 43 205 43 0.826
-5.9060 1.3197 28.5074 29 216 29 0.881
7.4468 0.2807 30.4994 40 207 40 0.837
0.7076 0.9399 27.8458 129 209 20 0.694
2.0593 3.1457 19.4090 21 222 21 0.914
0.3223 0.2105 30.6718 121 211 20 0.716
4.1079 0.8689 29.5673 16 227 16 0.936
-2.7100 0.5361 29.9230 4 236 4 0.980
4.0490 0.9940 29.7321 18 225 18 0.925
4.3121 -3.7339 28.3349 46 202 46 0.815
-1.2360 1.3670 28.1321 109 214 20 0.749
4.7783 -2.9392 29.0461 46 202 46 0.815
-3.9014 -0.7683 29.8255 100 217 20 0.771
0.0903 1.1986 29.0263 38 209 38 0.848
3.2556 -0.0010 30.0725 4 236 4 0.980
6.2194 0.2590 30.9476 138 207 20 0.672
0.2123 1.2213 28.7868 18 225 18 0.925
1.0745 -1.2836 28.4500 121 211 20 0.716
5.3470 1.0610 28.8936 4 236 4 0.980
1.1214 0.4768 30.2210 4 236 4 0.980
4.2866 3.1362 19.6541 32 214 32 0.870
-3.6291 -0.7803 30.6011 142 206 20 0.661
4.8138 -2.8134 28.9000 24 220 24 0.903
-0.1411 0.9205 29.8790 4 236 4 0.980
6.3149 -1.9511 29.3511 125 210 20 0.705
3.4968 -2.1485 29.4312 46 202 46 0.815
-0.2495 0.6091 30.0374 4 236 4 0.980
-3.2758 -0.4385 30.4075 32 214 32 0.870
4.3306 0.6844 30.0320 13 229 13 0.947
-2.1031 3.1634 19.5974 29 216 29 0.881
-1.8272 3.1278 19.6098 29 216 29 0.881
1.7365 -0.0457 29.7805 35 211 35 0.859
4.6775 -1.1213 30.1612 38 209 38 0.848
0.7580 0.8267 29.8504 4 236 4 0.980
-2.3548 0.2954 30.2075 26 218 26 0.892
-5.9709 -0.6205 29.7979 100 217 20 0.771
2.4824 0.5052 30.0301 10 231 10 0.958
-4.6108 0.6001 30.1400 4 236 4 0.980
2.8699 -0.1185 29.7933 96 218 20 0.782
3.3992 -2.4681 29.0522 18 225 18 0.925
4.9435 1.3070 28.5332 21 222 21 0.914
1.7434 0.9409 29.8028 35 211 35 0.859
0.7759 1.2684 28.6638 40 207 40 0.837
5.9204 1.2198 28.8473 7 233 7 0.969
-7.4787 -0.9042 31.7088 40 207 40 0.837
-7.2271 0.2358 29.9349 4 236 4 0.980
5.1750 -2.4222 28.7503 7 233 7 0.969
-1.4836 -0.9785 29.9225 109 214 20 0.749
3.3387 0.7213 29.9450 16 227 16 0.936
1.5722 0.9019 29.7742 29 216 29 0.881
-5.7762 -2.7536 28.6991 113 213 20 0.738
2.0364 0.9198 29.6155 105 215 20 0.760
1.2312 1.3484 27.9994 109 214 20 0.749
-0.1166 0.5624 30.0457 4 236 4 0.980
5.9825 -2.0804 29.8159 133 208 20 0.683
-5.2130 0.7752 29.9919 4 236 4 0.980
3.0535 0.3582 30.3566 4 236 4 0.980
7.8219 0.7902 29.2353 40 207 40 0.837
5.5600 0.3651 29.9940 4 236 4 0.980
3.3433 -4.0270 28.4248 96 218 20 0.782
4.1359 -2.2527 28.8451 4 236 4 0.980
-0.4827 0.7269 30.1349 4 236 4 0.980
3.0379 0.5886 30.0424 16 227 16 0.936
-2.6856 -1.2157 29.3576 133 208 20 0.683
-3.0636 3.1988 19.2386 26 218 26 0.892
-0.9161 -0.4769 30.4043 109 214 20 0.749
-4.9644 -1.2387 29.1041 105 215 20 0.760
3.6778 3.1474 19.2891 29 216 29 0.881
-2.3964 -3.2245 28.8692 117 212 20 0.727
-1.9050 -1.0206 29.7523 43 205 43 0.826
4.7945 3.1591 19.4865 32 214 32 0.870
-4.1390 0.9077 29.7630 4 236 4 0.980
-2.7317 0.7943 29.9911 4 236 4 0.980
3.4882 0.9907 29.7084 4 236 4 0.980
3.9578 0.2557 31.0880 138 207 20 0.672
4.9294 -1.0305 30.3698 26 218 26 0.892
2.9105 -3.9022 28.0529 125 210 20 0.705
4.6563 -2.0049 28.9382 26 218 26 0.892
-0.6628 1.2346 28.7967 4 236 4 0.980
-3.4469 -0.4451 29.9363 121 211 20 0.716
1.3567 -1.4957 28.7415 109 214 20 0.749
5.4111 0.7065 30.4354 125 210 20 0.705
-4.6838 0.6839 30.2515 4 236 4 0.980
-7.3734 -2.2846 32.6255 32 214 32 0.870
5.1090 -3.1498 29.4008 92 219 20 0.793
-3.3870 0.4758 30.2406 4 236 4 0.980
2.3831 0.7362 29.4850 121 211 20 0.716
1.4264 1.3298 28.2491 46 202 46 0.815
2.2475 0.2727 30.5123 4 236 4 0.980
-5.4349 3.1946 19.1987 109 214 20 0.749
-2.3245 3.1538 19.4773 24 220 24 0.903
6.7863 0.2813 30.2194 16 227 16 0.936
-7.0697 0.4737 30.0838 4 236 4 0.980
3.4933 -3.9012 28.0742 117 212 20 0.727
-7.4178 -1.7847 31.8312 32 214 32 0.870
5.7226 -4.0066 28.2963 46 202 46 0.815
4.7904 -3.3095 28.9498 26 218 26 0.892
-4.2255 0.7633 30.2250 4 236 4 0.980
5.6645 -1.1536 29.8034 125 210 20 0.705
5.5066 -2.3055 28.9443 13 229 13 0.947
2.1454 -0.0858 29.6534 43 205 43 0.826
1.7267 -2.3895 28.9257 26 218 26 0.892
-3.5309 3.1405 19.5230 4 236 4 0.980
4.5458 -3.4748 28.7049 4 236 4 0.980
-4.5770 1.3751 28.1957 92 219 20 0.793
6.2314 0.7467 29.4458 92 219 20 0.793
-7.3396 -1.1766 31.1930 138 207 20 0.672
-1.8685 1.0024 29.7709 13 229 13 0.947
-6.8622 -0.1406 29.8375 16 227 16 0.936
6.0607 0.9142 29.6714 29 216 29 0.881
5.9772 1.0652 29.1679 48 200 48 0.804
-5.0570 0.8839 29.4763 38 209 38 0.848
4.8176 -3.9758 29.4028 142 206 20 0.661
4.2786 0.2265 30.3930 29 216 29 0.881
4.2693 1.1958 28.8180 24 220 24 0.903
-0.2932 -1.1065 28.6587 100 217 20 0.771
4.1059 1.2917 27.9523 125 210 20 0.705
-2.0589 3.1084 19.4922 24 220 24 0.903
5.3046 -3.1450 28.9380 92 219 20 0.793
5.7033 0.1795 30.2653 26 218 26 0.892
-5.6440 -1.1621 29.2440 133 208 20 0.683
5.5053 -1.5063 30.0225 21 222 21 0.914
5.4838 -2.4198 28.0101 138 207 20 0.672
3.9181 1.2980 28.4526 43 205 43 0.826
0.9739 -0.6056 30.9901 142 206 20 0.661
-0.5659 0.3211 30.5161 46 202 46 0.815
0.4171 1.3259 28.1517 46 202 46 0.815
-5.9395 -1.5433 29.2407 4 236 4 0.980
-0.8957 1.2201 28.8403 4 236 4 0.980
2.3366 3.1520 19.2546 43 205 43 0.826
-5.7932 -1.4010 28.6072 92 219 20 0.793
-2.4538 1.3052 28.8858 105 215 20 0.760
3.7917 -2.2399 28.6120 92 219 20 0.793
4.5181 -4.0071 28.5349 46 202 46 0.815
4.4246 -3.6294 28.7273 4 236 4 0.980
-2.7564 -1.4218 28.9291 121 211 20 0.716
4.7371 -3.8133 28.7592 4 236 4 0.980
4.4196 -3.6750 28.7860 4 236 4 0.980
5.8552 0.4540 30.0120 38 209 38 0.848
4.4265 -0.6804 30.0139 109 214 20 0.749
4.7423 -3.4545 28.7251 4 236 4 0.980
4.3647 -3.2553 28.8650 46 202 46 0.815
3.5459 1.3550 28.0769 125 210 20 0.705
4.9019 -3.0041 30.0411 142 206 20 0.661
4.2655 1.2310 28.8492 21 222 21 0.914
0.4492 0.4784 30.1991 4 236 4 0.980
-6.3069 0.8527 29.8041 4 236 4 0.980
-5.7008 -2.8091 28.7647 117 212 20 0.727
5.2066 -2.7365 28.5034 109 214 20 0.749
4.5541 -2.7260 28.7739 16 227 16 0.936
5.2435 -2.2393 29.0338 24 220 24 0.903
5.0220 -1.1181 30.1507 10 231 10 0.958
3.2419 -2.4131 28.7863 100 217 20 0.771
-0.9617 -3.1633 28.5266 138 207 20 0.672
6.7505 0.7126 29.9132 35 211 35 0.859
4.8215 -2.1401 29.6707 133 208 20 0.683
5.4062 1.0352 29.0912 40 207 40 0.837
2.8438 -2.0731 28.3387 142 206 20 0.661
3.5925 -1.8252 29.0504 40 207 40 0.837
3.4918 0.9887 29.7229 4 236 4 0.980
-1.4542 1.0174 29.7946 18 225 18 0.925
-3.4557 1.1955 28.4108 129 209 20 0.694
3.6178 -1.6870 29.6348 100 217 20 0.771
-0.4572 0.8846 29.7158 4 236 4 0.980
-3.5949 -3.8248 28.2040 105 215 20 0.760
4.2964 -1.9260 29.2871 40 207 40 0.837
-5.8423 0.9417 29.7548 4 236 4 0.980
5.8627 -1.8535 28.8882 133 208 20 0.683
-4.5306 0.3877 30.2013 4 236 4 0.980
3.0269 0.8923 29.5585 24 220 24 0.903
4.7112 1.3134 28.1237 92 219 20 0.793
4.9637 -1.5553 30.3704 105 215 20 0.760
-3.2796 -1.3492 30.0473 21 222 21 0.914
5.1615 -1.5468 29.8453 35 211 35 0.859
-6.9653 -0.0418 29.8465 4 236 4 0.980
8.0920 -0.5562 29.5674 142 206 20 0.661
-3.0418 -0.5883 30.4183 32 214 32 0.870
3.8301 -0.9637 29.4221 38 209 38 0.848
-2.7509 -1.0347 30.1588 100 217 20 0.771
1.2246 -1.0571 30.0997 100 217 20 0.771
1.1320 1.3355 28.3511 43 205 43 0.826
2.3358 -2.8870 29.0381 121 211 20 0.716
-3.2685 -0.3448 30.5147 38 209 38 0.848
2.5975 -1.0655 30.2352 29 216 29 0.881
3.0778 3.2448 18.5931 121 211 20 0.716
-2.7425 -0.4686 30.3091 100 217 20 0.771
-0.0378 1.1505 29.2620 46 202 46 0.815
1.5653 -0.1798 30.2015 117 212 20 0.727
-2.6572 -1.2491 29.1447 125 210 20 0.705
2.0190 3.1249 19.5992 43 205 43 0.826
1.9470 -0.1442 29.6928 29 216 29 0.881
2.1707 0.0576 29.9159 24 220 24 0.903
5.0801 -2.3682 29.1372 32 214 32 0.870
2.2139 0.1349 30.0361 13 229 13 0.947
2.7375 -0.1951 29.8497 100 217 20 0.771
-4.0879 -0.7560 29.8956 105 215 20 0.760
3.1735 0.1251 30.1300 4 236 4 0.980
5.1350 -2.3450 29.5080 125 210 20 0.705
3.3981 0.1096 30.3872 4 236 4 0.980
-6.5636 0.7263 30.0166 4 236 4 0.980
3.0259 1.0066 29.5913 26 218 26 0.892
-4.3751 0.2507 30.3560 4 236 4 0.980
-1.9881 0.5729 30.1321 4 236 4 0.980
1.0293 -0.6023 30.3344 46 202 46 0.815
-4.0933 0.2428 30.2870 10 231 10 0.958
-3.4167 0.1946 30.2368 18 225 18 0.925
-6.8884 -0.2590 30.3203 125 210 20 0.705
-1.3897 -0.9374 30.9439 138 207 20 0.672
-6.2123 1.3332 28.5528 105 215 20 0.760
6.5763 0.1335 30.2475 16 227 16 0.936
2.2067 -2.2289 28.2485 142 206 20 0.661
-4.3203 0.9368 29.6816 10 231 10 0.958
-4.1410 -1.0024 28.4882 125 210 20 0.705
7.2263 -1.7153 29.5754 129 209 20 0.694
-2.3758 0.4663 30.4449 35 211 35 0.859
2.3481 0.2628 30.4567 4 236 4 0.980
-0.4348 -0.3714 30.6001 121 211 20 0.716
-1.8439 0.2170 29.8415 38 209 38 0.848
5.5419 3.1540 19.2292 38 209 38 0.848
-0.2295 0.9474 29.7530 4 236 4 0.980
0.8964 0.3413 30.5256 32 214 32 0.870
0.5799 0.3716 30.3858 4 236 4 0.980
-3.0267 0.2901 30.1701 7 233 7 0.969
5.0391 -3.9293 28.1548 142 206 20 0.661
4.6602 -0.8836 30.9461 133 208 20 0.683
-5.1361 1.0176 29.6994 4 236 4 0.980
0.7801 0.2935 30.5050 24 220 24 0.903
4.3038 1.0935 28.9611 26 218 26 0.892
-2.8167 0.5853 30.1029 4 236 4 0.980
3.5368 -3.4156 28.9971 35 211 35 0.859
6.3387 0.8087 29.7621 26 218 26 0.892
1.1897 0.4626 30.1591 4 236 4 0.980
2.6566 0.6856 29.7328 105 215 20 0.760
1.2130 0.5174 30.0857 4 236 4 0.980
2.0341 0.1874 29.9478 26 218 26 0.892
-4.9871 0.9615 29.7032 4 236 4 0.980
3.7354 1.2199 28.9145 40 207 40 0.837
-1.6568 3.1733 19.3157 92 219 20 0.793
-0.9501 1.2769 28.6499 4 236 4 0.980
1.6889 -1.7859 29.3396 32 214 32 0.870
1.6833 -1.2147 29.5037 109 214 20 0.749
-4.6352 0.7703 30.2369 4 236 4 0.980
2.0445 0.4420 30.2272 4 236 4 0.980
2.8526 -1.0698 30.2289 40 207 40 0.837
-3.3907 -3.5840 28.7515 43 205 43 0.826
-7.0453 -0.1280 30.1709 43 205 43 0.826
-5.3929 0.5786 30.1562 4 236 4 0.980
2.4160 0.3497 30.3582 4 236 4 0.980
5.1206 -3.2627 29.5930 109 214 20 0.749
-0.9910 -1.1962 28.6336 92 219 20 0.793
-2.3526 0.7453 30.0707 4 236 4 0.980
4.0942 -2.1454 28.9696 18 225 18 0.925
0.5231 -1.2583 28.6439 96 218 20 0.782
-1.6475 0.3059 30.4760 46 202 46 0.815
2.6300 0.4074 30.2592 4 236 4 0.980
3.3516 0.4847 30.0350 4 236 4 0.980
-4.1576 0.5475 30.0910 4 236 4 0.980
5.4622 0.3716 29.9201 10 231 10 0.958
3.2804 -3.9516 28.3902 48 200 48 0.804
-0.3046 -0.7732 30.2631 125 210 20 0.705
2.2812 -1.5659 28.8553 125 210 20 0.705
8.4585 0.3361 30.7096 117 212 20 0.727
-2.4376 0.2923 30.3385 26 218 26 0.892
4.0858 0.3264 30.4721 35 211 35 0.859
6.6811 0.1748 30.0603 16 227 16 0.936
1.9511 0.8164 29.9376 4 236 4 0.980
0.0135 -1.0419 28.7016 100 217 20 0.771
5.3227 -2.5317 28.7020 18 225 18 0.925
-3.7448 0.6474 30.0601 7 233 7 0.969
-2.1082 0.6741 30.1191 4 236 4 0.980
3.2840 -3.9074 27.7667 125 210 20 0.705
-7.5126 -1.8036 31.7917 26 218 26 0.892
-2.1087 1.3372 28.3149 48 200 48 0.804
-3.2857 0.5395 30.5135 40 207 40 0.837
3.1987 -2.0402 29.3969 105 215 20 0.760
7.6026 0.5997 29.3765 40 207 40 0.837
5.1230 -2.5629 29.2979 40 207 40 0.837
2.8383 -3.2382 29.1017 35 211 35 0.859
-3.2953 0.8283 29.7020 35 211 35 0.859
-3.9575 0.9781 29.7332 4 236 4 0.980
0.4986 1.4905 27.4365 142 206 20 0.661
7.0122 0.9942 29.5327 113 213 20 0.738
-2.7366 -0.9561 30.1585 105 215 20 0.760
-6.9439 0.5229 30.0996 4 236 4 0.980
-1.7947 1.1585 29.1865 133 208 20 0.683
-5.9890 0.4156 29.8670 32 214 32 0.870
2.0116 0.7754 29.8831 4 236 4 0.980
-1.5630 0.6302 30.2135 4 236 4 0.980
-1.3961 -1.0224 30.2170 43 205 43 0.826
-3.3175 -3.2742 28.8373 48 200 48 0.804
-0.2787 0.6691 29.9071 4 236 4 0.980
-3.3773 3.1622 19.4532 4 236 4 0.980
0.8746 -1.0767 30.0877 105 215 20 0.760
-0.3758 0.8502 29.7363 4 236 4 0.980
0.1091 0.7933 29.9722 18 225 18 0.925
6.6925 1.0061 29.7284 100 217 20 0.771
2.0471 0.2352 30.1358 4 236 4 0.980
-1.6584 1.3593 28.0442 96 218 20 0.782
0.3382 0.5593 29.9663 10 231 10 0.958
-5.1681 1.1132 29.4953 46 202 46 0.815
0.3452 0.7488 30.1381 21 222 21 0.914
4.4303 -1.9171 28.9804 92 219 20 0.793
1.0883 0.5651 30.0460 4 236 4 0.980
2.3878 -0.6805 29.7939 133 208 20 0.683
3.4544 0.9539 29.7227 4 236 4 0.980
0.2439 0.1642 30.5335 105 215 20 0.760
1.5015 0.6185 30.0741 4 236 4 0.980
4.8999 0.9903 29.7444 13 229 13 0.947
-3.5017 -1.9912 28.0125 138 207 20 0.672
2.7374 0.2950 30.5310 4 236 4 0.980
4.2520 0.8008 29.6944 26 218 26 0.892
3.4878 -3.2275 28.6478 38 209 38 0.848
-7.7204 0.3583 29.8729 7 233 7 0.969
-7.8191 -0.8893 31.1931 40 207 40 0.837
4.8195 0.7654 29.9178 4 236 4 0.980
4.9744 0.6781 30.1068 4 236 4 0.980
-7.5693 -2.7931 33.3732 121 211 20 0.716
-5.6661 0.9170 29.9761 4 236 4 0.980
-3.9918 0.8847 29.7287 4 236 4 0.980
-1.3987 -1.2866 28.9760 96 218 20 0.782
-0.6930 0.8028 29.9550 18 225 18 0.925
-3.2563 -1.7878 28.8514 142 206 20 0.661
2.4672 -0.2681 30.2747 10 231 10 0.958
-3.5956 0.9073 29.5755 35 211 35 0.859
-4.0304 1.0492 29.9721 16 227 16 0.936
-1.5470 0.9194 29.6726 26 218 26 0.892
-1.0131 1.0873 29.7125 24 220 24 0.903
-0.2341 1.0238 29.4498 4 236 4 0.980
1.6980 -0.1387 29.7153 46 202 46 0.815
0.1836 0.9928 29.6220 4 236 4 0.980
4.2332 -0.8739 29.3526 40 207 40 0.837
-4.2990 0.4074 30.2613 4 236 4 0.980
0.4059 0.9087 29.6708 4 236 4 0.980
-0.7098 1.2786 28.5965 18 225 18 0.925
-0.4696 0.5720 30.0613 4 236 4 0.980
-2.4818 -1.7816 29.1937 113 213 20 0.738
5.5782 1.0891 29.1112 40 207 40 0.837
1.1079 0.5828 29.9749 4 236 4 0.980
-7.4424 -0.7559 31.4532 40 207 40 0.837
4.0634 -0.4422 30.3069 129 209 20 0.694
2.3493 0.9016 29.8723 46 202 46 0.815
5.1617 0.9753 29.8755 24 220 24 0.903
3.7449 -2.0550 29.0320 16 227 16 0.936
5.9842 0.3565 30.1191 26 218 26 0.892
-2.3750 -2.5019 29.1648 121 211 20 0.716
5.4041 -1.7706 29.1642 117 212 20 0.727
3.6882 -0.2613 30.3096 26 218 26 0.892
-0.0183 0.9470 29.9372 4 236 4 0.980
0.4161 1.3192 28.0894 96 218 20 0.782
-0.7271 -1.2321 28.6428 48 200 48 0.804
0.6410 1.2676 28.3796 21 222 21 0.914
6.7973 0.2375 30.1410 16 227 16 0.936
0.7119 1.2466 28.4061 26 218 26 0.892
-2.8812 0.5520 30.1455 4 236 4 0.980
2.7043 -0.1719 29.9010 38 209 38 0.848
3.4834 0.1683 30.4415 4 236 4 0.980
0.1123 0.9853 29.5710 4 236 4 0.980
-3.6281 -0.9863 28.3480 142 206 20 0.661
5.7469 -2.2380 29.1278 100 217 20 0.771
2.1067 1.3449 28.2828 92 219 20 0.793
-1.8875 -0.3259 29.7739 105 215 20 0.760
4.1844 -1.0181 29.6095 21 222 21 0.914
1.7351 0.6548 29.9817 4 236 4 0.980
7.0874 0.4176 30.0695 29 216 29 0.881
-4.4674 -1.4567 28.5820 117 212 20 0.727
-0.6958 0.7999 29.8870 16 227 16 0.936
3.2773 -0.5154 30.4302 105 215 20 0.760
2.5111 0.0962 30.1446 4 236 4 0.980
-7.5894 -0.0871 29.8536 18 225 18 0.925
-7.7509 -2.2347 31.7453 29 216 29 0.881
2.6877 0.3017 30.3699 4 236 4 0.980
-7.3231 0.3496 30.0030 4 236 4 0.980
-2.5408 0.6335 30.2801 4 236 4 0.980
-3.0665 0.5136 30.3487 4 236 4 0.980
1.0816 0.4560 30.0420 7 233 7 0.969
1.6796 0.1865 29.9020 105 215 20 0.760
4.7527 0.4203 30.1832 32 214 32 0.870
1.9370 0.6633 30.0552 4 236 4 0.980
-7.7110 -0.7529 31.2428 40 207 40 0.837
-4.5480 0.5606 30.3580 4 236 4 0.980
-6.8411 0.9255 29.6953 43 205 43 0.826
5.5380 -2.3669 28.2592 138 207 20 0.672
5.4330 3.1644 19.4777 21 222 21 0.914
-0.5939 0.7358 30.2335 4 236 4 0.980
-0.8503 0.8213 29.7968 16 227 16 0.936
-1.0013 1.2513 28.6599 10 231 10 0.958
4.2522 1.0357 28.8386 35 211 35 0.859
-2.2971 -3.8273 27.7056 133 208 20 0.683
1.5842 0.6174 30.0516 4 236 4 0.980
-3.7287 3.2727 19.3060 24 220 24 0.903
4.0966 -2.7752 28.6942 105 215 20 0.760
4.0608 0.7920 29.5694 21 222 21 0.914
-3.5066 1.1311 29.6262 40 207 40 0.837
3.7603 -2.0413 28.9622 10 231 10 0.958
-4.3240 -2.8239 28.7838 142 206 20 0.661
2.4205 -3.9133 28.5596 121 211 20 0.716
-5.3845 -1.5100 29.0392 100 217 20 0.771
-0.1877 0.9560 29.6623 4 236 4 0.980
-5.9645 -0.7989 29.9521 48 200 48 0.804
-1.4167 -1.3453 28.9282 105 215 20 0.760
2.0175 0.8996 29.7015 46 202 46 0.815
6.4735 1.0152 29.5673 46 202 46 0.815
-6.7684 0.5095 30.1076 4 236 4 0.980
4.5533 -2.4840 28.9880 4 236 4 0.980
0.5759 1.3430 27.9977 96 218 20 0.782
2.5881 1.1983 29.0085 113 213 20 0.738
4.7905 1.2614 28.4334 35 211 35 0.859
-1.3479 -0.4590 30.2735 40 207 40 0.837
4.0245 -4.2714 28.2384 96 218 20 0.782
4.7199 -3.8821 28.5866 26 218 26 0.892
5.1908 -2.7184 29.2365 48 200 48 0.804
7.8464 -1.7887 29.5105 121 211 20 0.716
-7.7772 -2.5594 32.6353 40 207 40 0.837
7.6097 -1.8321 28.7024 138 207 20 0.672
7.2775 0.8834 29.5919 38 209 38 0.848
-5.1436 -0.9917 29.9030 117 212 20 0.727
-6.6715 0.3057 30.0212 4 236 4 0.980
-5.8114 -0.8401 30.0970 109 214 20 0.749
-4.8768 0.5997 30.1204 4 236 4 0.980
3.6533 -3.9143 29.0500 133 208 20 0.683
3.9250 -0.6944 29.8086 117 212 20 0.727
-5.7302 0.0813 30.1839 21 222 21 0.914
-2.2034 0.2215 29.8739 40 207 40 0.837
-7.3802 0.5312 30.1137 4 236 4 0.980
2.0981 -2.5245 29.0463 43 205 43 0.826
-3.1777 0.7482 30.1454 4 236 4 0.980
-2.6359 -3.6147 28.5698 113 213 20 0.738
0.2977 -1.8197 28.4015 133 208 20 0.683
-2.8353 0.6334 30.1121 4 236 4 0.980
-2.2718 0.5915 30.0391 4 236 4 0.980
4.5165 -1.3438 29.9303 48 200 48 0.804
-2.0369 0.8525 29.6992 16 227 16 0.936
-1.5166 -2.0304 29.3622 138 207 20 0.672
3.5515 -4.0427 28.3962 92 219 20 0.793
0.3120 3.1578 19.4580 92 219 20 0.793
-4.1474 -0.9798 29.2891 113 213 20 0.738
-1.8937 0.5087 29.8848 26 218 26 0.892
-5.5868 0.5790 30.2850 4 236 4 0.980
-7.2136 -0.8110 32.1820 117 212 20 0.727
-4.1335 -1.8991 28.3325 121 211 20 0.716
5.2424 0.7973 29.7321 10 231 10 0.958
-1.2208 -2.2707 28.9977 32 214 32 0.870
-0.4857 1.1413 29.2147 32 214 32 0.870
-5.6344 0.9976 29.7381 4 236 4 0.980
2.3367 -1.3608 29.3570 92 219 20 0.793
-4.9455 0.8572 29.8568 4 236 4 0.980
0.6835 0.8826 29.7353 4 236 4 0.980
-1.5534 1.3583 28.0769 92 219 20 0.793
-1.3383 1.3575 28.0900 100 217 20 0.771
0.7663 -0.5038 30.4971 35 211 35 0.859
2.5507 -0.3286 30.1781 7 233 7 0.969
4.2865 -3.2983 28.3773 129 209 20 0.694
-6.0719 0.6909 29.9049 4 236 4 0.980
-2.3200 -2.2405 28.9049 142 206 20 0.661
4.9885 0.7052 29.9878 4 236 4 0.980
0.1532 -1.0039 28.9260 121 211 20 0.716
-5.6842 -1.5005 29.1352 21 222 21 0.914
-3.6453 -1.8615 28.4385 121 211 20 0.716
4.1768 0.6734 29.8728 16 227 16 0.936
-2.7967 -0.4652 30.4416 96 218 20 0.782
1.8604 1.0014 27.8569 129 209 20 0.694
3.5163 -0.5404 30.5296 100 217 20 0.771
-2.8028 -1.0685 29.9351 109 214 20 0.749
3.3144 3.2353 19.5782 46 202 46 0.815
-1.5091 0.9140 29.7696 21 222 21 0.914
-1.8078 0.0760 29.7493 46 202 46 0.815
-6.0422 1.3597 28.4924 43 205 43 0.826
2.6148 0.4665 30.2572 4 236 4 0.980
-1.6986 -3.2168 28.5728 142 206 20 0.661
1.8827 -2.7971 29.2717 125 210 20 0.705
-4.8873 3.1881 19.2299 32 214 32 0.870
-0.0202 0.9350 29.7986 4 236 4 0.980
-0.0116 1.0961 29.6585 4 236 4 0.980
-2.4579 1.3159 28.4919 100 217 20 0.771
3.3055 1.2983 28.4072 100 217 20 0.771
3.6508 -2.0319 29.1834 21 222 21 0.914
3.9063 -0.9773 29.5331 32 214 32 0.870
0.5253 -1.6652 29.3589 117 212 20 0.727
6.6464 0.1389 30.1095 16 227 16 0.936
-6.6310 -1.9582 31.2449 129 209 20 0.694
0.4649 -0.1967 29.8239 138 207 20 0.672
-2.6448 0.4512 30.1476 4 236 4 0.980
5.5551 -1.5512 30.0548 29 216 29 0.881
3.5182 -2.5976 29.0740 24 220 24 0.903
1.7510 0.2608 30.3933 35 211 35 0.859
-4.8502 -1.2840 28.7602 96 218 20 0.782
2.4146 -0.2792 30.2900 18 225 18 0.925
-7.4213 -0.8604 31.7394 48 200 48 0.804
3.2547 -3.2783 29.2365 26 218 26 0.892
-5.8302 -1.7757 29.4512 21 222 21 0.914
-7.3263 -2.1102 32.2946 43 205 43 0.826
-3.3499 0.2360 30.2843 13 229 13 0.947
2.8886 0.0717 30.2159 4 236 4 0.980
6.0540 0.8343 29.6538 29 216 29 0.881
4.7703 -3.4133 28.6946 4 236 4 0.980
2.1693 0.9432 29.7670 43 205 43 0.826
4.1119 -2.6460 28.9634 35 211 35 0.859
5.5548 -2.1605 28.8292 32 214 32 0.870
-6.8346 0.0689 30.0876 4 236 4 0.980
0.2074 1.0727 29.4718 18 225 18 0.925
-5.0269 -1.0266 29.5400 105 215 20 0.760
3.6687 0.2530 30.4961 26 218 26 0.892
2.7759 -3.8816 27.7079 142 206 20 0.661
-7.2729 0.3526 30.1247 4 236 4 0.980
6.1640 1.3106 28.1198 105 215 20 0.760
-4.6183 -1.4976 28.9290 105 215 20 0.760
3.6297 0.0658 30.2352 4 236 4 0.980
0.8520 0.3774 30.3458 10 231 10 0.958
6.1733 0.3012 30.1159 29 216 29 0.881
-1.1262 0.7981 29.9367 4 236 4 0.980
-1.5244 1.0190 29.6220 24 220 24 0.903
-2.2016 -0.0459 29.6903 35 211 35 0.859
-3.3211 -0.5812 30.4416 40 207 40 0.837
0.0055 -3.1666 28.1275 142 206 20 0.661
-2.2130 -3.3363 27.6744 133 208 20 0.683
6.6923 0.4275 30.0277 16 227 16 0.936
1.9292 -2.2007 28.8645 24 220 24 0.903
2.8143 3.1644 19.2325 26 218 26 0.892
3.9920 0.6132 29.3421 133 208 20 0.683
-2.1923 -3.3931 27.5896 133 208 20 0.683
2.3603 -1.8282 29.2419 38 209 38 0.848
-5.7597 0.9736 29.6151 13 229 13 0.947
-0.6814 0.4484 30.6392 113 213 20 0.738
-4.6795 -1.4770 28.9092 105 215 20 0.760
-6.7472 -1.6905 30.1249 133 208 20 0.683
-7.1718 -2.2716 32.5332 35 211 35 0.859
5.2417 -3.3828 29.1582 43 205 43 0.826
-7.3429 -2.7756 33.3192 109 214 20 0.749
-4.6830 -1.4767 28.9329 105 215 20 0.760
-4.0381 -1.0392 29.0270 109 214 20 0.749
3.6015 -2.9701 28.9615 92 219 20 0.793
-7.6515 -2.5484 32.4190 46 202 46 0.815
-7.7467 0.4783 30.0641 38 209 38 0.848
-7.4157 -2.1518 31.7213 40 207 40 0.837
4.4542 -3.5035 28.9257 4 236 4 0.980
-2.0085 -0.1057 29.6660 26 218 26 0.892
4.6701 -3.2623 28.6661 24 220 24 0.903
-2.0526 -1.0025 29.4847 43 205 43 0.826
-0.8097 -1.2101 28.3373 105 215 20 0.760
2.3346 -1.1076 29.7227 105 215 20 0.760
3.5621 -2.6545 29.1796 26 218 26 0.892
0.7422 0.5278 30.1340 4 236 4 0.980
5.2411 3.1642 19.3309 4 236 4 0.980
7.1258 0.3397 30.1855 38 209 38 0.848
0.5906 0.9849 29.6769 4 236 4 0.980
0.5791 0.4252 30.4696 18 225 18 0.925
2.5733 -1.7778 29.0104 121 211 20 0.716
5.6198 -1.4452 29.7425 96 218 20 0.782
-5.3605 -1.4511 29.1626 105 215 20 0.760
1.7266 3.1391 19.4841 40 207 40 0.837
1.9389 -2.6350 28.8018 43 205 43 0.826
3.1485 -0.5223 30.1220 129 209 20 0.694
3.6552 0.6065 29.9955 32 214 32 0.870
-4.2607 0.4928 30.0332 4 236 4 0.980
1.6667 -0.6000 30.0460 125 210 20 0.705
3.1140 -3.7423 28.5322 105 215 20 0.760
-5.5223 0.9388 29.7325 7 233 7 0.969
-0.5911 0.4807 30.2020 7 233 7 0.969
-6.9603 0.3627 29.9976 4 236 4 0.980
3.9280 -2.3350 28.6368 46 202 46 0.815
-0.2972 0.3203 30.4716 29 216 29 0.881
4.1523 0.2823 30.4839 26 218 26 0.892
5.3260 -1.1721 30.1034 4 236 4 0.980
-7.7930 -1.7734 31.8784 16 227 16 0.936
-0.7170 -3.1723 28.9625 29 216 29 0.881
2.9888 -3.2569 29.0257 24 220 24 0.903
-0.1639 0.4812 30.3236 10 231 10 0.958
0.8095 0.3633 30.5150 24 220 24 0.903
-6.0689 0.4283 30.2863 4 236 4 0.980
-7.3388 -1.9223 32.1299 40 207 40 0.837
-3.5437 -0.9085 29.9367 38 209 38 0.848
-6.5366 -1.4057 28.9868 117 212 20 0.727
3.6338 -1.9588 29.4769 46 202 46 0.815
-5.1009 0.8930 29.7438 4 236 4 0.980
-7.7274 -1.8269 31.9074 18 225 18 0.925
-4.8793 0.8828 29.6897 4 236 4 0.980
-7.7252 0.1554 29.8591 24 220 24 0.903
1.8952 1.3522 27.9586 100 217 20 0.771
1.8699 -2.6921 28.9986 29 216 29 0.881
2.2973 -2.5949 29.0330 92 219 20 0.793
4.1549 1.3122 28.6124 46 202 46 0.815
3.5754 -3.1599 28.8816 24 220 24 0.903
-1.5183 0.7151 30.2029 4 236 4 0.980
4.3427 -2.5945 29.1411 24 220 24 0.903
-2.1021 0.8730 29.7454 18 225 18 0.925
-1.3856 -2.3189 28.8846 24 220 24 0.903
-7.7214 -2.8037 32.9538 43 205 43 0.826
0.9526 0.8211 29.3969 100 217 20 0.771
-7.7544 -2.4675 31.9594 92 219 20 0.793
-0.5623 3.1497 19.3357 40 207 40 0.837
-4.1910 -1.2695 28.7770 113 213 20 0.738
1.3801 1.3026 28.4336 40 207 40 0.837
3.8061 1.2682 28.5870 40 207 40 0.837
-0.7034 0.8928 29.5828 43 205 43 0.826
0.1645 -0.7588 30.0774 40 207 40 0.837
2.2432 0.7024 30.0582 4 236 4 0.980
2.2074 0.7234 29.8579 4 236 4 0.980
-1.7171 -1.1537 28.8954 117 212 20 0.727
1.4333 1.2949 28.4841 35 211 35 0.859
6.6489 0.7397 29.6841 40 207 40 0.837
5.2405 3.1813 19.1605 24 220 24 0.903
2.0807 0.2044 29.9088 38 209 38 0.848
-2.4020 1.1768 29.0934 125 210 20 0.705
4.6367 -1.4164 30.2543 92 219 20 0.793
3.6066 -3.1352 28.7340 35 211 35 0.859
3.2862 3.1327 19.6442 92 219 20 0.793
3.5403 1.2691 28.6170 48 200 48 0.804
2.2956 0.5379 30.1822 4 236 4 0.980
3.9630 1.0034 29.6928 7 233 7 0.969
-6.7936 -0.0039 29.8965 4 236 4 0.980
2.3207 -2.2439 28.9125 40 207 40 0.837
5.1664 1.2748 28.6350 4 236 4 0.980
5.3566 1.2604 28.6467 4 236 4 0.980
-4.9596 0.4986 30.2601 4 236 4 0.980
6.2374 1.0994 29.1048 40 207 40 0.837
-3.3517 -3.5534 28.6907 43 205 43 0.826
3.5236 0.8434 29.6190 4 236 4 0.980
0.3931 -1.6396 29.1563 109 214 20 0.749
-3.4052 3.1637 19.5633 4 236 4 0.980
4.6964 1.3013 28.4550 35 211 35 0.859
1.4063 -1.0361 30.0105 92 219 20 0.793
-1.5203 -2.4108 29.1310 35 211 35 0.859
3.6339 -1.9611 28.9887 24 220 24 0.903
2.7888 -2.4782 28.8583 100 217 20 0.771
5.5236 -1.3245 29.1932 142 206 20 0.661
2.1222 0.1839 29.8661 43 205 43 0.826
-4.2066 -0.9197 29.8545 117 212 20 0.727
-0.3368 1.0042 29.2322 38 209 38 0.848
-3.4747 -1.0410 30.0378 4 236 4 0.980
-6.6097 -2.0281 31.2365 129 209 20 0.694
3.0869 0.3989 29.9058 26 218 26 0.892
2.8498 -3.9156 28.1517 117 212 20 0.727
4.7951 0.7242 29.9557 4 236 4 0.980
2.3526 -2.2349 28.9160 43 205 43 0.826
3.2822 -0.5159 30.4740 109 214 20 0.749
-2.1741 0.2549 30.0814 38 209 38 0.848
6.2861 0.1488 30.2872 24 220 24 0.903
-1.6457 3.2118 19.3648 46 202 46 0.815
-0.7049 1.2493 28.6889 7 233 7 0.969
3.1170 0.8617 29.6510 7 233 7 0.969
2.1572 0.4387 30.2753 4 236 4 0.980
6.1802 0.1059 29.0960 142 206 20 0.661
-3.1410 0.8574 29.7141 24 220 24 0.903
3.7874 1.1540 29.2236 96 218 20 0.782
1.6928 -2.3948 29.2049 113 213 20 0.738
6.8143 0.8959 29.6545 35 211 35 0.859
-2.1188 0.8327 29.8360 4 236 4 0.980
-4.2739 0.9633 29.8710 4 236 4 0.980
0.7998 0.7306 30.1023 7 233 7 0.969
-6.5202 1.0921 29.6187 109 214 20 0.749
-6.1439 1.2988 28.6283 96 218 20 0.782
-1.0451 -1.2279 28.6654 96 218 20 0.782
-7.3322 -1.9660 32.0073 21 222 21 0.914
1.3919 0.6798 29.8681 4 236 4 0.980
-1.9021 1.3158 28.5295 92 219 20 0.793
6.3911 0.4999 30.0084 35 211 35 0.859
5.1347 1.2951 28.4258 38 209 38 0.848
5.0749 -3.0972 29.4639 48 200 48 0.804
4.3192 -2.2563 29.1479 26 218 26 0.892
3.6665 -2.2463 29.5819 125 210 20 0.705
4.3647 -3.4497 28.7599 4 236 4 0.980
-5.3475 -1.2431 28.5533 92 219 20 0.793
1.7745 -2.9970 29.0010 92 219 20 0.793
-1.7781 -3.8318 27.6125 138 207 20 0.672
-5.0497 -1.0226 29.6654 113 213 20 0.738
1.4597 0.2555 30.4566 35 211 35 0.859
-4.3161 0.5478 29.8293 35 211 35 0.859
-4.5939 0.3609 30.1457 4 236 4 0.980
-3.8162 0.4589 30.5319 29 216 29 0.881
-3.5223 -2.4082 29.1755 109 214 20 0.749
-2.2125 0.9571 29.6989 13 229 13 0.947
1.1771 0.7892 29.7313 26 218 26 0.892
4.6725 0.8068 29.4672 117 212 20 0.727
-4.9645 1.3345 28.6420 46 202 46 0.815
2.0360 0.6846 30.2022 4 236 4 0.980
-5.4199 1.0417 29.7989 4 236 4 0.980
0.3661 0.2507 31.0219 142 206 20 0.661
4.4950 3.1476 19.1828 43 205 43 0.826
-6.0507 -1.3576 28.4647 92 219 20 0.793
-2.9310 1.3723 28.2045 109 214 20 0.749
-3.5268 -2.7579 29.4582 125 210 20 0.705
-3.5261 -1.1362 29.0282 117 212 20 0.727
-1.7448 -3.3542 27.8438 133 208 20 0.683
3.5765 -4.3875 27.6533 133 208 20 0.683
4.3866 -2.5915 28.8310 7 233 7 0.969
-7.4023 0.4558 30.0423 4 236 4 0.980
0.7794 -1.2546 28.6892 109 214 20 0.749
-3.5478 -2.8292 29.8193 142 206 20 0.661
2.5106 -2.6633 29.1144 92 219 20 0.793
-4.9341 0.6826 30.1292 4 236 4 0.980
-4.4741 0.3136 30.3804 13 229 13 0.947
-3.5351 -2.4488 29.0229 109 214 20 0.749
-2.7930 0.5319 30.1927 4 236 4 0.980
1.1138 0.4112 30.2694 4 236 4 0.980
-2.6142 -0.2863 30.1692 117 212 20 0.727
-1.0300 0.3399 30.4764 125 210 20 0.705
-0.4460 0.5275 30.1615 4 236 4 0.980
5.1831 -3.3051 29.4535 92 219 20 0.793
5.7390 0.3555 30.2473 26 218 26 0.892
5.3776 -2.3918 28.7409 4 236 4 0.980
3.1031 -2.1469 29.0052 92 219 20 0.793
-6.9371 -0.1610 30.9698 125 210 20 0.705
-2.7409 1.1703 29.2232 125 210 20 0.705
-1.4053 -1.0939 29.2295 109 214 20 0.749
1.5792 -1.0512 30.1599 100 217 20 0.771
2.0449 1.0766 27.8634 113 213 20 0.738
-6.9335 0.4082 29.9751 4 236 4 0.980
3.8186 -0.7625 29.3866 92 219 20 0.793
4.7790 -2.3818 28.7308 10 231 10 0.958
1.7365 0.2226 29.9830 46 202 46 0.815
2.3503 3.1531 19.5858 48 200 48 0.804
2.7241 -0.1989 30.0326 4 236 4 0.980
1.9555 0.4965 30.0686 4 236 4 0.980
-2.2602 -0.2461 29.6463 40 207 40 0.837
2.9831 1.3257 28.0991 43 205 43 0.826
5.4489 -2.0828 29.2248 48 200 48 0.804
5.1813 0.9828 29.7724 16 227 16 0.936
-3.3635 3.1328 19.6653 18 225 18 0.925
2.7832 -2.4698 29.1443 96 218 20 0.782
-4.1143 0.4359 30.4494 16 227 16 0.936
-1.5731 1.3301 28.2986 40 207 40 0.837
-4.2069 0.2589 29.9806 26 218 26 0.892
7.1280 0.2740 30.0280 48 200 48 0.804
0.7643 -1.4381 28.9586 96 218 20 0.782
4.3435 0.6443 30.2938 92 219 20 0.793
5.5614 -3.1877 28.5263 133 208 20 0.683
-1.2199 0.8023 30.0557 4 236 4 0.980
5.6117 -0.4915 30.5692 109 214 20 0.749
3.1106 -3.8952 28.0120 109 214 20 0.749
2.8051 -2.3613 29.4501 92 219 20 0.793
-5.2821 0.7366 30.2356 4 236 4 0.980
-1.9546 0.1743 29.9156 26 218 26 0.892
6.5095 0.0427 30.2821 29 216 29 0.881
-0.9513 0.5129 30.2885 38 209 38 0.848
-1.0688 0.8639 29.6788 10 231 10 0.958
5.9977 1.3066 28.5311 4 236 4 0.980
-1.7206 -1.1118 28.9693 105 215 20 0.760
3.8138 0.9013 29.6766 4 236 4 0.980
6.5892 0.7400 29.5072 100 217 20 0.771
0.2105 -1.1078 28.5593 109 214 20 0.749
-1.9994 1.0975 29.5368 32 214 32 0.870
-2.9595 3.1498 19.4212 16 227 16 0.936
-2.8603 1.2793 28.6474 105 215 20 0.760
0.9603 0.3203 30.2208 7 233 7 0.969
1.4708 -1.0131 30.4344 109 214 20 0.749
-4.8687 0.7354 30.2576 4 236 4 0.980
4.3931 0.2570 30.4720 40 207 40 0.837
-4.2544 -0.5309 29.9485 133 208 20 0.683
0.8306 -3.3312 29.5604 138 207 20 0.672
-0.7150 -0.4807 30.4611 117 212 20 0.727
2.2254 1.3447 29.2212 129 209 20 0.694
-3.2059 -1.3839 29.9792 26 218 26 0.892
-5.1115 0.3180 30.2715 4 236 4 0.980
5.5814 -1.0537 30.2869 43 205 43 0.826
-2.8012 -1.1052 30.2955 109 214 20 0.749
1.3115 -1.0414 30.1507 92 219 20 0.793
0.4230 -0.6059 30.1107 125 210 20 0.705
-2.0996 1.3580 28.0792 113 213 20 0.738
6.3626 0.1991 30.1632 4 236 4 0.980
-7.1700 0.4614 30.0999 4 236 4 0.980
5.5638 -4.0856 28.5056 38 209 38 0.848
-6.5698 0.5300 30.1134 4 236 4 0.980
-0.2950 1.0211 29.5914 4 236 4 0.980
-0.3401 0.6001 29.8989 4 236 4 0.980
1.2437 -1.0406 30.1784 96 218 20 0.782
4.3088 0.2747 30.4763 32 214 32 0.870
2.6998 -2.4968 29.3409 100 217 20 0.771
-1.2923 0.9986 29.7702 4 236 4 0.980
0.7634 -0.6290 30.6699 92 219 20 0.793
4.6254 -4.0733 28.4742 113 213 20 0.738
2.3690 0.2884 30.3089 4 236 4 0.980
7.2051 0.3297 30.1403 40 207 40 0.837
4.7420 1.2018 28.6894 32 214 32 0.870
5.5859 -3.8200 28.6605 92 219 20 0.793
3.5672 -3.3289 28.6663 40 207 40 0.837
-2.3994 0.7482 30.1652 4 236 4 0.980
-3.5462 -0.4028 30.5244 92 219 20 0.793
4.4911 -3.4705 28.4155 48 200 48 0.804
5.0689 -3.1189 29.4319 48 200 48 0.804
-3.5913 -2.0495 28.8876 129 209 20 0.694
-4.1696 -1.8092 28.6334 117 212 20 0.727
-3.1822 -0.4030 30.3612 26 218 26 0.892
7.6774 0.5963 29.3457 48 200 48 0.804
-2.9434 -1.5232 28.9672 121 211 20 0.716
5.6224 -1.7605 29.3066 40 207 40 0.837
-3.5889 -3.9402 27.2453 133 208 20 0.683
1.8441 0.4208 30.1370 4 236 4 0.980
4.3483 -1.6730 29.2538 109 214 20 0.749
5.9062 -1.8287 28.7986 133 208 20 0.683
1.8484 3.1454 19.5100 35 211 35 0.859
-6.9386 0.4308 30.0328 4 236 4 0.980
-1.3583 -0.4187 30.5412 40 207 40 0.837
1.0064 -1.5845 28.9686 96 218 20 0.782
-3.1835 -1.4151 30.0148 29 216 29 0.881
2.6385 -1.3846 29.8709 142 206 20 0.661
-7.5279 0.2007 29.9136 4 236 4 0.980
5.1606 -1.5412 29.8803 32 214 32 0.870
-2.6593 3.1578 19.4364 21 222 21 0.914
-2.3127 -1.2363 29.0995 125 210 20 0.705
1.0042 -0.5648 30.5719 43 205 43 0.826
3.4694 -1.0423 30.1678 40 207 40 0.837
-7.6163 -2.6549 32.6801 16 227 16 0.936
7.5705 0.4476 30.0825 92 219 20 0.793
-0.7191 -0.4796 30.5614 113 213 20 0.738
-2.3124 -1.8167 29.0914 125 210 20 0.705
-7.7126 0.3096 29.8975 4 236 4 0.980
7.1835 0.4359 29.9694 29 216 29 0.881
6.8770 0.3117 30.3336 92 219 20 0.793
0.0400 0.3393 30.3661 38 209 38 0.848
-1.7111 -1.8247 28.4487 125 210 20 0.705
-6.6521 0.0572 30.1966 4 236 4 0.980
-0.5876 -2.9674 29.1492 32 214 32 0.870
2.5696 1.2558 28.6885 105 215 20 0.760
3.2954 0.1257 30.2578 4 236 4 0.980
-3.3079 0.7521 30.1594 4 236 4 0.980
2.2377 0.6360 30.2214 4 236 4 0.980
-1.5526 0.5946 30.0820 4 236 4 0.980
-7.3976 -2.3444 32.3732 38 209 38 0.848
-7.7138 -0.5051 30.3435 142 206 20 0.661
-1.6087 0.6607 29.9903 7 233 7 0.969
-0.7222 1.3125 28.4849 35 211 35 0.859
0.2398 1.2008 28.8568 32 214 32 0.870
4.5763 -3.5674 28.9342 4 236 4 0.980
-7.7305 -2.3848 31.6204 92 219 20 0.793
0.7976 0.4216 30.2349 4 236 4 0.980
7.5579 0.1715 30.4040 32 214 32 0.870
-2.1940 0.7419 29.8400 4 236 4 0.980
-3.5920 -2.0866 29.2603 117 212 20 0.727
1.3547 0.9339 27.9362 129 209 20 0.694
-4.1901 0.2535 30.1189 4 236 4 0.980
5.7409 1.1857 28.5923 4 236 4 0.980
5.4755 -2.5371 29.4479 142 206 20 0.661
-6.7502 0.1452 29.9093 4 236 4 0.980
3.2776 0.8264 29.5388 4 236 4 0.980
3.4101 1.0219 29.7506 4 236 4 0.980
-4.3495 0.5443 29.9176 18 225 18 0.925
-3.1235 2.9918 19.1261 100 217 20 0.771
5.0670 0.9151 29.8222 4 236 4 0.980
-1.4166 1.1494 29.3385 113 213 20 0.738
-0.9127 1.0901 29.0796 4 236 4 0.980
-6.2386 -1.1841 28.7439 105 215 20 0.760
4.2825 0.6644 30.0274 18 225 18 0.925
-7.6062 -1.1683 31.8963 24 220 24 0.903
-7.6582 -1.3970 32.0151 7 233 7 0.969
4.5797 1.2753 28.6939 35 211 35 0.859
-0.7426 0.5534 30.0822 7 233 7 0.969
5.7365 -2.3123 29.0688 48 200 48 0.804
5.1770 -2.1290 28.7520 40 207 40 0.837
-5.7503 -2.4901 28.8968 133 208 20 0.683
0.8379 3.1630 19.0664 105 215 20 0.760
7.4601 0.5709 29.9696 48 200 48 0.804
-5.6906 -2.1147 29.1375 113 213 20 0.738
4.8102 -1.5082 29.9319 46 202 46 0.815
5.5034 -1.9183 29.4112 35 211 35 0.859
-6.4702 0.7173 29.9227 4 236 4 0.980
2.6381 -1.1259 30.2601 35 211 35 0.859
-1.8214 0.2833 30.1529 16 227 16 0.936
-2.2101 -1.0581 29.5602 105 215 20 0.760
-7.3959 0.3581 29.8592 4 236 4 0.980
-1.4839 -0.4601 30.3999 43 205 43 0.826
0.4449 -0.2374 30.4591 121 211 20 0.716
1.0983 -0.5938 30.5219 38 209 38 0.848
5.3161 0.1533 30.0092 21 222 21 0.914
-5.7935 -2.1120 29.1401 113 213 20 0.738
-0.1443 0.5612 29.9534 4 236 4 0.980
3.9082 0.6905 29.9914 16 227 16 0.936
2.1445 0.8952 27.8510 125 210 20 0.705
3.6201 3.1381 19.1617 35 211 35 0.859
1.7040 -2.4688 28.6264 92 219 20 0.793
4.0243 0.9770 29.6191 7 233 7 0.969
-5.3161 1.2970 28.7544 35 211 35 0.859
-4.1447 1.3012 28.9955 105 215 20 0.760
-1.5660 -2.4013 29.1118 40 207 40 0.837
2.9151 -3.1706 29.0227 32 214 32 0.870
2.3948 -3.3175 28.7353 43 205 43 0.826
6.1896 1.3002 28.4247 46 202 46 0.815
-1.1132 -1.2303 28.7280 117 212 20 0.727
-6.8801 0.8524 29.8299 35 211 35 0.859
-1.7232 -3.7062 27.7538 133 208 20 0.683
3.6287 -3.1845 28.8991 26 218 26 0.892
-0.5023 -1.2990 28.6576 46 202 46 0.815
4.6067 -2.3368 28.6876 16 227 16 0.936
-2.4926 -3.6023 28.7869 100 217 20 0.771
1.6563 -1.2653 29.3979 113 213 20 0.738
0.2041 -0.8599 29.9087 29 216 29 0.881
3.2868 -1.0378 30.3191 46 202 46 0.815
-7.4190 0.3565 29.9608 4 236 4 0.980
-1.8271 -0.3844 28.6258 142 206 20 0.661
3.0425 1.3497 27.9849 96 218 20 0.782
-1.6424 -1.6181 29.2228 117 212 20 0.727
-1.7358 1.0976 29.6766 32 214 32 0.870
0.7993 -0.5100 30.5222 35 211 35 0.859
3.3723 -1.0136 30.4946 109 214 20 0.749
4.2911 -0.7789 29.5144 29 216 29 0.881
-0.3998 0.6282 29.9842 4 236 4 0.980
-3.4515 0.5029 30.3656 4 236 4 0.980
-1.2029 -0.9902 30.4375 92 219 20 0.793
2.1577 0.3839 30.4451 4 236 4 0.980
0.1008 -0.9227 29.7088 43 205 43 0.826
-1.4513 -0.4891 30.3881 43 205 43 0.826
-3.7679 -0.1357 30.4857 138 207 20 0.672
1.7601 -0.3547 29.7250 40 207 40 0.837
-1.8210 0.5321 30.1185 4 236 4 0.980
-6.4414 1.0477 28.8285 142 206 20 0.661
-1.6747 -1.1861 29.0035 48 200 48 0.804
-4.4973 -1.4079 28.5253 117 212 20 0.727
4.5615 -2.3810 28.8999 4 236 4 0.980
0.2621 0.3432 30.3688 38 209 38 0.848
-1.8269 -1.0956 29.2125 96 218 20 0.782
-3.4247 -3.2772 29.0131 100 217 20 0.771
0.2847 -1.0039 29.2680 133 208 20 0.683
-1.1416 -0.9881 30.1185 48 200 48 0.804
1.5199 -1.8663 29.3537 35 211 35 0.859
2.4860 -1.3744 29.4866 100 217 20 0.771
-6.0843 1.3668 28.6586 46 202 46 0.815
4.8419 -2.2653 28.8835 4 236 4 0.980
-0.2765 0.9171 29.5714 4 236 4 0.980
3.4539 -1.7577 29.1316 46 202 46 0.815
2.6360 -1.0151 30.2445 32 214 32 0.870
-3.8087 0.3592 30.2345 4 236 4 0.980
-1.6381 -1.4864 29.6562 138 207 20 0.672
7.9279 0.5363 29.3787 100 217 20 0.771
-7.0108 0.5029 30.1543 4 236 4 0.980
5.4225 -1.2485 30.2835 26 218 26 0.892
4.1822 0.9765 29.4653 40 207 40 0.837
-4.3111 0.3680 29.9799 10 231 10 0.958
1.4275 0.5551 29.9843 4 236 4 0.980
-1.0814 -1.2059 28.8316 113 213 20 0.738
-0.3027 -1.2298 28.7639 92 219 20 0.793
2.9095 -1.0421 30.2845 48 200 48 0.804
-2.2104 -1.8976 28.1713 129 209 20 0.694
0.3874 0.4830 30.1216 18 225 18 0.925
4.7421 -3.8167 28.7885 4 236 4 0.980
2.8777 -1.0231 29.9147 117 212 20 0.727
0.9698 3.1198 19.5666 96 218 20 0.782
-1.0920 0.9624 29.5839 7 233 7 0.969
2.0296 -2.5676 29.0591 46 202 46 0.815
4.7751 3.1198 19.5934 35 211 35 0.859
3.6122 -2.5560 29.1509 24 220 24 0.903
2.8776 -3.9411 28.1566 117 212 20 0.727
5.6171 -2.3255 29.1891 92 219 20 0.793
2.5498 -3.5316 28.9147 43 205 43 0.826
-4.1160 -1.8539 28.3246 121 211 20 0.716
-3.5027 0.7685 30.0372 4 236 4 0.980
2.8460 -2.0431 29.5888 109 214 20 0.749
4.1871 -1.9259 29.2613 92 219 20 0.793
4.0993 -1.8972 29.3478 117 212 20 0.727
5.5264 -1.0482 30.3118 40 207 40 0.837
-5.9613 -2.7879 28.8390 121 211 20 0.716
4.4644 -1.5119 29.8909 96 218 20 0.782
5.6324 -1.6964 29.7470 92 219 20 0.793
-2.4066 1.0907 29.5151 48 200 48 0.804
3.1081 -3.2051 29.0312 21 222 21 0.914
0.5018 -1.1457 29.9943 48 200 48 0.804
1.1841 -1.2654 28.9270 105 215 20 0.760
-2.9134 -0.4497 30.4901 46 202 46 0.815
2.8131 -0.0097 30.4315 4 236 4 0.980
-7.0828 -0.3576 32.5950 138 207 20 0.672
2.8447 -0.0446 30.3324 4 236 4 0.980
-3.0353 -0.2950 30.1321 109 214 20 0.749
-0.9390 -1.2695 28.4745 96 218 20 0.782
5.6847 0.1442 30.4080 26 218 26 0.892
5.4345 0.1095 30.0559 21 222 21 0.914
5.2042 0.3511 30.3077 32 214 32 0.870
2.9256 0.2717 30.4347 4 236 4 0.980
0.2517 1.3209 28.4993 13 229 13 0.947
2.6101 0.4243 30.0895 24 220 24 0.903
-1.4419 -0.9868 30.3586 92 219 20 0.793
-4.0833 0.7807 30.3027 4 236 4 0.980
-2.8149 0.2240 30.3503 40 207 40 0.837
1.4120 3.1272 19.6247 109 214 20 0.749
1.1387 0.5926 30.0328 4 236 4 0.980
5.6578 0.2144 30.2105 7 233 7 0.969
0.1130 3.1782 19.3423 35 211 35 0.859
-1.9343 0.7182 30.1983 4 236 4 0.980
-7.6850 0.2609 30.0268 4 236 4 0.980
1.3866 0.4701 30.1021 4 236 4 0.980
-7.6699 -2.2837 31.9811 40 207 40 0.837
-2.3018 -0.3317 29.7097 46 202 46 0.815
1.9735 0.4188 30.4111 16 227 16 0.936
6.0988 1.3041 28.4876 38 209 38 0.848
3.5841 -3.6586 28.5937 92 219 20 0.793
2.7564 0.6726 30.0356 21 222 21 0.914
-4.1842 -1.8650 28.5067 117 212 20 0.727
-0.2107 -0.6469 30.3493 133 208 20 0.683
5.6553 -2.7477 28.6420 105 215 20 0.760
4.7452 0.5152 29.9529 4 236 4 0.980
1.8476 3.1485 19.4132 26 218 26 0.892
-4.6631 0.8092 30.3808 13 229 13 0.947
-3.0847 0.9475 29.9008 4 236 4 0.980
-1.8269 3.1625 19.5489 26 218 26 0.892
0.9680 0.9047 27.9538 121 211 20 0.716
-1.5059 -0.9639 30.6973 121 211 20 0.716
-0.6830 1.1786 29.0524 4 236 4 0.980
-1.1713 1.3540 28.0359 113 213 20 0.738
-5.7243 -4.2326 28.0706 129 209 20 0.694
3.0742 -2.7377 29.3456 38 209 38 0.848
-3.5929 -4.2269 27.6896 105 215 20 0.760
4.3241 -2.4906 28.8517 4 236 4 0.980
4.7664 -2.1578 28.6985 29 216 29 0.881
4.6754 -3.4764 29.0101 4 236 4 0.980
4.8850 -2.3735 28.3742 138 207 20 0.672
0.6179 0.9357 29.5338 18 225 18 0.925
4.7514 -2.0570 29.0436 21 222 21 0.914
-2.3246 -1.6048 29.4318 125 210 20 0.705
-0.3334 -1.0363 29.5542 129 209 20 0.694
0.6426 -0.4844 30.5732 46 202 46 0.815
-4.5123 0.1138 29.5642 125 210 20 0.705
2.7151 -1.1858 30.2915 35 211 35 0.859
2.8450 0.8922 29.5129 43 205 43 0.826
3.4514 0.0856 30.1458 4 236 4 0.980
2.3372 0.2594 30.3618 4 236 4 0.980
-0.0623 0.9347 29.5264 4 236 4 0.980
5.5013 0.7052 30.2030 96 218 20 0.782
1.4982 0.8341 29.5039 100 217 20 0.771
-4.0465 1.3775 28.2889 109 214 20 0.749
-3.4594 0.9086 29.6180 29 216 29 0.881
-5.4132 1.3834 28.2857 113 213 20 0.738
3.9300 1.2785 28.7465 46 202 46 0.815
-2.7841 0.4465 30.1643 4 236 4 0.980
-6.2098 -1.3959 28.5898 100 217 20 0.771
-6.6509 -0.0850 30.8408 109 214 20 0.749
7.1098 0.8238 29.6959 35 211 35 0.859
3.6490 3.1324 19.2241 29 216 29 0.881
5.4315 0.0698 30.4925 113 213 20 0.738
-7.7709 -2.7635 33.0278 96 218 20 0.782
0.3382 -1.0301 29.5131 117 212 20 0.727
-5.7236 0.9233 29.7419 4 236 4 0.980
-6.8427 0.5024 30.1182 4 236 4 0.980
-4.0354 0.5428 30.0915 4 236 4 0.980
1.4298 0.6135 29.8078 4 236 4 0.980
7.0190 0.6374 29.9681 21 222 21 0.914
5.1807 0.6636 30.0738 13 229 13 0.947
6.5036 1.1817 28.7806 92 219 20 0.793
4.6352 -3.7716 28.9668 4 236 4 0.980
-3.5018 -2.6285 29.1492 105 215 20 0.760
-4.0999 -4.0812 27.0842 138 207 20 0.672
-4.1188 -2.5295 28.1743 133 208 20 0.683
4.6152 -2.0551 29.1123 10 231 10 0.958
4.0927 -4.2835 27.9223 117 212 20 0.727
1.6506 0.3344 30.3575 26 218 26 0.892
-7.1563 -2.5365 32.9026 32 214 32 0.870
-6.7433 0.3321 30.0851 4 236 4 0.980
-0.1478 -1.1477 28.6423 109 214 20 0.749
0.2770 -0.5977 29.8077 96 218 20 0.782
2.7433 -3.2390 29.0762 43 205 43 0.826
-7.6949 -1.2166 31.6661 35 211 35 0.859
-6.4018 -0.3526 30.6904 138 207 20 0.672
2.9382 -3.8083 29.1021 125 210 20 0.705
2.5167 -3.5221 28.9004 40 207 40 0.837
-0.6561 -1.2909 28.7581 100 217 20 0.771
-1.8889 -1.0068 29.6619 40 207 40 0.837
-6.9435 -2.4864 33.0400 40 207 40 0.837
-4.1142 0.2800 30.4876 32 214 32 0.870
-3.4861 -0.1723 30.1017 113 213 20 0.738
-0.7850 -3.0667 28.4412 133 208 20 0.683
-7.8429 -1.6157 31.9097 4 236 4 0.980
0.1679 1.2481 29.1079 48 200 48 0.804
2.5717 0.1355 30.3147 4 236 4 0.980
5.8658 0.2288 30.7135 129 209 20 0.694
-2.4903 -2.6959 29.3088 121 211 20 0.716
3.0014 0.6555 30.0350 16 227 16 0.936
1.9242 -2.0148 28.9373 48 200 48 0.804
-3.0086 0.8721 29.6259 16 227 16 0.936
-0.6462 -2.8142 29.3561 92 219 20 0.793
-0.2309 0.9526 29.8520 4 236 4 0.980
4.7946 0.5092 30.0442 4 236 4 0.980
-1.1760 0.8895 29.6968 4 236 4 0.980
4.2792 1.1377 28.7211 24 220 24 0.903
5.5268 1.0781 28.9384 18 225 18 0.925
-7.7616 -1.5648 32.1711 26 218 26 0.892
-4.1897 1.2100 29.2788 113 213 20 0.738
-7.1208 -2.2675 33.0198 38 209 38 0.848
5.8965 1.2724 28.5563 4 236 4 0.980
-5.7433 -2.1033 29.1215 113 213 20 0.738
2.5634 -1.1165 30.1677 29 216 29 0.881
-1.3659 -0.9831 30.3664 43 205 43 0.826
-5.6757 -0.7894 29.4623 125 210 20 0.705
-3.3338 -1.0425 30.1522 16 227 16 0.936
2.2298 -0.2788 30.1310 29 216 29 0.881
2.8528 -0.3810 30.2042 105 215 20 0.760
-2.5785 -1.7053 29.2032 113 213 20 0.738
0.5834 -0.9897 30.2420 46 202 46 0.815
-4.4284 -1.4116 28.4506 121 211 20 0.716
5.5263 -4.4011 28.1630 121 211 20 0.716
3.1494 -3.2962 29.0075 24 220 24 0.903
5.1013 -2.6279 28.9973 18 225 18 0.925
2.3517 0.3688 30.3814 4 236 4 0.980
-1.7608 -0.0824 30.0891 109 214 20 0.749
3.7650 0.7689 29.8107 4 236 4 0.980
-7.7793 -1.4728 31.9871 7 233 7 0.969
2.7375 -3.8007 28.7954 109 214 20 0.749
5.8194 -3.9961 28.2803 109 214 20 0.749
4.6892 -2.2183 28.8449 4 236 4 0.980
-5.9651 0.3992 30.0200 4 236 4 0.980
-3.7372 0.9560 29.5784 13 229 13 0.947
-3.8404 0.4148 30.2378 4 236 4 0.980
5.0195 3.1909 19.2102 26 218 26 0.892
-1.0383 0.7386 30.2209 18 225 18 0.925
-5.1677 0.6315 30.1212 4 236 4 0.980
-0.3486 1.3606 28.1235 129 209 20 0.694
-7.2510 -2.3476 32.4698 40 207 40 0.837
4.7856 -3.9124 28.7323 18 225 18 0.925
2.4999 -3.2870 28.7487 32 214 32 0.870
-2.2235 -2.0981 28.5100 117 212 20 0.727
1.9423 -0.1399 29.6264 32 214 32 0.870
-4.9410 0.3652 30.5892 117 212 20 0.727
-0.4730 -1.6521 29.1772 100 217 20 0.771
5.5796 -3.9656 28.5240 38 209 38 0.848
5.4622 3.0900 18.9410 113 213 20 0.738
3.6914 -3.0521 28.6880 46 202 46 0.815
3.5597 -2.6549 29.1583 26 218 26 0.892
4.7953 -2.1474 29.1709 32 214 32 0.870
2.5628 0.0178 30.1339 4 236 4 0.980
-1.0264 -1.5498 29.1519 109 214 20 0.749
0.0168 -0.8232 30.0931 48 200 48 0.804
0.8857 0.3069 30.4162 16 227 16 0.936
3.1351 0.1595 30.3175 4 236 4 0.980
3.9962 -2.2340 28.8730 21 222 21 0.914
3.8498 -2.1210 28.8943 4 236 4 0.980
-4.2538 0.8733 29.8763 4 236 4 0.980
-0.1629 0.9879 29.6013 4 236 4 0.980
5.7540 1.0798 29.0053 24 220 24 0.903
5.6438 -4.0363 28.4942 35 211 35 0.859
1.7677 -2.5331 28.7554 35 211 35 0.859
0.0079 -2.3660 29.9699 142 206 20 0.661
0.8240 0.0364 30.2818 109 214 20 0.749
-1.7197 -1.8626 28.6222 121 211 20 0.716
-2.0058 -1.0122 29.8412 48 200 48 0.804
1.1300 3.1725 19.3501 48 200 48 0.804
5.6292 -0.2938 30.1803 117 212 20 0.727
3.1382 3.2493 18.7038 121 211 20 0.716
5.3892 1.4800 27.9071 113 213 20 0.738
-0.1265 3.1451 19.3468 35 211 35 0.859
4.3575 3.1645 19.4971 21 222 21 0.914
-0.7055 -2.8832 29.1313 32 214 32 0.870
7.8967 0.1299 30.5428 100 217 20 0.771
0.1978 1.3510 28.0517 117 212 20 0.727
1.1516 1.1166 29.0209 113 213 20 0.738
-2.8938 -3.6501 28.8847 133 208 20 0.683
-1.7984 -1.0137 29.4848 48 200 48 0.804
-7.1342 -0.1038 29.8146 4 236 4 0.980
-2.6520 -0.6367 31.0561 138 207 20 0.672
-6.8844 -0.0935 29.9511 4 236 4 0.980
-2.7097 0.7951 29.9069 4 236 4 0.980
-7.6719 -1.1602 32.0437 35 211 35 0.859
0.4001 0.2928 31.3715 142 206 20 0.661
8.3015 -0.4726 30.4512 133 208 20 0.683
2.4710 -3.3445 28.5936 92 219 20 0.793
-6.6763 0.8870 29.8532 21 222 21 0.914
-5.7908 1.0650 29.6765 4 236 4 0.980
3.0553 0.7199 29.7450 7 233 7 0.969
2.3733 -2.8534 28.9110 129 209 20 0.694
1.5092 -1.3408 29.0573 109 214 20 0.749
-3.6177 3.1879 19.3895 4 236 4 0.980
5.2687 3.1094 19.2344 16 227 16 0.936
5.2576 -2.3992 28.7817 4 236 4 0.980
3.1393 -3.1080 29.3358 46 202 46 0.815
-3.0963 1.0593 29.5961 26 218 26 0.892
-2.1510 0.4707 30.4392 43 205 43 0.826
8.1746 0.1782 30.5522 92 219 20 0.793
5.8079 -1.9389 29.3219 40 207 40 0.837
-6.3312 0.1003 30.6960 18 225 18 0.925
-3.4385 -1.1073 30.8269 142 206 20 0.661
1.7652 0.7679 29.9221 4 236 4 0.980
-1.6149 -2.3586 28.8996 43 205 43 0.826
4.5940 -0.8477 30.6369 129 209 20 0.694
4.5446 1.3253 28.4253 35 211 35 0.859
0.4368 0.7845 29.7398 4 236 4 0.980
3.4598 0.4337 30.3280 21 222 21 0.914
4.1524 0.2792 30.8293 129 209 20 0.694
3.1757 -1.0386 30.1949 48 200 48 0.804
-0.4727 -1.6539 29.2301 100 217 20 0.771
-5.0707 3.1968 19.2890 92 219 20 0.793
5.7459 0.2534 30.3828 35 211 35 0.859
-2.1875 -2.2567 29.5915 142 206 20 0.661
-7.0726 -0.1461 30.0304 13 229 13 0.947
1.7910 -1.1830 29.5169 117 212 20 0.727
-1.0709 -0.4784 30.5246 113 213 20 0.738
-0.1425 0.8545 29.7638 4 236 4 0.980
-1.6801 -2.7561 28.3065 129 209 20 0.694
-3.2994 0.7994 30.0972 4 236 4 0.980
6.7115 0.6706 29.8738 35 211 35 0.859
4.2736 -1.7592 29.3932 96 218 20 0.782
0.2940 -1.0421 28.8408 109 214 20 0.749
-7.0377 -2.7229 33.1797 121 211 20 0.716
-4.5715 0.3590 30.4731 29 216 29 0.881
0.3896 0.4515 30.4356 35 211 35 0.859
2.1120 0.2943 29.9852 4 236 4 0.980
-0.6481 0.7980 29.9562 7 233 7 0.969
-6.6492 0.3990 30.0726 4 236 4 0.980
4.3853 0.4528 30.4266 46 202 46 0.815
2.8731 -3.2614 29.1105 38 209 38 0.848
-1.8339 0.7715 29.9507 4 236 4 0.980
-1.9230 0.3990 30.5056 46 202 46 0.815
3.0939 0.2194 30.3738 4 236 4 0.980
-2.7604 3.1843 19.3451 24 220 24 0.903
-5.7513 -0.1894 30.1358 113 213 20 0.738
1.1578 -3.2414 29.1413 125 210 20 0.705
-5.7947 0.1385 30.3112 4 236 4 0.980
0.2958 -2.8870 28.8229 133 208 20 0.683
-4.7031 0.6098 30.0714 4 236 4 0.980
-3.4951 -1.3761 29.9577 32 214 32 0.870
-1.5350 0.7914 29.9924 4 236 4 0.980
-4.6142 0.1717 29.4402 138 207 20 0.672
6.6806 0.7861 29.6532 43 205 43 0.826
-1.6760 -3.3693 27.6896 133 208 20 0.683
5.6794 -0.7943 30.0747 105 215 20 0.760
3.7515 -4.2854 28.2695 109 214 20 0.749
7.7233 0.7819 29.0417 92 219 20 0.793
5.6727 0.2824 30.1143 4 236 4 0.980
0.8183 0.8170 29.8253 4 236 4 0.980
7.3415 0.9420 29.6285 46 202 46 0.815
5.6648 -2.7217 28.7242 105 215 20 0.760
1.8643 -2.1117 28.5430 133 208 20 0.683
-4.0259 0.4090 30.4941 26 218 26 0.892
-5.3308 -1.2777 29.0266 105 215 20 0.760
4.2887 0.9909 28.8881 29 216 29 0.881
-6.8859 -2.0061 32.0286 142 206 20 0.661
-1.3864 0.6668 30.1725 4 236 4 0.980
1.7515 1.3069 28.5052 43 205 43 0.826
-0.7113 1.0097 29.2183 32 214 32 0.870
5.1686 -3.3792 29.1552 48 200 48 0.804
7.3312 0.8099 29.4015 48 200 48 0.804
0.6261 -1.0377 30.2085 40 207 40 0.837
4.0729 -4.2815 28.3444 105 215 20 0.760
-6.1182 -2.7035 29.3702 142 206 20 0.661
-2.7821 0.8989 29.5243 29 216 29 0.881
-0.6938 -2.8219 29.3075 43 205 43 0.826
-3.3198 -0.9089 29.7540 109 214 20 0.749
3.0566 -2.1815 29.3881 43 205 43 0.826
-7.5402 -0.8948 31.5682 29 216 29 0.881
5.1833 -2.8197 29.1370 43 205 43 0.826
-3.5513 -2.6005 27.9075 138 207 20 0.672
-4.3267 -3.8615 28.2103 142 206 20 0.661
-0.2432 -2.5036 27.8553 138 207 20 0.672
-6.1736 -1.6606 29.1584 48 200 48 0.804
5.8335 3.1591 19.7297 109 214 20 0.749
-0.2916 0.2493 30.3345 26 218 26 0.892
2.2778 -4.0561 28.4567 125 210 20 0.705
4.8502 -3.2994 28.8641 32 214 32 0.870
-0.3909 -1.1769 28.8391 92 219 20 0.793
5.2743 3.1338 19.4339 7 233 7 0.969
-8.0470 -1.5684 31.9126 10 231 10 0.958
4.8039 0.9260 29.8255 21 222 21 0.914
-0.5262 1.3179 28.5104 26 218 26 0.892
-6.0815 -2.0181 29.8277 129 209 20 0.694
-6.7044 -1.6350 29.6337 121 211 20 0.716
0.3023 -0.8684 29.8970 35 211 35 0.859
2.2824 0.2420 30.4972 4 236 4 0.980
4.0466 -4.2950 27.8071 121 211 20 0.716
-4.1775 -3.3986 27.7807 138 207 20 0.672
1.6516 0.8482 29.7228 26 218 26 0.892
4.7774 -2.8850 28.9951 32 214 32 0.870
6.5950 0.2752 30.5786 138 207 20 0.672
5.5915 -2.9367 29.2168 96 218 20 0.782
0.3204 1.2606 28.8485 32 214 32 0.870
3.6137 -2.6210 29.1556 26 218 26 0.892
3.6329 -0.2712 30.1715 29 216 29 0.881
-3.5571 -3.9686 28.0593 105 215 20 0.760
-2.2787 -2.1133 28.5334 117 212 20 0.727
2.7216 3.1470 19.4447 24 220 24 0.903
-4.8256 3.2040 19.3619 32 214 32 0.870
-0.6271 -3.0061 28.5260 133 208 20 0.683
4.2394 -2.3417 29.3218 109 214 20 0.749
1.2500 -3.2677 29.1850 129 209 20 0.694
1.1015 -1.6516 29.0904 105 215 20 0.760
5.2738 -1.5526 30.1153 13 229 13 0.947
6.5803 -0.5616 30.6840 142 206 20 0.661
-3.5530 -3.9232 28.5026 117 212 20 0.727
-7.9199 -1.6982 31.9890 7 233 7 0.969
-2.4169 -3.1876 28.9108 117 212 20 0.727
-5.1172 -1.5587 29.2324 113 213 20 0.738
-7.3892 -1.8658 31.8151 21 222 21 0.914
-4.3793 -1.4877 29.1233 100 217 20 0.771
-6.3171 -2.5091 30.5580 142 206 20 0.661
5.5803 -2.3426 28.8652 21 222 21 0.914
-3.0934 -1.3622 29.7379 46 202 46 0.815
1.0291 -1.5331 29.0405 92 219 20 0.793
3.4280 0.3974 30.1075 10 231 10 0.958
2.2729 -1.3916 28.9474 117 212 20 0.727
-7.6491 -1.2216 31.6966 43 205 43 0.826
-7.6743 -1.2670 32.2529 92 219 20 0.793
-7.5718 -1.3520 32.3241 117 212 20 0.727
-1.1525 -1.1066 30.0005 109 214 20 0.749
1.2299 3.1325 19.2062 100 217 20 0.771
4.3952 -1.0247 29.8467 92 219 20 0.793
-3.9413 0.4017 30.4073 10 231 10 0.958
-0.2546 -1.0815 28.4581 125 210 20 0.705
5.4205 1.3411 28.0675 100 217 20 0.771
-7.2956 -0.1047 29.9003 4 236 4 0.980
-3.9602 0.3552 30.6416 48 200 48 0.804
1.2770 -0.7077 31.1913 142 206 20 0.661
3.2793 0.2284 30.3157 4 236 4 0.980
-3.8796 0.6024 30.0777 4 236 4 0.980
7.4183 0.3527 30.3670 21 222 21 0.914
7.4945 0.3278 30.4046 29 216 29 0.881
4.4641 -2.2790 29.0604 4 236 4 0.980
-0.5788 -1.3969 28.5150 105 215 20 0.760
5.0488 1.0398 28.9992 40 207 40 0.837
7.7151 0.5725 29.0057 100 217 20 0.771
-0.5536 -3.0793 29.1260 35 211 35 0.859
-0.0807 0.9904 29.6500 4 236 4 0.980
7.7978 0.6467 29.2019 38 209 38 0.848
7.3209 0.7390 29.6887 26 218 26 0.892
-3.5645 1.2655 28.9736 96 218 20 0.782
1.1440 1.2070 28.8615 105 215 20 0.760
5.7739 1.0820 29.1099 35 211 35 0.859
-7.1293 -2.1606 33.1413 113 213 20 0.738
6.1358 1.2678 28.5418 21 222 21 0.914
3.2001 -2.4310 28.9892 43 205 43 0.826
6.3949 1.0937 29.1993 46 202 46 0.815
-0.9230 -1.4470 28.7460 96 218 20 0.782
-4.5883 1.3420 28.3759 29 216 29 0.881
-2.4070 -3.2615 28.7445 113 213 20 0.738
-6.5725 -1.2366 29.0713 133 208 20 0.683
-7.1908 -2.4868 33.1182 32 214 32 0.870
2.1109 -0.4492 29.7559 43 205 43 0.826
-1.5725 -1.6605 29.2502 117 212 20 0.727
-7.8559 -2.7827 32.6973 46 202 46 0.815
-3.6324 -3.8468 28.1028 113 213 20 0.738
-1.1489 -2.5077 29.1190 105 215 20 0.760
-1.1500 -2.5101 29.1407 105 215 20 0.760
-7.2368 0.5776 30.1095 4 236 4 0.980
-6.2042 -1.1568 29.9030 121 211 20 0.716
-7.2325 -2.1426 32.1319 40 207 40 0.837
-5.2022 -1.6232 29.4894 121 211 20 0.716
-7.3366 -2.0540 32.0276 32 214 32 0.870
-6.1493 -1.6850 29.8391 121 211 20 0.716
4.8707 -2.7301 28.8690 21 222 21 0.914
-6.6274 -1.5956 29.5349 121 211 20 0.716
-4.5252 -1.4265 28.4491 125 210 20 0.705
-7.7732 -1.2248 31.7357 24 220 24 0.903
0.9777 -1.5563 29.1042 92 219 20 0.793
3.0848 0.1886 29.9766 13 229 13 0.947
-7.5312 -1.2887 31.9075 35 211 35 0.859
1.5846 -1.6644 29.2655 35 211 35 0.859
-7.8632 -2.1256 31.7327 46 202 46 0.815
-5.0393 0.6869 29.9146 4 236 4 0.980
3.9821 -0.9523 29.6359 16 227 16 0.936
2.3293 0.3202 30.2050 4 236 4 0.980
-7.3766 -0.2272 30.1963 100 217 20 0.771
-5.4219 0.6421 30.6545 113 213 20 0.738
-1.7112 1.3372 28.4357 48 200 48 0.804
-7.6728 -0.2207 31.5356 138 207 20 0.672
-6.7682 -0.0276 29.8807 4 236 4 0.980
-6.7084 0.0228 29.7944 4 236 4 0.980
4.1650 -3.9470 28.5442 92 219 20 0.793
5.2067 -3.3636 29.0171 48 200 48 0.804
-6.7980 0.2615 29.8878 4 236 4 0.980
-6.2031 0.3794 30.3690 24 220 24 0.903
-5.4213 0.5552 30.5128 35 211 35 0.859
4.5569 0.7068 30.0547 13 229 13 0.947
-4.5246 0.6807 30.1244 4 236 4 0.980
2.6003 1.1937 29.0803 125 210 20 0.705
-1.7599 0.5008 30.1284 4 236 4 0.980
4.8548 3.1421 19.4312 29 216 29 0.881
7.5772 0.5710 29.8727 105 215 20 0.760
3.0064 0.6570 30.0955 26 218 26 0.892
6.5419 1.1300 28.9086 43 205 43 0.826
-0.7646 -2.8790 29.0909 32 214 32 0.870
-1.3035 0.7533 30.2288 13 229 13 0.947
-3.1155 -1.3306 29.9597 35 211 35 0.859
7.5061 0.9570 28.8665 92 219 20 0.793
-7.5689 -0.9596 31.4292 26 218 26 0.892
-4.0860 1.2418 28.7925 48 200 48 0.804
3.5290 -2.5994 29.1377 21 222 21 0.914
4.3485 -0.8665 29.8559 32 214 32 0.870
-0.0808 1.3111 28.3431 35 211 35 0.859
-2.7838 -3.5724 28.9778 125 210 20 0.705
-2.3445 0.7052 30.0315 4 236 4 0.980
0.8549 -1.6619 29.5859 138 207 20 0.672
3.5330 1.2756 29.0777 100 217 20 0.771
2.8449 3.1244 19.6000 48 200 48 0.804
5.2943 -1.6416 30.2163 32 214 32 0.870
-7.5479 0.9067 29.6334 138 207 20 0.672
1.0010 1.2518 28.9260 109 214 20 0.749
2.5578 -0.3947 30.2068 24 220 24 0.903
-7.4809 -0.0156 29.7599 4 236 4 0.980
7.4186 0.9380 29.6467 92 219 20 0.793
2.9267 1.3502 27.9332 92 219 20 0.793
-3.6267 -4.0774 27.9246 92 219 20 0.793
-1.8365 -0.4317 30.1819 129 209 20 0.694
1.5452 0.6593 29.8772 4 236 4 0.980
2.0411 -2.4341 28.9870 21 222 21 0.914
-7.6747 -2.6293 32.4804 38 209 38 0.848
-1.4337 -1.5538 29.0545 92 219 20 0.793
-7.4532 -2.7044 33.2288 105 215 20 0.760
-2.0446 3.1534 19.6309 29 216 29 0.881
-7.7127 -1.4495 32.0176 7 233 7 0.969
0.5692 -1.4558 28.3710 125 210 20 0.705
-7.6853 -1.3473 32.0109 4 236 4 0.980
4.9970 -0.5628 30.3138 100 217 20 0.771
-7.6933 -1.1602 31.6872 24 220 24 0.903
-2.8070 -3.2069 29.0792 138 207 20 0.672
-3.7571 0.6872 30.2229 4 236 4 0.980
-1.2125 -1.0758 30.0802 96 218 20 0.782
-7.3411 -0.0689 29.9975 4 236 4 0.980
5.6721 0.1149 30.5141 43 205 43 0.826
3.2184 -1.4317 29.4379 100 217 20 0.771
-6.9945 0.2226 29.9629 4 236 4 0.980
7.4392 0.9811 28.7259 96 218 20 0.782
-4.4832 0.1410 29.7650 129 209 20 0.694
-3.6645 -2.3562 29.2813 105 215 20 0.760
-1.7619 0.1682 30.1444 43 205 43 0.826
2.6682 0.2478 30.3929 4 236 4 0.980
-6.8709 0.2583 29.9736 4 236 4 0.980
-7.3628 0.4112 30.0283 4 236 4 0.980
-6.7197 0.5114 30.1251 4 236 4 0.980
-4.3339 0.5565 30.0611 4 236 4 0.980
2.1130 0.5575 30.0222 4 236 4 0.980
7.6378 0.4870 29.7839 121 211 20 0.716
2.1585 1.3477 27.8486 121 211 20 0.716
2.1650 -0.2723 29.8125 26 218 26 0.892
-5.4080 -1.4656 28.5470 46 202 46 0.815
-3.4586 3.1863 19.4080 4 236 4 0.980
-5.8981 0.6766 30.3174 4 236 4 0.980
-4.9204 0.8827 29.8045 4 236 4 0.980
1.1758 0.7892 29.7006 32 214 32 0.870
7.2906 0.2159 30.3930 32 214 32 0.870
5.4431 0.3790 30.0544 4 236 4 0.980
-6.5923 0.0380 30.6468 32 214 32 0.870
-0.3343 1.1618 29.4864 24 220 24 0.903
-2.0234 -0.3966 31.3810 142 206 20 0.661
5.5609 -4.3904 28.3496 109 214 20 0.749
-2.3060 1.0023 29.6150 21 222 21 0.914
-2.2455 -3.7539 27.6256 133 208 20 0.683
5.3155 -1.7766 30.6795 133 208 20 0.683
-2.4072 -2.6287 29.2175 121 211 20 0.716
-7.5037 -2.3296 31.8702 35 211 35 0.859
-2.5212 3.1480 19.3822 35 211 35 0.859
-6.5429 1.3802 28.2042 133 208 20 0.683
-1.6781 -2.6235 28.3894 133 208 20 0.683
-1.5288 -2.6390 29.1543 109 214 20 0.749
-7.5955 -2.4647 32.5486 29 216 29 0.881
5.2463 0.6723 30.2619 26 218 26 0.892
-1.4438 -2.2732 28.9749 21 222 21 0.914
-1.2830 -2.2185 28.9782 40 207 40 0.837
1.0285 -1.2247 28.4175 129 209 20 0.694
-7.2964 -2.1005 32.1550 40 207 40 0.837
4.2369 -0.7623 29.5669 18 225 18 0.925
7.3870 0.1868 30.6102 46 202 46 0.815
0.8082 1.3302 28.1998 35 211 35 0.859
8.1366 -1.3528 29.7512 125 210 20 0.705
3.6656 -0.7346 30.1045 125 210 20 0.705
7.8463 -1.4596 29.6715 129 209 20 0.694
-1.0546 3.1261 19.6002 92 219 20 0.793
-4.3133 0.7829 30.0072 4 236 4 0.980
-6.7612 -1.8309 30.7090 129 209 20 0.694
-7.6486 -0.9542 31.3422 29 216 29 0.881
-6.3464 0.7723 29.8993 4 236 4 0.980
-8.0486 -1.5294 31.8448 4 236 4 0.980
0.4316 -2.6446 29.2406 125 210 20 0.705
-7.4245 -2.5434 33.2386 48 200 48 0.804
2.8395 0.0329 30.1348 4 236 4 0.980
-5.8901 -0.8469 30.7495 142 206 20 0.661
0.0273 -0.7044 29.4797 133 208 20 0.683
-5.7685 -0.8084 30.1690 117 212 20 0.727
-7.2852 0.1401 29.7468 4 236 4 0.980
1.4745 3.1289 19.2476 105 215 20 0.760
3.2052 -3.5396 28.7191 109 214 20 0.749
-7.0509 0.1846 29.9296 4 236 4 0.980
-0.9830 -2.3830 28.7748 129 209 20 0.694
-7.3831 0.2999 29.9749 4 236 4 0.980
3.0665 -3.2612 29.1055 21 222 21 0.914
-7.3278 0.3500 30.0187 4 236 4 0.980
-7.4972 -2.5636 32.9173 26 218 26 0.892
-6.9953 0.2950 30.0121 4 236 4 0.980
-6.9429 -2.4953 32.7776 43 205 43 0.826
-6.9517 0.3626 29.9602 4 236 4 0.980
7.7384 0.5329 29.4012 46 202 46 0.815
-2.4897 -3.8087 28.5210 117 212 20 0.727
-5.5030 0.8548 29.9243 4 236 4 0.980
4.5743 3.1134 19.5127 24 220 24 0.903
4.5621 0.6793 29.6097 105 215 20 0.760
-3.0003 1.0750 29.8379 26 218 26 0.892
6.5697 0.8341 29.5730 43 205 43 0.826
-0.5582 -0.6027 30.8144 129 209 20 0.694
2.1263 3.1203 19.5744 46 202 46 0.815
5.8767 1.1258 28.7035 4 236 4 0.980
1.9540 -3.3300 28.8330 129 209 20 0.694
-3.2472 0.2351 30.3025 26 218 26 0.892
5.2566 -2.2886 28.9625 4 236 4 0.980
-7.5500 -2.6982 32.9000 32 214 32 0.870
-0.8685 0.9757 29.8285 7 233 7 0.969
-7.3908 -2.6061 33.0926 38 209 38 0.848
-7.2522 -2.2826 32.5838 26 218 26 0.892
5.2908 3.1056 19.4550 7 233 7 0.969
-1.3113 -2.3264 28.9822 18 225 18 0.925
-6.6422 -1.8146 30.6217 129 209 20 0.694
4.5654 -2.9556 29.7719 138 207 20 0.672
3.6318 -1.8867 28.9667 40 207 40 0.837
-5.7049 -3.2060 28.5005 125 210 20 0.705
2.1556 1.1418 29.0777 125 210 20 0.705
-3.7749 3.1206 19.6029 35 211 35 0.859
-7.6920 -2.7082 32.8479 35 211 35 0.859
-7.5562 -1.0964 32.0886 46 202 46 0.815
-7.3852 -2.1143 31.9348 18 225 18 0.925
5.6282 -2.1722 30.4656 142 206 20 0.661
5.7050 -2.9484 30.4853 142 206 20 0.661
7.4716 0.3824 30.0724 46 202 46 0.815
-4.1324 -0.9633 29.5250 121 211 20 0.716
1.9380 -3.2589 28.6424 129 209 20 0.694
8.0650 -1.2984 29.5489 129 209 20 0.694
-3.1730 3.1781 19.3589 10 231 10 0.958
-7.2088 -0.8296 32.2244 117 212 20 0.727
-3.6971 3.1586 19.4090 4 236 4 0.980
-7.2187 -0.8333 32.2765 117 212 20 0.727
-7.2086 -0.7375 32.1448 117 212 20 0.727
1.6661 -0.7201 29.9751 125 210 20 0.705
-0.4031 -0.2859 30.1255 117 212 20 0.727
-6.2860 -1.6797 29.9935 125 210 20 0.705
-7.3792 0.2215 30.2070 4 236 4 0.980
0.9099 3.1499 19.3611 48 200 48 0.804
-6.7823 0.0397 29.9738 4 236 4 0.980
1.5663 -3.7544 28.8371 138 207 20 0.672
2.1821 3.1332 19.2173 32 214 32 0.870
-7.2720 0.4057 30.0757 4 236 4 0.980
-7.4532 -0.1256 29.8495 16 227 16 0.936
-7.1597 0.3709 30.0223 4 236 4 0.980
-2.7066 1.0097 29.7404 4 236 4 0.980
-6.7545 0.4403 30.0806 4 236 4 0.980
-2.2747 3.1398 19.6995 43 205 43 0.826
-7.0894 0.5063 30.0918 4 236 4 0.980
-2.2163 -3.6176 28.0444 138 207 20 0.672
4.0202 0.3238 30.3141 35 211 35 0.859
-6.7753 0.5563 30.1366 4 236 4 0.980
-6.6600 0.3813 30.0063 4 236 4 0.980
1.4699 -1.9639 29.4527 105 215 20 0.760
-6.7768 -0.5040 29.6687 133 208 20 0.683
7.0540 0.5050 29.8851 29 216 29 0.881
-1.6737 0.6952 30.2082 4 236 4 0.980
-3.5138 -4.1247 28.1977 100 217 20 0.771
3.8312 3.1630 19.5013 21 222 21 0.914
-6.6928 -0.0258 29.9593 4 236 4 0.980
-3.5250 -4.1399 28.3372 117 212 20 0.727
-6.2217 0.9026 30.0305 4 236 4 0.980
-0.7738 -3.2506 28.9561 48 200 48 0.804
-0.4264 -2.6711 29.2119 117 212 20 0.727
-6.6398 0.1957 30.1252 4 236 4 0.980
-8.0010 -2.7354 33.2505 133 208 20 0.683
-3.5658 3.1861 19.3830 4 236 4 0.980
-6.5876 -1.3097 29.1114 125 210 20 0.705
-2.2179 0.9610 29.7431 16 227 16 0.936
-7.4979 -0.7618 31.6708 46 202 46 0.815
-0.4636 -3.3260 28.9642 109 214 20 0.749
-7.0634 -0.1671 30.7558 129 209 20 0.694
4.1540 0.6143 29.8788 21 222 21 0.914
-3.6378 -3.4279 27.5888 129 209 20 0.694
2.1354 1.1213 29.2163 125 210 20 0.705
-7.2969 0.4933 30.1501 4 236 4 0.980
-6.6270 0.6648 30.0647 4 236 4 0.980
4.6425 1.0839 28.8799 46 202 46 0.815
-2.3099 3.1554 19.4395 24 220 24 0.903
-7.9230 -2.4868 31.7733 105 215 20 0.760
4.9985 3.1707 19.4974 18 225 18 0.925
-3.3129 -3.1610 29.3048 133 208 20 0.683
0.9132 -1.1087 30.0650 105 215 20 0.760
-7.6926 -0.7430 31.5045 40 207 40 0.837
-1.7074 -2.5310 27.9538 138 207 20 0.672
4.5046 0.7498 29.9502 16 227 16 0.936
-0.5770 -3.3143 28.8083 113 213 20 0.738
5.5563 1.0780 29.1934 48 200 48 0.804
-1.2675 -2.4867 28.9891 38 209 38 0.848
2.9723 0.9994 29.2789 113 213 20 0.738
3.0822 -1.3637 29.7138 117 212 20 0.727
6.5676 -1.6110 29.5798 138 207 20 0.672
1.5299 -3.5903 28.8440 138 207 20 0.672
4.6049 0.6887 30.1714 18 225 18 0.925
7.6383 1.2134 29.1695 125 210 20 0.705
-2.8436 0.8590 29.5758 16 227 16 0.936
1.6716 -1.6691 29.5714 48 200 48 0.804
1.1532 0.3095 30.2196 21 222 21 0.914
-7.4207 -0.3982 30.9719 129 209 20 0.694
-5.9983 -0.2474 30.1063 113 213 20 0.738
-1.0562 -3.2618 27.7791 142 206 20 0.661
2.3051 -3.9684 28.1101 138 207 20 0.672
5.5906 -2.1640 29.3065 48 200 48 0.804
6.0724 0.6265 29.9036 40 207 40 0.837
-5.8940 0.2571 30.1495 4 236 4 0.980
-3.9568 0.7688 30.2818 4 236 4 0.980
-5.1963 0.2496 30.0565 32 214 32 0.870
6.2888 -2.0676 29.4560 125 210 20 0.705
4.6329 -3.2773 28.5529 43 205 43 0.826
5.5849 -3.2399 29.0584 100 217 20 0.771
5.6713 -2.9003 29.1474 96 218 20 0.782
3.1718 -2.7299 29.2529 40 207 40 0.837
2.3704 -2.0455 29.2202 40 207 40 0.837
-7.5139 0.4969 30.0578 4 236 4 0.980
-7.1124 -2.2279 32.3977 43 205 43 0.826
-6.0407 0.2114 30.2842 10 231 10 0.958
-6.7993 0.9360 29.8036 35 211 35 0.859
2.4226 -1.8711 29.0729 43 205 43 0.826
-5.3424 -1.5139 28.3066 125 210 20 0.705
-4.9220 -1.5456 29.2206 129 209 20 0.694
6.3994 1.2002 28.7387 46 202 46 0.815
2.5103 -1.1176 30.1968 38 209 38 0.848
3.9016 0.9232 30.3026 138 207 20 0.672
-2.5257 0.1778 30.1568 40 207 40 0.837
1.3004 0.2624 29.9037 109 214 20 0.749
2.6772 0.6953 30.0060 38 209 38 0.848
1.3229 1.3247 28.2040 48 200 48 0.804
-6.8173 0.8955 29.8981 35 211 35 0.859
0.0347 0.7903 29.9991 13 229 13 0.947
5.7402 1.2657 28.3794 18 225 18 0.925
-2.4757 -3.2717 28.8418 109 214 20 0.749
-7.1930 -2.3391 32.8019 16 227 16 0.936
-2.3242 -0.2375 30.0318 105 215 20 0.760
-2.8983 3.1669 19.5759 18 225 18 0.925
-1.5503 -0.2245 30.1672 109 214 20 0.749
-1.9291 3.1194 19.5663 32 214 32 0.870
6.0110 -1.9016 30.2431 142 206 20 0.661
-3.7920 1.3288 28.5544 113 213 20 0.738
1.2541 0.8031 29.9283 4 236 4 0.980
-1.8672 -0.9386 29.8357 46 202 46 0.815
-4.5583 0.9055 29.5897 35 211 35 0.859
-5.2346 0.1938 30.1641 35 211 35 0.859
4.3461 1.0644 29.0474 24 220 24 0.903
1.6767 0.8017 29.4858 105 215 20 0.760
2.2567 0.7641 29.7207 35 211 35 0.859
-6.1649 -1.4171 28.9553 109 214 20 0.749
-6.4963 0.3589 30.6798 40 207 40 0.837
6.8957 0.7462 29.7354 18 225 18 0.925
-3.4980 0.1591 30.1069 48 200 48 0.804
-2.3410 3.2699 18.7224 129 209 20 0.694
2.7775 0.0239 30.5281 4 236 4 0.980
5.5252 -4.0696 28.5740 46 202 46 0.815
-0.4968 -3.2340 29.2408 113 213 20 0.738
-2.3919 1.3199 28.5614 92 219 20 0.793
-1.5609 -1.2236 29.1870 48 200 48 0.804
-1.1832 -2.2052 28.9453 38 209 38 0.848
3.6536 -1.3344 30.4281 138 207 20 0.672
-5.3986 3.1917 19.4386 100 217 20 0.771
-3.7285 3.1865 19.4121 13 229 13 0.947
-6.6619 -1.9102 31.1126 129 209 20 0.694
-3.5294 -0.3239 30.2764 96 218 20 0.782
-7.9597 -1.5097 32.0445 4 236 4 0.980
2.5068 -0.3356 30.2763 10 231 10 0.958
1.3013 -1.2749 28.7083 100 217 20 0.771
-1.8304 -1.0273 29.3210 96 218 20 0.782
1.7292 0.6087 29.9302 4 236 4 0.980
3.2134 3.1516 19.4231 35 211 35 0.859
-2.7643 1.3652 28.1370 113 213 20 0.738
2.1906 1.2618 28.6562 105 215 20 0.760
-4.1894 0.5093 30.5162 38 209 38 0.848
5.0923 -1.3122 29.0050 142 206 20 0.661
4.5605 -0.9510 30.7083 133 208 20 0.683
7.7552 -1.6725 29.1657 121 211 20 0.716
5.5436 1.0292 29.6056 105 215 20 0.760
2.5119 -0.8216 29.7320 121 211 20 0.716
5.3428 1.0492 29.4764 105 215 20 0.760
5.2078 -0.5329 30.2847 100 217 20 0.771
6.2554 0.9771 29.6464 32 214 32 0.870
8.1895 0.1946 30.4469 92 219 20 0.793
1.8818 3.1520 19.2085 38 209 38 0.848
2.5015 1.2791 28.5885 100 217 20 0.771
1.8055 -2.2469 28.7601 32 214 32 0.870
2.5409 -1.0633 30.1412 29 216 29 0.881
5.2263 0.3314 30.0714 4 236 4 0.980
3.7327 -2.3412 28.6710 43 205 43 0.826
3.4677 3.1608 19.4768 26 218 26 0.892
-7.5969 0.3343 29.8487 4 236 4 0.980
0.9752 -1.3170 28.9104 92 219 20 0.793
-6.6144 -0.0889 30.6813 109 214 20 0.749
-7.1095 -2.3091 32.6300 29 216 29 0.881
-6.9770 0.8812 29.2432 133 208 20 0.683
-4.3354 -1.6726 29.0767 105 215 20 0.760
4.2564 -0.9644 29.6948 26 218 26 0.892
5.4518 -3.9052 27.8474 138 207 20 0.672
3.6163 -2.3612 29.1342 4 236 4 0.980
-2.9790 3.1343 19.6876 43 205 43 0.826
-7.2741 -2.7501 33.5686 129 209 20 0.694
-7.2094 -0.0658 29.9354 4 236 4 0.980
0.5922 -1.1041 30.3923 96 218 20 0.782
-7.2373 -2.1944 32.2036 40 207 40 0.837
-7.1007 -2.4246 32.7650 21 222 21 0.914
2.7795 3.1147 19.4987 29 216 29 0.881
-6.2169 -1.9713 30.2308 125 210 20 0.705
1.3401 0.4344 30.3446 10 231 10 0.958
-3.5982 -1.0871 29.8164 46 202 46 0.815
5.1493 -1.1479 30.2181 13 229 13 0.947
-6.5320 1.0220 29.5891 105 215 20 0.760
-2.3954 -0.3271 30.4684 117 212 20 0.727
-3.3442 0.1656 30.3027 26 218 26 0.892
6.8829 0.5222 29.8807 32 214 32 0.870
-2.2803 0.2516 30.0230 48 200 48 0.804
5.3496 3.1980 19.4138 10 231 10 0.958
-1.9357 0.2501 30.0056 32 214 32 0.870
2.0125 0.4135 30.1740 4 236 4 0.980
6.7825 0.2506 30.2913 21 222 21 0.914
-2.7083 0.5838 30.3386 4 236 4 0.980
0.8706 -1.0751 30.0516 109 214 20 0.749
2.8197 0.6847 29.6819 46 202 46 0.815
6.8253 0.6898 29.8349 32 214 32 0.870
5.5832 -2.1057 29.3222 46 202 46 0.815
-6.4389 0.2543 30.8891 35 211 35 0.859
-0.6924 -3.1300 29.1829 32 214 32 0.870
-5.0033 -1.1030 29.3341 109 214 20 0.749
1.6001 -2.5314 29.0806 100 217 20 0.771
-2.9678 0.5488 30.1431 4 236 4 0.980
-3.7488 3.1320 19.6750 38 209 38 0.848
0.4713 0.9100 29.6926 4 236 4 0.980
-4.4245 -1.4687 28.9687 43 205 43 0.826
7.1231 0.8958 29.7238 35 211 35 0.859
5.4735 0.0610 30.0685 29 216 29 0.881
3.5837 -1.1974 29.2909 121 211 20 0.716
-0.5004 3.2036 19.2420 46 202 46 0.815
7.0442 0.5711 30.1601 38 209 38 0.848
7.5653 -1.5957 29.2809 129 209 20 0.694
-3.5159 -1.0088 29.6452 48 200 48 0.804
-3.3085 0.6804 30.3676 18 225 18 0.925
0.0513 0.9898 29.6584 4 236 4 0.980
4.2144 -0.8505 29.6095 16 227 16 0.936
-2.0378 1.0888 29.6131 26 218 26 0.892
2.1256 1.2734 28.6452 105 215 20 0.760
7.3371 0.4138 30.0666 40 207 40 0.837
-6.0238 -1.5962 29.4665 29 216 29 0.881
-7.5310 -2.7445 33.2140 96 218 20 0.782
4.1152 -2.5745 28.9771 35 211 35 0.859
4.5811 3.0892 19.3384 26 218 26 0.892
-7.4822 -2.4310 32.7734 32 214 32 0.870
0.2542 -1.8469 28.0194 138 207 20 0.672
-6.6340 0.3377 30.3598 10 231 10 0.958
3.1378 3.1604 19.2334 43 205 43 0.826
0.4998 0.3172 30.4149 18 225 18 0.925
-3.4400 -3.5436 28.7207 40 207 40 0.837
1.7985 0.5176 30.2448 4 236 4 0.980
-5.2022 0.6925 30.3194 4 236 4 0.980
-6.2560 -1.3716 28.6926 100 217 20 0.771
-1.4172 0.6089 30.1122 4 236 4 0.980
0.0099 0.8766 29.7154 4 236 4 0.980
0.4702 0.8677 29.6160 7 233 7 0.969
-5.8402 -1.2599 28.6536 92 219 20 0.793
2.7004 0.6687 29.7991 92 219 20 0.793
-6.4072 0.9781 30.0473 21 222 21 0.914
5.0694 0.6156 30.1937 13 229 13 0.947
6.2335 1.0533 29.4537 48 200 48 0.804
3.0067 -0.3714 29.3947 142 206 20 0.661
-6.6668 0.1673 29.8008 4 236 4 0.980
7.3592 1.0392 28.6073 92 219 20 0.793
-2.9086 0.5082 30.2764 4 236 4 0.980
5.1923 3.1136 19.5265 7 233 7 0.969
3.7178 0.7490 29.7512 4 236 4 0.980
-4.1450 0.9409 29.7637 4 236 4 0.980
4.4666 -2.2791 29.0664 4 236 4 0.980
3.4180 1.3077 28.4611 105 215 20 0.760
-2.6226 3.1866 19.3291 38 209 38 0.848
4.5441 1.1774 28.2648 40 207 40 0.837
3.6491 -2.2409 28.9811 16 227 16 0.936
-4.2058 0.8554 29.7856 4 236 4 0.980
5.4557 -2.3620 28.9132 4 236 4 0.980
-6.4396 -1.7017 29.7838 109 214 20 0.749
5.4179 0.3735 29.8991 13 229 13 0.947
-2.7476 0.9788 29.7089 4 236 4 0.980
1.0351 -2.7804 29.2861 138 207 20 0.672
-3.3922 3.1736 19.5507 4 236 4 0.980
6.4140 1.2554 28.7032 100 217 20 0.771
-7.5673 -2.5958 32.7406 21 222 21 0.914
0.2598 -1.0774 28.5865 105 215 20 0.760
-3.5240 3.1243 19.2255 18 225 18 0.925
0.8408 -0.6448 30.1047 129 209 20 0.694
2.4629 -0.0136 30.5152 24 220 24 0.903
4.7324 -3.0088 29.0657 92 219 20 0.793
-3.6200 -1.4049 30.5273 138 207 20 0.672
-1.9250 0.2881 29.9267 29 216 29 0.881
-3.3616 -2.6950 29.3584 117 212 20 0.727
6.1619 1.3062 28.0908 109 214 20 0.749
0.7752 3.1885 19.1882 105 215 20 0.760
-6.8544 -0.1117 29.9987 4 236 4 0.980
-6.8121 0.3031 29.9610 4 236 4 0.980
2.1351 3.2829 18.6913 129 209 20 0.694
-1.4550 -0.3595 30.2352 40 207 40 0.837
0.5527 -1.0392 30.1780 43 205 43 0.826
5.5217 -4.0053 28.6005 46 202 46 0.815
4.0219 0.3293 30.4129 38 209 38 0.848
-7.1718 -2.2114 32.6142 35 211 35 0.859
3.0617 3.1231 19.5551 32 214 32 0.870
5.1188 -3.3243 29.0723 46 202 46 0.815
-6.2264 -1.4083 29.0591 105 215 20 0.760
0.5094 -0.3721 30.6674 113 213 20 0.738
2.9164 0.0562 30.2722 4 236 4 0.980
0.4917 0.8287 29.7793 4 236 4 0.980
4.9124 0.5498 29.8210 18 225 18 0.925
6.2531 0.4788 30.2005 35 211 35 0.859
-2.4000 -0.8468 30.1318 121 211 20 0.716
-5.4664 -1.5309 29.4838 105 215 20 0.760
-2.1161 -0.1306 29.6765 24 220 24 0.903
7.4596 0.2924 30.4154 35 211 35 0.859
5.0279 -0.5103 30.5677 96 218 20 0.782
-3.0722 0.7226 30.1485 4 236 4 0.980
2.4971 -3.9675 28.5749 117 212 20 0.727
0.3717 1.3343 28.2388 29 216 29 0.881
2.0664 3.1163 19.5307 38 209 38 0.848
4.8067 -3.8882 28.8873 26 218 26 0.892
4.9718 -1.7351 28.7863 138 207 20 0.672
-2.8348 3.2634 18.9806 129 209 20 0.694
-7.9170 -1.5508 31.7468 4 236 4 0.980
-4.2044 -1.4330 28.6833 113 213 20 0.738
-4.7760 3.1916 19.5123 43 205 43 0.826
-7.6849 -1.4035 32.1389 32 214 32 0.870
-7.5708 -1.3509 32.3061 109 214 20 0.749
-7.3372 -0.3077 31.7005 125 210 20 0.705
-6.8948 0.7976 30.0474 16 227 16 0.936
2.3964 -1.0584 29.7911 105 215 20 0.760
1.2365 -3.7102 29.0177 138 207 20 0.672
4.9375 -0.7594 29.0836 142 206 20 0.661
5.3485 -1.5030 30.0439 10 231 10 0.958
-7.1558 0.4426 30.2129 4 236 4 0.980
-2.3858 3.1341 19.5616 21 222 21 0.914
-5.2170 0.8996 29.5843 13 229 13 0.947
2.0782 0.3482 30.3864 4 236 4 0.980
-2.1513 0.5888 30.1336 4 236 4 0.980
8.2407 0.2650 30.6186 100 217 20 0.771
7.7720 0.6104 28.9545 109 214 20 0.749
-5.1777 0.9860 29.8082 4 236 4 0.980
-3.0405 0.7155 29.8434 4 236 4 0.980
5.7106 3.1240 19.5879 46 202 46 0.815
7.1744 0.8221 29.5661 35 211 35 0.859
4.7356 1.3001 28.3567 40 207 40 0.837
-2.1530 3.1252 19.3097 48 200 48 0.804
3.7289 3.1218 19.2680 35 211 35 0.859
-7.9088 -2.7852 33.1284 125 210 20 0.705
2.6073 0.2558 30.4071 4 236 4 0.980
8.0018 -1.8146 29.7214 121 211 20 0.716
-2.2601 -3.3931 27.7264 129 209 20 0.694
-7.6580 -0.7860 31.2791 26 218 26 0.892
-7.1185 0.1361 29.9627 4 236 4 0.980
-7.7470 -1.0495 31.3747 29 216 29 0.881
-7.0635 0.5706 29.9995 4 236 4 0.980
6.4217 0.3357 29.9568 10 231 10 0.958
-2.5726 0.7428 30.1902 4 236 4 0.980
-0.2635 1.0703 29.6919 4 236 4 0.980
-2.3297 -1.0090 29.8142 109 214 20 0.749
2.2463 0.5735 30.0396 4 236 4 0.980
3.8639 3.1595 19.3335 24 220 24 0.903
5.7260 3.1631 19.2961 96 218 20 0.782
4.4267 -0.2922 30.2848 92 219 20 0.793
-2.1612 -1.8841 28.3791 113 213 20 0.738
-6.9342 0.2080 30.0550 4 236 4 0.980
-0.4883 0.8413 29.7970 4 236 4 0.980
4.7012 -3.9475 28.5019 46 202 46 0.815
7.0570 0.6406 29.8276 21 222 21 0.914
8.2142 0.3540 30.3232 105 215 20 0.760
-2.5845 3.1415 19.6223 24 220 24 0.903
6.5458 -2.0172 29.5775 133 208 20 0.683
3.1111 -0.0216 30.1401 4 236 4 0.980
-5.7949 -3.5461 28.8307 142 206 20 0.661
8.0492 -1.3623 29.6583 129 209 20 0.694
-2.4021 -2.6253 29.1717 121 211 20 0.716
3.7486 -2.2179 28.9741 4 236 4 0.980
4.4220 -2.4635 28.7416 16 227 16 0.936
-1.9190 -0.9633 30.0938 125 210 20 0.705
-0.7447 -3.0141 29.2100 29 216 29 0.881
-7.4399 0.4158 29.9128 4 236 4 0.980
-0.7895 -1.0282 30.1773 117 212 20 0.727
-6.5127 0.9527 29.7497 24 220 24 0.903
0.7361 0.8923 29.2426 117 212 20 0.727
-2.2022 3.1507 19.4894 32 214 32 0.870
-1.9325 -3.2492 26.9010 142 206 20 0.661
-7.8934 -1.7636 31.9642 10 231 10 0.958
3.5810 3.1541 19.2547 32 214 32 0.870
-2.9766 0.5063 30.0919 4 236 4 0.980
6.5814 0.3296 30.1256 4 236 4 0.980
-7.4729 -0.0838 29.9852 4 236 4 0.980
-3.0735 -4.1870 27.7782 133 208 20 0.683
-7.4911 0.0683 29.8238 4 236 4 0.980
-5.1349 3.2114 19.3027 48 200 48 0.804
7.1729 0.7554 29.8126 29 216 29 0.881
7.3723 -1.6199 29.4651 129 209 20 0.694
-3.4671 -0.9905 30.1816 26 218 26 0.892
-0.5375 -1.5443 29.1855 105 215 20 0.760
-6.6396 0.6623 30.1194 4 236 4 0.980
-7.1636 1.2772 29.0134 138 207 20 0.672
-6.6910 -1.8107 29.9146 125 210 20 0.705
4.6045 -3.5166 28.8765 4 236 4 0.980
-4.2149 0.7629 30.1621 4 236 4 0.980
-2.6992 3.1324 19.6624 32 214 32 0.870
-7.6180 -2.7671 32.6896 26 218 26 0.892
-1.1128 -1.0900 29.7424 133 208 20 0.683
-3.4814 -2.4783 28.7887 133 208 20 0.683
-1.5884 -2.4292 28.8845 43 205 43 0.826
2.7293 -3.5960 28.8599 48 200 48 0.804
3.0293 3.1287 19.3130 32 214 32 0.870
3.7225 3.1287 19.6249 35 211 35 0.859
3.5424 -0.9635 30.1776 48 200 48 0.804
-4.9910 3.1469 19.2790 46 202 46 0.815
-3.3996 -0.9588 30.3095 38 209 38 0.848
-7.4125 -0.8581 31.6978 46 202 46 0.815
-4.4748 0.7275 30.3687 4 236 4 0.980
0.5040 -0.9963 30.2253 46 202 46 0.815
7.4992 0.3268 30.4303 32 214 32 0.870
-6.9945 0.4118 30.0070 4 236 4 0.980
-2.2716 -0.2936 29.8087 46 202 46 0.815
2.2363 0.6965 29.9759 4 236 4 0.980
7.3385 0.4524 29.9709 32 214 32 0.870
7.1294 0.6717 29.9555 13 229 13 0.947
-4.2908 0.8658 29.7491 4 236 4 0.980
-7.7002 -0.8094 31.1407 48 200 48 0.804
-1.4056 1.3215 28.4870 32 214 32 0.870
5.2151 1.3034 28.5497 4 236 4 0.980
-4.5541 3.2220 18.8541 96 218 20 0.782
-3.5962 -4.1528 27.5753 117 212 20 0.727
4.7691 -3.2223 28.6127 43 205 43 0.826
-0.6419 -2.9210 29.8899 138 207 20 0.672
-1.2279 -2.0131 29.1593 109 214 20 0.749
6.5183 -1.7381 29.8034 138 207 20 0.672
-0.2984 0.9703 29.7849 4 236 4 0.980
-4.3807 -1.5474 29.4939 142 206 20 0.661
-1.8320 -0.9604 29.9807 100 217 20 0.771
-1.5706 0.3332 30.5126 46 202 46 0.815
-1.6972 -2.6388 28.0545 129 209 20 0.694
6.2376 1.0075 29.7450 38 209 38 0.848
-2.3201 1.3571 28.0581 113 213 20 0.738
-0.9248 0.6078 30.1249 21 222 21 0.914
4.8576 0.7802 29.8571 4 236 4 0.980
-2.2470 -3.6608 27.8011 125 210 20 0.705
-0.4783 -2.6943 29.1504 96 218 20 0.782
-7.8064 -2.6723 32.4623 48 200 48 0.804
-1.2034 -2.4692 29.0603 38 209 38 0.848
2.0239 0.1424 29.9588 35 211 35 0.859
-6.0584 -1.6472 27.6445 142 206 20 0.661
7.8903 -1.7665 29.4781 121 211 20 0.716
4.4701 3.1124 19.4559 21 222 21 0.914
-7.5514 0.4668 29.9251 4 236 4 0.980
2.4841 0.0345 30.0359 13 229 13 0.947
2.9740 0.9364 29.3383 96 218 20 0.782
-1.4789 3.1179 19.5715 43 205 43 0.826
4.1206 3.1325 19.3143 24 220 24 0.903
-1.3438 1.2799 28.6029 46 202 46 0.815
-1.6359 -2.4701 29.0556 46 202 46 0.815
-6.1516 -1.7457 29.5151 96 218 20 0.782
1.5548 0.4410 30.2180 4 236 4 0.980
3.5428 -3.9207 28.5018 43 205 43 0.826
-4.1246 -3.3254 27.6149 138 207 20 0.672
0.7513 -3.2258 29.0813 133 208 20 0.683
7.7803 0.3516 30.4019 35 211 35 0.859
3.5010 -1.4933 29.4408 48 200 48 0.804
-4.1833 -0.8677 29.4658 125 210 20 0.705
2.3579 -0.2019 30.3057 18 225 18 0.925
1.4419 0.3132 30.5260 46 202 46 0.815
-7.6713 -2.1122 31.5567 96 218 20 0.782
5.0469 -0.6426 30.2363 117 212 20 0.727
-0.6947 -2.8166 29.2544 35 211 35 0.859
4.5288 -3.7914 28.9458 4 236 4 0.980
-1.1116 -1.5280 29.0012 113 213 20 0.738
-6.8635 0.1575 30.0112 4 236 4 0.980
-3.6709 -4.0335 27.2375 133 208 20 0.683
4.3699 -3.8274 28.4634 24 220 24 0.903
0.3859 -2.8544 28.7639 133 208 20 0.683
-0.9525 3.1573 19.6415 92 219 20 0.793
4.8316 -1.1355 30.2133 21 222 21 0.914
-6.8700 -0.4831 29.9150 129 209 20 0.694
4.4069 3.1417 19.7326 92 219 20 0.793
-6.6393 0.1190 29.8683 4 236 4 0.980
-6.8818 0.8184 28.8806 133 208 20 0.683
0.2873 -2.6660 27.5721 133 208 20 0.683
7.7067 0.8081 30.3476 142 206 20 0.661
2.7224 1.2505 28.0817 92 219 20 0.793
4.1466 3.1574 19.6417 21 222 21 0.914
-6.7540 -2.6175 32.5987 138 207 20 0.672
-5.6219 -0.2344 29.9293 113 213 20 0.738
-0.5085 -0.3691 30.5958 117 212 20 0.727
0.5260 0.5722 30.1244 4 236 4 0.980
-2.6330 3.1952 19.4074 21 222 21 0.914
2.5534 3.1424 19.4216 29 216 29 0.881
6.0629 1.0099 29.5595 35 211 35 0.859
2.1044 3.1591 19.2437 24 220 24 0.903
7.8196 -1.8952 29.2247 117 212 20 0.727
-2.5808 3.1820 19.3487 40 207 40 0.837
5.0972 -2.0906 29.3781 105 215 20 0.760
-7.6213 -0.2920 31.1788 133 208 20 0.683
-0.5088 3.1505 19.3062 40 207 40 0.837
4.3607 3.1375 19.2354 40 207 40 0.837
3.3294 0.9882 29.8233 4 236 4 0.980
1.8310 3.1624 19.2459 40 207 40 0.837
2.4056 3.1358 19.6240 105 215 20 0.760
-7.4659 -2.0856 31.9172 10 231 10 0.958
-1.6056 3.1342 19.7104 100 217 20 0.771
5.5180 0.1030 30.8834 138 207 20 0.672
-4.9980 0.8217 29.8981 4 236 4 0.980
-3.8190 1.0167 29.9686 7 233 7 0.969
-1.9356 1.3585 28.0294 109 214 20 0.749
-7.7786 -1.2059 31.5506 38 209 38 0.848
-7.4833 0.5168 30.2981 46 202 46 0.815
-2.6508 0.9829 29.6861 10 231 10 0.958
-2.9661 3.1975 19.3035 29 216 29 0.881
-7.6547 -2.2009 31.6516 38 209 38 0.848
-3.8614 3.1684 19.2706 43 205 43 0.826
8.3885 0.2948 30.4625 100 217 20 0.771
-4.7229 0.2046 30.0443 109 214 20 0.749
-7.2652 0.8380 29.4199 133 208 20 0.683
2.4197 3.2024 19.3333 38 209 38 0.848
1.1792 3.1359 19.2954 46 202 46 0.815
-4.9591 -1.4216 28.5821 105 215 20 0.760
5.4403 0.1041 30.0631 21 222 21 0.914
0.4158 -1.0366 29.6768 105 215 20 0.760
4.5540 3.1562 19.2111 48 200 48 0.804
3.1534 1.3506 28.0280 105 215 20 0.760
-6.8917 0.7704 30.2941 92 219 20 0.793
-3.4581 -4.2641 27.8178 105 215 20 0.760
-6.7603 1.1329 29.3873 125 210 20 0.705
3.9154 3.1458 19.5698 21 222 21 0.914
-4.6384 3.2226 18.8907 48 200 48 0.804
-1.9855 3.1649 19.4162 32 214 32 0.870
2.9916 3.1927 19.3699 21 222 21 0.914
-5.8378 -2.8236 28.8785 121 211 20 0.716
-7.4965 -0.2921 31.9635 125 210 20 0.705
5.1773 1.1392 28.8222 4 236 4 0.980
-4.0279 0.9235 29.9968 4 236 4 0.980
3.0382 3.1601 19.2626 40 207 40 0.837
0.4322 -2.6413 29.2072 121 211 20 0.716
1.6807 -2.8331 28.9895 46 202 46 0.815
2.8401 -2.2168 28.8808 100 217 20 0.771
2.7940 -1.0317 30.2331 32 214 32 0.870
2.7791 -1.0342 30.0836 32 214 32 0.870
-6.0831 0.2343 30.1987 13 229 13 0.947
5.3173 1.1973 28.6723 4 236 4 0.980
2.1828 3.1228 19.6571 105 215 20 0.760
5.0259 3.2051 19.0798 48 200 48 0.804
1.9959 3.1615 19.2552 32 214 32 0.870
-0.5615 -2.8844 29.0563 32 214 32 0.870
1.3783 -2.5091 29.5416 142 206 20 0.661
-3.2490 -0.9953 30.1131 24 220 24 0.903
-1.3566 3.2543 18.9345 133 208 20 0.683
-3.8783 0.5582 30.1266 4 236 4 0.980
-0.9998 3.1484 19.3832 46 202 46 0.815
0.2211 -2.5386 27.7898 133 208 20 0.683
3.1283 3.1346 19.6636 46 202 46 0.815
-0.2349 3.1502 19.3734 32 214 32 0.870
-6.0369 -0.5292 30.1471 121 211 20 0.716
1.2141 3.1574 19.4351 43 205 43 0.826
-6.8808 0.9476 29.6475 48 200 48 0.804
4.3117 3.1630 18.7606 138 207 20 0.672
5.6069 -3.3647 28.7348 125 210 20 0.705
6.1948 -1.9397 29.4983 113 213 20 0.738
-2.8644 3.1915 19.4441 10 231 10 0.958
-2.9826 -0.4886 30.1336 92 219 20 0.793
-3.1988 0.2847 30.1327 16 227 16 0.936
4.5450 1.0344 29.8775 117 212 20 0.727
-0.9617 1.3095 28.4474 38 209 38 0.848
4.4466 -1.1310 29.9436 92 219 20 0.793
-6.9950 0.8004 29.9531 40 207 40 0.837
0.2542 -1.8146 28.4612 133 208 20 0.683
-3.4970 -4.2270 27.9851 109 214 20 0.749
-3.1458 -3.6470 28.6559 109 214 20 0.749
-2.3664 -3.5526 28.5778 117 212 20 0.727
3.3134 -3.2901 29.3360 48 200 48 0.804
2.5867 -3.5456 28.9937 48 200 48 0.804
3.1619 -3.4971 28.9047 40 207 40 0.837
-8.0290 -2.3908 31.9010 113 213 20 0.738
1.7556 -0.5256 29.8226 105 215 20 0.760
-7.4678 -0.0840 29.9607 4 236 4 0.980
-0.6558 -2.9374 29.0089 29 216 29 0.881
5.6371 -3.0029 29.1432 46 202 46 0.815
4.3963 -2.5333 28.9434 4 236 4 0.980
-2.5398 3.1947 18.9642 121 211 20 0.716
-7.4963 -2.6467 32.8786 24 220 24 0.903
-7.4805 -2.1225 31.9097 18 225 18 0.925
1.4802 -1.8152 28.9753 133 208 20 0.683
4.4573 -1.7726 29.4459 100 217 20 0.771
-3.6639 -1.1907 29.4003 121 211 20 0.716
5.4542 -1.6142 30.7630 138 207 20 0.672
0.2136 -1.0716 28.4600 121 211 20 0.716
3.3556 -1.0036 30.9369 142 206 20 0.661
-2.9554 3.1469 19.3785 18 225 18 0.925
-7.5230 -0.8716 31.8185 46 202 46 0.815
-7.1062 -0.1263 29.9909 4 236 4 0.980
-1.7652 3.1475 19.4793 24 220 24 0.903
-2.0613 -0.0381 29.7344 29 216 29 0.881
-7.1306 0.5333 30.0786 4 236 4 0.980
7.5198 0.2991 30.3919 29 216 29 0.881
7.8129 0.4060 30.2279 100 217 20 0.771
6.0914 0.8292 29.5894 32 214 32 0.870
7.3883 0.8472 29.4253 48 200 48 0.804
-6.0564 1.2589 28.5924 43 205 43 0.826
-5.3941 0.9860 30.0075 18 225 18 0.925
-7.7256 0.4244 29.9794 18 225 18 0.925
-7.0924 0.3004 29.9628 4 236 4 0.980
-4.4956 3.2028 19.3216 96 218 20 0.782
3.5624 -4.0694 28.5520 105 215 20 0.760
-2.6140 3.1869 19.6799 38 209 38 0.848
-6.8400 0.7211 30.0566 4 236 4 0.980
-0.2723 -2.5778 27.8200 138 207 20 0.672
-7.4462 -2.4699 32.8826 24 220 24 0.903
-6.9356 -2.5233 32.8982 43 205 43 0.826
-7.0113 -2.2844 33.1367 105 215 20 0.760
-4.1698 -1.4282 28.5709 117 212 20 0.727
-3.1392 3.1743 19.4715 7 233 7 0.969
-5.1833 -1.0397 30.1708 133 208 20 0.683
7.6157 0.5422 29.6977 105 215 20 0.760
-2.5083 -1.7262 29.4426 121 211 20 0.716
-3.2323 0.4867 30.2677 4 236 4 0.980
-8.0048 -1.2888 31.9091 38 209 38 0.848
-2.6128 3.1594 19.5421 24 220 24 0.903
1.9540 0.1519 29.8558 26 218 26 0.892
2.7869 0.2923 30.4110 4 236 4 0.980
-3.1056 0.7903 29.7536 29 216 29 0.881
3.4181 -3.7178 28.7436 38 209 38 0.848
-2.8175 0.6841 30.2467 4 236 4 0.980
-3.6160 -0.7575 29.2961 133 208 20 0.683
-4.9537 1.1521 29.4405 96 218 20 0.782
-1.0782 1.3121 28.4737 35 211 35 0.859
-2.0383 -0.3000 29.4092 109 214 20 0.749
-3.5756 -4.2109 27.6511 113 213 20 0.738
-3.6715 3.1265 19.6346 21 222 21 0.914
-7.0451 -1.5644 29.9543 142 206 20 0.661
6.5394 0.0871 30.8793 142 206 20 0.661
1.5654 -1.8297 29.3796 35 211 35 0.859
6.2973 0.1506 30.3407 32 214 32 0.870
-3.2574 3.1876 19.3569 4 236 4 0.980
5.4020 -1.6752 29.5487 100 217 20 0.771
-0.7902 -1.6145 29.3071 92 219 20 0.793
7.9259 0.2534 31.6057 142 206 20 0.661
-7.4927 0.5819 29.9885 10 231 10 0.958
5.5489 1.1486 28.8795 4 236 4 0.980
0.6602 3.1860 19.2095 109 214 20 0.749
2.5335 -3.3124 28.8296 21 222 21 0.914
-7.4449 1.1648 28.8801 138 207 20 0.672
-7.4463 0.8944 29.9480 129 209 20 0.694
1.5218 -3.2770 28.3357 138 207 20 0.672
6.4822 1.1486 28.8714 43 205 43 0.826
-5.5986 -2.8433 28.5526 125 210 20 0.705
2.0036 -0.2804 29.6471 16 227 16 0.936
-7.6280 0.8091 29.1717 133 208 20 0.683
-4.5426 3.2504 19.1140 43 205 43 0.826
-2.9104 0.9136 29.7085 4 236 4 0.980
0.8325 -3.3353 29.6199 138 207 20 0.672
-2.2508 -2.5819 28.4670 142 206 20 0.661
4.1174 -2.1124 28.2696 142 206 20 0.661
0.2338 -1.7817 29.1778 117 212 20 0.727
4.3339 -0.2300 30.2449 96 218 20 0.782
2.5505 1.0809 29.0466 125 210 20 0.705
-7.4843 0.3934 29.9224 4 236 4 0.980
5.0837 1.3221 28.3583 96 218 20 0.782
4.2588 -4.0965 28.4907 96 218 20 0.782
-3.3090 -3.5016 28.8573 43 205 43 0.826
-1.5314 -3.1877 29.2366 142 206 20 0.661
5.2078 3.1707 19.4363 4 236 4 0.980
4.1770 3.1799 19.0751 109 214 20 0.749
-0.6495 -1.1683 28.2278 138 207 20 0.672
-6.1282 -0.1497 30.3534 105 215 20 0.760
-1.2637 0.3731 30.4724 105 215 20 0.760
-3.5319 -3.8565 28.4663 113 213 20 0.738
-2.3445 3.2742 18.7600 129 209 20 0.694
7.7791 0.4637 29.3482 92 219 20 0.793
-7.4639 0.7600 28.7994 138 207 20 0.672
-7.5427 -2.6217 33.0039 29 216 29 0.881
-7.5502 -0.8973 31.6298 35 211 35 0.859
4.9131 0.5575 30.0405 4 236 4 0.980
-2.4846 -1.0555 30.0627 105 215 20 0.760
-0.3411 -0.2359 30.2013 121 211 20 0.716
-2.5349 -0.3567 30.2324 100 217 20 0.771
0.6502 -0.5427 30.4502 46 202 46 0.815
1.4244 -0.6621 29.8978 129 209 20 0.694
3.6247 -0.3949 30.2690 43 205 43 0.826
2.3037 -2.5501 29.1435 96 218 20 0.782
4.6902 3.1799 18.7783 129 209 20 0.694
-4.2620 -1.8013 29.0257 125 210 20 0.705
-6.8690 -0.0893 29.8842 4 236 4 0.980
-5.6183 -1.5583 29.4265 29 216 29 0.881
5.3329 0.1115 29.7087 113 213 20 0.738
-7.5311 0.1767 29.5471 105 215 20 0.760
3.9994 -2.2216 28.8384 24 220 24 0.903
-3.3612 0.5154 30.1954 4 236 4 0.980
-8.0577 -2.0922 31.6884 125 210 20 0.705
-6.1604 -1.4552 28.5723 96 218 20 0.782
-7.1252 0.5698 30.0378 4 236 4 0.980
-7.3617 0.4164 30.0752 4 236 4 0.980
3.6984 0.6436 29.9799 38 209 38 0.848
-5.8494 1.1532 29.2063 105 215 20 0.760
4.2405 -0.8705 29.3875 32 214 32 0.870
3.6651 1.0304 29.8050 4 236 4 0.980
-8.1686 -1.6095 32.0922 100 217 20 0.771
5.8568 1.2180 28.6639 4 236 4 0.980
-4.6616 3.1888 19.6216 96 218 20 0.782
2.9041 3.1483 19.3336 21 222 21 0.914
-2.1557 3.1644 19.5489 26 218 26 0.892
-8.0699 -1.3179 31.6537 40 207 40 0.837
-5.7074 -1.4858 29.2022 21 222 21 0.914
3.7487 3.1548 19.3113 24 220 24 0.903
-1.2602 -2.3722 28.6637 121 211 20 0.716
-6.0961 0.9814 29.9039 4 236 4 0.980
2.8587 -2.2026 28.9037 100 217 20 0.771
-7.7446 -2.5053 32.7858 29 216 29 0.881
-6.9984 -2.2816 33.0854 96 218 20 0.782
2.5348 -1.0603 30.0714 35 211 35 0.859
8.2594 -0.4182 30.7301 138 207 20 0.672
3.3005 3.2757 19.7579 109 214 20 0.749
-0.0724 3.1652 19.3078 32 214 32 0.870
5.2619 3.1172 19.5632 16 227 16 0.936
5.4343 3.1232 19.5918 29 216 29 0.881
5.4831 3.1186 19.5785 35 211 35 0.859
5.8246 3.1195 19.5917 105 215 20 0.760
-6.9321 0.0233 29.3492 142 206 20 0.661
-5.1201 0.5772 30.1897 4 236 4 0.980
0.7466 3.1589 19.3719 96 218 20 0.782
5.2625 3.1371 19.2260 18 225 18 0.925
-2.6429 0.7883 29.7695 7 233 7 0.969
-2.7366 3.1805 19.0355 121 211 20 0.716
-7.3202 -0.7129 32.2304 117 212 20 0.727
2.6142 3.1359 19.3703 24 220 24 0.903
7.0326 0.3134 30.6764 142 206 20 0.661
4.4661 0.9205 29.7787 48 200 48 0.804
7.0686 -1.6081 29.5044 133 208 20 0.683
4.1731 -2.6364 28.9393 26 218 26 0.892
-7.2938 -2.6064 33.0086 32 214 32 0.870
-3.8154 3.1555 19.2383 38 209 38 0.848
2.2710 -1.7954 29.3515 48 200 48 0.804
5.2019 3.1810 19.2944 4 236 4 0.980
-5.1694 0.3145 30.1666 4 236 4 0.980
5.6647 -0.6649 30.1317 121 211 20 0.716
-7.5258 -0.3189 31.6634 121 211 20 0.716
-1.2233 3.1311 19.6279 46 202 46 0.815
1.4503 3.1361 19.2833 100 217 20 0.771
-7.2084 0.2279 30.0682 4 236 4 0.980
1.2441 3.1231 19.5581 105 215 20 0.760
-7.1885 0.4307 29.9266 4 236 4 0.980
-8.2242 -1.8672 32.3058 138 207 20 0.672
-0.9413 -2.8450 29.6881 142 206 20 0.661
-4.4131 0.1930 29.8700 100 217 20 0.771
7.8955 0.2310 30.2835 100 217 20 0.771
-7.1151 0.9722 29.6524 100 217 20 0.771
-6.7668 0.9344 29.6299 46 202 46 0.815
-7.2303 0.1716 29.8208 4 236 4 0.980
-5.7796 0.6729 30.1104 4 236 4 0.980
3.1800 0.9633 29.5910 4 236 4 0.980
-7.8378 -1.4185 31.8006 4 236 4 0.980
4.7372 1.0032 29.0302 109 214 20 0.749
-3.7712 0.9026 29.6396 10 231 10 0.958
7.5459 0.9995 28.9188 92 219 20 0.793
5.0836 1.1277 28.7775 4 236 4 0.980
6.2908 1.0483 29.0279 38 209 38 0.848
1.5090 3.1424 19.3495 43 205 43 0.826
8.4133 0.1827 30.7921 121 211 20 0.716
3.4395 3.1395 19.2925 35 211 35 0.859
7.7943 0.2000 30.4253 43 205 43 0.826
4.0831 3.1589 19.5476 18 225 18 0.925
4.1977 3.1477 19.4083 24 220 24 0.903
4.2164 3.1659 19.5934 18 225 18 0.925
5.1418 3.1414 19.2990 4 236 4 0.980
4.4690 3.1417 19.3911 29 216 29 0.881
0.8835 -3.2335 29.1192 125 210 20 0.705
-7.7249 -1.0538 31.2545 35 211 35 0.859
3.7273 -1.9098 29.5184 100 217 20 0.771
-7.5021 -2.1547 31.6339 48 200 48 0.804
6.1130 -1.7915 29.7439 125 210 20 0.705
-2.5171 -3.2834 28.8581 109 214 20 0.749
-6.7112 -1.2624 29.9730 142 206 20 0.661
3.0466 0.3639 30.3297 4 236 4 0.980
7.5368 0.5910 29.4733 43 205 43 0.826
-3.9971 0.7415 30.2026 4 236 4 0.980
-2.8700 0.6698 30.0921 4 236 4 0.980
-5.7501 -1.2254 28.8267 96 218 20 0.782
-4.0704 3.1880 19.3026 109 214 20 0.749
7.5104 1.1547 28.8806 46 202 46 0.815
4.8756 3.1005 19.4094 32 214 32 0.870
4.3033 3.1188 19.4436 21 222 21 0.914
-3.6001 -3.8340 28.6907 105 215 20 0.760
-1.8841 3.1407 19.4190 26 218 26 0.892
-3.4483 -3.2285 29.0077 109 214 20 0.749
4.8527 3.1709 19.7518 100 217 20 0.771
-3.2102 3.1680 19.6631 24 220 24 0.903
-7.3431 -0.9031 32.5923 142 206 20 0.661
4.8105 -1.7812 29.4674 125 210 20 0.705
-0.9528 3.1706 19.5320 46 202 46 0.815
0.2036 3.1437 19.4686 43 205 43 0.826
-1.7180 3.1279 19.6304 32 214 32 0.870
1.8245 -2.7696 29.2060 109 214 20 0.749
2.8712 3.1690 19.2653 35 211 35 0.859
-1.6866 -3.0474 28.2022 133 208 20 0.683
-2.0748 -2.0716 28.1142 125 210 20 0.705
-1.4948 -1.2682 29.2507 100 217 20 0.771
-7.3248 -2.0478 31.9569 29 216 29 0.881
7.6983 0.6761 29.3630 46 202 46 0.815
2.9057 -0.0083 30.0800 7 233 7 0.969
-5.6450 -3.4438 28.4689 125 210 20 0.705
-5.3590 3.3108 19.3481 100 217 20 0.771
1.6180 -3.3063 28.6382 133 208 20 0.683
-3.4243 3.1366 19.7115 24 220 24 0.903
-4.9562 1.2632 28.7868 96 218 20 0.782
0.9038 -3.7283 28.9737 138 207 20 0.672
7.8151 -1.6761 29.0470 125 210 20 0.705
3.4927 -3.9587 28.2246 92 219 20 0.793
2.1666 0.7416 29.7861 10 231 10 0.958
2.0061 3.3277 18.5897 129 209 20 0.694
-6.0095 -0.4498 30.3401 125 210 20 0.705
-1.3519 -2.1005 28.9339 92 219 20 0.793
-5.9506 -0.0073 30.3758 32 214 32 0.870
1.8691 3.1975 19.3279 29 216 29 0.881
-5.0142 3.1962 19.4449 40 207 40 0.837
7.7103 0.5974 29.4275 46 202 46 0.815
-0.3348 -0.6684 29.8966 105 215 20 0.760
3.1150 0.1956 30.1929 4 236 4 0.980
5.3538 3.1107 19.4882 10 231 10 0.958
5.2165 -0.7567 29.8709 138 207 20 0.672
3.3438 3.1321 19.6098 38 209 38 0.848
2.7734 -0.1277 29.8765 46 202 46 0.815
4.7396 3.1417 19.3800 32 214 32 0.870
-5.4347 0.5100 30.2148 4 236 4 0.980
-6.4763 0.7741 29.9559 4 236 4 0.980
-1.1426 3.2037 19.1554 117 212 20 0.727
5.2187 0.3982 30.3593 38 209 38 0.848
-6.5811 0.1645 30.3856 38 209 38 0.848
3.5766 -3.7093 28.5353 100 217 20 0.771
1.2759 3.1708 19.5703 96 218 20 0.782
5.4878 0.1601 29.6238 133 208 20 0.683
-1.5618 -2.5023 29.1707 100 217 20 0.771
5.6703 -0.5155 30.2022 105 215 20 0.760
-7.7677 -2.3565 31.9295 40 207 40 0.837
2.9283 -2.1188 29.3804 43 205 43 0.826
4.8519 -2.0613 29.5577 113 213 20 0.738
-7.5287 -1.7130 31.9222 26 218 26 0.892
-3.5548 -1.4342 29.6528 113 213 20 0.738
-4.2637 -1.5396 28.9823 100 217 20 0.771
-7.8570 -1.3906 31.8968 4 236 4 0.980
-4.0625 3.0827 18.5117 138 207 20 0.672
-4.0987 -1.0898 29.0577 109 214 20 0.749
3.1995 -1.1251 30.3969 117 212 20 0.727
2.2280 -0.2352 30.1681 29 216 29 0.881
2.7102 0.2946 30.2527 4 236 4 0.980
7.4944 0.5318 29.5262 92 219 20 0.793
4.5496 3.2582 18.7583 129 209 20 0.694
7.6364 0.5911 29.3145 43 205 43 0.826
-2.6294 1.0283 29.7615 13 229 13 0.947
-2.5546 1.0391 29.5952 29 216 29 0.881
1.3675 0.9280 28.0249 125 210 20 0.705
3.3420 3.3077 18.6833 121 211 20 0.716
4.8632 1.0185 29.3235 113 213 20 0.738
-4.5187 3.2666 18.9811 96 218 20 0.782
-6.1042 1.3067 28.8894 105 215 20 0.760
0.4191 3.1602 19.3685 92 219 20 0.793
-5.7941 1.3385 28.6262 35 211 35 0.859
0.9927 3.1868 19.3206 48 200 48 0.804
-0.8590 1.3171 28.4875 29 216 29 0.881
7.4820 1.1525 28.5766 96 218 20 0.782
3.4885 3.0972 19.3574 29 216 29 0.881
2.2889 3.1555 19.4946 32 214 32 0.870
5.7805 3.1349 19.7876 109 214 20 0.749
6.3271 0.5159 30.1896 35 211 35 0.859
-4.8729 3.2084 19.6862 105 215 20 0.760
2.7281 3.1513 19.4959 40 207 40 0.837
-4.4231 3.2032 19.5278 113 213 20 0.738
-7.6421 -0.8881 31.5574 32 214 32 0.870
-0.6174 3.1288 19.6043 92 219 20 0.793
4.0359 3.1848 19.7255 46 202 46 0.815
1.4693 -0.9478 30.9357 142 206 20 0.661
-5.8014 -1.4887 28.9641 38 209 38 0.848
-6.0888 -0.8429 29.9954 109 214 20 0.749
-1.0039 3.1330 19.6537 96 218 20 0.782
-1.1828 0.7186 30.1919 4 236 4 0.980
7.3488 0.8602 29.5141 46 202 46 0.815
-5.3855 1.2302 28.9982 48 200 48 0.804
-3.0515 -4.1261 28.1724 125 210 20 0.705
-7.5029 -2.7360 32.4582 96 218 20 0.782
-4.9796 0.5702 30.0565 4 236 4 0.980
-4.7655 3.1267 19.3182 38 209 38 0.848
4.0429 3.1213 19.5600 21 222 21 0.914
-0.3199 -2.1855 29.2472 142 206 20 0.661
-7.0094 0.3255 29.8106 4 236 4 0.980
-2.2383 0.4051 30.4854 46 202 46 0.815
2.6954 0.9226 27.9649 138 207 20 0.672
-0.5152 -2.9859 29.0677 43 205 43 0.826
-1.8678 1.0380 29.4519 46 202 46 0.815
-0.8580 -3.0395 29.0863 40 207 40 0.837
3.2949 0.9167 29.6782 4 236 4 0.980
4.5462 0.2119 30.6546 121 211 20 0.716
-3.5167 3.1859 19.3202 7 233 7 0.969
-0.6471 -3.3957 28.9343 109 214 20 0.749
-1.0533 3.1496 19.3638 46 202 46 0.815
-3.5886 -3.8660 28.0711 113 213 20 0.738
-2.5447 -3.6106 29.0320 125 210 20 0.705
-3.7722 3.2979 19.1921 38 209 38 0.848
-7.6189 -1.7711 32.0194 24 220 24 0.903
-0.4166 -1.5503 29.2907 109 214 20 0.749
-4.9163 -1.3421 28.5610 109 214 20 0.749
4.4617 3.1366 19.7095 46 202 46 0.815
0.7304 -0.9801 30.4153 100 217 20 0.771
-7.0939 -0.3581 32.6602 138 207 20 0.672
-3.2483 3.1722 19.4826 4 236 4 0.980
5.3415 0.2044 29.9257 21 222 21 0.914
6.7012 0.1670 30.1238 18 225 18 0.925
4.0951 0.5136 29.9643 24 220 24 0.903
5.6379 0.3806 30.1809 4 236 4 0.980
3.1098 1.1873 28.6036 100 217 20 0.771
-2.2743 1.3623 28.1723 105 215 20 0.760
-1.7090 1.2667 28.2139 92 219 20 0.793
7.3843 1.2625 28.4488 117 212 20 0.727
-4.8813 3.1273 19.6510 105 215 20 0.760
-3.4589 3.2196 19.2235 10 231 10 0.958
-1.6746 3.1799 19.7032 48 200 48 0.804
-0.4562 3.1642 19.4853 46 202 46 0.815
-0.3994 3.1460 19.3530 38 209 38 0.848
0.0923 3.1566 19.4135 32 214 32 0.870
1.3000 3.1571 19.5117 46 202 46 0.815
1.7866 3.1533 19.3984 24 220 24 0.903
2.9402 3.1493 19.4233 18 225 18 0.925
3.3633 3.1814 19.7270 96 218 20 0.782
-2.3983 -3.2273 28.8972 117 212 20 0.727
3.7070 3.1648 19.3615 26 218 26 0.892
-4.8106 3.2603 18.9478 46 202 46 0.815
-1.1400 0.4763 30.3377 46 202 46 0.815
7.7174 0.4409 30.3448 32 214 32 0.870
-0.7856 3.1772 19.3611 43 205 43 0.826
-2.0820 3.2634 18.7109 133 208 20 0.683
-0.2914 3.1655 19.4236 35 211 35 0.859
-7.7707 -0.6948 31.0813 92 219 20 0.793
0.1470 3.1581 19.3374 35 211 35 0.859
3.0899 3.1614 19.2860 43 205 43 0.826
3.5062 -3.4747 28.8809 29 216 29 0.881
-0.7849 -2.8433 29.1877 38 209 38 0.848
-6.5770 -0.0603 31.4675 133 208 20 0.683
8.1447 0.3203 30.2901 100 217 20 0.771
5.1917 1.1398 28.9128 4 236 4 0.980
-4.4381 3.1908 19.4472 105 215 20 0.760
-7.6401 0.1449 29.7371 16 227 16 0.936
-1.5571 3.1301 19.6460 46 202 46 0.815
-1.2774 3.1352 19.6355 100 217 20 0.771
-0.6709 3.1253 19.5523 46 202 46 0.815
0.2565 3.1264 19.5061 96 218 20 0.782
1.5209 3.1289 19.5912 100 217 20 0.771
3.8385 3.2991 18.3191 142 206 20 0.661
3.6256 3.1322 19.6884 92 219 20 0.793
3.4548 3.1390 19.6701 46 202 46 0.815
4.8932 3.1307 19.6428 38 209 38 0.848
-3.6338 -3.5465 28.5647 109 214 20 0.749
5.7674 3.1260 19.6190 92 219 20 0.793
5.6439 3.1883 19.1703 105 215 20 0.760
-7.7683 -1.4696 31.9376 4 236 4 0.980
1.7514 0.0953 29.9823 96 218 20 0.782
0.0906 3.1285 19.5681 48 200 48 0.804
-4.4983 0.5387 30.3087 4 236 4 0.980
-1.3780 -1.0659 28.8984 113 213 20 0.738
-2.3074 3.1722 19.1195 125 210 20 0.705
3.8985 1.0463 29.7407 13 229 13 0.947
7.4653 0.8976 28.7922 92 219 20 0.793
3.6139 3.1298 19.4210 18 225 18 0.925
5.5891 3.2108 19.1606 109 214 20 0.749
-3.4212 -1.3866 30.0497 35 211 35 0.859
3.6744 2.9713 19.0013 105 215 20 0.760
2.2181 -1.8234 29.2756 46 202 46 0.815
4.3724 -2.6704 28.7925 10 231 10 0.958
1.6356 0.2394 30.3400 38 209 38 0.848
2.3552 3.1464 19.3104 40 207 40 0.837
5.4488 3.0871 19.3340 7 233 7 0.969
2.6256 -3.7726 28.1842 125 210 20 0.705
5.5479 -2.9429 29.1433 92 219 20 0.793
5.7084 -1.6891 29.9757 105 215 20 0.760
-6.2777 -1.4601 29.1064 96 218 20 0.782
-5.9589 0.4587 30.1266 4 236 4 0.980
5.4405 1.1969 28.8710 4 236 4 0.980
-4.3671 0.7595 29.8331 4 236 4 0.980
3.7121 -4.2697 28.3119 105 215 20 0.760
-6.9164 -0.3219 30.4187 133 208 20 0.683
-7.0661 0.3007 29.8428 4 236 4 0.980
-7.1691 0.5032 30.0709 4 236 4 0.980
5.7851 0.4772 29.9862 40 207 40 0.837
-0.0344 -0.9178 29.8702 40 207 40 0.837
3.8033 -1.0024 29.5085 38 209 38 0.848
-0.4985 0.3741 30.5735 46 202 46 0.815
3.4598 3.2475 18.8588 121 211 20 0.716
-3.5701 -4.3248 27.9720 117 212 20 0.727
-7.1819 -2.3847 33.3616 125 210 20 0.705
-6.0946 0.6432 30.0357 4 236 4 0.980
-5.4288 1.3713 28.0545 129 209 20 0.694
2.5752 0.7501 29.8704 35 211 35 0.859
0.1762 -2.5208 28.6506 142 206 20 0.661
6.8635 1.0298 29.1767 133 208 20 0.683
3.4963 -3.2362 28.8047 21 222 21 0.914
-4.4239 1.2978 28.4011 35 211 35 0.859
-3.6085 -3.9454 28.1987 96 218 20 0.782
3.0552 -3.9523 28.4489 105 215 20 0.760
5.4508 -2.6238 28.6078 32 214 32 0.870
0.4296 -2.5443 29.3045 125 210 20 0.705
4.6087 -2.6500 28.8765 4 236 4 0.980
-1.1297 -2.0313 29.3943 125 210 20 0.705
-7.9147 -0.8506 31.2306 40 207 40 0.837
2.3945 -0.2721 29.9928 21 222 21 0.914
-6.4702 1.3749 28.1231 133 208 20 0.683
-0.0155 3.1500 19.3998 32 214 32 0.870
-1.6144 3.2303 18.6550 142 206 20 0.661
2.2127 3.2693 18.5861 125 210 20 0.705
3.8491 3.1780 19.1668 38 209 38 0.848
-6.8747 0.6926 29.2847 133 208 20 0.683
-4.8782 1.0369 30.2135 117 212 20 0.727
-8.0538 -1.7096 31.8811 26 218 26 0.892
-7.9551 -1.5438 31.5274 109 214 20 0.749
-2.7678 -1.2621 29.4240 125 210 20 0.705
-6.6503 0.1193 29.9086 4 236 4 0.980
-6.8541 0.2583 29.8993 4 236 4 0.980
5.6258 0.4854 29.9190 32 214 32 0.870
7.2127 0.8236 29.7866 32 214 32 0.870
-5.2954 3.1801 19.4174 43 205 43 0.826
-7.7014 -0.8502 31.2108 38 209 38 0.848
-4.7154 3.1893 19.4677 32 214 32 0.870
-3.5328 3.1387 19.7454 35 211 35 0.859
-8.0119 -1.2523 31.6999 40 207 40 0.837
4.4431 -1.7247 29.8448 113 213 20 0.738
-2.8061 3.1238 19.5655 18 225 18 0.925
0.9603 3.1792 18.9296 133 208 20 0.683
0.3524 -2.5301 29.3847 125 210 20 0.705
8.3690 0.2594 30.5879 96 218 20 0.782
-3.8456 0.6312 29.9419 24 220 24 0.903
-4.6742 3.2719 18.9099 48 200 48 0.804
-0.0932 3.1450 19.4642 38 209 38 0.848
7.4832 0.0664 30.4523 46 202 46 0.815
-2.8927 3.2300 19.1796 48 200 48 0.804
-3.1250 1.0764 29.3820 117 212 20 0.727
2.0277 3.3551 18.8397 121 211 20 0.716
-4.6470 3.2540 18.9175 48 200 48 0.804
1.8035 3.1871 19.2018 35 211 35 0.859
-3.4745 -1.1361 30.3907 92 219 20 0.793
-0.7884 3.2013 18.7257 142 206 20 0.661
2.4727 -2.7300 29.3194 109 214 20 0.749
6.2042 0.6271 30.1063 46 202 46 0.815
5.1669 1.0705 29.0231 32 214 32 0.870
-2.4735 -3.5975 28.9082 113 213 20 0.738
0.2942 -2.5568 29.1875 125 210 20 0.705
-0.2700 -1.8177 28.6449 133 208 20 0.683
4.5737 -2.2203 28.8582 4 236 4 0.980
-7.6230 -1.8938 31.8597 10 231 10 0.958
-5.0909 -1.0594 29.3252 109 214 20 0.749
-4.9907 1.3815 28.3392 113 213 20 0.738
-7.5830 0.1235 29.8576 4 236 4 0.980
6.9082 0.2094 30.2823 46 202 46 0.815
3.1256 3.2798 18.6873 121 211 20 0.716
-5.9358 0.6824 29.8216 4 236 4 0.980
-4.5581 1.0064 29.9003 18 225 18 0.925
7.2579 0.8958 29.7463 38 209 38 0.848
-2.9747 1.2636 28.5031 105 215 20 0.760
-1.8898 1.2803 28.6120 105 215 20 0.760
3.7278 1.2966 28.2998 96 218 20 0.782
-4.8132 3.2377 18.9776 43 205 43 0.826
-3.0878 3.1711 19.5401 10 231 10 0.958
-3.0031 3.2091 19.3117 29 216 29 0.881
-1.7179 3.1612 19.5612 26 218 26 0.892
-1.2189 3.1524 19.4195 92 219 20 0.793
-1.2161 3.1479 19.3819 96 218 20 0.782
-1.2471 3.2072 19.2110 117 212 20 0.727
-0.7074 3.1792 19.1147 121 211 20 0.716
4.9956 3.1235 19.6062 32 214 32 0.870
3.8033 3.1328 19.4007 21 222 21 0.914
3.9800 3.2007 19.9149 125 210 20 0.705
3.9059 3.1417 19.2801 26 218 26 0.892
5.3531 3.1622 19.5015 10 231 10 0.958
5.1501 3.1880 18.8903 117 212 20 0.727
-3.6427 -3.3689 27.6654 125 210 20 0.705
2.4108 -3.3718 29.3985 142 206 20 0.661
-7.6983 -2.6338 32.5779 35 211 35 0.859
-7.2342 -2.3290 32.9463 35 211 35 0.859
-5.5065 0.3768 30.5134 24 220 24 0.903
7.7191 0.4041 29.0639 117 212 20 0.727
-0.4568 3.1684 19.5279 46 202 46 0.815
-0.1255 3.1604 19.2320 43 205 43 0.826
1.9475 3.1547 19.2995 24 220 24 0.903
2.6339 3.2091 18.6650 142 206 20 0.661
-3.5965 3.1437 19.7811 40 207 40 0.837
-2.9274 3.1381 19.7038 38 209 38 0.848
-0.9020 3.1336 19.6500 92 219 20 0.793
1.9676 3.1851 19.1162 40 207 40 0.837
5.0999 3.1199 19.5770 16 227 16 0.936
1.9378 3.2374 19.0654 48 200 48 0.804
7.3849 -1.9827 29.5039 138 207 20 0.672
-1.0960 -0.9948 30.4219 109 214 20 0.749
-4.7124 3.3245 18.6323 113 213 20 0.738
3.1488 -4.0045 28.7843 113 213 20 0.738
-8.2090 -2.5060 32.3212 142 206 20 0.661
3.0397 -2.1403 29.2277 46 202 46 0.815
-8.0440 -1.7959 31.9067 32 214 32 0.870
-8.0729 -1.3679 31.8797 35 211 35 0.859
-7.9502 -1.5060 31.6887 21 222 21 0.914
-7.9612 -0.8546 31.1901 48 200 48 0.804
-7.3333 -0.1598 28.9267 138 207 20 0.672
2.1111 0.0890 29.8123 38 209 38 0.848
-4.7026 0.8710 29.9777 4 236 4 0.980
-3.5064 1.2449 28.9147 96 218 20 0.782
6.2812 0.9701 28.6376 121 211 20 0.716
-4.3571 3.1627 19.4757 121 211 20 0.716
-3.4305 3.3227 18.8083 138 207 20 0.672
2.9352 3.3330 18.5635 129 209 20 0.694
-8.0373 -2.3003 31.9733 113 213 20 0.738
-6.1296 -1.1940 28.6801 96 218 20 0.782
-5.0950 -0.9022 29.7027 117 212 20 0.727
-8.1586 -1.6767 32.0910 48 200 48 0.804
-7.8433 -1.2393 31.4663 46 202 46 0.815
5.9030 3.1333 19.6959 113 213 20 0.738
-7.9468 -1.6228 31.5780 105 215 20 0.760
4.1739 1.1348 28.9260 24 220 24 0.903
2.4408 3.2191 18.3876 138 207 20 0.672
4.6521 -1.5810 29.7166 105 215 20 0.760
7.9162 -1.7891 29.0932 129 209 20 0.694
8.1464 -0.9853 30.1083 138 207 20 0.672
4.6510 3.2112 19.0145 117 212 20 0.727
-1.5074 -1.6850 29.2948 117 212 20 0.727
-4.3886 1.2791 28.7864 46 202 46 0.815
-0.4194 3.3033 18.5635 142 206 20 0.661
4.3379 -4.0072 28.5039 38 209 38 0.848
5.6258 -2.1423 29.0615 32 214 32 0.870
-0.2452 -1.0181 28.9746 121 211 20 0.716
5.1970 -0.8140 29.6980 138 207 20 0.672
8.5236 0.3855 30.8151 129 209 20 0.694
-5.2441 0.6524 30.1513 4 236 4 0.980
4.7259 3.3682 18.2836 142 206 20 0.661
2.3138 -3.6026 28.1840 138 207 20 0.672
-7.5973 -0.0849 30.1588 105 215 20 0.760
6.4584 0.8263 28.5480 138 207 20 0.672
-0.4922 1.0147 29.6885 13 229 13 0.947
8.2320 0.3565 30.3806 109 214 20 0.749
-7.3179 0.2654 29.9442 4 236 4 0.980
-5.4955 3.2326 19.4383 109 214 20 0.749
-7.6938 0.4249 30.1652 32 214 32 0.870
-7.6830 0.4254 30.1203 16 227 16 0.936
6.1919 0.3940 30.1307 26 218 26 0.892
5.4507 -2.3175 28.8826 4 236 4 0.980
-5.7759 -0.7339 30.2069 113 213 20 0.738
-7.1681 -0.2172 30.0581 35 211 35 0.859
2.2069 -1.9183 29.2809 43 205 43 0.826
-7.5979 -0.6414 29.4719 138 207 20 0.672
7.5463 1.0638 28.9628 96 218 20 0.782
0.8800 0.0221 30.2279 121 211 20 0.716
-6.5796 0.1594 29.8318 13 229 13 0.947
-5.9061 -0.4260 29.9366 100 217 20 0.771
-5.1640 0.2333 30.1620 26 218 26 0.892
0.1803 0.7761 29.8329 4 236 4 0.980
-1.2740 -2.1384 29.4222 230 128 30 0.240
-4.9852 -1.7016 27.8814 230 157 30 0.330
4.1791 1.4405 28.2407 230 138 30 0.272
-4.3835 3.4912 19.3041 230 114 30 0.197
-5.1771 -2.9377 29.6717 230 118 30 0.210
-7.4253 1.1141 28.7655 230 104 30 0.168
8.0150 0.5410 29.4897 230 130 30 0.249
5.0843 -4.2863 28.4193 230 140 30 0.277
-7.2805 -0.2814 29.7080 230 146 30 0.296
-6.5915 -1.6881 31.3400 230 101 30 0.158
-2.3231 3.6829 18.7856 230 144 30 0.290
-7.1245 1.0910 29.0493 230 157 30 0.330
-3.8551 0.9637 28.4022 230 145 30 0.292
-3.3508 -0.7847 28.5766 230 110 30 0.186
1.5596 -4.2074 28.8079 230 163 30 0.348
7.9011 0.5732 31.2237 230 99 30 0.151
-2.8314 -1.6427 29.0581 230 114 30 0.198
2.7900 -1.9131 28.0508 230 116 30 0.204
-6.9843 0.8267 28.8553 230 135 30 0.264
1.0805 -1.4677 28.2381 230 153 30 0.317
-0.3729 -1.3008 28.9036 230 103 30 0.166
-6.8428 -2.2492 28.6335 230 112 30 0.192
3.3869 1.5448 28.6426 230 121 30 0.220
8.4879 -0.6373 30.1213 230 134 30 0.261
3.5080 -0.5427 29.4403 230 136 30 0.267
-7.9028 -0.9847 31.7569 230 136 30 0.265
-7.6034 -0.0001 28.8363 230 109 30 0.183
-3.7095 -2.3215 27.9989 230 126 30 0.234
-7.7164 -1.0432 29.2479 230 120 30 0.215
-7.4425 -0.2960 31.2441 230 143 30 0.288
-0.3767 -0.5355 29.0150 230 161 30 0.344
2.1066 -2.4641 29.2136 230 115 30 0.202
1.8646 1.4619 29.0459 230 125 30 0.233
-3.5785 2.8794 18.3982 230 135 30 0.263
-6.7494 -0.2059 30.3638 230 103 30 0.164
-2.6889 -0.3153 31.4753 230 102 30 0.160
-6.7995 -2.4461 30.0054 230 135 30 0.262
2.3815 0.9441 29.5925 230 137 30 0.269
-4.1595 -0.9634 29.0710 230 161 30 0.343
-4.8183 1.0695 28.9971 230 152 30 0.314
0.3112 -2.8814 27.7064 230 137 30 0.271
-3.4424 -2.6982 28.2029 230 108 30 0.180
-1.4953 -1.9489 28.7178 230 140 30 0.279
2.6281 0.2715 29.9799 230 133 30 0.257
2.8627 -1.2476 29.2397 230 148 30 0.302
-6.8774 0.9392 28.8432 230 113 30 0.196
4.0909 -3.4122 28.4130 230 153 30 0.320
6.5548 -1.9401 31.0294 230 110 30 0.185
-2.2704 -2.5906 29.3094 230 100 30 0.156
6.4696 1.1077 28.6265 230 99 30 0.152
-6.2568 -2.4015 28.2439 230 132 30 0.253
-2.3330 -1.8736 29.3783 230 156 30 0.326
-5.6055 -0.3302 29.7452 230 152 30 0.315
3.0157 -0.7115 30.3442 230 146 30 0.297
-2.0896 -3.6391 27.3715 230 102 30 0.162
-3.5830 -1.3554 29.3827 230 99 30 0.152
2.1714 1.6391 28.0122 230 101 30 0.159
-2.7248 -0.0883 30.0555 230 138 30 0.272
-6.3794 -1.8043 30.4977 230 109 30 0.182
5.0639 -2.5849 28.3498 230 138 30 0.274
0.4990 -1.3424 28.2629 230 114 30 0.198
3.5222 -3.5266 28.3079 230 118 30 0.210
0.9196 0.3755 30.4087 230 105 30 0.170
-3.5216 -3.4172 27.8836 230 125 30 0.232
-3.9539 1.0637 29.8716 230 150 30 0.308
4.0605 0.6194 31.5568 230 101 30 0.160
-2.5035 -0.6356 29.6152 230 156 30 0.329
1.3477 -0.1157 30.2159 230 101 30 0.158
0.0997 -1.9720 28.6150 230 120 30 0.217
2.8269 1.2509 29.0354 230 155 30 0.325
3.2158 -3.5726 27.8193 230 159 30 0.336
-3.2407 -3.8150 27.6424 230 119 30 0.215
-6.5850 -4.1624 28.2991 230 154 30 0.322
4.7981 -1.9319 29.3538 230 145 30 0.292
-4.4675 -2.4322 28.3491 230 115 30 0.203
-6.9648 -1.9949 30.0527 230 146 30 0.297
-1.7256 -2.9784 27.8760 230 132 30 0.253
0.2683 -2.8037 27.9664 230 141 30 0.282
-6.4915 -2.9667 28.4525 230 135 30 0.262
2.6729 1.2879 28.3515 230 115 30 0.201
-1.3038 0.9746 28.8633 230 161 30 0.344
-2.1752 -4.0034 28.2572 230 138 30 0.273
0.2006 -2.1298 27.5028 230 134 30 0.261
1.9949 1.2903 28.2484 230 118 30 0.210
-4.8767 -1.5609 28.1341 230 161 30 0.344
-0.5276 -0.8360 30.4472 230 157 30 0.331
-3.8610 -2.0254 29.1673 230 163 30 0.349
-0.0632 -1.0810 28.6954 230 117 30 0.208
7.7764 1.0655 29.1866 230 153 30 0.318
0.2028 -2.2851 27.8817 230 107 30 0.177
3.9831 1.5743 27.5831 230 98 30 0.150
0.3147 -2.2510 29.0333 230 115 30 0.203
-5.9270 -3.6896 28.1650 230 134 30 0.259
4.8027 -4.3275 28.0192 230 143 30 0.288
8.3407 -0.9352 29.6994 230 130 30 0.248
3.1871 -0.2904 29.2343 230 148 30 0.302
5.3198 -0.7385 30.1403 230 123 30 0.227
-0.7101 -0.2699 29.9088 230 121 30 0.221
-2.6998 -3.8312 28.4391 230 116 30 0.205
-5.1900 -0.5303 29.2784 230 131 30 0.251
1.2596 -1.2145 28.6080 230 126 30 0.235
-7.4666 -0.2909 32.0604 230 141 30 0.282
-0.4043 -0.6593 30.3557 230 146 30 0.296
-6.0201 -2.8562 27.7444 230 130 30 0.248
3.2694 -0.8122 30.7101 230 103 30 0.163
-6.3114 0.7552 29.6107 230 118 30 0.212
-2.9964 -0.7921 30.9772 230 99 30 0.153
-1.0156 2.7207 19.2088 230 141 30 0.282
-1.8861 -2.8182 28.1056 230 152 30 0.316
-4.3898 2.9323 18.4733 230 143 30 0.287
-7.7166 -0.4701 31.1874 230 101 30 0.160
-1.0015 -1.5537 29.3136 230 155 30 0.325
4.3702 -0.9277 30.5010 230 124 30 0.228
-0.1566 -2.7852 28.3270 230 116 30 0.204
-4.9629 -0.9938 29.0459 230 139 30 0.276
1.5390 1.1535 28.2585 230 103 30 0.164
3.1733 0.9177 27.9245 230 130 30 0.248
-3.2129 -0.7614 29.5444 230 132 30 0.253
2.4846 1.7378 29.2837 230 107 30 0.176
7.5792 -1.1899 29.2935 230 137 30 0.269
2.5578 0.9934 29.4209 230 158 30 0.334
5.2457 -1.5848 28.5621 230 130 30 0.246
3.5335 -4.1698 29.3878 230 114 30 0.197
2.9689 -0.7492 30.4635 230 127 30 0.238
5.6190 3.4186 19.1962 230 160 30 0.339
6.5645 0.7191 30.4527 230 132 30 0.253
-4.7724 0.0843 29.4614 230 133 30 0.257
-4.6196 -4.7482 26.9684 230 126 30 0.237
7.3421 -1.6344 29.8187 230 155 30 0.326
-2.4249 -2.3294 27.9662 230 155 30 0.324
-4.3200 -0.9439 30.0234 230 153 30 0.319
-2.1801 -0.1794 29.0645 230 155 30 0.324
2.3277 1.1706 27.7008 230 142 30 0.283
-5.6102 -3.2600 28.5470 230 128 30 0.242
-1.7702 -1.1296 30.7624 230 155 30 0.325
0.9117 -2.8916 29.0340 230 114 30 0.199
2.5512 3.5169 18.5435 230 131 30 0.249
-2.0292 -3.6682 27.4505 230 111 30 0.191
7.6862 1.2324 28.8178 230 128 30 0.241
-6.4756 -1.9433 30.8488 230 145 30 0.293
1.9454 -3.7944 29.2108 230 123 30 0.225
0.5676 -1.1327 29.2252 230 138 30 0.273
8.0079 -2.0229 28.9706 230 113 30 0.194
-2.2238 2.8795 19.0816 230 126 30 0.237
-3.7100 -1.3407 29.6284 230 148 30 0.304
-6.5306 1.3328 28.6035 230 135 30 0.263
-7.4457 -0.3730 30.7461 230 133 30 0.258
1.7052 -0.9739 30.7066 230 98 30 0.150
2.0236 1.5308 27.3594 230 112 30 0.193
4.9533 -3.8294 28.3764 230 128 30 0.242
-3.6905 -4.0629 27.1921 230 117 30 0.206
8.0459 0.0012 29.6234 230 103 30 0.164
-5.0185 3.3551 18.7620 230 114 30 0.199
2.7664 -1.9128 29.5955 230 111 30 0.188
2.5860 -0.7981 30.6313 230 160 30 0.339
-2.1251 -3.1178 27.6575 230 130 30 0.248
-3.6650 -2.3470 27.7427 230 132 30 0.255
-7.3586 0.9894 28.9884 230 118 30 0.211
5.2268 -3.7337 28.6896 230 115 30 0.201
8.3504 0.0622 30.2156 230 142 30 0.284
2.9818 -4.0980 28.0786 230 117 30 0.208
2.3769 -1.5898 28.5411 230 118 30 0.211
-4.7079 1.2928 28.9994 230 121 30 0.219
5.2707 -2.0787 30.4200 230 131 30 0.251
-0.8076 -1.3236 28.9297 230 141 30 0.283
-3.2711 -1.3194 29.8158 230 138 30 0.274
2.8145 -3.4341 29.1384 230 156 30 0.328
6.4158 -2.1720 29.5856 230 120 30 0.217
4.9699 3.0387 18.9162 230 108 30 0.181
0.7215 -1.2958 29.1621 230 161 30 0.343
-0.4257 -1.6997 29.4296 230 110 30 0.186
3.3659 3.6318 18.5726 230 150 30 0.308
-6.3407 -2.5011 30.1196 230 122 30 0.222
-1.6526 -1.6873 28.7987 230 144 30 0.291
-7.0719 1.1430 28.8908 230 104 30 0.167
6.3723 0.8520 29.8459 230 147 30 0.300
0.7676 -3.4692 29.2735 230 106 30 0.173
-6.0065 -1.8509 29.9876 230 141 30 0.281
5.1920 -1.3662 30.5709 230 98 30 0.150
-1.6598 -0.5597 28.7116 230 114 30 0.200
-3.6664 -2.1458 28.4675 230 163 30 0.349
-7.2871 -0.5409 28.6853 230 121 30 0.221
-2.2016 -2.8044 28.9900 230 99 30 0.152
-3.5320 -1.5650 29.0364 230 154 30 0.322
-5.7010 -0.5670 29.5859 230 129 30 0.244
1.0564 0.2767 31.0993 230 118 30 0.209
2.3701 1.0225 27.6114 230 145 30 0.294
-0.0377 -2.4785 29.9455 230 131 30 0.251
-5.7767 -2.8282 29.0695 230 125 30 0.232
4.6333 -0.0364 30.5431 230 105 30 0.172
0.5550 -2.5691 29.0131 230 119 30 0.214
-0.5043 -0.8368 31.1518 230 143 30 0.288
-4.4166 -1.0017 28.2416 230 128 30 0.241
0.0991 -2.6180 29.8681 230 124 30 0.230
-1.1036 1.4476 26.9478 230 158 30 0.334
2.6968 -1.6687 29.6748 230 136 30 0.267
-7.1372 -1.6533 30.9197 230 108 30 0.181
5.2778 -3.8400 28.8144 230 157 30 0.332
-0.9938 -3.5690 27.0574 230 123 30 0.228
-7.6072 0.9538 29.2640 230 126 30 0.235
-7.1360 -2.2341 30.5125 230 147 30 0.299
-0.6249 3.0953 19.2110 230 118 30 0.211
-4.9363 2.7605 18.4218 230 127 30 0.238
-0.4407 0.2596 29.9690 230 127 30 0.239
-2.3514 -3.6679 27.1771 230 134 30 0.258
5.4569 -3.2980 29.9676 230 161 30 0.342
-0.4442 -0.8117 29.5773 230 121 30 0.221
-2.1028 -3.8145 27.5843 230 143 30 0.287
-6.2332 -2.4623 30.3098 230 100 30 0.155
5.9871 -0.7038 30.2229 230 158 30 0.334
-1.0717 -2.7252 28.0255 230 105 30 0.170
-2.4359 -1.1972 28.8737 230 123 30 0.225
-7.7476 -3.1353 33.2033 230 124 30 0.231
2.9586 -1.1092 29.7873 230 159 30 0.336
3.1835 -3.7377 27.9877 230 163 30 0.348
1.3670 -3.1475 28.3219 230 145 30 0.294
1.2783 -2.3071 29.0429 230 147 30 0.300
-1.8610 1.2692 28.9642 230 125 30 0.233
-0.9088 -1.8690 29.4012 230 116 30 0.206
-8.1776 -0.4057 31.7756 230 114 30 0.199
2.4707 0.7514 27.7777 230 116 30 0.203
-0.6094 1.4579 27.5250 230 141 30 0.280
-7.4147 -0.3657 31.2447 230 106 30 0.174
-5.8345 -3.1910 28.2664 230 158 30 0.333
5.7526 -2.5219 27.8023 230 104 30 0.167
-2.1404 -0.4261 31.0240 230 138 30 0.274
-3.3180 1.4280 28.5667 230 151 30 0.311
-1.2698 -1.8248 29.4261 230 161 30 0.344
-1.0486 0.3873 30.6431 230 123 30 0.225
4.5189 -1.8067 29.5214 230 143 30 0.288
-6.6516 -2.6187 32.3590 230 115 30 0.203
8.3615 -1.7262 28.9069 230 162 30 0.346
0.4647 -1.0589 5.7435 230 123 30 0.227
-1.5718 -1.8266 29.2961 230 130 30 0.247
8.0370 -1.7775 29.9997 230 158 30 0.335
-1.3326 -1.7688 29.2628 230 138 30 0.273
-3.5640 -1.1684 29.0892 230 143 30 0.287
4.7634 3.4519 18.5422 230 101 30 0.159
2.0511 1.2796 29.3643 230 154 30 0.323
2.4500 0.7130 28.8721 230 136 30 0.265
-1.6444 -0.2369 28.9191 230 107 30 0.177
-8.0236 -2.5585 32.9546 230 123 30 0.226
1.6784 1.3226 27.6120 230 111 30 0.189
-0.9611 -2.7909 29.6788 230 109 30 0.183
-4.5551 -1.6370 29.5457 230 127 30 0.240
5.0661 -2.3486 28.5144 230 117 30 0.209
0.0381 -3.3737 27.5185 230 144 30 0.291
-6.6950 -0.0210 31.2905 230 162 30 0.346
1.5714 -3.9941 28.4328 230 112 30 0.192
-2.3345 -3.8245 27.8327 230 113 30 0.196
-3.5034 -2.2475 28.5179 230 158 30 0.335
8.1600 -1.1832 29.8136 230 124 30 0.229
4.9827 -2.8780 27.5813 230 130 30 0.247
0.2993 -2.3604 27.4774 230 117 30 0.208
-5.5162 -2.5016 29.5853 230 139 30 0.274
-6.2143 0.8616 28.9169 230 110 30 0.185
0.3618 -1.8925 29.6911 230 149 30 0.307
-6.7853 -2.2463 29.3474 230 159 30 0.336
-4.1676 -1.5906 29.4754 230 125 30 0.231
5.3222 -2.7616 30.4715 230 160 30 0.341
-2.0172 -1.9225 27.8297 230 126 30 0.235
-0.2851 -2.0337 28.5052 230 129 30 0.243
5.1349 -2.2689 29.4031 230 159 30 0.336
2.3906 0.5144 29.3127 230 125 30 0.231
1.9264 -3.1598 28.6912 230 110 30 0.187
-6.7417 -2.0433 29.6493 230 104 30 0.167
4.1488 -4.4914 28.0489 230 125 30 0.233
5.6141 -1.0771 30.1650 230 129 30 0.245
-2.4606 -3.7967 28.9277 230 113 30 0.195
1.4217 -1.0370 29.5873 230 100 30 0.154
4.8432 -1.2760 29.5325 230 117 30 0.208
3.0321 -3.1920 30.2475 230 131 30 0.252
6.7553 0.8119 28.1113 230 120 30 0.216
-2.0536 2.8867 18.6946 230 154 30 0.323
-1.9258 -0.7216 29.9710 230 161 30 0.344
3.0942 -0.6096 31.1358 230 158 30 0.334
2.2473 -3.0141 28.5578 230 117 30 0.208
5.1518 -3.1056 28.4260 230 136 30 0.265
0.1673 -1.0101 5.6632 230 140 30 0.277
7.8863 1.0775 29.6451 230 116 30 0.205
0.6362 -1.7974 28.4759 230 157 30 0.330
-3.5763 -1.5825 28.5467 230 105 30 0.170
0.7904 -3.4339 29.5549 230 102 30 0.160
-6.0222 2.9052 19.7247 230 138 30 0.274
-7.2693 0.0269 28.9377 230 154 30 0.321
5.5036 -2.5107 27.8253 230 127 30 0.237
-7.1465 -0.5245 31.9122 230 136 30 0.267
0.6711 -2.5674 28.3202 230 158 30 0.333
4.8907 -1.6354 29.2982 230 153 30 0.318
4.1892 0.0379 31.6598 230 130 30 0.248
-6.4731 0.2697 31.5332 230 142 30 0.284
0.6217 -0.9728 28.6096 230 108 30 0.180
-7.6760 -0.3058 28.7212 230 128 30 0.241
-0.4650 1.4941 27.2252 230 112 30 0.193
-3.0080 3.1078 18.9939 230 137 30 0.269
-5.9433 -0.8045 30.5505 230 146 30 0.297
0.5091 -0.7026 5.3818 230 151 30 0.312
1.2550 -0.8799 29.0585 230 113 30 0.195
1.5466 -1.4941 29.6074 230 103 30 0.165
-1.3243 0.2192 30.7061 230 146 30 0.296
4.5439 -3.1609 28.0220 230 138 30 0.273
-3.9757 1.6414 28.1324 230 109 30 0.184
3.1668 3.4653 18.4459 230 158 30 0.332
-6.7512 0.6074 29.5688 230 105 30 0.170
-5.7175 -3.8335 27.7096 230 114 30 0.200
-7.0147 -3.2422 33.4642 230 139 30 0.275
-5.8993 -2.5094 29.2355 230 130 30 0.249
-2.6693 2.9781 18.8873 230 131 30 0.250
-6.4930 -2.2673 31.7141 230 116 30 0.203
-0.6719 -0.0110 30.1993 230 159 30 0.338
-0.6327 -2.0104 29.5910 230 108 30 0.180
0.6196 -0.3950 31.4980 230 138 30 0.274
-7.5151 -1.0923 31.3849 230 130 30 0.249
-0.4803 -0.6792 29.9695 230 161 30 0.344
-6.0663 -2.7695 27.8545 230 123 30 0.228
-3.0373 -1.7159 28.5872 230 118 30 0.212
8.1682 0.7142 30.3956 230 159 30 0.336
2.1739 1.1030 29.4734 230 135 30 0.262
-1.3781 -3.7737 28.7755 230 101 30 0.158
-7.4981 1.5860 29.0169 230 130 30 0.246
6.5627 -1.6966 29.2290 230 134 30 0.259
-3.8887 -2.9047 29.8754 230 108 30 0.181
2.1009 -1.0196 28.5730 230 146 30 0.297
0.2350 -2.1005 28.4294 230 158 30 0.335
5.5464 -0.1518 30.7023 230 152 30 0.314
1.6691 1.2762 29.7342 230 122 30 0.223
-3.2550 -1.9125 28.8285 230 107 30 0.176
-1.8256 1.4650 28.9073 230 99 30 0.152
0.4543 -3.3655 29.0258 230 99 30 0.152
1.7937 1.0458 27.7878 230 105 30 0.171
-0.1783 -0.8966 5.5506 230 145 30 0.295
3.5981 1.2986 27.9358 230 110 30 0.187
6.2239 -1.5066 29.6075 230 126 30 0.236
6.4734 1.0747 30.0871 230 144 30 0.290
1.9203 3.1222 18.6650 230 122 30 0.222
2.0621 -3.2983 27.8044 230 143 30 0.288
5.3772 -3.2067 30.3281 230 105 30 0.170
-3.6315 -3.3507 27.5003 230 118 30 0.212
-3.7129 -3.4795 27.8532 230 131 30 0.251
-8.1391 -2.5135 33.1501 230 112 30 0.194
2.0082 -0.2130 30.2489 230 105 30 0.170
1.8730 0.9735 28.9375 230 132 30 0.253
-1.3743 -2.3881 29.5803 230 130 30 0.249
-3.9575 -2.4245 29.0779 230 122 30 0.224
-7.5164 -3.2275 33.0564 230 122 30 0.223
-0.0764 -2.4110 30.3193 230 155 30 0.325
-2.9437 -1.5499 29.0591 230 160 30 0.340
-0.0265 -2.3684 27.5563 230 135 30 0.262
-6.5518 -2.1297 30.5043 230 121 30 0.221
0.5723 -1.6707 28.5478 230 126 30 0.236
-2.4432 -2.4674 29.2560 230 126 30 0.237
-1.5711 -1.9513 29.3820 230 127 30 0.239
6.8511 0.0868 31.3072 230 107 30 0.176
-0.4319 -1.2131 28.0306 230 160 30 0.341
0.3630 -0.5184 29.7006 230 159 30 0.337
7.6948 -1.5531 29.1987 230 113 30 0.194
-6.3740 1.2148 29.7845 230 132 30 0.254
1.4729 -0.5498 30.2898 230 159 30 0.338
-2.0593 -3.5152 26.9458 230 134 30 0.259
-0.9015 3.0956 19.0109 230 152 30 0.315
-3.3608 -1.7039 29.9462 230 120 30 0.216
-3.6775 -3.9369 26.7801 230 150 30 0.310
5.1092 -3.2138 27.6725 230 153 30 0.319
5.6691 0.0261 31.2828 230 99 30 0.151
7.6786 1.0784 29.5089 230 149 30 0.305
-1.3570 1.4450 29.5747 230 103 30 0.165
4.7310 -4.5512 28.5533 230 152 30 0.315
1.6841 -2.3389 28.9299 230 153 30 0.319
-4.0723 1.0188 29.2342 230 119 30 0.215
-1.0421 -0.2592 29.5904 230 157 30 0.330
-7.0059 -0.6197 31.5176 230 157 30 0.330
-1.7681 -1.0752 28.5307 230 103 30 0.166
1.7381 0.4307 29.1839 230 158 30 0.333
-6.5817 -2.0878 30.3133 230 117 30 0.206
-7.1908 0.8487 29.1571 230 145 30 0.294
-6.4098 -1.9877 29.9313 230 122 30 0.224
3.2278 0.8575 28.1433 230 109 30 0.182
1.8036 -2.6370 29.3636 230 136 30 0.265
0.1295 -1.2063 29.2913 230 105 30 0.172
5.0644 3.0271 18.3102 230 138 30 0.271
6.3466 -2.0496 27.9703 230 98 30 0.150
2.7433 0.7435 29.8456 230 114 30 0.197
-6.5589 -1.5980 30.2005 230 157 30 0.330
-0.1134 -0.7339 29.3697 230 151 30 0.314
-7.6283 -0.1902 30.9116 230 107 30 0.176
4.3434 0.2789 29.5748 230 108 30 0.181
-4.3043 -0.7864 30.5322 230 156 30 0.329
-6.9549 0.7782 29.0447 230 146 30 0.297
8.3003 -0.8150 30.0818 230 144 30 0.290
-2.3995 3.1106 19.3873 230 131 30 0.251
2.1505 0.4943 28.0912 230 136 30 0.265
-2.8879 -3.0443 28.3426 230 136 30 0.266
2.6366 1.3648 29.2216 230 154 30 0.322
-2.2896 1.9192 27.8335 230 124 30 0.230
5.3651 -0.6297 31.2706 230 118 30 0.211
1.8851 1.1320 28.5533 230 102 30 0.163
-6.4114 0.0380 31.1889 230 101 30 0.159
-5.9403 -3.5194 28.4593 230 153 30 0.319
1.5833 -0.1467 30.1197 230 140 30 0.278
5.1615 -2.4277 29.6640 230 136 30 0.266
1.7008 -3.2758 28.5441 230 100 30 0.157
-7.7519 -0.3355 30.8742 230 148 30 0.304
2.7268 -0.2785 30.7865 230 146 30 0.298
5.4188 -4.1466 28.4514 230 106 30 0.174
7.6491 -1.6112 28.4913 230 128 30 0.243
-3.9149 -1.8917 29.1114 230 110 30 0.186
-4.3402 3.3111 18.4405 230 138 30 0.271
-0.2431 1.4276 28.0500 230 132 30 0.255
1.8745 -0.2302 30.1156 230 115 30 0.203
3.6725 -1.6805 29.9632 230 158 30 0.335
3.8310 -3.9525 28.2011 230 122 30 0.223
6.7950 2.0463 28.2258 230 117 30 0.208
-1.1066 -0.4152 29.6348 230 149 30 0.306
-6.3849 -1.5500 29.3901 230 114 30 0.199
-1.1875 1.3172 28.8666 230 142 30 0.285
-8.0029 -0.1836 31.1328 230 148 30 0.304
-2.2518 -1.6787 29.0830 230 141 30 0.280
0.0997 -2.7064 27.9895 230 143 30 0.286
-7.6371 -0.0257 31.6713 230 150 30 0.310
-5.9099 -1.1261 30.6678 230 130 30 0.248
-1.8011 1.2105 29.2785 230 100 30 0.156
-1.9947 -2.0067 29.1782 230 132 30 0.254
-4.9792 1.1420 27.8443 230 159 30 0.336
-6.2693 -1.6751 29.7626 230 139 30 0.274
-4.5157 -4.1038 28.5685 230 127 30 0.237
4.8467 -3.0594 28.5818 230 133 30 0.256
7.6708 0.0618 30.1451 230 118 30 0.210
3.0360 -1.1393 29.9609 230 108 30 0.180
8.2186 -0.6593 30.3151 230 126 30 0.236
6.1351 -1.5322 28.6625 230 145 30 0.295
8.2515 -0.5147 29.7686 230 132 30 0.254
-3.7579 1.3928 28.5914 230 120 30 0.217
-6.9051 -2.8465 33.2480 230 103 30 0.166
0.5279 -3.5639 29.5108 230 108 30 0.179
2.1490 -0.3921 30.0969 230 125 30 0.232
-2.8502 -3.0884 28.6747 230 150 30 0.310
-6.9111 -1.1127 29.8292 230 133 30 0.257
-3.8946 -1.3581 29.1793 230 115 30 0.203
-8.1608 -0.8453 30.4172 230 114 30 0.198
-7.7471 0.2689 30.6692 230 103 30 0.163
3.9828 -3.8466 27.5832 230 113 30 0.195
-8.3586 -1.0827 30.7558 230 116 30 0.206
-3.6620 -2.4018 29.1929 230 109 30 0.182
-7.3287 -0.8955 32.6081 230 158 30 0.332
7.8706 -1.9461 29.2871 230 105 30 0.171
0.5046 -1.4579 28.2210 230 159 30 0.337
-7.8895 -0.5393 29.8230 230 110 30 0.187
-2.6411 -1.0940 29.5255 230 138 30 0.274
-2.7882 -1.0379 28.9491 230 105 30 0.170
-2.1820 -1.5919 28.7548 230 148 30 0.304
0.6867 -0.5757 5.4656 230 154 30 0.322
7.7749 -2.2180 29.4750 230 99 30 0.153
-2.6762 -0.8181 29.3806 230 110 30 0.185
1.0304 -3.8471 29.3602 230 122 30 0.222
0.2210 -0.1086 30.0350 230 117 30 0.206
2.2082 0.5534 27.7828 230 119 30 0.214
1.2340 -2.9411 28.9656 230 112 30 0.192
-5.8347 -0.9552 29.4863 230 152 30 0.317
5.7465 0.2210 30.4917 230 99 30 0.153
-0.4578 3.3057 18.4393 230 107 30 0.178
-5.9542 -1.8418 29.6046 230 106 30 0.174
-0.9872 -2.3524 28.8976 230 137 30 0.270
-1.7257 -3.5717 27.9745 230 138 30 0.273
-2.8492 -0.9414 29.5015 230 129 30 0.243
-4.9320 -2.1481 29.2982 230 163 30 0.350
-1.2314 -0.7922 30.7952 230 113 30 0.195
0.4645 -3.3463 29.5649 230 138 30 0.272
-6.6071 -2.1751 31.1745 230 133 30 0.258
-5.7929 -3.4733 28.4771 230 161 30 0.345
5.2981 0.0934 28.8858 230 154 30 0.321
-5.8924 -1.8214 29.8283 230 156 30 0.329
-6.0123 -0.1966 31.5293 230 148 30 0.302
-2.7787 3.2069 18.8733 230 141 30 0.281
2.6849 1.1834 28.5532 230 146 30 0.296
1.5444 -3.2092 28.9961 230 100 30 0.157
-1.8660 -2.9530 27.9780 230 156 30 0.328
-4.7352 -3.2474 27.6127 230 99 30 0.153
3.8794 -2.1059 29.1604 230 154 30 0.322
3.3960 1.3871 28.1021 230 130 30 0.248
2.2918 -1.9285 29.7262 230 102 30 0.162
2.6497 1.5689 29.3633 230 134 30 0.261
5.8027 -1.3414 30.7010 230 119 30 0.213
-5.9813 -2.4240 29.2734 230 106 30 0.173
8.2070 0.4066 30.8484 230 161 30 0.343
1.4278 -0.7527 29.1187 230 109 30 0.184
-2.9068 -2.5553 29.6424 230 129 30 0.244
6.1192 -2.2961 27.8579 230 160 30 0.341
3.3961 -3.7440 28.1161 230 115 30 0.202
-6.6738 1.0362 28.8366 230 138 30 0.272
-3.3592 -2.3467 28.8494 230 102 30 0.161
-1.8656 -3.3425 28.9130 230 114 30 0.199
-4.7440 0.0005 29.3939 230 157 30 0.331
2.1236 1.0730 27.6735 230 127 30 0.238
5.5174 -3.8053 28.7104 230 108 30 0.179
4.5135 -0.7942 29.9526 230 128 30 0.242
8.4211 -0.2524 30.7042 230 153 30 0.318
5.5001 -1.0172 30.0700 230 157 30 0.332
-6.0801 -2.0085 29.8894 230 145 30 0.295
4.5266 -1.9654 29.8360 230 150 30 0.309
-6.7829 0.3803 28.9646 230 144 30 0.291
7.8847 -0.5049 30.6865 230 146 30 0.298
-1.9855 -1.5474 29.6163 230 142 30 0.284
-7.5358 -0.8706 28.8282 230 137 30 0.271
3.3941 -1.6982 29.0805 230 111 30 0.188
8.0478 0.6789 31.0669 230 138 30 0.272
2.3894 -3.9580 28.2132 230 159 30 0.337
-6.8348 -0.7550 31.4857 230 121 30 0.220
-1.6032 -2.8567 28.0900 230 100 30 0.156
-0.5629 -3.4487 27.4849 230 155 30 0.326
5.7645 -1.9633 28.5915 230 102 30 0.161
3.5216 3.1096 18.3591 230 127 30 0.239
0.5926 0.5662 27.2173 230 116 30 0.204
-3.4488 -1.0461 29.2353 230 111 30 0.188
-1.3864 -0.6230 29.9558 230 134 30 0.260
-0.5158 -0.6772 30.9980 230 151 30 0.312
-1.5651 -0.6112 29.3589 230 128 30 0.240
1.6037 -1.9990 28.9466 230 122 30 0.223
5.7092 0.4813 29.5812 230 150 30 0.309
-5.6383 -3.4465 28.6266 230 104 30 0.169
-6.8695 -3.5038 34.1711 230 111 30 0.191
-3.8515 1.0942 29.6247 230 124 30 0.230
1.1613 -3.7428 28.6288 230 132 30 0.255
4.8086 -1.0328 30.0443 230 132 30 0.254
1.1189 2.7067 18.7488 230 109 30 0.182
-3.6772 -3.1912 28.8446 230 148 30 0.304
5.7124 0.3541 29.2827 230 147 30 0.300
8.2375 0.2628 31.4818 230 147 30 0.299
-2.9201 -3.2412 29.9860 230 100 30 0.154
3.8457 -3.7411 28.3333 230 100 30 0.154
7.7992 0.3242 30.9456 230 147 30 0.301
-6.8843 -0.6287 30.4929 230 139 30 0.277
1.9538 -4.0853 28.1906 230 105 30 0.171
5.5205 -1.7934 29.1036 230 132 30 0.254
7.9951 -1.3856 29.6016 230 143 30 0.287
-7.3445 0.8042 29.0078 230 112 30 0.192
7.6662 0.8257 30.3971 230 142 30 0.286
-7.7350 0.2660 28.6483 230 162 30 0.348
-7.2789 1.0456 29.7291 230 102 30 0.163
0.7494 -2.4651 27.7156 230 151 30 0.313
6.7213 -0.3281 30.5091 230 105 30 0.170
6.3684 0.9611 30.0691 230 118 30 0.212
-7.4665 -0.2115 32.2776 230 148 30 0.303
-1.3602 -1.8228 29.6052 230 152 30 0.314
-7.0778 -0.5179 32.6825 230 121 30 0.221
-6.1404 0.9215 28.3728 230 106 30 0.173
3.2654 0.9072 27.7168 230 136 30 0.265
-7.6208 0.5408 30.5635 230 119 30 0.212
1.3357 -1.7663 29.4675 230 148 30 0.304
5.7294 -1.8047 30.3530 230 115 30 0.202
-6.6320 0.4939 29.4645 230 108 30 0.180
2.1897 -2.7655 29.7603 230 158 30 0.335
-3.7430 -3.6826 27.1935 230 133 30 0.256
5.6659 -2.2216 30.3601 230 156 30 0.327
-2.1912 -2.8065 28.2346 230 135 30 0.264
-2.5878 -0.9950 29.9864 230 111 30 0.188
-4.5773 -1.2104 29.8301 230 139 30 0.275
0.4732 -0.8772 6.0190 230 125 30 0.233
0.6019 -3.1595 29.0820 230 146 30 0.295
-2.3119 -4.2091 29.1134 230 109 30 0.183
0.0795 -2.6901 28.7521 230 126 30 0.234
-6.2029 -1.8151 28.7890 230 109 30 0.182
-5.4266 -2.0312 28.6056 230 145 30 0.294
-3.3663 -2.2126 29.3910 230 152 30 0.317
-7.2703 1.1118 28.8741 230 102 30 0.162
-4.5508 -0.1253 29.7017 230 149 30 0.305
5.4719 -2.1968 30.5315 230 153 30 0.319
-4.1015 -0.5700 29.6971 230 161 30 0.342
-3.4155 -2.7854 29.5374 230 144 30 0.291
3.2162 -0.9586 30.4452 230 151 30 0.313
-1.3432 -2.1146 30.7369 230 101 30 0.159
-0.0097 -2.8832 28.4139 230 161 30 0.344
-6.0457 -3.5029 28.2641 230 143 30 0.286
-6.1184 -2.6477 30.2617 230 103 30 0.164
-6.8206 -1.8629 29.9447 230 159 30 0.337
-1.6672 -1.9443 29.6086 230 143 30 0.288
-7.4149 -0.7240 29.4503 230 123 30 0.225
7.9008 0.4516 31.4284 230 131 30 0.250
-5.3725 -2.0632 28.9137 230 111 30 0.189
6.4704 0.6319 28.4488 230 143 30 0.288
6.4725 -2.2430 29.8053 230 102 30 0.163
1.8901 -3.7333 29.0755 230 150 30 0.310
1.3122 -0.1557 30.9898 230 143 30 0.288
-4.8247 -1.3298 28.5933 230 121 30 0.220
-3.9527 -1.5486 28.7026 230 100 30 0.156
3.9715 -4.5486 27.7318 230 143 30 0.287
-2.1478 -1.7445 29.0853 230 99 30 0.152
5.3689 -1.5401 30.4282 230 117 30 0.207
4.2149 -1.2073 29.3823 230 127 30 0.237
1.8156 -3.5437 28.8723 230 134 30 0.259
-3.1601 -1.8247 29.3970 230 149 30 0.307
6.6306 0.4010 28.9835 230 129 30 0.244
1.4880 -3.6340 28.2730 230 137 30 0.269
3.6966 3.4202 19.0044 230 114 30 0.198
-2.1544 -3.2290 27.4323 230 102 30 0.161
-0.3430 1.8145 28.3882 230 108 30 0.180
-4.8699 1.4436 27.7710 230 129 30 0.246
-3.3378 -0.9607 29.7686 230 162 30 0.346
2.7553 -2.2225 28.0744 230 142 30 0.284
-7.2454 -0.2325 32.0650 230 155 30 0.323
0.6695 -3.7235 28.7485 230 151 30 0.313
0.1053 -2.1836 30.3101 230 126 30 0.235
5.7782 -3.3615 28.3388 230 112 30 0.193
1.1433 -3.1805 29.5846 230 155 30 0.325
2.6414 3.0909 18.4555 230 150 30 0.309
0.7639 -3.5149 27.8782 230 125 30 0.233
-4.3900 -2.5100 28.7418 230 101 30 0.157
-6.3876 -2.5905 32.5534 230 116 30 0.204
-3.0551 -2.4786 29.1262 230 157 30 0.332
1.1830 -2.6336 29.1941 230 149 30 0.307
3.4900 -4.3288 28.0212 230 162 30 0.345
-0.1130 -1.3083 27.9232 230 130 30 0.249
7.7567 -1.7245 30.0612 230 149 30 0.306
-1.2637 -1.3717 28.8325 230 102 30 0.163
2.9633 -2.8549 29.1866 230 115 30 0.203
2.9113 -2.9770 29.5600 230 120 30 0.216
-3.3870 -3.0149 29.1313 230 161 30 0.342
-6.4126 -2.2965 31.0507 230 119 30 0.215
-2.6219 3.3031 19.0211 230 106 30 0.174
-6.3164 -2.3268 29.6868 230 103 30 0.163
-2.0671 -3.4011 26.9815 230 136 30 0.266
4.7630 -2.6458 29.2776 230 125 30 0.233
-2.4376 1.3340 27.9731 230 150 30 0.308
4.9920 3.7394 18.1733 230 112 30 0.192
-5.4181 -4.4671 28.1936 230 163 30 0.349
5.2119 -1.9188 30.3066 230 145 30 0.295
3.3989 -3.9834 28.8373 230 110 30 0.187
-2.2489 -2.0053 28.2575 230 103 30 0.164
0.0755 -3.5189 28.3514 230 125 30 0.232
1.8973 -2.7827 29.2530 230 114 30 0.198
-3.1586 -3.0793 28.6091 230 122 30 0.223
0.6735 -1.2758 29.9154 230 114 30 0.198
3.2804 -3.9490 27.8511 230 145 30 0.294
-4.5031 1.1402 29.3229 230 157 30 0.330
-1.0103 -1.0585 29.3489 230 123 30 0.225
-7.0132 0.8581 29.2433 230 103 30 0.165
-5.4824 -1.8834 28.6471 230 137 30 0.270
2.0903 1.0557 27.8958 230 141 30 0.283
-8.4862 -1.8055 32.4335 230 136 30 0.267
-2.2532 -1.8408 28.3096 230 154 30 0.321
0.8656 -2.8489 27.4800 230 144 30 0.290
4.6909 -3.5463 30.3641 230 161 30 0.344
-5.8294 -3.4723 28.1302 230 155 30 0.326
6.6490 -2.1646 29.2503 230 146 30 0.296
3.3167 -0.1963 29.7766 230 160 30 0.341
7.2651 -1.3390 29.3256 230 125 30 0.231
-2.8320 -2.2191 29.2048 230 108 30 0.180
-1.7511 -1.7435 28.8749 230 138 30 0.273
-3.6956 -1.2764 30.7742 230 116 30 0.203
-3.4051 -1.7797 28.2917 230 140 30 0.279
-7.4027 -0.3308 30.1555 230 139 30 0.274
-0.6809 -0.8332 29.6419 230 154 30 0.323
3.9591 -0.4410 30.2765 230 129 30 0.244
1.4656 1.5473 27.4365 230 162 30 0.346
-3.2967 -4.1965 27.7857 230 162 30 0.345
5.1838 -4.3019 27.9649 230 99 30 0.152
4.6990 -2.3708 29.5473 230 122 30 0.222
-6.9364 0.7610 28.8444 230 117 30 0.207
7.9872 -1.9980 29.6063 230 129 30 0.245
1.1256 -3.5857 28.7835 230 112 30 0.193
6.6045 0.7985 28.2371 230 145 30 0.292
3.9186 -0.3962 30.4781 230 127 30 0.239
6.2756 -1.9835 29.9300 230 144 30 0.290
-2.5800 -0.5392 30.8205 230 102 30 0.163
1.2683 -1.8389 29.6173 230 105 30 0.172
-6.6741 -1.6538 29.2458 230 117 30 0.209
-1.8299 -2.7835 29.0767 230 129 30 0.246
-5.8994 -4.2282 28.2651 230 104 30 0.166
-0.0551 -1.7243 27.8333 230 111 30 0.190
0.4685 0.9622 28.1256 230 120 30 0.217
-6.6316 -2.2257 30.5124 230 121 30 0.220
-6.3001 -1.3888 29.8896 230 148 30 0.303
5.2776 -1.7651 30.9697 230 113 30 0.196
1.5312 -3.4314 29.4844 230 103 30 0.164
-7.4971 0.8310 29.0531 230 132 30 0.254
4.3031 -3.1559 28.7700 230 116 30 0.203
-2.7953 -1.6489 29.6698 230 106 30 0.173
-1.6520 3.0772 19.0827 230 148 30 0.305
0.3560 -3.0493 27.7725 230 128 30 0.241
2.6958 -1.6930 29.8119 230 116 30 0.206
-0.7756 0.5227 30.2163 230 127 30 0.238
-7.0435 -1.1726 29.3950 230 152 30 0.316
4.7400 0.0356 29.9941 230 123 30 0.225
-3.3726 0.2275 30.3115 230 163 30 0.348
-4.4057 0.7026 29.7425 230 131 30 0.250
-6.3470 -2.2986 29.2102 230 136 30 0.266
0.9552 0.6633 27.5007 230 159 30 0.338
8.2152 -0.6441 30.3207 230 158 30 0.333
5.5171 -2.0423 28.8356 230 104 30 0.167
2.3952 -1.9569 29.6634 230 122 30 0.222
3.7180 -4.0625 27.5653 230 162 30 0.345
-8.0286 -0.3077 30.5056 230 122 30 0.223
5.6922 -2.8306 28.4786 230 118 30 0.209
0.1921 -1.4276 28.7799 230 160 30 0.339
1.5011 -3.2635 29.4506 230 151 30 0.314
3.1276 -0.9671 29.3399 230 157 30 0.332
0.3294 0.5142 31.3821 230 101 30 0.159
2.7803 -3.9499 28.1457 230 142 30 0.285
-1.6095 -2.0848 28.0929 230 141 30 0.280
5.6599 -3.5188 29.1507 230 141 30 0.283
-4.2739 -1.1238 29.3891 230 133 30 0.257
-2.0014 -0.5446 31.4422 230 143 30 0.289
-0.5741 -1.0968 29.7212 230 118 30 0.211
2.9051 -1.0494 29.9608 230 121 30 0.219
5.7970 -2.8312 30.6849 230 115 30 0.203
6.3271 -1.4046 29.2313 230 136 30 0.266
4.8452 -3.3561 29.8998 230 115 30 0.202
-2.6020 -0.8355 30.8416 230 121 30 0.219
6.7521 -2.1902 29.4979 230 121 30 0.220
-1.9379 -1.3956 28.8488 230 99 30 0.152
5.4375 2.8936 18.3953 230 99 30 0.152
-4.1181 -0.4208 28.3378 230 147 30 0.300
3.6218 -4.8697 27.8096 230 138 30 0.272
-0.1729 -3.0524 27.2977 230 122 30 0.223
0.2311 -2.4199 29.3170 230 141 30 0.282
5.0926 -2.9975 30.3184 230 162 30 0.347
-1.9283 3.1952 18.1783 230 158 30 0.334
6.1324 -2.2483 29.1085 230 157 30 0.332
1.7537 3.4028 19.1071 230 108 30 0.181
-6.0892 1.2107 28.0719 230 100 30 0.156
3.0600 -2.0079 29.6605 230 129 30 0.244
-1.3910 -1.3182 28.2544 230 134 30 0.261
-2.2515 -3.6647 28.9955 230 130 30 0.247
-6.9420 0.7842 29.5179 230 123 30 0.226
1.3127 -0.0275 31.3661 230 115 30 0.200
1.0745 -1.3379 28.5301 230 118 30 0.212
5.0139 -1.5896 29.4357 230 157 30 0.329
-0.4959 0.0867 30.3539 230 159 30 0.338
-2.3493 -3.9266 28.6414 230 135 30 0.264
5.2641 0.3079 29.9306 230 143 30 0.287
-0.2752 -0.7675 28.4034 230 112 30 0.192
-5.5056 -1.2766 28.8049 230 117 30 0.209
0.1545 3.0781 18.9861 230 140 30 0.278
0.3952 -2.9118 28.7956 230 137 30 0.270
-4.7027 -2.0966 28.7151 230 138 30 0.273
0.7472 -2.2934 28.1308 230 139 30 0.276
5.3165 -3.6459 28.3219 230 113 30 0.195
-1.5524 -0.7494 30.2272 230 119 30 0.213
-7.1519 -0.0678 31.7487 230 160 30 0.339
-4.1093 2.8155 18.5214 230 130 30 0.246
0.5518 1.5729 29.3770 230 152 30 0.317
0.2588 -1.6149 29.6116 230 122 30 0.225
8.0117 -1.7179 29.9830 230 136 30 0.267
-1.2070 -0.9867 29.3849 230 140 30 0.278
5.7185 -1.6598 28.3738 230 122 30 0.222
-3.5663 -0.8408 29.5939 230 153 30 0.318
3.4716 -1.0885 29.8655 230 145 30 0.294
6.9685 0.4652 30.9582 230 121 30 0.219
0.9915 0.6336 28.8750 230 110 30 0.186
-7.3687 1.0014 28.8609 230 135 30 0.264
-7.5994 0.4769 29.7120 230 114 30 0.197
5.8520 -3.9313 28.4125 230 156 30 0.328
4.3059 -1.1889 29.3315 230 156 30 0.327
3.8908 -4.4196 28.5479 230 121 30 0.221
3.1552 0.1082 30.3274 230 143 30 0.287
-7.1246 -1.0135 31.9688 230 125 30 0.232
-7.8621 -2.2501 32.0401 230 139 30 0.275
6.3149 -2.3250 29.7329 230 104 30 0.167
0.4904 -1.0711 29.0102 230 128 30 0.243
-3.3713 -1.7695 28.4140 230 111 30 0.188
-6.6592 0.9394 28.8113 230 146 30 0.297
-3.9351 -0.4487 30.0468 230 115 30 0.202
7.8804 -1.3527 29.6997 230 124 30 0.230
-4.9057 3.6185 20.0256 230 161 30 0.342
7.1697 -1.6417 29.6105 230 107 30 0.178
-7.4460 -0.9581 32.5751 230 142 30 0.285
1.6364 -3.2569 28.9039 230 104 30 0.167
6.3526 -2.1442 28.9942 230 104 30 0.168
0.6921 -1.6425 28.0523 230 132 30 0.253
-5.1962 -3.2242 28.5491 230 134 30 0.259
4.3216 -3.1658 28.3099 230 147 30 0.301
2.6258 -0.5322 30.5256 230 118 30 0.211
-3.2499 -1.6709 29.0814 230 145 30 0.293
-7.4631 -1.6720 31.1222 230 138 30 0.273
5.6821 -0.2893 30.4988 230 144 30 0.291
-5.8847 -4.4551 28.3730 230 128 30 0.241
3.7409 1.1325 28.0957 230 136 30 0.267
-0.5124 -3.2452 28.1422 230 129 30 0.246
-0.7656 -3.6772 28.1287 230 111 30 0.188
-1.7993 -1.7378 29.7073 230 114 30 0.198
2.0683 -3.1925 28.1653 230 144 30 0.290
-2.4149 -0.9472 30.3405 230 122 30 0.222
-5.8345 -1.1753 28.0949 230 151 30 0.311
-0.5035 -0.0331 30.1834 230 114 30 0.197
-5.3028 -1.8158 29.7250 230 159 30 0.337
-1.2092 -2.5202 28.7674 230 128 30 0.243
-6.3679 -1.8664 31.3002 230 142 30 0.285
-3.1963 -2.6746 27.8883 230 148 30 0.304
-0.4215 -1.4424 28.7738 230 146 30 0.297
-0.3299 -1.7088 28.1571 230 146 30 0.298
4.1373 -3.1496 28.9972 230 135 30 0.264
3.0915 -0.1823 29.6139 230 143 30 0.286
0.4077 -2.9077 28.4987 230 151 30 0.311
4.7749 3.5168 18.4586 230 136 30 0.265
-0.1846 -1.1756 5.5526 230 151 30 0.313
-7.0683 0.9914 28.8008 230 151 30 0.312
7.8037 -1.9774 28.7717 230 115 30 0.203
6.8845 -1.4608 29.7266 230 161 30 0.343
-0.0680 -2.8552 27.6353 230 138 30 0.273
6.4222 1.1648 30.2452 230 159 30 0.336
0.9612 -0.4349 29.2474 230 140 30 0.278
1.9344 1.3299 28.2660 230 103 30 0.164
-7.2809 -0.5645 32.2456 230 139 30 0.277
-1.7632 1.0986 28.7274 230 123 30 0.225
8.0669 -1.7360 29.8053 230 117 30 0.206
5.2680 -1.5397 29.3595 230 116 30 0.204
5.6962 -3.1791 28.6083 230 130 30 0.248
4.8079 2.9492 18.3284 230 126 30 0.234
1.4327 -0.0037 30.2644 230 137 30 0.269
6.3785 -2.4318 29.8507 230 142 30 0.285
-3.8958 -2.4603 27.8457 230 162 30 0.345
-1.5554 -1.1775 28.3809 230 109 30 0.183
-2.1705 -4.0322 28.0732 230 130 30 0.247
4.5125 1.0797 28.0008 230 145 30 0.292
4.4782 -0.7486 30.4029 230 130 30 0.246
-5.4224 -2.2079 29.8513 230 99 30 0.153
-3.6941 -0.8211 30.3912 230 124 30 0.230
-6.5465 -1.0025 30.9410 230 112 30 0.193
-3.3448 -2.4463 27.9751 230 128 30 0.240
-5.0125 -1.8556 28.2551 230 101 30 0.157
7.0529 -1.5997 29.7624 230 149 30 0.307
-8.4084 -0.9420 31.2498 230 145 30 0.294
-3.9921 -2.7569 29.5659 230 145 30 0.293
7.7616 -1.5490 29.4221 230 104 30 0.167
-5.1228 -1.8252 29.2748 230 127 30 0.240
2.5750 -2.4297 28.8301 230 163 30 0.349
4.9998 -2.7983 29.1569 230 114 30 0.199
0.7643 1.3839 27.5482 230 108 30 0.180
-2.9674 -0.7697 28.9874 230 160 30 0.340
3.0153 -1.7889 29.9650 230 151 30 0.311
-6.7549 -1.3350 29.6629 230 134 30 0.260
7.3774 -2.3101 30.2951 230 124 30 0.228
1.4071 -2.5043 29.6542 230 162 30 0.347
0.5776 -0.0137 29.6928 230 112 30 0.193
1.5281 1.4683 27.8450 230 126 30 0.237
5.5188 -2.2327 29.8110 230 119 30 0.212
0.9825 0.8938 28.0251 230 124 30 0.230
-2.5097 -2.2645 28.1580 230 126 30 0.234
2.2606 -4.7717 27.9118 230 104 30 0.167
-0.6487 -0.7434 30.0914 230 111 30 0.190
-2.9440 -1.7178 29.0152 230 125 30 0.232
4.4758 3.2865 18.4385 230 111 30 0.189
6.0191 0.1313 30.7228 230 147 30 0.301
-2.1002 -1.7937 28.8315 230 101 30 0.158
6.0904 -0.2808 31.3210 230 136 30 0.265
-7.8942 -2.3565 31.1122 230 152 30 0.315
-3.9055 -1.7881 28.6400 230 134 30 0.260
2.9775 -0.3470 29.2533 230 128 30 0.241
-0.7441 0.6851 30.0216 230 154 30 0.323
6.4785 0.3067 30.6932 230 156 30 0.328
-2.8209 -0.5974 31.3137 230 124 30 0.230
2.8466 -1.6866 29.8591 230 121 30 0.221
6.7699 0.2948 30.3599 230 100 30 0.154
-0.1790 -0.9697 5.5211 230 117 30 0.208
-1.4415 -1.5752 28.2482 230 120 30 0.216
-3.6884 2.8372 18.5008 230 146 30 0.298
0.9141 -2.8302 29.0571 230 113 30 0.195
-1.3953 -1.8499 30.4604 230 163 30 0.348
-0.6387 -0.3170 29.7725 230 157 30 0.331
-6.7581 1.2446 29.3577 230 127 30 0.240
2.6214 -1.1790 29.4069 230 120 30 0.216
2.1393 0.7853 27.9132 230 124 30 0.230
-1.3541 -2.9340 28.1302 230 109 30 0.183
-6.3449 -1.6713 31.1502 230 120 30 0.217
-5.8020 -2.0151 29.8678 230 134 30 0.261
5.7877 0.7355 29.9525 230 124 30 0.230
-3.2105 -0.8909 30.4358 230 137 30 0.269
-0.0871 -2.2492 29.4810 230 133 30 0.257
-6.4569 -1.6338 30.2663 230 130 30 0.249
1.9151 3.3740 18.8941 230 124 30 0.230
-0.4949 -1.7913 28.5682 230 104 30 0.166
3.2964 -3.8598 28.0594 230 133 30 0.257
-6.1027 1.5232 28.1138 230 122 30 0.224
-2.9737 -2.1083 29.3020 230 114 30 0.199
2.2608 -4.2772 28.4690 230 144 30 0.291
5.2035 0.7465 30.6172 230 155 30 0.324
-2.0702 -2.9601 27.0732 230 107 30 0.178
-5.9000 -1.9235 30.0944 230 154 30 0.322
-2.7316 -0.3261 29.6761 230 155 30 0.324
-0.0900 -1.7632 28.3487 230 120 30 0.216
-3.5686 -0.9355 29.5537 230 111 30 0.190
-6.8486 -0.1000 32.5196 230 135 30 0.263
-8.0432 -2.4237 32.1181 230 156 30 0.326
5.4969 0.6622 30.4257 230 136 30 0.266
-0.0987 -0.8492 5.8360 230 136 30 0.265
-2.2298 3.2495 18.9998 230 150 30 0.310
0.5516 -0.3360 30.2191 230 105 30 0.171
2.8457 -3.6885 27.8709 230 127 30 0.238
2.0826 -2.8556 28.2668 230 131 30 0.249
-6.6304 -2.4308 31.0238 230 122 30 0.222
-5.9207 -1.9966 30.0783 230 135 30 0.263
-7.0863 -1.6632 30.1034 230 108 30 0.179
-1.3025 -0.1598 31.1568 230 128 30 0.242
-6.8855 -2.1116 32.0825 230 159 30 0.338
-1.9115 -3.0249 27.7333 230 129 30 0.246
5.7560 -2.4769 29.5113 230 108 30 0.179
-6.4238 -3.3151 28.5792 230 130 30 0.249
5.4811 -1.3485 29.9653 230 102 30 0.160
3.2055 1.1596 28.0505 230 158 30 0.333
-3.5184 -2.0438 29.0254 230 140 30 0.279
2.3596 -0.4274 31.0181 230 128 30 0.240
-7.4768 -0.1912 32.8463 230 152 30 0.315
3.5660 -4.2117 27.6805 230 144 30 0.290
6.1168 0.4042 29.1157 230 104 30 0.166
6.4282 -0.0980 30.5636 230 118 30 0.210
3.4777 -1.0058 30.5500 230 152 30 0.316
-6.4437 -0.5849 30.5248 230 129 30 0.246
-8.2433 -1.7231 31.7674 230 114 30 0.198
5.3274 3.4570 18.8989 230 159 30 0.337
6.0915 -0.4315 29.9564 230 122 30 0.224
-6.0904 -1.3913 30.0038 230 159 30 0.338
-1.5246 -0.7480 31.2693 230 111 30 0.188
-2.4700 -0.7994 29.8425 230 134 30 0.259
-4.3459 -2.6208 28.2291 230 145 30 0.295
2.9242 1.1430 28.5234 230 115 30 0.202
2.6282 -3.0143 29.4794 230 140 30 0.280
-6.6325 -1.2465 30.6513 230 152 30 0.316
-3.8000 1.3388 29.1443 230 117 30 0.208
2.2385 1.4980 28.0401 230 134 30 0.259
-5.5764 1.5390 27.7094 230 104 30 0.169
2.3384 0.7528 28.9447 230 130 30 0.247
3.8186 -3.3335 29.5556 230 119 30 0.213
-3.3293 -1.2446 30.0915 230 161 30 0.342
8.1766 -1.4004 30.1212 230 99 30 0.152
7.7320 0.8072 30.2043 230 160 30 0.339
2.4260 -1.8111 29.5437 230 147 30 0.299
-1.8487 0.0511 31.3061 230 156 30 0.328
5.7740 -2.8251 29.1590 230 150 30 0.310
5.3530 -3.5541 28.2235 230 104 30 0.166
7.1075 -1.5634 29.8282 230 146 30 0.296
1.9753 -2.1690 30.3297 230 112 30 0.191
1.0820 -1.2888 29.9766 230 118 30 0.210
2.9030 -3.4042 29.0192 230 148 30 0.303
2.7518 1.4713 28.8637 230 103 30 0.166
-7.7246 1.2409 28.9404 230 114 30 0.198
2.7289 -0.7739 30.2853 230 110 30 0.185
6.0009 0.3086 30.2981 230 134 30 0.261
-3.8846 -3.7566 26.9022 230 157 30 0.330
-6.5590 -1.7825 29.8579 230 155 30 0.325
6.4331 0.3221 30.8491 230 141 30 0.282
-3.3269 -0.8494 31.1101 230 123 30 0.225
-3.1500 -3.2770 27.8497 230 108 30 0.181
6.5032 -1.3881 29.3660 230 100 30 0.154
-3.7854 1.5013 29.5022 230 105 30 0.170
2.7657 -1.6736 29.5628 230 161 30 0.344
6.7728 -1.6273 29.6252 230 107 30 0.176
0.2631 -0.6241 29.5063 230 121 30 0.219
-2.2447 -0.8181 28.9360 230 143 30 0.288
-1.6258 -3.0143 28.1917 230 116 30 0.205
0.3344 -1.6625 28.5936 230 152 30 0.316
-7.0309 0.3208 32.1126 230 104 30 0.167
2.6839 -1.1708 29.3105 230 135 30 0.264
-1.4260 -3.3332 27.8955 230 158 30 0.333
2.8484 -2.2695 28.1391 230 159 30 0.336
-2.6245 3.0306 18.3695 230 135 30 0.264
5.9528 -1.0789 29.2288 230 154 30 0.322
-4.3578 -3.4471 28.4825 230 159 30 0.337
3.7704 -4.4318 28.7209 230 151 30 0.313
-3.3965 -0.2105 30.6465 230 127 30 0.240
1.8009 -3.2735 28.7848 230 100 30 0.156
-1.2316 -1.1216 28.0798 230 161 30 0.344
-6.3839 0.1344 31.7994 230 154 30 0.323
-6.4782 1.4960 27.9391 230 124 30 0.228
-2.7938 -3.6148 29.1693 230 145 30 0.295
0.5870 -2.8989 29.0625 230 137 30 0.268
-3.1291 -1.4746 29.3017 230 156 30 0.327
-0.4215 -0.3886 30.2484 230 135 30 0.264
0.2339 0.0441 30.8898 230 153 30 0.320
-7.6676 0.7891 29.9018 230 121 30 0.221
-0.3823 -3.1278 28.0301 230 105 30 0.171
-6.6185 -2.4794 31.1361 230 159 30 0.337
5.1023 1.1636 30.8580 230 151 30 0.312
-0.4625 -2.5442 29.8747 230 160 30 0.340
-1.4220 -1.3316 30.3174 230 108 30 0.181
2.2420 -4.1543 27.7895 230 114 30 0.198
0.8732 1.1445 29.5672 230 137 30 0.268
-5.2767 -0.6283 29.2463 230 127 30 0.237
3.0807 -0.6108 30.5282 230 146 30 0.297
1.4607 -3.4048 28.9196 230 114 30 0.197
0.3456 -2.7313 28.4988 230 121 30 0.221
0.0079 -3.3144 28.0453 230 134 30 0.258
8.6536 0.3266 30.7187 230 150 30 0.310
-1.3756 -4.0662 27.8998 230 98 30 0.150
4.6521 -0.1369 30.0028 230 163 30 0.350
-2.5631 -3.5979 29.1986 230 118 30 0.211
-3.6065 -2.2263 28.7972 230 154 30 0.321
-1.3998 1.1923 29.4762 230 138 30 0.273
-6.7003 -1.9450 29.4986 230 161 30 0.344
2.4095 -0.4239 29.8974 230 130 30 0.249
-1.7931 -2.0919 30.0574 230 141 30 0.280
2.0408 -1.4301 28.8740 230 161 30 0.342
-0.1605 -0.2857 30.2269 230 144 30 0.291
0.2156 1.4158 27.3759 230 139 30 0.276
-6.8657 -1.8986 31.5367 230 123 30 0.225
-3.3753 1.3064 28.4136 230 144 30 0.292
5.0817 -2.9067 28.7792 230 144 30 0.291
2.9567 -0.0362 30.0236 230 139 30 0.277
5.9087 -1.3740 31.0541 230 131 30 0.249
-8.1683 -1.1698 31.1908 230 141 30 0.281
0.2913 -2.3601 29.8564 230 139 30 0.275
-3.9053 -3.1868 27.2372 230 149 30 0.306
2.6569 -4.2177 28.5873 230 102 30 0.162
0.1430 -1.8913 28.0984 230 142 30 0.285
-0.0536 -0.8914 29.3877 230 103 30 0.163
-5.1107 1.1025 28.9440 230 109 30 0.184
-2.4845 -1.2554 29.2536 230 117 30 0.209
-3.3562 -1.4552 28.5861 230 103 30 0.163
-1.7174 -2.3912 27.0345 230 133 30 0.257
-4.2423 -2.3244 28.3547 230 103 30 0.165
-6.3222 -1.9418 30.2403 230 111 30 0.188
-0.7174 -0.5112 29.3464 230 137 30 0.268
7.5038 -1.8109 29.0389 230 119 30 0.215
-6.3553 -1.6747 30.6217 230 124 30 0.230
4.3402 -0.5354 29.9892 230 141 30 0.282
-1.8312 -3.3824 26.6367 230 109 30 0.184
-4.9090 -1.7960 29.3633 230 136 30 0.267
-1.0620 -2.0745 29.0065 230 121 30 0.220
2.6355 1.2868 29.5431 230 110 30 0.186
1.6304 -1.0496 29.5824 230 145 30 0.295
5.2822 -2.2654 28.6204 230 118 30 0.210
5.1031 1.0735 30.7961 230 149 30 0.305
6.0480 0.8997 30.2029 230 117 30 0.207
-5.8950 1.0257 28.0141 230 124 30 0.231
-1.1954 3.0781 19.1969 230 141 30 0.281
-2.2753 -2.7151 28.7040 230 103 30 0.165
-2.6615 3.1149 18.8630 230 154 30 0.322
0.3419 -1.2779 5.5754 230 101 30 0.159
-4.0792 -2.0778 27.9051 230 99 30 0.153
-3.6978 -3.9852 26.9574 230 121 30 0.220
0.6891 -3.8092 30.0145 230 147 30 0.301
-3.5727 -2.0760 28.5839 230 113 30 0.195
4.8617 -1.2736 31.0570 230 122 30 0.223
-4.2365 -2.1059 28.4709 230 148 30 0.303
-4.4071 -1.7092 29.2198 230 146 30 0.296
7.6221 1.4836 28.9274 230 129 30 0.245
-6.8589 -0.1588 30.3642 230 153 30 0.318
-0.3170 -0.6464 30.2441 230 135 30 0.262
2.5313 1.3257 29.5223 230 123 30 0.227
0.4461 1.5592 26.8502 230 110 30 0.187
-6.3519 -2.1980 27.7482 230 158 30 0.333
5.8388 3.9111 18.3191 230 124 30 0.228
5.4305 0.8487 30.3074 230 135 30 0.263
-6.6979 -0.6471 32.5601 230 116 30 0.205
7.5161 -0.0818 29.8969 230 146 30 0.296
2.4443 0.7988 29.4529 230 128 30 0.243
-6.7137 -1.8995 29.7146 230 103 30 0.166
-2.5955 1.7728 27.9354 230 135 30 0.264
-0.6930 -2.6805 27.9810 230 155 30 0.325
-2.2895 -1.3275 29.1965 230 149 30 0.305
5.0615 -2.7079 28.4360 230 101 30 0.158
0.6987 -2.7944 28.8425 230 138 30 0.274
6.0279 -1.5299 31.2419 230 148 30 0.304
-4.3130 3.1498 18.8417 230 142 30 0.286
-2.1264 1.5632 29.1570 230 131 30 0.251
-3.2499 -2.7908 29.6912 230 130 30 0.247
1.7177 -1.7178 28.8869 230 154 30 0.322
-2.6336 -0.7742 29.1528 230 127 30 0.237
4.7476 -3.5122 29.4526 230 139 30 0.275
4.1023 -4.2113 29.0090 230 113 30 0.196
0.2467 -1.8717 28.5951 230 128 30 0.241
1.3526 0.6776 27.9588 230 143 30 0.288
5.2601 -1.0432 29.6074 230 110 30 0.186
-3.3045 -2.6165 29.4614 230 151 30 0.311
0.5123 1.5407 26.9083 230 105 30 0.171
7.7398 0.4085 29.6301 230 106 30 0.173
-6.1002 -1.0711 29.3014 230 150 30 0.310
0.3235 -0.7049 28.0719 230 161 30 0.344
7.8140 -1.7937 29.6283 230 158 30 0.334
-4.0630 -2.2880 28.4510 230 147 30 0.301
-2.4473 -1.6244 28.5203 230 146 30 0.297
-2.4117 -2.8002 28.8634 230 108 30 0.181
1.3589 -4.0860 28.4343 230 139 30 0.277
5.7073 -0.1253 30.9553 230 114 30 0.199
7.9747 -0.6830 30.2614 230 144 30 0.290
-4.1376 0.1273 29.2707 230 163 30 0.348
5.6356 -2.6647 30.4934 230 112 30 0.191
-4.7619 -0.5556 29.9509 230 159 30 0.337
4.5687 -3.4312 28.4432 230 104 30 0.169
-7.0224 0.1341 31.5081 230 110 30 0.187
2.5902 -4.1571 29.1363 230 160 30 0.340
-1.2030 -3.0222 27.2302 230 140 30 0.280
-6.2134 -4.5940 27.8937 230 156 30 0.328
-1.7599 -0.8491 28.7588 230 99 30 0.152
-0.2439 3.6402 18.5048 230 129 30 0.244
1.8413 -1.8468 29.0327 230 114 30 0.199
8.1856 -0.6766 31.0288 230 121 30 0.221
0.3430 -0.1923 30.4675 230 135 30 0.262
4.8663 -1.2171 30.6474 230 128 30 0.243
-2.6394 -3.8950 27.9362 230 100 30 0.155
-4.6675 3.5023 19.2188 230 116 30 0.205
-7.5447 0.9779 28.5647 230 150 30 0.311
-3.8651 -3.0592 28.7723 230 123 30 0.226
2.6515 -1.6490 29.0137 230 127 30 0.239
1.5467 -3.3332 29.0543 230 102 30 0.161
4.8233 -4.0544 29.0798 230 105 30 0.171
6.7038 0.2688 30.5836 230 126 30 0.237
5.8484 0.1763 30.2995 230 150 30 0.311
0.2321 -3.8427 28.8540 230 137 30 0.270
1.9742 -1.1115 29.4097 230 115 30 0.202
-3.3595 -2.0394 29.0680 230 149 30 0.306
2.0871 -3.5641 29.0579 230 115 30 0.202
-5.9412 -0.4668 30.4797 230 147 30 0.301
-5.7879 -0.1562 30.2712 230 125 30 0.231
2.6987 -2.2046 28.9335 230 132 30 0.253
-5.9127 -3.5087 29.2665 230 142 30 0.284
5.2342 -4.2258 28.6571 230 99 30 0.153
-6.3453 -0.2563 30.2924 230 157 30 0.330
-2.4489 -1.5025 29.4304 230 163 30 0.348
0.6158 -4.1445 28.0995 230 113 30 0.194
0.7890 -0.6318 28.1148 230 120 30 0.217
-5.0690 -1.6329 28.8140 230 112 30 0.193
-5.0342 -1.6097 28.1400 230 109 30 0.183
-3.0806 -2.5408 29.0799 230 131 30 0.250
-7.2151 -0.3484 29.0460 230 157 30 0.331
-6.1768 -2.1517 30.2408 230 159 30 0.337
-6.8793 -0.6250 29.8628 230 120 30 0.218
3.7474 -4.5932 27.8576 230 102 30 0.160
-2.0593 -3.3993 28.0923 230 160 30 0.340
5.2933 -2.8719 29.9263 230 149 30 0.305
4.9043 -3.9602 28.9655 230 109 30 0.184
-2.0768 -1.4259 28.4374 230 104 30 0.168
3.0325 3.9674 18.4422 230 102 30 0.163
0.0286 -2.0716 28.5547 230 122 30 0.223
-3.7807 -1.4203 28.4922 230 124 30 0.230
0.1317 -3.5956 27.5803 230 139 30 0.277
5.2102 -3.3425 28.8725 230 116 30 0.206
2.3814 1.2209 28.9970 230 132 30 0.255
-6.6401 -1.1911 29.5777 230 146 30 0.296
-5.9646 -0.3316 30.4678 230 126 30 0.235
-7.0672 1.6524 29.3416 230 118 30 0.210
-6.4083 -0.9712 31.0775 230 112 30 0.193
4.7915 -2.5819 28.4505 230 104 30 0.166
1.5650 -0.3386 30.6301 230 100 30 0.156
6.1367 -1.8614 28.0671 230 153 30 0.317
-3.5130 -4.5967 28.3943 230 148 30 0.304
0.3010 -3.4090 29.4978 230 139 30 0.274
-0.1590 -0.2646 30.3924 230 135 30 0.262
6.8297 0.1025 30.3392 230 162 30 0.347
-7.2507 1.2101 28.2899 230 101 30 0.159
-0.0693 -3.5188 28.6213 230 147 30 0.300
-3.6140 3.0302 19.0485 230 117 30 0.208
-6.4473 1.5436 29.2961 230 151 30 0.312
-2.3740 -2.5249 29.0769 230 123 30 0.226
8.3897 -1.4573 29.7275 230 126 30 0.235
-3.6259 -0.7201 29.8038 230 109 30 0.184
-1.5285 -0.7519 31.1389 230 150 30 0.310
7.3541 -1.5071 29.3954 230 147 30 0.300
7.4986 -1.8968 29.4734 230 139 30 0.276
-3.6987 -4.3106 27.2334 230 155 30 0.323
-1.6416 -0.5829 29.1109 230 134 30 0.260
-3.7412 -0.1208 30.0016 230 128 30 0.242
-0.1951 -3.3564 28.0347 230 133 30 0.256
-3.8825 -0.6998 28.9478 230 152 30 0.315
-6.8189 -2.7050 33.2065 230 102 30 0.162
-6.0554 -3.5497 28.4557 230 158 30 0.333
6.2106 0.4109 30.5694 230 158 30 0.334
0.0065 -1.6090 29.6782 230 115 30 0.200
5.0317 -2.5039 28.4613 230 162 30 0.348
-1.0548 -2.1522 30.7857 230 162 30 0.346
4.5457 0.4204 29.7861 230 145 30 0.293
-1.9177 -3.2016 28.2925 230 127 30 0.238
-7.0017 0.7132 29.3977 230 156 30 0.329
-5.2206 -2.0801 28.7913 230 127 30 0.238
1.4615 1.4641 27.8523 230 157 30 0.332
-6.9936 -2.2915 33.1702 230 130 30 0.247
0.2090 0.3320 30.4584 230 137 30 0.268
-2.6070 -1.3004 29.2816 230 113 30 0.195
1.7457 -0.6936 30.5169 230 117 30 0.209
2.3903 3.2602 18.6441 230 114 30 0.198
1.5133 -1.1717 29.2242 230 101 30 0.158
-2.9349 -1.1226 28.7459 230 105 30 0.170
5.0651 0.3882 29.5299 230 136 30 0.266
-2.3967 -0.4571 30.7478 230 114 30 0.197
0.0787 -0.9589 28.6442 230 145 30 0.294
5.2511 -3.2900 28.9852 230 135 30 0.264
-7.0683 -2.5612 31.3120 230 161 30 0.342
7.5551 -0.0863 29.8871 230 126 30 0.235
0.8935 -1.5856 28.3952 230 101 30 0.158
5.7140 -0.7403 31.0669 230 99 30 0.152
3.1442 -1.6563 29.1392 230 161 30 0.343
4.1934 -2.4636 29.7983 230 137 30 0.270
-1.7333 -3.5580 27.5477 230 161 30 0.344
3.1631 -1.0839 31.0900 230 160 30 0.340
-6.4931 -1.5903 30.0955 230 159 30 0.337
0.5985 -4.2428 28.8369 230 131 30 0.249
-7.5293 0.0543 31.7019 230 125 30 0.232
-2.5283 -3.0526 28.6288 230 105 30 0.169
0.1007 -2.3909 27.6349 230 139 30 0.275
4.8918 -1.5005 30.7825 230 113 30 0.195
-1.6791 -3.2832 28.9733 230 161 30 0.344
-4.4400 -1.6842 28.0645 230 127 30 0.238
-2.8972 0.0296 30.1415 230 151 30 0.313
-3.4063 -2.0548 27.9600 230 105 30 0.171
-7.0235 -2.9668 33.7286 230 157 30 0.329
-6.5835 -1.8574 30.2339 230 148 30 0.302
-0.9685 -1.8997 29.5454 230 150 30 0.309
5.8560 3.5090 18.7774 230 144 30 0.292
7.0072 0.3459 30.6748 230 150 30 0.308
-2.5546 0.7867 29.7429 230 109 30 0.184
-2.4213 -3.8982 27.5419 230 146 30 0.297
-0.2476 -0.6856 31.0135 230 109 30 0.185
-3.3701 -1.9958 28.8654 230 101 30 0.159
4.6434 -2.0236 28.6614 230 141 30 0.282
0.3150 -2.6024 29.2886 230 104 30 0.168
1.2081 -3.6740 28.5065 230 146 30 0.296
-3.5375 -1.8860 28.6395 230 146 30 0.297
-6.8996 0.9062 29.1613 230 158 30 0.335
3.7967 -0.3384 30.0768 230 148 30 0.303
-3.9172 -3.4384 27.5463 230 111 30 0.190
-4.7299 1.7294 27.7138 230 111 30 0.189
4.6865 -0.9071 30.1891 230 106 30 0.173
1.0531 0.7017 27.4647 230 142 30 0.284
0.4033 -2.0415 29.4358 230 160 30 0.340
-3.2637 -1.5929 29.4262 230 105 30 0.170
5.6811 -3.1606 29.0124 230 144 30 0.292
2.8635 -3.7694 29.1051 230 124 30 0.231
-8.2821 -2.2678 32.8519 230 157 30 0.330
-1.9155 -0.7544 30.2756 230 140 30 0.277
-2.7708 3.2870 18.5829 230 106 30 0.174
-3.1114 -2.5092 28.7838 230 154 30 0.322
-7.5367 -0.6913 31.6580 230 103 30 0.166
2.3093 0.9733 29.1361 230 126 30 0.235
-1.3416 -3.4713 28.9811 230 144 30 0.289
-7.2109 -0.1104 29.3413 230 115 30 0.201
-2.3056 -2.9195 29.0314 230 109 30 0.182
-4.1199 -2.0435 27.8184 230 119 30 0.215
-5.8796 -3.9675 28.2039 230 162 30 0.345
-3.6135 0.1799 30.1873 230 140 30 0.277
-0.0245 -1.3432 4.8643 230 109 30 0.184
-5.4814 -1.1860 28.1190 230 123 30 0.227
7.4739 -2.0823 29.8641 230 107 30 0.176
-7.6459 -0.3082 29.0426 230 156 30 0.327
-0.0697 -1.9894 28.7556 230 119 30 0.213
-7.5033 -0.2323 31.8153 230 106 30 0.173
6.0747 -1.9652 30.5375 230 134 30 0.259
-7.7493 -0.0095 31.0548 230 120 30 0.216
-4.8396 -2.0072 29.0603 230 106 30 0.175
0.9522 -3.1222 29.8186 230 113 30 0.196
-5.6755 -1.3926 29.5275 230 157 30 0.331
-5.1360 -0.9109 28.2558 230 113 30 0.194
3.5084 -4.3963 27.8086 230 152 30 0.316
5.0721 -4.5509 28.6707 230 141 30 0.281
2.5405 -1.6282 28.8561 230 134 30 0.260
-0.6064 3.6123 19.2646 230 122 30 0.223
-1.5204 -3.2931 29.6052 230 133 30 0.256
0.2396 1.2096 27.7031 230 157 30 0.329
-3.9577 -2.5060 27.9941 230 145 30 0.295
-3.4333 -2.0595 28.4575 230 107 30 0.176
-6.0337 -2.8018 28.4861 230 127 30 0.239
-3.3576 -4.5485 28.0004 230 113 30 0.197
-2.9798 -2.2592 28.9315 230 144 30 0.292
-0.2171 -2.5791 29.4930 230 155 30 0.323
-1.8968 -2.9310 28.3135 230 102 30 0.162
1.1459 -0.6542 30.3059 230 120 30 0.218
3.7636 3.4195 18.3676 230 134 30 0.259
4.6239 -3.2203 29.7449 230 122 30 0.222
1.2676 1.0288 28.0401 230 112 30 0.193
-2.7447 -2.0662 28.8742 230 103 30 0.164
1.2952 -0.9431 29.2328 230 135 30 0.263
1.9108 3.7933 18.9234 230 110 30 0.187
-7.3949 -0.1890 31.9291 230 148 30 0.304
1.8478 -2.6609 29.3491 230 134 30 0.261
1.7307 1.1873 27.8926 230 124 30 0.230
-7.5649 -2.5083 33.2932 230 110 30 0.188
-4.1727 -3.3286 28.3382 230 156 30 0.327
-2.4025 -3.5916 27.5389 230 158 30 0.335
4.6642 -2.9375 29.9624 230 162 30 0.345
2.7422 -4.0728 29.1138 230 135 30 0.262
-5.3665 -1.1077 30.0146 230 105 30 0.171
-0.2824 -1.8690 28.8621 230 101 30 0.160
5.3592 -4.1564 28.0381 230 116 30 0.204
-7.4380 -1.8016 29.6362 230 158 30 0.334
-7.6286 -0.1257 31.9208 230 116 30 0.205
8.4271 -1.0894 30.1905 230 134 30 0.259
-6.0334 1.2929 27.9382 230 144 30 0.290
-6.3534 -2.7898 32.7576 230 146 30 0.297
-5.6362 -0.6434 29.5326 230 162 30 0.345
2.0563 -0.0481 30.3198 230 108 30 0.181
-1.3945 -1.2152 27.9607 230 149 30 0.307
3.0156 0.0805 28.0753 230 145 30 0.295
-2.1177 -0.3022 30.6517 230 130 30 0.249
-2.2867 -2.4693 28.2687 230 121 30 0.220
-6.9007 -1.2625 29.8923 230 153 30 0.317
0.3075 -2.5969 29.7915 230 152 30 0.317
-3.5551 1.1855 28.1841 230 115 30 0.200
1.1649 -1.1422 30.2805 230 144 30 0.291
-3.8827 -3.9745 27.5232 230 115 30 0.200
-4.0052 -0.3139 29.6883 230 116 30 0.205
-4.3159 -1.8029 28.5743 230 105 30 0.170
3.8652 3.4775 18.4143 230 154 30 0.320
5.0570 -2.0949 29.1834 230 128 30 0.242
-2.0000 -3.5129 27.9143 230 121 30 0.219
-1.7162 -1.3682 31.2365 230 152 30 0.314
-2.3408 -3.4128 27.4513 230 158 30 0.335
-7.3868 -0.5980 32.9921 230 121 30 0.221
-6.2656 0.8745 28.7378 230 121 30 0.221
-1.2991 3.2053 18.8138 230 157 30 0.331
-6.6388 0.5790 29.4622 230 125 30 0.233
-2.2351 -3.5299 27.9569 230 129 30 0.244
-1.1082 -1.1492 28.0194 230 159 30 0.336
-1.4777 -0.4685 30.5424 230 111 30 0.188
-6.3883 -1.9647 29.6120 230 149 30 0.307
-2.2966 -0.9011 29.8782 230 132 30 0.254
0.2489 1.9627 27.6810 230 119 30 0.213
4.0878 -4.3449 27.8564 230 99 30 0.152
1.4620 -0.2461 30.7226 230 128 30 0.242
-3.8993 -2.8965 27.4945 230 157 30 0.332
-7.6001 1.0156 29.4379 230 109 30 0.183
-2.4479 3.3161 19.2312 230 119 30 0.215
4.0236 -1.9758 29.7551 230 123 30 0.226
6.3974 0.2114 30.2864 230 159 30 0.337
-0.9918 -2.6129 29.3804 230 101 30 0.160
-3.4192 -0.7214 30.8241 230 155 30 0.325
-3.9778 -1.6479 29.7179 230 156 30 0.328
-5.2956 -0.9625 27.9430 230 112 30 0.193
7.7643 -0.6568 30.3123 230 162 30 0.347
2.8353 -3.5971 27.9321 230 159 30 0.338
5.0654 3.2522 18.3433 230 129 30 0.245
2.2288 3.4944 18.4659 230 111 30 0.190
-3.1021 -1.2997 29.3626 230 135 30 0.263
-2.2518 -4.3427 27.6499 230 161 30 0.342
1.5973 -2.0801 28.7609 230 139 30 0.276
-3.7037 -1.7399 29.1282 230 104 30 0.169
-4.3267 -1.9213 28.4802 230 136 30 0.265
-7.0496 -2.7096 30.2789 230 124 30 0.231
1.8784 -0.7286 30.2247 230 122 30 0.223
4.9458 -2.3352 29.6817 230 104 30 0.168
1.5656 -3.0717 28.5164 230 130 30 0.248
-0.0935 0.4047 31.2667 230 141 30 0.283
0.0088 -0.4906 28.6977 230 114 30 0.198
0.3145 -1.8280 28.1588 230 107 30 0.176
3.4206 -1.7258 30.2020 230 120 30 0.216
-8.0093 -2.5052 33.1951 230 112 30 0.192
5.7785 -1.8445 29.5439 230 113 30 0.194
8.0186 -2.2121 29.0648 230 107 30 0.178
-6.4973 -2.5491 31.2991 230 114 30 0.197
-4.1237 -2.3233 28.6564 230 115 30 0.202
2.4345 0.9048 27.4937 230 158 30 0.335
1.9794 0.9832 28.3564 230 144 30 0.291
-2.5422 -0.4930 29.6450 230 148 30 0.302
-7.8238 -0.7844 32.0015 230 153 30 0.320
-7.8887 -0.3660 30.9690 230 112 30 0.192
6.4968 0.3468 30.4588 230 141 30 0.283
-0.7536 -1.3460 27.9621 230 124 30 0.230
-8.5657 -0.8357 31.9384 230 150 30 0.308
-5.0270 -1.7403 29.6403 230 106 30 0.172
4.0974 0.3249 29.4599 230 115 30 0.201
2.4420 -0.0853 29.6564 230 123 30 0.225
0.1286 -1.2292 28.5049 230 107 30 0.177
1.3071 -3.6950 28.6222 230 139 30 0.276
-0.4011 -2.7693 28.2788 230 107 30 0.176
-0.2409 -1.2539 29.8434 230 146 30 0.296
3.1625 -2.9634 30.1393 230 150 30 0.309
-6.4806 -2.2667 30.8771 230 154 30 0.320
-0.9972 -0.9402 29.9711 230 100 30 0.155
-7.2887 -0.6630 30.4202 230 135 30 0.264
-3.1202 0.4163 29.9605 230 135 30 0.263
4.2621 1.7752 27.9678 230 101 30 0.159
5.1779 -2.6940 29.4398 230 122 30 0.224
-4.4785 -3.2158 28.6564 230 132 30 0.254
-1.0971 -0.6307 29.8477 230 137 30 0.269
-3.9312 -3.9267 28.5706 230 156 30 0.328
1.4147 -2.8681 29.0943 230 109 30 0.183
-1.4341 -2.0909 28.1294 230 127 30 0.237
4.3608 -2.4622 29.7617 230 115 30 0.202
-1.1841 -2.2668 28.7481 230 122 30 0.222
-6.0500 -0.0638 29.5002 230 104 30 0.168
4.6434 -3.7008 28.5687 230 101 30 0.157
-7.4027 -0.7583 29.9815 230 113 30 0.194
7.2011 0.5429 30.2897 230 125 30 0.233
-3.8222 -4.1344 27.0079 230 123 30 0.226
-1.6735 -0.5372 28.7564 230 117 30 0.207
-7.7078 0.9540 29.0656 230 162 30 0.345
-5.3358 1.3625 29.0160 230 104 30 0.169
-7.2502 1.2099 29.0330 230 109 30 0.182
1.6891 -0.9641 28.9052 230 132 30 0.254
3.5497 -0.9079 28.7896 230 135 30 0.263
-6.3559 1.6151 27.7299 230 143 30 0.286
-7.5546 0.8118 28.9287 230 111 30 0.191
-2.2532 -0.9842 29.7255 230 111 30 0.188
4.0342 -3.7300 28.2865 230 146 30 0.298
0.6355 -3.0053 29.1535 230 126 30 0.234
-3.4295 -1.8891 28.7459 230 108 30 0.179
-4.2084 -0.6882 30.1384 230 125 30 0.232
-5.6785 -1.8984 30.5680 230 143 30 0.288
6.3647 0.6193 29.0746 230 155 30 0.323
0.6767 -0.2242 29.4930 230 145 30 0.292
2.7852 3.2925 18.6034 230 140 30 0.279
-6.7619 -1.5336 30.6031 230 128 30 0.241
2.5501 -2.6965 29.6040 230 135 30 0.262
3.4870 -4.2047 27.3472 230 119 30 0.212
-3.3554 -3.4901 27.6778 230 155 30 0.324
4.7154 1.9282 27.4936 230 162 30 0.346
-5.7590 -1.2495 29.9010 230 113 30 0.195
-2.7218 -1.3611 29.2545 230 151 30 0.312
-1.6493 -2.8651 28.2473 230 122 30 0.224
-6.4292 -0.0217 31.4075 230 156 30 0.329
-3.3466 -1.0719 27.8945 230 144 30 0.290
0.0072 -2.7415 29.4023 230 148 30 0.304
7.3699 -1.8582 28.8868 230 123 30 0.226
-3.5927 -2.8231 29.3045 230 115 30 0.203
-7.1939 -0.7975 31.2933 230 108 30 0.179
-0.5255 -0.9261 5.6836 230 101 30 0.159
5.7540 0.0953 30.7699 230 151 30 0.312
-4.9539 -1.7551 28.9851 230 159 30 0.338
6.6381 0.8132 28.0272 230 121 30 0.220
5.9094 -2.3000 29.0935 230 106 30 0.174
-2.1947 -1.5106 28.6729 230 151 30 0.313
5.1814 -1.5402 30.9407 230 145 30 0.293
0.3273 -2.5423 29.1425 230 100 30 0.155
-5.0085 1.6279 29.0599 230 118 30 0.211
5.7403 -2.4072 27.4301 230 123 30 0.227
1.6404 -2.6442 28.8108 230 118 30 0.211
-2.8660 0.8158 28.8247 230 128 30 0.241
2.2681 0.9461 27.7511 230 162 30 0.345
-3.3139 -2.0107 28.8166 230 101 30 0.157
-3.1179 -3.0857 29.1476 230 132 30 0.255
-2.1145 -3.8579 27.9576 230 125 30 0.231
-4.6801 -0.6545 29.9963 230 161 30 0.344
-0.1121 -2.1841 29.7008 230 128 30 0.241
-8.4638 -2.4796 33.4254 230 156 30 0.326
4.4814 -4.1844 27.9529 230 111 30 0.190
-6.7575 -1.5659 29.4905 230 136 30 0.266
-5.5033 -0.6022 30.0599 230 145 30 0.295
-6.5181 0.7616 28.4435 230 122 30 0.222
-1.9634 -2.7550 27.8058 230 148 30 0.304
-5.2328 -0.7317 30.2563 230 154 30 0.322
-6.8243 -1.3649 29.7688 230 123 30 0.226
1.0580 -3.5386 29.4626 230 156 30 0.329
8.2774 -0.4199 30.1537 230 145 30 0.293
5.2329 -0.6983 29.2301 230 148 30 0.303
-0.9781 -1.9860 29.4086 230 140 30 0.278
4.0655 2.9331 18.8827 230 108 30 0.181
1.9480 -3.4248 29.1874 230 111 30 0.191
5.8382 -2.4209 29.8183 230 160 30 0.341
2.9150 -0.4258 30.0109 230 105 30 0.172
-3.5099 -0.3186 30.3683 230 155 30 0.326
-6.6965 -2.0727 27.6825 230 110 30 0.185
0.0375 -2.4121 28.0466 230 152 30 0.317
2.4318 -2.0686 28.2167 230 158 30 0.333
-0.3994 -2.2503 29.3840 230 124 30 0.228
-3.7498 -2.6845 27.7520 230 126 30 0.237
0.0016 -2.0903 27.6799 230 132 30 0.254
-0.2144 -2.8905 27.5026 230 143 30 0.287
5.5069 -3.1325 30.2746 230 152 30 0.316
2.3749 -3.9206 28.1557 230 133 30 0.258
3.6960 -4.1149 28.1702 230 121 30 0.219
-3.4106 -1.3346 28.9165 230 160 30 0.341
-1.7885 -2.0231 29.4130 230 147 30 0.300
3.8290 -4.2563 27.8381 230 110 30 0.185
-7.1296 -0.2449 32.6526 230 159 30 0.338
-8.0414 -1.4862 31.8680 230 147 30 0.299
4.5767 0.6137 29.8484 230 136 30 0.265
7.9415 -0.7693 29.7477 230 152 30 0.317
-1.1638 3.6426 18.6468 230 138 30 0.272
3.7331 0.7487 29.5266 230 119 30 0.214
-0.5752 0.1063 30.4521 230 108 30 0.180
-6.4424 1.2259 28.4367 230 148 30 0.303
6.0464 -2.0467 28.5552 230 140 30 0.278
-7.6412 -2.6535 33.7231 230 107 30 0.176
-6.9775 -0.5401 30.5174 230 135 30 0.265
5.1247 -3.1688 29.6415 230 143 30 0.287
-4.7548 1.5890 28.5099 230 162 30 0.346
-6.7277 0.0237 31.4857 230 107 30 0.178
-1.3585 -3.8325 28.9334 230 161 30 0.344
7.2451 -1.7231 28.7538 230 100 30 0.156
0.3921 -0.1881 29.6932 230 127 30 0.239
6.0051 -1.9189 28.6402 230 142 30 0.284
0.4013 -2.9738 27.9973 230 160 30 0.340
6.2057 0.5315 30.4656 230 108 30 0.180
7.7516 0.9197 30.2358 230 105 30 0.171
-1.2770 -2.1437 28.3745 230 155 30 0.324
-4.5334 -1.7586 29.5283 230 156 30 0.327
4.0412 -4.0402 28.2527 230 148 30 0.303
-0.3277 -1.1687 29.0953 230 128 30 0.240
-0.5914 -0.8527 29.9170 230 121 30 0.219
-0.1649 -1.1281 27.9753 230 127 30 0.240
-3.5078 -2.0302 28.8560 230 117 30 0.209
0.3437 -0.8802 5.3774 230 108 30 0.179
2.0281 -2.6329 28.7392 230 104 30 0.168
-7.2382 -2.7126 33.1100 230 135 30 0.263
5.7655 -3.2867 28.2583 230 132 30 0.255
-3.0768 -1.9230 29.2371 230 111 30 0.189
0.2000 -2.6676 27.5833 230 124 30 0.231
-7.6958 -0.6357 31.3954 230 117 30 0.208
-5.7487 -3.9890 28.1045 230 145 30 0.294
-7.6360 0.6446 28.9019 230 112 30 0.193
1.7781 -1.8782 30.2816 230 137 30 0.269
-3.7905 -2.3001 29.1479 230 162 30 0.346
-3.8886 -1.7765 29.1928 230 102 30 0.161
4.2964 -4.3315 28.4893 230 132 30 0.253
-2.2236 0.8524 29.0163 230 110 30 0.185
-0.1547 -1.6181 28.4741 230 114 30 0.200
-6.5044 -1.8400 29.8417 230 141 30 0.283
-5.5367 -4.1815 27.7118 230 152 30 0.314
2.3143 1.7876 28.4187 230 131 30 0.252
-7.2720 -3.0629 33.3587 230 129 30 0.244
-6.0273 -3.7159 28.4435 230 133 30 0.257
-0.4229 3.1864 19.5981 230 126 30 0.237
-1.9480 -3.5451 27.9849 230 106 30 0.175
4.7000 -2.8188 29.2309 230 145 30 0.294
4.6299 0.2166 30.2029 230 149 30 0.305
1.1585 -3.3963 29.2815 230 146 30 0.298
-4.9493 1.4321 29.3293 230 141 30 0.280
2.1690 -1.6331 27.9885 230 110 30 0.186
-2.4427 0.9745 28.8247 230 151 30 0.312
-3.8912 -0.9179 29.6843 230 159 30 0.337
6.0982 -1.9781 28.3290 230 108 30 0.181
1.3623 -2.3935 29.2386 230 102 30 0.160
2.7096 -2.8184 29.6686 230 120 30 0.215
4.4196 -2.2039 29.2216 230 140 30 0.279
3.4191 -1.2737 29.0772 230 127 30 0.240
-2.0220 -0.8692 29.5846 230 122 30 0.223
5.5426 -1.6458 29.7183 230 112 30 0.193
-5.2685 -1.5320 29.3138 230 160 30 0.339
-1.6233 3.1866 18.8592 230 99 30 0.152
4.8226 -2.8981 29.5896 230 100 30 0.155
4.3462 -2.1687 29.7520 230 125 30 0.233
8.1354 0.4830 31.4124 230 136 30 0.266
-1.8349 -3.3526 28.3802 230 157 30 0.330
0.5332 -1.5227 28.7490 230 107 30 0.177
6.2591 -0.3355 28.9504 230 149 30 0.307
-4.0106 -3.3694 27.9997 230 154 30 0.322
6.4928 0.6007 28.2100 230 99 30 0.151
0.2641 -3.2501 27.7400 230 101 30 0.159
-1.1069 -0.4776 29.4253 230 137 30 0.271
6.2657 0.6121 31.2507 230 105 30 0.171
-5.2291 -0.8659 29.5022 230 112 30 0.192
2.8326 -1.5346 29.9763 230 154 30 0.323
1.8176 -3.2488 29.2268 230 101 30 0.159
2.9638 -0.2932 29.7621 230 118 30 0.209
8.7371 -0.5059 29.6310 230 116 30 0.204
-0.2687 -0.5201 30.1002 230 98 30 0.150
2.0727 3.3397 19.0133 230 144 30 0.290
5.7269 -1.4345 29.3510 230 101 30 0.159
-0.7038 3.5616 18.6106 230 159 30 0.337
0.2400 -2.6388 29.1175 230 148 30 0.302
-3.3452 -0.3491 29.7378 230 123 30 0.227
2.4727 -3.6351 28.6394 230 142 30 0.285
2.2514 3.0106 18.3954 230 112 30 0.193
1.4501 -0.1919 30.8890 230 117 30 0.206
4.4150 -4.1843 28.2266 230 133 30 0.256
0.9807 0.6951 28.6172 230 107 30 0.176
-5.7361 -3.3119 28.6013 230 148 30 0.303
5.1733 -2.3554 29.1593 230 155 30 0.326
6.4769 -1.7882 29.8145 230 123 30 0.227
-5.8581 1.6933 29.5282 230 163 30 0.349
0.9296 -1.3678 28.6293 230 113 30 0.195
-3.4745 -2.0971 28.2094 230 108 30 0.181
-2.1993 -2.3297 28.2979 230 142 30 0.284
0.8001 -2.7781 29.5618 230 119 30 0.213
2.2089 -2.7836 30.1675 230 113 30 0.195
5.5322 -1.7641 29.1830 230 104 30 0.167
-4.1438 -1.3897 29.5229 230 152 30 0.315
-5.2707 3.4555 18.6520 230 127 30 0.239
-4.2483 -2.0262 28.8919 230 151 30 0.311
-6.1197 -1.9691 30.4221 230 148 30 0.304
-0.3829 -0.8424 5.2465 230 116 30 0.205
-0.0120 -0.6805 30.0400 230 153 30 0.319
2.3349 -1.4712 29.0911 230 128 30 0.242
4.9877 0.0720 29.5534 230 118 30 0.211
-7.6484 -2.6701 33.1849 230 160 30 0.340
-8.0143 0.4400 30.6139 230 105 30 0.169
-3.9249 -3.1793 27.4005 230 160 30 0.341
7.4642 1.0034 29.5623 230 131 30 0.252
-3.7660 -2.4607 29.4803 230 126 30 0.236
1.1383 -3.2837 30.0926 230 130 30 0.248
4.3942 -3.9828 28.0694 230 101 30 0.159
5.2833 0.4340 29.8383 230 160 30 0.341
-1.9375 -3.5516 28.1782 230 150 30 0.311
-4.6710 0.1283 29.8121 230 156 30 0.328
-2.6499 -0.7593 30.7156 230 110 30 0.186
-0.2981 -0.5827 30.3875 230 124 30 0.231
0.6145 -0.6141 30.4961 230 123 30 0.226
-6.5139 0.4610 29.4707 230 153 30 0.318
2.1347 1.7771 28.9625 230 128 30 0.241
-3.7244 -1.6234 29.4358 230 124 30 0.230
0.0918 -0.5889 30.6948 230 118 30 0.211
8.3528 0.6963 30.1406 230 150 30 0.310
4.9970 -0.9009 30.5604 230 105 30 0.170
3.8033 -4.3976 27.8770 230 100 30 0.156
4.2966 0.7199 29.6771 230 141 30 0.281
-5.7373 -3.7977 27.8478 230 146 30 0.297
4.5558 -2.3636 29.2767 230 131 30 0.251
3.0685 -1.2259 29.7430 230 107 30 0.177
0.8228 -0.0230 30.7918 230 141 30 0.282
4.1634 3.3610 18.8165 230 162 30 0.347
6.4030 1.1885 29.0538 230 148 30 0.304
1.1380 -1.2376 29.5506 230 127 30 0.238
