ply
format ascii 1.0
comment Created by Open3D
element vertex 6222
property double x
property double y
property double z
property double nx
property double ny
property double nz
property uchar red
property uchar green
property uchar blue
end_header
-1.82139 0.519984 30.2496 0.890727 0.311367 0.331143 224 196 193
4.50648 0.750762 29.9841 0.156546 -0.984945 -0.0733303 150 151 125
7.53259 0.207772 30.3211 0.208427 0.4326 0.877163 211 197 194
-1.86357 3.13861 19.3995 -0.122436 0.980889 0.151213 250 232 218
3.41917 0.108041 30.2744 -0.429385 -0.668409 0.607336 200 183 178
4.58464 -3.80069 28.6861 -0.461145 -0.836701 0.295425 110 101 122
2.94905 0.310422 30.4833 0.123759 -0.778415 -0.61543 153 146 136
3.37668 0.304866 30.4411 -0.195743 0.273365 0.941784 116 121 99
4.52436 -0.370653 30.2441 -0.818301 0.114892 0.56319 248 220 225
-3.18106 -0.468271 30.3375 -0.135075 -0.825529 -0.547957 165 159 169
0.327517 1.26906 28.6637 0.0153522 -0.9659 -0.258459 155 132 110
-8.12538 -1.71465 31.8094 -0.990995 -0.0485482 0.124788 74 84 59
-4.56816 0.489095 30.4854 0.308169 0.608636 0.731159 183 172 170
-6.30979 0.433696 30.3711 0.107669 -0.631894 -0.767539 106 111 91
4.2188 -0.809561 29.5847 -0.48359 0.530206 0.696435 174 137 155
5.53276 -1.16915 30.0837 -0.659805 0.726022 0.193776 156 138 150
3.62227 -0.395484 30.2301 -0.942545 -0.132065 0.306867 190 164 167
6.17019 0.460745 30.0649 -0.703794 0.0520409 0.708496 157 151 139
0.907421 1.2741 28.6673 0.0262809 -0.943733 -0.329663 146 118 106
5.56213 -3.31282 29.0604 0.574988 0.271374 0.771845 106 91 98
3.05762 1.26772 28.5749 0.265613 -0.749969 -0.605802 167 132 116
3.74364 0.270851 30.4376 -0.792058 0.60368 0.0906329 141 138 119
5.54526 -3.38729 29.1345 0.574988 0.271374 0.771845 187 179 192
2.98405 0.275654 30.5874 0.677168 -0.654229 -0.33679 100 93 87
-6.08764 -1.58211 29.3249 0.133834 0.823121 -0.55187 149 138 144
3.54998 -4.03952 28.4047 -0.939996 -0.295865 0.169916 164 135 137
3.3834 -3.12709 29.2695 0.0138502 0.911588 0.410871 192 182 193
2.59935 0.739323 29.8228 0.526771 0.830012 -0.183282 133 148 117
-1.04136 1.18036 28.9764 -0.514057 -0.819496 -0.253323 255 244 233
4.07651 -2.25878 28.8364 0.112542 -0.760887 0.639051 179 176 195
3.30315 -2.37205 29.0507 -0.33962 -0.326326 0.882139 219 194 204
4.09107 0.302116 30.2308 0.267883 -0.808651 0.523759 132 137 122
4.69841 1.24326 28.6066 -0.523063 -0.654859 -0.545495 169 151 140
-3.05466 0.969989 29.7419 0.446849 -0.33642 -0.828944 128 123 103
-2.59284 1.13059 29.4594 -0.00675299 0.827857 0.560899 174 155 139
4.19604 -4.02207 28.3404 -0.214838 -0.934554 -0.283643 235 218 218
1.14936 -1.59311 29.0598 -0.257857 0.913067 0.31594 234 212 227
-4.84242 1.29212 28.7967 0.0978599 -0.942212 -0.320407 160 141 126
-6.60595 0.433328 30.1324 -0.22556 -0.283765 0.931987 87 87 77
4.38859 -1.87717 29.3636 0.0636307 -0.725606 0.685162 137 126 126
-2.18658 0.797685 29.9334 0.14462 0.918827 0.367209 147 145 129
-5.33044 1.0214 29.8459 0.242462 -0.964955 0.100373 141 140 120
3.56498 -3.67604 28.6673 -0.543791 0.8076 -0.228196 177 164 178
4.14186 -3.99556 28.3373 -0.340019 -0.613676 0.712593 189 170 177
8.28638 0.326881 30.4125 -0.4404 0.554526 0.70608 160 142 138
3.74692 1.29995 28.7358 0.0510969 -0.988483 -0.142446 228 188 176
5.05787 -2.80785 29.3362 -0.414635 0.878886 0.235874 204 207 216
-6.11917 -1.42984 28.6158 0.690693 -0.284151 0.664982 201 188 197
-2.94908 -1.59561 29.1775 -0 -0 -1 128 116 118
-4.00088 0.991888 29.7808 -0.0201929 -0.832671 0.5534 172 157 138
4.46608 -2.14068 29.0553 -0.196983 -0.238535 0.950946 109 94 94
-1.4433 -0.686096 29.2251 -0 -0 -1 174 161 170
2.76413 3.15968 19.237 -0.0335642 -0.998219 -0.0493139 255 248 239
-3.30574 1.17475 29.1838 -0.0341883 -0.998215 -0.0489723 185 157 146
3.65418 0.859276 29.6471 0.13389 0.0102403 -0.990943 89 76 73
-6.05339 0.787841 29.8873 -0.396253 -0.388375 0.831955 99 111 86
3.99896 1.2376 29.0443 0 0 1 159 117 101
4.51089 -3.60651 28.8194 -0.331569 -0.343673 0.878608 230 232 244
5.12494 -3.04373 29.5505 0.822149 0.336237 -0.459364 201 198 217
7.58463 0.958858 28.6241 -0 -0 -1 156 146 139
5.38212 0.400485 30.3267 0.249055 0.313751 0.91626 135 114 111
5.50358 -0.994243 30.281 0.735328 0.677711 -0.00130827 199 179 188
-3.1676 -0.398858 30.2718 -0.182293 -0.87245 -0.453431 132 115 122
3.42463 -3.88373 28.829 0 0 1 185 169 186
4.33535 -0.891528 29.7543 -0.847565 0.114648 0.51816 217 196 200
2.84839 -3.6967 28.959 -0.595501 0.0434796 0.802177 198 185 195
-0.209203 1.33519 28.2209 -0.0334489 -0.983053 -0.180242 149 116 101
0.798444 0.469809 30.2505 0.479523 -0.697897 -0.531975 118 109 112
5.14537 -2.56316 29.006 -0.0947868 -0.802449 -0.589145 152 138 145
1.07443 -1.60432 29.1054 0.304227 0.889186 0.341751 100 87 89
-3.61863 0.76611 30.1412 0.0675105 -0.84561 -0.529516 132 131 113
-5.47255 3.18713 19.459 -0.126392 -0.988693 0.080689 253 247 225
5.49161 1.34922 28.1559 0.0194803 -0.999655 0.0176129 232 190 182
3.86167 3.23968 19.5814 -0.0166893 -0.998867 0.0445692 170 171 129
4.9165 -0.522607 30.4483 0.0562611 0.988747 -0.138613 212 196 207
-1.68924 -1.95526 29.1147 -0 -0 -1 115 98 114
4.40475 -3.52477 28.7818 -0.791081 -0.324432 0.518589 169 153 166
-1.76436 3.16437 19.3993 -0.212133 0.977211 -0.00769688 233 220 201
3.94109 1.24617 28.6936 0.0507793 -0.99238 -0.112263 173 128 122
-3.13675 -3.64098 28.5639 -0 -0 -1 101 98 98
2.46658 -3.33887 28.5448 -0.941549 -0.237131 -0.239278 135 127 151
-2.25956 -0.112111 29.7024 -0.131848 0.204493 -0.969948 193 182 190
3.38318 -3.56544 28.2613 0 0 1 190 185 215
1.14747 -3.6627 28.643 0 0 1 162 159 156
-6.64257 -0.0831915 31.0438 -0.758936 0.51483 0.398707 141 137 128
2.36951 -2.55314 29.2271 -0.563758 -0.338395 0.753436 240 219 224
4.37335 -2.91409 29.0637 0 0 1 245 224 233
3.60728 -3.60966 28.7456 -0.9913 0.0337453 -0.12722 249 230 239
-2.16729 0.896193 29.6847 0.20926 0.718986 0.662774 94 86 76
4.59172 -3.80607 28.7248 -0.394326 -0.581072 0.711943 130 121 140
-3.18216 0.75953 29.7948 0.18788 -0.583734 -0.789909 125 117 107
-0.568744 0.616171 30.0927 -0.18319 -0.376372 -0.908177 144 124 117
2.66807 1.48896 27.9316 -0 -0 -1 220 103 109
-4.50956 0.983968 29.7898 0.343056 -0.774502 0.53147 90 92 66
4.42573 1.25154 28.5873 -0.0989018 -0.994839 -0.0226538 157 130 116
3.88235 1.35589 28.1015 0.00490424 -0.99097 0.133994 241 196 185
3.58255 0.995016 29.7502 0.0334275 0.779104 -0.626003 95 86 71
-7.70967 0.238934 29.9055 -0.144581 -0.192016 0.970683 196 189 186
-3.11213 1.25787 28.7329 -0 -0 -1 168 143 123
1.98216 0.544814 30.0163 -0.0900436 -0.980821 -0.172864 95 85 75
4.22946 -1.90817 29.3988 0.0842931 -0.747965 0.658363 162 157 151
4.74463 -3.55498 28.5974 -0.657402 0.373809 -0.654286 205 192 209
-4.38072 0.743889 30.0876 0.327414 -0.810824 0.485145 126 118 103
4.84245 0.550262 30.1194 0.477944 -0.819187 -0.317023 171 165 150
1.84359 -2.56168 28.7939 -0.604262 0.189661 0.773884 153 141 151
-2.10234 0.669825 30.0563 -0.061441 0.724962 0.686043 189 186 165
4.73479 -3.71192 28.9348 -0.758042 -0.612011 -0.225423 160 143 166
3.56577 -3.75368 28.7225 -0.0888317 -0.962134 -0.257694 165 152 161
5.77059 1.31111 28.1483 -0.28943 -0.790068 0.540392 187 156 142
-0.114891 1.02942 29.7316 0.0401642 -0.760837 -0.647698 191 172 157
-3.82835 -1.03389 28.6726 -0 -0 -1 118 98 109
-0.782268 3.16518 19.2703 0.443574 -0.886228 0.13357 253 241 222
-2.52546 0.155525 30.3599 -0.482602 0.875697 0.0158308 179 163 164
1.58483 0.843003 29.65 0.268417 -0.960525 0.0730998 134 127 117
3.33814 -2.28947 29.2347 0 0 1 161 140 153
-3.96121 0.907461 29.669 0.0902821 -0.69917 0.709232 105 92 73
2.47839 -3.52043 28.8813 -0.673305 0.495437 0.54882 104 99 121
2.93183 1.33939 28.271 -0.0187621 -0.998506 -0.0513189 148 113 103
6.04193 1.33959 28.1068 -0.15024 -0.986601 0.0636051 233 208 199
-1.86302 0.252798 30.0372 -0.657528 -0.705471 0.264514 89 76 77
-1.84138 0.587251 30.0467 0.194603 0.912123 -0.360778 181 156 152
-5.98973 -1.16964 29.5293 0.722036 -0.598799 0.34656 160 140 135
-4.02924 0.925151 29.7689 0.1056 -0.799446 0.591383 103 81 70
-5.62554 -1.45797 29.0657 -0.165402 0.966716 0.1952 231 212 218
-6.42099 -1.48373 29.2724 0 0 1 255 246 255
-5.96775 0.249755 29.9123 -0.997491 -0.0643184 0.0295944 237 229 216
-0.163371 1.26251 28.6483 -0.142508 -0.885913 -0.441418 152 121 103
2.43562 -3.28015 28.6712 -0.973239 -0.0933251 0.209991 228 213 229
-0.733327 -3.30623 28.8689 -0.106582 0.494386 -0.862683 192 181 188
8.23369 -0.556316 30.2892 0 0 1 162 129 114
-0.635663 0.956454 29.5294 0.377632 -0.374964 0.846638 127 92 99
5.42555 -0.641627 30.4854 0.172667 0.840824 -0.513031 218 198 209
-7.39512 0.237365 29.9322 0.0233538 -0.0415135 0.998865 185 183 181
3.80053 1.29848 28.4148 0.0507911 -0.989592 -0.134637 228 196 181
4.48458 -0.212569 30.2832 -0.383551 -0.485373 0.785686 239 212 221
2.78756 0.293382 30.4172 -0.0795584 -0.897651 -0.433466 166 158 147
-5.91828 1.32464 28.5273 0.130446 -0.954888 -0.266781 218 190 179
-4.56746 0.523721 30.2825 0.252095 0.816589 0.51926 160 142 143
3.34756 -3.65737 29.1143 0 0 1 198 194 221
2.7775 -2.11966 29.3033 0.501367 -0.857562 -0.11497 137 116 121
2.26943 0.838568 29.7398 0.0554361 0.00921063 -0.99842 129 121 110
-5.12914 1.08356 29.6804 -0.0801734 -0.921546 -0.379901 140 147 114
3.5474 -2.16304 29.5415 0.226715 0.898593 0.375673 143 122 122
5.07376 -1.14361 30.2282 -0.206144 -0.976605 -0.0612101 166 156 160
-3.39356 -1.04975 30.1674 0.246196 0.79756 -0.550714 179 167 181
-5.30466 1.32622 28.5821 0.456547 -0.865719 -0.205172 230 193 177
5.18994 3.18281 19.0578 -0.190335 -0.977838 -0.0872139 247 243 206
-0.0751819 0.626912 30.0172 0.0684931 -0.591336 -0.803511 106 95 77
-3.48386 1.18947 29.107 -0.189512 -0.932702 -0.306842 185 155 145
-3.23894 1.12761 29.4241 -0.471368 -0.846945 -0.24596 185 162 148
6.49879 0.196969 30.1975 -0.053749 0.660525 0.748878 208 192 167
-5.68904 -1.39905 28.5559 -0.237924 -0.968272 -0.076435 233 221 225
3.39048 -3.2751 29.0643 0.0611769 -0.389075 0.919173 105 93 107
3.57257 -2.56607 29.1877 -0.749246 -0.569468 0.338137 156 135 140
0.487457 -1.2092 28.9903 -0 -0 -1 143 131 138
4.17969 1.05706 29.1213 0.062806 -0.997361 -0.036428 203 204 185
-1.28117 1.35426 28.0659 -0.00418513 -0.992611 -0.121265 230 187 178
0.383747 -0.929342 29.7699 0.697949 0.712837 -0.0687773 189 163 164
4.32917 0.313375 30.5177 0.182943 -0.356826 -0.916082 144 130 125
-3.99498 0.717499 30.1959 -0.0321476 -0.781409 0.623191 177 168 153
2.57365 -3.31652 29.0165 -0.0714573 -0.924979 0.373241 246 240 250
-5.08521 0.683626 30.2283 0.0473804 0.15458 0.986844 181 163 151
-5.90784 0.442469 29.9694 -0.780215 0.561946 0.274739 132 128 119
2.82483 -3.31838 28.7779 0 0 1 209 205 219
3.18802 -1.04749 30.2724 -0.192145 0.894709 0.403207 80 79 80
-4.95 1.03731 29.8405 -0.624061 -0.241855 -0.743004 138 133 114
0.0366991 0.892642 29.6388 0.068437 -0.839345 -0.539274 140 108 98
5.36913 -1.42881 29.9401 0.106323 -0.965873 -0.236187 203 191 193
-1.0275 -1.58215 29.0998 0.73792 -0.260004 -0.622794 126 109 117
-7.60088 -2.29914 31.9622 0.36659 -0.854815 0.367293 139 149 115
-5.69436 0.571467 30.2181 -0.222878 0.716736 0.660769 138 135 120
4.10127 -0.602249 30.1242 0 0 1 206 176 174
-3.27426 -0.800218 29.9173 -0 -0 -1 179 166 183
2.82461 -2.07868 29.2948 0.514173 -0.849465 -0.118471 147 123 121
2.34088 0.899592 29.7946 0.281103 0.565854 -0.775107 132 121 117
3.03548 -2.69315 29.3182 -0.00316912 0.972376 0.233398 137 128 136
1.58596 1.31446 28.4689 0.0585234 -0.955307 -0.289764 212 178 168
4.4238 -3.30957 28.8553 -0.893285 -0.200734 0.402178 224 218 230
0.27527 -1.8728 27.951 -0 -0 -1 163 142 158
2.37219 0.197131 30.3331 -0.931847 -0.10124 0.34844 165 155 146
4.84183 -2.15232 29.1837 -0.240076 -0.94637 -0.21621 185 171 168
1.60593 -2.7479 28.9304 -0.337006 0.318556 0.885974 198 185 190
-4.2055 0.150073 30.0158 0.1376 -0.90669 0.398723 226 199 206
-8.1142 -1.66693 31.9057 -0.941048 0.0682867 -0.331308 121 131 107
-6.66106 0.346478 30.0961 -0.515699 -0.207107 0.831361 194 190 187
-6.23245 1.29189 28.4959 -0.76693 -0.359611 0.531506 124 119 97
0.375333 -2.84715 28.9479 -0.373065 0.926012 -0.0576528 214 191 195
0.0111129 -0.719181 29.9596 0.0723953 0.962935 -0.259835 180 150 150
4.77733 -3.30875 28.7086 -0.888862 0.0592907 0.454323 198 187 198
2.52139 -0.06792 30.1016 -0.382672 0.374989 0.844361 217 206 200
3.84097 1.24726 28.7554 -0.0737592 -0.969492 -0.233764 201 159 151
-2.02934 -1.02332 29.6145 -0.103044 0.994467 -0.0204107 126 99 106
4.32905 -2.17171 29.2091 0.408134 -0.849715 0.333783 139 118 123
-1.52496 -0.252944 29.9995 -0.580581 -0.812667 0.0499803 239 214 218
-3.58379 -3.44986 27.4177 -0 -0 -1 183 166 185
-2.8173 0.367725 30.4164 -0.917618 -0.389483 -0.0792443 146 134 135
-2.11282 1.27548 28.6436 -0 -0 -1 166 132 122
3.89315 -0.750445 29.6197 0.364703 0.816229 -0.448064 233 209 215
-6.2378 -1.43053 28.6161 -0.0296665 -0.812515 0.582185 252 247 253
2.71552 -3.35208 28.977 0.249547 -0.931475 0.264728 246 242 254
5.47154 -2.83061 29.0463 -0.403312 -0.905747 0.13024 253 250 253
-1.83367 0.684143 30.0302 0.423181 0.689249 0.588093 175 161 145
4.60533 -2.25237 28.9337 0.461675 -0.405954 0.788706 239 230 238
2.47641 -0.146727 30.2382 0.0454412 0.716309 0.696302 227 212 213
-7.53146 0.454618 29.8562 -0.00910569 -0.338785 0.94082 87 93 84
-6.42635 0.383077 30.8211 0.18441 0.951828 0.244982 139 136 119
3.23403 -1.36216 29.8328 -0.614506 -0.0810104 0.784742 189 173 183
-4.08716 0.356203 30.4215 0.658481 -0.667952 0.34676 150 138 138
2.36922 -1.67133 29.4222 -0.11573 0.325443 0.938453 190 178 177
-1.05929 0.997555 29.7591 0.316364 -0.463315 -0.8278 153 133 123
-3.62685 -1.07899 28.8778 0.100172 -0.985241 -0.138804 230 210 220
2.90459 3.15337 19.6144 0.0254611 -0.998396 -0.0505686 255 242 232
-0.528027 0.52963 30.1289 -0.0799512 -0.657925 -0.748827 210 194 181
-3.85507 -1.09381 28.6287 -0 -0 -1 243 218 237
5.59335 -2.89316 29.0943 -0.61178 -0.685691 0.394402 200 194 196
3.54711 -3.39931 28.7532 -0.726506 -0.274538 -0.629935 120 106 115
-4.79255 1.01634 29.5497 -0.668961 -0.732818 -0.124376 103 109 81
-5.49138 1.26944 28.829 0.0482593 -0.965841 -0.254602 151 155 132
4.8457 -3.29803 28.8587 -0.948051 -0.201846 0.245881 102 96 107
1.12269 0.88875 29.0986 0 0 1 110 96 93
2.90047 0.217965 30.2928 0.634348 0.527366 -0.565232 105 100 95
-7.04203 0.106518 29.9035 -0.259158 -0.226675 0.938859 85 78 86
1.91356 1.24521 28.6204 -0.037477 -0.909855 -0.41323 172 169 155
-4.12027 0.243208 30.2828 -0.739737 -0.512992 0.435463 150 131 137
-0.868308 0.718529 30.1622 -0.68302 0.107494 -0.722447 160 138 134
2.31224 -1.58205 28.5895 0 0 1 195 186 187
-6.32759 0.59277 30.1002 -0.237412 -0.971359 -0.00981411 109 103 87
1.66338 -2.00244 29.4335 0 0 1 221 199 202
-2.48374 1.10014 29.5275 -0.00675299 0.827857 0.560899 170 151 134
5.48283 -1.07142 31.0033 0 0 1 189 166 174
-1.99303 -2.03104 28.4497 -0 -0 -1 142 126 144
-6.24508 -1.52453 29.3277 0.316551 0.872115 -0.37311 253 239 250
5.62752 -2.93816 29.0754 -0.676244 -0.668739 0.309002 235 220 225
-6.60251 -0.0281812 29.9728 -0.164838 0.296147 0.940811 131 125 125
-2.00621 0.509462 30.4017 -0.00289017 0.971828 -0.235672 140 127 116
-7.65433 -1.70892 31.9653 -0.242022 -0.0674779 0.967922 77 82 71
3.57489 -1.03971 30.0658 -0.605848 0.567936 -0.557133 103 91 95
-4.51156 0.223522 30.2618 -0.661394 -0.609954 0.43648 202 192 183
1.63897 0.873741 29.5465 -0.0862638 -0.981685 0.169863 98 83 78
2.02736 -2.09396 28.849 0.0652883 -0.424656 0.902998 228 217 229
0.758121 0.587659 30.1493 0.282152 -0.426295 -0.859455 135 116 120
1.99897 0.380796 30.436 -0.166586 -0.792568 -0.586587 83 92 70
5.02662 3.17005 19.3582 0.125182 -0.984297 -0.124458 248 226 202
-1.32342 0.294388 30.7827 -0 -0 -1 221 200 207
-0.657991 -2.93759 29.0177 -0.35606 -0.825379 -0.438144 146 144 145
3.36621 -2.73642 29.2905 -0.0979596 0.852451 0.513547 206 194 204
2.93631 -2.79922 29.365 0.0438467 0.495195 0.867675 207 205 216
5.40539 -1.25392 30.1937 0.356727 0.790703 0.497528 211 197 202
-5.84538 1.32203 28.507 0.174912 -0.972192 -0.155718 238 212 200
-4.82523 1.32172 28.4859 -0.264348 -0.942218 -0.205782 223 186 173
3.3642 -2.73185 29.2537 -0.0979596 0.852451 0.513547 206 194 204
-3.46296 -2.67899 29.2908 0.471453 0.853852 0.220609 200 193 205
-1.21645 0.754455 30.1659 -0.131609 0.869566 -0.475956 177 161 151
1.50962 0.873693 29.6172 0.349351 -0.935241 -0.0572609 101 85 77
-6.31098 0.56131 29.9402 0.59167 -0.62981 -0.503255 166 163 146
5.06995 -1.07181 30.2669 0.0598575 -0.926722 0.370949 105 90 93
-0.745805 -1.58127 29.2597 -0.689449 -0.100118 -0.717382 83 63 62
5.03888 -2.37632 29.4898 0.0425894 -0.596476 0.8015 158 136 144
2.86815 -3.79566 28.9739 -0.648009 0.349765 0.676571 167 153 168
4.60477 -3.48179 29.0972 -0.0665092 -0.600704 0.796701 177 168 197
0.0809015 1.06202 29.5045 0.0242032 -0.998105 0.0565676 136 117 103
-5.7001 1.15064 28.9302 0.209196 -0.958715 -0.192619 149 156 123
-0.309626 -1.49643 28.7926 -0 -0 -1 175 153 166
0.00252645 1.22737 28.5985 0.0104938 -0.976231 -0.216478 176 136 122
-3.85366 3.17198 19.5407 -0.161769 0.976386 0.143179 255 253 244
-2.28783 0.213358 29.8841 -0.359473 0.738073 -0.570988 254 248 250
-4.6459 0.476737 30.4304 -0.252492 0.74293 0.619922 176 157 153
-4.71725 0.574343 30.0395 -0.0746872 -0.876316 0.475911 213 198 195
-5.17843 0.549472 30.1917 -0.702016 -0.510867 0.496175 196 184 180
-1.14462 -2.46226 29.3514 -0 -0 -1 150 132 144
5.35929 1.13463 28.9451 0.023814 -0.619704 -0.784474 106 86 73
-0.32392 0.751623 29.9816 -0.477065 -0.828875 -0.292191 101 92 77
-2.8163 1.3691 28.1546 0.0150705 -0.99585 -0.0897507 243 204 197
-6.08134 -1.13849 29.7412 0.69106 -0.585897 0.423274 75 65 64
-3.58577 -1.95913 28.6757 0.489474 -0.853904 0.176816 194 178 189
0.16995 1.26351 28.7507 0.0550068 -0.971809 -0.229262 170 132 120
-0.723846 0.839936 29.8053 0.709057 0.408187 -0.574997 203 173 171
-2.53199 0.630535 30.2544 0.975251 -0.0538227 0.214449 96 86 85
-5.96387 0.531806 30.1464 -0.0466258 -0.0296517 0.998472 119 121 99
-0.210562 -1.11979 28.5656 -0.184057 0.908884 0.374236 237 218 237
3.65621 0.606075 30.0153 0.239194 -0.889976 0.388238 113 115 99
-5.32535 -1.22208 28.6939 -0.860352 -0.399239 0.316864 147 123 119
0.262144 -0.905802 29.8889 -0.441592 0.877578 -0.186691 186 158 155
7.84173 -1.93317 29.5687 0.452355 0.32053 0.832248 184 166 174
3.02787 0.893913 29.5839 0.426166 -0.184472 -0.885637 91 81 79
3.04655 0.794152 29.6142 0.736569 -0.375665 -0.562443 116 112 98
-3.16934 1.16063 29.2238 -0.0846445 -0.924119 -0.372612 149 124 111
3.60502 3.1701 18.9403 -0.396458 -0.90512 -0.153556 176 174 137
-1.3435 0.455035 29.9883 0.672648 0.532924 -0.513358 223 196 194
-0.659925 -3.01691 29.1139 -0.350036 -0.499636 -0.792363 142 138 139
4.34352 -3.59228 28.579 -0.788986 0.151091 0.595545 242 218 232
-3.50376 -2.63016 29.1791 0.766576 0.595501 -0.240292 125 105 114
2.84048 0.484809 30.042 0.433282 -0.428548 0.792851 157 160 147
4.28597 0.461343 30.2258 -0 -0 -1 165 156 148
-7.4868 -1.7765 31.9664 0.652591 0.603965 0.457549 76 87 70
-5.67952 -1.56128 29.2881 0.416126 0.734155 0.536521 188 175 182
2.82996 -2.15178 29.0367 0.187224 -0.90706 0.377081 251 231 234
-2.14573 0.863318 29.6952 0.121098 0.62597 0.770388 144 139 128
-6.66278 -1.84614 30.6085 0.0998181 0.988406 0.114407 212 201 207
4.53486 0.29425 30.42 0.342767 -0.891519 0.296149 143 131 125
-3.57665 -1.68867 29.2783 0.617336 0.414567 -0.668604 125 111 126
1.56032 -1.67298 29.5369 -0.540326 0.836035 0.0953542 218 200 214
-1.65764 0.340005 30.4351 0.854008 -0.382657 -0.352483 130 122 118
3.98676 -2.01478 28.8807 -0.248087 -0.0679385 0.966353 253 247 253
6.48443 0.0954018 30.1102 0.0942191 0.754685 0.649287 231 211 201
0.535482 0.816086 29.8137 0.106228 -0.836581 -0.537445 185 169 155
4.35854 -2.20207 29.0219 0.401071 -0.576905 0.711564 253 243 244
4.36609 -2.47154 28.8651 0.664268 -0.575119 0.477479 224 213 221
0.756302 1.28093 28.8881 -0 -0 -1 143 138 121
-2.9119 0.478831 30.081 -0.101734 -0.527349 -0.843536 146 132 123
-2.88399 -1.57503 29.1964 0.19007 0.265227 -0.945266 234 217 214
-2.76862 -1.4256 28.9946 -0 -0 -1 218 202 212
-0.951177 -1.42751 28.4405 -0 -0 -1 144 128 131
-6.64451 0.0318001 29.9815 -0.94335 -0.0514686 0.327783 160 152 149
4.49323 0.648365 30.0844 0.288644 -0.875071 -0.388505 81 88 72
2.36307 0.293115 30.2383 0.525649 -0.766568 -0.368871 167 161 149
-2.02765 0.675256 29.9955 0.138781 0.814916 0.562718 185 179 160
-1.06883 0.896955 29.7663 0.315639 -0.807926 -0.497621 85 63 52
4.95654 -2.30216 28.783 0.284767 -0.910043 0.301215 178 151 155
-0.606408 0.72058 30.1703 0.682359 -0.689392 -0.243156 203 184 177
0.0699286 1.27958 28.6556 0.25772 -0.920582 -0.293444 160 123 114
2.0965 3.19886 19.2826 -0.0517701 -0.998137 -0.0322904 154 144 123
-4.97004 3.18122 19.4122 -0.0272889 -0.997502 0.0651554 251 231 211
-8.00072 -0.868578 30.926 0 0 1 126 142 115
-7.40187 -1.94788 31.9224 0.772438 -0.0558425 -0.632631 99 112 86
3.4937 -1.75329 29.0783 -0.583774 -0.715157 -0.384394 166 154 154
-5.07273 1.28936 28.8691 -0.148843 -0.965077 -0.215576 147 132 113
5.71937 1.26394 28.4789 0.217078 -0.963691 -0.155487 125 114 96
-6.36622 0.740721 30.0228 0.343119 0.515362 0.785284 137 140 118
4.7942 -1.58692 30.2609 -0.59544 -0.468091 -0.652949 114 102 105
5.08556 -0.510687 30.5386 -0.0500291 0.996508 0.0668538 227 210 215
-3.48992 -0.404791 30.4863 -0.257544 -0.537672 -0.802857 127 108 110
3.87307 -2.14035 28.8661 0.386108 0.0250444 0.922114 140 136 150
-5.30357 1.19272 29.1254 0.141506 -0.92121 -0.362419 155 154 123
-6.03174 -1.58659 29.3442 0.113861 0.991718 0.0594293 133 120 129
5.43277 -2.53535 28.7382 -0.719027 -0.197619 0.666293 247 235 249
-4.21726 1.19393 29.3851 0 0 1 156 129 114
-6.67038 -0.816209 31.2311 0 0 1 78 80 75
0.7392 -1.66412 29.4012 -0 -0 -1 81 64 70
5.3114 -1.51069 30.1313 -0.0155793 -0.815427 -0.578651 142 129 133
-2.36236 1.05233 29.824 -0.125662 -0.670233 0.731435 152 145 127
3.85229 -4.07917 28.1111 0 0 1 196 168 165
5.53759 -1.58085 29.9749 -0.126826 -0.991707 0.0207927 105 98 98
5.11423 0.929213 29.7203 -0.131613 -0.607199 0.783573 134 123 119
4.49295 -2.63099 28.7555 -0.152661 0.00313534 0.988274 171 160 174
5.47978 -0.975133 30.0537 0.427352 -0.283859 -0.858367 209 192 198
3.50035 -0.0246518 30.2177 -0.553439 -0.832792 -0.0127849 150 123 127
-3.64824 -1.89772 28.3115 0.676916 0.703507 -0.216478 242 223 243
4.07091 0.669387 30.0165 -0.0499327 -0.287101 -0.956598 95 99 77
4.71702 -3.6297 28.6663 -0.858386 0.177644 -0.481265 181 172 178
-1.51737 -2.17197 28.9697 -0.139025 -0.154443 -0.978171 162 143 145
-2.94825 0.299615 30.4869 0.256135 -0.647866 -0.717401 194 179 184
1.57771 3.12982 19.611 0.0126666 -0.998216 -0.0583481 253 227 224
-2.30781 -1.2313 29.0513 -0.435263 0.898946 0.0494209 108 92 86
5.12181 -2.77868 28.5986 0.162031 -0.947581 -0.275384 164 162 174
1.81248 -3.08157 28.8183 0 0 1 230 206 206
-7.51521 0.14725 29.9891 -0.0697225 -0.81635 0.573333 84 70 77
-6.54884 -1.92687 31.0809 0.436235 0.761498 0.479396 229 218 224
5.72034 1.15032 28.9548 0.19397 -0.761257 -0.61876 110 98 82
-3.49625 -1.44083 29.792 0.632816 0.73624 -0.239779 105 88 94
-7.34288 -0.105652 29.8141 -0.566945 -0.686082 0.455922 172 165 162
4.05641 0.574928 29.9549 -0.16536 -0.0897902 -0.982137 94 87 79
2.18073 0.319449 30.4585 -0.24501 -0.919302 -0.307985 84 86 73
-5.92021 0.749478 29.9872 -0.177546 -0.983897 -0.0205802 118 128 102
2.97265 1.30643 28.4331 -0.0477182 -0.971257 -0.233203 226 189 179
-3.51059 -1.3895 29.9449 0.251563 0.902695 -0.34908 102 88 93
1.18405 0.502094 30.3283 -0.0438682 -0.998031 -0.0448258 211 198 189
-2.87993 0.671502 30.1471 0.115569 -0.18163 -0.976552 103 93 83
-0.243829 -0.856648 29.9212 -0.694886 0.715359 -0.0734508 138 113 109
4.86881 -1.49598 30.082 0.324546 -0.890381 0.319206 226 207 213
1.19976 -1.24528 28.8076 0.16799 0.984847 0.0430816 145 126 122
-2.43472 0.2208 30.5192 0.999858 0.00219319 -0.0167094 139 120 122
3.6047 -0.299296 30.0792 -0.940546 0.187154 -0.283455 240 216 219
-4.15239 0.22401 30.0632 0.370206 -0.579381 0.72613 224 204 210
1.29082 0.575839 30.0303 0.180462 -0.660973 -0.728387 149 137 128
-3.97303 0.480987 30.3686 0.24842 -0.952765 -0.17472 132 117 112
3.04375 0.883647 29.6438 0.648276 -0.353127 -0.674566 87 77 75
3.34635 -0.786298 30.1348 -0 -0 -1 209 187 200
-3.06213 -1.61696 29.5978 -0 -0 -1 132 128 127
-1.89837 0.153478 29.9932 -0.666677 -0.74529 0.00917916 248 234 251
3.71332 -1.97572 29.0162 -0.854183 -0.517719 0.0483585 237 222 225
-4.06252 -0.875412 29.6704 0.341991 0.828984 -0.442525 182 156 155
0.744499 0.421612 30.3038 0.197579 -0.881562 -0.428731 254 250 252
3.66715 -2.3237 28.9037 -0.378137 0.730113 -0.569164 241 226 231
-3.04877 -0.447758 30.37 -0.677964 -0.467438 0.567333 165 149 161
1.50537 -1.18732 29.131 0.997859 0.046838 -0.0456373 123 111 103
-3.59714 -2.54967 27.7816 -0 -0 -1 213 198 219
-3.41543 -1.35173 30.044 -0.00893027 0.839227 -0.543708 189 183 187
1.69315 0.519056 30.1259 0.0478515 -0.80375 -0.59304 120 119 107
3.60439 -3.39138 28.7851 -0.96815 -0.0708781 -0.240128 253 231 241
-6.11662 1.21434 29.465 -0.331336 -0.598745 0.729192 113 118 86
3.51197 -1.69419 29.4349 -0.785289 -0.619089 0.00705431 115 101 100
0.5625 0.880468 29.5879 0.175123 -0.962351 0.207876 94 84 72
3.33285 0.774338 29.8244 0.0883554 -0.805509 -0.585959 120 119 97
1.72111 3.15198 19.2221 -0.0236595 -0.995805 0.0883921 255 248 238
3.6687 -2.04473 28.8693 -0.595081 -0.711615 0.373475 235 220 236
-3.406 -3.10226 28.9233 -0.887666 -0.378981 -0.261578 185 178 186
-4.18622 0.970651 29.7349 0.189754 -0.947047 -0.259027 170 155 136
-3.66004 0.201929 30.2819 0.567992 -0.587528 0.576365 255 244 246
-2.28521 0.713538 30.2757 0.513335 0.83746 0.187478 81 82 64
1.92271 1.32948 28.0813 0.0391968 -0.994329 -0.0988601 127 120 102
-7.84159 -0.725943 31.8722 0 0 1 83 93 68
4.44436 -3.94218 28.6112 -0.234997 -0.451831 0.860596 131 119 119
2.66294 1.28423 28.6088 0.174446 -0.969567 0.171783 162 128 113
3.38763 -2.69563 29.3238 -0.08077 0.811674 0.578499 136 120 130
2.67297 0.245053 30.5135 -0.43168 -0.776279 -0.459394 119 111 101
-4.25198 0.699052 29.9823 0.90528 -0.391684 -0.164476 128 127 109
1.5072 -1.18792 29.1705 0.997859 0.046838 -0.0456373 123 111 103
4.25862 -0.965389 29.7196 -0.793343 -0.0846486 0.602861 255 236 245
-3.10605 -1.417 29.8389 -0.0142667 0.99918 -0.0378854 191 176 189
-1.48561 0.588161 29.9525 0.444735 0.789724 -0.422549 178 160 150
1.63375 -0.326022 29.7851 -0.878779 0.179175 -0.442316 157 144 151
-1.45153 -1.10587 30.1823 -0.199706 0.48447 -0.851708 145 130 127
0.684973 1.27203 28.4983 -0.0654849 -0.997414 -0.0296273 153 124 109
4.96115 -2.6267 29.0688 -0.441323 0.00170725 0.897347 223 201 205
4.96923 0.903911 29.6543 -0.0333432 -0.839341 0.542582 140 126 118
-1.18907 0.84338 29.7489 -0.317708 -0.495851 -0.808204 203 185 171
1.36956 -0.481654 30.4556 0.122956 0.983296 0.134202 176 169 176
-5.46961 0.912983 29.7582 0.350628 -0.423502 -0.835288 180 179 167
-5.02553 -1.18509 29.2906 0.841046 0.277083 -0.464615 137 109 108
0.493408 -1.24861 29.0369 -0 -0 -1 144 132 132
-0.798148 1.31357 28.4485 -0.000646322 -0.971714 -0.236162 211 173 170
3.82031 1.35032 28.0631 0.00490424 -0.99097 0.133994 225 186 175
6.86321 0.156034 30.1868 -0.394724 -0.738243 0.546983 228 207 202
4.17093 -1.96569 28.9897 -0.778908 0.425673 0.460549 166 146 153
-1.02514 0.802703 29.9188 0.423096 -0.686851 -0.590953 132 114 104
1.11426 -1.2577 28.779 0.435476 0.889893 -0.135836 141 125 128
-4.12607 0.361013 30.3275 -0.730592 -0.253777 0.633902 138 124 121
-0.857231 0.786443 30.1001 0.866383 -0.132239 -0.481553 202 179 171
-5.18416 0.678492 30.4703 0 0 1 140 135 124
-0.986337 -1.30109 28.1339 -0 -0 -1 193 169 182
3.52628 -1.00371 30.391 -0.0303172 0.98634 -0.161906 179 163 173
-1.11597 1.02038 29.6075 0.818884 -0.573459 0.0239409 157 136 124
2.81438 -2.71664 29.3335 0.269306 0.663531 0.697998 138 130 143
0.526942 -1.51253 28.7955 0.0787487 0.967914 0.238624 229 213 216
-7.60022 -2.13979 31.6963 0.226004 -0.96907 0.0991251 125 140 109
2.82769 0.426096 30.4555 0.0138276 -0.947964 -0.318076 80 76 65
-3.70943 0.869358 29.6324 -0.301428 -0.925863 -0.227859 102 93 82
3.10934 -2.39743 28.8592 -0.481146 -0.841108 -0.247056 241 244 253
2.15609 -2.25238 28.8521 -0.397858 -0.470372 0.787692 250 244 255
2.67257 1.31899 28.2164 0.552946 -0.778924 0.29585 206 204 189
-5.50578 1.27253 28.9493 -0.326634 -0.945035 -0.0148068 157 148 127
1.36979 -1.29233 28.8061 0.324691 0.94562 0.0194685 132 114 110
0.676313 0.410196 30.29 -0.00285229 -0.803664 -0.595077 254 250 254
-1.49446 0.407615 30.2276 -0 -0 -1 184 169 173
1.57215 -0.431558 30.4244 -0.14025 0.844679 0.516573 100 82 90
5.6854 -1.76493 29.2542 0.0237393 0.998101 -0.0568434 143 122 132
-0.47983 0.484428 30.1968 0.0366259 -0.845225 -0.533154 147 127 120
4.80068 -2.88847 28.9126 -0.91283 0.364237 -0.184589 233 226 240
2.84382 0.258027 30.3948 0.505865 0.349346 -0.788706 127 116 113
-4.61491 0.603886 30.1628 -0.548362 -0.713687 0.435834 154 136 134
-1.82663 -0.0943816 29.8847 -0 -0 -1 248 234 249
3.29425 -3.92359 28.5454 -0.804501 -0.566119 0.179686 128 112 115
-2.4743 0.182675 30.2257 -0.561042 0.747869 0.354858 222 202 203
1.6694 -1.09579 29.7461 0.924386 -0.0458305 0.378695 116 92 90
-3.32401 3.1433 19.8013 -0.0497543 0.994482 0.0923548 252 211 214
2.11347 -0.449306 29.7691 -0.896807 0.431867 0.0960661 254 243 254
-5.35755 0.272844 30.0511 0.529919 0.552662 0.643235 158 146 146
7.86776 0.682536 29.0379 -0.647334 0.687243 -0.329629 106 93 80
2.27263 -2.2388 28.8287 -0.680602 -0.070123 0.72929 161 162 186
3.21811 -2.09068 29.2879 0.102878 -0.895346 0.433326 112 93 92
1.01499 1.15923 28.9956 -0.353714 -0.788943 -0.502449 115 99 84
2.63782 -0.176481 30.2797 -0.0539547 0.420277 0.90579 229 204 200
-6.69584 0.129657 29.906 0.470549 0.137019 0.871671 159 146 153
-4.5981 3.19323 19.2121 0.197409 -0.951041 -0.237803 172 168 135
-6.90311 0.777478 28.9062 -0.914382 0.351662 -0.200597 248 249 241
2.01443 0.773786 29.8868 -0.624907 -0.742966 -0.239775 153 158 130
3.66433 -1.30194 29.7117 -0.968246 0.249798 -0.0099926 159 135 133
-7.04544 0.415271 30.0191 0.0352346 -0.415968 0.908696 100 94 82
-4.0026 0.852288 29.8577 0.303122 -0.938105 -0.167558 167 154 145
3.69505 -1.02349 29.816 -0.985126 0.118626 -0.124315 235 210 215
-5.72818 -0.664866 29.9932 0.612823 -0.470369 -0.634981 179 156 162
3.32312 0.784516 29.7884 0.423378 -0.665014 -0.615229 121 118 99
-7.72829 0.50128 30.5399 0 0 1 85 89 87
3.40563 -2.30955 29.2232 0 0 1 240 215 215
0.700544 -0.453796 30.4358 -0.0247386 0.98062 -0.19435 112 100 112
-5.71245 -0.569439 29.7211 0.690235 0.415155 0.59264 220 198 201
5.56345 -0.373066 30.4921 0.620399 0.306283 0.722008 242 217 221
5.26218 -1.12276 30.2252 -0.10386 -0.634987 0.765509 212 194 199
-5.21425 1.02529 29.8092 0.0753518 -0.930163 -0.359331 134 138 113
2.36665 -1.38513 29.3499 0.364259 0.901756 -0.232705 181 166 171
-2.00639 -1.10339 29.1348 -0.0467011 0.998876 0.00806204 116 95 94
-4.17523 -0.895649 29.982 -0.817171 0.568746 0.0935954 156 129 127
-2.74949 -1.66727 29.1976 0.0446524 0.0525258 -0.997621 114 99 104
1.81803 -3.09147 28.9292 -0.921766 -0.386966 -0.0245916 230 206 206
-5.46428 0.674436 30.2057 -0.119516 0.28379 0.951409 134 129 118
2.98103 -3.857 28.7039 0 0 1 84 74 75
4.36714 0.402117 30.2661 -0.654348 -0.696601 0.294236 156 144 140
4.91746 0.94837 29.8007 0.347911 0.512447 0.785083 123 115 102
-7.76897 -2.55496 32.6091 0.49479 0.754806 -0.430639 85 97 73
-3.46551 -0.959445 30.067 0.592944 0.805157 -0.0117968 143 128 135
-1.36208 -0.940471 30.2357 -0.0328788 0.889152 -0.45643 156 144 149
1.40519 -0.504537 30.4792 -0.0194803 0.907888 0.418759 158 148 157
1.94321 1.26582 28.4055 -0.128116 -0.974033 -0.18667 128 123 106
-0.446243 0.393969 30.4937 -0.225454 -0.783321 -0.579292 176 164 162
-4.85111 -1.43869 28.3812 0 0 1 186 171 174
1.88223 0.895227 29.4636 -0 -0 -1 93 85 83
3.58878 0.0332931 30.097 0.235035 0.147253 0.960768 212 187 191
-0.0519428 -0.795978 29.9503 -0.488148 0.654824 -0.576989 195 169 172
-4.14922 -2.36869 28.3204 -0 -0 -1 234 211 231
-3.6707 -2.87344 28.8136 -0 -0 -1 186 169 187
4.19175 0.547241 30.0028 0.276171 0.0641615 -0.958964 89 87 75
-4.60611 0.94304 29.7284 0.117118 -0.944029 0.308371 88 87 68
0.2386 -0.919369 29.7443 0.0906145 0.94926 -0.301155 178 153 148
-5.91199 0.710531 30.1521 -0.090034 -0.837568 -0.538864 68 78 54
-5.80397 -1.50473 29.105 0.159966 -0.975529 -0.150842 253 242 240
-1.11287 -1.05155 30.0148 -0.61042 0.561589 -0.558574 178 166 176
2.98021 3.15057 19.2603 -0.00934219 -0.999805 0.0173967 255 250 232
0.35508 0.854258 29.6631 0.162959 -0.604051 -0.780107 157 129 117
-2.20876 -0.170113 29.7747 -0.559793 0.0493503 -0.827161 166 156 164
-6.09609 -1.029 29.8268 0.701956 -0.492205 0.514773 83 81 81
-2.93997 0.463202 30.3819 -0.0956448 -0.758504 -0.644612 131 119 107
4.45989 -3.28048 28.9863 -0.50628 -0.855274 0.110396 138 133 144
-1.75881 0.993609 29.6102 0.0944956 -0.778478 -0.620519 92 86 74
-6.58094 0.806725 29.9369 0.418159 0.544057 0.727424 113 119 95
4.50029 -1.5554 29.7261 -0.696648 -0.654176 -0.294508 120 107 111
3.46089 -2.5027 29.1581 -0.73116 -0.468354 0.496034 230 205 207
1.18777 -1.06895 30.052 -0.0426673 0.981684 -0.185678 187 176 181
4.38716 0.209829 30.3368 0.239109 -0.88337 0.403094 211 194 189
-0.391913 -0.174558 30.1944 0.565469 -0.777773 0.274434 227 206 211
-5.76188 -1.84201 29.3691 0.771841 -0.00100083 0.635814 248 231 231
2.27495 -1.24108 29.8481 0 0 1 200 177 183
2.75734 0.3285 30.4159 -0.129745 -0.873375 -0.469449 103 95 84
-2.77923 -1.0362 30.0244 -0.948097 0.276896 0.156334 196 186 194
-6.86367 0.61676 30.1692 0.0885753 -0.187346 0.978292 127 121 115
-4.35887 0.593846 30.0332 0.932401 0.251174 0.259884 143 132 122
-0.256973 -0.912763 29.8433 0.462728 0.884372 -0.0614006 156 130 129
-1.76892 -0.237548 30.1604 -0 -0 -1 185 172 181
4.33634 -1.64288 29.5103 -0.228353 -0.77204 0.593135 227 202 202
-0.874739 1.12388 28.9096 -0.0854327 -0.95778 -0.274515 182 160 172
3.20641 -3.32491 29.0176 -0.115599 -0.384161 0.916 254 252 255
-1.37105 0.98761 29.7314 -0.149226 0.950435 -0.272773 146 128 114
7.08131 0.417097 30.0457 0.770888 0.636816 0.0140404 217 210 223
5.20263 -0.994023 30.3229 0.0611254 -0.792676 0.606571 193 180 188
-3.45516 -1.27812 30.1282 0.283275 0.486598 -0.826425 154 142 154
0.285441 1.11736 29.4042 0.378319 -0.910811 -0.165225 202 168 156
-6.24734 1.05119 29.5951 0 0 1 127 139 103
-1.85169 0.709277 30.1265 -0.107123 0.908355 0.404248 197 189 172
3.48181 3.2115 19.0144 -0.431407 -0.897943 -0.0871017 166 168 128
1.57079 -1.3841 29.2499 0 0 1 95 77 78
-6.73203 0.559129 30.1926 0.0724226 -0.171554 0.982509 89 83 72
3.37295 0.955203 29.7258 -0.103134 -0.632533 -0.767636 95 81 72
2.32238 0.351322 30.2903 -0.329423 -0.942799 -0.0510949 159 156 142
5.23161 -3.2907 29.0953 0.516479 0.855504 -0.0369169 208 206 220
-4.10275 -0.973538 29.4996 0.620763 0.624118 0.474478 131 110 109
-5.61021 -1.67512 29.2917 0.942028 -0.312788 0.121435 153 142 154
-6.15473 1.21706 29.0499 0.319929 -0.866414 -0.383369 124 119 97
0.527495 0.928552 29.6753 0.105682 -0.84329 -0.526966 147 127 113
3.47975 -2.55131 29.0158 -0.691149 -0.617218 0.375971 174 148 151
-5.87578 -1.22424 29.037 0 0 1 144 126 126
5.54135 1.34395 28.1184 0.0194803 -0.999655 0.0176129 232 189 182
-3.26429 0.584703 30.2041 -0.797189 0.203183 -0.568513 90 83 73
-3.58655 -1.85728 28.8333 0.999648 -0.0197661 0.0177068 197 178 192
3.0009 -0.0762756 29.9006 0.4007 -0.915586 0.0337968 230 216 211
1.94833 1.24213 28.5941 -0.0414461 -0.996404 -0.0738957 138 139 121
-5.59627 0.919487 29.5811 -0.66516 -0.613245 0.42602 148 156 132
5.54134 -4.20157 28.3403 0.999052 0.0167676 0.0401675 198 174 174
1.32792 0.788397 29.7361 0.0897675 -0.759467 -0.644323 111 117 93
1.29028 -1.00621 30.2947 -0.826313 0.336845 0.451378 157 145 151
1.23781 1.35689 28.1067 -0.0267998 -0.996493 -0.0792683 208 194 183
-0.247257 -3.24894 27.657 -0 -0 -1 236 217 237
-1.28172 0.718045 30.2167 -0.336502 0.654469 -0.677079 130 112 103
-5.36744 0.57831 30.2543 0.684527 -0.728864 0.0134305 134 123 121
4.25592 1.08452 28.9652 0.912584 0.00956275 0.408777 130 128 105
1.7781 0.660281 30.0142 0.39773 -0.609339 -0.685942 81 92 65
3.19848 1.15612 29.0286 -0 -0 -1 188 156 143
3.71605 1.1939 29.062 0.154308 -0.97048 -0.185358 161 131 119
-4.68699 0.663288 30.0964 -0.0466152 -0.795145 0.604625 197 183 174
-4.37034 0.991095 29.7104 -0.148864 -0.960205 -0.236316 108 98 83
-3.90854 1.28853 28.7134 -0.0514785 -0.944598 -0.324167 170 138 127
2.48908 -1.05879 30.1993 -0.729749 0.0867794 0.678185 109 97 97
1.13818 1.30731 28.4086 -0.457358 -0.766827 -0.450333 206 172 160
2.48962 1.1776 28.4349 0.922722 -0.344586 0.172757 202 162 151
-3.99683 0.683879 30.4774 0 0 1 179 166 157
0.36333 -1.80606 29.2293 -0.693944 0.694969 0.188307 190 174 181
-2.20993 -1.17822 28.9479 -0.435263 0.898946 0.0494209 248 227 236
3.58382 -0.207575 30.227 -0.980776 0.0301751 0.192788 237 216 221
4.84633 -3.391 28.8863 -0.770684 -0.418619 0.480421 204 198 210
5.67838 -2.02268 29.5329 0.657932 0.395902 0.640614 203 189 187
-7.48376 -0.9186 31.7378 -0.716784 0.572128 0.398609 104 120 93
-0.356318 0.670084 29.9615 -0.162996 -0.908689 -0.38434 118 111 95
-0.666621 -1.89225 29.2137 -0 -0 -1 210 190 192
3.38173 -1.0327 30.2772 -0.0633897 0.98619 -0.153008 175 158 169
1.38345 0.637241 29.9986 -0.111095 -0.812346 -0.572496 162 165 140
-5.66178 0.756726 30.1519 -0.345839 -0.186473 0.919578 113 106 93
-1.93862 -1.02443 29.5998 -0.0165282 0.997871 -0.0630823 181 153 158
-0.918535 1.01682 29.6733 0.633417 0.0392099 -0.772816 122 100 95
3.32278 -0.554226 30.3579 0.202034 0.94131 -0.270403 168 151 161
-3.58278 -0.199756 30.2698 -0.781954 -0.355455 -0.512055 234 212 215
-5.15983 0.787174 30.008 0.775953 0.139923 0.615076 153 148 129
-4.07291 0.370231 30.0828 0.51616 -0.171515 0.839143 148 135 133
-2.40641 -2.6702 29.1425 0.887496 -0.253797 0.384626 176 172 178
-3.31303 3.1945 19.4565 0.0132931 0.988108 0.153184 255 246 237
7.80565 0.687473 29.5374 -0 -0 -1 77 86 63
5.20479 -3.3324 30.2711 0 0 1 206 206 218
-5.93179 -2.04851 29.2299 0.582953 0.136426 0.800971 239 224 227
5.86557 1.24078 28.589 0.210976 -0.871142 -0.443398 172 164 143
0.454171 0.731188 30.1727 -0.271246 0.110317 -0.956167 180 162 150
5.58543 -1.12592 30.1944 -0.366208 -0.796484 0.481149 160 144 157
-2.31236 0.99749 29.7583 0.557532 0.685769 0.467845 91 85 73
-3.29659 1.19843 29.0486 -0.008323 -0.902542 -0.430522 132 103 92
4.66734 -3.80378 28.8049 -0.406698 -0.733168 0.545033 196 188 206
-4.56609 3.22887 18.9099 0.0242985 -0.953504 0.300398 251 251 215
-1.43144 0.573058 30.0502 0.146275 0.749083 -0.646126 161 137 130
5.75307 0.354961 30.3274 -0.702825 -0.663488 0.256555 211 201 195
3.91409 3.13968 19.7289 0.0995947 -0.946487 -0.306992 251 248 241
-2.97673 -0.450556 30.4603 -0.119348 -0.688679 0.715177 176 161 171
3.69047 0.208487 30.435 -0.766095 0.0305093 0.642003 214 208 196
3.59286 -0.490357 30.4866 0.235194 0.400814 0.885456 125 106 112
6.12235 0.74529 29.9971 -0.589148 0.725613 0.355514 140 137 120
3.0569 -1.89837 29.3078 0 0 1 196 180 190
-0.578152 1.20947 28.7641 -0.0656933 -0.977752 -0.199211 250 229 243
3.13471 0.965184 29.6869 0.267331 0.166399 -0.949129 144 134 124
-3.14624 0.192844 30.2578 0.365796 -0.918941 0.147448 238 216 226
1.27068 0.971845 27.9244 -0.487734 -0.855018 0.176236 131 116 121
-5.61913 -3.0482 29.2758 0 0 1 248 229 233
-2.79224 -1.1477 30.1542 -0.559863 0.760878 0.328052 186 170 181
-8.01634 -1.25324 31.7134 -0.0757806 0.995224 0.0615321 69 83 56
-6.22527 0.302961 30.396 -0.757545 -0.619496 0.205792 189 176 163
-1.07486 0.848125 29.7507 0.0564866 -0.85859 -0.509542 187 174 162
-0.5789 0.77064 30.3743 -0 -0 -1 148 125 119
-2.57674 0.33535 30.1494 0.72829 0.303773 -0.61426 171 158 167
-1.54158 -0.338171 30.2458 -0.235992 -0.565063 -0.790577 160 135 139
-0.745682 1.02256 29.0872 0.235023 -0.815204 -0.529345 255 244 253
1.36476 0.265338 30.2382 -0 -0 -1 194 179 173
5.76529 1.07827 29.3648 0 0 1 172 161 143
4.97402 -1.43571 30.053 0.110427 -0.757972 0.642872 199 184 187
-2.24104 -2.87608 28.1535 -0 -0 -1 234 226 241
5.43548 -2.88998 29.013 -0.393819 0.485251 0.780665 185 182 201
-1.58826 -0.556265 30.0812 -0 -0 -1 235 209 217
-5.4845 0.924195 29.7406 0.171377 -0.952102 -0.253242 161 166 145
-3.4481 0.666805 29.9113 -0.528404 -0.666393 0.526032 98 91 88
4.75294 -3.35287 28.7967 -0.866951 0.040286 0.496763 157 149 160
5.25309 -1.54669 29.9974 0.101375 -0.994609 -0.0218271 192 180 184
3.69614 -3.78595 28.8193 0 0 1 232 204 203
1.20723 -0.476281 30.517 -0.0539185 0.961483 0.269523 172 165 172
5.21444 -1.07074 30.1872 -0.188565 -0.892548 0.409636 117 101 105
6.48861 1.04808 29.0869 -0.305864 -0.874874 -0.375557 159 144 122
3.68011 1.33251 28.4094 0.0464042 -0.998161 -0.0389943 180 140 132
4.65673 -3.41486 29.3158 0 0 1 226 223 247
-6.57524 0.0818699 30.9588 -0.758356 0.630837 -0.164138 153 146 138
1.70282 0.157072 29.8142 -0.934111 -0.0987567 0.343051 189 176 183
-0.925998 0.664366 30.0233 0.613304 -0.225122 -0.757086 177 163 154
1.75122 -4.08053 28.0043 0 0 1 237 211 207
-4.29237 0.927117 29.8336 0.171606 -0.688556 -0.704586 187 172 156
5.35983 -1.13336 30.2266 0.454973 0.867086 0.202884 202 187 192
-2.15188 -1.02024 29.5254 -0.156534 0.956805 0.244993 163 137 140
0.41692 -0.668618 29.7718 0.468722 0.594331 0.653506 217 195 197
3.97681 -2.28129 28.8746 0.357072 0.492612 0.79362 248 249 254
5.92128 3.19979 19.2713 -0 -0 -1 158 153 121
-2.82535 0.190452 30.2872 -0 -0 -1 220 199 203
-2.4011 -0.3816 30.4851 0.568156 0.187271 0.801329 111 98 105
0.254264 3.18879 19.1684 -0.546658 -0.776427 -0.313569 165 165 136
-5.94823 1.14751 29.4866 -0.210062 -0.95375 -0.215024 112 121 87
3.91929 3.10982 19.4578 -0.199158 -0.963158 0.18073 255 254 245
3.99459 0.191984 30.6158 -0.760982 -0.483923 0.432116 219 198 190
3.15488 0.159312 30.3289 0.227757 -0.734418 0.639341 126 127 109
-3.55388 -2.11045 29.4575 0.921671 0.338344 -0.189857 203 174 181
2.63077 0.299612 30.4487 -0.00807628 -0.83246 0.554027 166 166 154
1.56674 -4.01434 28.2802 0 0 1 145 123 118
3.66518 0.989236 29.635 -0.286574 0.437982 -0.852084 94 85 71
-5.72455 1.33549 28.5789 0.0530355 -0.992221 -0.112629 231 202 184
-1.88643 0.233819 29.8613 -0.871358 -0.41523 -0.261379 233 218 221
3.64515 -2.295 28.9286 -0.730328 0.681753 -0.0428232 150 128 140
6.46082 1.31971 28.2526 -0 -0 -1 202 168 156
-6.18027 -2.00277 30.1403 0 0 1 83 71 74
4.49138 -0.453132 30.3472 -0.0611595 0.205927 0.976654 130 109 112
3.92366 0.844442 29.691 -0.169958 -0.271674 -0.947263 110 106 95
4.72867 -2.33795 28.9051 0.33161 -0.69581 0.63709 121 110 120
7.75499 -1.79772 29.4321 -0.293797 0.926097 0.236701 157 131 140
2.62369 0.155355 30.3409 0.575332 -0.585579 0.571044 170 156 152
-0.0489542 1.02609 29.6463 0.317266 -0.788613 0.526718 189 181 155
-1.31499 0.922883 29.4505 -0 -0 -1 111 91 82
-4.53842 1.31715 28.56 -0.11304 -0.991074 -0.0706649 222 190 177
-0.771489 -1.02573 30.1912 0.389578 0.860755 -0.327612 87 78 83
5.03671 -1.03283 30.2585 0.0621666 -0.897305 0.437011 197 178 184
-5.04032 -1.8575 29.3971 0 0 1 239 219 229
2.38377 -0.032618 30.1678 0.732586 0.475465 0.487084 196 183 176
3.19693 0.407061 29.9181 0.638945 -0.766806 0.0613009 109 114 95
-2.26097 0.479071 30.3825 0.0640349 0.934692 0.349643 118 102 97
5.60327 0.39484 30.4261 -0.336026 -0.936377 0.101409 123 110 88
-1.85392 1.33569 28.2188 -0.141543 -0.228991 -0.963083 190 163 142
4.63001 3.149 19.5426 0.101072 -0.993105 -0.0593829 180 152 136
-3.50051 0.804099 29.9983 0.340335 -0.683976 0.645252 158 147 135
4.90585 -2.68238 28.9569 -0.656365 -0.268455 0.705065 164 148 161
1.58288 -2.06366 29.2308 0 0 1 201 177 177
-5.96639 0.49902 30.2124 -0.656974 0.641925 -0.395369 172 174 157
2.42155 0.249908 30.4304 -0.264146 -0.781424 -0.565334 107 100 86
-1.51308 -0.413098 30.4464 -0.466338 -0.684049 0.560897 105 81 87
4.69231 -3.62922 28.7886 -0.685785 -0.354764 -0.635485 131 119 132
1.59996 0.443151 30.3247 -0.812151 -0.223169 0.539079 75 75 60
2.75118 -3.88505 28.6575 0 0 1 172 161 165
0.47216 1.3554 28.1162 0.0164126 -0.999168 -0.0373289 232 196 184
4.16616 -4.35795 28.2179 -0.299242 -0.924949 0.234359 182 158 156
1.67451 -2.43433 28.921 -0.653841 0.750978 0.0923255 254 235 237
3.28919 0.196395 30.2649 0.0621709 -0.981539 0.180873 188 176 162
-2.90907 -0.521671 30.4337 0.00267977 -0.685672 0.727906 151 127 149
-6.3408 0.971513 30.0589 0.217744 -0.628799 0.746458 101 100 79
1.59074 -1.75551 29.5241 0.469624 0.77649 -0.42014 163 147 156
4.0763 -0.900844 29.5017 -0.260994 0.480314 0.837365 160 143 159
0.393053 -1.06187 29.8357 0.975154 0.149602 0.163381 172 147 151
3.15821 -3.25143 29.0547 -0.0519059 -0.712201 0.700054 160 158 163
2.35152 -1.89489 29.5087 0.260362 0.465441 0.845918 169 154 161
-1.52574 -1.03006 30.2121 -0.352019 0.74413 -0.567761 97 81 81
0.042296 0.826933 29.8595 -0.333245 -0.84549 -0.417246 170 144 131
-0.92299 3.11912 19.5969 -0.0487889 -0.980424 -0.190758 255 228 231
4.70102 -2.13694 29.0858 -0.494031 -0.843561 0.210566 89 74 79
0.654108 0.958455 29.9407 -0.798471 -0.27444 -0.535843 94 82 72
-3.00993 -1.37525 29.6256 -0 -0 -1 158 147 160
0.853273 3.14015 19.2919 0.0659202 -0.984611 -0.161851 240 231 214
3.88366 -0.0835148 30.2942 -0.0383608 -0.123198 0.99164 144 119 123
-5.48094 0.280812 30.261 0.0491243 0.987801 0.147767 101 91 89
2.98629 -0.183602 30.5915 -0 -0 -1 232 229 214
-3.23545 0.185688 30.1869 0.136881 -0.977461 -0.160727 229 213 214
-0.0148826 -1.3562 28.8095 -0 -0 -1 238 219 239
2.68349 -0.0272873 30.1617 0.0986762 0.609036 0.78698 222 201 198
-5.78925 0.455834 30.3441 0.722514 0.304221 0.620825 108 108 96
3.53527 -1.72388 29.337 -0.903306 -0.3847 0.189855 108 87 92
-1.65289 3.16836 19.2585 -0.415511 0.821442 -0.39062 240 223 205
-1.54446 0.413106 30.5454 0.52639 -0.0244533 -0.849892 180 166 165
6.01879 1.13547 29.062 -0.49077 -0.870685 0.0324484 103 102 74
0.871999 -0.435749 30.5412 0.202895 0.832306 -0.515849 118 103 113
1.10023 0.831241 29.5024 0.140637 -0.984285 -0.106793 130 116 105
3.08626 1.30739 28.4508 -0.172424 -0.912689 -0.370498 218 182 168
4.29466 1.17407 28.8908 0.993701 -0.105466 -0.0378803 147 134 117
-5.70152 0.288253 30.355 0.400633 -0.0915798 0.91165 98 82 83
-5.4693 0.474247 30.2079 0.758701 0.191904 0.622531 117 120 110
-4.24831 0.543699 30.1495 -0.677418 -0.0901757 0.73005 204 189 184
-5.15849 0.587537 30.1424 -0.0550047 -0.350831 0.934822 122 112 104
3.16 -1.40563 29.4883 -0.451013 -0.876032 0.170747 107 91 99
-0.729008 -0.369584 30.4463 -0.995263 -0.0965862 0.0110312 192 179 186
2.01615 0.5563 29.9628 -0.365703 -0.810217 -0.45805 91 89 76
1.88131 -1.96174 28.9722 -0.694711 -0.703282 0.150901 244 235 237
2.65021 -0.457976 30.5292 -0.305075 -0.916403 0.259105 121 105 116
7.04428 0.827025 29.7642 -0.237999 0.47131 0.849249 94 86 75
-2.70196 0.169268 29.9616 0.422004 0.804083 -0.418764 248 227 236
0.542135 0.465862 30.1984 0.084023 -0.834715 -0.544234 127 113 108
-4.95022 0.631447 30.07 -0.505614 -0.82145 0.26377 203 190 184
1.76565 0.196983 29.8982 -0.127255 -0.989127 -0.0737213 216 212 211
-1.76075 -1.12571 29.1261 0.745334 0.607254 0.275172 132 112 119
-0.260146 0.701697 29.8998 -0.337092 -0.75128 -0.567404 100 90 78
2.11808 -0.351007 29.6805 -0.573591 0.539603 0.616297 198 184 199
4.7126 -3.89239 29.0337 -0.635354 -0.643554 -0.426807 148 133 152
5.28132 0.584159 29.8447 0.388806 -0.519289 0.761031 160 143 134
4.48387 -3.67438 28.724 -0.560186 -0.446922 0.697461 201 193 217
-5.02198 3.19999 19.3339 -0.0306165 -0.998996 0.0326975 214 200 174
-1.21256 -0.48758 30.4214 0.283737 -0.851805 -0.440366 166 159 173
-4.63755 0.519369 30.3733 -0.0230312 0.944472 0.327784 179 161 159
-0.468728 1.27359 28.519 0.209459 -0.884448 -0.416988 163 134 129
4.73578 -2.87555 29.0214 -0.424734 0.725798 0.541127 197 188 198
3.09791 0.663415 30.1235 -0.0870552 -0.954201 0.286221 81 98 72
-5.73336 -1.20908 28.6789 0.438722 -0.897272 -0.0492507 156 129 128
0.438607 0.528031 30.1 0.586796 -0.358641 -0.72598 209 196 188
-5.87056 0.914003 29.8624 0.643801 -0.101751 0.758398 107 108 94
-3.41695 -1.69703 29.3944 0.569695 0.309529 -0.761341 132 131 129
2.86916 0.109767 30.5274 0.723181 -0.337421 -0.602625 147 135 128
5.02672 0.579898 30.0766 0.0309884 -0.724152 -0.688944 114 100 91
5.63631 -4.1002 28.5141 0.64037 -0.327893 0.69456 210 190 201
4.5324 -1.98921 29.8855 0 0 1 194 175 177
5.88554 -1.8105 29.3053 -0.341131 0.422196 0.839869 166 143 153
-1.60488 -1.22222 29.4261 0.974033 0.226174 0.0102429 180 156 154
-4.9553 1.08388 29.6034 -0.315567 -0.827757 -0.463935 143 137 115
3.46411 0.322846 30.3459 -0.703454 -0.555647 -0.443179 112 114 100
3.9135 -4.35315 27.8504 0.139766 0.365128 0.920406 250 244 246
4.30813 -2.82713 28.8143 0.841373 -0.306942 0.444835 250 234 243
4.90596 -2.26729 28.4046 0 0 1 156 135 140
-5.26484 0.251248 30.098 -0.12147 0.569673 0.812845 245 229 233
5.20147 -2.77741 28.6411 0.625813 -0.774873 -0.0890477 255 252 255
-0.256521 0.707668 30.0177 -0.523216 -0.811773 0.259365 100 90 78
0.82718 -1.23191 29.0254 -0 -0 -1 160 143 149
2.32024 -3.50663 28.616 0 0 1 246 222 225
-7.4843 0.191832 29.8533 -0.38283 -0.391933 0.836558 82 72 70
-6.81268 -1.5512 29.6848 0 0 1 85 86 74
-0.735342 1.06192 29.0432 0.130785 -0.878146 -0.460169 255 254 248
6.92825 0.461651 30.0233 0.60071 0.784797 0.152448 134 134 132
-3.42076 3.17645 19.6912 -0.009129 0.996135 0.0873548 198 178 172
1.93697 0.449088 30.3407 -0.459398 -0.869693 -0.180518 94 92 80
3.31808 0.867222 29.8037 -0.261596 -0.498349 -0.826568 86 75 69
1.68541 0.619077 29.9169 -0.0625945 -0.556955 -0.828181 135 143 119
-6.6423 0.0681016 30.4338 -0.863912 0.365189 0.346832 136 128 123
1.80927 -2.17263 28.8713 -0.133452 -0.891931 0.43203 141 123 124
4.67755 -3.71084 28.8689 -0.674646 -0.0247855 -0.737725 80 63 88
-5.65581 -1.50997 29.2176 0.374367 0.743822 0.553695 254 239 244
-1.62477 0.62001 30.1162 -0.589107 0.806802 -0.0449839 145 126 119
3.08404 0.625432 30.0813 -0.121827 -0.957728 0.260604 76 83 67
2.29112 0.0968058 30.1994 -0.806063 -0.490718 0.330844 188 167 164
-5.75659 0.364951 30.1374 0.00207755 -0.520276 -0.853995 65 61 54
-6.88191 0.850472 29.804 -0.245088 0.924669 0.291409 149 146 129
-7.42635 0.144003 29.9024 -0.135044 -0.555598 0.820411 171 154 159
2.0834 0.309958 30.1829 -0.576216 -0.518564 0.631717 95 90 86
-3.89977 0.291722 30.0059 0 0 1 204 178 181
-5.82745 -4.23559 28.102 -0.0395988 -0.973996 -0.223078 204 182 187
3.71955 -4.2773 27.749 0 0 1 124 101 103
-0.115292 1.18837 29.1816 -0.110822 -0.928881 -0.35341 167 131 117
5.18642 -1.03277 30.1879 -0.0749628 -0.898153 0.433246 172 152 159
7.19072 1.25668 28.4608 -0 -0 -1 148 136 112
2.00936 1.33087 28.1888 0.236509 -0.95595 -0.17385 255 233 221
-5.14178 -1.43638 28.9634 0 0 1 238 223 230
3.66575 -1.04161 29.8187 -0.985126 0.118626 -0.124315 175 153 155
1.42421 1.01798 28.312 -0 -0 -1 115 100 97
7.85856 0.802322 29.1434 0.755294 0.654136 0.0404655 91 93 78
-5.27696 1.26702 28.8683 0.109473 -0.960449 -0.256035 154 143 119
4.97598 0.524674 30.066 0.398303 -0.590303 -0.702066 102 91 84
1.04401 0.810403 29.6088 -0.184555 -0.981586 0.0492792 252 249 232
2.23118 -2.20336 29.2568 0 0 1 255 250 255
-5.41097 0.680639 30.1792 0.167646 -0.0135514 0.985754 177 173 162
-5.57207 0.92968 29.8204 0.166058 -0.974874 -0.14848 97 102 81
-3.53957 -1.28211 29.5924 -0 -0 -1 188 176 180
-5.79063 1.08413 29.5965 -0.219711 -0.298973 0.928624 93 109 73
-7.71273 -1.14505 32.0739 -0.177867 0.761504 -0.623278 120 138 100
-7.20419 -0.209356 29.9098 -0.288524 0.845979 0.448413 109 92 82
-2.20851 -1.96288 28.3916 -0.543453 -0.360996 -0.757853 240 218 234
5.61528 -1.90478 29.5248 -0.650335 -0.273962 0.708527 153 142 142
-5.64521 0.447343 30.0286 0.766903 -0.491014 0.413237 142 140 132
2.05391 -0.498896 29.7767 -0.30955 0.614106 0.725984 243 224 236
-2.94871 0.724513 30.1098 0.166833 -0.302444 -0.938453 107 98 85
4.53856 -1.45359 30.0341 -0.556727 -0.00336576 0.830689 208 196 200
0.419557 -0.975074 30.1542 0.344677 0.929332 -0.132434 186 161 165
-1.83319 0.630732 30.2565 -0.0689131 0.179095 0.981415 192 173 166
-5.29086 1.23105 29.033 0.0843257 -0.959706 -0.268055 132 128 101
3.25751 -1.10543 30.0603 -0.848259 0.247149 -0.468374 213 200 210
-3.68642 0.997374 29.726 0.30421 -0.936777 0.172929 156 144 127
-5.42634 0.428242 30.1238 0.58566 -0.0156499 0.810406 114 111 101
4.61563 1.09276 28.6799 -0.54002 -0.277 -0.794764 199 200 184
3.6674 -1.94277 29.0732 -0.777172 -0.555894 -0.294934 242 232 239
-6.56302 0.237653 30.6429 -0.895748 0.30728 0.321272 114 111 102
-1.29709 0.750987 30.1962 -0.279224 0.814135 -0.509134 173 161 147
-2.9928 -1.43837 29.4357 -0 -0 -1 137 123 136
-2.89278 -0.0174925 30.2488 -0 -0 -1 237 215 223
-0.210898 0.642326 30.0834 -0.37 -0.785715 -0.495734 120 106 95
5.10436 -3.16039 29.2485 0.970232 0.0820398 0.227859 199 199 211
3.6883 -1.34294 29.7934 -0.85528 -0.444266 0.266692 245 216 221
2.15705 0.169947 29.8894 -0.621351 -0.607488 0.494855 249 232 240
-3.76114 0.611377 30.1006 0.814071 -0.418961 -0.402193 100 89 83
0.854926 0.432465 30.4341 0.138115 -0.863494 -0.485079 83 71 73
7.53096 0.365909 30.5671 -0.123832 0.989895 -0.0690848 118 114 107
5.21004 -2.48038 28.7848 0.770971 -0.63292 -0.0708293 227 216 225
4.60166 -1.23374 30.0753 -0.217135 -0.495686 0.840921 199 184 191
5.31065 0.338332 30.279 -0.705042 -0.666285 0.242858 202 175 166
4.25556 1.30161 28.484 -0.0225543 -0.977306 -0.210627 230 195 181
-4.70786 -1.4309 28.9236 -0.285541 -0.325236 0.901492 223 208 211
-0.086158 0.768824 29.8854 0.324703 -0.504183 -0.800229 142 142 121
4.48584 -2.22463 29.0843 -0.454919 -0.749107 -0.481547 158 144 143
-5.9765 0.941336 29.9585 0.0737411 0.429037 0.900272 114 108 96
-4.15552 -1.84308 28.6133 0.886967 -0.461063 0.0266643 162 144 160
-0.0814994 -0.968175 5.18738 -0 -0 -1 128 120 125
-4.44448 -1.51644 29.0408 0.548215 -0.0227126 0.836029 220 205 210
2.71599 -3.30082 28.8471 0.0270196 -0.989717 0.140463 238 232 245
-5.29563 1.0874 29.6459 0.162476 -0.936261 -0.311475 118 123 93
2.82477 0.717423 30.0454 -0.0195894 -0.676797 -0.735909 249 250 231
-5.14283 0.517535 30.1934 -0.0587041 0.776169 0.627786 122 113 106
-3.31381 -1.57863 29.7815 -0 -0 -1 86 82 81
3.52658 -0.362831 30.4465 0.235194 0.400814 0.885456 235 209 213
-3.48487 -0.402334 30.4518 -0.239868 -0.884699 -0.399713 127 108 110
3.50958 -1.85063 29.5987 -0 -0 -1 217 205 217
-0.183466 1.03177 29.6638 0.138494 -0.755558 0.640275 115 88 77
-1.58821 -0.928809 29.7577 -0 -0 -1 213 191 196
0.649827 -1.59185 29.0497 -0 -0 -1 81 70 74
3.09417 0.821275 29.6005 -0.51094 -0.0729698 -0.856514 141 138 131
4.33431 -2.53603 28.813 0.707397 -0.070446 0.703297 254 240 250
4.80571 -2.29489 28.9079 -0.0412601 -0.995595 0.0841866 255 250 255
5.66954 -4.19389 28.2899 0.763192 -0.388869 -0.516061 238 213 216
2.91177 -0.910828 29.9311 0 0 1 90 88 88
3.83897 -4.06906 28.0256 0 0 1 196 168 165
6.5453 0.267092 30.148 0.341292 -0.492173 0.800803 150 136 110
5.34248 0.520718 29.8642 -0.768122 -0.59735 0.230568 109 99 90
3.89638 0.747277 29.7274 -0.102512 -0.66281 -0.741737 133 139 113
3.52188 0.898894 29.6265 -0.0735249 0.581502 -0.810216 93 82 77
2.69072 -1.3525 29.3894 0 0 1 89 85 82
-1.65174 0.253668 30.4445 0.552765 0.276354 -0.78618 202 184 180
-5.78533 -1.72639 29.0981 0.603961 -0.784455 -0.14093 130 128 129
0.76258 0.750279 30.2894 -0.716717 0.664204 -0.212484 123 118 102
2.36807 -2.99538 28.4305 0 0 1 105 91 98
2.2093 -0.419881 29.7764 -0.87352 0.45888 0.162459 230 204 213
-1.40793 0.855077 29.5975 -0.473992 0.766302 -0.43372 150 136 127
1.31497 -0.935034 30.1655 -0.819562 0.567004 0.0826155 139 132 139
5.2478 1.27938 28.3379 -0.0173445 -0.995148 -0.0968456 227 192 179
-1.40254 -0.650183 30.638 -0.688166 -0.452614 -0.567069 145 130 149
-2.07609 0.671767 30.2069 -0.198009 0.446043 0.872833 138 128 116
3.48947 0.917947 29.6718 -0.153696 0.497751 -0.853593 165 156 147
0.270467 1.21589 28.8375 0.0251263 -0.968677 -0.247049 147 114 101
-5.19308 1.05428 29.8198 0.365998 -0.928957 -0.0555261 105 112 81
-0.975331 1.16373 28.918 -0.517499 -0.760425 -0.392363 250 240 237
-0.658965 1.27227 28.6915 -0.169716 -0.985332 -0.0178054 143 104 99
-5.689 0.976447 29.6268 -0.504757 -0.500445 0.703402 107 115 94
-0.00447433 1.11078 29.8063 -0.873931 -0.159334 -0.459193 142 116 101
-1.11704 -1.59608 29.3359 -0 -0 -1 240 223 229
-1.7206 0.540454 30.1035 -0.186887 0.845551 0.500117 222 198 194
-0.996482 0.87677 29.6795 0.109092 -0.613496 -0.782126 78 66 58
0.0715299 1.24508 28.7025 0.299504 -0.871049 -0.389322 254 234 215
4.72288 -0.939256 30.3417 0.475795 -0.688013 0.547957 210 194 197
3.39628 0.422453 29.9868 -0.269771 -0.546551 -0.792784 92 94 80
4.28907 1.09277 28.8597 0.975835 -0.209728 0.0613202 209 206 191
-6.21081 0.204203 30.6269 0.719208 0.201136 0.665044 158 147 141
-3.07241 1.00078 29.7199 0.579732 -0.80272 0.139829 95 86 71
4.35272 3.13674 19.3812 -0.133095 -0.987086 -0.0891419 255 249 238
-3.55124 -2.15732 29.3868 0.948851 0.28217 -0.141642 159 136 140
-2.45325 1.3394 28.2619 -0 -0 -1 207 169 162
-4.71152 0.712629 30.1985 -0.19684 -0.787422 0.58414 163 146 136
-5.74299 -1.78216 29.2283 0.630453 -0.776185 0.00814712 236 223 230
-3.2487 0.475753 31.0845 -0 -0 -1 141 131 129
-4.56912 1.32685 28.5525 -0.0399789 -0.994057 -0.10125 225 191 179
-2.85166 1.34347 28.2504 -0.163036 -0.934748 -0.315698 162 134 123
-6.00327 -1.24605 29.2248 0.986005 -0.164876 0.0247083 189 184 181
1.77783 1.27996 28.5349 -0.36849 -0.925381 0.0887969 164 122 110
-6.14096 0.960532 29.7866 -0.295923 0.908187 0.296017 85 87 63
-1.2862 -0.888802 30.5867 -0.155075 0.744289 -0.649604 157 141 153
2.6949 -0.328692 30.2887 0.0490626 -0.508761 0.859508 219 197 199
-2.85732 0.717178 30.0895 -0.166277 -0.576617 -0.799915 105 96 86
5.07536 1.16858 28.6483 -0.341944 -0.44664 -0.826793 183 191 167
4.75078 3.16849 19.3452 0.0301028 -0.980784 0.19276 247 240 215
-5.34343 0.958948 29.8107 0.241221 -0.97047 -0.000922229 102 101 83
4.39338 -3.79139 28.6168 -0.778826 -0.326094 0.53581 138 117 126
-7.87615 -1.29384 31.8374 -0.0107931 0.906124 0.422874 64 80 51
-7.249 -0.188767 29.808 -0.180151 -0.731491 0.657622 114 104 102
7.39502 0.652314 30.318 -0 -0 -1 92 83 76
2.27835 -2.35838 28.8915 -0.662618 -0.229536 0.712917 223 195 202
4.49743 -3.55522 28.664 -0.137588 -0.140214 0.980515 93 96 111
5.51068 -2.48822 28.7866 -0.319937 -0.544308 0.77548 252 255 252
-3.20135 -1.38209 29.9372 -0.0130821 0.922325 -0.386193 89 79 82
-5.87869 0.812183 30.1899 -0.00924294 -0.965479 -0.260318 147 144 125
-5.27164 1.32611 28.5479 0.44554 -0.683966 -0.577655 229 187 175
7.99254 0.867497 29.5304 -0 -0 -1 137 134 117
-5.80433 0.612552 30.0711 -0.791225 0.244982 0.56031 128 129 115
-5.39523 -1.26403 28.5803 -0.837441 -0.264317 0.47836 206 185 184
-7.20192 -2.72737 33.2777 -0.409949 0.632358 -0.657317 129 140 110
3.45637 0.302957 30.1912 -0.768064 0.26147 0.584561 112 114 100
2.41941 -3.27214 28.9734 -0.108238 -0.987914 0.110955 97 84 93
4.41158 -0.552655 30.191 -0.651624 -0.496666 0.573332 239 216 220
-3.55908 0.529925 30.2377 -0.259345 -0.908304 -0.328212 128 113 106
3.4571 -3.22138 29.2809 0.641851 0.256626 0.722614 185 175 186
-5.11789 -1.21241 28.596 0 0 1 146 125 125
-5.14913 0.737655 30.2223 0.117407 0.140588 0.983082 186 183 169
4.19554 -4.10909 28.2652 0.706581 -0.231544 0.668679 219 191 188
-1.70133 0.482971 30.2834 0.257884 0.850896 0.457682 110 100 91
-2.05755 0.532564 30.1928 -0.057496 0.590671 0.804861 203 182 175
1.27417 0.636351 30.0828 -0.108316 -0.0580666 -0.992419 160 158 137
-3.30921 0.197459 30.2034 -0.0876903 -0.916648 -0.389958 165 149 150
4.01111 -4.28179 27.4658 0 0 1 254 238 236
-1.6686 -1.57029 29.1049 0.578025 -0.4553 -0.677193 159 146 164
1.19512 1.31113 28.4524 -0.25526 -0.87183 -0.418037 216 186 176
7.95355 0.154537 30.3788 0.313157 0.93808 0.148116 185 169 170
-1.16758 1.28015 28.5841 -0.0214558 -0.955113 -0.295463 165 136 128
1.65749 0.389001 30.3522 -0.811228 -0.354264 0.465195 106 111 91
4.54199 -3.33659 29.0768 -0.804826 -0.572774 0.155512 240 237 246
3.39193 -0.567879 30.6185 0.0866869 0.950556 0.298209 206 196 200
4.11039 -3.88422 28.0712 0 0 1 138 112 111
-1.1401 1.32874 28.3157 -0.0559232 -0.995935 -0.0706081 215 171 160
5.24973 -2.55411 28.9155 0.163381 -0.889322 -0.427098 246 234 246
-1.95383 -0.273682 29.4435 0.161594 0.910246 0.381235 251 235 248
5.54101 3.11875 19.5748 -0.0176211 -0.985251 -0.170208 254 227 220
-6.65422 -1.50728 29.2805 0 0 1 248 245 246
1.74323 -2.75104 28.9837 -0.368071 0.897432 0.243187 172 150 162
0.0374762 3.1675 19.4352 0.0280066 -0.993178 -0.113195 255 250 245
-0.25887 0.992101 29.6487 0.0984447 -0.993726 -0.0530785 192 174 164
5.54087 -4.18814 28.1598 0.0304628 -0.996777 -0.0742094 237 213 212
2.54859 -2.80286 29.6886 0 0 1 202 200 209
-3.07735 3.16181 19.4619 0.101723 0.967915 0.229769 255 253 241
7.31279 1.09348 29.2408 -0 -0 -1 143 143 119
5.57278 -1.05892 30.1277 0.974493 0.184239 0.128138 128 109 115
-5.84688 0.216311 30.3248 0.200707 -0.977076 0.070992 151 137 143
4.77417 -1.11635 30.1106 0.242555 -0.242619 -0.93931 203 185 191
2.34928 0.367182 30.3459 -0.401628 -0.911352 -0.0901815 133 135 117
5.20759 -2.87206 29.0851 -0.944225 -0.143658 -0.296312 244 239 247
4.07084 -3.93042 27.9643 0 0 1 159 146 150
5.0248 1.13361 28.8791 0.0365872 -0.861933 -0.5057 103 97 78
6.40946 0.0307365 30.2655 0.212802 0.976695 0.0279581 189 163 162
5.55754 -2.90925 29.1949 -0.504337 -0.863438 -0.0109277 110 103 110
2.65962 -0.531509 30.5521 -0.745518 0.393913 0.537621 207 195 207
6.29633 0.767808 29.7549 -0.0111799 0.713906 0.700153 143 137 122
5.60801 -0.494105 30.5409 0.673266 0.315832 0.668553 119 99 111
2.12954 -2.01853 28.9332 -0.12803 -0.563952 0.815822 127 113 130
5.70058 1.24592 28.5401 0.0732857 -0.941723 -0.328309 132 121 103
-5.09974 0.775771 30.1629 -0.227048 0.335284 0.914349 116 112 100
0.675954 0.92057 29.5334 0.0140454 -0.618825 0.785404 150 134 130
5.99408 1.07834 29.0032 -0.490745 -0.870878 0.027235 175 158 140
1.4283 -0.561746 30.2429 -0 -0 -1 153 146 158
-7.55675 0.271615 29.9544 -0.0783843 -0.0537719 0.995472 187 173 171
4.87487 -1.12378 30.1844 -0.0934272 -0.289543 0.952595 221 204 212
-1.66173 1.09697 29.5548 -0.231014 -0.201359 -0.951886 171 155 139
3.6147 -1.47153 29.3473 0 0 1 242 213 214
-1.73081 -2.97232 27.7678 -0 -0 -1 234 221 238
-4.70237 0.926788 29.7154 -0.0655528 -0.973303 0.219965 86 87 71
3.67653 -3.17165 28.9452 -0.401372 -0.785518 0.471023 127 103 101
2.4188 -2.55208 29.2093 -0.489948 -0.77683 0.395584 175 151 156
3.65844 -1.21747 29.302 -0.155122 -0.852335 -0.499462 106 79 86
-0.189271 0.909046 29.5837 -0.790352 0.254874 0.55712 111 93 84
3.13681 -3.14562 28.8185 0.0237331 -0.98307 -0.181686 181 180 186
-4.51121 1.35985 28.5877 0.00607531 -0.996628 -0.0818259 253 224 211
-5.13717 1.09052 29.3496 -0 -0 -1 151 159 122
-4.41262 0.355294 30.1947 -0.557752 -0.0158847 0.829855 149 139 129
-6.52513 0.550429 29.9296 0.689569 0.20088 0.695803 123 128 106
5.9065 0.848472 29.7668 -0.234357 0.971888 0.0226069 82 75 67
6.21135 0.184259 30.5259 0 0 1 219 199 194
0.428775 -0.255824 30.1616 -0 -0 -1 169 142 147
-4.93349 0.792513 29.5833 0.00426754 -0.99598 0.0894727 133 130 114
-7.1548 0.285206 29.9998 -0.0423234 -0.717347 0.69543 88 84 84
1.71561 -0.238127 29.634 0.613186 0.192334 0.766166 165 148 160
2.37348 -4.03748 28.4227 0.346323 -0.750909 0.562312 197 177 187
4.18811 0.817613 29.4443 -0.169453 -0.52616 -0.833332 146 135 126
-4.7963 0.781614 30.2929 0.155977 -0.874146 0.459936 136 125 112
-5.82641 0.892626 29.5219 0.125335 -0.802722 0.583033 94 99 81
6.60848 0.376271 29.9716 0.357035 -0.882916 -0.304935 131 118 108
4.70433 0.454258 29.9871 0.512789 -0.575346 0.637201 117 108 101
3.02471 -1.31207 29.5553 -0.585156 -0.809299 -0.0512629 80 78 74
1.70973 -1.73126 29.239 0.633083 0.601895 0.486752 133 117 118
3.44274 3.23373 19.1135 0 0 1 179 182 136
0.208367 -3.35376 27.7895 -0 -0 -1 242 221 240
2.60677 -0.940021 30.3228 -0.945364 -0.117874 -0.303961 163 146 155
3.47537 -2.73452 29.5193 0 0 1 212 196 206
2.6326 -1.93554 29.1804 0 0 1 226 201 207
5.20552 -0.980618 30.6298 0 0 1 173 153 159
-5.60352 -1.67344 29.2602 0.977033 -0.202285 0.0669841 153 142 154
-7.24271 -2.28379 32.5566 0.205831 -0.952615 -0.223959 132 142 115
-0.248103 -1.77694 29.0007 -0 -0 -1 231 213 229
-5.04505 0.415105 30.171 -0.486783 0.0623356 0.871296 139 130 121
0.632922 -1.03365 30.1009 -0.216708 0.921167 -0.323248 95 79 90
4.63958 -2.34693 28.8803 -0.0429192 -0.928829 -0.368014 254 249 254
-3.19748 -0.921725 30.2159 -0.22018 0.916323 -0.334474 164 150 165
-3.64697 0.295531 30.3644 0.861867 0.392237 -0.321459 199 186 180
-7.19633 -2.49587 32.8756 -0.816113 -0.112619 -0.566813 82 92 69
2.01083 -0.356369 30.1005 0 0 1 248 230 244
-2.2547 -2.02507 28.4945 -0.545386 -0.452547 -0.705518 141 118 131
-0.584145 -1.40461 28.7363 0.51494 0.345326 0.784593 186 160 163
-1.47397 1.0526 29.7543 0.230483 -0.910133 -0.34429 142 135 117
6.82817 0.379223 30.2736 -0.750072 -0.238449 0.616874 116 102 99
1.11925 0.512625 29.9643 0.155494 -0.15198 -0.976076 236 225 217
4.00574 -0.848528 29.5177 0.349773 0.489865 0.798556 252 236 250
5.12101 -3.15869 29.4606 0.960788 0.277242 -0.00476109 203 199 214
-4.99965 1.03966 29.8733 0.0478573 0.153461 -0.986995 142 139 120
5.03565 0.86879 29.6275 0.0958173 -0.691936 0.715573 96 84 84
-7.62908 0.334281 29.9472 0.117263 0.0636291 0.99106 80 75 72
-7.15431 -2.2662 32.4747 0.468562 -0.847476 -0.249467 89 102 77
3.33109 -3.15796 28.8387 -0.161357 -0.713685 0.681629 183 175 186
0.680132 -0.48799 30.3665 0.713391 -0.160297 -0.682186 90 79 93
0.986696 0.651447 30.0112 0.139747 0.743277 -0.654225 151 159 136
-4.10444 0.677764 30.2033 0.0442238 -0.372039 0.927163 164 153 145
5.66611 -1.59096 29.401 0.64871 -0.491194 0.581295 238 207 212
-5.8773 -1.68527 29.3392 0.746412 0.527418 0.405832 161 147 160
-3.15847 -1.37887 29.9897 -0.0130821 0.922325 -0.386193 90 74 85
-1.64558 -0.882859 29.5079 -0 -0 -1 217 193 193
-3.91572 0.914544 29.7792 0.115911 -0.877694 0.464992 102 84 72
4.56735 -3.67709 28.835 -0.64152 -0.278045 0.714942 206 200 222
-1.73488 1.31619 28.5086 0.00309068 -0.991163 -0.132615 209 182 167
-5.68841 0.635985 30.2051 -0.37466 -0.116856 0.919769 99 88 78
2.34953 -2.17233 28.9812 -0.603355 -0.599074 0.526377 206 189 199
2.69192 -0.111323 29.9669 0.697118 -0.700513 0.152673 225 209 202
1.71704 -0.452896 29.6528 -0.932576 0.197571 0.302107 254 242 247
-6.51521 -1.85781 30.7077 -0.557056 0.0155878 0.830329 217 206 211
1.7676 -1.79432 29.4978 -0.226583 -0.894558 0.385261 158 147 153
-2.76471 3.13332 19.6451 -0.0435324 0.996642 -0.0693587 253 251 242
4.66173 -3.47649 28.6805 -0.186007 0.0719951 0.979907 199 189 200
1.80345 0.544502 29.927 0.201123 0.570778 -0.796092 96 88 80
-5.74127 0.566483 30.2206 -0.440804 0.683271 0.582093 95 92 77
0.580542 0.290892 30.4499 -0.363323 -0.370584 -0.854789 255 247 247
3.68861 -0.550846 30.2608 -0.922274 -0.381347 0.0631246 239 215 215
-2.77866 0.646335 30.1386 0.314133 0.345908 -0.88412 124 117 109
-2.11393 1.03664 29.8576 0.128593 0.649935 -0.749032 131 128 112
-7.52105 -2.36962 32.1875 -0.757902 -0.573554 0.310836 113 130 98
0.776554 1.13224 29.1557 0 0 1 181 167 150
3.66772 -2.04463 28.8594 -0.72311 -0.557937 0.407207 243 228 235
-7.71043 -1.70359 31.9165 0.144855 0.485826 0.861969 78 80 75
5.20667 -2.47835 28.7619 0.770971 -0.63292 -0.0708293 231 223 234
-0.312419 0.762649 30.0732 -0.473349 -0.87936 -0.051639 99 93 79
-2.2043 -0.322149 29.6053 -0.560712 0.273888 -0.781401 169 156 166
5.20187 -1.06636 30.1431 -0.140306 -0.87091 0.470989 116 101 106
1.33033 -1.31139 28.6134 0.479347 0.85831 -0.183114 220 199 204
-5.70629 -0.575288 29.948 0.612823 -0.470369 -0.634981 180 153 158
5.38384 0.76957 29.8578 0.15004 -0.935944 -0.318587 161 147 139
2.86814 -1.77541 29.0569 0 0 1 140 127 136
5.43993 -2.58634 28.5021 0.682911 0.375615 0.626535 252 252 250
-5.94584 0.287107 30.3011 -0.0438495 -0.97222 -0.229924 158 147 149
5.6546 -1.34644 29.6535 0.966623 -0.214956 0.139406 246 221 225
-2.18896 0.731634 30.1057 0.0029714 0.905802 0.42369 126 128 106
-5.82487 0.677807 30.3671 0.638487 0.698809 0.322491 144 146 125
3.91259 0.748702 29.8583 -0.288785 -0.829517 -0.478022 141 141 117
3.98931 -3.37132 28.6705 -0 -0 -1 253 228 231
3.37678 -0.522686 30.4966 0.12629 0.991972 0.00646271 194 180 197
-6.02283 -0.154399 30.2874 0.401402 -0.608609 0.68445 228 218 219
-6.6413 0.200679 30.3236 -0.995552 0.0715723 0.0612741 127 122 118
-0.194275 -0.910212 30.0186 -0.613565 0.780566 0.119392 181 153 150
-2.2308 0.410107 30.4191 0.251148 0.799723 0.545314 159 145 144
3.15374 0.873593 29.8839 -0 -0 -1 86 79 73
3.13234 0.961081 29.6495 0.262379 0.0959233 -0.960186 144 134 124
2.50363 0.551632 30.1004 0.0675294 0.104228 -0.992258 89 82 72
-5.75288 -1.64036 29.3405 0.67278 0.0824643 0.735233 242 229 238
-1.42722 -2.38604 28.8705 0.0762843 0.365541 -0.927664 151 138 145
-5.28569 -1.51275 29.234 0.234604 0.844006 0.482301 245 230 237
-2.99033 -2.20523 29.2699 -0 -0 -1 237 212 218
2.44777 -0.345812 30.1897 -0.387778 -0.740524 0.548865 224 199 202
3.47301 -3.88857 28.3667 0.523878 -0.82922 0.194799 146 125 130
2.36903 -0.211199 30.339 0.50768 0.112237 0.854204 227 207 208
-5.88273 0.55259 30.1837 -0.680305 0.687094 -0.25512 146 151 130
-2.21949 1.33578 28.3715 -0.388884 -0.832615 -0.394363 201 170 160
-0.948593 0.944261 29.6867 0.532295 -0.370157 -0.761345 126 101 93
3.71139 -0.153981 30.0836 -0.777759 0.140097 -0.612751 239 214 218
5.87188 1.30152 28.4787 0.234155 -0.966328 -0.106689 208 188 176
-7.81387 -0.695096 30.9961 0 0 1 124 135 109
4.51101 0.504652 29.4815 0 0 1 76 77 69
-3.34628 1.12687 29.0825 -0.159216 -0.944628 -0.28693 185 158 147
-0.353963 -1.62572 29.4235 -0 -0 -1 165 149 156
-5.71228 -0.944203 29.7741 0.28077 -0.94293 -0.179026 167 139 144
-2.84446 -0.747231 29.7052 -0 -0 -1 187 173 188
-3.65393 0.63356 30.1992 0.125501 -0.363911 -0.92294 97 90 82
-0.787553 -1.10224 29.99 0.430608 0.842878 -0.322697 169 154 164
-6.17516 0.572688 30.223 -0.223749 -0.792206 -0.567756 140 138 118
4.73316 -2.04639 29.3445 0 0 1 182 160 162
-6.11339 0.168369 30.3445 -0.497822 -0.738924 -0.454053 141 127 126
4.25134 -2.25534 29.0665 0.557878 -0.702273 0.442249 170 151 155
5.5333 -0.543714 30.6197 -0.596604 0.795459 -0.106339 197 185 190
-3.7753 1.27277 28.824 -0.0287859 -0.990537 -0.134192 193 159 147
-6.11788 1.01352 29.7314 0.0802995 0.964079 0.253187 123 136 110
-3.04061 -1.46708 29.4145 -0 -0 -1 152 140 150
4.31032 -3.68503 28.4766 -0.9148 -0.226861 0.334177 238 212 224
1.47851 -1.74558 29.1521 -0.302264 0.885999 -0.351629 167 156 164
3.69792 -0.104429 30.3038 -0.433472 0.145675 0.889315 244 224 226
-6.82806 0.368344 30.0318 -0.223363 -0.478812 0.849027 195 188 186
4.16155 -0.873747 29.5784 -0.453063 0.442378 0.773974 253 224 242
4.49622 0.70212 29.9385 0.509551 -0.808306 0.294957 151 159 137
2.08043 0.754168 30.0299 -0.198078 -0.79944 -0.567151 149 157 130
2.04003 -0.503145 29.5462 -0.0704401 -0.342523 0.936865 234 218 226
5.14915 0.939398 29.6797 -0.212004 -0.611135 0.762606 93 83 78
5.74872 0.313131 30.3172 -0.721919 -0.577977 0.380493 131 122 120
7.61437 1.25171 29.0404 -0 -0 -1 173 143 128
-0.66501 -1.22963 28.6119 0.370673 0.917998 0.140998 77 72 69
-2.71613 -1.08539 29.7875 -0 -0 -1 141 125 135
1.29735 0.933227 27.8633 -0.487734 -0.855018 0.176236 255 246 249
1.70457 0.731762 29.9353 0.336821 -0.554465 -0.760999 138 147 119
5.35659 0.554208 29.8311 0.09248 0.187632 0.977876 118 103 96
7.53231 0.898161 29.0862 -0.0244934 -0.862283 -0.505835 143 137 121
4.62731 1.14587 29.1723 -0 -0 -1 128 121 102
6.13977 0.733064 29.9202 -0.866674 0.487141 -0.10756 150 146 134
4.61942 -3.69032 28.7533 -0.190814 -0.292285 0.937102 202 187 205
-5.29819 -1.18864 28.8488 0 0 1 164 136 133
5.11851 -1.02477 30.3269 0.187511 -0.713843 0.674735 198 183 186
-6.33669 0.795228 29.9881 0.66406 -0.633235 0.397539 104 105 89
3.62309 0.89089 29.6152 -0.178953 0.415172 -0.891969 94 84 75
-5.30191 1.20159 28.6774 0.981673 0.0536831 0.182856 153 156 127
4.12235 0.21599 30.1942 -0.587494 -0.790888 -0.171309 131 111 112
2.30351 -1.73806 29.4372 -0.731004 0.0707656 0.678694 142 126 129
2.84582 -1.07027 30.1827 -0.362307 -0.919039 0.155244 110 103 110
-0.815155 1.00216 29.1964 -0.15541 -0.983008 -0.0976842 136 119 117
-2.51645 1.23143 28.9858 0.113246 -0.832217 -0.542761 186 154 143
0.335231 0.421461 30.3973 0.328496 -0.278844 -0.902406 170 155 151
-2.48727 -0.286311 30.0774 -0.302394 0.947847 0.100721 215 194 201
-2.45156 -0.179925 30.3485 0.797476 0.533501 0.281796 219 198 203
5.10894 -1.67828 29.3327 0 0 1 93 83 84
-5.91449 -1.37632 28.6826 0.603036 0.104219 0.790876 212 196 201
3.24708 -2.73667 29.3271 -0.0442057 0.905464 0.422114 213 207 214
-1.83107 -0.271671 29.7818 0.315434 -0.193049 -0.929104 244 230 243
5.48494 0.385859 29.9707 -0.46408 0.87513 0.137026 190 177 168
-5.10487 -1.10264 29.6553 0.768076 -0.515975 0.379248 179 151 150
3.23298 -1.68363 29.5809 0.0405292 -0.96198 -0.270095 136 124 126
-5.82468 -3.91428 28.2802 0.948252 0.102363 0.300565 226 199 204
3.48692 -3.13496 29.1033 -0.892466 0.439324 -0.102458 192 180 190
-7.40617 -0.0745866 30.0121 0.136251 0.952798 0.271313 81 73 71
-3.06453 0.583821 30.0509 -0.012847 0.180922 -0.983414 116 99 86
5.72376 -2.58093 28.8201 -0.258686 -0.482284 0.836949 215 192 201
2.24343 -2.22648 28.7706 -0.639959 -0.0249294 0.768004 178 183 220
-0.921058 1.11345 28.9203 -0.0854327 -0.95778 -0.274515 255 245 243
-7.10811 0.21889 29.8403 0.0305346 0.266461 0.963362 84 78 75
0.547392 0.524274 30.0928 -0.0718606 -0.714217 -0.696225 208 192 185
-6.00203 -0.601675 29.8641 0 0 1 214 205 206
4.61342 -3.65242 28.8177 -0.573005 -0.728826 -0.374804 206 200 214
-3.13336 -1.45472 29.8716 -0.0822678 0.987997 -0.130744 100 89 97
5.28763 0.457786 30.04 0.519735 0.54909 0.654505 106 80 76
3.20023 -2.68539 29.1938 -0.106542 0.923312 0.368975 124 111 122
-7.37399 0.0722778 29.8642 -0.606691 -0.277108 0.745075 94 83 89
-0.322905 0.559077 30.1414 0.0941115 -0.732083 -0.674684 182 164 154
-1.83121 -1.03284 29.2909 0.921512 0.335228 -0.196056 121 92 96
-2.71788 0.998766 29.8067 -0.0161392 -0.880626 0.473537 124 125 110
-2.83342 1.01026 29.669 0.188297 -0.880973 0.434086 133 138 115
-4.05241 0.771887 30.1689 -0.0207782 -0.967193 -0.253192 128 119 105
-4.95739 0.438355 30.3292 -0.434029 -0.236355 0.869342 162 147 142
5.63512 -2.44432 28.8596 -0.203705 -0.286608 0.936141 254 248 254
-3.09067 -1.03472 30.0278 -0.35429 0.835024 -0.420968 202 195 208
-4.795 1.09836 29.3437 -0.535847 -0.679386 -0.501301 148 154 124
-0.792428 -1.06377 30.0875 0.400549 0.851244 -0.339033 172 161 167
2.61957 0.0356359 30.145 -0.293629 -0.898431 0.326503 205 191 188
5.55961 -1.802 29.5474 -0.817615 0.015404 0.575559 152 137 142
-6.07586 -1.52711 29.007 0.652805 0.682469 0.328759 136 123 132
4.26419 -3.74176 28.4839 -0.905655 -0.258677 0.335971 237 208 208
-0.795689 -1.06363 30.0596 0.400549 0.851244 -0.339033 172 161 167
-4.89765 0.517846 30.2952 0.144084 0.633139 0.76051 138 119 114
0.928887 -0.821155 30.0584 -0 -0 -1 93 78 83
-0.377944 -0.375038 30.1785 0.445087 -0.601785 0.663139 109 90 96
0.68871 3.15339 19.2157 -0.0904914 -0.987186 -0.131432 255 254 236
-3.78191 0.906903 29.7007 -0.166719 -0.961939 0.216512 187 171 156
-5.33967 -1.39348 28.5783 -0.759854 0.00923566 0.650028 178 164 164
-3.47732 -2.19713 28.9294 -0 -0 -1 213 187 193
0.637586 0.302565 30.3353 -0.377111 -0.5818 -0.720622 255 254 252
-4.46117 1.34984 28.4294 0.0107718 -0.999919 0.00675211 197 168 154
0.0207756 -1.00776 29.2023 -0 -0 -1 128 108 107
2.49519 -3.72285 28.4497 0 0 1 201 191 216
-7.61341 -2.70546 32.7445 -0.757729 0.604532 0.24574 100 115 76
7.5687 0.270388 30.5251 0.560761 0.718925 -0.410724 150 134 135
1.62181 -1.08082 29.793 0.924386 -0.0458305 0.378695 155 136 132
-7.45348 -0.113323 29.6896 0.559567 0.826858 -0.0564799 164 149 142
-7.65417 -0.785264 31.2611 -0.698644 0.280706 0.658104 120 136 110
-6.69858 0.449914 30.0994 -0.158647 -0.382213 0.910354 83 78 75
4.31079 -0.324504 29.7715 0 0 1 230 205 211
5.07462 0.629583 30.0571 0.130192 -0.983713 -0.123929 114 100 87
3.63816 -1.07426 29.95 -0.909623 0.0773459 -0.408171 197 175 174
-2.1628 0.933356 29.7331 0.209143 0.817983 0.535877 143 135 122
-2.91663 -0.952286 30.2045 0.277858 0.783348 0.556022 159 132 147
1.87955 -2.2367 28.7989 -0.844116 -0.329907 0.422646 253 241 251
-6.27119 0.36917 30.3989 -0.183654 -0.966799 -0.177682 126 127 109
-7.55916 -1.13001 31.7957 -0.768614 0.229312 0.5972 120 136 106
4.76862 -3.65903 28.8744 -0.978504 -0.201143 0.0455068 188 172 182
4.83515 -0.482061 30.4307 0.0264916 0.441665 0.896789 143 122 131
-6.19589 -1.64753 29.7452 0 0 1 135 124 132
0.641713 1.31035 28.4542 -0.171118 -0.983129 0.0646271 227 190 184
-3.18713 -1.05179 30.0589 -0.17021 0.978833 -0.113638 169 155 170
-2.35796 0.200318 30.3019 -0.542779 0.832335 -0.112288 118 102 104
4.66599 -3.54354 28.7624 -0.371779 -0.644471 -0.66816 111 99 113
3.8696 -2.13828 28.8326 0.245328 -0.091685 0.965095 140 136 150
-1.99182 3.12854 19.632 0.0436725 0.974441 -0.220357 254 236 234
5.23027 3.13504 19.2092 0.313931 -0.944423 -0.0975374 195 174 153
-1.6617 0.847704 29.6491 0.204837 -0.0837462 -0.975207 148 145 138
-4.30271 0.739599 30.2575 0.175171 -0.930064 -0.322948 161 152 138
5.17103 -2.71617 29.126 -0.903008 -0.0185679 0.429223 123 109 124
-0.340663 -1.21144 28.645 -0.514464 0.814255 0.268917 132 123 126
0.960525 0.909448 29.1643 0 0 1 101 86 81
-1.08382 0.593466 30.0495 0.0541864 0.627334 -0.776863 141 126 123
4.20892 -1.99454 29.0284 -0.541359 0.118618 0.832382 184 167 172
5.29163 0.295882 30.1785 -0.0651956 0.977698 0.199641 203 178 171
7.46508 0.846853 29.5444 0.0410572 0.898391 -0.437274 135 138 125
0.672427 0.593955 30.0054 0.247423 -0.255735 -0.934549 141 127 121
5.60772 -2.73477 28.4247 0 0 1 254 250 251
-1.67148 -1.99725 28.495 -0.984014 -0.0670781 0.164976 124 109 116
3.23995 -3.18004 29.1411 -0.170277 -0.758666 0.628834 189 180 188
0.224454 -2.53883 27.6496 0.901249 0.432795 0.0209326 238 221 242
2.06328 0.609077 29.8706 -0.52839 -0.395529 -0.751239 141 149 126
4.12889 1.11823 29.6135 -0.799031 0.595199 0.08537 139 121 99
-5.68259 0.734318 30.1858 -0.269547 -0.0805373 0.959613 73 67 53
-1.49747 -0.971824 30.2807 -0.211055 0.878443 -0.428712 148 132 133
2.29577 -1.1945 29.6165 -0.873552 0.308719 0.376296 137 111 114
5.31511 1.29857 28.4758 0.0557144 -0.997741 -0.0375354 212 174 165
5.06594 0.549998 30.0034 -0.0023947 -0.738651 -0.674084 98 85 74
-3.96941 0.522585 30.2534 -0.583278 -0.786125 -0.204436 125 111 98
-0.893026 1.25832 28.6928 -0.0131886 -0.950138 -0.311552 255 249 247
2.06444 -2.12114 28.8879 -0.0450117 -0.34188 0.938665 131 123 134
5.80233 0.282331 30.3607 -0.928223 0.371861 -0.0110676 144 129 128
3.60186 -3.68418 28.5945 -0.976482 0.21416 -0.0248771 239 215 213
-4.91603 -1.39666 28.5516 0.842628 -0.281439 0.459096 157 140 146
-3.41134 1.24423 29.0141 -0.168539 -0.887849 -0.428157 159 133 120
-4.81686 0.992614 29.7213 -0.195775 -0.977944 -0.0727856 134 135 117
-0.845619 -1.02183 30.12 0.400549 0.851244 -0.339033 94 81 91
3.47636 0.099117 30.3707 0.117202 -0.466104 0.876933 210 192 188
-4.49926 0.950582 29.7873 0.163292 -0.829821 0.533604 100 93 75
2.80846 -0.327639 30.1933 -0.122205 -0.968155 0.218501 231 207 207
1.31206 -1.04105 30.1834 -0.138133 0.989023 -0.0524736 90 81 82
4.26538 -0.824437 29.5801 -0.97578 -0.200153 0.0882712 253 229 242
1.56216 -0.214799 29.9436 0 0 1 192 171 175
1.53364 0.447025 30.2338 0.181528 -0.908284 -0.376919 90 91 79
-7.25764 -0.164161 30.0188 0.256071 0.870914 0.419447 154 146 143
0.450099 -3.61726 28.8999 0 0 1 87 83 82
-1.76934 -0.372894 29.8238 0.315434 -0.193049 -0.929104 208 185 195
1.74179 1.21084 28.3737 0.191634 -0.969767 0.151089 154 129 113
2.26224 -1.35073 29.2296 0.484904 0.83222 -0.268846 146 130 133
6.25573 0.693273 30.0922 -0.553453 0.290393 0.780616 98 98 86
-7.21675 1.04746 29.88 0 0 1 99 115 78
-4.60727 0.86852 29.7998 0.0861591 -0.898123 0.431221 170 161 151
5.21852 -2.43798 28.7542 0.690656 -0.609219 0.389675 255 253 255
1.31966 -0.708362 30.3615 -0 -0 -1 190 176 191
-5.8102 1.35472 28.737 -0.040542 -0.969064 -0.243457 209 183 166
-5.5721 -1.7393 28.7595 0 0 1 225 217 230
2.62342 0.369628 30.2493 -0.153985 -0.836679 -0.525601 117 116 95
4.80795 -2.70213 28.7572 -0.884771 0.381189 0.268096 253 251 255
2.14314 -0.385208 29.6351 -0.87733 -0.0137108 0.479692 253 243 249
-0.987325 1.03819 29.3699 -0.350377 -0.913083 -0.208604 250 229 220
5.28634 0.242852 30.2183 0.578893 0.756599 -0.304041 166 139 128
-0.246984 -2.67315 27.4081 -0 -0 -1 231 214 233
-4.3345 1.32587 28.5244 -0.0177596 -0.999647 -0.019759 235 205 191
-3.87154 -1.39915 28.9327 -0 -0 -1 229 209 234
-4.1402 0.769417 30.1981 -0.123563 -0.991421 -0.0426246 124 110 99
5.13958 -2.29379 29.1241 0.621215 0.286568 0.729363 161 138 146
5.39149 1.06225 29.7612 0.216068 -0.532546 -0.818358 174 159 146
-5.9011 0.444816 30.6558 0.941812 -0.262975 0.209365 94 86 76
-0.11595 1.02674 29.6627 0.115709 -0.869292 0.480565 195 176 158
0.862293 1.31223 28.4649 0.161616 -0.97097 0.176345 214 176 165
3.3373 3.33057 18.5945 -0 -0 -1 185 170 137
-2.88244 -0.398855 30.5258 0.0986008 -0.682914 0.723814 121 105 116
6.59297 0.128433 30.3286 -0.650911 0.0840672 0.754485 176 165 138
-4.23511 0.676898 30.2935 -0.256099 -0.0226755 0.966385 128 119 110
2.2129 -2.22555 28.7899 -0.639959 -0.0249294 0.768004 164 164 186
2.54203 -0.510259 30.3951 -0.0888373 -0.971978 -0.217639 203 193 201
3.61069 1.11964 29.0955 -0.055617 -0.946057 -0.319192 210 183 161
-4.65696 0.135186 29.7754 0 0 1 208 186 189
-4.29373 0.228357 30.0873 0.343927 0.745561 0.570835 215 200 198
0.0421416 1.26812 28.476 0.135599 -0.971995 -0.191937 168 129 114
2.14236 0.642416 29.9913 -0.0484533 0.0469515 -0.997721 131 141 116
-7.267 0.291063 29.8799 0.0377719 -0.696609 0.716456 72 66 66
2.59454 -0.539845 30.529 -0.305075 -0.916403 0.259105 177 162 172
5.20331 -2.55895 28.8765 0.148801 -0.825658 -0.544195 254 244 254
-2.55804 0.163608 30.0958 0.738814 0.319452 -0.593385 245 229 232
5.16941 0.551502 29.484 0 0 1 173 152 147
-5.54107 0.625187 30.235 -0.00846528 0.00885999 0.999925 150 144 133
5.47114 1.29468 28.3993 -0.0443873 -0.984011 -0.172491 219 192 177
2.7815 -0.052846 30.1035 0.0413644 -0.656082 0.753555 179 173 159
1.88785 1.27275 28.5945 -0.238763 -0.958791 -0.153985 88 87 68
-1.60453 -2.66138 28.8696 -0 -0 -1 199 183 193
-0.750796 1.24778 28.6879 -0.107226 -0.983357 -0.146669 198 183 178
-3.5522 1.26303 28.8621 -0.325493 -0.945499 0.00922358 120 88 77
3.80418 0.586171 29.9487 0.210237 -0.973548 0.0894651 94 87 80
-7.9552 -1.87444 31.9598 -0.35807 -0.139703 0.923184 133 137 120
5.0326 1.15723 28.7369 -0.156891 -0.947069 -0.280082 190 193 170
4.87402 -2.77933 28.8916 -0.722677 0.573739 0.385437 205 198 214
3.63265 0.132611 30.5151 -0.594978 0.474455 0.648763 214 195 191
-6.6544 0.943807 29.9675 0.155138 0.893723 0.420941 87 93 70
2.72726 -3.80562 28.4046 0 0 1 184 177 183
-5.0413 -2.83713 29.5737 0 0 1 239 220 225
-5.8747 0.771118 30.1747 -0.107381 -0.916652 -0.384991 92 97 75
-3.68292 -1.05315 29.0268 -0.524074 -0.830224 -0.189932 132 108 116
-3.70711 -2.00105 28.5329 0.639287 -0.644764 -0.419036 229 211 235
-1.55405 0.883362 29.6519 -0.209298 0.635932 -0.742822 102 85 75
5.15007 -1.07582 30.2678 -0.0749628 -0.898153 0.433246 119 103 109
-4.70267 0.665066 30.1607 -0.0446535 -0.760962 0.647258 206 188 186
5.03596 1.29985 28.4753 -0.122657 -0.987922 -0.094681 215 189 174
-7.36566 -2.0224 31.9219 0.690632 -0.358218 -0.628257 95 103 88
-1.81189 0.204741 29.9069 -0.666677 -0.74529 0.00917916 254 242 242
-1.35084 1.31619 28.5044 -0.00800701 -0.963054 -0.269189 225 191 179
-1.13624 -2.20655 29.0035 -0.130418 0.802824 -0.581777 185 161 164
-4.60119 -1.28407 28.7533 0 0 1 212 186 189
1.38531 -0.503684 30.4844 0.0686008 0.97263 0.222001 152 144 152
-4.65778 1.31065 28.7587 0.157844 -0.937374 0.310508 177 146 128
-6.72673 0.203904 29.9846 -0.304769 -0.483094 0.820814 195 194 192
-7.5348 -1.09084 31.9928 -0.423825 0.81844 -0.387981 70 84 61
-2.25813 0.696725 30.1074 0.221519 0.710196 0.668245 94 94 74
4.4622 -3.57613 28.8316 -0.718967 -0.306369 0.623879 119 117 138
4.4134 -0.290364 30.185 -0.349394 0.0418302 0.936042 168 145 149
-1.61893 0.53271 30.1288 -0.640733 0.748956 0.168899 235 211 211
-1.12521 0.64253 30.0759 0.392526 0.611377 -0.687126 192 177 169
2.58238 0.37152 30.5298 -0.366618 -0.741861 0.561457 145 148 131
2.77975 -2.21216 29.4319 0.840591 0.165045 0.515914 178 155 165
2.92115 0.226283 30.4905 0.480525 -0.688673 -0.542978 105 100 95
-3.99962 1.35264 27.9979 -0 -0 -1 236 190 180
-0.680664 1.11232 29.0029 0.132848 -0.891829 -0.432426 254 249 255
-4.56729 -1.52601 29.1446 0.214809 -0.962531 0.165501 225 206 212
-4.11974 3.11446 18.6845 -0 -0 -1 254 249 228
2.62298 0.80523 29.7999 0.526771 0.830012 -0.183282 108 110 86
-3.29447 -0.960183 30.3558 -0.106472 0.969962 0.218719 173 157 176
1.57121 -0.484062 30.4664 -0.123354 0.844342 0.521412 192 176 186
-5.09041 0.823526 29.9102 0.553378 -0.811843 0.186239 148 145 126
2.06904 1.33267 28.2277 0.0430561 -0.975661 -0.215017 254 241 227
4.98843 -2.60297 28.7397 0 0 1 216 193 199
-7.2242 -2.50524 32.9832 -0.973226 0.0967444 -0.2085 79 93 65
1.89871 -1.73027 29.3468 0 0 1 142 132 133
-4.41075 0.213359 30.0962 0.67835 -0.17959 0.712452 198 182 172
-2.66224 1.29467 28.6769 -0.208557 -0.887957 -0.409923 174 140 128
-3.25767 -0.388206 30.4208 -0.471401 0.705522 -0.52917 123 112 116
5.57608 1.26199 28.6207 0.0278198 -0.911094 -0.41126 132 111 92
-1.85294 -0.98293 29.7409 -0.205348 0.960574 -0.187429 132 104 103
2.63747 0.29865 30.4748 0.076621 -0.806946 0.585634 168 169 153
-5.65531 -1.72336 29.0446 0.274541 -0.72959 0.626359 160 150 161
4.96956 0.800203 29.4908 -0.0320838 -0.893615 0.447686 172 159 150
3.30494 -3.22888 29.3432 -0.194706 0.205852 0.959017 193 188 194
5.08163 0.93076 29.7215 -0.0503577 -0.90141 0.430028 128 117 111
0.0263779 -0.860693 29.8961 0.133375 0.734638 -0.66522 129 104 100
3.3358 0.394735 30.19 -0.366892 -0.929888 0.0264431 153 157 142
-3.51817 1.25307 29.0073 -0.0400297 -0.96974 -0.240837 153 124 116
-2.8887 0.605182 30.0622 0.115548 -0.144101 -0.982794 118 108 98
2.76879 1.35153 28.05 0.151826 -0.985866 -0.0708274 243 191 187
0.761203 0.822275 29.8058 -0.309054 -0.94071 -0.139826 197 184 175
-5.06456 0.511771 30.3299 -0.466291 -0.245474 0.849891 131 112 107
-5.55172 -1.41937 28.8285 0 0 1 232 217 224
0.108773 1.2537 28.6327 0.232454 -0.926354 -0.296368 164 131 114
5.62904 -1.47011 29.6401 0.966623 -0.214956 0.139406 250 226 224
2.96178 0.639481 30.0183 -0.134013 -0.48218 0.865762 70 80 65
3.33062 0.392944 30.1506 -0.0518626 -0.615639 -0.78632 153 157 142
-1.40911 0.957088 29.8089 0.149652 0.368298 -0.917584 100 83 73
-5.25105 0.480972 30.463 0.463799 0.769271 0.439445 126 120 121
2.88479 0.224912 30.4358 0.586777 0.113847 -0.801706 131 120 116
5.2776 -1.04768 30.2872 -0.0577022 -0.793474 0.605862 196 180 189
4.87434 -0.00174557 30.3995 0 0 1 240 213 218
-5.3068 0.891649 29.7864 0.119872 -0.871086 0.476276 152 154 137
4.29034 -2.76528 28.8551 0.68085 -0.0965327 0.726033 177 158 164
-6.03651 0.771218 30.1606 0.226045 -0.844693 0.485177 98 108 81
2.87919 -2.73333 29.3244 -0.0235415 0.972692 0.230902 205 202 213
-6.82897 0.0298501 29.9568 -0.060172 -0.255451 0.964948 77 69 67
5.37063 -0.537692 30.5013 0.358887 0.553893 -0.751267 222 206 213
-4.8305 0.955372 29.8182 -0.147716 -0.988326 -0.0373087 87 82 65
-4.67055 0.611847 30.1547 -0.464169 -0.73243 0.49809 135 116 115
0.487543 -1.03335 30.198 0.199023 0.974406 -0.104516 99 81 93
-4.46454 0.614763 30.1468 0.269796 0.447758 0.85248 152 138 133
-2.6672 0.996027 29.749 0.238765 -0.934307 0.264692 83 84 71
3.4493 0.949252 29.6938 -0.138799 0.84215 -0.521073 102 95 87
1.75196 0.505977 28.9935 -0 -0 -1 125 125 111
3.55756 -3.49081 28.7983 -0.817758 -0.0504444 -0.573348 159 145 159
-6.66932 -1.50879 29.3718 0.766438 0.627524 0.137066 250 250 252
1.845 -1.9382 28.9358 -0.679319 -0.698165 0.226032 235 224 229
-6.38567 0.863053 29.8846 -0.0624297 0.661126 0.747673 112 107 88
5.49371 -2.35568 28.8743 -0.154751 -0.586909 0.794726 255 246 254
-5.39457 -0.190818 29.8972 0 0 1 233 209 217
-4.90289 0.382704 30.3692 -0.253728 0.547924 0.797121 156 143 136
4.53172 -2.5528 28.9447 0.0698586 -0.515261 0.854181 160 148 162
-3.14423 0.615886 30.1174 -0.209012 0.206558 -0.955849 128 112 96
5.19766 -3.32603 29.0976 0.44074 0.897487 0.0162931 105 105 111
0.205272 0.825223 29.7961 -0.0513164 -0.965132 -0.256685 197 170 153
-4.41146 0.173496 30.3087 -0.162925 -0.798902 0.578975 199 178 175
0.605911 -1.42544 28.5351 -0.781022 0.62163 0.0598382 191 168 176
-3.49836 -1.32554 30.0676 0.32272 0.790285 -0.520866 169 161 167
4.11996 -2.2887 28.7864 0.220566 -0.508872 0.832105 252 245 255
4.48424 -1.00088 30.2232 -0.80265 -0.5123 0.305454 184 158 169
-6.91187 0.310468 29.9747 0.00775373 -0.159129 0.987227 83 72 72
5.72311 0.379801 30.4423 -0.583241 -0.789648 -0.190487 83 74 65
3.86543 0.858446 29.7498 0.185274 -0.332164 -0.924846 84 81 66
-0.390288 1.12779 29.3001 -0.8406 -0.522972 0.141036 252 228 248
7.8823 0.188996 30.2734 0.343053 0.895428 0.283767 220 204 207
-1.65455 1.09758 29.5862 -0.231014 -0.201359 -0.951886 176 162 139
5.18217 -1.12314 30.1798 -0.147242 -0.873081 0.46481 198 186 190
4.43524 -1.91974 29.5561 0 0 1 189 174 175
1.93947 -2.48161 28.915 -0.931448 0.0154128 0.363547 253 240 250
5.84495 1.26589 28.5152 0.194931 -0.921404 -0.336179 120 107 90
-5.98849 0.730533 30.0661 0.348078 -0.928981 -0.12584 118 133 101
4.58271 -3.56114 28.8555 -0.382368 -0.751163 0.538097 203 199 220
-4.70015 0.75348 30.38 -0.0600871 -0.877265 0.476231 179 160 154
0.20369 0.823379 29.8103 0.0418666 -0.984635 -0.169529 199 167 156
-2.52506 0.79836 30.1616 0.0453366 -0.867569 -0.495245 144 135 132
-7.28832 -1.89213 32.0654 0.921353 0.149658 -0.358764 100 106 94
0.697094 -0.588176 30.4106 0.482807 -0.423056 -0.76676 95 79 94
-2.01687 0.711313 30.125 -0.12523 0.67261 0.729324 109 109 85
-4.14671 0.734556 30.1566 -0.144392 -0.910604 -0.387236 173 160 151
-1.34444 1.02965 29.6316 0.152174 0.858838 -0.489122 150 127 114
5.57499 0.0719235 30.1589 -0.657397 0.404262 0.635925 224 213 198
3.9398 0.262651 30.5985 0 0 1 126 124 101
-5.85062 0.504765 30.101 -0.741439 0.601266 -0.297905 127 134 118
5.09022 -1.48805 30.14 -0.392029 -0.887888 0.240765 146 133 140
4.13476 0.965326 29.3887 0.734058 -0.369948 -0.569471 97 94 77
1.93582 -2.40411 28.7845 -0.611435 0.132069 0.780195 241 225 235
-6.32641 -2.67269 28.2129 0 0 1 104 99 93
1.47903 -3.13356 29.0377 0 0 1 78 79 73
3.80937 0.0218842 30.3201 -0.010509 -0.137553 0.990439 225 200 203
-1.67201 -2.10064 28.6471 -0 -0 -1 169 154 163
-6.87269 0.157623 30.0568 0.507287 0.546809 0.666078 174 164 167
-5.17729 -1.06234 29.8057 0.694682 -0.616797 0.370106 167 138 140
3.21387 0.177685 30.323 0.441504 -0.68875 0.575063 139 130 117
0.530822 1.31079 28.4356 -0.238531 -0.971078 0.0105277 218 183 167
-0.263393 -1.84897 28.0988 -0 -0 -1 253 237 253
2.07472 -0.349352 29.5592 -0.138848 -0.468545 0.87246 187 173 188
-0.835306 -3.20233 29.0302 -0.305312 0.409705 -0.859609 175 180 174
-4.47609 1.29847 28.6288 0.0841409 -0.979312 -0.184034 173 143 132
1.34983 0.514672 30.0752 -0.0730919 -0.343765 -0.936207 216 206 200
2.42816 -2.66873 29.1929 -0.662117 -0.6934 -0.284249 118 101 103
-7.35416 -0.769779 32.2519 0.160063 0.266748 0.950382 107 113 96
-0.612232 -3.1496 28.7677 -0 -0 -1 150 139 147
4.71929 3.15067 19.1054 -0.273815 -0.882666 -0.382002 254 243 229
6.20835 1.07094 28.8364 -0.757978 -0.526864 0.384556 192 193 162
-2.36037 0.641341 30.0944 -0.102502 0.141968 0.98455 102 91 85
2.91591 -0.997002 30.8602 0 0 1 118 105 115
1.58496 -1.57265 29.09 0.872698 0.431931 0.227671 191 173 186
3.33776 -2.05065 29.6652 -0 -0 -1 211 185 188
-6.14685 0.860936 29.9613 0.270742 -0.0154361 0.962528 95 96 80
2.37435 -1.0855 29.7636 -0.73844 -0.266438 0.619449 232 206 207
0.919534 0.58266 30.0138 0.164705 0.841254 -0.514941 146 133 125
4.15938 1.14084 29.0887 -0.549227 -0.808125 -0.212801 112 92 77
-4.49866 0.95046 29.7814 0.163292 -0.829821 0.533604 100 93 75
1.04452 0.81035 29.6234 -0.184555 -0.981586 0.0492792 252 249 232
-6.13526 1.3352 28.711 -0.399446 -0.913729 0.0744413 225 197 186
3.52776 -2.42643 28.8373 -0.0812946 0.616681 -0.783004 198 172 175
3.31209 0.142761 30.0398 0.0266921 -0.670696 0.741252 191 176 172
-0.314027 -1.70261 28.7488 0.960194 0.161865 0.227656 130 115 126
-4.43017 0.770951 30.0451 0.55535 -0.54732 0.626121 128 112 100
1.60077 -0.250382 30.2008 -0.678509 0.195529 -0.708092 151 134 142
0.663022 0.703785 30.0795 0.316189 0.009908 -0.948645 164 157 140
-6.9575 0.84414 29.9217 -0.146135 0.944732 0.293472 139 142 125
-3.58981 0.498617 30.3951 -0.334892 -0.769661 -0.54357 208 194 187
6.48268 1.02587 30.3424 0 0 1 118 104 96
-4.36384 0.693188 30.1379 -0.167905 -0.0477375 0.984647 186 176 160
-0.106813 0.332677 30.5165 0.0760838 -0.32416 -0.942938 166 142 142
-2.62637 -1.08097 30.1832 -0.278696 0.0217831 -0.960132 158 145 151
-1.4879 -0.460615 30.4289 -0.628551 -0.466953 0.621996 201 186 191
5.93214 3.11974 19.5925 -0.0388505 -0.971261 0.234825 255 215 220
-2.51338 0.224485 30.2751 -0.474034 0.791393 0.385991 129 113 114
3.50234 -2.64272 29.0453 -0.735343 -0.581878 0.347403 173 150 157
-4.28033 -3.13695 28.2863 -0 -0 -1 190 169 180
3.64421 -1.36141 29.6499 -0.85528 -0.444266 0.266692 249 225 223
-1.3617 -0.629752 30.5721 -0.413576 -0.679491 -0.60601 179 161 177
3.53309 -1.851 29.1947 -0.799192 -0.595806 0.0794107 160 146 159
-6.90021 -0.0422085 29.9121 -0.487422 -0.115465 0.865499 98 88 87
5.60245 -2.32328 28.7184 0.635606 0.630105 0.446064 85 71 80
3.81658 0.687262 30.0877 0.224074 -0.821021 0.525087 100 95 75
0.0266571 0.526031 30.1326 0.0272664 -0.835432 -0.548916 216 198 188
-3.59326 0.297155 30.5306 0.418863 -0.848045 -0.324613 189 175 175
-2.88051 1.11753 29.3869 0 0 1 139 116 102
-3.99366 0.95493 29.7331 0.0100773 -0.6365 0.771211 174 157 139
-3.59237 -0.943363 29.7687 0.975128 0.0679021 0.210984 135 115 114
4.29135 -1.92292 29.2434 0.155236 -0.972448 0.173916 98 83 86
-3.47038 0.419346 30.4856 0.338037 -0.646254 -0.684169 98 84 83
1.329 0.334837 30.4697 -0.601435 -0.75508 -0.261017 172 162 155
2.26609 -3.7259 28.463 0 0 1 227 201 202
4.84758 1.07292 29.6785 0.567573 0.726745 0.386915 133 119 110
-7.00954 0.879811 29.8407 0.256136 0.85456 0.451799 147 147 133
-1.58101 -0.667365 30.009 -0 -0 -1 226 204 204
-5.71067 -1.42807 28.5842 -0.125511 -0.951654 -0.280359 189 176 183
-1.16713 0.963126 29.7279 -0.304348 -0.275997 -0.911701 149 130 116
1.29853 -0.497161 30.56 0.103147 0.94933 0.296873 98 91 101
6.11567 -1.83527 28.6091 0 0 1 143 130 139
4.81064 0.442638 30.1854 0.755849 -0.606147 -0.247543 132 121 119
4.70925 -2.12418 29.2892 0.365437 -0.706589 0.60596 111 98 92
-3.60089 -0.830534 29.8999 0.723222 0.496475 -0.480066 164 138 143
4.24443 0.699837 29.9827 0.0914945 -0.870328 -0.483899 131 143 107
-3.66153 -0.882339 29.8668 0.731433 0.50982 -0.452868 188 167 166
-3.35335 -1.32694 30.1493 0.0255777 0.62398 -0.781021 180 170 184
3.58628 -0.0855323 30.1439 -0.880433 -0.216094 0.422069 249 222 227
2.46676 -0.319812 30.1367 -0.750956 -0.649016 0.121838 226 207 211
-3.49196 0.291736 30.544 0.0956697 -0.42748 -0.898948 182 167 164
3.95512 -1.91149 29.0152 -0.550452 -0.751726 0.363195 119 104 111
-6.53728 0.0316474 30.8426 -0.446414 0.688376 -0.57171 90 90 80
-2.16576 0.896444 29.6618 0.0701017 0.724195 0.686023 78 68 57
3.92476 -0.823211 29.4961 -0.141193 0.57272 0.8075 145 123 135
2.40893 -0.999152 30.0272 -0.220641 0.915243 0.337117 237 216 221
-6.23582 0.202326 30.7185 0.784442 -0.0440643 0.618635 96 86 79
5.15951 0.476156 30.2227 0.527093 -0.376832 -0.761689 163 129 127
5.43332 0.614439 30.0753 -0.330466 -0.29015 0.898112 163 149 140
-3.52115 -1.8313 27.8553 -0 -0 -1 164 146 162
2.49624 -0.426033 30.2538 -0.874816 -0.47891 -0.0730905 126 109 115
-2.7864 0.791664 29.91 -0.085155 -0.994162 -0.0662598 137 128 121
-3.94677 -0.887346 29.805 0.135587 0.77962 -0.611399 183 159 155
-2.48814 -3.19706 29.0135 0.389381 -0.821771 0.416023 174 170 169
-1.39395 1.35795 28.1232 0.0245751 -0.981306 -0.19088 230 193 182
-5.06668 0.736678 30.1841 0.229592 -0.641262 0.732168 183 179 163
-6.38892 0.570255 29.9816 0.956714 -0.0573788 -0.285317 144 138 121
-3.71119 0.908877 29.8322 0.0894115 0.345778 -0.934047 201 186 164
2.8458 3.14938 19.4626 0.104967 -0.990895 -0.0843176 212 196 190
0.931466 -0.503669 30.462 0.253986 0.926478 -0.277723 212 196 206
-3.18407 0.225837 30.352 0.118504 -0.836108 0.535612 139 119 130
-3.84845 -3.76772 27.6579 -0 -0 -1 234 218 244
0.459735 0.793187 29.9039 -0.333056 -0.818252 -0.468548 162 142 133
3.2737 0.07755 30.2361 -0.14718 -0.889135 0.433332 209 192 189
-3.21378 0.306034 30.3486 0.277383 -0.133647 -0.951419 140 123 134
-5.76884 0.688841 30.1892 -0.182473 0.408092 0.894519 142 141 123
3.60748 0.0346613 30.2982 -0.39168 -0.352611 0.849854 213 188 192
-4.71281 0.564983 30.1677 -0.451208 -0.697505 0.556685 203 190 185
2.87861 0.336227 30.3507 0.0492974 -0.93618 -0.348048 99 91 88
2.2396 -1.40375 29.0558 0.977274 0.206517 -0.0478161 146 123 129
-5.62773 0.680223 30.1615 -0.224159 -0.0049509 0.97454 168 159 150
5.49856 0.0947483 30.7869 0 0 1 195 176 166
-3.74589 0.560489 30.2533 0.282707 -0.318372 -0.904829 133 127 116
3.63505 -1.27876 29.7684 -0.958809 -0.104051 0.264309 197 175 178
3.44712 0.220707 30.3421 -0.315966 0.134259 0.939223 126 123 106
-4.83439 1.34601 28.3864 -0.123003 -0.952913 -0.277179 191 162 148
-7.86555 -1.10074 31.4009 0.0142889 0.428802 0.903286 134 155 113
-1.48238 -0.280692 30.0429 -0.580581 -0.812667 0.0499803 230 212 218
5.04112 0.976186 29.6918 -0.0175733 -0.755517 0.654893 96 81 68
5.21291 0.422281 29.7569 -0.198555 -0.356151 0.91309 165 135 131
2.78831 0.139946 30.4548 -0.0303979 -0.119427 -0.992378 182 167 162
5.36963 1.11324 29.0275 -0.0713055 -0.873422 -0.481715 96 83 64
3.24645 -3.1216 29.2023 -0.370109 -0.807326 0.459613 208 197 206
6.51243 0.242564 30.2462 -0.220445 0.75768 0.614268 141 126 103
-6.4839 0.308019 30.6499 -0.895391 0.307511 0.322042 179 174 156
-7.61251 0.808722 29.1075 0.424654 0.900102 0.0973952 245 241 231
-2.29272 0.167436 29.8874 -0.359473 0.738073 -0.570988 253 233 240
2.16259 0.271365 30.2458 0.093933 -0.839921 0.534518 89 81 78
-5.32583 0.219161 30.3611 0.0389117 0.992787 -0.113398 180 164 170
-6.46478 0.412322 30.2983 0.411048 -0.796318 -0.443755 125 132 109
0.4661 0.709878 30.2253 -0.283394 -0.022378 -0.958743 186 162 156
-6.19405 0.623899 30.109 0.380637 -0.889835 0.251612 97 98 80
-5.74065 0.46907 30.3267 0.184389 0.428901 0.884333 211 211 199
-1.69384 1.31852 28.6364 -0.164187 -0.986326 0.0142929 213 185 173
-5.23281 0.266185 30.2978 -0.383336 0.922387 -0.0475044 140 128 128
4.84075 -2.18845 28.9348 -0.419188 -0.494015 0.761729 184 165 164
-3.64384 -3.15666 28.3279 -0 -0 -1 181 168 178
5.34842 -3.48137 29.0162 0.638481 0.769061 -0.0298083 206 195 209
1.09094 0.839171 30.0165 -0.178981 -0.725173 -0.664898 117 107 95
-4.94762 0.565308 30.2241 -0.626828 0.678682 0.382724 215 198 190
-3.19163 -1.34224 30.0163 0.0233222 0.897885 -0.439611 185 177 187
-2.25751 3.1501 19.4744 -0.00459621 0.997191 -0.0747583 249 238 227
-0.611537 0.387871 30.3078 -0.329224 -0.711583 -0.620695 196 181 186
4.89153 -2.13886 29.8019 0 0 1 181 157 161
1.06147 1.17547 29.0087 -0.353714 -0.788943 -0.502449 108 89 75
-2.98883 1.23965 28.8158 0.0121241 -0.992632 -0.120561 172 142 134
-4.07584 0.615045 30.163 -6.5269e-05 -0.0324531 0.999473 141 128 119
2.5328 -2.50482 29.5762 0 0 1 238 213 217
5.20224 3.16673 19.4121 -0.0201917 -0.996886 -0.0762275 242 224 207
5.48241 -2.04252 29.4082 -0.62726 -0.558152 0.54315 185 165 167
-4.56202 0.311483 30.2043 -0.744074 0.200345 0.637351 195 186 171
-4.05715 0.305863 30.2892 0.0353241 -0.663914 0.746974 201 178 181
-7.26922 0.310749 30.0771 0.0271199 -0.560509 0.827704 82 76 78
-3.14151 0.299938 30.3362 0.122525 -0.575729 0.808408 177 162 165
0.148818 1.20565 28.9404 -0.216031 -0.97023 -0.109476 255 228 207
2.83684 0.0738882 30.3338 0.954185 -0.157679 0.2543 112 99 93
-1.8365 0.47288 30.3993 0.434043 0.680756 0.590066 114 101 95
-3.14742 0.484465 30.0211 0.0216823 0.504084 -0.863382 141 130 128
-1.18 1.31637 28.4908 -0.00173478 -0.984202 -0.177042 221 187 174
-1.66851 0.685658 30.1591 -0.0157048 0.962348 -0.271365 190 176 164
0.641902 -0.918977 30.4737 -0 -0 -1 151 134 143
2.01331 0.75176 30.071 -0.0519763 -0.83451 -0.548535 104 109 93
-7.2112 -2.16936 32.4029 0.0192699 -0.758753 -0.651093 77 86 68
-6.01096 0.439851 30.17 -0.66304 0.54468 -0.513519 177 177 164
-2.93984 0.675077 30.1592 0.137567 -0.0758556 -0.987584 157 147 135
-5.45436 0.606718 30.2163 -0.059616 0.157901 0.985654 171 167 158
4.9763 -1.36348 30.158 -0.232843 -0.456188 0.858881 200 184 187
4.82782 0.528348 29.9722 0.486908 -0.871661 -0.0559198 168 160 157
-1.65857 0.412086 30.5001 0.848032 -0.388188 -0.360766 167 156 155
1.37153 0.752061 29.9304 -0.70856 -0.408077 -0.575687 134 141 117
-3.75917 3.18007 19.2965 -0.0818929 0.94849 0.306041 255 251 241
6.54642 1.23989 28.56 0.0921768 -0.977167 0.191439 112 107 87
2.1354 0.507317 30.1669 0.282162 -0.82931 -0.482318 156 155 139
0.606172 0.423041 30.2886 -0.0760809 -0.895158 -0.439209 252 249 248
-5.5922 1.30518 28.6043 0.0500966 -0.980223 -0.191451 143 127 108
-0.904283 1.18665 28.8016 -0.0318448 -0.897597 -0.439665 255 248 246
1.02537 0.896999 27.8442 0.26252 -0.943119 0.203985 94 82 84
3.0221 -2.73562 29.1753 -0.0362271 0.990963 0.12915 131 128 137
3.07585 0.0307541 30.1942 0.179202 -0.676127 0.71466 129 124 110
-1.51081 0.665286 30.1162 0.030099 0.90866 -0.416451 205 192 183
0.101402 0.483072 30.3433 -0.513503 -0.643292 0.567882 171 145 144
5.51392 -2.22609 28.838 0.391976 0.418199 0.819429 252 254 254
-6.30999 0.248803 30.8035 0.413882 -0.0970562 0.905142 116 102 89
-0.75125 1.17822 28.9014 0.211607 -0.865336 -0.454331 254 250 254
1.24035 -1.31742 28.8088 0.16799 0.984847 0.0430816 240 219 225
5.04996 1.23611 28.7068 0.00467541 -0.836819 -0.54746 138 133 108
-2.51037 0.674499 30.1008 0.377425 0.501648 0.778396 128 116 115
-3.05505 0.607328 30.1029 0.0135685 0.204987 -0.978671 110 97 87
5.17672 -3.96097 28.8562 0 0 1 96 80 76
-4.3788 0.216895 30.2197 0.666076 -0.718128 0.201583 227 202 197
2.12887 0.216378 30.0301 -0.934028 -0.356008 -0.0291471 116 103 106
4.77753 -0.561359 30.6296 0 0 1 207 196 204
-6.00139 0.128531 30.4029 0.188792 -0.511311 -0.838402 218 197 192
0.589229 0.64742 29.9473 0.760997 0.0366588 -0.647718 141 136 121
2.98768 -2.29609 28.8977 -0.557352 -0.811422 0.175936 152 146 160
-6.81828 -0.171672 29.8996 0.160036 -0.189224 0.968805 146 135 134
-5.06748 0.647735 30.0856 0.193055 0.372645 0.90767 180 172 163
2.59515 3.1586 19.2508 -0.0798445 -0.988232 -0.130469 246 221 201
-7.44382 -0.5312 29.6028 0 0 1 85 94 77
-4.67572 0.575336 29.996 -0.00357286 -0.929187 0.369592 212 200 195
1.66491 0.565132 29.9558 -0.00765733 -0.746761 -0.665049 80 83 64
-4.83994 0.558383 30.0451 -0.00942311 -0.732821 0.680357 227 208 210
3.41695 -1.94407 29.4092 -0 -0 -1 210 187 190
5.52038 3.29844 18.4469 -0 -0 -1 148 145 105
2.69168 0.498084 30.0933 -0.235364 -0.631814 -0.738522 164 149 142
0.448089 -1.2571 28.7117 0.0175936 0.999843 0.00194077 99 83 94
5.39098 0.370912 30.0443 0.396604 0.706949 0.5856 195 182 171
2.95668 1.34948 27.9456 -0.0499577 -0.990219 -0.13027 248 195 192
5.52943 -0.556615 30.6044 -0.38265 0.923882 0.00466977 204 186 198
-2.09595 -1.03155 29.8134 -0.311049 0.855611 0.413737 184 154 162
5.13336 -1.49578 29.9557 -0.301969 -0.938239 0.168885 159 147 149
-4.81269 0.91126 29.6118 0.729146 -0.61012 -0.31 85 77 66
6.31704 0.332151 30.2557 -0.189186 0.140572 0.971827 166 149 131
1.09633 0.737085 29.8438 -0.472344 -0.871857 0.129449 101 111 87
-4.15968 -4.16275 27.1662 -0 -0 -1 158 141 152
3.23093 0.422556 30.0849 0.141872 -0.975336 -0.169092 102 102 90
4.35744 1.29683 28.4104 -0.0151585 -0.961382 -0.274798 229 195 185
-4.08541 0.995219 29.7819 0.0371302 -0.534442 0.844389 180 166 145
-4.47264 1.37917 28.2238 0.085565 -0.980895 -0.174711 248 200 192
3.57828 1.13106 29.0647 -0.055617 -0.946057 -0.319192 132 109 95
3.67485 -4.31126 28.0174 0 0 1 101 83 88
-3.96377 0.559185 30.3891 0.9707 0.236951 -0.0399526 215 201 192
-3.59338 -2.06916 29.2399 0.639665 0.731152 0.237162 136 114 127
4.3296 0.205728 30.3058 0.146772 -0.862209 0.484823 222 205 199
-0.569005 1.22441 28.7052 -0.00594714 -0.994453 -0.10501 255 239 249
1.15006 0.473379 30.1825 0.542181 -0.76338 -0.351128 112 95 87
0.205637 0.881244 29.6147 -0.0205155 -0.689882 -0.723631 150 116 106
5.37824 -1.94949 29.2959 -0.633888 -0.573612 0.518801 195 173 175
-5.63072 0.790745 30.2315 -0.476415 -0.211684 0.853358 127 122 106
-0.0598169 -0.973054 5.26994 0.240116 -0.963299 -0.119997 88 84 88
2.56724 1.21982 28.7838 0.471975 -0.814045 -0.338482 158 124 110
4.55085 -3.79329 28.8654 -0.657156 -0.705297 0.265898 188 174 197
0.466871 0.985118 29.688 -0.0832421 -0.525073 -0.846976 125 105 93
-6.22757 -0.204495 30.565 0 0 1 78 77 73
4.23372 0.274249 30.4638 -0.189191 -0.860518 0.472985 88 80 72
-7.89405 -1.44339 32.256 0 0 1 93 100 77
3.61623 -2.37331 29.11 -0.972832 0.231118 0.0135097 239 214 221
-4.09188 -1.69522 28.5406 0.886967 -0.461063 0.0266643 231 216 239
5.11152 0.800334 29.6773 0.00629585 0.406894 0.913454 157 144 134
5.52675 1.3004 28.434 -0.0847416 -0.984055 -0.156378 219 190 181
4.88168 -2.42589 29.0348 -0.361886 0.182665 0.914151 169 147 152
-1.54468 -3.6026 28.9378 -0 -0 -1 90 83 82
-4.13521 -1.01691 28.7559 0.916763 0.329237 -0.226161 130 109 111
-5.79559 0.627787 30.2216 0.104086 0.580403 0.80765 98 91 85
3.65073 -1.95168 29.3181 -0.817626 -0.566907 0.100521 129 116 123
-0.433653 1.18923 29.1287 0.315411 -0.92899 -0.19363 170 141 147
0.326827 1.26809 28.6563 0.0153522 -0.9659 -0.258459 155 132 110
1.85245 -0.283186 29.63 0.288141 -0.202863 0.935853 173 160 169
-5.64683 1.08688 29.6657 -0.611537 -0.790219 -0.0396933 136 142 114
-7.65227 0.208972 29.9448 -0.377835 -0.251669 0.891012 82 74 71
3.13449 0.871472 29.4458 -0.022218 0.592584 -0.805202 92 82 80
-3.27395 1.32197 28.4907 -0 -0 -1 222 188 176
-3.3474 -0.965634 30.2943 -0.250399 0.904378 -0.345544 168 156 170
-0.422453 1.09518 29.4509 -0.1915 -0.926554 -0.323768 125 73 96
4.27206 3.17764 19.3977 0.0999104 -0.994398 -0.0345065 255 253 230
4.50083 -2.3371 28.909 0.40299 -0.668331 0.625246 169 155 166
4.65526 -1.50734 30.3282 -0.565091 -0.513536 -0.645719 163 143 152
-3.59982 0.850681 29.5637 -0.045853 -0.945337 -0.322855 142 132 122
2.85169 -3.69891 28.6507 0 0 1 178 165 175
1.67322 -2.43158 28.8895 -0.308451 0.695262 -0.649207 254 235 237
-4.6797 0.986014 29.8738 0.222574 -0.964266 0.143707 137 145 124
3.12033 -2.77323 29.2976 -0.0138418 0.925116 0.379433 195 195 205
4.72888 -1.15919 30.2218 -0.242555 0.242619 0.93931 219 201 215
4.31085 -3.99124 28.1863 0.764857 -0.423684 0.485269 199 179 188
1.02532 0.878184 29.7288 -0.276229 -0.955286 0.105483 95 81 73
4.37948 -4.06402 28.4772 0.0664328 -0.704422 0.706665 181 154 163
-6.6312 0.606853 30.2103 0.0475791 0.0454588 0.997833 116 117 101
4.68161 -1.47127 30.0149 -0.228811 -0.9683 -0.100202 219 203 209
-7.63049 -0.21735 29.9729 0 0 1 125 118 100
3.99882 -4.31676 28.2835 -0.299242 -0.924949 0.234359 149 130 121
-7.10048 0.858028 29.4451 0 0 1 107 101 89
-5.1528 0.62413 30.0787 -0.368065 0.31815 0.873676 163 155 147
3.02852 -3.29258 29.0675 -0.171061 -0.525127 -0.833654 109 111 110
4.80052 0.47121 30.1994 0.755849 -0.606147 -0.247543 119 110 103
4.49934 -3.5078 28.857 -0.51741 -0.850212 -0.0970886 200 202 227
-2.10754 0.723501 30.0726 -0.0159834 0.840264 0.541942 132 136 112
3.40638 -3.36792 28.8526 -0.687848 -0.163625 -0.707172 226 224 248
3.27109 0.148806 30.1343 0.202392 -0.828856 0.52157 134 123 120
6.77894 0.208482 30.2313 -0.535013 -0.401785 0.743189 206 201 179
-4.2758 0.964418 29.7539 0.140575 -0.842526 -0.519988 108 92 77
-0.771048 -2.71667 28.9406 -0 -0 -1 98 99 99
-2.30544 -0.445156 30.239 0 0 1 233 212 221
-4.42723 1.30034 28.4262 -0.00996464 -0.999813 -0.0165888 213 180 171
-1.28473 -0.88853 30.506 0.0427806 0.894027 -0.445966 169 151 166
3.63231 -2.8993 29.1283 0 0 1 248 220 218
6.13381 1.34707 28.2907 -0.172158 -0.982893 -0.0654416 200 160 154
-3.59729 -2.35426 29.1324 0.446209 0.890401 -0.0899128 149 133 139
-5.40621 1.37933 28.2253 -0.00231239 -0.998696 0.0509964 244 198 192
3.5259 -0.133517 30.2376 -0.506815 -0.404651 0.761181 245 220 224
5.10901 -2.63238 29.0221 -0.0643486 -0.757298 -0.649891 202 186 196
-4.55091 1.29067 28.6441 0.0193547 -0.996906 -0.0761802 160 131 117
-0.279434 0.671576 29.9528 -0.647631 -0.718404 0.25391 97 88 70
5.47106 1.12413 28.6953 0.0218943 -0.992574 -0.119656 121 103 88
-5.75016 -0.940609 29.7223 0.28077 -0.94293 -0.179026 196 173 177
-5.9268 0.924739 29.8044 -0.428356 -0.879955 0.205401 111 114 95
4.89165 -2.5688 28.9923 -0.800783 -0.241656 0.548042 173 153 154
2.97769 -2.71919 29.1643 -0.209545 0.967095 -0.144284 207 201 212
1.49856 -3.55338 29.3306 0 0 1 82 84 81
2.23759 -1.99825 28.9388 -0.0639911 -0.557794 0.827509 249 233 236
5.27646 -0.521181 30.4918 0.224517 0.296803 0.92817 206 191 196
-3.28184 -0.489776 30.4467 -0.491977 0.343374 -0.800033 194 183 200
-3.00748 3.15358 19.3413 -0.00197305 0.98823 0.152963 255 251 239
-7.12982 -2.44553 32.7829 -0.451977 -0.23918 -0.859366 123 136 112
3.51004 -1.68847 29.3891 -0.785289 -0.619089 0.00705431 119 100 101
7.12393 0.332316 30.3213 0.750793 -0.620536 0.226376 151 155 157
5.39217 -0.8901 30.2188 0 0 1 210 188 200
2.56165 -1.01058 30.2052 -0.827312 -0.11646 0.549538 188 171 179
5.25949 -2.46909 28.6427 0.648723 -0.199133 0.73451 255 253 255
-1.733 -2.09316 28.4146 -0.9662 0.224818 0.12615 244 230 239
-1.97159 1.08439 29.691 -0.336047 0.738348 0.584735 126 122 95
5.54349 0.581579 30.0074 0.349775 -0.550452 0.758063 101 90 83
3.82422 0.905474 29.7325 0.319655 -0.392457 -0.862437 86 79 69
-6.3814 1.37637 28.1972 -0.0219066 -0.998677 0.0465164 236 196 191
4.78051 -3.23704 28.7351 -0.896486 -0.00768689 0.443005 210 202 213
6.03407 -1.93608 30.784 0 0 1 163 150 155
-5.59448 0.826124 29.7015 -0.234581 -0.966582 0.103396 113 118 95
-1.48792 -2.21687 28.9699 -0.404925 0.161675 -0.899943 239 224 225
2.51289 -3.59993 28.9287 0.66445 -0.292537 -0.687698 227 224 250
5.26119 -2.17575 28.9077 0.361934 0.931062 -0.0461315 254 244 243
5.66517 -2.30804 28.8892 -0.790495 -0.401692 0.462343 255 247 250
1.434 -0.794044 29.4122 0 0 1 181 169 178
-3.59621 3.13382 19.1897 0.00193863 0.768555 -0.63978 211 204 199
-4.41847 0.765524 30.1195 0.401878 -0.857166 -0.322117 123 109 98
5.5704 -3.64685 28.4922 -0.0223469 -0.0308838 0.999273 240 218 220
4.06569 -2.58667 28.7216 0 0 1 223 198 196
3.15914 -0.184683 30.1769 0 0 1 243 223 222
5.18185 -2.77872 29.4456 0 0 1 208 201 208
5.19332 -2.20542 28.8932 0.629434 -0.598987 -0.495003 245 235 234
5.24141 1.13514 28.6792 0.205615 -0.84625 -0.491511 197 185 173
1.5956 -1.77013 29.327 -0.819211 0.543203 -0.183914 159 150 153
5.4515 0.796631 29.7211 0.686986 -0.723658 0.0661034 164 155 146
0.299355 0.497503 30.2805 0.522842 -0.843241 -0.124823 222 194 191
3.73331 0.969214 29.7044 -0.14381 0.78809 -0.598526 151 137 126
-5.0907 -1.26048 28.6626 -0.319416 -0.944846 -0.0723808 219 194 197
-1.25918 -0.982467 30.2675 0.0112558 0.999936 0.00117019 142 124 138
-2.14856 -1.11083 29.2332 0 0 1 124 100 99
6.65155 0.154769 30.0377 0.0745397 -0.487229 0.870087 212 207 178
-2.98182 1.33468 28.3401 -0.129966 -0.944007 -0.30325 190 159 150
-5.84178 0.291452 30.438 0.145322 -0.415824 0.897759 94 77 82
1.22674 0.513595 30.0608 0.117096 -0.787115 -0.60559 223 198 193
5.37385 3.23726 19.2153 0.0626083 -0.99796 -0.0124605 161 164 128
2.51445 -1.42888 29.3204 0.275828 0.922749 -0.269169 146 131 134
0.951754 -0.56198 30.3068 0.349516 0.89835 -0.266093 103 84 88
-4.00738 1.01394 29.86 0.197431 -0.941415 0.273422 161 147 126
-0.622692 1.24378 28.5623 -0.0686534 -0.957621 -0.279731 255 241 247
-2.31409 -1.74812 29.1714 -0.380157 0.290543 -0.878103 133 119 133
-2.52623 0.518754 30.2227 0.878369 -0.471488 -0.0785345 145 134 125
-3.78605 -0.886198 29.68 -0 -0 -1 190 168 166
-3.8737 -0.821594 29.8306 -0.55797 0.441893 -0.702424 140 116 116
5.18861 -0.57555 30.771 0 0 1 178 161 167
-2.16345 1.30598 28.4435 -0.388884 -0.832615 -0.394363 220 187 178
-5.17389 0.743472 30.1771 0.136832 0.735203 0.663893 145 142 129
4.20849 -0.695052 29.8542 0 0 1 139 117 120
4.88406 0.797636 29.6931 0.889833 0.0562917 0.452802 110 99 95
5.12224 -3.92968 28.6501 0 0 1 145 135 133
-3.40237 -0.468512 30.4848 -0.18566 0.202294 -0.961565 189 176 190
-1.45082 -2.50211 29.067 -0.384863 -0.546156 -0.744039 221 211 212
-6.92579 0.206314 30.0035 -0.106749 0.0711569 0.991737 86 85 83
-3.58781 -4.07007 28.085 -0.927293 -0.283559 0.244381 118 107 103
-5.72148 1.3825 28.2275 -0 -0 -1 249 204 198
3.55307 -3.85473 28.5467 -0.90267 0.0953077 0.419648 143 121 120
3.98374 0.254456 30.2715 0.267883 -0.808651 0.523759 130 123 102
2.73404 -0.382885 30.0597 -0.825728 -0.00112056 0.564068 140 118 122
-3.54426 1.32509 28.1272 -0 -0 -1 215 178 162
5.64369 -3.74833 28.4907 0.721935 0.514588 0.462611 236 207 212
-5.69572 1.20939 29.0278 0.112087 -0.96165 0.25033 130 137 104
-1.11772 0.755095 30.1359 0.28108 0.886544 -0.36747 195 178 171
-3.3374 3.17872 19.3035 0.00879163 0.999943 -0.00610474 254 246 237
1.96361 0.499605 30.1404 -0.240807 -0.743198 -0.624235 144 138 126
-0.990379 -1.6603 29.2082 0.616603 0.67269 0.40901 119 103 107
4.90923 -1.78001 28.4434 0 0 1 155 141 151
1.69907 -2.78363 29.1431 -0.356088 -0.886947 0.294152 172 154 165
3.20567 0.0240307 30.2617 0.155568 -0.81213 0.562356 152 134 136
2.30939 0.28455 30.5489 -0.198162 -0.878515 -0.434676 138 129 124
5.8181 1.30054 28.4918 0.226809 -0.944162 -0.238987 222 204 192
-6.3337 0.972872 30.1338 -0.364954 -0.905214 0.217705 101 98 83
3.80695 1.18848 28.913 -0.17981 -0.96519 -0.189938 169 135 120
-3.73936 0.413656 30.2909 0.491736 -0.138971 -0.859583 176 164 166
4.35082 -0.526383 30.2206 -0.215772 -0.686042 0.69483 237 212 218
-3.2241 0.694815 30.1293 -0.227063 0.0962261 -0.969115 181 171 162
5.19133 -1.12461 30.2265 -0.0160369 -0.79931 0.600705 202 182 193
2.98095 0.0623986 30.6315 0.704343 0.442111 -0.555373 124 116 108
3.45582 -3.15791 29.276 0.687424 0.383431 0.616789 192 181 195
-1.49397 0.276317 30.5733 0.584722 0.163721 -0.794541 229 208 215
2.13731 1.1208 29.2121 -0.642611 -0.738807 -0.203018 123 112 94
-2.86722 3.12964 19.6231 0.0759786 0.973977 0.213531 254 250 253
1.77374 0.657828 29.9624 0.392147 -0.421438 -0.817686 81 92 65
-3.2751 3.22467 19.4337 0.0132931 0.988108 0.153184 171 156 135
-1.76457 0.925442 29.8432 -0.300474 0.405569 0.863267 85 83 78
-2.04688 -0.292924 29.9499 -0 -0 -1 153 139 152
0.0565069 0.311389 30.4864 -0.408289 -0.76048 -0.504946 168 145 149
4.91851 -3.06144 29.1952 0 0 1 211 207 222
0.202337 1.31742 28.4846 0.138039 -0.984017 -0.112495 216 187 170
0.88347 0.874836 29.7954 0.366551 -0.695268 0.618258 111 100 92
-5.0254 -1.93307 29.568 0 0 1 246 225 232
0.173676 1.26908 28.3794 0.0908912 -0.955471 0.280737 171 144 123
3.09694 1.23314 28.7689 0.0135319 -0.963283 0.268146 192 161 145
7.64455 -1.81021 28.8676 0 0 1 157 145 152
1.65166 0.630307 29.9876 -0.104442 -0.639772 -0.761435 124 132 108
-3.06142 -0.445383 30.5041 -0.42319 -0.527893 0.736369 170 157 166
-5.2827 0.583854 30.3163 0.13634 0.76908 0.624442 146 138 135
2.67699 -3.51395 28.6473 0 0 1 226 228 253
2.33141 0.320031 30.22 0.398734 -0.845535 -0.35508 102 104 82
2.86216 -2.32795 29.2776 0.806602 -0.569995 0.156517 139 131 144
-3.26345 -1.3806 29.9391 -0.0897592 0.909745 -0.405348 75 65 76
6.01017 0.453277 29.9915 0.00478689 0.293529 0.955938 131 125 125
3.74194 0.852721 29.7303 0.248782 -0.265322 -0.93151 93 85 80
5.55959 -2.13543 29.3343 -0.543834 -0.787097 0.291071 113 93 91
5.08619 3.14205 19.4546 0.0517642 -0.992581 -0.110015 249 232 216
4.24933 1.01854 29.3898 -0.0445642 -0.926614 -0.373364 119 120 99
1.0881 1.31798 28.5086 -0.52321 -0.751949 -0.401028 214 177 166
0.324754 -1.74975 29.3742 -0.946333 0.121753 -0.299382 139 117 129
8.03045 0.377334 30.9676 0 0 1 178 172 157
2.14311 0.50743 30.1143 0.257175 -0.847232 -0.464821 169 152 142
-5.9479 -1.03643 29.6122 0 0 1 196 169 174
5.65681 -2.72076 28.6875 0.933602 -0.358301 0.00274537 252 250 253
-5.96575 0.246961 30.108 0.287446 -0.918744 -0.270712 239 229 217
3.61622 0.203318 30.3448 -0.337674 -0.588658 0.734478 205 203 190
1.24172 -0.844128 29.8362 0 0 1 106 91 108
-2.55213 0.802464 30.0377 -0.247146 -0.896496 -0.367715 147 138 133
-3.4715 -0.988246 30.1101 0.530872 0.821807 -0.206899 114 100 113
4.83476 -1.05381 30.2154 -0.696944 0.232253 0.678475 120 110 118
3.69761 1.2999 28.4371 0.0611404 -0.988497 -0.138334 218 180 169
-4.64285 3.18184 19.2982 0.11981 -0.986977 0.107344 255 248 232
-6.07283 -1.20228 29.5793 0.525393 -0.775408 0.350292 105 100 99
5.50299 -2.92312 29.0914 -0.446794 -0.886567 0.119893 176 166 177
5.19061 -1.44933 30.0854 -0.169467 -0.976529 0.132933 201 187 194
4.58736 -3.87865 28.7432 -0.0670586 -0.995568 0.0659281 174 163 171
-1.26837 0.624732 30.0666 -0.208485 0.673496 -0.70918 146 130 119
1.71784 -0.452694 29.6624 -0.909283 -0.408842 -0.0778035 254 242 247
5.58303 -3.55762 28.4952 0 0 1 254 236 236
-6.38186 0.180379 30.7969 0.324721 0.881194 -0.343588 105 99 85
1.09218 -0.535183 30.532 -0.188913 0.862042 0.470314 213 191 193
-0.0929655 0.59636 30.051 -0.219884 -0.912286 -0.345521 150 141 125
-6.03711 0.0961185 30.4536 -0.696098 -0.677202 -0.238421 228 199 197
3.63126 0.973296 29.729 -0.152026 0.717178 -0.680105 138 128 116
-1.44619 1.3574 28.1071 -0.0214958 -0.976922 -0.212513 239 189 182
-4.92256 -1.51836 29.3426 0 0 1 245 225 234
-5.311 0.508893 30.104 0.280875 -0.425709 0.860164 173 162 163
-5.8948 0.673119 30.305 -0.995298 -0.0732986 -0.0633188 118 126 103
-5.7022 0.549739 30.507 0.378134 -0.722467 0.57884 125 124 111
-8.03096 -1.70282 31.7874 -0.755014 0.128961 -0.642903 134 144 118
3.12947 -2.77975 29.375 0.0789987 0.755901 0.649902 198 196 207
1.80302 1.30632 28.4245 -0.108354 -0.994107 0.00324633 206 175 163
1.66404 -2.64825 28.729 -0.748484 0.660533 0.058893 252 240 240
-0.36605 1.08754 29.4559 -0.274749 -0.947877 -0.161378 151 121 119
1.91822 -2.37867 29.0645 -0.0151052 -0.824622 0.565482 123 109 116
5.40971 1.3098 28.0561 0.021089 -0.995721 0.0899736 219 186 167
-0.717661 0.504186 30.2584 -0.367694 -0.881506 -0.296223 226 198 197
0.200186 -2.52307 28.1752 -0 -0 -1 240 222 244
3.09356 -2.46627 29.0028 0.242434 -0.884998 -0.397497 250 253 255
-2.49576 0.215764 30.3087 -0.532424 0.846478 -0.000257715 128 113 118
-1.74165 -1.94847 28.4258 -0.745945 -0.0241902 0.665568 249 236 253
3.68137 0.880643 29.6129 0.177407 -0.400909 -0.898776 130 117 109
3.59577 -1.03818 30.3192 -0.22747 0.973755 -0.007689 133 112 111
-6.90071 -2.31084 32.8466 -0 -0 -1 88 101 77
5.97907 -1.88364 29.4867 0 0 1 148 134 131
0.737387 -1.21172 28.7267 -0 -0 -1 82 75 82
3.65011 0.823933 29.6301 0.215992 0.0621011 -0.974418 136 124 110
6.58735 0.948298 29.5815 -0.480822 -0.276024 0.832239 97 89 78
4.02314 0.711909 29.8049 -0.143611 -0.847254 -0.511406 142 155 125
-1.96521 0.826508 29.8776 -0.0638862 0.859684 0.506815 139 142 122
-5.89985 1.29913 28.6474 0.0321999 -0.998612 0.0416848 116 99 79
7.61776 0.0393362 29.7259 -0 -0 -1 230 206 210
3.71955 -2.27588 28.8797 -0.387879 0.72236 -0.572491 255 250 254
0.080784 -0.8022 29.9246 0.0391635 0.849082 -0.526808 200 171 171
-1.71054 -2.81518 27.5522 -0 -0 -1 237 221 247
3.7132 -1.97614 29.0156 -0.854183 -0.517719 0.0483585 237 222 225
-0.728062 1.44061 27.3844 -0 -0 -1 218 102 113
-4.35534 1.36177 28.3868 0.0674422 -0.980179 -0.18628 176 142 128
-7.75604 -2.38868 32.4855 0.198158 0.838893 0.506945 97 102 80
-4.76746 3.25732 18.9607 -0.360532 -0.311632 -0.879149 156 158 119
4.36025 -2.77029 28.7242 0.689662 -0.505113 0.518871 255 249 255
-2.26392 -1.03469 29.5281 -0.0792515 0.737421 0.670768 185 166 160
5.06135 -2.94434 29.4969 0.811383 0.219089 -0.541901 207 204 225
-5.38765 -1.90996 29.0854 -0 -0 -1 247 228 234
2.9605 0.23908 30.4654 0.0319318 -0.840727 -0.540517 141 136 132
-1.19823 -0.989712 30.3291 0.0716891 0.988988 0.129476 138 122 135
0.963205 3.14898 19.3403 0.156153 -0.959638 -0.233903 255 237 230
1.19996 -0.541443 30.6704 -0.415207 0.869861 0.266353 122 107 115
-1.49458 -1.31011 28.9873 -0.128351 0.962554 -0.238779 92 74 77
-2.28351 0.841217 29.801 0.513465 0.667312 0.539489 119 112 104
4.85994 1.18256 28.7357 0.20831 -0.823656 -0.527444 173 154 140
3.63688 -1.23393 29.3368 -0.155122 -0.852335 -0.499462 225 198 203
1.5173 -0.956206 30.2462 0.719487 -0.260414 0.643835 176 163 171
3.40932 0.980948 29.6733 -0.0556342 0.794878 -0.604214 158 146 134
3.38109 -1.56166 29.2933 -0.26689 -0.393417 -0.879769 255 251 252
-0.468483 1.09496 29.4855 0.506835 -0.821897 0.260008 147 76 108
1.86104 -2.1656 28.9584 0.49772 -0.538721 0.679746 251 240 247
4.48001 -1.06491 30.0752 -0.861373 -0.406249 0.304955 107 83 96
4.16846 -0.771901 29.6301 -0.276475 0.891001 0.360111 250 226 240
-5.70036 -1.81433 29.3183 0.701741 -0.236086 0.672178 186 169 179
0.946665 0.247213 30.4377 -0.573737 -0.76796 -0.284716 229 215 212
2.19849 0.348188 30.2869 -0.171752 -0.983165 -0.0623481 143 140 126
-2.27724 -0.0769718 29.7343 -0.131848 0.204493 -0.969948 252 240 247
-1.82311 -0.378488 29.5514 -0 -0 -1 247 229 243
-4.98287 1.38594 28.3112 -0.159497 -0.967029 -0.198532 232 194 185
-0.356871 3.18947 19.2478 0.0679286 -0.951258 -0.300821 154 164 127
-1.34807 -0.558324 30.4986 -0.0115207 -0.729788 -0.683576 153 145 166
0.140544 1.32467 28.5407 0.201968 -0.967428 -0.152617 220 182 169
-3.43689 1.16726 29.2234 -0.172539 -0.969509 0.174018 161 131 121
5.59844 1.23211 28.7778 -0.113779 -0.991611 -0.0613368 183 166 148
5.66398 -4.37085 28.5863 0 0 1 241 214 219
0.492509 -0.427484 30.4333 0.241098 0.189647 -0.951791 104 82 94
-4.08142 0.212596 30.27 -0.737627 -0.508385 0.444355 230 204 205
1.53203 -0.520205 30.5535 -0.104891 0.836584 0.537703 194 187 200
-7.70294 -2.49269 32.6369 0.394993 0.786355 0.475001 139 150 117
4.50977 -2.46689 28.7542 0.492164 -0.276888 0.825292 255 247 255
-4.61325 0.193952 30.1361 -0.683676 -0.0237275 0.729399 220 202 200
5.48851 0.171777 30.0274 -0.248566 0.640287 0.726806 151 160 103
2.9331 1.23361 28.7789 -0 -0 -1 155 119 110
5.24711 -0.473157 30.4703 0.0640317 0.996161 -0.0596889 133 112 125
2.84553 -1.07005 30.2139 -0.513504 0.771298 0.37605 112 105 107
-6.94292 0.257082 29.9758 -0.167322 -0.176802 0.96992 189 184 182
1.89729 -2.61978 28.9018 -0.972669 0.224697 0.0585391 254 247 253
-2.66662 0.655731 30.0955 0.147326 -0.483146 -0.863056 95 88 78
1.01958 -1.67595 29.2064 0.728652 0.586832 0.353123 121 105 105
4.89046 -3.9461 28.7153 -0.273073 -0.944049 0.184939 133 114 118
-5.16943 3.17878 19.2465 -0.24292 -0.755986 0.607845 249 231 207
-0.900364 -3.36935 28.8573 -0.246033 0.761413 -0.599765 190 191 187
4.65137 0.688532 30.0957 -0.486775 0.310751 0.816384 82 79 69
-2.21279 -0.00896516 29.7243 -0.101507 0.280328 -0.954522 169 157 166
4.30138 -1.60902 29.6172 0 0 1 238 210 211
-7.54936 -1.06236 31.3964 0.00648404 -0.926387 0.376518 81 102 64
1.25449 0.507258 30.0651 0.118907 -0.747654 -0.653356 210 196 196
3.52315 -1.03545 30.2686 -0.149309 0.984775 0.0890227 172 152 159
3.75815 0.986415 29.5783 0.238834 -0.794146 -0.55883 111 102 86
-5.33481 1.29015 28.8291 0.0601623 -0.997995 0.0196622 151 130 109
-5.8596 0.474029 30.5058 0.87904 -0.404188 0.252827 97 97 87
0.305679 -1.60565 28.9446 -0 -0 -1 172 152 162
5.38135 0.260906 30.3936 -0.982126 0.122202 -0.14316 146 131 110
-0.629617 1.31092 28.442 -0.02501 -0.931927 -0.361782 197 167 159
0.220068 0.724707 30.0823 0.547322 -0.00185774 -0.83692 172 156 140
1.02716 -1.42489 28.3764 -0 -0 -1 184 160 176
-0.751293 0.777261 29.9237 0.182692 -0.919602 -0.347786 197 168 162
-7.13115 -0.225304 30.9541 0 0 1 157 147 138
-5.86408 1.16557 29.0006 -0.301129 -0.908277 0.290437 144 151 118
1.48946 -0.328487 30.2386 -0.246147 -0.11473 -0.962418 218 193 199
-1.3899 0.743705 30.2285 -0.0829498 0.695108 -0.714104 180 173 157
-4.22901 -1.20665 28.9521 -0 -0 -1 147 121 120
-6.2565 -1.24832 28.7128 0.505531 -0.374498 0.777296 210 200 207
4.78238 -3.02315 28.7966 0 0 1 222 216 223
4.06039 0.575196 29.9702 -0.16536 -0.0897902 -0.982137 94 87 79
4.35997 -1.07012 29.5882 -0.175844 -0.810887 0.558159 236 216 225
-3.49744 0.511363 30.2757 -0.273739 -0.884107 -0.378711 185 179 175
-0.21472 0.466104 30.4154 0.314578 -0.709607 -0.630475 144 128 121
-5.01936 -1.11387 29.408 0.924685 0.294845 -0.240882 124 98 97
-0.5302 0.448656 30.3724 0.334968 -0.849781 -0.407025 137 124 118
-2.14509 -2.2365 28.2741 -0 -0 -1 239 227 247
-5.76205 -0.64835 29.9483 0.612823 -0.470369 -0.634981 214 188 193
0.166722 0.603793 30.0067 0.452912 0.840213 -0.298182 138 121 114
0.142683 0.228829 30.6015 -0.544992 -0.742038 0.390338 232 203 204
-0.853173 1.27801 28.5829 0.000582357 -0.965808 -0.259258 133 109 109
4.40359 -0.344941 30.1317 -0.570818 -0.753476 0.326253 198 177 176
1.42356 -0.0121533 30.4206 -0 -0 -1 192 167 171
2.61142 -3.03036 29.0732 0 0 1 213 212 221
2.3955 -1.59371 29.1985 0.888485 0.235373 -0.393946 104 92 102
1.95991 1.33089 28.2098 0.236509 -0.95595 -0.17385 255 245 231
-4.96603 3.19549 18.8383 -0 -0 -1 156 168 128
-2.03061 0.945863 29.7418 -0.145181 0.642477 0.752427 87 83 74
6.66921 0.519126 30.2643 0 0 1 83 79 68
2.28991 -1.29997 28.9625 0.93948 -0.217626 0.264606 132 115 121
-4.9784 0.749936 30.1523 -0.148814 -0.799519 0.581913 126 123 106
4.72361 3.12725 19.7132 -0.0397418 -0.991945 0.120273 251 237 228
2.20301 -0.090178 29.7214 -0.23236 0.848635 0.475213 206 182 195
-5.27622 0.986881 29.661 0.566076 -0.8049 0.178027 85 82 65
-3.81067 0.714783 30.1852 -0.465229 -0.882218 -0.0724806 165 156 141
5.73975 -4.0191 28.3618 0.376278 -0.922867 0.0820397 149 133 134
5.44863 1.35672 28.2124 0.0810106 -0.991541 -0.101409 232 188 178
-3.91951 1.15689 29.3708 0 0 1 151 125 110
-4.12167 -1.08194 28.8274 0.916763 0.329237 -0.226161 248 227 236
-1.11187 0.923461 29.7104 0.118138 -0.431642 -0.894275 100 85 74
-3.97341 -1.05699 29.1258 0.440283 -0.788026 -0.430309 136 112 125
2.36768 -3.24648 28.8782 0.143792 -0.975786 0.164819 233 222 228
4.90249 0.868603 29.6483 0.292055 -0.857212 0.424137 86 74 74
-1.78811 -2.21413 28.504 -0.809102 -0.0631756 -0.584263 250 234 246
3.00899 -3.43874 29.3342 0 0 1 213 213 222
1.2421 1.30633 28.3768 -0.140312 -0.98417 -0.108265 206 185 168
-5.68153 -2.04655 29.0811 0.490261 -0.85309 -0.178553 208 181 188
5.08492 1.05522 29.0722 0.268724 -0.962483 0.0376045 191 198 176
-3.88117 3.12278 19.4409 -0.104857 0.988658 0.107516 254 244 244
-2.47184 1.05476 29.7786 -0.0878223 -0.57214 0.81544 169 157 145
-6.24501 -2.29084 30.2729 0 0 1 88 84 72
3.44292 0.86746 29.6295 -0.00406567 0.789426 -0.613833 109 94 90
5.40092 -1.84304 30.3675 0 0 1 133 127 126
-5.81165 0.654626 30.1255 -0.396998 0.299002 0.86775 89 88 71
5.02498 -1.94207 29.3464 0 0 1 219 194 199
5.18448 1.16951 29.2428 -0 -0 -1 98 94 83
-2.77537 1.25942 28.8198 0.0886587 -0.986062 -0.140787 167 141 124
3.46615 -3.54583 28.9805 0.338617 -0.550446 0.763117 228 218 252
-5.96226 0.499048 29.8945 -0.867498 0.203688 0.453826 121 120 102
0.33345 -2.18234 29.2862 -0 -0 -1 192 176 186
-1.17194 0.59292 29.9914 0.0209077 0.657381 -0.753268 137 118 112
3.24278 -3.75077 28.8786 -0.967195 0.254034 -0.000909598 214 210 229
-3.50829 -1.01452 28.7361 -0 -0 -1 172 152 151
3.1878 -2.19779 28.9822 0 0 1 255 245 255
-3.58455 -0.721078 30.0466 -0 -0 -1 218 191 196
3.52641 -3.25078 28.8016 -0.932613 0.356134 0.0583268 118 101 109
-5.63735 0.775625 30.266 -0.408992 -0.181357 0.894335 107 101 85
-0.728657 3.12545 19.585 0.0261416 -0.988675 0.147781 254 209 212
-6.50907 0.472753 30.376 0.0419001 -0.0942152 0.99467 126 129 112
5.46034 0.800532 29.881 0.108918 -0.984185 -0.139703 170 156 150
0.739441 0.902192 29.8614 -0.364079 -0.87041 0.33141 99 83 78
-2.91904 -0.617067 30.3015 0.32839 -0.77747 0.536377 150 131 150
0.60815 -1.42807 28.5916 0.837153 0.515206 -0.18368 192 171 178
-1.10239 1.20827 29.0212 -0.653482 -0.14623 -0.742683 150 122 108
4.99169 0.604627 30.0588 0.284762 -0.934589 -0.2132 174 164 154
-2.35352 1.28506 28.5966 -0.0272048 -0.947412 -0.318857 166 133 119
-5.66342 1.25532 28.8264 -0.0222122 -0.806641 -0.590624 148 144 119
3.31822 -3.08094 29.3351 0.182052 0.81199 0.554553 207 204 213
6.05957 1.32214 28.3513 -0.0697291 -0.990034 -0.122353 165 131 122
-0.39208 0.473628 30.3374 0.158983 -0.921383 -0.354652 147 131 121
4.87106 1.0694 28.9431 0.0242097 -0.771643 -0.635595 209 199 182
-2.47543 0.577014 30.0241 0.44237 -0.896568 -0.0217906 107 97 88
3.30666 -2.79052 29.3328 -0.105125 0.908695 0.404007 206 204 215
-1.60846 -1.19852 29.2432 0.72167 0.635918 0.273497 171 150 155
1.43883 -1.61659 29.3211 0.417535 0.821647 0.388022 200 182 194
-6.08618 0.945617 29.8526 -0.0377905 0.846726 0.530685 85 92 72
2.82423 -2.10214 29.1648 0.722534 -0.660064 0.205574 132 111 116
-3.59943 -1.92975 28.534 0.638252 -0.728712 -0.248218 164 146 158
1.42515 1.32816 28.2064 0.141798 -0.913111 -0.38226 164 141 130
6.38381 0.996511 29.5393 0.208693 0.870524 0.445686 151 139 127
-6.71717 -0.0875628 31.9285 0 0 1 81 79 72
-0.719109 -0.422738 30.6082 -0.995263 -0.0965862 0.0110312 110 98 108
-5.76607 -1.64734 29.3993 0.568401 0.0322418 0.82212 249 234 241
2.84234 -2.44379 28.8936 0.662503 -0.353132 -0.660596 249 237 248
3.20804 0.404368 29.8051 0.0706609 -0.997028 0.0307013 94 104 81
-6.23789 0.860408 29.9132 -0.411577 0.869408 0.273376 122 123 101
-7.10614 -0.217201 30.0742 -0.408388 0.869657 0.277337 116 105 99
4.37359 -2.4538 28.8591 0.664268 -0.575119 0.477479 239 229 237
-5.86212 1.13515 29.7916 0.863016 -0.0176672 0.504868 137 152 112
0.033399 1.31979 28.4755 0.135599 -0.971995 -0.191937 205 166 156
-6.0774 -1.064 29.8028 0.701956 -0.492205 0.514773 77 66 65
2.87833 -2.275 29.3871 0.719863 -0.234079 0.653456 131 112 123
3.06519 0.953115 29.5714 0.97914 -0.195833 0.0541657 99 89 80
1.85973 1.30635 28.4064 -0.108354 -0.994107 0.00324633 205 187 169
1.65943 -0.941728 29.7576 0.924386 -0.0458305 0.378695 229 200 205
1.91389 0.74742 30.0123 0.192859 -0.702275 -0.685285 141 146 116
1.87562 1.49021 27.7229 -0 -0 -1 217 101 110
-0.26169 0.387304 30.3666 0.289139 -0.590895 -0.753154 185 164 159
-3.09757 0.67382 30.0718 -0.073111 -0.232848 -0.969761 149 141 122
5.24739 -2.1116 29.1627 0 0 1 148 130 126
0.311751 -0.92947 30.0515 0.873772 0.0756755 -0.480413 150 121 123
-2.35726 -1.68215 29.1454 -0.380157 0.290543 -0.878103 88 77 87
-3.38108 -2.76154 29.1364 0.766576 0.595501 -0.240292 191 190 195
1.52183 -1.10917 30.1759 0.550837 -0.335231 0.764329 138 123 124
3.55804 -1.52763 29.546 -0.886935 -0.0790575 0.455078 128 106 109
5.85051 1.1477 28.9682 -0.0116443 -0.967753 -0.251631 114 115 97
2.41395 -1.39973 29.3309 0.364259 0.901756 -0.232705 125 109 112
-3.09868 -0.956526 30.0812 -0.316511 0.765476 -0.560239 100 93 106
3.67776 -0.940672 29.8277 -0.955104 0.0447594 -0.292871 237 208 210
-6.27483 0.0511279 30.7243 0.878962 0.434272 0.197062 148 128 120
1.57564 -2.65702 29.2152 0.738872 0.420467 0.526569 109 93 96
-6.10136 0.642937 30.0646 0.653695 -0.72578 -0.214305 87 96 76
-5.70212 -1.41722 28.4795 -0.237924 -0.968272 -0.076435 178 164 164
5.05291 -0.93926 30.7774 0 0 1 193 176 184
5.61523 -0.412318 30.1783 0.969902 0.200713 -0.137858 190 164 167
-0.420921 0.740539 30.1789 0.178388 -0.911868 0.369696 164 147 135
-2.30707 -0.63857 29.8604 -0 -0 -1 225 209 212
-7.20606 -2.56153 32.903 -0.847342 0.0316509 -0.530104 127 137 112
5.02385 0.426157 30.1852 0.697917 -0.0641386 -0.713301 143 109 107
2.80975 1.32666 28.1471 0.104409 -0.990234 -0.0923872 153 118 109
-1.03625 -1.25011 28.3976 0.632024 0.1959 -0.749779 226 210 213
3.6521 -0.0387206 30.3059 -0.315427 -0.20115 0.927386 148 127 126
3.09899 0.138161 30.3795 -0.692843 -0.685107 -0.224938 108 112 91
-1.77414 0.746238 29.9241 0.199873 0.535061 0.820829 145 132 123
7.04954 0.986321 29.4521 0 0 1 155 143 129
-2.4684 1.34701 27.9227 -0 -0 -1 228 188 180
5.85019 0.817214 29.7355 -0.0945062 0.989826 0.106366 185 178 170
-0.320459 -0.9214 29.5808 0 0 1 180 158 164
3.17925 3.13087 19.6243 0.166115 -0.747952 -0.64263 253 248 245
5.67339 -0.591361 30.1206 0.831966 0.2844 -0.476392 242 219 225
-3.51099 1.06397 29.9225 0.759213 -0.190043 -0.622478 142 132 110
1.91255 -0.00894649 29.7608 0.221467 -0.555958 0.801163 167 155 165
5.34971 3.16983 19.8124 -0 -0 -1 188 159 147
5.66953 3.16032 19.2896 0.15678 -0.908807 -0.386639 254 244 221
5.60415 1.2021 28.7391 0.0555381 -0.908098 -0.415059 194 176 162
4.37767 0.174951 30.5603 -0.443666 0.346313 0.826576 233 208 212
-1.27176 1.25601 28.5796 -0.0169756 -0.955963 -0.292994 163 135 123
-7.07488 0.254582 30.0459 0.0745683 -0.26392 0.961658 183 175 181
-0.169587 0.599543 30.0957 -0.345285 -0.789001 -0.508189 164 151 140
1.68533 -0.128285 30.5437 -0 -0 -1 151 135 145
-6.35226 0.632326 29.885 -0.0891169 -0.0817692 0.992659 95 100 77
5.46522 -3.9012 28.5553 0.945207 -0.0505518 -0.322534 139 115 115
-3.459 0.414525 30.3882 -0.676643 -0.113532 -0.727506 97 92 88
-2.29762 -0.373972 29.6297 -0.835681 0.488794 -0.250434 254 238 249
2.72424 -2.70999 29.0714 0 0 1 207 197 212
-2.50831 0.402825 30.5312 0.491667 0.14208 0.859114 135 123 123
-5.01027 -1.26738 28.7723 -0.102343 -0.99467 0.0125235 220 202 200
-3.53313 -1.55433 29.3655 0.569695 0.309529 -0.761341 181 165 174
5.565 -1.51131 30.0905 -0.108925 -0.97326 0.202238 145 131 131
1.39603 0.370106 30.3146 0.0491965 -0.871085 -0.488662 120 116 104
4.3064 3.17148 19.3486 0.0353515 -0.998936 -0.0296309 253 243 219
-2.04861 1.35438 28.0684 -0.186041 -0.761517 -0.620871 253 203 191
0.422957 0.638082 30.1065 0.688059 0.0789131 -0.721351 140 126 117
3.54289 0.0835696 30.1644 0.273216 -0.845249 0.459247 142 123 122
4.38126 -3.94919 27.9142 0 0 1 213 187 196
-2.72626 0.407104 30.0791 0.387313 0.683618 -0.618592 177 160 166
-5.73549 1.19544 29.1227 0.22482 -0.973472 0.0425317 119 124 90
4.45607 -0.529988 30.2519 -0.530332 -0.175265 0.829476 183 162 170
2.85674 -1.82531 28.7906 0 0 1 146 135 144
5.04016 0.283352 30.168 0.208507 -0.0934262 0.973548 171 149 149
4.75517 1.13018 28.6756 0.209003 -0.859061 -0.467261 181 182 164
-3.04472 0.814712 29.9862 0.173721 -0.830444 -0.529324 147 136 123
-0.0719853 0.879851 29.6575 -0.104224 -0.987373 -0.1193 172 143 129
-2.75321 0.901438 29.6504 -0.522709 -0.474841 0.708027 76 72 63
-5.7827 -1.51146 29.2529 0.168797 0.875078 0.453592 193 181 185
3.57086 0.928167 29.6541 -0.0202558 0.598002 -0.801238 96 88 77
0.619916 0.937432 29.6105 0.168215 -0.964098 0.205473 99 89 77
5.67406 -0.289957 30.3898 0 0 1 183 158 162
2.56975 0.299856 30.4464 -0.0797733 -0.419345 0.904315 155 159 142
-0.0388877 -0.917855 29.7208 -0.0496795 0.974465 -0.218973 177 153 151
-7.39713 0.195704 29.9753 -7.44456e-05 -0.302341 0.9532 112 101 99
1.68736 0.314964 30.5294 -0.405753 -0.856811 -0.31818 146 137 131
2.41681 0.459982 30.1484 -0.184429 -0.432989 -0.88233 103 94 84
-7.21201 1.32421 28.1725 -0 -0 -1 253 230 218
6.00859 -1.82058 29.3692 0.326775 0.922872 0.203778 171 154 164
-4.76469 1.22857 29.1377 -0 -0 -1 155 142 119
2.99946 -3.70508 29.0668 -0.648009 0.349765 0.676571 199 188 196
-5.76481 0.333199 30.3874 0.409478 -0.109233 0.905757 235 224 218
1.08666 0.880745 29.842 -0.718355 -0.691438 -0.0766779 89 75 67
2.34599 -3.35508 28.8836 0.0605 -0.972929 0.223046 244 221 229
2.79258 -3.25079 29.0361 0.149028 -0.761879 0.630342 123 115 126
-7.89454 -1.90238 31.9477 0.0963652 0.298811 0.949435 66 71 65
-0.474205 0.319105 30.5465 0.00124257 -0.952935 0.303172 175 155 156
-6.97108 0.159988 29.904 -0.310219 0.232174 0.921878 170 170 168
-0.0613256 0.4496 30.276 -0.196059 -0.954998 -0.222577 200 172 169
1.06765 -1.5734 29.2245 0.483864 0.739967 0.467253 243 219 233
5.64936 -3.07129 29.0289 0.733126 -0.114102 0.670452 255 238 238
-4.68013 0.683243 30.2112 -0.0925426 -0.789915 0.606194 199 182 174
1.20121 -3.29816 29.1465 -0.476449 -0.287286 0.830941 119 117 120
-6.15038 0.351155 30.532 0.649409 -0.632386 -0.422322 105 108 88
-0.105819 -1.00124 5.69555 -0 -0 -1 0 0 0
-6.10939 -1.72905 29.2048 0.671851 0.478451 -0.565421 181 168 175
-5.03586 0.853185 29.4558 -0.464006 -0.877077 -0.124234 132 129 110
2.79957 -0.586754 30.9346 0 0 1 89 77 89
-5.8611 0.528319 30.3327 0.889821 0.421952 -0.173708 91 96 81
-6.07741 0.976402 29.8201 0.147015 0.926939 0.34521 138 139 123
5.32831 1.33141 27.9145 0.806394 -0.343045 -0.481714 229 180 175
3.23999 -2.73148 29.2874 -0.0442057 0.905464 0.422114 201 198 209
2.4831 -1.66597 29.3529 0.163623 0.925892 0.340517 83 72 76
-5.28476 -1.38642 28.6265 -0.852329 -0.0911261 0.515005 202 186 189
3.10883 -1.6889 29.581 -0 -0 -1 76 72 71
-0.874202 1.12404 28.8935 -0.0854327 -0.95778 -0.274515 182 160 172
2.40812 3.17194 19.2724 0.0480707 -0.981081 0.187536 255 244 224
0.309875 -1.28413 28.436 -0 -0 -1 222 202 213
4.03428 0.915489 29.7935 -0.0825032 -0.165637 -0.98273 98 90 77
-3.92418 1.19073 29.3817 0 0 1 190 163 144
4.84672 -2.87467 29.0316 -0.364617 0.746195 0.556998 209 205 219
3.31173 0.19644 30.1715 0.220516 -0.30263 0.927247 177 168 159
1.00449 1.12483 27.9324 -0 -0 -1 118 104 85
-4.30704 -1.66594 28.9663 0.793726 0.12803 0.594648 138 125 135
-0.0953714 1.08054 29.6014 0.275297 -0.78898 0.549292 115 89 74
2.82396 1.35102 28.0197 0.0548979 -0.970395 -0.235201 223 191 176
-5.28821 -1.44694 28.3906 -0.631751 0.670708 -0.388641 246 229 235
-4.04299 -0.719021 29.8857 -0.115403 0.778357 -0.617124 213 184 188
-0.61446 0.513324 30.32 -0.396069 -0.802369 -0.446468 230 207 199
1.97561 -2.42782 28.8218 -0.702633 0.550933 0.450311 252 233 236
2.9515 -4.09817 28.4947 0 0 1 236 207 211
6.19302 0.735366 29.8228 -0.649657 0.635355 -0.417456 140 133 123
0.364301 -0.771824 29.9034 -0.745047 0.665675 0.0422216 213 183 185
-5.68004 -0.296782 29.9654 0.717074 -0.695442 -0.0465351 191 172 178
0.00502967 1.1047 29.6708 0.155836 -0.94522 0.286834 144 117 102
0.406584 -1.18489 28.4288 -0 -0 -1 149 135 134
-1.13349 -0.435708 30.4715 -0.447847 -0.397159 0.80106 121 106 114
2.3319 -1.58016 29.847 0 0 1 248 232 242
-5.71455 -0.203301 30.2093 0 0 1 187 162 168
3.64328 0.282112 30.4893 -0.484675 0.678313 0.552251 128 133 103
2.51214 0.0683788 30.242 0.298234 -0.857028 0.42019 126 120 106
-7.82195 -1.53148 31.8841 -0.829148 -0.00444203 0.559011 78 89 73
2.81363 -0.112024 30.001 0.178531 -0.850213 0.495241 133 130 112
5.03874 3.11649 19.5454 -0.0195294 -0.995927 -0.088018 255 226 221
-4.77052 0.456155 30.3618 -0.29377 0.523032 0.800085 135 122 116
-0.017776 3.1621 19.2472 0.0348533 -0.99866 -0.0382572 254 252 241
-3.42793 0.230145 30.3198 -0.39762 0.218666 -0.891114 130 118 118
-5.54486 1.31008 28.6902 0.0464697 -0.95655 -0.287841 144 129 114
2.06908 3.15748 19.5072 -0.137077 -0.988784 -0.0592923 254 249 241
-3.32556 0.62681 29.9608 -0.116992 -0.894202 -0.432106 90 85 75
6.46773 1.0791 29.0271 0.138559 -0.961828 -0.235982 232 222 201
6.65752 0.78013 29.7726 -0.959558 -0.201852 0.196223 168 161 146
-0.302805 0.705566 30.0768 -0.494105 -0.838907 -0.228246 115 105 93
-3.66109 1.28477 28.682 -0.0478668 -0.974556 -0.218975 183 146 133
-6.07173 -1.12246 29.7501 0.69106 -0.585897 0.423274 84 72 72
-0.0152232 1.00059 29.5325 -0.15023 0.119542 -0.981397 109 90 75
-7.5519 -2.09491 31.8511 -0.200381 -0.968826 0.145686 70 77 59
-5.81815 0.831117 29.8637 0.605527 0.368396 0.705422 114 118 95
-2.1525 0.595097 30.206 0.217648 0.547451 0.808039 191 172 157
2.29452 0.757812 30.0404 0.405996 0.0061162 -0.913855 139 144 116
5.48637 -1.14004 30.1115 -0.0946222 0.522638 0.847288 211 198 205
0.488419 0.421759 30.0963 0.105359 -0.815912 -0.568496 137 130 120
3.20847 -1.40156 29.5886 -0.179701 -0.973186 0.143587 182 167 174
0.767504 0.709364 30.1449 0.320299 0.944522 -0.0727052 163 157 142
5.00349 -1.30182 29.5285 0 0 1 215 200 203
2.37283 3.1548 19.1731 0.11506 -0.976479 0.182347 255 241 227
-3.48281 0.795973 29.9817 0.0913773 -0.695911 0.71229 146 145 125
3.30338 -1.19829 29.9041 -0.662458 0.504714 -0.553546 178 163 170
-6.85456 0.0682494 30.185 0.0713881 0.853562 0.516077 130 120 127
-7.56842 0.788631 29.101 0.424654 0.900102 0.0973952 107 108 92
-0.0041342 1.27995 28.5459 0.0215254 -0.970695 -0.239347 229 195 181
3.36031 0.906311 29.6845 -0.292905 0.955653 0.0305578 99 90 82
-1.49094 -2.44236 28.9475 0.335271 -0.905898 -0.258733 234 223 225
-1.73585 0.108675 30.0112 -0.331758 -0.916184 0.224819 174 157 163
3.96909 -2.32694 28.6047 0.0493345 0.167286 0.984673 211 195 196
-5.32357 -1.12726 28.2602 0 0 1 164 140 138
4.03583 -0.749426 29.8814 -0.111143 0.703911 0.701539 195 168 174
-4.2747 1.20158 29.0963 0.509946 -0.84236 -0.174313 152 126 103
-4.3947 0.418271 30.2921 0.263767 0.433143 0.861867 132 123 116
-6.02312 -3.98356 28.6146 0 0 1 242 223 227
-3.66463 -3.27825 27.6059 -0.979553 -0.184941 0.0792066 231 216 237
-1.51336 0.454471 30.6067 0.359175 -0.0642379 -0.931057 150 134 137
5.33411 -2.33771 28.8214 -0.0879078 -0.558038 0.825146 168 156 170
4.06882 -2.01273 28.9386 -0.364287 -0.646649 0.670179 255 246 253
1.61522 0.518109 30.0721 -0.360379 -0.709864 -0.605162 135 126 118
-0.344756 -0.234755 30.2437 0.419844 -0.306281 0.854355 170 151 150
1.76392 0.321408 30.3765 0.406303 -0.908755 -0.0952972 127 128 112
-1.92419 0.868963 29.5961 0.659824 -0.348352 0.665796 138 133 127
-3.62463 3.15283 19.553 -0.00556002 0.978918 0.204177 252 238 235
8.29782 0.0727483 30.6782 0 0 1 127 92 79
-3.1016 -0.429588 30.3981 0.00431749 -0.941438 -0.337159 114 102 113
-6.49437 0.675626 30.0798 0.236459 0.577531 0.781373 79 82 62
4.35455 0.618951 30.0174 -0.0742582 -0.4223 -0.903409 66 78 58
1.8171 -2.18591 29.4016 0 0 1 186 171 178
-3.62685 0.953315 29.8149 0.66061 0.0253356 -0.750302 113 101 89
6.48889 0.24343 30.2469 0.134426 0.631614 0.76354 149 128 109
0.11 0.920334 29.6421 -0.15945 -0.577253 -0.800846 162 137 114
-3.37455 -4.1743 27.6635 -0 -0 -1 105 96 91
-1.92016 0.121153 29.9746 -0.666677 -0.74529 0.00917916 250 235 252
5.58358 -4.34781 28.2926 0.922987 -0.375904 0.0824089 237 216 217
2.29969 -1.89676 29.2058 0.73174 -0.0107371 0.681499 80 65 70
-5.7608 0.102811 30.5575 0 0 1 203 176 185
-4.47918 0.42483 30.316 0.627145 0.385701 0.676701 131 118 109
-4.89027 0.631323 30.265 -0.640851 0.409731 0.649177 201 183 185
-5.60899 -0.301974 29.6105 -0 -0 -1 195 173 176
2.54551 0.381758 30.2105 0.019136 -0.907787 -0.418994 149 155 129
-5.84856 0.247873 30.3978 0.137809 -0.904998 0.402477 184 172 172
-4.53459 1.24038 28.9774 -0 -0 -1 166 136 126
2.62992 3.13364 19.6509 -0 -0 -1 247 204 198
-1.39285 -0.575527 30.9593 -0 -0 -1 143 130 148
-3.13608 3.11888 19.5391 0.00192676 0.994476 0.104944 255 243 242
-4.58695 1.36071 28.0108 -0.0218703 -0.996658 0.0787037 230 186 177
-6.02428 -0.995252 29.8306 0.254769 -0.582332 0.771999 180 159 158
-6.80884 1.13879 29.6311 0 0 1 110 119 90
4.40584 -3.44393 28.7775 -0.910237 -0.403569 0.0927427 181 167 191
2.35399 0.624267 30.0793 0.0706301 -0.384999 -0.92021 84 84 75
0.30748 0.977677 29.664 0.163931 -0.527939 -0.833311 133 114 100
-0.18115 3.16266 19.3423 -0.0343934 -0.99718 -0.0667043 254 255 237
-2.10848 -0.243718 29.5677 -0.452139 0.658429 -0.601699 177 166 181
-1.59287 -1.03295 29.7319 -0 -0 -1 204 179 182
5.71657 1.18551 28.4725 0.239164 -0.96007 -0.145139 195 184 167
3.33207 -3.4488 29.0145 -0.68567 -0.349542 -0.638496 229 226 253
2.43469 -2.71141 29.3664 -0.595309 -0.785148 -0.17073 128 113 118
5.65881 -1.04502 29.9778 0 0 1 248 222 225
4.70997 -2.52164 28.8129 0.789187 -0.614103 -0.0078153 249 253 252
-1.96937 -0.937749 30.0927 0.419138 0.84014 0.34422 204 178 179
2.29591 -2.47779 28.7797 0 0 1 130 103 105
7.50149 0.389581 30.2506 0.717471 0.629555 0.298155 182 169 164
-2.31846 0.751008 30.1314 -0.227578 -0.875183 0.426922 117 125 104
2.24741 -1.8381 29.2968 0.383458 -0.754097 0.533196 95 88 96
-5.46969 0.462282 30.3597 0.775648 -0.620472 -0.115696 111 112 99
-5.82118 0.905713 29.5706 0.747355 -0.650598 -0.134841 107 110 89
-3.35553 -1.21007 30.1479 -0.331881 0.239181 -0.912495 174 161 178
-3.40637 3.15433 19.5139 -0.0497824 0.985012 0.165147 255 243 237
2.83857 -0.0257456 30.3012 0.896631 -0.439732 0.0518511 117 110 98
2.08949 0.0715108 30.1043 -0.306038 -0.825145 0.474844 254 237 253
-3.96288 1.26149 28.9239 -0.176691 -0.969592 0.169329 208 171 163
2.87439 1.35112 28.02 0.0760228 -0.987066 -0.141141 246 192 180
3.94795 0.114063 30.4465 0 0 1 227 205 207
3.79473 1.10275 29.4242 0.11195 -0.865839 -0.487637 145 129 114
-7.55456 -1.21038 31.8704 -0.92762 -0.099063 0.360148 111 127 101
3.27594 0.147174 30.2079 -0.201188 -0.978067 0.0539217 137 125 118
-3.42428 -3.32465 28.8774 -0.29998 -0.953893 0.0100062 184 182 187
1.09995 -2.28162 29.5515 0 0 1 249 224 228
3.51691 0.24892 30.3553 -0.398263 0.0388909 0.916446 175 174 150
-1.58098 -1.32344 29.3878 0.722476 0.61269 0.320374 180 155 159
4.77894 -2.87254 28.9454 -0.415908 0.719994 0.555544 154 151 160
-7.42966 -0.243463 31.8404 0.85292 0.105548 0.51126 157 148 141
7.43593 0.755541 29.9881 0.794002 0.384328 -0.471012 150 133 125
-5.96276 0.683271 29.8423 -0.318585 0.19775 0.927038 87 103 76
-1.6154 -1.71634 29.1719 0.796222 0.221296 -0.56308 130 114 128
-3.40797 -3.55965 28.9016 0.377429 -0.925125 0.0411166 187 185 188
-4.12772 -0.814641 29.7986 -0.317149 0.694147 -0.646202 155 125 130
-7.55687 -2.09565 31.8682 0.753025 0.185229 -0.631382 72 75 58
-5.00166 0.772966 30.1534 0.0742682 0.321116 0.944123 106 98 83
4.61989 -1.67243 29.6858 0.00467509 -0.321186 0.947004 99 92 89
1.65758 -0.254654 30.095 -0.601682 -0.7976 0.0425855 119 99 111
-7.52317 -1.78775 31.6585 0.222789 0.957845 -0.181379 134 146 122
-1.42279 0.667777 30.1496 -0.132689 0.750589 -0.64731 201 178 170
2.46729 0.183358 30.427 -0.154149 -0.372923 0.914968 150 144 132
-3.26264 -1.37984 29.9094 -0.0130821 0.922325 -0.386193 75 65 76
-2.16336 -2.94568 27.3428 -0 -0 -1 239 225 242
-4.91324 -1.29428 28.5838 -0.235601 -0.79162 0.563764 181 159 162
4.63187 -3.63401 28.6779 -0.531578 0.00835233 -0.846968 204 196 211
2.74182 0.880738 27.9818 -0 -0 -1 255 251 255
-0.363321 0.722147 30.0622 -0.495087 -0.832207 -0.249641 144 132 118
5.28252 0.125627 29.8926 -0.798567 0.583118 -0.14921 233 209 206
-0.0748327 0.229566 30.2102 -0 -0 -1 229 201 200
-0.310215 1.08335 29.6382 -0.398587 -0.895353 -0.198673 147 130 122
5.46294 0.569766 30.062 0.430003 -0.455739 0.779358 104 93 89
3.20489 -3.01389 30.0175 0 0 1 198 195 204
-5.79996 -0.946311 29.7232 0.28077 -0.94293 -0.179026 164 134 141
-1.22302 -1.43153 28.9824 -0 -0 -1 235 215 232
-0.264875 1.28192 28.6188 -0.0272699 -0.903231 -0.428287 164 125 118
-5.49982 0.589783 30.1736 0.0795516 -0.0685884 0.994468 125 118 108
-6.55681 0.88248 29.8964 0.318037 0.690813 0.64933 142 145 124
-5.28485 0.682163 30.2216 -0.0204249 0.00778505 0.999761 141 138 129
-4.03514 0.212517 29.9686 0.169365 -0.454395 0.874551 235 211 215
1.23662 -1.44728 28.9636 0.438059 0.297401 0.848326 238 214 228
3.58332 1.18129 28.9202 -0.0671126 -0.916337 -0.394743 187 149 136
2.64095 -0.173121 30.3448 -0.420064 -0.19805 0.88562 227 213 210
-4.87519 0.947631 30.0035 -0.0804708 -0.994311 0.0697818 105 102 85
-0.932206 -3.20142 29.0191 -0.19018 0.43919 -0.878034 183 183 181
-0.792648 1.15249 29.0543 0.223262 -0.875693 -0.428154 248 243 247
-0.186874 0.523368 30.1686 -0.0830498 -0.853532 -0.51438 202 180 168
1.76375 0.756036 29.8491 0.775978 -0.318443 -0.544475 138 147 118
-5.39911 0.244533 30.1343 0.569397 0.554057 0.607296 233 222 220
3.51979 -3.24197 28.7099 -0.939096 -0.0753381 0.335296 110 99 107
-6.55838 -0.0670573 31.1832 0 0 1 78 74 65
-2.7122 0.835865 29.9857 -0.0123153 -0.999201 0.0380128 97 94 89
-2.65843 -3.65066 28.8455 0.416144 -0.553532 0.721406 140 133 135
3.57228 -1.106 30.0056 -0.685557 0.504253 -0.52511 191 175 178
4.31546 3.15407 19.5314 -0.105207 -0.991319 -0.0788549 226 214 202
2.14789 0.308165 30.4498 -0.295078 -0.930568 -0.216732 142 139 130
-0.388036 1.2759 28.6497 -0.000384818 -0.962756 -0.270372 158 130 118
5.43657 1.30753 28.5447 -0.0708094 -0.923367 -0.377332 224 190 180
1.192 1.19057 28.5437 -0.314409 -0.940316 -0.130206 149 139 124
5.40365 -1.67666 29.5708 0.249047 -0.964868 -0.0836931 95 91 90
-5.7062 0.289925 30.3954 0.400633 -0.0915798 0.91165 97 85 85
-0.618763 1.08612 29.17 0.437029 -0.825205 -0.35783 237 232 252
-3.89359 -0.914336 29.2443 -0 -0 -1 161 137 134
-6.30398 -1.77305 29.9296 0.632098 -0.516844 0.577342 243 229 241
-3.37192 3.1694 19.1985 -0.0881636 0.996008 -0.0139581 252 244 234
-2.27668 -0.753392 30.329 0 0 1 224 199 205
3.54715 0.644243 30.0999 0.410164 -0.637539 0.652158 122 134 114
-2.22276 3.14014 19.7106 -0.0198716 0.988093 0.152571 239 226 217
-1.57534 1.29672 28.4884 -0.0572766 -0.992611 -0.106975 191 162 149
-3.5424 -3.67755 28.7767 0.628026 -0.369686 -0.684774 94 85 87
0.858969 -0.501978 30.4595 0.102097 0.926741 -0.361562 116 105 111
-5.49817 -0.392248 30.0019 0 0 1 232 209 215
5.22871 -1.57617 30.0421 -0.175908 -0.979319 -0.0999492 103 94 97
3.77159 -2.54722 28.9901 0 0 1 241 215 220
-0.0658067 1.2431 28.507 -0.195442 -0.95004 -0.243365 254 236 222
-7.6464 -2.82053 32.8885 -0.0295878 0.947608 0.318062 130 145 108
-3.82505 -2.17397 28.1817 -0 -0 -1 237 217 242
-1.99281 -1.42417 28.6918 0 0 1 228 212 238
4.03095 -1.34106 29.3653 -0 -0 -1 245 224 221
-6.63964 0.104131 30.3118 -0.966196 0.206673 0.154114 96 83 84
4.47031 -1.57089 29.8252 -0.957244 0.148295 -0.248379 117 98 104
0.739614 0.936868 29.8206 -0.364079 -0.87041 0.33141 96 89 78
-3.65234 0.787205 29.7667 -0.29743 -0.802984 0.516481 144 135 121
-2.56367 0.786439 29.8666 -0.147015 -0.980604 0.129625 116 110 99
6.29324 0.126885 30.1425 0.39974 0.906268 0.137427 230 203 190
3.24693 0.691836 29.9754 0.283241 -0.708194 -0.646712 111 118 98
-3.75482 -3.06767 27.6893 -0 -0 -1 230 212 236
-5.87354 -1.51492 29.4007 0.182573 0.889576 0.418714 253 242 240
3.6707 3.1263 19.606 0.0703712 -0.997369 -0.0173812 255 243 236
5.45235 1.01718 29.5248 -0.220702 -0.95445 0.200787 170 151 144
-0.56028 -0.849317 29.7308 0 0 1 85 73 73
6.73861 0.49497 30.0823 0.966944 -0.185725 0.174714 92 87 78
2.97844 0.499011 29.9487 -0.396885 0.0850244 -0.913922 140 135 128
0.888248 0.268905 30.5278 -0.607415 -0.399324 -0.686722 218 204 201
1.5789 -1.69843 29.3437 0.703682 0.631069 0.326471 92 76 84
-0.564232 -0.849019 29.778 0 0 1 91 79 86
5.06969 -1.00185 30.106 -0.0384703 -0.907108 -0.419136 209 192 200
-6.35101 0.571733 30.2615 0.455491 -0.737774 -0.498215 173 160 152
-5.99795 0.861133 29.8395 0.360461 -0.0707793 0.930085 131 140 115
-6.34686 1.03539 29.3671 0 0 1 134 142 114
-0.976358 0.0701452 30.0111 -0 -0 -1 242 219 225
-0.640769 0.549918 30.1885 -0.185887 -0.282022 -0.941228 188 160 157
4.14727 -2.60577 28.9635 0.238081 -0.393101 0.888138 219 196 205
-4.52667 0.679833 30.183 -0.0792942 0.786632 0.612309 181 173 162
4.11726 -1.97764 28.8317 0.306155 -0.948892 -0.0766418 251 241 249
5.59841 0.746867 30.3681 0 0 1 156 146 134
5.28665 0.262643 30.4191 0.55903 0.585434 0.587157 175 150 143
0.815543 0.674683 30.0948 -0.27591 0.135062 -0.951647 155 153 138
-3.52521 -1.34992 30.0398 0.301989 0.794398 -0.527005 111 99 103
7.92541 -0.130556 30.3324 0 0 1 243 215 216
-0.264542 0.747275 29.52 -0.159164 -0.29628 0.941746 149 140 123
3.74397 1.04202 29.5816 0.16567 -0.831404 -0.530396 153 141 127
-0.514718 0.770446 29.9871 -0.188025 -0.772706 -0.606277 143 123 114
-3.58636 1.05107 29.8345 0.816509 -0.479803 -0.321096 154 141 125
3.77112 -0.190306 30.4636 -0.891697 0.0714649 0.446955 243 219 221
-5.96374 0.84836 29.6721 0.733177 0.472841 0.488746 129 132 115
4.21798 0.786781 29.8844 0.251164 -0.869675 -0.424949 109 104 84
-3.26041 0.550542 30.101 -0.0139526 -0.899716 -0.436253 157 150 142
3.54188 1.15482 29.0985 -0.055617 -0.946057 -0.319192 179 149 139
-5.97797 0.255028 30.2542 -0.0709894 -0.865979 -0.495015 254 246 244
4.87043 1.12492 28.8937 0.111651 -0.882556 -0.45676 133 130 111
-5.62888 0.95211 29.6792 -0.457663 -0.886595 0.0670406 119 127 104
0.163711 1.23996 29.0371 0.0128039 -0.995272 -0.0962793 147 114 97
-6.02422 0.768074 30.1059 0.362491 -0.897086 0.252659 99 113 87
1.06664 0.658168 30.0965 -0.0102699 0.0114586 -0.999882 93 92 74
-6.25907 0.342233 30.5169 -0.110692 -0.846489 -0.520772 133 125 106
-0.302326 -1.80298 28.7708 0.960194 0.161865 0.227656 166 146 157
6.26822 1.10956 29.0073 0.158132 -0.985689 0.058415 86 91 60
4.87831 -1.57399 29.8682 -0.657173 -0.750204 0.0729286 119 107 108
-1.22331 1.01704 29.7007 -0.212268 -0.794813 -0.56852 111 88 75
5.4078 -1.51846 30.0904 0.0101821 -0.962449 -0.271273 159 148 151
5.44495 1.14546 28.6485 -0.0668659 -0.749681 -0.658412 227 208 195
4.02861 -0.75242 29.4478 0.486127 0.313011 0.815907 145 122 132
-4.0964 -1.10188 28.7425 0.944212 -0.276479 -0.178949 231 210 227
5.78489 0.317929 30.2188 -0.851858 0.212784 0.478603 110 93 85
1.28394 1.34899 27.9885 0.0259717 -0.996712 0.0767492 214 189 179
-4.28873 0.738684 30.1418 -0.131288 -0.952556 0.274592 162 153 136
-5.3707 0.930494 29.8016 0.275193 -0.92124 -0.27493 87 81 67
-3.89719 0.737929 30.2361 -0.168731 -0.632122 0.756275 191 176 165
-4.67209 1.37233 28.1343 -0.00956872 -0.997096 0.0755525 232 197 184
-3.507 -3.20481 28.8596 -0.980951 -0.0890399 0.172649 105 89 104
3.52752 -2.94994 28.6592 0 0 1 156 133 143
2.11881 1.26756 28.4636 0.138295 -0.963094 -0.230922 117 100 88
-5.99521 0.333876 30.0233 -0.986818 -0.120309 0.108238 171 162 153
6.22021 0.250077 30.5207 0 0 1 150 130 123
-5.80433 1.30434 28.7226 -0.040542 -0.969064 -0.243457 132 116 92
-5.78817 0.746453 30.1467 -0.354252 -0.112591 0.928347 98 88 78
2.74048 -2.38943 28.7624 0.662503 -0.353132 -0.660596 171 158 165
-5.07255 -1.23379 29.0384 0 0 1 107 85 87
4.50599 0.994077 29.7683 0.864143 -0.486394 -0.129145 106 92 79
3.64446 0.646209 29.8679 -0.077505 -0.815951 -0.572903 133 136 115
2.93657 3.14653 19.2235 -0.0261535 -0.999121 0.032745 183 172 154
-3.24965 -0.995887 30.1249 -0.33193 0.754179 -0.5666 108 100 113
2.37496 0.0342658 30.0607 -0.361442 -0.618 0.698166 190 181 174
-7.01593 -0.202224 30.2035 -0.821203 -0.0814043 0.5648 154 145 132
-0.083502 1.27367 28.5501 -0.113693 -0.970691 -0.211736 133 100 90
5.67668 0.254224 30.2121 -0.784986 -0.210835 0.582534 148 138 128
-2.50881 1.3204 28.5527 -0.0784234 -0.952349 -0.294756 213 179 170
0.634627 0.235478 30.4785 -0.176857 -0.663336 -0.727122 255 250 253
4.01984 3.16454 19.6974 0.0133219 -0.989897 0.141164 252 248 237
-6.26484 0.121517 30.7496 0.940237 0.314175 0.131333 120 107 101
-6.18878 -2.03175 29.9401 0 0 1 73 72 67
4.01293 -2.23747 28.6068 0.621306 -0.320909 0.71484 169 166 182
-5.70043 0.204544 30.3018 0.204515 -0.691202 0.693119 183 164 165
5.51728 -1.50641 30.0785 -0.146775 -0.968946 0.199 207 194 191
0.900941 -1.09971 29.9014 0.6264 0.779483 -0.00545381 152 140 144
-5.79434 1.36484 28.4211 0.137215 -0.976239 -0.167716 195 169 154
0.345406 -0.985528 30.0963 0.503364 -0.338126 -0.79517 187 162 162
7.40488 1.21616 28.6351 0.79884 -0.389481 -0.458431 180 162 147
3.88096 -1.92848 28.8379 -0.673051 -0.654573 0.344292 250 239 241
-5.64728 0.249754 30.2388 0.134619 -0.62241 0.771027 214 192 194
-6.32378 -1.95051 30.522 0 0 1 203 191 193
2.57599 0.0688746 30.1594 -0.383188 -0.818111 0.428791 120 110 105
-6.38668 0.531061 30.103 -0.0650618 -0.986509 0.150226 113 104 87
-6.35058 0.566474 30.1756 -0.0658477 -0.990329 0.122115 171 164 148
5.59344 -1.76 29.5283 0.699625 0.218798 0.680185 123 104 108
-6.08285 0.72919 30.1191 0.422713 -0.724393 0.544581 126 138 114
4.49315 1.28567 29.0007 -0 -0 -1 162 131 116
5.24401 1.21513 28.7112 0.062317 -0.850183 -0.522786 89 77 63
-5.32296 -1.47535 28.8524 0 0 1 208 187 192
-5.65838 1.3311 28.6153 -0.0330389 -0.987022 -0.15715 232 204 191
-4.61238 0.566338 30.239 0.081786 0.864998 0.495066 139 122 123
0.405981 0.870103 29.7466 -0.0502799 -0.847705 -0.528079 136 116 105
-6.71673 0.243825 29.9262 -0.017464 -0.619822 0.784548 190 189 187
-5.19089 -1.0667 29.8809 0.824158 -0.554177 0.116841 167 138 140
0.0468996 1.03026 29.6589 -0.624321 -0.47228 -0.622233 180 171 146
-3.80956 0.744529 30.1597 0.101897 -0.719905 0.686552 185 176 161
-4.32779 0.511724 30.2042 0.361076 0.627131 0.690168 114 99 93
-4.32977 0.783998 30.1397 0.00713148 -0.998384 0.056377 114 102 86
-5.90121 0.666337 29.9754 -0.777952 -0.322687 0.539133 117 127 102
-5.94253 0.779435 30.0429 -0.0549668 -0.939658 -0.337669 123 131 105
-5.33635 0.73139 30.2007 -0.272227 0.562756 0.780512 203 196 186
5.57203 -2.8729 29.2005 -0.504337 -0.863438 -0.0109277 251 246 248
1.24016 -2.63843 29.1371 0 0 1 137 122 125
-4.92192 0.674466 30.2163 -0.567283 0.147024 0.810292 198 181 175
4.79826 -1.45936 30.1984 -0.413906 -0.893043 -0.17651 199 184 189
-5.91204 1.10884 29.8855 0.908006 -0.340651 0.243889 113 122 91
7.24139 0.674576 30.0061 -0.0741092 0.991498 0.106956 81 76 64
-6.2637 0.0886167 30.699 0.703429 -0.229719 0.672619 191 177 168
-4.81813 1.19948 29.2313 -0.520446 -0.685129 -0.509641 136 124 100
-0.51131 1.22196 28.751 0.012076 -0.992634 -0.120549 103 65 75
-7.39978 0.19608 29.9978 -0.054226 -0.420095 0.905859 112 101 99
-3.92863 1.00794 29.8062 -0.130764 -0.889623 0.437575 173 156 137
1.53953 0.50337 30.0817 0.0443705 -0.797909 -0.601143 143 132 126
1.62404 -1.1843 29.4712 -0.587247 0.354622 0.727588 149 129 128
-3.58583 0.967265 29.5257 -0.0300935 -0.57567 -0.817128 152 144 123
2.48308 1.25526 28.7463 0.480657 -0.828275 -0.287973 165 127 116
-1.72081 1.33019 28.2006 0.034207 -0.977169 -0.209691 228 199 189
-3.1308 1.2079 29.0585 0.0704709 -0.963299 -0.259015 205 171 162
2.92074 -1.85945 29.0161 0 0 1 200 184 195
-3.57456 -1.75168 29.1982 -0 -0 -1 123 112 116
-3.60025 -0.435264 30.504 -0.335796 0.899384 -0.27991 226 200 203
-5.38659 3.19868 19.5652 -0.154117 -0.972373 0.175327 253 234 210
5.04657 -2.43386 29.4466 0.0425894 -0.596476 0.8015 196 175 184
-2.80099 1.02266 29.8117 0.275843 -0.95135 0.137275 131 130 111
-0.141363 1.32716 28.592 -0.142508 -0.885913 -0.441418 203 170 157
5.88598 1.17445 29.1168 -0.0209855 -0.996887 -0.0760024 74 68 51
-5.57709 1.3722 28.457 -0.129932 -0.918785 -0.372763 171 148 138
4.29002 1.35974 28.2334 -0.901642 -0.378722 0.208835 242 194 182
-4.76153 1.3024 28.4925 -0.0141766 -0.950361 -0.310827 213 182 165
-1.98286 -3.07929 28.2086 -0 -0 -1 234 218 244
3.69852 1.25199 28.4287 0.0611404 -0.988497 -0.138334 151 114 105
5.96831 -2.09671 29.4341 0 0 1 230 205 209
-4.81014 0.700084 30.1503 -0.0678852 -0.79538 0.602298 154 141 135
-3.78854 1.2639 28.7689 -0.0287859 -0.990537 -0.134192 187 158 146
-2.5643 3.15404 19.8399 0.383751 0.920812 0.0695784 247 232 211
-6.51085 0.648883 30.1339 0.169039 0.668678 0.724083 85 90 74
2.21013 -0.336521 29.9229 -0.912625 -0.391068 0.119085 216 186 196
4.57916 1.33769 28.0051 -0.086866 -0.99606 0.0178434 230 187 170
2.44623 -3.4424 28.7131 -0.870581 0.38551 0.305731 202 195 221
4.49666 0.66684 29.8998 0.505847 -0.797401 -0.329045 80 88 67
8.24826 -1.42308 29.9821 0 0 1 182 161 160
-3.53074 -3.59296 28.6729 0.337172 -0.741585 -0.579972 95 80 86
-6.73253 0.322603 30.1774 -0.44166 -0.00910214 0.897136 68 63 57
-0.612987 -1.42297 28.4607 -0 -0 -1 224 213 209
5.15031 0.992978 29.6908 0.213272 -0.908732 0.358779 90 79 71
3.96605 0.971305 29.7291 0.132435 -0.260463 -0.956358 87 81 65
-5.98214 1.29386 29.0203 -0.170917 -0.801686 -0.572789 163 152 132
-3.27356 -1.04333 30.1136 -0.449186 0.497989 -0.741781 176 161 182
-5.31294 -1.44418 28.6482 -0.688324 0.576202 0.440684 194 177 183
-7.69766 -0.758602 31.192 -0.622255 0.48625 0.613482 124 138 115
3.70859 -1.17755 29.5945 -0.892866 0.173899 0.41539 238 211 216
-3.13195 -0.342844 30.2563 0.0705017 -0.853606 -0.516127 169 149 151
-7.53819 -2.80872 33.6481 0 0 1 102 114 78
-6.00306 -1.22102 29.3836 0.969203 -0.24556 0.0186117 72 62 60
-5.74565 -1.38392 28.5583 0.739252 0.153354 0.655736 158 143 144
4.11215 0.232006 30.442 -0.440992 -0.782516 0.439539 116 104 91
-2.79904 -4.04281 28.0233 -0 -0 -1 214 193 198
3.28582 -3.91798 28.496 -0.804501 -0.566119 0.179686 123 111 122
-7.35631 -0.00543441 29.8397 -0.450854 0.449822 0.770968 125 122 119
-3.35439 -3.55498 28.7552 -0.126984 -0.951625 0.279795 86 84 90
-5.47063 0.451809 30.539 0.921989 -0.383335 -0.0546888 173 172 167
5.35358 -3.48465 29.0418 0.63923 0.767128 -0.0538564 206 195 209
-5.08232 0.584838 30.3148 -0.513645 -0.273699 0.813177 112 105 93
-2.49027 3.13469 19.6878 0.0841996 0.99475 -0.0581706 251 234 230
3.92792 1.351 28.0658 0.00490424 -0.99097 0.133994 239 197 183
4.34276 1.03368 29.2294 -0.0990062 -0.986637 -0.1294 217 220 193
-7.98694 -2.41812 31.7501 -0.752363 0.235822 -0.615092 126 144 95
1.40276 -1.04725 30.3504 -0.279868 0.947008 0.157637 53 43 48
-4.18619 0.512465 30.257 -0.075687 0.389131 0.918068 163 150 142
-3.23873 3.12701 19.5855 0.0190894 0.972352 0.232738 253 228 224
2.9207 1.3338 28.1947 -0.0121896 -0.999483 -0.029736 142 111 93
-3.79261 0.589956 30.1597 0.505076 -0.113502 -0.855579 90 83 67
-5.38351 0.774856 30.1722 0.217406 -0.289647 0.932115 119 116 99
0.475287 1.30711 28.4054 -0.0652193 -0.997869 0.0020784 217 187 177
-5.3695 0.708055 30.1963 -0.139579 0.437345 0.888396 173 167 156
-4.31932 0.902808 29.7649 -0.0364731 -0.664765 -0.746162 103 90 74
6.27136 1.04503 28.9251 -0.869789 -0.431408 0.239487 195 188 169
4.81941 0.812119 29.4813 -0.0501732 -0.928309 0.368409 156 143 137
-5.77425 -4.0321 28.1613 0.948252 0.102363 0.300565 249 224 228
4.07941 3.15879 19.3153 -0.0313197 -0.994033 0.104491 255 238 225
-5.6114 0.962864 29.5096 -0.269151 -0.961069 -0.0624911 136 144 122
-6.21393 -1.55089 29.2932 0.288981 0.797555 -0.529523 181 169 179
0.693883 -1.50746 28.7198 0.108211 0.930103 0.350998 239 218 225
-4.32638 0.939338 29.7169 -0.111787 -0.909597 -0.40017 171 153 141
-5.82062 -1.82865 29.4162 0.684375 0.0970082 0.722648 208 191 198
0.193433 1.16828 29.1233 0.214241 -0.956747 -0.196815 117 81 65
2.23994 0.32568 30.4288 -0.18595 -0.899505 -0.395365 119 117 105
3.06809 0.313403 30.196 -0.949932 -0.303674 -0.0735625 96 100 86
-5.8248 -1.66314 29.457 0.737746 0.0707962 0.671356 152 141 147
-5.71619 0.155847 30.1469 0.291085 -0.74169 0.604288 228 207 214
-0.616693 0.316314 30.4102 0.506509 -0.752168 -0.421536 183 161 167
-0.435623 0.777353 30.2242 0.213234 -0.924783 0.315132 185 168 158
5.31047 1.23195 28.7309 -0.073555 -0.936688 -0.342352 176 151 141
-1.49445 -1.22793 28.473 -0 -0 -1 149 127 130
-6.31208 0.664302 30.2007 0.182998 -0.9757 0.120506 93 95 74
-2.64235 3.125 19.5691 -0.107219 0.986004 0.127672 255 243 230
2.59675 0.828284 29.5572 -0 -0 -1 145 137 126
-0.710437 -2.731 29.218 0.895413 0.155764 -0.4171 199 193 197
4.92112 0.983956 29.6274 -0.652163 -0.750702 0.105496 107 87 81
2.3009 -1.16432 30.1525 0 0 1 202 176 175
5.1766 -4.23921 28.4157 0 0 1 242 214 213
-2.88344 0.798002 30.0338 -0.128037 -0.686856 -0.715427 148 141 132
-5.17467 1.33312 28.5956 0.0471621 -0.997007 0.0612669 217 184 169
-7.82171 -0.829258 31.1612 -0.269666 0.705546 0.655351 113 128 105
-5.12774 1.34107 28.6831 0.0104882 -0.988262 -0.152405 232 200 187
4.51874 -3.79773 28.6571 -0.321476 -0.349756 0.879957 126 112 135
4.66767 -1.49173 30.0511 -0.143092 -0.988351 0.0518441 223 207 212
-5.71435 -2.81821 28.8181 -0.21322 -0.889616 -0.403882 193 171 174
-0.265614 1.20937 28.6397 0.0639572 -0.899622 -0.43196 170 137 129
-0.537996 -1.57608 29.1418 0.722599 0.321934 -0.611726 77 66 69
7.91694 0.252582 30.4758 0.721621 0.653251 0.229188 136 121 116
-6.09038 -1.69919 29.1846 0.671851 0.478451 -0.565421 171 160 168
-5.7717 -1.54202 29.2517 0.0629172 0.825362 0.561088 201 189 189
-5.93061 0.209102 30.2293 -0.0060158 -0.947569 -0.319493 183 171 168
-1.82569 0.371824 30.3107 0.796972 -0.444482 0.408989 147 137 136
-1.40611 0.993059 29.7128 -0.198883 0.916703 -0.346556 147 125 111
4.41806 0.563158 29.9758 0.00924664 -0.996916 -0.0779299 82 82 75
-5.88616 0.355671 30.1316 -0.967051 -0.170639 -0.188932 161 151 159
7.84327 -1.73424 29.8936 0 0 1 206 170 170
3.61301 -4.21486 28.1643 -0.598034 -0.773582 0.209588 201 175 174
-4.35554 0.654205 30.1447 -0.451845 0.175105 0.874742 140 131 121
1.88499 -0.377599 29.3776 0 0 1 167 149 161
-5.777 0.743333 30.1038 -0.449629 -0.539272 0.712053 98 88 78
-1.41156 1.28802 28.6252 -0.0114546 -0.964355 -0.264364 172 140 130
-4.61945 0.710564 30.1734 -0.0623615 -0.523843 0.849529 193 180 174
5.15244 -3.96256 28.6542 0 0 1 81 70 71
0.682368 -0.984769 30.1319 -0.444267 0.841713 -0.306834 142 124 136
1.6383 -1.69026 29.5728 -0.0923842 -0.522829 0.847417 182 166 171
-4.22138 0.913235 29.7614 0.0809603 -0.856895 -0.509094 104 92 76
5.10888 1.08005 29.0232 0.181773 -0.872645 -0.453266 189 187 166
4.07177 -0.812776 29.4696 -0.137614 0.962336 0.234461 159 139 152
-3.00979 -0.396706 30.5548 -0.0383891 -0.969002 0.244052 125 109 112
-3.36928 0.808533 30.035 0.243039 -0.834312 -0.494829 148 139 129
-7.36157 -2.67247 33.102 -0.848899 0.132951 -0.511561 126 136 111
-0.918273 -0.687925 30.0176 -0 -0 -1 180 163 180
-5.76955 -4.22726 28.0554 -0.0395988 -0.973996 -0.223078 244 221 227
-5.84666 0.830921 29.7408 0.734835 -0.673299 0.0817643 133 139 106
-4.28151 0.861606 29.8173 0.171606 -0.688556 -0.704586 185 173 159
0.831003 1.32356 28.1517 -0.208795 -0.977293 0.0361054 142 111 101
1.94205 -0.386133 29.6065 -0.148925 -0.493093 0.857135 189 175 192
-3.96269 0.611499 30.0646 0.0654474 -0.827448 0.557716 158 144 134
-2.05012 0.394634 30.3277 0.952959 0.155464 0.260192 150 140 138
-7.9952 -1.26361 31.341 0 0 1 152 166 140
3.83475 1.04353 29.5575 0.260234 -0.862841 -0.433341 147 149 125
-1.49934 1.27984 28.634 -0.0740041 -0.987613 -0.138365 179 147 138
4.35086 -3.65546 28.5882 -0.806231 0.131154 0.576879 239 215 217
-3.88079 1.01208 29.8157 -0.169142 -0.894517 0.4138 163 146 129
0.62888 -1.13645 29.7364 -0 -0 -1 142 127 135
-2.42267 3.1578 19.4917 0.0166335 0.999671 0.0195463 255 249 233
-6.27799 0.907815 29.9314 0.330853 -0.708805 0.623002 157 158 138
5.7144 1.30237 28.566 0.0649453 -0.984548 -0.162625 245 226 211
1.77274 -1.81842 29.1877 0.797918 0.471322 0.375742 82 77 82
5.69829 -2.6295 28.7389 0.93081 -0.364222 -0.0305613 228 212 212
-4.31558 1.27392 28.7708 -0.17051 -0.835091 -0.523019 173 145 131
-3.25448 -3.63496 28.7301 -0.19495 -0.857775 0.475622 159 155 156
4.17364 1.05547 29.3006 -0.0346495 -0.937498 -0.346262 91 92 74
-5.03111 1.28237 28.7464 -0.0965899 -0.962317 -0.254197 145 133 107
-0.490228 1.17208 28.9947 0.327404 -0.920252 -0.214341 246 211 229
-7.12098 -2.31077 32.8922 -0.754116 0.508103 -0.416101 73 82 61
-2.24479 1.25545 28.8776 -0 -0 -1 164 123 119
4.91931 -0.629443 30.5008 -0.595806 0.0985601 0.797058 227 207 221
5.03584 -1.49265 30.0849 0.0508222 -0.730324 0.681208 220 208 212
-0.959808 0.884556 29.7821 0.440403 -0.692218 -0.571733 112 89 82
-2.41102 1.18311 29.1754 0 0 1 149 121 109
-4.1557 -1.08801 28.6781 0.916763 0.329237 -0.226161 155 133 135
-5.85869 -1.44911 28.7043 0.603132 0.146704 0.784034 255 243 251
0.0305862 -0.941958 28.9859 -0 -0 -1 125 103 105
-4.14599 0.733969 30.1084 -0.363433 -0.442901 0.819607 167 153 144
-3.65004 -1.07732 29.42 -0.161921 0.187805 -0.968768 146 129 127
5.12575 0.59652 30.0964 -0.0915932 -0.906806 -0.411478 161 149 135
3.59711 1.03378 29.8248 -0.00561931 0.857547 -0.514375 155 142 125
-3.24564 1.08666 29.5779 -0.143402 -0.954795 -0.260389 177 167 148
-4.30521 1.34372 28.3991 0.0674422 -0.980179 -0.18628 203 176 165
-3.43026 -3.76568 28.4188 -0 -0 -1 85 81 80
-5.83663 0.574265 30.5283 0.339858 0.678882 0.650858 103 101 88
-6.17368 0.00208244 30.8593 0.0569528 0.819271 0.57057 186 167 160
4.51371 -3.38977 28.5804 -0.767468 0.513733 0.383498 225 221 248
4.746 0.743608 30.154 0.377734 -0.896054 0.233247 144 141 122
3.60047 -1.134 29.5067 -0.653602 -0.526575 0.54362 211 190 195
-5.68477 -0.867553 29.6706 0.336638 -0.793635 -0.506772 165 138 143
1.03592 1.31969 28.5394 0.00636091 -0.992089 -0.125376 210 176 164
5.98254 0.838558 29.6529 0.501378 0.238213 0.83179 78 72 60
1.1318 -1.28388 28.5969 0.284517 0.952394 -0.109529 230 208 216
6.01768 0.208254 30.6863 0 0 1 227 198 182
3.67713 -1.07872 29.6524 -0.865918 -0.437058 0.24324 224 199 203
6.28304 0.25363 29.8594 0 0 1 154 139 106
5.93462 1.1983 28.6615 0.50369 -0.798319 -0.330127 188 176 159
5.65506 1.34738 28.1395 -0.119168 -0.989088 -0.0866237 228 185 184
6.71762 1.23918 28.474 -0 -0 -1 148 133 112
-6.44292 0.0996152 30.9066 0.475995 -0.152164 0.866184 152 139 130
-3.63081 0.897788 29.7314 -0.360473 -0.859351 0.362733 118 105 91
1.95034 1.28952 28.3132 0.023145 -0.982318 -0.185783 203 187 174
-6.22267 -0.0338817 30.9118 0.0874119 0.781829 0.617334 191 171 164
-5.86031 0.214979 30.2275 -0.425794 -0.901983 -0.0715879 206 193 200
-4.39741 0.282754 30.3383 0.715992 -0.146225 0.682622 173 158 153
0.507245 1.27839 28.6663 0.0495421 -0.990814 0.125828 161 129 118
-3.52314 3.16031 19.4968 -0.0230959 0.987461 0.156163 223 204 194
-5.68538 0.814799 30.2228 -0.35427 -0.366746 0.860227 159 167 144
0.687027 1.26973 28.4559 -0.140668 -0.933263 0.330504 120 108 94
-5.04375 0.613193 30.205 0.00152421 0.532598 0.846367 188 170 160
6.95634 0.626518 29.9957 -0.615932 0.782517 0.091076 121 123 110
-1.71074 3.20475 19.3632 -0.26597 0.960103 -0.0863903 170 168 134
2.71472 1.35355 28.0235 0.054734 -0.662662 -0.746916 231 210 197
3.21109 3.17535 19.369 0.224785 -0.964346 -0.139673 253 246 236
5.28295 0.986662 29.7624 -0.154206 -0.317907 0.935498 101 91 79
-6.52909 0.16371 30.6636 -0.698125 0.154327 0.699146 78 78 66
-7.16848 -2.43622 32.8369 -0.868771 0.0169392 -0.494925 125 139 117
-6.18342 0.914091 29.9699 0.590582 -0.15992 0.790973 138 129 119
0.0648308 0.754676 29.9257 -0.208193 -0.812454 -0.544586 111 102 87
2.80562 -2.06977 29.4638 0.725609 -0.683902 0.0759656 127 107 108
-3.66933 0.945716 29.7307 0.849268 -0.4665 -0.247229 121 110 96
4.12125 1.27754 28.5301 0.109726 -0.977126 0.182168 182 141 127
4.41989 -0.97999 30.0248 -0.891582 -0.342444 0.296332 233 211 223
7.4216 0.680401 30.1021 0.794002 0.384328 -0.471012 92 78 73
-4.09686 1.05348 29.8656 0.150032 -0.98221 0.112929 139 133 107
2.98272 0.717203 29.6129 0.250096 -0.596784 -0.762431 131 144 114
-6.13665 1.19102 29.4367 -0.331336 -0.598745 0.729192 140 147 118
-4.33023 1.33328 28.6808 0.0278705 -0.988824 -0.14646 226 203 189
2.43743 0.295805 30.4048 0.0852137 -0.841908 -0.53285 144 141 126
-5.86463 0.503977 29.952 -0.845949 0.262456 0.464207 112 117 103
-7.93751 -2.14836 31.783 0.212613 -0.253905 -0.943572 129 142 122
-5.30829 0.767133 30.1278 -0.0224301 0.946754 0.321176 127 120 106
-6.96256 -2.31644 32.6869 0.385359 -0.832721 -0.397586 71 83 61
-3.48118 0.830772 29.7278 -0.237414 -0.561883 -0.792415 104 96 86
2.74157 -3.24573 29.019 0.336597 -0.935408 0.108228 173 163 174
4.37443 -2.13792 29.0011 -0.203153 -0.35177 -0.913776 97 82 85
4.95833 -2.62537 29.0554 -0.441323 0.00170725 0.897347 210 188 201
-5.72122 1.31236 28.7179 -0.0628 -0.975405 -0.211286 160 136 115
-5.82745 0.767609 29.7457 0.853952 -0.519346 -0.0323258 91 100 76
0.26126 1.25401 28.7604 0.0988217 -0.967418 -0.233104 233 195 182
-5.83024 -0.948217 29.8494 0.0325025 -0.99917 -0.0245444 164 134 141
4.53656 1.32545 28.4002 0.0194482 -0.972681 -0.231329 214 172 156
0.438392 0.531082 30.1707 -0.622581 0.11595 -0.773918 214 199 192
5.35738 0.217105 30.2604 -0.947782 0.249293 0.198904 218 202 185
-4.70503 3.17223 19.2771 0.0040524 -0.999891 0.0141622 254 250 234
-5.70284 -1.65658 29.3523 0.412454 0.0389825 0.910144 145 130 135
3.48134 -3.27613 28.5825 -0.748681 -0.544596 0.37801 196 186 198
5.38328 1.29682 28.9085 -0.638227 -0.0781459 -0.765872 146 126 117
4.55739 -2.55261 28.7865 -0.227624 0.189964 0.95504 159 146 156
-3.48537 -2.76595 29.1074 0.251058 0.412135 -0.875851 182 171 180
-1.37477 1.32985 28.1867 0.0356355 -0.983029 -0.179958 207 175 163
-5.79206 1.14157 29.3989 0 0 1 137 149 113
4.77423 -1.02949 30.1838 -0.0307819 -0.648777 0.760356 179 164 169
-4.39434 0.427416 30.3409 0.263767 0.433143 0.861867 132 123 116
3.58195 -0.271647 30.1303 -0.842968 -0.202133 -0.498546 170 145 149
-6.86379 0.430618 30.041 -0.158449 -0.563823 0.810554 94 86 86
-6.10736 0.0908637 30.6084 0.592016 -0.407903 0.695077 168 142 141
2.45136 -2.14837 29.078 -0.210321 -0.859436 0.465977 220 198 201
5.49786 0.0194462 30.1783 -0.349217 0.680924 0.643731 237 212 216
-6.40954 0.387347 30.3832 -0.322111 -0.760897 0.563276 86 81 65
-4.91676 0.99908 29.766 -0.826249 -0.485446 -0.285752 85 79 63
-7.58465 0.380758 30.0613 0.32128 -0.23059 0.918481 174 169 165
4.39925 -2.28815 29.0244 0.191183 -0.634497 0.748908 161 143 156
-2.35695 3.15002 19.3517 0.00369078 0.99892 -0.0463157 253 245 238
-6.56567 0.203537 30.6572 -0.908756 0.272066 0.316455 82 84 73
4.64041 -2.2981 28.8841 0.168467 -0.600534 0.781651 255 253 255
2.23923 0.572658 29.9954 0.58917 -0.493637 -0.639688 140 131 124
-4.11987 0.847634 30.0046 0.208874 -0.877315 -0.432076 175 158 148
-7.53704 -2.50577 32.3541 -0 -0 -1 136 146 117
0.299327 -1.82335 28.9952 -0 -0 -1 168 148 157
5.01042 0.610576 30.1471 0.200172 -0.58805 -0.783663 171 163 150
5.02482 1.27517 28.7542 -0.013783 -0.895179 -0.445494 150 129 112
1.58018 1.53087 28.4941 -0 -0 -1 216 103 109
-5.46598 1.38255 28.2777 0.00614346 -0.997653 0.0681929 230 200 192
-3.35818 0.341359 30.2233 -0.233658 -0.166019 -0.958041 151 146 143
-3.18183 -1.04602 30.1914 -0.108218 0.903785 -0.41408 170 156 173
-4.24705 -1.72384 28.9785 0.793726 0.12803 0.594648 136 120 136
4.34641 1.12488 28.8953 0.993701 -0.105466 -0.0378803 197 187 172
2.26214 1.3238 28.2326 -0.0507241 -0.967017 0.24961 161 139 126
3.59466 -3.21073 28.8129 -0.869266 -0.132821 0.476167 220 200 201
6.62107 0.965425 29.1547 -0 -0 -1 136 129 113
-3.78547 -0.515901 30.4593 -0 -0 -1 221 199 201
-3.44333 -0.274577 29.919 -0.82653 -0.0396946 -0.561492 238 211 216
-5.66173 0.706425 30.1918 -0.393144 0.0261576 0.919105 161 158 143
-5.44236 0.562845 30.4152 0.154893 -0.941468 -0.299408 204 195 186
-0.33186 3.14053 19.4985 0.0235598 -0.997338 0.069004 242 235 230
-6.10789 0.949228 29.945 -0.083533 0.969788 0.2292 89 90 69
2.21631 1.25093 28.5897 -0.212509 -0.976111 0.0452371 155 132 118
0.639023 1.34871 28.4363 -0.148798 -0.988832 -0.00840474 249 214 206
5.31723 0.694188 29.9793 0.197627 -0.944955 -0.260776 116 99 92
-6.75742 0.37591 30.1023 -0.459435 -0.392802 0.796634 67 68 60
6.27522 1.15746 29.089 -0.951974 -0.0922883 0.29194 124 120 90
-7.78777 -1.63318 31.941 0.107169 -0.0341497 0.993654 241 245 239
5.31873 1.21003 28.7218 -0.073555 -0.936688 -0.342352 183 160 146
6.26726 0.912239 29.6362 0.703422 0.400281 0.587344 94 84 85
4.5786 -2.62186 28.4617 0 0 1 251 249 254
5.48285 1.22658 28.6689 0.0516492 -0.851909 -0.521137 157 141 126
-6.26478 0.0290407 30.5816 0.607094 -0.440078 0.66164 175 158 151
4.48929 -1.06754 30.1182 -0.861373 -0.406249 0.304955 107 83 96
3.61556 -2.14113 29.4194 -0.865267 0.467292 -0.181526 200 179 178
-0.0626462 0.521353 30.1371 -0.227029 -0.806657 -0.545677 216 193 185
4.39605 -1.39724 29.7267 0 0 1 252 227 233
-4.61259 1.31447 28.484 0.0482864 -0.994246 -0.0956212 222 193 177
-4.25601 1.31495 28.5168 0.0504483 -0.998032 -0.0372395 216 186 176
0.809128 1.32004 28.5257 -0.0314065 -0.994741 -0.09749 211 181 173
4.545 -2.00138 30.0361 0 0 1 190 178 182
3.25972 -1.01538 30.0523 -0.845336 0.3171 -0.429947 174 157 167
-5.14574 0.783305 29.642 -0.894183 -0.120779 0.431102 155 155 136
5.69112 1.26811 28.5974 -0.0745308 -0.908955 -0.410178 95 86 71
3.42833 1.35006 28.0102 0 0 1 244 187 184
-2.88546 1.24993 28.8149 0.0875693 -0.986856 -0.135821 206 174 163
6.1043 1.29887 28.8628 -0 -0 -1 158 137 123
5.54455 -1.54136 29.8387 -0.0884266 -0.941752 -0.324476 153 139 139
5.6412 -4.07987 27.906 0 0 1 223 209 209
-0.921579 0.947375 29.8669 0.11972 -0.651493 -0.749149 109 91 83
-3.57689 -1.17298 29.0867 -0.333281 -0.640441 -0.691925 187 173 185
6.136 0.988467 29.8653 -0.634844 0.638485 -0.435098 96 83 77
-3.02641 -4.05119 29.3443 -0 -0 -1 150 138 152
-7.0942 -2.29871 32.7629 -0.415564 -0.695378 -0.586307 73 82 61
0.0695278 1.16592 29.1814 -0.0167882 -0.941404 -0.336862 253 229 214
3.27207 -1.42923 29.2472 -0.717549 -0.663911 -0.210584 140 129 135
-4.2744 1.22833 28.9679 0.509946 -0.84236 -0.174313 192 160 145
-3.77949 3.36694 18.2543 -0 -0 -1 193 213 161
-3.8044 1.28718 28.6765 -0.035331 -0.974982 -0.219456 136 108 94
-5.58049 0.597742 30.0872 -0.311167 -0.461444 0.830809 110 112 91
4.30395 1.37242 28.3165 -0.261052 -0.918967 -0.295551 234 194 184
0.504962 -0.995472 30.3285 0.307712 0.93389 0.182108 141 125 137
-0.48114 1.06049 29.5479 0.328756 -0.874307 -0.35708 228 133 156
-1.52176 1.31609 28.4952 0.0164823 -0.968465 -0.248604 215 182 169
-6.6121 0.948187 29.773 0.0193766 0.985326 0.169578 95 99 76
3.26748 -1.62065 29.3363 -0 -0 -1 118 105 115
4.34225 -2.42007 28.8862 0.828168 -0.462126 0.317139 242 231 240
2.92284 -0.134338 29.9074 0.189096 -0.975174 0.115233 227 219 208
5.07963 1.16917 28.6649 -0.181598 -0.831697 -0.524692 184 177 167
-1.33644 -0.954356 30.037 0.556883 0.29149 -0.777762 152 136 146
0.492879 0.514122 30.0791 0.587871 -0.275364 -0.760646 130 126 107
-7.37248 -2.57853 32.6082 0 0 1 124 134 111
5.07071 1.2055 28.7871 -0.0212152 -0.919491 -0.392538 110 102 90
5.73138 1.14087 28.7377 -0.149949 -0.95034 -0.272707 201 194 176
-7.86603 -1.33113 32.026 -0.60415 -0.506559 0.615143 92 107 81
5.722 1.13922 28.7056 -0.305192 -0.88117 -0.361106 201 194 176
-3.73285 0.520203 30.5219 -0.376672 -0.008126 -0.926311 138 130 127
-5.14742 0.679048 30.1853 0.115831 0.104328 0.987775 137 134 119
6.28348 1.00828 29.6673 -0.715412 0.413119 -0.563488 154 147 129
1.87802 3.11587 19.2159 0.0158216 -0.99963 0.0221382 255 247 239
7.47564 1.15791 28.3619 -0 -0 -1 135 108 89
2.93327 0.688109 30.0016 -0.208673 -0.832046 -0.51396 133 146 118
-3.52603 -0.506021 29.8016 -0 -0 -1 157 140 142
2.44185 -1.85347 29.4581 0.179699 0.346908 0.920523 123 111 116
-1.13123 1.31755 28.504 0.0240576 -0.987573 -0.155306 225 188 180
3.97949 1.3478 28.038 -0.009593 -0.913659 0.406367 240 195 190
5.26652 1.30294 28.5085 0.0762933 -0.995742 -0.0517504 219 187 172
1.71336 -2.58973 28.6996 -0.558465 0.473886 0.680844 168 160 171
-6.84447 0.734591 30.073 0.536639 0.416552 0.733828 149 151 134
5.67206 -1.55142 30.1395 -0.452119 -0.614444 0.646565 172 159 153
1.52758 -1.41272 29.0065 0.950766 0.299394 -0.0800484 166 145 154
-5.97529 0.943363 29.889 0.112709 0.127057 0.985471 111 109 88
4.9751 0.920828 29.6821 -0.0547102 -0.118343 0.991464 122 112 103
0.594609 1.01852 29.6234 0.168215 -0.964098 0.205473 148 138 126
-6.18206 -1.37246 28.6532 0.349888 -0.382928 0.854953 172 159 175
-6.66811 -0.0591304 29.9171 -0.267349 0.225995 0.936723 217 209 207
5.43636 1.22555 28.6406 -0.0668659 -0.749681 -0.658412 121 104 90
2.47338 -0.466294 30.4938 -0.168586 -0.944606 0.281599 114 98 101
0.260701 1.25515 28.774 0.044556 -0.964355 -0.260834 233 195 182
2.12563 -2.31313 28.7501 0.422394 -0.880412 0.215541 205 185 194
-2.6924 -0.74582 31.1044 0 0 1 67 72 70
2.86458 -3.25292 29.0323 -0.0421796 -0.533682 0.844633 184 176 189
-0.093086 0.87312 29.5643 0.235036 0.151346 -0.960131 174 145 134
-2.93914 0.842707 29.8971 -0.188496 -0.900955 -0.390833 118 107 105
-5.18447 1.29529 28.8607 0.00391832 -0.973712 -0.227748 155 144 114
-4.05148 1.33878 28.7498 -0.328648 -0.280097 -0.901962 206 170 161
-3.28429 3.1892 19.0285 -0 -0 -1 165 152 134
-7.41219 -1.78335 31.7994 0.504949 0.848528 -0.158201 115 125 103
5.90596 1.20985 28.7685 0.407696 -0.879928 -0.243947 150 141 124
-5.35034 0.605846 30.0995 0.280395 -0.230918 0.931695 167 156 155
-3.05242 0.748647 30.1098 -0.0337255 -0.284491 -0.958085 144 137 121
5.62343 1.3243 28.2907 -0.123135 -0.972412 -0.198121 184 156 144
-3.95682 0.957141 29.9357 0.170264 -0.969256 0.17763 142 129 113
-6.29954 0.0565465 30.8082 0.596865 0.606573 0.525187 157 143 134
0.306502 1.32332 28.5471 -0.0625977 -0.961958 -0.265928 196 166 155
-1.64437 1.10054 29.5941 -0.231014 -0.201359 -0.951886 176 162 139
3.22839 -3.8051 29.0075 0 0 1 212 204 221
6.12284 0.309425 30.0034 -0.271931 0.00219548 0.962314 136 113 105
-5.69935 0.378688 30.3324 0.732112 0.00721446 0.681146 141 136 132
-5.79056 0.793592 30.139 -0.374346 -0.275786 0.885329 127 132 110
3.5422 -3.74518 27.9691 0 0 1 193 163 168
-7.77758 -1.62978 31.8958 0.107169 -0.0341497 0.993654 241 245 239
5.30793 0.490894 30.0852 -0.0040559 -0.030307 0.999532 210 192 186
-7.51915 0.195537 30.0434 0.0424321 -0.611424 0.790165 98 85 83
-5.52844 1.34738 28.6771 0.276754 -0.882896 -0.379345 118 103 99
4.92984 3.09641 19.4043 0.0158952 -0.999858 0.00552794 255 220 212
5.1519 0.648324 29.9397 0.0431968 -0.998252 -0.040329 112 94 85
-3.64557 -2.5613 28.4715 -0 -0 -1 188 170 186
-1.74167 1.10334 29.6522 -0.639732 0.486901 -0.594702 190 173 151
4.10751 -2.36956 29.1071 0.479845 -0.760014 -0.438323 208 188 196
6.46449 0.785963 30.2757 0 0 1 118 111 97
4.20038 1.11523 29.0312 0.259874 -0.965642 -0.000937232 84 72 56
4.86812 -1.54652 30.059 0.191948 -0.947617 0.255302 189 172 178
4.59006 1.04994 28.7642 0.969473 -0.200498 -0.141146 206 202 186
-1.16457 -1.99862 29.6616 -0 -0 -1 230 205 208
4.73369 -2.17156 28.9816 -0.086074 -0.41804 0.904342 255 250 255
-2.1662 1.27028 28.4311 -0.388884 -0.832615 -0.394363 150 110 103
2.25575 0.881995 29.3277 -0 -0 -1 92 79 71
-0.167622 0.983955 29.758 -0.0831808 -0.855404 -0.511239 109 93 77
1.35747 1.26549 28.3476 -0.0265213 -0.993068 -0.114507 121 119 106
-5.77932 -3.5314 28.4761 0.547485 -0.833868 0.0701741 250 225 231
0.897772 0.844634 29.6789 0.00981081 -0.99721 0.0740054 154 145 128
-3.6222 0.921063 29.7717 -0.281344 -0.782936 0.554849 124 115 100
0.82664 0.852531 29.5511 -0.321372 -0.946934 -0.00599392 110 101 85
2.13045 1.33806 28.0141 -0 -0 -1 188 158 148
-1.37857 0.611833 30.0257 0.146275 0.749083 -0.646126 191 173 166
-5.82696 -1.61591 29.5135 0.970914 0.148031 0.188182 174 159 164
1.67954 -0.102211 29.6932 -0.816622 -0.296462 0.495216 247 230 240
2.17163 1.27281 28.8456 -0 -0 -1 184 173 159
-2.05724 0.395472 30.3705 0.0598276 0.957502 -0.282153 151 145 139
-2.95299 1.31344 28.4701 0.808108 -0.526054 -0.265007 214 185 181
4.76567 0.999295 29.804 0.229407 0.691904 0.684574 106 90 82
5.49888 1.01638 29.494 -0.220702 -0.95445 0.200787 168 153 145
-7.73109 0.154898 29.8849 -0.645624 -0.700055 0.305111 220 210 209
0.410701 1.33833 27.9214 0.0812987 -0.989963 -0.115598 234 199 180
-6.67891 0.0799944 30.1321 -0.338928 0.938372 0.0677201 103 90 91
3.02719 1.3076 28.455 0.0304329 -0.988695 -0.146818 219 181 168
6.13618 0.640784 30.0231 -0.786166 0.148928 0.599803 143 136 128
0.583212 1.30773 28.4261 -0.25598 -0.966544 -0.0163514 234 192 178
1.91359 0.970051 27.941 0.339812 -0.790129 -0.510121 247 240 234
-2.94536 -3.29128 28.6846 -0 -0 -1 80 81 73
3.42077 0.824948 29.8175 -0.462699 -0.567046 -0.681446 157 150 134
3.36075 1.30651 28.4357 -0.353283 -0.457801 0.815849 230 192 177
3.31879 -3.92501 28.0687 0.172241 -0.717087 0.675366 183 165 178
-1.15747 0.711302 30.1396 0.0191256 0.794215 -0.607336 134 121 112
6.9201 0.579456 29.9438 0.0857027 0.639403 0.76408 80 82 68
-7.06865 1.29206 29.7352 0 0 1 157 168 138
3.86476 1.30557 28.4746 0.0632247 -0.967463 -0.244986 226 193 176
-0.609576 -1.5391 29.1229 0.332299 0.771609 0.542399 215 199 200
5.2273 -1.52592 30.0515 -0.130835 -0.975784 0.175296 99 84 89
4.31618 1.30538 28.5573 -0.0928901 -0.99207 -0.0846614 222 184 176
-0.633936 1.17654 28.9311 0.153216 -0.902623 -0.40224 255 243 249
-6.73077 -0.183378 31.3558 0 0 1 78 73 69
5.74748 0.479581 30.0752 -0.0743658 0.934546 0.347985 159 152 144
-1.72731 -2.18151 28.4163 -0.809102 -0.0631756 -0.584263 245 231 248
5.39835 -2.26899 28.888 0.0956526 -0.343073 0.934426 152 140 154
0.864138 3.12251 19.6108 0 0 1 255 238 234
6.18285 0.392609 30.0842 -0.868615 0.0657931 0.4911 123 105 103
-2.49109 -0.347169 30.5409 0.568156 0.187271 0.801329 185 169 169
-5.214 1.25712 28.958 0.069528 -0.95647 -0.283426 164 164 140
-1.53653 -1.51136 29.1388 -0.0550716 -0.823522 -0.564604 159 139 142
-1.66437 1.13666 29.3216 -0 -0 -1 146 114 104
6.13773 0.270634 30.0814 0.102502 -0.166933 0.980626 155 137 135
-5.26747 0.967632 29.9751 0.267156 -0.959822 0.085848 105 100 83
-5.06892 0.34228 30.4905 0 0 1 196 180 181
3.17343 -2.72985 29.2728 0.0345025 0.950285 0.309464 0 0 0
3.153 0.0993794 30.2099 0.459349 -0.721756 0.517751 167 164 149
-1.06883 1.24883 28.7093 0.00287031 -0.903778 -0.427991 167 130 124
-0.455918 1.33374 28.2453 0.0223354 -0.980272 -0.196388 217 190 174
2.85182 0.147541 30.5355 0.445739 -0.25365 -0.858474 126 113 105
5.83922 -1.76346 29.3443 -0.208562 0.30354 0.929713 154 127 137
0.570874 1.32775 28.2807 -0.0510015 -0.996465 -0.0667556 237 204 197
-5.68882 -3.48438 28.3288 0.547485 -0.833868 0.0701741 201 176 182
3.50914 3.13615 19.6519 -0.0907641 -0.995826 0.00965192 248 214 210
-7.66104 0.0706214 29.7167 -0.174597 -0.936911 0.302843 90 80 79
4.63457 1.29742 28.4036 -0.198932 -0.954685 -0.221366 218 190 168
5.16515 0.250856 30.1381 -0.0493461 0.86252 0.503611 171 141 137
1.45484 3.14419 19.3597 -0.0274149 -0.991184 0.129627 255 246 232
0.566512 1.32442 28.2548 -0.0527639 -0.994983 -0.0849986 237 204 197
3.70701 0.0619593 30.5027 0.261129 0.13134 0.956327 206 188 188
1.74243 1.33552 28.397 -0.0289797 -0.977898 0.207064 216 183 173
-3.48612 -3.26272 28.8267 -0.29998 -0.953893 0.0100062 185 172 181
1.74054 1.33972 28.4309 -0.0289797 -0.977898 0.207064 216 183 173
1.00494 0.81445 29.5409 -0.0838124 -0.990869 0.105614 127 117 103
2.55963 1.33163 28.3932 0.890407 -0.315962 0.327633 169 141 130
-3.05261 -0.964733 30.2853 0.0720477 -0.505271 -0.859948 154 140 155
3.33091 0.604883 30.0122 0.469104 0.326336 -0.820638 79 81 74
-1.01386 0.839448 29.7975 0.177607 -0.887762 -0.424658 188 168 161
-0.561333 0.7762 30.0216 0.146482 -0.831767 -0.53545 147 130 120
5.96984 1.23483 28.6945 0.528639 -0.790828 -0.308435 155 137 121
-5.22424 0.960861 29.8064 0.345698 -0.936493 0.0589408 105 100 83
-5.88558 -1.87901 29.1674 0.674532 -0.519342 -0.52468 243 217 230
4.39446 -3.70491 28.6238 -0.813747 -0.0853845 0.574914 130 109 136
0.299957 -1.25459 28.7612 -0 -0 -1 125 102 108
3.87846 -2.36033 29.1594 -0 -0 -1 213 205 204
-6.2076 0.577864 30.1047 0.372362 -0.916858 0.143939 149 146 127
-3.59706 0.818672 30.0781 0.0622161 -0.995059 -0.0773682 157 145 131
1.966 3.16104 19.5807 -0.0860881 -0.9923 -0.0890512 254 238 231
0.559887 -3.5251 29.343 0 0 1 86 85 80
0.190298 3.1954 19.2635 -0.25843 -0.913898 -0.313056 174 166 145
4.55315 1.35147 28.1614 -0.0783555 -0.993357 0.0842718 246 194 188
-6.08357 0.702514 29.7751 0.231073 -0.116037 0.965992 132 137 117
3.18529 -3.13753 29.7016 0 0 1 194 192 203
5.81715 -3.95791 28.4782 0.41929 -0.888173 0.188003 210 189 189
-4.37006 0.762859 30.2165 0.246381 -0.957553 -0.149629 156 144 132
4.24514 0.96995 29.4655 -0.169709 -0.648088 -0.742415 186 189 170
5.56249 1.08711 28.969 0.100082 -0.829491 -0.549481 214 196 183
4.56498 -1.03565 30.3578 -0.428709 0.778601 0.458246 189 165 178
4.42561 -3.71278 28.7607 -0.731118 -0.465767 0.498526 154 136 161
5.91191 1.13014 28.8317 0.0804278 -0.952063 -0.295141 218 211 195
-5.89008 0.592171 30.1678 -0.745601 0.48752 0.454317 99 107 86
-0.550499 -1.57133 29.0968 0.756487 0.620731 -0.205965 82 73 72
4.52805 -0.510213 30.361 -0.0111405 0.0580081 0.998254 218 204 219
-0.944667 1.04445 29.3547 -0.436471 -0.865439 -0.245986 254 241 234
5.72551 1.22706 28.5565 0.0781381 -0.943325 -0.32254 98 89 70
-3.12119 0.832593 29.7892 0.237249 -0.291199 -0.926777 124 116 104
-3.0583 0.973243 29.7647 0.446849 -0.33642 -0.828944 124 122 104
5.591 1.34508 28.1018 -0.0529837 -0.996945 0.0573819 234 191 184
1.46415 0.633087 30.0913 -0.0855894 -0.299566 -0.950229 146 154 130
6.04619 -1.97937 29.1411 0 0 1 214 194 196
-5.88839 0.847153 29.915 0.813988 0.27145 0.513555 135 140 118
-7.90247 -2.30981 31.783 -0.73206 0.102115 -0.673544 83 91 76
1.64836 -2.96152 28.8818 -0.693366 -0.352564 0.628444 248 227 229
2.4931 0.130245 30.4361 0.367067 0.0806293 0.926693 131 124 115
0.00193898 1.22291 28.6035 0.0104938 -0.976231 -0.216478 176 136 122
-6.0092 -1.25619 29.3938 0.969203 -0.24556 0.0186117 214 201 199
1.40192 -0.177229 30.6709 -0 -0 -1 220 195 199
-5.86332 1.19988 29.2199 0.609879 -0.0927043 0.787054 145 155 121
2.44652 0.820323 29.7698 0.368197 0.804517 -0.466029 149 142 126
5.19588 -0.518877 30.5208 0.190429 0.6843 0.703896 202 185 191
-5.1059 0.316493 30.1905 -0.662094 0.749303 -0.0132998 187 173 180
-4.40056 -1.40486 29.1731 -0.56828 -0.526381 0.632441 214 199 204
0.736114 0.301227 30.3967 0.294582 -0.810095 -0.50692 255 254 251
-6.64131 -1.66737 29.9882 0.724779 -0.496505 0.477679 252 242 246
5.92751 0.864063 29.5781 0.335395 0.526041 0.781531 152 143 134
-2.42303 -3.52287 28.4433 0.907015 -0.111227 -0.406143 148 147 152
-0.341592 -1.43454 28.717 -0 -0 -1 226 206 213
-0.0553538 -0.987189 5.39234 -0 -0 -1 0 0 0
3.11262 1.2631 28.3797 -0.0846591 -0.753395 -0.652096 182 148 133
8.1906 -1.14511 30.0685 0 0 1 242 218 218
3.54406 1.12921 29.2026 -0.840804 -0.422491 -0.338452 122 92 73
5.25641 1.17439 28.7371 0.109002 -0.924756 -0.364616 189 174 153
4.16933 1.11308 29.1606 0.980182 0.180695 0.0811901 190 173 157
5.9265 -1.81001 29.2832 -0.341131 0.422196 0.839869 101 84 88
2.29765 -1.07534 29.672 -0.73844 -0.266438 0.619449 166 143 149
4.68099 1.35619 28.1086 -0.0783555 -0.993357 0.0842718 242 196 184
-3.08665 1.36188 28.0936 -0.0549744 -0.984039 0.169249 232 192 184
6.07768 1.25519 28.8455 0.346291 -0.936275 0.0589239 177 148 134
3.22451 0.991126 29.6985 0.353827 0.0898388 -0.930986 114 101 91
-0.593227 1.14807 29.0917 0.387598 -0.88289 -0.265092 247 237 254
3.63452 -2.30376 29.2359 -0.81129 0.583875 -0.0299705 208 192 202
4.7723 -1.03168 30.1592 0.242555 -0.242619 -0.93931 179 164 169
4.61951 1.35655 28.2246 0.293369 -0.949373 -0.112364 229 188 175
3.99673 -4.30241 28.0471 0.32259 -0.940619 0.105696 101 83 83
5.94461 1.30647 28.5446 0.0401691 -0.906091 -0.421172 220 197 182
4.74313 1.27013 28.5997 -0.359818 -0.883968 -0.298549 153 134 120
-5.35127 3.24464 19.7174 -0 -0 -1 172 158 128
-4.13331 0.360415 30.3884 0.380028 -0.747294 0.545097 134 122 126
-1.09176 0.822878 29.7357 0.110635 -0.775983 -0.620975 195 177 167
4.18504 1.05631 29.0223 0.191235 -0.952013 0.238956 188 187 167
3.67052 -2.68643 29.2599 -0.546118 0.279756 0.789615 251 226 229
2.37489 -0.094208 29.7832 0 0 1 147 132 132
-5.94905 -2.74344 28.9168 -0.384599 -0.774342 0.502472 238 219 215
-0.908507 0.778735 30.084 -0.673109 0.041017 -0.738405 196 180 177
0.298398 1.09951 29.5323 0.224973 -0.85052 -0.475397 139 110 99
-6.49762 0.243194 30.7767 -0.751863 0.0128613 0.659194 102 93 81
4.51491 -0.77402 30.2525 0 0 1 225 198 215
4.6324 1.17881 28.8168 -0.614271 -0.440788 -0.654505 122 108 95
-3.35058 -3.26254 28.8539 -0.815652 -0.57788 -0.0276899 165 161 170
2.96775 1.23319 28.4918 -0.172424 -0.912689 -0.370498 172 132 123
-5.10312 3.26868 18.942 -0 -0 -1 138 148 101
5.84305 1.07235 29.4117 0 0 1 148 140 119
-6.04935 -1.55199 29.389 -0.136913 0.979032 0.150834 123 110 118
-5.72861 0.522545 30.4068 0.855991 0.0970815 0.507794 89 88 71
-5.74822 0.179944 30.6086 0 0 1 189 169 169
4.9676 0.850444 29.7335 0.0831359 0.601348 0.79465 88 74 71
5.89771 -1.79203 29.2384 -0.341131 0.422196 0.839869 83 60 70
-2.99789 1.35857 28.1031 0.0056575 -0.994223 0.107184 219 186 177
-0.928256 -2.25715 29.2645 -0 -0 -1 229 204 210
4.7616 -3.55032 28.6953 -0.889894 0.314364 -0.330552 221 208 216
3.48999 -2.55705 29.0699 -0.719019 -0.602824 0.345854 174 148 151
3.73427 3.18052 19.2252 0.0501622 -0.996667 -0.0643305 170 163 137
2.76067 0.254906 30.4871 0.0219295 -0.514266 -0.85735 124 117 108
1.65548 0.879345 29.6322 -0.187174 -0.968448 0.164544 98 83 78
-3.98442 1.26732 29.0624 -0.209928 -0.97768 0.00848476 198 169 157
-6.56658 0.42191 30.1572 -0.647039 0.273612 0.711672 96 96 84
3.56336 -2.61607 29.0198 -0.857593 -0.0346632 0.513159 185 159 162
-1.03477 -1.91899 29.3519 -0 -0 -1 218 195 201
2.34325 -1.41438 29.1878 0.783274 0.4729 -0.403543 134 117 121
3.59876 0.69844 30.1119 0.543044 -0.471874 0.694577 88 99 65
4.18381 -2.53293 28.9641 0.606298 -0.433964 0.666392 224 200 207
4.76326 -2.32282 28.8001 0.126574 -0.945733 -0.299279 85 73 83
5.08924 -2.19006 28.775 0.4981 -0.701554 -0.509626 201 178 179
1.64273 -1.36704 29.5268 0.998971 -0.0247529 -0.0380102 183 162 162
3.01274 -1.79295 29.194 0 0 1 150 142 153
-0.67244 1.03955 29.6085 0.442693 0.232678 -0.865958 252 129 160
5.12871 -1.49898 30.0714 -0.288977 -0.940426 0.179139 217 206 210
3.10666 0.622259 29.9716 0.159714 -0.857852 0.488449 140 148 131
-5.50941 3.18974 19.3937 0.132117 -0.689003 -0.712615 255 244 225
5.4341 -1.5076 29.8866 -0.485733 -0.85913 -0.16112 163 146 152
-3.17477 -1.046 30.1134 -0.341551 0.738466 -0.581387 170 156 173
-0.0724863 1.14205 29.286 -0.110822 -0.928881 -0.35341 255 247 234
0.200893 3.16305 19.3252 -0.0488215 -0.984861 -0.166329 255 254 238
0.189032 1.17442 29.1799 0.208852 -0.905048 -0.370499 117 81 65
3.24132 -1.14577 29.9698 -0.911017 0.164883 -0.37797 211 192 200
4.04981 -0.731805 29.3757 0.0728992 0.722905 0.687091 220 195 192
3.70528 0.0947827 30.1004 0.190712 -0.976725 0.0981691 148 132 133
2.06823 -1.91664 29.992 0 0 1 100 98 99
5.43777 -1.55251 30.1092 -0.141321 -0.809513 -0.569839 184 172 174
-7.42531 -0.929146 31.834 -0.0511175 0.971955 0.229545 79 87 72
2.4088 -0.403821 30.1772 -0.387778 -0.740524 0.548865 234 210 214
-4.22994 -2.61847 28.2306 -0 -0 -1 198 175 181
2.15542 -0.333973 29.6283 -0.903759 -0.235034 0.357741 253 235 239
-1.44264 3.1644 19.5179 -0.688061 -0.248661 -0.681718 255 239 229
3.22558 -0.511286 30.5361 0.159215 0.969231 0.187727 171 161 170
1.27462 0.623168 30.0919 -0.0652984 -0.439534 -0.89585 176 175 157
4.44558 -3.49613 28.873 -0.637628 -0.420348 0.645553 222 213 230
-1.9142 1.28971 28.7201 -0.802324 -0.582398 -0.130722 148 117 103
2.61949 0.0249542 30.3309 0.907759 0.298743 0.294494 202 189 183
5.10847 -1.1216 30.2121 -0.0749628 -0.898153 0.433246 207 187 198
3.09284 1.08076 29.6545 0.468232 0.548967 -0.692383 135 120 105
-0.583778 1.26621 28.8424 -0.0576045 -0.926407 -0.372091 142 102 111
1.14545 -0.479559 30.4812 0.0119941 0.253819 0.967177 198 181 191
-1.75172 -3.46385 27.686 0.716001 -0.587575 0.37696 231 218 236
-1.94586 3.17987 19.6028 0.00267068 0.999943 -0.0103072 241 217 212
0.933012 0.639085 30.0725 -0.291269 -0.0096742 -0.956592 157 158 142
3.22915 0.142504 30.2388 0.250135 -0.901887 0.352183 165 161 147
-3.66743 0.373862 30.4888 -0.513713 -0.104567 -0.851566 169 158 154
0.472943 1.33341 28.2858 0.0076149 -0.992897 -0.118734 233 199 189
-2.76815 0.480543 30.0838 0.667475 0.666766 0.331512 148 135 126
-2.45636 0.553772 30.1449 0.0407528 -0.998545 -0.0353016 188 177 169
-4.75765 3.23576 18.9663 -0.262188 -0.644586 -0.718168 222 224 184
-2.9802 0.994838 29.7215 -0.575262 -0.745243 0.337175 100 95 73
-0.0869787 0.484417 30.4495 0.047897 -0.9106 -0.410503 164 139 134
-7.62327 -2.30795 32.052 0.57424 -0.418787 -0.703467 135 147 111
-7.56751 -0.937036 31.6824 -0.685769 0.631888 0.361164 75 87 65
-2.11663 1.02639 29.624 -0.2031 0.626996 0.752081 134 129 109
-0.0200141 0.479477 30.4479 -0.245851 -0.775377 -0.581677 170 145 141
1.01641 1.3435 27.9778 -0 -0 -1 216 194 180
7.37475 1.14159 28.5455 0.79884 -0.389481 -0.458431 143 135 114
0.775729 0.380297 30.5194 0.667791 -0.690925 -0.276909 253 254 249
5.77892 -3.98806 28.2754 0.0624798 -0.961818 -0.266461 162 140 142
-1.03795 1.07823 29.4876 0.852888 0.0357561 0.520869 140 112 102
1.5975 0.443467 30.3058 -0.812151 -0.223169 0.539079 75 75 60
4.99602 1.48461 27.7959 -0 -0 -1 214 98 101
-1.24877 1.31164 28.5808 -0.0169756 -0.955963 -0.292994 223 187 173
1.75034 0.350877 30.4351 0.406303 -0.908755 -0.0952972 131 132 116
-5.78988 0.693464 29.9297 -0.805473 0.300113 0.511024 126 128 106
1.8407 0.52293 30.2725 -0.205469 -0.972943 0.105666 142 133 126
2.18098 0.297972 30.4654 -0.35769 -0.922092 -0.147661 90 86 80
-0.100803 -0.760422 30.0153 -0.466826 0.691592 0.551157 209 178 183
4.7881 0.573965 29.9307 0.974615 -0.223751 0.0077888 97 87 80
-2.57425 0.613315 30.0847 0.958623 0.0731331 -0.275124 102 88 76
2.72903 0.296858 30.4327 0.0647756 -0.739989 0.669493 155 147 137
4.7532 -3.22657 28.789 -0.396653 0.850257 0.346019 133 124 129
5.56414 0.385596 30.2504 -0.126553 -0.841576 0.525104 131 118 99
-1.40594 -0.921261 30.5564 -0.282325 0.95748 0.0593665 139 127 136
6.44857 0.462713 29.8175 0 0 1 169 165 156
-7.1075 -0.0585969 29.8997 -0.261242 0.362548 0.894601 83 78 75
-5.93903 1.24345 29.2865 0.651054 -0.0272438 0.758542 130 136 102
4.67428 1.35709 28.2042 -0.223126 -0.970315 -0.0932936 238 192 177
4.96132 3.28232 19.1034 -0.778239 -0.61894 -0.106101 170 176 130
-3.29435 -0.932189 30.2551 -0.119141 0.906555 -0.404923 171 157 174
-7.45739 -0.0102925 29.0531 0 0 1 136 129 121
-5.79558 0.710113 30.1314 -0.46423 0.18062 0.867102 90 91 73
4.53023 0.642764 29.9092 0.750967 -0.659958 -0.0224584 113 115 99
-4.21772 0.762411 30.1864 0.102995 -0.993726 -0.043586 105 93 77
-3.60065 3.13743 19.227 -0.000584559 0.979677 -0.200581 211 204 199
-0.983134 1.21981 28.9155 -0.589307 -0.544834 -0.596551 126 102 102
-1.68994 0.633848 29.9822 -0.0484383 0.748331 0.661554 164 143 140
5.59877 0.505652 29.9159 0.438679 -0.248819 0.86351 147 138 124
-1.40742 0.707112 30.1794 -0.183965 0.730637 -0.657515 133 123 111
0.359805 0.620791 29.963 -0.135173 -0.986519 0.09224 126 111 106
-3.92758 1.03568 29.7976 -0.0937607 -0.854027 0.511709 137 130 109
-6.25377 0.869224 29.8512 -0.504835 0.844875 0.176999 109 102 86
1.63749 0.607742 30.0102 -0.19608 -0.715529 -0.6705 133 145 123
4.78452 -2.75294 28.5993 0 0 1 253 248 255
3.36658 0.711574 30.1562 -0 -0 -1 143 152 127
4.79133 0.465971 29.7993 0.444741 -0.818301 0.364127 132 121 117
-5.37848 0.414473 30.084 0.580956 -0.00568197 0.813915 169 165 162
4.98268 0.892584 29.7392 -0.0340424 0.318785 0.947215 147 132 127
-3.49231 -0.24178 29.9887 0.161881 -0.844451 0.510586 240 215 219
-0.282052 1.01788 29.4672 -0.738828 -0.670469 0.0678647 203 185 183
5.69855 0.690982 30.0233 -0.484319 0.592577 0.643652 107 101 85
6.6849 0.747107 29.6644 -0.575756 0.765396 0.28753 117 113 101
3.10229 -3.20123 28.9946 -0.321316 -0.785975 -0.528204 182 180 185
-4.59895 1.01768 30.0178 0.683152 -0.707759 -0.179946 146 153 120
3.9312 0.670861 29.893 -0.00278657 -0.847943 -0.53008 92 93 75
-0.918119 1.11403 28.8746 -0.275523 -0.728568 -0.627117 255 249 248
1.57595 -3.24981 28.9952 0 0 1 84 70 65
-2.36795 -0.214855 30.178 -0.328534 0.896415 -0.297499 159 139 146
-0.618062 1.12014 28.9447 0.197201 -0.856215 -0.477502 123 117 136
6.61732 0.975626 29.8132 0 0 1 99 87 73
-3.10839 -4.17366 28.1959 -0.691058 0.638745 0.338295 119 100 104
2.38147 0.318238 30.1718 0.452038 -0.887901 -0.0854029 123 117 103
2.63326 1.13448 29.1683 0.858548 -0.332125 -0.390626 152 123 109
6.46063 1.07843 28.9994 -0.0357494 -0.878897 -0.47567 213 204 186
-3.11803 -4.2145 28.1862 -0.691058 0.638745 0.338295 120 100 108
-0.525347 0.392735 30.2419 0.185877 -0.901729 -0.390301 151 136 130
-5.04697 -1.21334 29.3318 0.841046 0.277083 -0.464615 149 129 130
-1.22932 -2.42592 29.0335 0.67504 -0.107213 -0.72995 186 173 183
3.29129 0.946144 29.6116 0.0985787 0.691755 -0.715372 99 86 79
5.18563 -2.17925 28.972 0.505438 -0.825756 -0.250318 255 244 250
4.33487 1.24898 28.945 0.583352 -0.494108 -0.644637 180 156 139
5.50555 0.998163 29.8153 0.00630846 -0.637889 -0.770102 102 87 74
5.62089 0.761334 29.9001 -0.170936 -0.898136 -0.405132 151 145 129
6.16461 0.961333 29.7837 -0.34928 0.875615 -0.33362 123 114 104
3.34978 -1.71798 29.7208 -0 -0 -1 101 90 95
6.27573 1.01345 29.1843 -0.762243 0.263351 0.591296 136 126 112
-2.44241 1.0925 29.8044 -0.152343 -0.638779 0.754157 141 127 113
0.671967 1.29822 28.3824 -0.148798 -0.988832 -0.00840474 217 197 186
4.01405 -4.23127 27.7867 0.452869 -0.758801 -0.468114 201 174 171
1.28225 1.26051 28.6899 0.385008 -0.901658 0.196931 127 134 119
-2.38685 -3.65163 28.5594 0.947501 -0.304526 -0.0974959 109 99 98
3.99392 1.24056 28.7133 0.153351 -0.809809 0.566297 201 150 139
5.55169 -4.07417 28.4376 0.53773 -0.622387 0.568753 169 145 158
4.79142 -2.28633 28.8548 0.377039 -0.714674 0.589137 255 252 255
4.4246 -3.29243 29.0071 -0.50628 -0.855274 0.110396 114 105 111
-4.2645 1.34249 28.1857 -0 -0 -1 201 161 149
5.16991 -3.29374 29.1835 0.902337 0.397587 0.166472 205 201 215
-4.26832 1.31891 28.4342 0.0674422 -0.980179 -0.18628 225 193 180
-1.0011 1.12681 29.2385 -0.333318 -0.91158 -0.240667 253 219 226
4.57868 -2.31973 29.1409 -0.155387 -0.870294 -0.46738 185 168 184
4.21818 -2.18883 29.1617 0.408134 -0.849715 0.333783 157 131 135
7.07366 0.255571 30.3167 0.472804 -0.857634 -0.202288 141 143 122
5.30469 -2.14442 28.9677 0.402159 0.578034 0.710032 137 122 129
5.35452 -1.88875 29.385 -0.252444 -0.829424 0.498324 139 123 123
0.25275 -1.81281 28.4878 0.0292648 0.997476 -0.0646985 225 209 220
5.18677 -1.49575 30.0422 -0.166394 -0.971918 0.166398 209 197 199
5.23289 -1.52737 30.0755 -0.148248 -0.927792 -0.34238 99 84 89
2.43393 -0.095379 30.06 -0.880621 0.155409 0.447611 214 199 194
3.204 0.0878451 30.1603 0.514182 -0.724932 0.458357 142 136 125
1.89235 1.35441 28.0035 -0.632169 -0.774829 -0.00150392 228 184 175
-7.37527 -0.22426 31.7475 0.0869417 -0.889946 0.447702 126 116 106
6.53066 0.181923 30.0893 0.341292 -0.492173 0.800803 153 142 112
5.52984 -0.922709 31.0533 0 0 1 206 186 195
-3.32699 0.489528 30.1565 -0.832121 0.492612 -0.254771 168 157 149
-7.79711 -2.74035 32.8994 0.555046 0.708524 0.435796 84 95 63
-3.07275 0.551386 30.1166 0.0948188 0.165779 -0.981594 207 188 174
-2.25653 0.523872 30.2002 0.110564 0.864691 0.489984 199 187 173
-0.358692 0.491687 30.2769 0.202302 -0.791335 -0.576942 141 124 115
-1.45995 0.474478 30.5169 0.723657 -0.604732 0.332596 235 216 213
4.24514 1.08728 28.9233 0.91297 0.00970859 0.40791 113 116 99
-5.70899 -3.14768 28.5764 0 0 1 204 175 179
0.765134 0.453073 30.1598 -0.231271 -0.696186 -0.679587 254 251 251
-3.91535 -1.77973 28.6635 -0 -0 -1 230 211 231
3.73472 0.229366 30.5001 -0.841912 0.182752 0.507726 121 122 108
-2.26577 0.637607 30.111 0.221519 0.710196 0.668245 124 102 91
2.19032 0.930732 27.8723 -0 -0 -1 121 112 106
-3.61518 -1.19213 29.8306 -0 -0 -1 132 120 121
3.10296 0.664942 30.1561 -0.0870552 -0.954201 0.286221 83 102 76
-3.65753 -3.14978 28.2189 -0 -0 -1 177 164 181
-1.43441 1.22549 29.1677 -0 -0 -1 157 127 116
-1.44052 -1.32853 28.84 -0.128351 0.962554 -0.238779 223 209 209
4.29822 0.794177 29.5285 0.979169 0.0131293 -0.202624 109 100 85
3.211 -3.15073 29.1671 -0.137075 -0.882492 0.44991 126 122 131
-2.36694 -1.02231 29.8821 -0.681206 0.69253 -0.237402 98 86 90
1.79859 -3.06385 29.0396 -0.92496 -0.373676 -0.0693857 0 0 0
3.48799 1.13777 29.081 -0.882653 -0.406829 -0.2354 168 145 131
-0.348424 0.528613 30.1733 0.113387 -0.874908 -0.470829 209 193 182
5.37997 0.991049 29.8201 0.216068 -0.532546 -0.818358 102 85 77
5.95634 1.20566 28.7422 0.552923 -0.778736 -0.296388 174 159 144
-3.84471 0.429097 30.4795 0.284312 -0.288734 -0.914221 177 168 163
4.37919 -2.11701 29.5416 0 0 1 174 154 156
-2.27758 1.3107 28.5301 -0.146451 -0.966655 -0.21007 242 208 201
0.682301 1.35069 28.0263 0.172458 -0.900456 -0.399295 233 194 187
5.985 1.34043 28.1198 -0.15024 -0.986601 0.0636051 240 193 187
-2.92533 0.867372 29.7784 0.330806 -0.751064 -0.571375 126 123 106
5.56709 -4.152 28.484 0.53773 -0.622387 0.568753 191 171 172
4.68139 -3.79774 28.6813 -0.225512 0.0461504 0.973147 199 188 202
5.52543 -3.2924 29.0961 0.574988 0.271374 0.771845 186 177 187
2.51086 3.16874 19.2229 -0.03724 -0.999174 0.0162543 222 211 192
4.378 -2.13864 29.1538 0.401071 -0.576905 0.711564 100 79 84
7.65309 0.216432 30.4414 -0.0888712 -0.287684 0.953593 213 197 205
-6.90744 0.777384 28.9258 -0.914382 0.351662 -0.200597 248 249 241
5.32707 0.156233 29.8838 -0.798567 0.583118 -0.14921 163 152 125
-3.01903 -0.916472 30.1585 0.056377 0.955489 -0.289591 158 140 156
-2.44043 1.02648 29.8013 -0.0878223 -0.57214 0.81544 95 83 71
-3.74865 3.20745 19.2626 0.256833 0.966438 0.00589079 178 156 142
3.4749 0.522314 30.0153 0.0380796 -0.0442918 -0.998293 89 93 83
1.47239 0.789506 29.7783 0.0984611 -0.76449 -0.637072 112 109 90
1.4699 0.787087 29.7395 0.273586 -0.749951 -0.602267 112 109 90
-1.60076 -2.37211 29.1337 0.689592 -0.123989 -0.713505 165 154 158
1.86853 0.642126 30.0432 0.369176 0.0102656 -0.929303 129 141 117
0.714465 1.25273 28.5158 -0.0469412 -0.998121 -0.0393787 197 185 169
0.586056 -0.667682 5.502 -0 -0 -1 157 152 159
3.89738 -0.893204 29.489 -0.309245 0.219175 0.925381 149 134 141
-7.40656 -2.30483 32.4577 -0.0959993 -0.954948 0.280818 92 102 68
-5.78164 1.38162 28.2479 -0.0185796 -0.995038 -0.09775 237 194 188
-7.70905 -2.47579 31.4736 -0 -0 -1 100 106 94
-1.84548 -0.982441 29.6374 -0.157919 0.984005 -0.082432 129 104 107
-4.73845 1.37914 28.2362 0.0194301 -0.994712 -0.100852 238 192 187
4.07952 0.453401 29.8923 0.434345 -0.152519 -0.88774 74 75 64
2.49604 -1.78547 29.6801 0 0 1 153 146 154
-0.501132 -3.11099 29.6851 -0 -0 -1 203 199 200
-0.223171 1.3124 28.4864 -0.111922 -0.923979 -0.365699 199 166 151
-6.88157 0.357353 29.9733 -0.155489 -0.436739 0.886049 109 96 100
5.67948 -2.14775 29.609 0 0 1 190 173 170
3.03746 0.588879 30.0866 -0.0353248 -0.857947 0.512521 83 86 77
2.52585 -1.02076 30.4323 0 0 1 189 172 182
4.13234 -1.03082 29.6418 -0.224597 0.720752 0.655799 193 170 186
2.6815 0.0833413 30.1722 -0.179045 -0.893136 0.412615 151 135 130
4.44747 -3.27031 28.9193 -0.50628 -0.855274 0.110396 122 121 124
-4.68573 0.313664 30.1272 -0.581336 -0.0731468 0.810369 210 197 189
-1.60235 0.474815 30.3224 0.683447 0.420507 0.59672 121 104 97
1.17905 0.454976 30.2933 -0.662229 -0.108665 0.74138 131 127 118
7.40453 0.899724 29.1032 -0 -0 -1 95 98 77
-1.14898 0.707671 30.0721 -0.0185547 0.916506 -0.399589 134 121 112
0.594085 0.738255 30.0835 -0.244286 0.780263 -0.575773 104 90 79
-0.292318 0.839232 29.816 0.247723 -0.589634 -0.768742 153 137 130
2.18043 0.544118 30.0545 0.372634 -0.876991 -0.303365 93 83 76
1.05485 0.596287 30.0253 0.275261 0.428501 -0.860592 100 95 83
-1.3554 0.575103 30.1205 0.0701621 0.683633 -0.726446 174 155 153
-0.632377 1.05963 29.2374 0.452929 -0.846776 -0.278971 161 57 102
2.98368 -3.92284 28.2523 -0.547691 -0.464461 0.695925 176 169 175
0.637212 -0.564404 30.6072 0.05177 0.882735 0.46701 164 147 165
6.44147 1.15567 28.9398 -0.115899 -0.896454 -0.427712 109 114 89
3.4368 1.26144 28.6437 0.0084908 -0.969172 -0.246238 167 130 114
2.08682 0.509262 29.896 0.175648 -0.963459 -0.202224 169 159 148
5.2207 1.04207 29.3129 -0 -0 -1 140 126 117
4.31907 -3.55808 28.5415 -0.874655 -0.181705 0.449401 243 217 226
4.36367 -3.48382 28.7752 -0.923808 -0.382406 -0.0185606 247 224 230
-4.60709 0.542755 29.9913 -0.413523 -0.838711 0.354349 180 165 160
3.53025 0.963274 29.7066 -0.00240754 0.698944 -0.715172 98 80 72
-1.30352 -0.501519 30.1646 -0 -0 -1 141 130 146
2.48739 3.16294 19.25 -0.0395468 -0.998593 -0.0353278 236 213 200
4.5522 -2.25642 29.0192 -0.585587 -0.792689 -0.169504 151 140 146
4.09147 0.761092 29.7413 -0.00451268 -0.937152 -0.348893 135 137 113
4.52111 -1.11839 30.1225 -0.644152 -0.608876 0.462967 219 203 216
-7.50188 -2.4306 32.1217 -0.757902 -0.573554 0.310836 77 92 59
-0.50944 3.13952 19.4725 0.062758 -0.997657 -0.027223 252 242 230
4.53192 -0.667918 30.2936 -0.774041 -0.209417 0.597499 224 206 218
3.19468 -3.17685 28.7851 -0.11089 -0.81476 0.569095 175 170 174
2.15578 -0.254982 29.942 -0.830281 -0.55712 0.0157994 254 237 247
5.57373 -0.217638 30.2256 0 0 1 237 212 216
2.14106 -0.128446 29.7284 -0.162343 0.574604 0.802169 252 234 246
2.52725 1.314 28.4642 0.922722 -0.344586 0.172757 208 179 163
-4.67175 3.22577 18.4109 -0 -0 -1 173 173 137
3.37448 0.00410769 30.2712 -0.290653 -0.901671 0.320171 151 130 129
4.39021 -2.87641 29.0153 0 0 1 173 156 168
4.20441 0.146349 30.3353 -0.0322731 -0.97311 0.228068 218 191 192
0.484523 0.265713 30.4913 0.0338559 -0.304193 -0.952009 225 210 202
-1.9762 0.672597 30.1209 0.0416739 0.785613 0.617313 191 175 160
-2.60558 0.120458 30.432 0.512488 0.3957 0.762088 214 192 195
4.74968 -2.95602 29.6589 0 0 1 197 190 206
3.15432 0.567013 29.9331 0.222639 -0.500249 0.836769 83 86 77
2.38654 -0.100349 30.3214 0.800806 0.237709 0.549732 210 191 193
2.9343 -2.30032 28.7217 0 0 1 132 129 138
0.132834 0.699342 30.0688 0.714394 0.275091 -0.643402 164 152 138
-3.62284 -4.11733 27.6658 -0.91529 -0.360682 -0.179314 186 170 183
3.10645 -3.70889 28.6113 0 0 1 149 144 148
3.66231 -4.34402 27.7689 0.692806 -0.672232 -0.261005 254 244 253
-5.21305 0.270228 30.3664 -0.400411 0.914987 0.049698 127 108 112
2.36343 0.0308259 30.3016 -0.492245 -0.191209 0.849196 199 182 175
3.70803 -0.0373525 30.2793 -0.26843 -0.514501 0.814392 146 125 125
-2.83725 0.391039 30.5274 0.256135 -0.647866 -0.717401 148 132 133
1.54241 0.583184 30.0071 -0.182324 -0.844379 -0.503768 84 87 70
4.36144 -0.430641 30.3079 -0.702098 0.0768321 0.707923 241 217 217
3.63048 0.159139 30.3213 -0.256344 -0.610609 0.749296 195 184 180
2.25542 -2.12141 28.9032 -0.393722 -0.520805 0.757459 252 238 248
0.626319 0.751061 30.0956 0.0215481 0.832426 -0.553718 98 93 74
2.00424 0.600591 30.0729 0.04292 -0.217914 -0.975024 96 96 84
5.18273 1.24369 28.481 -0.0373521 -0.997778 -0.0551752 174 155 140
-0.0100627 1.32719 28.1884 -0 -0 -1 153 115 102
3.01412 0.262264 30.5517 0.364959 -0.904693 0.219856 104 100 89
-0.852754 0.62141 30.1229 0.364869 0.210381 -0.906979 150 134 127
-1.06849 -0.948233 30.0523 -0.61042 0.561589 -0.558574 143 130 139
5.33247 -2.63218 28.6501 0.43679 -0.247206 0.86493 171 158 176
-0.879715 0.566396 30.0555 0.43119 0.623981 -0.651707 156 139 131
2.351 0.623397 30.0549 0.254069 -0.201541 -0.945954 79 84 72
-2.2699 -0.0749204 29.7006 -0.131848 0.204493 -0.969948 247 231 237
6.42051 0.896702 29.5438 0.127302 0.197908 0.971919 98 88 87
4.96232 -3.52617 28.9335 -0 -0 -1 202 196 206
-3.66838 3.1879 19.4078 0.168965 0.982088 0.0833858 254 235 228
4.6313 0.56452 30.1033 -0.256829 -0.655502 0.71018 94 84 74
4.16619 3.12551 19.6253 -0.00936889 -0.991256 0.131623 255 248 243
3.85274 -4.11754 28.5459 -0 -0 -1 196 164 165
5.0997 -1.67896 29.2909 0 0 1 89 85 81
-0.608554 -1.23696 28.6726 0.529705 0.693553 0.488259 83 77 75
1.48087 -1.36576 28.7942 0.09358 0.295805 -0.950654 226 208 208
5.1144 -3.12317 29.3198 0.990087 0.13368 0.043095 197 199 212
-5.8159 -3.84964 28.2305 0.948252 0.102363 0.300565 209 182 189
4.10543 -2.64126 28.9161 0.238081 -0.393101 0.888138 144 116 121
-7.26631 0.140713 29.6679 0.402725 -0.910953 0.0893207 138 130 128
-1.85052 1.31592 28.5044 -0.0350394 -0.940751 -0.337282 205 182 168
4.71516 -2.40943 28.9424 -0.107008 0.356396 0.928187 253 247 253
4.69604 1.34653 28.0595 -0.0783555 -0.993357 0.0842718 229 188 171
1.06672 1.34959 28.0206 0.00982381 -0.996508 0.0829183 226 186 186
2.57591 0.369562 30.4786 -0.100755 -0.914367 0.392151 145 148 131
0.642329 1.34779 28.4633 -0.171118 -0.983129 0.0646271 251 214 208
-0.276833 0.467841 30.2492 0.0137049 -0.915962 -0.401031 143 123 120
-7.02555 -2.08356 32.5353 -0 -0 -1 116 115 103
-2.51535 1.26925 28.6614 -0.0784234 -0.952349 -0.294756 172 142 131
5.54102 -2.3357 28.8927 0.366883 0.0126514 0.930181 95 92 96
-2.70726 -1.65711 28.763 -0 -0 -1 108 98 107
3.79809 1.22688 28.7234 -0.0648826 -0.967083 -0.24605 207 171 157
-2.4213 -3.5928 28.7052 0.85149 -0.302556 0.428281 192 191 189
3.7113 -2.21345 29.0938 -0.878729 0.475706 0.0392356 252 244 253
2.27861 -1.35963 29.1962 0.484904 0.83222 -0.268846 182 162 165
-7.47823 -2.2065 31.9239 0.25515 -0.167727 -0.952243 130 138 114
5.57226 -1.625 29.477 0.358922 0.401334 0.842678 157 139 139
-3.62029 -1.91309 28.3489 0.859617 0.501298 -0.0987885 235 218 234
-7.39023 -0.169739 30.8144 0 0 1 151 140 138
-0.845477 1.03505 29.2904 -0.379299 -0.8654 -0.327437 254 252 246
-1.73554 -1.17287 28.7935 0.829637 0.501872 -0.244595 240 219 234
-5.71699 -0.59422 29.7437 0.690235 0.415155 0.59264 212 194 199
-0.237796 -0.999372 29.1768 -0 -0 -1 133 104 106
-1.41781 -2.18552 30.2043 -0 -0 -1 180 159 161
0.311022 0.816902 29.7522 0.0103824 -0.854111 -0.519986 214 185 174
-6.61842 0.274244 30.1767 -0.897597 0.318041 0.305235 87 77 78
-0.528299 0.396431 30.3068 0.227727 -0.832823 -0.504526 150 139 135
-5.07363 0.913706 30.0731 0.839395 -0.428596 -0.334247 124 122 110
-4.87378 3.1722 19.4543 -0.116037 -0.986735 0.11353 255 249 234
0.297489 0.819327 29.8909 0.106 -0.938355 -0.32902 201 177 165
-2.33363 -0.949894 29.9978 -0.744732 0.520538 -0.417631 194 173 177
2.45743 0.665773 30.1523 0.414265 0.520822 -0.74641 75 79 64
1.73243 0.572868 29.9786 0.0416518 -0.747105 -0.6634 95 96 80
3.1548 -2.41165 28.7501 -0.0596793 -0.992724 0.104583 163 163 185
-1.07922 -1.27843 28.354 0.632024 0.1959 -0.749779 229 212 218
-1.457 -0.489743 30.488 -0.750578 -0.143828 0.644939 197 184 194
2.22081 -1.31619 29.6576 0 0 1 193 168 171
-0.973933 1.08944 29.2387 -0.403289 -0.887656 -0.222319 210 182 181
1.7555 -0.189249 29.7669 -0.653401 0.0177959 -0.756802 175 160 167
-3.24917 0.764719 30.2459 -0.884552 -0.340822 -0.318445 118 115 100
4.3358 3.20989 19.3075 -0.0646197 -0.994203 -0.0859369 178 169 133
2.27866 -1.10004 30.0424 -0.487966 0.707238 0.51157 221 189 196
1.8215 0.144687 30.0782 -0.937469 -0.0138335 0.347793 166 155 161
-0.730388 -1.19733 28.767 0.426948 0.89328 0.14059 82 67 72
-5.67671 -0.670436 29.7502 0.690235 0.415155 0.59264 179 156 162
2.0148 1.33132 28.252 0.260363 -0.943704 -0.204044 255 238 228
-3.59513 -0.832297 29.8617 0.731433 0.50982 -0.452868 163 134 139
1.86918 -2.43035 28.8418 0.165481 -0.132989 0.977205 250 234 245
-0.340138 -0.602434 30.2094 -0.721867 0.0664983 0.688829 215 193 196
-1.50215 -0.149568 30.4118 -0 -0 -1 233 212 219
-2.65272 0.785764 30.0644 0.701469 -0.0628134 -0.709926 130 127 118
-2.52087 0.756213 30.2593 0.805108 0.139389 0.576517 90 81 72
2.98141 -0.0650382 30.0767 -0.0164222 -0.880455 0.473846 134 130 118
3.88862 -0.74708 29.5869 -0.604147 0.411919 -0.682151 225 205 207
-7.87224 -2.22585 31.6102 0.676689 -0.532953 -0.507989 83 89 77
-0.331839 1.33446 28.2558 -0.0151772 -0.977742 -0.209261 180 144 135
-3.21422 -4.22582 28.0414 -0.833474 0.06753 0.548417 116 101 96
5.33478 -2.46544 28.5989 0.844072 0.309617 0.437813 249 245 254
-3.51917 -1.18835 29.3766 -0.161921 0.187805 -0.968768 194 177 183
7.6948 0.951676 28.9995 -0.350628 -0.570993 -0.742312 156 146 137
-2.03695 0.00577525 29.7197 0.0132453 0.427654 -0.903846 171 157 170
-7.62542 -0.960233 31.5363 -0.704208 -0.647381 0.291529 85 100 71
-2.21002 0.115965 29.8074 -0.330003 0.509312 -0.794795 166 153 163
-2.62651 0.527594 29.9275 -0.0525043 -0.874602 0.481991 171 161 149
-0.333325 0.321483 30.4617 0.574774 -0.343426 0.742761 176 150 151
-3.39818 0.475195 30.2996 -0.288365 -0.629874 -0.721183 112 98 90
4.21093 -0.846902 29.5607 -0.704463 0.479926 0.522879 162 130 148
-1.71875 1.3599 28.0726 -0.0334218 -0.902708 -0.428953 234 190 181
3.5315 -0.993085 30.4763 -0.157259 0.938352 -0.30784 193 177 177
-3.74844 1.34144 28.1778 -0 -0 -1 197 157 145
-3.55839 -0.999531 29.8133 0.975128 0.0679021 0.210984 199 174 180
2.16643 -1.96089 29.0127 0.127713 -0.830084 0.542817 248 237 247
-4.83551 0.836516 29.9057 0.282844 -0.936628 -0.206705 130 132 118
2.00427 0.642931 30.0516 -0.717131 0.099736 -0.689765 89 93 76
-4.08462 1.37609 28.211 0.19359 -0.978033 -0.0772931 234 197 182
0.67095 0.984188 29.5927 -0.310301 -0.941252 -0.133259 106 103 86
5.35458 -3.35965 28.5292 0 0 1 201 196 203
-0.18289 -0.912671 29.7786 0.0714524 0.97976 -0.186987 180 154 157
-4.49272 -1.28848 28.9693 0 0 1 216 196 195
1.68243 -1.04341 29.6595 0.924386 -0.0458305 0.378695 217 187 191
1.451 0.696358 29.8908 -0.424341 -0.694997 -0.580443 139 155 122
6.12039 1.32266 28.2243 -0.104855 -0.994193 0.0242042 132 101 88
-5.32796 0.946632 29.8319 0.241727 -0.965185 0.0999266 90 86 73
-2.04347 -0.299317 29.5029 -0.441473 0.779546 -0.444309 173 159 174
7.17148 0.755408 29.8058 0.162228 0.605738 0.77895 144 140 128
-7.60089 -1.7924 31.6317 0.396221 0.909801 -0.123577 128 135 127
5.59909 -0.663353 29.9922 0.857089 0.160704 -0.489462 195 173 176
3.54052 -0.0144404 30.296 -0.172562 -0.385754 0.90632 158 134 130
4.99001 0.751496 29.806 -0.231945 0.892089 0.387786 137 124 115
-7.04427 0.107204 29.9148 -0.070311 -0.376962 0.923556 88 80 84
-6.87601 0.57162 30.1425 -0.142017 -0.0734287 0.987137 93 84 79
0.923361 0.830177 29.6534 -0.137551 -0.968049 0.20967 148 136 120
0.907473 0.673206 30.0094 0.101793 0.812007 -0.574703 113 117 96
5.36522 -2.39963 28.615 0.661891 0.740968 -0.113433 145 143 154
-3.66513 -1.13181 28.7997 -0 -0 -1 236 215 233
6.7356 0.572716 29.9508 0.310474 0.531361 0.788201 91 89 79
2.60016 -1.18032 30.2422 -0.512051 0.0321915 0.858351 175 163 167
-2.21639 -0.411925 29.0735 -0 -0 -1 246 229 239
-1.8756 -0.465513 28.9919 -0 -0 -1 220 199 204
-0.500615 -0.306817 30.2452 0.419844 -0.306281 0.854355 205 184 189
-1.00995 0.357103 30.4059 -0.532003 -0.77515 -0.340758 190 166 179
-5.1069 0.880969 29.5742 -0.182827 -0.897728 0.400822 129 127 112
-5.30709 0.277289 30.1433 0.398958 0.841262 0.364844 161 148 155
3.05208 0.352093 30.297 -0.657411 -0.750245 -0.070307 88 95 78
3.45825 -1.62677 29.2748 -0.795418 -0.537761 0.279506 125 113 113
-1.84994 0.124346 29.8142 -0.874115 0.122532 -0.470009 250 226 249
4.418 -2.16568 28.9787 -0.654823 -0.638687 0.404087 254 242 243
-3.59291 -1.01703 29.2186 -0 -0 -1 164 136 141
2.71229 3.17295 19.246 0.0302634 -0.982622 -0.183135 224 214 187
5.72186 0.321753 30.4475 0.512428 -0.0366542 0.857947 118 111 101
2.41427 -3.21109 28.5995 -0.882083 -0.471094 0.000555655 134 129 133
-5.90948 0.746704 30.0899 -0.286418 -0.759755 0.583727 121 128 103
0.807863 0.0401146 30.1846 -0.244745 -0.96958 0.00372575 229 207 209
2.70318 -2.70322 28.9118 0 0 1 204 200 214
0.214094 -0.0788649 29.7945 -0 -0 -1 234 205 210
4.33196 0.68884 29.8243 -0.203431 -0.90073 -0.383799 142 158 117
1.47028 -3.81097 28.3828 0 0 1 86 78 76
-3.6239 -4.19771 27.4259 -0 -0 -1 134 120 137
4.7939 -2.33552 28.7625 -0.136154 -0.893759 -0.427383 255 247 254
0.2203 1.27945 28.6772 0.0689965 -0.957178 -0.281159 157 118 109
4.82552 -2.33943 28.9444 -0.526299 0.47447 0.705611 255 247 254
4.98847 -1.82462 28.8821 0 0 1 215 196 202
5.11638 -3.30861 29.2716 0.905782 0.416043 -0.080425 197 193 208
-5.36903 -1.40616 28.5039 -0.983353 -0.181566 0.00711759 243 226 234
-1.01447 -1.41187 28.672 0.645507 0.0802728 -0.759524 199 180 192
1.67358 0.184445 29.813 0.00169843 -0.957757 0.287574 223 212 210
4.67451 -3.47196 28.9871 0.567719 -0.807085 0.162199 149 139 165
-3.70735 -2.58618 28.4898 -0 -0 -1 227 209 233
5.58792 -0.52816 30.5024 -0.727366 0.523352 0.443894 159 146 153
-1.24226 -2.16566 29.0679 0.435073 0.447182 -0.781498 139 123 123
-5.70274 -1.67749 29.1189 0.852364 -0.302668 -0.42646 170 159 165
-1.07119 -0.477387 30.4688 -0.00760423 -0.994077 0.108411 168 156 171
7.52397 0.625947 29.2614 0.17631 0.981638 0.072809 140 151 134
6.34795 0.125162 30.2216 0.230812 0.766041 0.599922 188 167 146
-3.4602 0.79419 30.0357 0.083844 -0.875196 0.476448 143 139 124
2.36974 0.34764 30.3482 -0.401628 -0.911352 -0.0901815 160 157 142
6.00475 1.07177 29.0371 -0.49077 -0.870685 0.0324484 165 162 137
0.713431 -1.11268 29.6794 -0 -0 -1 89 82 89
-1.10348 1.12238 29.2559 -0.215241 -0.859372 -0.463845 164 134 124
1.66429 -1.72584 29.2901 0.602972 0.407082 0.686082 143 129 139
5.04756 0.380117 29.7376 0 0 1 171 128 121
7.54238 1.12215 28.8151 0.920854 -0.121729 -0.370418 144 124 117
6.31223 1.04538 29.1164 -0.05863 -0.997995 -0.0238421 184 181 159
5.81155 0.380912 30.3759 -0.986138 -0.0689366 -0.150932 89 75 75
4.51174 -3.56486 28.777 0.334749 0.511249 0.79156 100 96 111
0.64876 -1.54866 28.9018 -0.44029 0.872171 0.213222 228 215 217
6.07753 0.709974 29.6376 0.517769 0.198106 0.832267 141 144 123
0.733812 0.238322 30.4004 0.316959 -0.944557 0.0857235 255 254 253
-5.74545 -2.1363 29.11 0.490261 -0.85309 -0.178553 245 220 223
0.95396 0.85142 27.7254 -0 -0 -1 106 94 84
-3.52321 1.36002 28.4999 -0 -0 -1 219 179 167
-7.7156 -1.21912 31.7464 -0.429707 0.902866 0.0135538 128 143 111
-2.9151 0.918605 29.7888 0.0599668 -0.991855 0.112375 90 84 72
-7.08619 0.441592 30.1942 0.314358 -0.921784 0.226922 93 80 80
0.43839 -1.60258 29.154 -0 -0 -1 81 62 66
3.26642 -3.99648 28.0497 -0.292218 -0.460688 0.838078 225 191 192
4.18609 -2.40018 29.2462 0.852685 -0.12081 -0.508265 197 172 183
-3.84937 3.13938 19.6127 0.179957 0.977387 -0.111037 252 240 240
4.04473 0.994798 29.0016 0.577546 -0.789169 -0.208931 97 90 72
4.74687 -2.83863 28.9375 -0.37615 0.765278 0.522361 250 248 253
-6.81679 0.217234 29.9579 0.0855065 -0.0193673 0.996149 90 89 87
-6.33007 -2.13901 29.7155 0 0 1 91 102 86
2.76786 -2.16453 29.4719 0.994308 -0.0603401 0.0878152 196 173 181
-2.01082 0.358139 29.9495 -0.871311 -0.290385 -0.395592 136 125 124
4.5148 -3.68306 28.935 -0.550233 -0.000554207 0.835011 202 198 212
-5.58914 0.208502 30.3216 0.240998 -0.806029 0.54059 227 211 211
1.83586 1.30547 28.5005 -0.237688 -0.970989 -0.0261772 202 173 158
-0.122635 -1.01315 5.83651 -0 -0 -1 68 69 73
-7.24845 0.105951 29.9617 -0.234531 -0.385886 0.892237 87 83 82
-1.2452 1.28675 28.6353 -0.0161331 -0.956533 -0.291176 171 135 123
-3.46296 -3.55826 28.6962 0.329937 -0.734999 -0.592383 199 189 197
3.72987 -2.2184 29.2308 -0.659054 0.743064 0.116204 252 244 253
-2.9535 0.899415 29.7132 0.0828813 -0.894579 -0.439157 86 79 63
4.74329 -1.51509 30.1856 -0.363754 -0.924584 -0.113263 164 152 156
-7.42309 -0.894169 32.23 0 0 1 77 80 69
-3.59649 0.347672 30.3678 0.718518 -0.240605 -0.652565 135 124 123
4.42969 -0.455234 30.3012 -0.570495 -0.0926925 0.816053 232 205 220
5.65045 1.21481 28.9379 0.286792 -0.694552 -0.659809 183 164 149
0.449526 0.908211 29.6315 -0.188021 -0.541758 -0.819236 159 136 121
-0.964272 -1.57512 29.1678 0.749395 -0.253007 -0.611878 133 116 122
-2.98949 0.700632 30.0636 0.00414996 -0.231875 -0.972737 111 106 87
7.90874 0.695149 29.0057 -0.170514 0.728343 -0.663658 129 130 114
-5.35622 0.214623 30.2333 0.156958 0.984501 0.0782375 179 159 161
-0.384544 0.789331 29.8923 -0.422825 -0.809633 -0.40708 161 147 134
-6.89586 0.309055 29.9002 -0.275305 -0.358838 0.891876 75 63 67
3.86649 0.208531 30.042 0 0 1 211 189 188
2.75059 0.326852 30.3541 -0.141535 -0.950304 -0.277291 93 85 80
-5.64569 -2.07234 29.2473 0.490261 -0.85309 -0.178553 223 200 206
3.53333 0.702162 29.8722 -0.579453 -0.792191 -0.191487 152 158 132
3.06717 0.378749 30.0084 -0.994044 -0.00719442 0.108741 90 91 75
-3.75792 0.768683 30.0297 0.53871 -0.813847 0.217819 127 118 108
1.01912 -1.68043 29.2774 -0.903516 0.411804 -0.118639 128 108 119
3.06745 0.382746 30.0652 -0.0944923 -0.928388 -0.359397 90 91 75
3.42043 0.492185 29.9595 -0.551878 -0.476844 -0.684142 119 119 117
-3.5203 -0.198532 30.1848 -0.781954 -0.355455 -0.512055 206 179 184
7.32692 0.686591 29.954 0.176885 0.463886 -0.868056 146 133 124
-3.30992 0.749935 30.1665 0.629296 -0.220423 -0.745252 101 98 81
5.3897 0.718858 29.8129 0.732535 -0.537521 -0.417688 197 187 178
5.12478 -2.23629 28.8283 0.519713 -0.664352 -0.537155 183 166 176
-1.31965 0.962853 29.7804 -0.262083 -0.509208 -0.819768 114 93 82
0.678284 0.92267 29.5792 -0.406379 -0.901839 -0.146772 156 138 134
-6.76832 -0.437914 29.6523 0 0 1 73 79 67
-2.93408 1.23795 28.9125 0.0932422 -0.993026 -0.0721488 166 137 128
1.21837 1.23916 28.6815 0.496627 -0.859575 0.120387 111 95 82
5.49029 3.13914 19.4277 -0.287011 -0.956976 0.0426684 187 158 150
1.20117 1.23198 28.7257 0.496627 -0.859575 0.120387 101 79 65
2.66463 1.33561 28.7575 0.45007 -0.884292 0.124353 201 178 161
3.30155 -3.99449 28.0016 0.656809 -0.601776 0.454387 219 183 183
-6.35226 0.73896 29.952 0.35479 0.131835 0.925604 129 142 114
5.54903 -3.97728 28.686 0.945207 -0.0505518 -0.322534 89 76 70
2.60152 -0.565134 30.1925 0.578346 0.0798585 0.811874 192 183 196
1.94756 -2.00273 29.102 -0.717402 -0.679976 0.151546 121 113 126
1.28001 0.549757 30.126 -0.205915 -0.57835 -0.789373 168 159 142
4.69667 -2.3344 28.96 0.162663 -0.0862034 0.982909 133 120 131
-3.63796 3.13677 19.6587 -0.0922808 0.995246 0.0311432 252 228 224
-5.62033 -0.229407 29.8787 0.717074 -0.695442 -0.0465351 228 203 209
3.67173 -1.11856 29.8275 -0.979559 0.159784 -0.122199 120 95 100
6.1695 0.202823 30.0565 -0.686667 -0.147118 0.71193 217 196 190
-7.573 -0.286815 31.0755 0 0 1 95 80 75
5.41847 -2.22332 28.8791 0.24661 0.0663327 0.966842 239 225 238
1.64905 0.279655 30.5335 0.423297 -0.898445 0.116685 116 109 106
2.36677 -2.1149 29.1279 -0.210321 -0.859436 0.465977 190 171 175
-2.64112 0.220879 30.122 0.77052 0.273761 -0.575633 172 157 164
3.31824 0.196123 30.2195 0.276176 -0.916067 0.290772 177 168 159
-2.87825 0.637333 30.0332 0.0770569 -0.0681559 -0.994694 114 101 92
-3.5959 -2.0883 29.2929 0.948851 0.28217 -0.141642 137 118 124
5.60873 3.12277 19.6125 0.00668034 -0.994574 0.103819 255 233 226
-1.42532 -0.458138 30.4906 -0.628551 -0.466953 0.621996 213 203 212
-7.62615 -1.73838 31.7674 -0.38684 0.883012 -0.265788 115 123 109
0.269683 -1.76357 29.5426 -0 -0 -1 228 207 226
2.62903 -2.93034 29.3869 0 0 1 206 204 215
-2.19685 0.688684 30.0944 -0.0141316 0.810401 0.585706 178 171 153
0.992813 -3.2786 28.8823 0 0 1 107 107 105
6.15481 1.30312 28.4783 -0.12092 -0.965827 -0.22925 210 188 174
0.141667 1.32183 28.4181 0.158396 -0.965629 0.206086 225 185 174
-2.39643 -2.51487 29.2409 0.966567 -0.18221 0.180408 153 135 135
-3.43595 0.76385 30.3261 -0 -0 -1 103 100 83
5.10016 -2.69677 29.1696 -0.71396 -0.523748 0.464704 160 152 165
3.21496 -3.85713 28.7552 -0.914005 0.385576 -0.126198 183 170 187
8.02561 -1.86565 29.8177 0 0 1 198 182 192
-3.18477 -3.89216 27.5793 -0 -0 -1 171 152 155
2.03295 0.815907 29.707 0.131805 -0.800481 -0.584685 107 104 89
4.3746 0.631897 29.9929 0.0624835 -0.962752 -0.263067 66 75 56
1.02662 -0.480215 30.5524 -0.0331744 0.306889 0.951167 207 188 192
2.8963 0.600023 30.0806 -0.117049 -0.229159 0.966326 89 82 74
3.75382 -3.01066 28.7703 -0.658605 0.741877 0.125929 156 130 131
-0.528969 1.09659 29.0608 0.220315 -0.959655 -0.174711 242 237 253
7.41578 0.384904 30.2698 0.0531663 0.891547 0.449796 170 167 167
0.293984 -0.822958 29.9926 0.750212 0.609119 0.257208 206 176 178
6.127 -2.03672 29.7683 0 0 1 205 190 183
-2.03475 -0.980993 29.7548 -0.197344 0.967399 -0.158731 135 106 110
5.20083 0.587386 30.0501 -0.310573 -0.550288 -0.775066 144 125 118
6.15138 1.34137 28.1457 -0.149839 -0.980813 0.124712 234 192 183
7.38825 0.299053 30.4356 -0.360643 0.795922 0.486256 109 99 134
4.21057 0.94871 29.4538 -0.169709 -0.648088 -0.742415 87 86 66
5.03158 -2.78847 29.0284 -0.455759 0.117798 0.882274 199 202 217
0.0629911 1.07003 29.5551 -0.325941 -0.479865 -0.81455 139 121 106
-4.73106 3.16147 19.5391 0.186671 -0.966849 -0.174234 208 189 182
-5.90599 1.31966 28.5074 0.127188 -0.954843 -0.268511 210 199 180
7.44679 0.280668 30.4994 -0.343765 0.887024 0.308243 133 130 133
0.707613 0.939928 27.8458 -0 -0 -1 253 243 238
2.05931 3.14567 19.409 -0.0337332 -0.993323 -0.11032 255 245 232
0.322342 0.21055 30.6718 -0.258291 -0.862446 0.435286 237 205 211
4.10787 0.868939 29.5673 -0.658168 0.110964 -0.744649 93 89 72
-2.70997 0.536119 29.923 -0.0764259 -0.933537 -0.350241 195 172 170
4.04902 0.993985 29.7321 -0.355871 -0.203827 -0.912036 96 93 77
4.31211 -3.73393 28.3349 -0.843656 -0.529717 -0.0874298 222 196 198
-1.23595 1.36696 28.1321 0.0183866 -0.99514 -0.0967373 229 186 180
4.77834 -2.93917 29.0461 -0.424734 0.725798 0.541127 191 184 199
-3.9014 -0.768272 29.8255 -0.237195 0.290066 -0.927146 205 175 177
0.0903329 1.1986 29.0263 0.214241 -0.956747 -0.196815 158 121 105
3.25561 -0.000997455 30.0725 0.718647 -0.669531 0.187814 161 142 140
6.2194 0.258953 30.9476 0 0 1 158 142 129
0.212349 1.22133 28.7868 0.0866383 -0.973241 -0.212827 252 217 198
1.07446 -1.28365 28.45 0.881407 0.0700836 -0.467129 232 211 220
5.34702 1.06103 28.8936 -0.047487 -0.844939 -0.53275 211 192 181
1.12143 0.476849 30.221 0.671471 -0.688824 -0.273218 208 195 187
4.28658 3.13615 19.6541 0.00656271 -0.993395 -0.114555 255 242 237
-3.62909 -0.780334 30.6011 -0 -0 -1 208 181 186
4.81381 -2.81338 28.9 -0.691229 0.624417 0.36374 253 245 254
-0.14114 0.920504 29.879 0.254721 -0.499643 -0.827934 146 134 125
6.31491 -1.95107 29.3511 0.738363 0.352309 0.575063 226 204 204
3.49685 -2.14851 29.4312 -0.0462739 0.987401 0.151322 215 190 193
-0.249522 0.609091 30.0374 -0.300682 -0.846922 -0.438535 165 152 135
-3.27581 -0.438509 30.4075 -0.617135 0.377578 -0.690347 184 171 182
4.33058 0.684368 30.032 0.00660339 -0.138045 -0.990404 135 147 110
-2.10315 3.16339 19.5974 0.0411474 0.997456 -0.0582161 255 242 223
-1.82721 3.12781 19.6098 -0.0614864 0.997466 -0.0357897 255 238 234
1.73654 -0.0456898 29.7805 -0.292584 0.117965 0.948936 168 153 163
4.67752 -1.12126 30.1612 -0.258893 -0.171969 0.950474 222 207 212
0.758031 0.826666 29.8504 -0.364079 -0.87041 0.33141 199 192 176
-2.35482 0.295386 30.2075 -0.410668 0.818783 -0.401182 175 160 165
-5.97089 -0.620465 29.7979 0 0 1 209 194 189
2.48237 0.505163 30.0301 -0.375889 -0.554979 -0.742096 145 133 119
-4.61077 0.600099 30.14 -0.302664 -0.803546 0.512551 147 130 126
2.86991 -0.118455 29.7933 0.34205 -0.929775 -0.136089 132 135 116
3.39923 -2.4681 29.0522 -0.711245 -0.684819 0.158599 230 204 203
4.94348 1.30702 28.5332 0.101624 -0.9544 0.2807 211 179 168
1.74345 0.940866 29.8028 0.399697 -0.0915826 -0.912061 137 129 118
0.775913 1.26837 28.6638 0.291262 -0.916829 -0.273114 142 130 119
5.92044 1.21977 28.8473 0.474025 -0.875312 -0.0955485 139 132 122
-7.47867 -0.904152 31.7088 -0.716784 0.572128 0.398609 110 126 99
-7.22715 0.235811 29.9349 0.145772 -0.443879 0.884151 170 166 165
5.17498 -2.42223 28.7503 0.855525 -0.421155 0.301174 252 246 251
-1.48365 -0.978477 29.9225 -0 -0 -1 146 131 135
3.33874 0.721309 29.945 0.0910026 -0.784715 -0.61314 130 145 115
1.57224 0.901866 29.7742 0.42688 -0.903716 -0.0327265 104 85 79
-5.77618 -2.75365 28.6991 -0.419142 -0.871382 -0.254975 223 196 205
2.03636 0.919836 29.6155 -0.948485 -0.191236 -0.252597 141 131 122
1.23117 1.34845 27.9994 0.00666988 -0.997337 0.0726228 229 192 183
-0.116636 0.562442 30.0457 -0.219884 -0.912286 -0.345521 147 130 114
5.98248 -2.08035 29.8159 0 0 1 225 204 201
-5.21305 0.775191 29.9919 0.633527 0.522277 0.570851 120 117 100
3.05346 0.358214 30.3566 -0.405519 -0.772811 -0.488178 99 97 85
7.82193 0.790194 29.2353 -0.913839 0.231079 -0.333918 136 133 114
5.56002 0.365109 29.994 -0.158208 0.757588 0.63327 136 132 115
3.34332 -4.02696 28.4248 0.545093 -0.651238 0.52798 135 105 113
4.13592 -2.2527 28.8451 0.112542 -0.760887 0.639051 253 240 255
-0.482672 0.726851 30.1349 0.170375 -0.861163 0.478927 203 186 176
3.03795 0.588583 30.0424 -0.0353248 -0.857947 0.512521 88 79 72
-2.68556 -1.21572 29.3576 -0 -0 -1 116 102 102
-3.06363 3.19878 19.2386 0.04218 0.927519 0.371388 186 150 138
-0.916093 -0.476916 30.4043 -0.00436527 -0.999832 -0.0177787 185 175 186
-4.9644 -1.2387 29.1041 0 0 1 122 103 105
3.67779 3.14742 19.2891 0.0689822 -0.996197 -0.0532321 214 204 187
-2.39641 -3.22449 28.8692 0.426446 -0.834515 0.348895 85 81 79
-1.905 -1.02061 29.7523 -0.170505 0.971639 -0.163845 178 149 151
4.79448 3.15906 19.4865 -0.174599 -0.984285 -0.0264254 186 170 157
-4.13895 0.907703 29.763 0.137361 -0.707038 0.693707 136 122 109
-2.73167 0.794334 29.9911 0.0571936 -0.831076 -0.553211 135 131 120
3.48825 0.990687 29.7084 -0.128879 0.758341 -0.638991 166 150 141
3.95784 0.255701 31.088 0 0 1 130 125 107
4.92941 -1.03048 30.3698 -0.00557318 -0.979065 0.203471 199 182 188
2.91049 -3.90223 28.0529 -0.562848 -0.699354 -0.440574 199 199 201
4.65635 -2.00491 28.9382 -0.771526 -0.571329 -0.279878 193 170 175
-0.662762 1.23459 28.7967 -0.0165547 -0.934711 -0.355024 254 246 249
-3.44692 -0.445098 29.9363 0.873297 -0.0673667 -0.482508 112 99 108
1.35673 -1.4957 28.7415 -0 -0 -1 194 172 185
5.41106 0.70649 30.4354 0 0 1 117 101 93
-4.68384 0.683861 30.2515 -0.192713 -0.783536 0.590706 199 182 174
-7.37338 -2.28463 32.6255 0.0595074 -0.992529 0.106514 121 137 101
5.109 -3.14984 29.4008 0.925833 0.35918 -0.11757 195 192 209
-3.38703 0.475766 30.2406 -0.288365 -0.629874 -0.721183 105 96 89
2.38309 0.736233 29.485 -0 -0 -1 133 139 114
1.42636 1.3298 28.2491 0.223003 -0.960306 -0.167578 179 151 137
2.24755 0.272727 30.5123 -0.302283 -0.815133 -0.494149 112 105 97
-5.43486 3.19457 19.1987 -0 -0 -1 173 162 136
-2.32446 3.15377 19.4773 -0.047265 0.998412 0.0306464 207 200 186
6.78635 0.281295 30.2194 -0.568468 -0.408476 0.714137 130 129 109
-7.06971 0.47368 30.0838 0.551351 0.494471 0.671946 184 170 167
3.49332 -3.90124 28.0742 -0.32407 0.753213 0.572407 184 168 164
-7.41782 -1.78472 31.8312 0.820055 0.517131 0.245122 110 114 99
5.72255 -4.00661 28.2963 0.713161 -0.419213 0.561838 146 133 143
4.79036 -3.30949 28.9498 -0.873271 -0.160075 0.460189 129 117 127
-4.22548 0.763339 30.225 0.114255 -0.993319 0.0161991 112 97 88
5.66453 -1.15356 29.8034 0 0 1 245 216 221
5.50658 -2.30551 28.9443 0.100763 0.327972 0.939298 251 251 253
2.14536 -0.0858091 29.6534 -0.44054 0.791193 0.424191 251 230 245
1.72667 -2.3895 28.9257 0.225163 -0.713163 0.663852 134 114 116
-3.53094 3.14046 19.523 -0.0146936 0.980654 0.195198 180 142 141
4.54582 -3.47479 28.7049 -0.148469 -0.861517 -0.485536 223 215 238
-4.57695 1.37509 28.1957 -0.0144384 -0.999135 -0.038985 248 191 184
6.23145 0.746653 29.4458 0 0 1 133 127 113
-7.33962 -1.17662 31.193 0 0 1 65 80 59
-1.8685 1.00244 29.7709 0.00701295 0.787657 0.616074 128 120 114
-6.86224 -0.140626 29.8375 -0.270876 0.382447 0.88338 161 149 144
6.06068 0.914186 29.6714 -0.5206 0.848403 0.0958566 89 84 75
5.97725 1.06524 29.1679 -0.71237 -0.660057 -0.238442 156 144 126
-5.05698 0.883902 29.4763 -0.364027 -0.907405 -0.21 138 134 124
4.81757 -3.97582 29.4028 0 0 1 153 142 150
4.27859 0.226456 30.393 0.0976522 -0.841923 0.530687 122 99 105
4.26928 1.19578 28.818 0.947701 -0.314515 -0.0542452 139 117 109
-0.293154 -1.10646 28.6587 -0.127239 0.854569 0.50351 104 89 96
4.10588 1.29173 27.9523 0 0 1 194 155 148
-2.05889 3.10841 19.4922 0.0410511 0.998927 -0.0214237 255 223 221
5.3046 -3.14495 28.938 0 0 1 197 199 214
5.70326 0.179512 30.2653 -0.834467 0.470227 0.287317 223 202 198
-5.64399 -1.16206 29.244 0 0 1 152 124 120
5.5053 -1.50625 30.0225 -0.31783 -0.946252 -0.0599247 216 203 197
5.48377 -2.41979 28.0101 0 0 1 254 244 252
3.91814 1.29805 28.4526 0.0791622 -0.981054 -0.176822 224 183 174
0.973889 -0.605627 30.9901 0 0 1 92 76 82
-0.565922 0.321062 30.5161 0.582635 -0.666403 -0.465234 176 151 155
0.417103 1.3259 28.1517 0.0126379 -0.999768 -0.017455 237 209 198
-5.93952 -1.54329 29.2407 -0.0265356 0.955826 0.292731 214 199 204
-0.895665 1.22007 28.8403 -0.12157 -0.847097 -0.517346 122 100 104
2.33664 3.15201 19.2546 0.11506 -0.976479 0.182347 195 179 165
-5.79316 -1.40104 28.6072 0.671827 0.141284 0.727109 251 238 246
-2.45379 1.30519 28.8858 -0 -0 -1 161 125 116
3.79168 -2.23995 28.612 0.199105 0.43328 0.878991 127 119 131
4.51814 -4.00708 28.5349 0.0959379 -0.665436 0.740264 163 147 148
4.42456 -3.6294 28.7273 -0.784784 -0.247593 0.568166 186 169 187
-2.75643 -1.4218 28.9291 -0 -0 -1 209 194 199
4.73711 -3.81335 28.7592 -0.630497 -0.45588 0.628209 110 98 108
4.41964 -3.67504 28.786 -0.80058 -0.239916 0.5491 129 110 130
5.85523 0.454026 30.012 0.221367 0.837354 0.499836 120 106 105
4.42652 -0.680417 30.0139 0 0 1 182 163 171
4.74225 -3.45452 28.7251 -0.392682 0.216754 -0.893767 143 133 147
4.36465 -3.25535 28.865 -0.418932 -0.901551 0.108172 247 231 234
3.54595 1.35498 28.0769 0 0 1 239 191 185
4.90191 -3.00414 30.0411 0 0 1 209 202 212
4.26549 1.23097 28.8492 0.947701 -0.314515 -0.0542452 175 148 136
0.449207 0.478384 30.1991 -0.267526 -0.819607 -0.506631 111 109 93
-6.30695 0.852675 29.8041 -0.55037 0.800815 0.236196 136 130 112
-5.70079 -2.80911 28.7647 -0.21322 -0.889616 -0.403882 200 175 179
5.20665 -2.73651 28.5034 0.162031 -0.947581 -0.275384 252 244 254
4.55413 -2.72603 28.7739 -0.289134 0.105231 0.951487 162 155 163
5.24351 -2.23933 29.0338 0.848665 -0.508189 0.14667 233 217 228
5.02195 -1.11806 30.1507 0.0497749 -0.784716 -0.617854 232 213 219
3.24193 -2.41308 28.7863 -0.0596793 -0.992724 0.104583 232 228 253
-0.961713 -3.16327 28.5266 -0 -0 -1 87 86 82
6.7505 0.712635 29.9132 0.0470911 0.677586 0.733934 141 135 123
4.82153 -2.14009 29.6707 -0.624896 0.709064 0.326699 161 142 144
5.40615 1.0352 29.0912 -0.0461157 -0.988051 -0.147066 136 120 111
2.84384 -2.07312 28.3387 0 0 1 188 175 180
3.59249 -1.82522 29.0504 -0.72593 -0.66246 -0.184857 191 175 185
3.49184 0.988654 29.7229 -0.104069 0.781756 -0.614839 165 156 139
-1.45415 1.01736 29.7946 0.230483 -0.910133 -0.34429 105 95 78
-3.45573 1.19546 28.4108 -0 -0 -1 192 165 149
3.61784 -1.68704 29.6348 -0.585951 0.215561 0.781149 147 125 127
-0.45719 0.884552 29.7158 0.287027 -0.328086 -0.899986 108 85 77
-3.59491 -3.82483 28.204 -0.99883 0.0331494 0.0351995 123 110 119
4.29643 -1.926 29.2871 -0.00672355 -0.736533 0.676368 87 72 75
-5.8423 0.94171 29.7548 0.867838 -0.0928975 0.488084 141 145 131
5.86274 -1.85353 28.8882 0 0 1 151 135 139
-4.53058 0.387747 30.2013 -0.46547 -0.295791 0.834173 147 134 127
3.02689 0.892319 29.5585 0.426166 -0.184472 -0.885637 100 86 83
4.71124 1.31339 28.1237 -0.0783555 -0.993357 0.0842718 218 184 167
4.96374 -1.55531 30.3704 -0 -0 -1 193 178 183
-3.27958 -1.34919 30.0473 -0.161133 0.794446 -0.58557 188 177 191
5.16152 -1.54675 29.8453 -0.455174 -0.842275 0.288772 181 166 171
-6.96533 -0.0418264 29.8465 -0.175857 -0.324026 0.92956 80 78 79
8.09198 -0.556205 29.5674 0 0 1 247 230 198
-3.04178 -0.588346 30.4183 -0.429699 -0.716374 0.549697 136 123 138
3.83009 -0.963705 29.4221 -0.727865 0.436119 0.529162 158 139 150
-2.75089 -1.03466 30.1588 -0.484909 -0.765385 -0.423141 105 89 100
1.22461 -1.05714 30.0997 -0.734374 0.230013 0.638583 101 92 93
1.13201 1.33553 28.3511 -0.157105 -0.980379 -0.119057 227 197 186
2.33577 -2.88702 29.0381 0 0 1 241 221 232
-3.26846 -0.34478 30.5147 -0.570403 0.519984 -0.635812 212 187 193
2.59753 -1.06551 30.2352 -0.529537 -0.139359 0.836761 106 94 98
3.07778 3.24482 18.5931 -0.553318 -0.704791 0.44397 187 181 145
-2.74247 -0.468563 30.3091 0 0 1 86 80 90
-0.0377974 1.15049 29.262 -0.110822 -0.928881 -0.35341 126 97 83
1.56525 -0.179831 30.2015 -0.678509 0.195529 -0.708092 195 178 184
-2.65723 -1.24915 29.1447 -0 -0 -1 113 98 100
2.01903 3.12492 19.5992 -0.0730239 -0.995026 -0.0677527 255 234 235
1.94702 -0.144221 29.6928 -0.139751 -0.398894 0.906285 205 188 204
2.17073 0.0576247 29.9159 -0.496196 -0.789538 0.361136 255 245 253
5.08014 -2.36821 29.1372 0 0 1 185 169 172
2.21387 0.134873 30.0361 -0.667863 -0.737048 0.103534 144 128 138
2.73753 -0.195116 29.8497 0.440136 -0.889387 0.123579 238 224 213
-4.08791 -0.755963 29.8956 -0.336714 0.901989 0.270257 205 176 180
3.17353 0.12514 30.13 0.503863 -0.861964 -0.0560455 173 171 152
5.13498 -2.34497 29.508 0.0425894 -0.596476 0.8015 151 127 132
3.39814 0.109573 30.3872 -0.50452 -0.170543 0.846389 160 147 141
-6.56359 0.726293 30.0166 0.265521 0.605589 0.750174 137 142 120
3.02592 1.0066 29.5913 0.513823 0.0706253 -0.854984 88 79 64
-4.37513 0.250714 30.356 0.881951 -0.292857 0.369321 137 122 119
-1.98807 0.572925 30.1321 0.168429 0.442451 0.880834 174 154 149
1.02926 -0.602284 30.3344 0.51392 0.822975 -0.24207 96 78 83
-4.0933 0.242793 30.287 -0.739737 -0.512992 0.435463 130 113 120
-3.41673 0.194581 30.2368 -0.0215847 -0.907075 0.420415 228 208 207
-6.88837 -0.259012 30.3203 -0.0944169 0.850884 0.516799 94 83 75
-1.38968 -0.937355 30.9439 -0 -0 -1 166 150 161
-6.21232 1.33316 28.5528 0.115799 -0.991957 0.0511129 226 209 186
6.57633 0.133529 30.2475 0.626598 0.252556 0.737286 175 165 138
2.20668 -2.22893 28.2485 0 0 1 239 238 252
-4.32026 0.936799 29.6816 -0.00689235 -0.891485 -0.452997 169 159 150
-4.14097 -1.00236 28.4882 -0 -0 -1 208 183 187
7.22633 -1.71527 29.5754 0 0 1 227 197 197
-2.37579 0.466273 30.4449 0.185726 0.746671 0.63874 141 132 123
2.34815 0.262787 30.4567 -0.460576 -0.690534 -0.557702 121 112 104
-0.434786 -0.37138 30.6001 0 0 1 169 150 156
-1.84392 0.216992 29.8415 -0.923296 0.0371595 -0.382286 249 239 247
5.54186 3.15396 19.2292 -0.019491 -0.835061 -0.549812 251 238 215
-0.229494 0.94739 29.753 0.0421312 -0.885688 -0.462366 199 189 177
0.896352 0.341273 30.5256 -0.689554 -0.595383 -0.412352 164 160 148
0.579935 0.371572 30.3858 -0.299399 -0.61232 -0.731727 249 248 245
-3.02665 0.290129 30.1701 0.160317 -0.762161 -0.627224 194 179 182
5.0391 -3.9293 28.1548 0 0 1 163 145 150
4.66025 -0.883593 30.9461 0 0 1 224 202 215
-5.13615 1.01757 29.6994 -0.415683 -0.841171 0.345889 129 133 110
0.780145 0.293484 30.505 0.320167 -0.918189 -0.233286 254 251 244
4.30379 1.09352 28.9611 0.91297 0.00970859 0.40791 208 202 188
-2.81668 0.585271 30.1029 0.134259 0.0326572 -0.990408 133 115 107
3.53678 -3.41559 28.9971 -0.878373 0.477825 -0.0120077 188 174 202
6.33869 0.808686 29.7621 -0.0111799 0.713906 0.700153 158 150 140
1.18971 0.462595 30.1591 0.328104 -0.850759 -0.410556 108 92 84
2.65661 0.685553 29.7328 -0.626535 -0.211417 -0.750171 79 83 66
1.21301 0.517441 30.0857 0.117096 -0.787115 -0.60559 215 197 197
2.03414 0.187359 29.9478 -0.122512 -0.859273 0.496629 248 239 244
-4.9871 0.961527 29.7032 -0.527566 -0.584313 0.616647 92 89 73
3.73538 1.21989 28.9145 0.0274682 -0.955015 -0.295282 165 126 119
-1.65683 3.1733 19.3157 -0.506824 0.829191 -0.235736 226 218 197
-0.950112 1.27694 28.6499 -0.0727239 -0.92274 -0.3785 144 119 115
1.68887 -1.7859 29.3396 0.0899298 0.921813 0.37706 154 141 151
1.68327 -1.21465 29.5037 -0.587247 0.354622 0.727588 104 84 85
-4.63517 0.770262 30.2369 0.0408194 -0.81519 0.577753 120 112 99
2.04449 0.441984 30.2272 -0.26474 -0.894229 -0.360925 90 98 77
2.85262 -1.06984 30.2289 -0.513504 0.771298 0.37605 110 103 110
-3.3907 -3.58396 28.7515 0.205412 -0.96985 0.131134 172 170 173
-7.0453 -0.128011 30.1709 -0.708525 0.572468 0.412641 118 109 112
-5.39287 0.578584 30.1562 0.202514 -0.273082 0.940433 137 129 126
2.41603 0.349652 30.3582 -0.0342021 -0.953628 -0.299038 148 147 126
5.12058 -3.26267 29.593 0.886964 0.361765 0.287088 0 0 0
-0.990992 -1.19615 28.6336 -0.567642 0.664609 -0.485878 137 118 120
-2.35259 0.745314 30.0707 0.0237576 -0.4586 0.888325 136 132 120
4.09422 -2.14545 28.9696 -0.403391 -0.311547 0.860357 255 250 255
0.523145 -1.25829 28.6439 -0.667439 -0.107041 -0.736931 116 98 110
-1.64754 0.305912 30.476 0.578209 0.181123 -0.79553 207 188 197
2.63002 0.407357 30.2592 -0.129194 -0.85169 -0.507872 116 113 101
3.35163 0.484694 30.035 -0.281866 -0.654135 -0.701896 214 217 206
-4.15763 0.547528 30.091 -0.248343 -0.227233 0.941643 202 189 183
5.46223 0.371628 29.9201 -0.108604 0.722634 0.682646 197 184 168
3.28044 -3.95158 28.3902 -0.804501 -0.566119 0.179686 178 169 177
-0.304634 -0.773235 30.2631 -0.721867 0.0664983 0.688829 198 174 177
2.28121 -1.56586 28.8553 0 0 1 215 205 214
8.45851 0.336082 30.7096 -0.840924 0.422501 0.33814 139 124 112
-2.4376 0.292327 30.3385 -0.494732 0.868441 0.0324286 169 155 155
4.08577 0.3264 30.4721 -0.402929 -0.897706 0.178246 101 105 86
6.68106 0.174831 30.0603 -0.296708 -0.57213 0.764612 163 156 128
1.95114 0.816354 29.9376 0.0855767 -0.907786 -0.410612 106 103 89
0.013501 -1.04186 28.7016 -0 -0 -1 134 112 115
5.32271 -2.5317 28.702 0.520119 -0.0497342 0.852645 146 143 148
-3.74482 0.647436 30.0601 0.669411 -0.687653 -0.28111 96 88 77
-2.10816 0.674082 30.1191 -0.18925 0.632351 0.75121 184 179 160
3.284 -3.90742 27.7667 0 0 1 204 181 194
-7.51264 -1.80363 31.7917 0.110016 0.991097 -0.0749908 121 131 106
-2.10872 1.33716 28.3149 -0.24188 -0.855675 -0.457509 228 200 188
-3.28569 0.539512 30.5135 -0 -0 -1 140 126 117
3.19873 -2.0402 29.3969 0 0 1 179 160 159
7.60261 0.599707 29.3765 0.00223483 0.938385 0.345586 71 83 65
5.12302 -2.56289 29.2979 -0.587062 -0.505779 0.632096 183 167 170
2.83834 -3.23825 29.1017 0.026515 -0.921758 -0.386857 121 120 128
-3.29526 0.828288 29.702 0.0793438 -0.732026 -0.676641 124 116 105
-3.95748 0.978066 29.7332 0.128667 -0.639296 0.758119 141 130 112
0.498629 1.4905 27.4365 -0 -0 -1 222 105 111
7.01221 0.994225 29.5327 0 0 1 154 143 123
-2.73656 -0.956075 30.1585 0.267891 0.609573 -0.746093 105 94 100
-6.94386 0.522856 30.0996 -0.0744629 -0.629627 0.773321 111 111 99
-1.79473 1.1585 29.1865 -0 -0 -1 142 123 106
-5.98904 0.415628 29.867 -0.918907 0.343143 0.194582 108 105 90
2.01161 0.775418 29.8831 -0.624907 -0.742966 -0.239775 147 146 128
-1.56303 0.630214 30.2135 0.00279635 0.506523 0.862222 134 120 110
-1.39609 -1.02239 30.217 -0.142371 0.879959 -0.453213 94 81 90
-3.31747 -3.27416 28.8373 0.0577688 -0.58191 -0.811199 77 77 77
-0.278701 0.669081 29.9071 -0.764877 -0.633108 -0.118902 97 88 70
-3.37731 3.16223 19.4532 -0.0526778 0.984386 0.167955 168 145 139
0.87461 -1.07674 30.0877 0.6264 0.779483 -0.00545381 178 172 174
-0.375842 0.850197 29.7363 0.307899 -0.717471 -0.624846 159 145 132
0.1091 0.793334 29.9722 -0.173876 -0.928107 -0.329217 119 107 85
6.69255 1.0061 29.7284 -0.250083 -0.938969 0.236211 126 108 95
2.04709 0.235176 30.1358 -0.957081 -0.220821 0.187706 83 86 73
-1.6584 1.3593 28.0442 -0.0334218 -0.902708 -0.428953 231 186 180
0.33825 0.55927 29.9663 0.0943811 -0.738209 -0.667937 137 122 115
-5.16811 1.11316 29.4953 -0.0111672 -0.999273 -0.0364568 150 151 119
0.345155 0.748767 30.1381 0.386831 0.588926 -0.709597 141 123 109
4.43025 -1.91715 28.9804 -0 -0 -1 189 174 180
1.0883 0.565145 30.046 -0.383453 -0.858256 -0.341116 95 89 75
2.38776 -0.680507 29.7939 0 0 1 234 214 223
3.45437 0.953892 29.7227 -0.15683 0.85909 -0.487204 103 94 79
0.24386 0.16423 30.5335 -0.258291 -0.862446 0.435286 233 204 209
1.50147 0.618478 30.0741 -0.0126927 -0.477881 -0.878333 98 103 80
4.89995 0.990343 29.7444 0.366495 0.885393 0.285938 107 88 77
-3.50171 -1.9912 28.0125 -0 -0 -1 172 159 177
2.73742 0.294979 30.531 -0.213002 -0.398676 -0.892013 155 147 137
4.25196 0.800788 29.6944 -0.209138 -0.961372 -0.178953 107 101 85
3.48782 -3.22747 28.6478 -0.854693 0.510467 0.0944577 118 111 113
-7.72036 0.358298 29.8729 0.884124 0.239127 0.401426 79 80 75
-7.81912 -0.889285 31.1931 -0.0351784 0.197034 0.979765 76 92 65
4.81947 0.765411 29.9178 -0.344581 0.339991 0.875026 162 150 136
4.97438 0.678062 30.1068 0.250874 -0.947188 -0.199741 160 149 141
-7.56933 -2.79313 33.3732 0 0 1 131 141 104
-5.66611 0.916977 29.9761 -0.425204 -0.844405 -0.325855 112 113 99
-3.99178 0.884671 29.7287 0.136357 -0.646325 0.75078 178 160 149
-1.39873 -1.28663 28.976 -0.128351 0.962554 -0.238779 120 101 103
-0.692962 0.802831 29.955 0.0332753 -0.951244 -0.306638 160 130 128
-3.25635 -1.78782 28.8514 -0 -0 -1 181 168 174
2.46722 -0.268086 30.2747 0.183564 -0.372067 0.909874 159 137 140
-3.59564 0.907256 29.5755 -0.0655218 -0.992339 0.104738 130 113 105
-4.03038 1.0492 29.9721 -0.519172 -0.745349 -0.418228 138 132 106
-1.54702 0.919446 29.6726 -0.119362 0.772624 -0.623542 152 133 123
-1.01309 1.08725 29.7125 0.24008 -0.970753 0.000869916 243 216 211
-0.234084 1.02385 29.4498 -0.778123 -0.625949 -0.0520862 205 178 172
1.69798 -0.138719 29.7153 -0.816622 -0.296462 0.495216 202 181 196
0.183575 0.992781 29.622 -0.0230437 -0.64965 -0.759884 122 98 83
4.23317 -0.87393 29.3526 -0.942905 0.286728 0.169462 249 219 231
-4.29902 0.407387 30.2613 -0.0550101 0.558546 0.827647 166 156 154
0.405912 0.908687 29.6708 -0.0732115 -0.547318 -0.833717 169 145 134
-0.709826 1.27856 28.5965 -0.0926298 -0.965907 -0.24175 146 115 112
-0.469568 0.572 30.0613 -0.108649 -0.635047 -0.764795 160 142 130
-2.48181 -1.78161 29.1937 -0.1668 -0.260428 -0.950976 169 158 164
5.57818 1.08909 29.1112 0.118377 -0.991574 -0.0526155 198 184 168
1.10794 0.582777 29.9749 0.180937 0.202434 -0.962436 174 177 160
-7.44242 -0.755944 31.4532 0 0 1 68 78 61
4.06336 -0.442179 30.3069 0 0 1 231 204 209
2.34925 0.901638 29.8723 0.208933 0.809788 -0.548261 134 124 122
5.16168 0.975265 29.8755 0.35836 -0.933417 0.017646 130 122 111
3.7449 -2.05504 29.032 -0.909893 -0.372084 -0.183435 128 120 130
5.98424 0.356464 30.1191 0.395927 0.802886 0.445663 140 122 108
-2.37502 -2.50192 29.1648 0.966567 -0.18221 0.180408 184 162 165
5.40414 -1.77057 29.1642 0 0 1 149 131 135
3.68823 -0.261332 30.3096 -0.856128 0.078485 0.51077 243 217 220
-0.0183138 0.946975 29.9372 0.234517 -0.464826 -0.853779 184 150 140
0.416108 1.31915 28.0894 0.0915252 -0.995793 0.00442994 237 209 198
-0.727138 -1.23207 28.6428 0.426948 0.89328 0.14059 89 76 88
0.640953 1.2676 28.3796 -0.271001 -0.962271 -0.0243451 154 122 113
6.7973 0.237532 30.141 -0.55763 -0.380096 0.737954 131 129 109
0.711936 1.24664 28.4061 -0.140668 -0.933263 0.330504 180 188 171
-2.88118 0.552036 30.1455 0.172884 -0.112353 -0.978513 179 164 157
2.70435 -0.171927 29.901 0.577208 -0.814665 0.0561459 234 219 212
3.4834 0.168315 30.4415 -0.24312 -0.207065 0.947637 208 195 187
0.11227 0.985341 29.571 -0.368876 -0.477762 -0.797292 138 111 99
-3.62807 -0.986335 28.348 -0 -0 -1 202 181 186
5.74691 -2.23801 29.1278 0.415812 0.464477 0.781896 201 184 186
2.10668 1.34491 28.2828 0.0390667 -0.965064 -0.259084 130 111 100
-1.88751 -0.325854 29.7739 0.315434 -0.193049 -0.929104 241 227 240
4.18435 -1.01807 29.6095 -0.473386 0.119564 0.872703 254 240 251
1.7351 0.654779 29.9817 -0.0455166 -0.484225 -0.873759 133 148 119
7.08745 0.417641 30.0695 0.724472 0.639383 -0.257545 217 210 223
-4.46742 -1.45671 28.582 0.0322711 -0.972169 -0.232048 176 159 167
-0.695811 0.799923 29.887 0.153852 -0.922043 -0.355198 161 137 133
3.27728 -0.515351 30.4302 0.0736164 0.978598 -0.192161 189 178 184
2.51113 0.0961846 30.1446 0.126958 -0.887992 0.441985 103 99 87
-7.58938 -0.0871156 29.8536 -0.588449 0.67835 0.439964 104 87 80
-7.75086 -2.23472 31.7453 -0.265663 0.315608 -0.910942 96 106 98
2.68772 0.301693 30.3699 -0.0392493 -0.956183 -0.290128 122 122 110
-7.32311 0.349646 30.003 -0.377573 -0.389218 0.840207 160 159 157
-2.54077 0.633535 30.2801 0.831418 -0.00793225 0.555591 96 86 85
-3.06646 0.513646 30.3487 0.0300943 -0.973171 -0.228108 139 125 114
1.0816 0.455988 30.042 -0.163506 -0.898157 -0.408142 106 93 85
1.67964 0.186453 29.902 -0.934111 -0.0987567 0.343051 230 218 220
4.75266 0.420318 30.1832 0.755849 -0.606147 -0.247543 155 146 137
1.93698 0.663318 30.0552 0.416201 -0.252025 -0.873648 133 144 121
-7.71099 -0.752938 31.2428 -0.622255 0.48625 0.613482 132 139 121
-4.548 0.560587 30.358 0.90842 -0.351095 0.226947 203 189 186
-6.84112 0.92548 29.6953 -0.353951 0.893399 0.27669 107 112 90
5.53801 -2.36689 28.2592 0 0 1 252 242 246
5.433 3.16436 19.4777 -0.0302307 -0.999187 -0.0266829 254 248 229
-0.593907 0.735829 30.2335 0.535112 -0.697799 0.476164 208 185 179
-0.850287 0.821251 29.7968 0.560771 0.429459 -0.707885 168 139 141
-1.00126 1.25127 28.6599 -0.00103062 -0.92735 -0.374194 230 200 189
4.25223 1.03575 28.8386 0.935054 0.115993 0.334993 203 211 187
-2.29715 -3.82733 27.7056 0.893618 -0.39323 0.216372 118 110 121
1.58417 0.617364 30.0516 -0.0922872 -0.870534 -0.483377 75 84 62
-3.72874 3.27275 19.306 -0.410892 0.710477 0.571306 168 146 117
4.09663 -2.77518 28.6942 0 0 1 235 209 208
4.06079 0.792028 29.5694 -0.701435 -0.484038 -0.52316 106 106 82
-3.50659 1.13113 29.6262 -0 -0 -1 182 160 139
3.76028 -2.04132 28.9622 -0.63873 -0.746574 0.186147 130 120 128
-4.32405 -2.82393 28.7838 -0 -0 -1 193 170 178
2.42052 -3.91328 28.5596 -0.515227 -0.53914 0.666236 149 129 131
-5.38454 -1.51 29.0392 0.776396 -0.614048 0.141968 237 221 231
-0.187693 0.955963 29.6623 -0.418648 -0.876383 -0.23809 100 90 78
-5.96445 -0.798926 29.9521 0 0 1 202 183 184
-1.41669 -1.34529 28.9282 -0.128351 0.962554 -0.238779 224 207 215
2.01755 0.899555 29.7015 0.643679 -0.524419 -0.55737 144 127 121
6.47346 1.01518 29.5673 -0.214468 -0.0818415 0.973296 172 160 145
-6.76839 0.509511 30.1076 -0.12497 -0.458218 0.88001 80 73 65
4.55326 -2.48405 28.988 -0.0844027 0.340138 0.93658 255 247 255
0.575886 1.34297 27.9977 0.0665927 -0.997747 0.00812607 237 193 187
2.5881 1.19831 29.0085 0.858548 -0.332125 -0.390626 205 167 156
4.79046 1.26138 28.4334 0.0907596 -0.982312 -0.163786 157 134 120
-1.34793 -0.459007 30.2735 -0.669005 -0.586756 -0.456234 161 150 164
4.02452 -4.27139 28.2384 -0.356231 -0.928023 0.108962 101 78 78
4.71994 -3.88208 28.5866 -0.523546 -0.757644 0.389712 162 150 154
5.19083 -2.71837 29.2365 -0.891479 0.0956966 -0.442839 106 95 110
7.84645 -1.78874 29.5105 -0.44122 0.484027 0.755673 142 118 121
-7.77719 -2.55942 32.6353 0.68075 0.705782 -0.19609 84 91 72
7.60971 -1.83215 28.7024 0 0 1 225 213 220
7.27752 0.883421 29.5919 -0.351586 0.884301 -0.307245 86 87 71
-5.14358 -0.991669 29.903 0.824158 -0.554177 0.116841 186 165 164
-6.67155 0.305735 30.0212 -0.727734 -0.244149 0.640932 122 116 110
-5.81141 -0.84012 30.097 0.716295 0.371741 -0.590534 198 173 176
-4.87682 0.599718 30.1204 -0.0967483 -0.985309 -0.140737 147 128 122
3.65327 -3.91426 29.05 0 0 1 200 173 169
3.92502 -0.694403 29.8086 0.581523 0.747949 -0.320006 136 105 110
-5.73019 0.081341 30.1839 0.291085 -0.74169 0.604288 239 211 223
-2.2034 0.221458 29.8739 -0.359473 0.738073 -0.570988 227 215 216
-7.38019 0.531197 30.1137 -0.379502 -0.1648 0.910395 106 114 97
2.09806 -2.52446 29.0463 -0.140843 0.479867 0.865963 232 212 219
-3.1777 0.748199 30.1454 -0.306988 -0.135497 -0.942019 109 99 87
-2.63593 -3.6147 28.5698 0 0 1 136 136 134
0.297672 -1.81973 28.4015 0.0292648 0.997476 -0.0646985 175 154 159
-2.83528 0.633388 30.1121 0.175385 -0.0823448 -0.98105 182 165 158
-2.27176 0.591487 30.0391 -0.037578 0.359282 0.932472 170 146 142
4.51653 -1.34378 29.9303 -0.901352 0.187869 0.390217 212 197 200
-2.03692 0.852452 29.6992 0.152124 0.966764 0.205487 133 131 113
-1.51659 -2.03041 29.3622 -0 -0 -1 156 134 137
3.55154 -4.0427 28.3962 -0.941942 -0.300075 0.150665 159 134 129
0.31201 3.15784 19.458 0.0301172 -0.98638 -0.161704 252 237 223
-4.14741 -0.979769 29.2891 -0 -0 -1 123 97 109
-1.89365 0.508727 29.8848 -0 -0 -1 201 184 176
-5.58682 0.579003 30.285 0.0757859 0.811849 0.578928 113 111 96
-7.21358 -0.810974 32.182 0.487455 0.629317 0.605267 118 127 110
-4.13355 -1.89906 28.3325 0.900527 -0.294866 0.319538 232 208 221
5.24242 0.797303 29.7321 0.500747 0.106074 -0.85907 166 153 148
-1.22083 -2.27074 28.9977 -0.00694003 -0.0407011 -0.999147 248 231 242
-0.485746 1.14133 29.2147 0.361444 -0.902343 -0.234808 171 135 163
-5.63441 0.997633 29.7381 -0.536024 -0.637053 0.553933 105 111 88
2.33674 -1.3608 29.357 0.364259 0.901756 -0.232705 178 161 166
-4.94548 0.857217 29.8568 0.411317 -0.824885 -0.387792 135 123 111
0.683498 0.882556 29.7353 0.117745 -0.863937 -0.489641 91 80 71
-1.55336 1.35828 28.0769 -0.00877633 -0.999917 0.00944338 230 185 175
-1.33828 1.35745 28.09 -0.00418513 -0.992611 -0.121265 235 187 187
0.76627 -0.503798 30.4971 -0.193806 0.97984 -0.0485086 108 89 95
2.55074 -0.328576 30.1781 -0.184309 -0.726383 0.662117 233 208 212
4.28648 -3.29834 28.3773 0 0 1 245 228 239
-6.07188 0.690921 29.9049 -0.519117 -0.785122 -0.337788 89 95 74
-2.31997 -2.24046 28.9049 -0 -0 -1 191 173 185
4.98853 0.70515 29.9878 -0.241864 -0.806238 -0.53989 109 99 89
0.153167 -1.00387 28.926 -0.552493 -0.372302 -0.74575 152 130 133
-5.68424 -1.50054 29.1352 0.914097 -0.272933 0.299889 253 239 239
-3.64532 -1.86145 28.4385 0.729911 -0.668114 -0.144407 241 222 241
4.17681 0.673444 29.8728 0.238954 -0.800792 -0.549212 136 148 112
-2.79665 -0.465187 30.4416 0.315628 -0.787622 0.529179 164 158 170
1.86037 1.00143 27.8569 0.339812 -0.790129 -0.510121 122 110 114
3.51634 -0.540366 30.5296 0.0788605 0.574072 0.814999 190 176 178
-2.80279 -1.06852 29.9351 -0.269452 0.926086 -0.264121 170 153 161
3.31443 3.23527 19.5782 0.0772022 -0.940208 0.331736 163 157 131
-1.50911 0.914011 29.7696 0.600903 -0.360699 -0.71331 135 125 113
-1.80782 0.0760216 29.7493 -0.723976 0.23815 -0.647413 252 229 248
-6.0422 1.35966 28.4924 -0.0724459 -0.975441 -0.208006 210 180 169
2.61484 0.466543 30.2572 -0.503071 -0.683295 -0.529176 87 77 67
-1.69857 -3.2168 28.5728 -0 -0 -1 125 108 124
1.88271 -2.79709 29.2717 0 0 1 202 186 197
-4.88732 3.18805 19.2299 -0.0823906 -0.977767 0.192829 166 154 128
-0.0201658 0.934961 29.7986 -0.78862 -0.424799 -0.444548 186 153 134
-0.0116002 1.09609 29.6585 0.174374 -0.934727 0.309644 136 113 98
-2.45787 1.31593 28.4919 -0.0272048 -0.947412 -0.318857 223 191 180
3.30553 1.29832 28.4072 0.218131 -0.931181 -0.292096 210 176 164
3.65082 -2.03194 29.1834 -0.931285 -0.288579 -0.222331 153 134 146
3.90632 -0.9773 29.5331 -0.476855 0.63614 0.606576 237 222 229
0.525311 -1.66522 29.3589 -0 -0 -1 87 74 76
6.64638 0.138938 30.1095 0.159444 -0.960289 0.228961 213 201 177
-6.63101 -1.95822 31.2449 0.436235 0.761498 0.479396 224 216 216
0.464881 -0.196745 29.8239 -0 -0 -1 225 200 203
-2.64476 0.451213 30.1476 0.12079 -0.00143811 -0.992677 149 135 134
5.55514 -1.55119 30.0548 -0.108925 -0.97326 0.202238 156 148 146
3.51816 -2.59762 29.074 -0.719019 -0.602824 0.345854 240 215 219
1.75103 0.260789 30.3933 0.406303 -0.908755 -0.0952972 87 83 75
-4.85022 -1.284 28.7602 -0.0959769 -0.991118 0.0920529 211 188 192
2.41459 -0.279191 30.29 0.6893 -0.0923728 0.718563 165 139 143
-7.42127 -0.860358 31.7394 -0.635201 0.578471 0.511753 129 130 122
3.2547 -3.27827 29.2365 -0.921568 -0.0449513 0.385607 154 147 154
-5.8302 -1.7757 29.4512 0.826942 0.00719396 0.562241 232 220 230
-7.32631 -2.11023 32.2946 0.604103 0.796492 0.0256753 104 112 92
-3.34986 0.235955 30.2843 -0.0920735 -0.792466 0.602927 151 139 139
2.88856 0.0717117 30.2159 0.551005 -0.745258 0.375478 104 95 86
6.05403 0.834278 29.6538 0.575661 0.266001 0.773213 85 78 70
4.77032 -3.41332 28.6946 -0.992788 0.0982026 0.0687624 222 211 225
2.16929 0.943155 29.767 0.211885 0.282108 -0.935692 153 142 136
4.11193 -2.64604 28.9634 0.238081 -0.393101 0.888138 144 116 121
5.55478 -2.1605 28.8292 0.118602 0.393647 0.911579 252 240 240
-6.83464 0.0688769 30.0876 0.697705 0.712816 0.0714222 130 120 127
0.207369 1.07267 29.4718 0.0681028 -0.858193 -0.508789 179 152 134
-5.02691 -1.02656 29.54 0.829231 -0.482771 0.281618 154 129 133
3.66874 0.253025 30.4961 -0.841912 0.182752 0.507726 138 131 113
2.7759 -3.88161 27.7079 0 0 1 160 154 157
-7.27286 0.35262 30.1247 -0.164346 -0.20209 0.965479 76 80 67
6.16403 1.31064 28.1198 -0.149839 -0.980813 0.124712 179 149 139
-4.61829 -1.49763 28.929 -0.175775 -0.179009 0.968018 240 221 228
3.62968 0.0657821 30.2352 -0.963254 -0.0894046 0.253275 206 182 181
0.852026 0.377358 30.3458 -0.331292 -0.893574 -0.302938 115 104 100
6.17327 0.301165 30.1159 0.102502 -0.166933 0.980626 136 125 117
-1.12625 0.798052 29.9367 -0.296045 -0.859514 -0.416646 137 120 112
-1.52443 1.01897 29.622 0.34158 -0.458405 -0.82048 109 102 83
-2.20162 -0.045938 29.6903 0.0255875 -0.127443 -0.991516 169 156 168
-3.32113 -0.581157 30.4416 -0.447668 -0.0375385 -0.893412 177 162 185
0.00554054 -3.16663 28.1275 -0 -0 -1 233 215 239
-2.21304 -3.33635 27.6744 0.849385 -0.3189 0.420533 230 216 233
6.69233 0.427474 30.0277 0.75155 -0.627275 -0.204202 222 210 210
1.92924 -2.2007 28.8645 0.23069 -0.693826 0.682193 136 125 132
2.8143 3.1644 19.2325 -0.0832577 -0.996357 -0.0184471 255 254 243
3.99196 0.613151 29.3421 -0 -0 -1 109 117 94
-2.19235 -3.39309 27.5896 0.849385 -0.3189 0.420533 134 122 136
2.36035 -1.82822 29.2419 0.527456 -0.657126 0.538495 120 111 114
-5.75972 0.973555 29.6151 0.116122 -0.91942 0.375743 139 144 123
-0.681374 0.448439 30.6392 0 0 1 175 161 156
-4.67953 -1.47699 28.9092 -0.285541 -0.325236 0.901492 208 189 193
-6.74724 -1.69047 30.1249 0 0 1 81 81 79
-7.1718 -2.27158 32.5332 0.468562 -0.847476 -0.249467 94 103 81
5.2417 -3.38279 29.1582 0.654254 0.752232 0.0780891 211 212 227
-7.34292 -2.77564 33.3192 -0.0607484 0.746827 0.662237 103 114 83
-4.683 -1.47674 28.9329 -0.285541 -0.325236 0.901492 208 189 193
-4.03807 -1.03916 29.027 0.440283 -0.788026 -0.430309 131 108 120
3.60146 -2.97009 28.9615 0 0 1 240 214 212
-7.65153 -2.54835 32.419 -0.806514 0.543556 -0.232554 94 107 78
-7.74666 0.478322 30.0641 -0.466782 -0.881971 0.0651249 77 79 78
-7.41566 -2.15177 31.7213 -0.103377 -0.961047 0.256322 81 84 65
4.45415 -3.50349 28.9257 -0.57299 -0.00120939 0.819562 222 213 230
-2.00849 -0.105701 29.666 -0.260621 0.586814 -0.766633 207 193 208
4.67013 -3.26232 28.6661 -0.887129 -0.00372865 0.461506 126 115 131
-2.05259 -1.0025 29.4847 -0.154518 0.948855 0.275316 186 161 158
-0.809693 -1.21006 28.3373 0.0890284 0.880545 0.465525 141 122 124
2.33464 -1.10755 29.7227 -0.850097 0.495202 0.179193 221 197 203
3.5621 -2.65454 29.1796 -0.734208 -0.573679 0.363085 248 231 238
0.742151 0.52783 30.134 0.492492 -0.387234 -0.779424 213 188 191
5.24106 3.16417 19.3309 0.192319 -0.980577 -0.0384984 254 242 219
7.12581 0.339732 30.1855 0.896014 0.423183 0.134442 99 97 119
0.590612 0.984861 29.6769 0.175123 -0.962351 0.207876 104 92 83
0.579126 0.425185 30.4696 -0.500934 -0.549434 -0.668721 245 246 236
2.57327 -1.77778 29.0104 0 0 1 147 136 144
5.61981 -1.44519 29.7425 0.924633 -0.266552 0.272035 185 170 167
-5.36054 -1.45114 29.1626 0.777422 0.49539 -0.387561 241 225 228
1.72655 3.13908 19.4841 0.0285764 -0.997149 -0.0698405 245 243 241
1.93895 -2.63501 28.8018 -0.814622 -0.241201 0.527459 177 161 169
3.14849 -0.522346 30.122 0 0 1 100 88 100
3.65519 0.60649 29.9955 -0.0506013 -0.994609 -0.0905162 113 115 99
-4.26066 0.49279 30.0332 0.740822 0.514016 -0.4324 183 170 164
1.66667 -0.599986 30.046 0 0 1 223 206 214
3.11397 -3.74229 28.5322 0 0 1 80 73 80
-5.52226 0.938846 29.7325 -0.304947 -0.604753 0.735718 156 156 135
-0.591125 0.480671 30.202 -0.29121 -0.747452 -0.597087 162 140 134
-6.96029 0.362681 29.9976 -0.0837617 -0.510088 0.856034 206 196 194
3.92799 -2.33496 28.6368 0.133263 0.279184 0.950945 206 189 199
-0.297236 0.320291 30.4716 0.198831 -0.865209 0.460303 167 138 138
4.15227 0.282291 30.4839 -0.176233 -0.701725 0.690307 85 78 65
5.32599 -1.17205 30.1034 0.35856 0.717279 0.597449 215 197 206
-7.79297 -1.77342 31.8784 0.161478 0.00375313 0.986869 237 241 240
-0.716994 -3.17229 28.9625 -0.532095 0.517951 -0.669777 206 200 202
2.98885 -3.2569 29.0257 -0.0897997 -0.718293 -0.689921 189 189 197
-0.163881 0.48123 30.3236 0.226123 -0.95289 -0.202163 159 135 123
0.80953 0.363278 30.515 -0.224617 -0.80593 0.547744 107 111 105
-6.06887 0.428303 30.2863 -0.501231 -0.460246 -0.732762 105 111 90
-7.33883 -1.92226 32.1299 0.987498 -0.0240604 -0.155782 96 103 92
-3.54372 -0.908548 29.9367 0.848913 0.398931 -0.3467 198 173 177
-6.53661 -1.40573 28.9868 0.928535 0.0115429 0.371064 213 188 209
3.63382 -1.95878 29.4769 -0.930922 0.306445 0.198684 195 182 190
-5.10089 0.892999 29.7438 -0.509664 -0.840199 0.185224 134 131 116
-7.72742 -1.82692 31.9074 0.343387 -0.678957 0.648925 83 85 84
-4.87927 0.882817 29.6897 0.360892 -0.858401 0.364561 133 130 118
-7.72522 0.155434 29.8591 -0.551929 -0.705653 0.444329 220 210 209
1.89521 1.35216 27.9586 -0.632169 -0.774829 -0.00150392 235 196 189
1.86991 -2.69211 28.9986 -0.417833 0.780514 0.464987 249 239 248
2.2973 -2.59489 29.033 0 0 1 248 226 228
4.15493 1.3122 28.6124 0.109726 -0.977126 0.182168 237 197 189
3.57537 -3.15985 28.8816 -0.629772 0.752665 0.192046 112 101 99
-1.51828 0.715097 30.2029 -0.040741 0.727721 -0.684663 160 141 134
4.34267 -2.59449 29.1411 0 0 1 209 197 211
-2.10213 0.87302 29.7454 -0.236569 0.632875 0.737227 141 129 120
-1.38559 -2.31893 28.8846 -0.00578817 0.336475 -0.941674 254 244 252
-7.72144 -2.80374 32.9538 0.555046 0.708524 0.435796 79 89 64
0.952643 0.821086 29.3969 0.135577 -0.986229 -0.0947118 152 140 128
-7.7544 -2.46749 31.9594 -0 -0 -1 136 146 130
-0.562269 3.14966 19.3357 0.0377735 -0.989319 -0.140791 250 240 223
-4.19101 -1.26951 28.777 0.860349 -0.350266 0.370288 230 203 211
1.38008 1.30257 28.4336 -0.0311728 -0.996183 -0.0815355 190 182 169
3.80608 1.26819 28.587 0.0172574 -0.992625 -0.119994 151 112 107
-0.703386 0.892802 29.5828 0.737811 -0.264391 0.621073 115 91 87
0.164498 -0.758844 30.0774 0.156404 0.973755 0.165344 208 177 183
2.24318 0.702385 30.0582 0.328299 -0.101316 -0.939124 78 83 55
2.20737 0.723374 29.8579 0.576909 -0.77608 -0.254707 138 144 116
-1.71712 -1.15367 28.8954 0.872509 0.434192 -0.224064 253 226 235
1.43333 1.29487 28.4841 0.0691905 -0.974883 0.211696 181 145 138
6.64888 0.739725 29.6841 -0.752976 -0.590219 0.290978 118 112 97
5.24046 3.1813 19.1605 0.313931 -0.944423 -0.0975374 176 167 136
2.08066 0.20441 29.9088 -0.432316 -0.660102 0.614304 227 215 226
-2.40198 1.17683 29.0934 -0.445264 -0.895189 0.0194302 152 128 116
4.63673 -1.41637 30.2543 -0.587823 -0.45224 -0.670778 188 173 180
3.60662 -3.13517 28.734 -0.681697 0.713603 0.161432 231 209 211
3.28617 3.13273 19.6442 0.0149904 -0.76294 0.646295 254 242 248
3.54031 1.26912 28.617 0 0 1 166 130 116
2.29562 0.537916 30.1822 0.137813 -0.884536 -0.44565 100 92 81
3.96297 1.00344 29.6928 0.339226 -0.602668 -0.7223 172 163 146
-6.79359 -0.00386233 29.8965 -0.209865 0.195116 0.958064 93 85 82
2.32071 -2.24388 28.9125 -0.715995 -0.10741 0.689793 232 228 244
5.1664 1.27476 28.635 -0.0266368 -0.943523 -0.330235 144 132 115
5.35657 1.26037 28.6467 -0.128826 -0.827166 -0.546992 167 135 122
-4.9596 0.498566 30.2601 -0.194944 0.546921 0.814171 116 99 92
6.23744 1.09939 29.1048 -0.951974 -0.0922883 0.29194 135 127 109
-3.35166 -3.55342 28.6907 -0.255947 -0.757063 0.601121 76 76 78
3.52359 0.843364 29.619 -0.0415906 0.545629 -0.836994 163 153 143
0.39314 -1.63956 29.1563 0.306818 -0.427831 -0.85019 188 171 177
-3.40524 3.16369 19.5633 -0.0497824 0.985012 0.165147 243 223 218
4.69639 1.3013 28.455 -0.18795 -0.968225 -0.164968 219 189 177
1.40632 -1.03614 30.0105 -0.0697978 0.997514 -0.0097049 95 79 86
-1.52026 -2.4108 29.131 -0.532407 -0.833381 -0.148385 231 219 223
3.63393 -1.96115 28.9887 -0.726336 -0.590872 0.351151 140 125 128
2.78882 -2.47816 28.8583 0.662503 -0.353132 -0.660596 254 234 245
5.52362 -1.32446 29.1932 0 0 1 244 226 224
2.12218 0.183908 29.8661 -0.432316 -0.660102 0.614304 247 233 248
-4.20655 -0.919657 29.8545 -0.77834 0.623496 0.0737528 181 154 159
-0.336797 1.00421 29.2322 0 0 1 119 104 93
-3.47468 -1.04101 30.0378 0.592944 0.805157 -0.0117968 171 155 168
-6.60966 -2.02808 31.2365 0.436235 0.761498 0.479396 84 76 73
3.08692 0.398885 29.9058 -0.66261 -0.313276 -0.680299 124 130 118
2.84981 -3.91563 28.1517 0.141875 -0.976862 -0.160036 206 206 206
4.79513 0.724203 29.9557 -0.33922 0.285345 0.896386 136 130 108
2.3526 -2.23494 28.916 -0.820335 -0.114799 0.560243 205 186 199
3.28222 -0.515945 30.474 0.275379 0.961293 -0.0090178 189 180 186
-2.17408 0.254936 30.0814 -0 -0 -1 82 70 70
6.28611 0.148759 30.2872 0.960345 0.234599 0.150665 199 174 167
-1.64571 3.21182 19.3648 -0.506824 0.829191 -0.235736 175 172 134
-0.704873 1.24929 28.6889 -0.0944643 -0.994302 -0.0493879 255 237 242
3.11704 0.861661 29.651 0.142866 -0.24305 -0.959435 86 75 79
2.15717 0.438714 30.2753 0.254372 -0.765859 -0.590555 93 92 78
6.18015 0.105946 29.096 0 0 1 196 177 160
-3.141 0.857363 29.7141 -0.144944 -0.0506492 -0.988143 159 148 142
3.78743 1.15401 29.2236 -0 -0 -1 179 151 139
1.69284 -2.39482 29.2049 0 0 1 136 116 117
6.81425 0.895881 29.6545 -0.228014 -0.140148 0.963519 97 89 82
-2.11881 0.832728 29.836 -0.0482958 0.841302 0.538404 116 112 96
-4.27394 0.963263 29.871 0.410209 -0.725498 -0.552613 109 95 84
0.799787 0.730568 30.1023 0.256715 0.955283 -0.146739 118 123 100
-6.52016 1.09213 29.6187 -0.98215 0.097942 0.160587 105 109 85
-6.14394 1.29878 28.6283 0.115799 -0.991957 0.0511129 137 127 108
-1.04513 -1.22787 28.6654 0.887058 0.0511243 0.458818 128 112 112
-7.3322 -1.96595 32.0073 0.937309 0.0228915 -0.347747 110 118 104
1.39189 0.679801 29.8681 -0.528617 -0.657458 -0.536948 112 128 92
-1.90209 1.3158 28.5295 0.012292 -0.989226 -0.145882 210 184 169
6.39107 0.499931 30.0084 -0.94239 -0.0729053 -0.326475 95 87 84
5.13468 1.29513 28.4258 -0.0482482 -0.998802 -0.00815569 213 194 180
5.07488 -3.09724 29.4639 0.959713 0.254828 -0.118376 140 137 154
4.31918 -2.25628 29.1479 -0.0551596 -0.903183 0.425696 151 134 135
3.66653 -2.24631 29.5819 -0 -0 -1 206 184 187
4.3647 -3.44969 28.7599 -0.935099 -0.351738 0.0432568 239 224 229
-5.34746 -1.24306 28.5533 -0.837441 -0.264317 0.47836 215 190 186
1.77448 -2.99699 29.001 -0.752365 -0.460395 0.471152 222 195 200
-1.77815 -3.83176 27.6125 -0 -0 -1 240 226 250
-5.04968 -1.0226 29.6654 0.856866 -0.159311 0.490307 154 128 127
1.45966 0.255531 30.4566 -0.474051 -0.851675 -0.223441 202 178 178
-4.31607 0.547819 29.8293 0 0 1 224 209 204
-4.59388 0.360888 30.1457 -0.422815 0.193956 0.885217 149 140 133
-3.81624 0.458877 30.5319 0.24404 0.475435 -0.845225 120 110 108
-3.5223 -2.40821 29.1755 0.446209 0.890401 -0.0899128 217 192 195
-2.21247 0.957112 29.6989 0.149579 0.666254 0.73057 94 85 68
1.17706 0.789247 29.7313 -0.24174 -0.968265 0.0634411 118 117 98
4.67246 0.806753 29.4672 0 0 1 153 141 137
-4.96445 1.33447 28.642 -0.129534 -0.87898 -0.458928 216 183 174
2.03597 0.684609 30.2022 0.835812 -0.520065 -0.175929 80 92 62
-5.41986 1.04174 29.7989 -0.168805 -0.407168 0.897619 142 145 122
0.366118 0.250689 31.0219 -0 -0 -1 230 204 211
4.49499 3.14762 19.1828 0.00558836 -0.917926 -0.396713 254 238 214
-6.05072 -1.35763 28.4647 0.60035 -0.792571 -0.106817 207 192 196
-2.93101 1.37227 28.2045 0.032915 -0.992395 -0.118613 236 191 185
-3.52684 -2.75788 29.4582 -0 -0 -1 190 180 188
-3.52614 -1.13619 29.0282 -0.524074 -0.830224 -0.189932 138 122 123
-1.74477 -3.35418 27.8438 0.716001 -0.587575 0.37696 232 218 233
3.57654 -4.38752 27.6533 0 0 1 170 150 156
4.38657 -2.59155 28.831 0.29054 -0.281012 0.914669 160 145 161
-7.40231 0.455825 30.0423 -0.513001 -0.486756 0.707035 150 152 143
0.779394 -1.25458 28.6892 -0 -0 -1 86 69 75
-3.54779 -2.82917 29.8193 -0 -0 -1 166 157 168
2.51062 -2.66328 29.1144 0.690351 -0.0464718 0.721981 132 112 114
-4.93413 0.682583 30.1292 -0.25987 -0.726045 0.636652 202 186 175
-4.47415 0.313643 30.3804 -0.137023 -0.338782 0.930834 170 157 148
-3.53507 -2.44879 29.0229 0.655021 0.714842 -0.244842 194 178 178
-2.79304 0.531897 30.1927 0.612166 0.527039 -0.589477 189 176 168
1.11381 0.41116 30.2694 0.668929 -0.721762 0.177746 187 188 174
-2.61424 -0.286345 30.1692 0.342441 0.811187 0.474036 218 190 195
-1.02996 0.339869 30.4764 -0 -0 -1 171 149 159
-0.446039 0.527458 30.1615 0.0654763 -0.808791 -0.58444 216 198 188
5.18306 -3.30514 29.4535 0.969785 0.234827 -0.0661314 160 158 172
5.73903 0.355496 30.2473 -0.778769 -0.340096 0.527118 216 206 205
5.37758 -2.39179 28.7409 -0.052768 -0.795002 0.604307 154 144 157
3.10312 -2.14691 29.0052 0 0 1 252 236 243
-6.93712 -0.16095 30.9698 0 0 1 87 79 78
-2.74088 1.17032 29.2232 0 0 1 176 151 133
-1.40525 -1.0939 29.2295 -0 -0 -1 145 128 130
1.57922 -1.05115 30.1599 0.550837 -0.335231 0.764329 91 75 77
2.04491 1.07659 27.8634 0.339812 -0.790129 -0.510121 130 118 102
-6.93349 0.408182 29.9751 -0.0767405 -0.604568 0.792848 83 74 73
3.81865 -0.762524 29.3866 -0.653869 0.181671 0.734474 168 143 145
4.77899 -2.38184 28.7308 -0.84324 0.204131 0.497269 254 241 249
1.73652 0.222563 29.983 -0.898244 -0.133664 0.418679 113 106 100
2.35029 3.15307 19.5858 0.0498073 -0.982791 -0.177879 255 233 231
2.72407 -0.198854 30.0326 0.977062 -0.166438 -0.132849 226 214 204
1.9555 0.496529 30.0686 -0.0560972 -0.626417 -0.777467 144 138 126
-2.2602 -0.246071 29.6463 -0.696587 0.255141 -0.670574 171 153 165
2.98314 1.32566 28.0991 0.0119141 -0.997982 -0.0623676 186 143 134
5.44894 -2.08276 29.2248 -0.651814 -0.702779 0.285026 138 117 114
5.18132 0.982801 29.7724 -0.30207 -0.849601 0.432355 94 84 75
-3.36352 3.13284 19.6653 0.0139878 0.998018 0.0613593 254 213 219
2.78317 -2.46977 29.1443 -0 -0 -1 172 155 161
-4.11432 0.435869 30.4494 0.391544 -0.38535 0.835583 139 125 122
-1.57308 1.3301 28.2986 -0.0455282 -0.997517 0.0537365 181 148 141
-4.2069 0.258917 29.9806 0.417741 0.682578 0.599649 175 157 168
7.12804 0.273995 30.028 0.822112 0.518771 0.23454 152 145 175
0.764318 -1.43806 28.9586 -0 -0 -1 219 200 204
4.34352 0.644299 30.2938 -0 -0 -1 63 76 47
5.5614 -3.18774 28.5263 0 0 1 251 226 230
-1.21985 0.802328 30.0557 -0.767196 -0.298744 -0.567594 152 135 126
5.61173 -0.491474 30.5692 0.673266 0.315832 0.668553 130 105 108
3.1106 -3.89521 28.012 0 0 1 176 161 168
2.80513 -2.3613 29.4501 0.903282 0.106312 0.415667 145 134 143
-5.2821 0.736591 30.2356 -0.00755055 0.674775 0.737985 165 165 146
-1.95459 0.174278 29.9156 -0.871358 -0.41523 -0.261379 250 230 247
6.50953 0.0427148 30.2821 -0.363211 0.785097 0.501698 238 213 214
-0.951323 0.512921 30.2885 0.0386493 -0.867096 -0.49664 234 203 206
-1.0688 0.86391 29.6788 0.0911518 -0.689003 -0.719003 196 174 170
5.99767 1.30657 28.5311 0.0155809 -0.938944 -0.343716 228 199 183
-1.72061 -1.11184 28.9693 0.63831 0.767277 -0.062013 133 108 111
3.81384 0.901343 29.6766 0.338513 -0.454056 -0.824162 84 78 65
6.58916 0.739956 29.5072 -0.793496 -0.393993 0.463825 138 131 114
0.210536 -1.10775 28.5593 -0.605821 0.753454 0.255516 230 211 230
-1.99944 1.09753 29.5368 -0.162541 0.963425 -0.213057 142 133 110
-2.95946 3.14981 19.4212 -0.0166937 0.997366 0.070587 255 255 242
-2.86025 1.27926 28.6474 0.161322 -0.980693 -0.110526 145 120 110
0.960291 0.320278 30.2208 -0.0552703 -0.811675 0.581488 167 164 147
1.47081 -1.0131 30.4344 -0 -0 -1 144 127 135
-4.8687 0.735424 30.2576 -0.289982 -0.126408 0.948647 166 158 149
4.39314 0.257046 30.472 0.0646606 -0.977844 0.199097 129 120 112
-4.25441 -0.530938 29.9485 -0 -0 -1 225 200 206
0.830629 -3.33118 29.5604 0 0 1 109 109 111
-0.715034 -0.480718 30.4611 -0.995263 -0.0965862 0.0110312 155 142 159
2.22535 1.34475 29.2212 -0 -0 -1 169 163 149
-3.20591 -1.38385 29.9792 -0.0130821 0.922325 -0.386193 91 81 92
-5.11151 0.317974 30.2715 -0.713154 0.675014 -0.189124 186 177 178
5.58141 -1.05369 30.2869 0.833728 0.547691 0.0702356 155 136 140
-2.80118 -1.10521 30.2955 -0.924537 0.344823 -0.162259 185 169 179
1.3115 -1.04141 30.1507 -0.309462 0.923733 -0.225723 88 73 80
0.422957 -0.60591 30.1107 -0 -0 -1 214 191 201
-2.09962 1.35805 28.0792 0.0507374 -0.986858 0.153416 231 193 182
6.36261 0.199106 30.1632 0.439003 -0.589376 0.678168 204 182 150
-7.17001 0.461428 30.0999 0.473351 -0.859624 0.192318 100 97 86
5.56382 -4.08562 28.5056 0.64037 -0.327893 0.69456 177 156 160
-6.56979 0.529984 30.1134 0.291828 -0.106735 0.950497 127 132 108
-0.294951 1.02112 29.5914 -0.497049 -0.867702 -0.00600991 191 174 165
-0.340062 0.600138 29.8989 0.511575 -0.24814 -0.822628 173 163 149
1.24375 -1.04056 30.1784 -0.74476 0.64573 0.168422 97 82 89
4.30885 0.274661 30.4763 -0.291696 -0.94016 0.176106 103 94 89
2.6998 -2.49677 29.3409 0 0 1 228 208 210
-1.29234 0.998625 29.7702 -0.369075 -0.690042 -0.622596 151 130 118
0.763441 -0.628977 30.6699 0.0762019 0.767316 0.636725 90 78 88
4.62544 -4.07333 28.4742 0.278607 -0.363514 0.888952 194 163 161
2.36899 0.288357 30.3089 -0.531277 -0.840881 -0.103268 172 163 154
7.20509 0.329734 30.1403 -0.0898099 0.978252 0.186966 94 91 178
4.74199 1.20175 28.6894 -0.130984 -0.750436 -0.647834 103 89 74
5.58593 -3.81997 28.6605 0.888371 -0.457862 -0.0340569 175 151 154
3.5672 -3.32889 28.6663 -0.901554 -0.314469 0.297168 127 116 118
-2.39937 0.748177 30.1652 -0.130411 -0.991303 0.0176371 94 90 78
-3.54623 -0.402847 30.5244 -0.257544 -0.537672 -0.802857 187 168 175
4.49113 -3.47053 28.4155 0 0 1 190 186 205
5.06891 -3.11886 29.4319 0.967037 0.243022 -0.0760293 132 130 144
-3.59131 -2.04953 28.8876 -3.4764e-05 -0.271979 -0.962303 195 184 200
-4.16961 -1.80915 28.6334 0.886967 -0.461063 0.0266643 220 203 214
-3.18223 -0.403022 30.3612 -0.12953 -0.973471 -0.188617 134 122 136
7.6774 0.596256 29.3457 0.310002 0.84684 0.432158 135 135 123
-2.94336 -1.52322 28.9672 -0 -0 -1 139 127 137
5.62238 -1.76045 29.3066 0.526898 -0.513316 0.677411 146 126 127
-3.58891 -3.94017 27.2453 -0 -0 -1 191 177 190
1.8441 0.420791 30.137 -0.212184 -0.969072 0.126003 122 125 109
4.34832 -1.673 29.2538 0 0 1 214 195 197
5.9062 -1.82872 28.7986 0 0 1 122 107 110
1.84839 3.1454 19.51 0.109038 -0.969353 -0.22015 247 235 224
-6.93856 0.430792 30.0328 -0.130585 -0.549557 0.825187 97 85 89
-1.35829 -0.418706 30.5412 -0.628551 -0.466953 0.621996 115 99 110
1.00637 -1.58446 28.9686 0.420198 0.903051 0.0890674 125 105 116
-3.18348 -1.41512 30.0148 -0.0130821 0.922325 -0.386193 156 149 157
2.63846 -1.38456 29.8709 0 0 1 172 164 162
-7.52794 0.200727 29.9136 -0.227873 -0.222593 0.947906 85 70 77
5.16057 -1.54115 29.8803 -0.482525 -0.859276 0.169748 180 169 173
-2.65925 3.15782 19.4364 0.0157882 0.974781 0.222604 173 156 136
-2.31273 -1.23633 29.0995 -0.435263 0.898946 0.0494209 113 94 98
1.00417 -0.56481 30.5719 0.0173421 0.43425 0.900625 215 193 206
3.46937 -1.04227 30.1678 -0.0461642 0.998314 0.0351879 155 139 139
-7.61631 -2.65489 32.6801 0.855147 0.503639 -0.122763 124 140 103
7.57052 0.447631 30.0825 -0.553718 0.83058 0.0594417 153 143 142
-0.719103 -0.479627 30.5614 -0.995263 -0.0965862 0.0110312 158 145 158
-2.31238 -1.81672 29.0914 0.842638 0.417564 -0.340002 150 132 148
-7.71261 0.309563 29.8975 -0.371772 -0.151288 0.915913 141 142 137
7.18351 0.435921 29.9694 -0.0931285 0.662179 0.743536 136 132 144
6.87704 0.311668 30.3336 -0.518537 -0.152958 0.841263 123 126 107
0.0399895 0.339262 30.3661 -0.919372 -0.00951537 0.393274 182 160 165
-1.71113 -1.82474 28.4487 -0.978985 -0.183804 0.0883414 228 215 232
-6.65206 0.0571651 30.1966 -0.988676 0.127932 0.0784418 96 87 88
-0.587617 -2.96736 29.1492 -0.371574 -0.483573 -0.792521 207 205 207
2.56963 1.25579 28.6885 0.311285 -0.94388 -0.110418 171 144 127
3.29535 0.125676 30.2578 -0.0606217 -0.918265 0.391299 144 134 122
-3.30786 0.752102 30.1594 0.629296 -0.220423 -0.745252 110 98 90
2.2377 0.635957 30.2214 0.62242 -0.760323 -0.185747 79 86 70
-1.55257 0.594594 30.082 -0.0693744 0.949374 -0.306392 188 170 158
-7.3976 -2.34441 32.3732 -0.272324 -0.882209 0.384119 125 131 104
-7.71381 -0.505137 30.3435 0 0 1 75 82 69
-1.60871 0.660652 29.9903 -0.0215015 0.728726 0.684468 146 132 121
-0.722155 1.31248 28.4849 -0.023126 -0.936823 -0.349039 138 110 106
0.239809 1.20079 28.8568 0.00608268 -0.989211 -0.146372 159 120 103
4.57626 -3.56736 28.9342 -0.272217 -0.761374 0.588393 202 199 217
-7.73051 -2.38477 31.6204 -0.991472 -0.0286419 -0.127132 82 84 78
0.797606 0.4216 30.2349 -0.297371 -0.699712 -0.649595 116 114 115
7.55786 0.171546 30.404 0.0453554 -0.0431958 0.998037 214 201 205
-2.19404 0.741883 29.84 -0.108921 0.913065 0.393001 136 145 120
-3.59205 -2.0866 29.2603 0.639665 0.731152 0.237162 137 118 124
1.35472 0.933894 27.9362 -0.487734 -0.855018 0.176236 129 110 112
-4.19012 0.253532 30.1189 0.688285 -0.666162 -0.287215 171 157 157
5.74088 1.18567 28.5923 -0.0202951 -0.862389 -0.50584 184 175 154
5.47548 -2.53714 29.4479 0 0 1 255 247 254
-6.75022 0.145157 29.9093 0.559115 0.0846901 0.824753 85 84 82
3.27763 0.826391 29.5388 -0.0256002 0.964333 -0.263453 153 145 134
3.41015 1.02187 29.7506 -0.0927784 0.891305 -0.44381 130 110 99
-4.34953 0.544274 29.9176 0.995735 -0.0761079 -0.0521488 224 209 204
-3.12355 2.99183 19.1261 0 0 1 226 117 127
5.06702 0.91511 29.8222 -0.0382893 -0.050391 0.997995 94 85 75
-1.41662 1.14938 29.3385 -0 -0 -1 143 124 109
-0.912708 1.09014 29.0796 -0.346798 -0.916324 -0.200204 255 241 242
-6.23857 -1.1841 28.7439 0.416239 -0.259739 0.871367 71 65 69
4.28253 0.664399 30.0274 0.293751 -0.332963 -0.896017 147 154 126
-7.60616 -1.16835 31.8963 0.0449198 0.959505 -0.278087 83 100 68
-7.65825 -1.39703 32.0151 -0.631536 0.775133 -0.0182049 120 132 115
4.57969 1.27535 28.6939 0.0229115 -0.841108 -0.540382 159 127 112
-0.742591 0.553424 30.0822 -0.0018651 -0.905482 -0.424381 178 150 150
5.73651 -2.3123 29.0688 0.470308 -0.881285 0.0463331 170 157 159
5.17697 -2.12896 28.752 0.512852 -0.691034 -0.509366 128 111 109
-5.7503 -2.49013 28.8968 0 0 1 250 223 228
0.837871 3.16303 19.0664 0.585054 -0.679153 0.443241 161 168 134
7.46015 0.570921 29.9696 -0.447028 0.273764 -0.851598 76 77 72
-5.69059 -2.11467 29.1375 0.490261 -0.85309 -0.178553 195 170 174
4.81025 -1.50818 29.9319 -0.248894 -0.951454 0.181071 111 99 103
5.50339 -1.91831 29.4112 -0.565639 -0.344494 0.749251 178 166 168
-6.47017 0.717294 29.9227 0.134895 0.220248 0.966071 117 128 111
2.63811 -1.12593 30.2601 -0.370989 -0.134729 0.918812 189 177 181
-1.82135 0.283268 30.1529 -0.67663 -0.589996 0.440542 150 139 130
-2.21007 -1.05813 29.5602 -0.156534 0.956805 0.244993 188 159 163
-7.39586 0.358125 29.8592 -0.576164 -0.221546 0.786735 186 177 178
-1.48387 -0.460055 30.3999 -0.412511 -0.882497 -0.225907 201 186 191
0.444902 -0.23737 30.4591 -0 -0 -1 177 155 157
1.09834 -0.593754 30.5219 -0.188913 0.862042 0.470314 134 111 119
5.31609 0.15335 30.0092 -0.488515 0.542979 0.683028 217 197 181
-5.79351 -2.112 29.1401 -0.0178581 -0.965715 0.258988 212 185 190
-0.144345 0.561203 29.9534 -0.475831 -0.877514 -0.0596171 144 125 106
3.9082 0.690486 29.9914 -0.262387 -0.893 -0.365655 134 130 110
2.14447 0.895189 27.851 -0 -0 -1 255 250 244
3.62013 3.13812 19.1617 0.0709641 -0.997286 -0.0196119 252 248 232
1.70404 -2.46875 28.6264 -0.809537 0.25691 0.52787 164 145 151
4.02428 0.977002 29.6191 -0.677516 0.197677 -0.708446 96 90 71
-5.31607 1.29701 28.7544 0.0630771 -0.99764 -0.0271319 158 135 117
-4.14468 1.30115 28.9955 0.133713 -0.981059 -0.140156 170 133 120
-1.56601 -2.40132 29.1118 -0.532407 -0.833381 -0.148385 129 113 119
2.91512 -3.17059 29.0227 0.00427448 -0.81471 -0.579853 191 189 200
2.39477 -3.31746 28.7353 -0.900938 -0.37222 -0.223076 198 189 207
6.18962 1.30023 28.4247 -0.0308002 -0.967138 -0.252379 225 195 185
-1.11324 -1.23033 28.728 -0.379412 0.911652 -0.157917 115 97 97
-6.88014 0.852358 29.8299 -0.26967 0.93065 0.247324 137 138 122
-1.7232 -3.70623 27.7538 -0 -0 -1 216 202 221
3.62869 -3.1845 28.8991 -0.601498 0.757054 0.255087 230 212 214
-0.502275 -1.29897 28.6576 -0.310033 0.788772 -0.530771 215 206 207
4.60671 -2.33679 28.6876 0.32999 -0.933189 0.142356 252 243 251
-2.49258 -3.60231 28.7869 0.263582 -0.963823 0.0396246 180 168 177
1.65632 -1.26529 29.3979 -0.587247 0.354622 0.727588 122 102 103
0.204061 -0.859901 29.9087 0.0597174 0.986002 -0.155674 147 118 120
3.28683 -1.03784 30.3191 -0.333392 0.925371 0.180384 166 153 160
-7.41901 0.356497 29.9608 -0.371353 -0.385387 0.844733 177 173 170
-1.82712 -0.384413 28.6258 -0 -0 -1 246 228 244
3.04245 1.34967 27.9849 0.0213284 -0.991003 -0.132129 239 186 181
-1.64237 -1.61808 29.2228 0.545568 -0.453532 -0.704744 210 194 203
-1.73585 1.09764 29.6766 -0.69169 0.473418 -0.545381 173 160 140
0.799337 -0.509977 30.5222 -0.178531 0.934582 0.307705 172 161 167
3.37234 -1.0136 30.4946 -0.122895 0.988818 -0.0844699 152 134 142
4.29114 -0.778944 29.5144 -0.697371 0.657874 -0.284388 208 182 195
-0.399795 0.628199 29.9842 -0.468544 -0.721346 -0.510027 179 159 152
-3.45147 0.502869 30.3656 -0.269512 -0.890637 -0.366237 172 162 161
-1.2029 -0.990219 30.4375 0.197923 0.923321 -0.329098 138 122 135
2.15772 0.383876 30.4451 -0.312705 -0.854213 -0.415374 100 107 89
0.100829 -0.922724 29.7088 0.0197415 0.985297 -0.169705 177 151 151
-1.45131 -0.489137 30.3881 -0.336194 -0.941451 -0.0253774 199 185 196
-3.7679 -0.135655 30.4857 -0 -0 -1 235 210 214
1.76012 -0.354719 29.725 -0.881922 0.00128642 -0.471393 180 163 173
-1.821 0.532119 30.1185 0.601127 0.699933 0.385669 213 193 186
-6.44137 1.04768 28.8285 -0 -0 -1 121 131 107
-1.67472 -1.18608 29.0035 0.73197 0.67574 0.0871527 163 141 145
-4.4973 -1.40789 28.5253 0.0322711 -0.972169 -0.232048 176 157 161
4.56147 -2.381 28.8999 -0.449908 0.0834453 0.889168 151 143 154
0.262085 0.34317 30.3688 0.69255 -0.478422 -0.539895 181 162 165
-1.8269 -1.09563 29.2125 0.0784232 0.888346 -0.452428 108 83 87
-3.42474 -3.27716 29.0131 0.980951 0.0890399 -0.172649 186 181 187
0.284703 -1.00391 29.268 -0 -0 -1 128 100 99
-1.14161 -0.988082 30.1185 -0.639359 0.571056 -0.514893 95 82 89
1.51986 -1.86634 29.3537 0.165633 0.321455 0.932327 191 180 186
2.48603 -1.3744 29.4866 0.275828 0.922749 -0.269169 161 147 148
-6.08434 1.36683 28.6586 -0.0966189 -0.993363 -0.0624122 210 180 169
4.84189 -2.26526 28.8835 0.28767 -0.740092 0.607873 180 153 158
-0.276518 0.91706 29.5714 -0.893969 -0.380396 0.236893 109 92 87
3.45395 -1.75768 29.1316 -0.881176 -0.469878 -0.0523836 154 143 159
2.63597 -1.01509 30.2445 -0.370989 -0.134729 0.918812 190 175 180
-3.80867 0.359183 30.2345 0.445994 0.30468 -0.841581 180 161 162
-1.6381 -1.48637 29.6562 -0 -0 -1 175 151 161
7.92791 0.536274 29.3787 -0.107422 0.564329 -0.818531 208 186 165
-7.01085 0.502943 30.1543 0.08095 -0.81935 0.56755 174 168 158
5.42245 -1.24853 30.2835 0.89891 0.392672 -0.194345 209 192 202
4.18224 0.976489 29.4653 0.532355 -0.672382 -0.514295 207 209 187
-4.3111 0.36799 29.9799 0.963338 0.247711 0.10305 131 117 115
1.42748 0.555124 29.9843 -0.00535596 -0.879451 -0.47596 125 115 106
-1.08143 -1.20589 28.8316 -0.190603 0.966933 -0.169445 162 141 136
-0.30268 -1.2298 28.7639 0.947905 -0.0291559 0.317215 88 74 86
2.9095 -1.04212 30.2845 -0.297412 -0.833134 0.466298 74 76 75
-2.21041 -1.89756 28.1713 -0 -0 -1 239 216 232
0.387415 0.482962 30.1216 -0.195259 -0.907668 -0.371501 130 112 108
4.74209 -3.81674 28.7885 -0.641606 -0.344944 0.685096 120 109 117
2.87771 -1.02309 29.9147 -0.827579 0.318611 -0.462168 95 80 85
0.969797 3.11977 19.5666 0 0 1 247 216 213
-1.09201 0.962444 29.5839 -0.169027 -0.714517 -0.678892 102 81 74
2.02956 -2.5676 29.0591 -0.533991 0.438044 0.723167 186 171 178
4.77511 3.11978 19.5934 0.0197307 -0.999805 -0.000256968 252 233 231
3.61221 -2.55605 29.1509 -0.756543 0.120583 0.642731 246 219 224
2.87758 -3.94106 28.1566 0.141875 -0.976862 -0.160036 153 148 154
5.61706 -2.32555 29.1891 0.627696 -0.536367 0.564189 248 254 254
2.54981 -3.53158 28.9147 -0.251988 -0.965882 -0.0597795 103 92 122
-4.11597 -1.85389 28.3246 0.900527 -0.294866 0.319538 250 226 239
-3.50268 0.768511 30.0372 0.340335 -0.683976 0.645252 120 117 100
2.84599 -2.04314 29.5888 0.901816 -0.377103 -0.211 194 174 182
4.18708 -1.92592 29.2613 -0.079715 -0.990384 0.113071 123 114 115
4.09933 -1.89724 29.3478 -0.148994 -0.973813 0.171726 145 135 144
5.5264 -1.04823 30.3118 0.833728 0.547691 0.0702356 189 173 176
-5.96126 -2.78785 28.839 -0.384599 -0.774342 0.502472 239 218 218
4.46441 -1.51195 29.8909 -0.985064 0.157106 0.0704802 155 138 144
5.63243 -1.69637 29.747 0 0 1 145 127 126
-2.40658 1.09073 29.5151 0.0455982 0.800746 0.597266 141 125 110
3.1081 -3.20506 29.0312 -0.218841 -0.599774 0.769662 182 180 185
0.501784 -1.14572 29.9943 -0 -0 -1 148 134 147
1.18411 -1.26539 28.927 0.848703 0.510498 0.138183 122 103 109
-2.91342 -0.449739 30.4901 -0.0942419 -0.878988 0.467438 178 165 174
2.81315 -0.00973546 30.4315 0.973284 -0.175476 0.148078 144 130 121
-7.08283 -0.357648 32.595 0 0 1 98 97 92
2.84466 -0.0446359 30.3324 0.918869 -0.13444 0.370953 110 102 91
-3.03534 -0.29496 30.1321 0 0 1 224 204 206
-0.939039 -1.26949 28.4745 -0.426412 0.842058 -0.330319 220 201 202
5.68468 0.144222 30.408 -0.901165 0.413574 -0.129837 220 210 195
5.43447 0.109486 30.0559 -0.213812 0.688884 0.69262 165 162 131
5.20423 0.351052 30.3077 -0.794508 -0.589145 0.147188 208 163 165
2.92557 0.271697 30.4347 -0.00369134 -0.688926 -0.724822 101 89 89
0.251721 1.32091 28.4993 -0.0927251 -0.993652 -0.0636951 209 175 161
2.61008 0.42431 30.0895 -0.0286285 -0.863363 -0.50377 136 129 121
-1.44185 -0.98684 30.3586 -0.229357 0.968484 -0.0971251 146 131 138
-4.0833 0.780733 30.3027 0.0562401 -0.989889 -0.130217 121 111 93
-2.8149 0.223999 30.3503 -0.967333 -0.119187 0.223745 150 129 136
1.41204 3.12723 19.6247 -0.0134189 -0.966773 -0.255284 255 229 225
1.13872 0.59263 30.0328 0.228382 -0.399452 -0.887851 95 98 81
5.6578 0.214362 30.2105 -0.744405 0.0603835 0.664992 207 200 181
0.113005 3.17816 19.3423 0.0361366 -0.99083 -0.130193 243 236 217
-1.93428 0.718166 30.1983 -0.0184507 0.979755 0.199348 135 140 117
-7.68501 0.26088 30.0268 -0.648447 -0.397007 0.64954 99 94 90
1.38662 0.470068 30.1021 0.10894 -0.645061 -0.756325 126 124 99
-7.66992 -2.28375 31.9811 0.347168 -0.937103 -0.0362114 94 111 75
-2.30177 -0.331725 29.7097 -0.830602 0.498219 -0.248751 246 229 242
1.9735 0.418795 30.4111 -0.23238 -0.937081 -0.260534 125 121 112
6.09878 1.3041 28.4876 -0.123174 -0.974783 -0.186079 236 202 192
3.58414 -3.6586 28.5937 -0.961545 0.273962 -0.0193824 236 216 221
2.75639 0.672608 30.0356 0.0419141 -0.382292 -0.92309 82 89 68
-4.18422 -1.86502 28.5067 0.886151 -0.419286 0.197323 175 152 160
-0.21073 -0.646944 30.3493 -0.721867 0.0664983 0.688829 190 156 162
5.65529 -2.74775 28.642 0.933602 -0.358301 0.00274537 254 244 244
4.74518 0.515167 29.9529 0.135843 -0.957548 0.254261 94 89 87
1.84759 3.14848 19.4132 0.0304848 -0.994093 -0.104167 231 222 215
-4.66308 0.809174 30.3808 -0.014485 -0.901283 0.43299 159 147 137
-3.08474 0.947487 29.9008 0.823627 -0.334234 -0.458178 89 80 63
-1.82685 3.16252 19.5489 -0.0286986 0.99877 0.0404415 250 233 215
0.967973 0.904732 27.9538 -0 -0 -1 81 68 74
-1.50593 -0.963934 30.6973 -0 -0 -1 153 137 145
-0.683025 1.17859 29.0524 0.111748 -0.897865 -0.425852 249 237 250
-1.17129 1.35402 28.0359 0.0320439 -0.987 0.157496 237 188 183
-5.72432 -4.23258 28.0706 -0.0395988 -0.973996 -0.223078 190 167 173
3.07422 -2.73766 29.3456 -0.0250313 0.968004 0.249682 196 193 201
-3.59286 -4.22693 27.6896 -0.809307 -0.526408 0.260608 153 136 152
4.32411 -2.49056 28.8517 0.699985 -0.148032 0.698647 255 249 255
4.76642 -2.15775 28.6985 0.778932 0.316713 0.541256 255 249 248
4.67537 -3.47641 29.0101 0.567719 -0.807085 0.162199 143 136 152
4.88504 -2.37345 28.3742 0 0 1 195 171 177
0.617878 0.935737 29.5338 0.409203 -0.636773 0.653508 99 84 78
4.75143 -2.05695 29.0436 -0.594323 -0.804206 0.00569005 160 131 135
-2.3246 -1.60476 29.4318 -0 -0 -1 196 180 193
-0.333408 -1.03633 29.5542 0 0 1 171 155 158
0.642591 -0.484364 30.5732 0.613049 0.690477 0.383944 147 135 135
-4.51233 0.113765 29.5642 0 0 1 207 184 190
2.71515 -1.18577 30.2915 0.0460642 0.217942 0.974874 78 78 78
2.84502 0.892234 29.5129 0.0154231 0.997874 -0.0633239 94 84 84
3.45142 0.0856453 30.1458 -0.428045 -0.81186 -0.397067 217 191 195
2.33723 0.259429 30.3618 -0.325002 -0.904619 -0.275749 119 110 103
-0.0622684 0.934689 29.5264 -0.204165 0.00351264 -0.97893 147 124 104
5.50134 0.705245 30.203 -0.70772 -0.414053 0.572445 108 99 89
1.49822 0.834065 29.5039 -0.0857224 -0.969375 0.230137 157 145 133
-4.04655 1.37747 28.2889 -0 -0 -1 228 200 184
-3.45942 0.908566 29.618 0.471143 -0.593293 -0.652708 94 85 76
-5.4132 1.38342 28.2857 0.00614346 -0.997653 0.0681929 250 203 198
3.92996 1.27851 28.7465 0.0508416 -0.440169 0.896474 170 134 120
-2.78406 0.446488 30.1643 0.389868 0.918973 -0.0590957 136 124 124
-6.20982 -1.39591 28.5898 0.100384 -0.550971 0.828465 253 241 251
-6.65087 -0.0849929 30.8408 -0.703592 0.688019 -0.177734 146 138 136
7.10981 0.82377 29.6959 -0.201659 0.92328 0.326936 93 83 73
3.64901 3.13236 19.2241 0.0449326 -0.996674 0.0679901 174 167 149
5.43149 0.069821 30.4925 0 0 1 206 185 184
-7.77088 -2.76355 33.0278 0.418304 0.853405 0.311001 124 140 103
0.338162 -1.03013 29.5131 -0 -0 -1 180 151 156
-5.72355 0.923344 29.7419 0.193161 -0.732897 -0.652343 92 100 77
-6.84267 0.502381 30.1182 -0.188629 -0.517458 0.834659 189 179 178
-4.03536 0.542834 30.0915 0.133853 -0.347692 0.928005 192 173 167
1.42981 0.613525 29.8078 -0.718318 -0.42271 -0.552572 152 155 136
7.01897 0.637393 29.9681 -0.37298 0.726191 -0.577522 85 89 70
5.18074 0.663583 30.0738 0.306808 -0.949282 0.0687942 125 108 98
6.50358 1.18165 28.7806 -0.26129 -0.915103 -0.307107 121 120 98
4.63519 -3.77161 28.9668 0.0635173 -0.655189 -0.75279 191 181 205
-3.50179 -2.62849 29.1492 0.766576 0.595501 -0.240292 106 98 104
-4.09986 -4.08123 27.0842 -0 -0 -1 230 212 223
-4.11881 -2.52952 28.1743 -0 -0 -1 230 211 231
4.61521 -2.05508 29.1123 0.158908 -0.80869 -0.566364 120 101 103
4.09267 -4.28353 27.9223 -0.278245 -0.942107 -0.187118 204 187 180
1.65058 0.334431 30.3575 -0.742733 -0.660239 -0.111501 150 135 139
-7.15628 -2.53649 32.9026 -0.838525 0.0279251 -0.544146 118 129 97
-6.74327 0.332142 30.0851 -0.498286 -0.377621 0.780457 85 75 75
-0.147784 -1.14765 28.6423 0.282724 0.952338 0.114537 239 211 236
0.276995 -0.597695 29.8077 -0 -0 -1 222 189 196
2.74333 -3.23901 29.0762 0.285428 -0.903344 0.320157 149 141 152
-7.69487 -1.21659 31.6661 -0.148589 0.982145 0.115379 133 148 115
-6.40178 -0.352602 30.6904 0 0 1 74 74 72
2.93822 -3.80829 29.1021 -0.699497 0.564822 0.437813 87 87 89
2.51671 -3.52207 28.9004 -0.66445 0.292537 0.687698 227 216 246
-0.656133 -1.29089 28.7581 0.529705 0.693553 0.488259 205 194 188
-1.88888 -1.00683 29.6619 -0.131374 0.970786 -0.200787 177 151 152
-6.94354 -2.48643 33.04 -0 -0 -1 118 128 103
-4.1142 0.279955 30.4876 -0.873723 0.285116 0.394103 177 160 160
-3.48614 -0.1723 30.1017 0.708378 -0.637026 0.303972 235 210 214
-0.785045 -3.06669 28.4412 -0 -0 -1 87 90 83
-7.84288 -1.61569 31.9097 -0.710853 0.165265 0.683649 73 77 63
0.167938 1.24805 29.1079 0.214241 -0.956747 -0.196815 147 114 97
2.57171 0.135549 30.3147 0.340412 -0.816149 0.466927 122 115 109
5.86584 0.228832 30.7135 0 0 1 223 203 195
-2.49035 -2.69594 29.3088 0.817058 -0.481311 0.31742 180 179 184
3.00138 0.655481 30.035 -0.273571 -0.706545 0.652651 156 163 141
1.92424 -2.01481 28.9373 0.321161 -0.417716 0.849923 128 120 129
-3.00857 0.872093 29.6259 0.253665 -0.475124 0.842562 154 144 135
-0.646195 -2.81418 29.3561 0.873583 -0.164102 -0.458173 204 205 205
-0.230854 0.952552 29.852 0.265437 -0.826377 -0.496633 189 167 157
4.79457 0.509193 30.0442 0.123161 -0.937348 -0.325898 155 146 141
-1.17598 0.889501 29.6968 -0.390242 -0.648511 -0.653563 96 77 70
4.27918 1.13773 28.7211 0.959222 0.000667218 -0.282653 115 97 76
5.52683 1.07812 28.9384 0.212872 -0.883573 -0.417114 219 199 192
-7.76159 -1.56475 32.1711 0.736442 -0.0237327 0.676084 77 84 76
-4.18973 1.20995 29.2788 0 0 1 184 157 142
-7.12077 -2.26751 33.0198 -0.34678 -0.776908 0.525507 103 110 97
5.89651 1.27239 28.5563 0.178931 -0.855934 -0.485141 138 117 99
-5.74334 -2.10328 29.1215 0.490261 -0.85309 -0.178553 247 220 226
2.56342 -1.11653 30.1677 -0.760061 0.106145 0.641124 191 176 185
-1.36589 -0.983134 30.3664 0.0700274 0.962833 -0.260862 152 136 146
-5.67568 -0.78942 29.4623 -0 -0 -1 203 177 182
-3.33377 -1.0425 30.1522 0.0629742 0.831841 -0.55143 182 168 185
2.22979 -0.278799 30.131 0 0 1 192 170 181
2.85284 -0.381006 30.2042 -0.122205 -0.968155 0.218501 137 125 127
-2.57853 -1.7053 29.2032 0.0820842 0.224741 -0.970955 153 143 151
0.583406 -0.989682 30.242 0.195513 0.949612 0.244974 150 135 146
-4.42838 -1.41161 28.4506 0.0322711 -0.972169 -0.232048 218 201 207
5.52634 -4.4011 28.163 0.804576 -0.582431 -0.115898 203 174 176
3.14935 -3.29622 29.0075 -0.0527532 -0.668734 0.741628 117 115 120
5.1013 -2.62791 28.9973 -0.0643486 -0.757298 -0.649891 202 186 196
2.35169 0.368838 30.3814 -0.244144 -0.942305 -0.229032 133 135 117
-1.7608 -0.0824226 30.0891 -0 -0 -1 198 174 187
3.76497 0.76894 29.8107 0.0948375 -0.587374 -0.80374 138 139 124
-7.77927 -1.47275 31.9871 -0.154125 -0.43875 0.885293 202 210 199
2.73749 -3.80065 28.7954 0 0 1 206 196 218
5.81942 -3.99612 28.2803 0.0624798 -0.961818 -0.266461 231 206 207
4.68917 -2.21829 28.8449 0.0849912 -0.992891 -0.0833284 253 251 252
-5.96512 0.399195 30.02 -0.97284 0.23144 0.00420163 131 124 118
-3.73717 0.955979 29.5784 0.0808368 -0.980634 0.178386 118 108 89
-3.84042 0.414805 30.2378 0.387063 0.608978 0.692336 181 165 165
5.01948 3.19087 19.2102 -0.494014 -0.858463 -0.137811 175 159 133
-1.03831 0.738595 30.2209 0.00768407 0.647222 -0.762263 188 168 158
-5.16765 0.631453 30.1212 -0.289498 0.264396 0.919938 163 154 145
-0.348568 1.36059 28.1235 -0.0151772 -0.977742 -0.209261 234 189 186
-7.25099 -2.3476 32.4698 0.375396 -0.894398 -0.243166 81 92 62
4.7856 -3.91244 28.7323 -0.601264 -0.785152 0.148384 138 123 126
2.49989 -3.28699 28.7487 -0.902565 -0.430545 0.00286107 229 221 233
-2.22346 -2.09806 28.51 -0.545386 -0.452547 -0.705518 241 225 239
1.94229 -0.139947 29.6264 -0.0271613 -0.395853 0.917912 197 179 193
-4.94102 0.365205 30.5892 0 0 1 170 152 148
-0.473047 -1.65206 29.1772 0.722599 0.321934 -0.611726 85 77 81
5.57955 -3.96556 28.524 0.880381 -0.151385 0.449457 128 111 109
5.46224 3.08997 18.941 -0 -0 -1 254 241 229
3.69142 -3.05209 28.688 -0.332705 0.193896 0.922882 133 109 107
3.55973 -2.65488 29.1583 -0.749246 -0.569468 0.338137 248 235 244
4.79532 -2.1474 29.1709 -0.240076 -0.94637 -0.21621 172 150 153
2.56278 0.0178288 30.1339 0.0207048 -0.621727 0.78296 138 125 119
-1.02635 -1.54984 29.1519 0.73792 -0.260004 -0.622794 234 217 224
0.0168028 -0.823158 30.0931 -0.0321398 0.990461 0.133992 183 162 161
0.885714 0.306912 30.4162 -0.224617 -0.80593 0.547744 127 118 112
3.13507 0.159482 30.3175 0.224825 -0.801595 0.553985 113 116 95
3.9962 -2.23399 28.873 -0.273939 -0.697989 0.661641 251 250 255
3.84982 -2.12095 28.8943 0.364925 0.0215305 0.930788 221 222 232
-4.25378 0.873338 29.8763 0.335458 -0.833909 -0.43825 175 161 150
-0.162916 0.98787 29.6013 -0.11672 -0.966875 0.226999 114 94 85
5.75398 1.07978 29.0053 0.324758 -0.743159 -0.585018 210 202 177
5.64381 -4.03635 28.4942 0.497817 -0.598039 0.628115 151 134 142
1.76773 -2.5331 28.7554 -0.130436 -0.708242 0.693815 255 246 254
0.00788697 -2.36596 29.9699 -0 -0 -1 235 215 240
0.82404 0.0364044 30.2818 -0.244745 -0.96958 0.00372575 232 205 210
-1.71973 -1.86264 28.6222 -0.963161 -0.248792 -0.102093 229 216 233
-2.00577 -1.01221 29.8412 -0.234941 0.928544 -0.287417 184 157 157
1.13003 3.17252 19.3501 -0.0861064 -0.989297 0.117799 238 226 209
5.62923 -0.293839 30.1803 0.561219 -0.0804681 0.823746 186 164 167
3.13821 3.24926 18.7038 -0.87135 -0.101667 0.480013 184 180 142
5.38923 1.48002 27.9071 -0 -0 -1 212 103 104
-0.126538 3.14513 19.3468 0.00370371 -0.999533 -0.0303397 255 254 244
4.35747 3.16451 19.4971 -0.150836 -0.980631 -0.124949 180 166 162
-0.705492 -2.88315 29.1313 -0.896887 0.0621919 -0.437864 199 197 198
7.89669 0.129864 30.5428 0.313579 0.919233 0.238072 182 162 167
0.197779 1.35104 28.0517 -0 -0 -1 238 198 188
1.15161 1.11658 29.0209 -0.246242 -0.85755 -0.451633 170 142 133
-2.89383 -3.65009 28.8847 -0 -0 -1 111 95 103
-1.79843 -1.01366 29.4848 -0.236524 0.964117 -0.120559 191 162 166
-7.1342 -0.103786 29.8146 -0.368707 0.906743 -0.204628 153 147 147
-2.65204 -0.636682 31.0561 0 0 1 75 74 77
-6.88435 -0.0935123 29.9511 -0.487422 -0.115465 0.865499 149 143 140
-2.70973 0.795103 29.9069 -0.0647658 -0.99726 0.0357587 133 128 122
-7.67185 -1.16019 32.0437 -0.729511 0.506536 -0.459603 118 136 98
0.400086 0.292779 31.3715 -0 -0 -1 227 206 205
8.30151 -0.472613 30.4512 0 0 1 175 142 123
2.47098 -3.34447 28.5936 -0.985486 -0.154768 -0.069747 135 127 151
-6.67628 0.886987 29.8532 0.117772 0.918045 0.37858 133 139 113
-5.7908 1.065 29.6765 -0.103671 -0.615987 0.780905 113 123 88
3.0553 0.719919 29.745 0.783731 -0.484961 -0.388044 138 150 126
2.37329 -2.85344 28.911 0 0 1 159 147 157
1.5092 -1.34079 29.0573 0.996732 0.0805611 -0.00585774 106 84 86
-3.61773 3.18793 19.3895 0.178422 0.983789 0.018011 255 252 243
5.26875 3.1094 19.2344 0.446191 -0.877632 0.175147 207 183 172
5.25756 -2.39924 28.7817 0.708309 -0.612165 0.3515 163 148 167
3.13927 -3.10796 29.3358 0.15892 -0.948757 0.273139 194 192 203
-3.09627 1.05927 29.5961 -0.0554152 -0.876638 -0.477948 168 159 142
-2.15101 0.470712 30.4392 -0.274034 0.477544 -0.83478 125 114 106
8.17461 0.178216 30.5522 -0.789498 0.613539 -0.0162014 221 201 203
5.80792 -1.93892 29.3219 0.70446 -0.223766 0.673547 123 107 107
-6.33119 0.100258 30.696 0.856783 -0.175544 0.484879 158 139 132
-3.4385 -1.10731 30.8269 -0 -0 -1 183 169 184
1.76525 0.767883 29.9221 0.453387 -0.640403 -0.619938 139 144 124
-1.61494 -2.35859 28.8996 -0.131013 -0.848277 -0.51309 160 143 153
4.59395 -0.847661 30.6369 0 0 1 228 206 219
4.5446 1.32531 28.4253 0.0244414 -0.958353 -0.28454 214 172 156
0.436847 0.784478 29.7398 0.215942 -0.867105 -0.448886 176 149 140
3.45977 0.433691 30.328 -0.696714 -0.7148 -0.0604123 89 97 86
4.15238 0.279213 30.8293 0 0 1 131 127 114
3.17571 -1.03857 30.1949 0.0480101 0.996003 -0.0753251 93 80 87
-0.472703 -1.65389 29.2301 0.78838 0.216607 -0.575794 82 73 76
-5.07071 3.19676 19.289 -0.0673576 -0.995336 0.0690656 178 158 134
5.74594 0.253387 30.3828 -0.905833 0.420845 0.0485433 140 125 120
-2.1875 -2.25669 29.5915 -0 -0 -1 233 216 241
-7.07256 -0.146077 30.0304 -0.555499 0.656629 0.510156 126 121 115
1.79099 -1.183 29.5169 -0.14054 -0.763671 0.630123 208 183 189
-1.07091 -0.47838 30.5246 -0.00760423 -0.994077 0.108411 175 162 172
-0.142493 0.854515 29.7638 -0.262456 -0.862338 -0.433002 174 150 137
-1.68011 -2.75609 28.3065 -0 -0 -1 180 169 185
-3.29935 0.799414 30.0972 -0.269856 -0.962204 -0.0366252 142 135 129
6.71151 0.670561 29.8738 0.0470911 0.677586 0.733934 102 96 79
4.27361 -1.75921 29.3932 -0.957895 0.277694 0.0729617 152 131 136
0.293992 -1.0421 28.8408 -0 -0 -1 129 103 106
-7.03767 -2.72285 33.1797 0 0 1 81 92 62
-4.5715 0.359036 30.4731 0.75206 0.371327 0.544538 144 135 126
0.389551 0.451507 30.4356 0.367386 -0.245083 -0.897197 203 188 180
2.11195 0.294312 29.9852 -0.257987 -0.948164 0.185546 145 146 133
-0.648118 0.797972 29.9562 0.0332753 -0.951244 -0.306638 144 125 120
-6.6492 0.399 30.0726 -0.318821 -0.0291288 0.947367 186 181 185
4.38535 0.452812 30.4266 0.929865 -0.367748 0.0106389 160 149 147
2.87315 -3.26139 29.1105 -0.0344623 -0.878937 -0.475691 183 178 186
-1.83391 0.771455 29.9507 0.330228 0.877162 0.34862 123 129 106
-1.92303 0.398965 30.5056 -0.28558 0.673962 0.681337 155 142 136
3.09386 0.219366 30.3738 -0.654992 -0.535684 -0.532944 108 111 92
-2.76042 3.1843 19.3451 0.0530791 0.991864 0.115709 255 249 238
-5.75128 -0.189365 30.1358 0 0 1 227 205 208
1.15782 -3.24136 29.1413 -0.476449 -0.287286 0.830941 80 80 79
-5.79467 0.138521 30.3112 0.0865496 -0.831156 0.549262 203 182 184
0.29581 -2.88697 28.8229 -0.373065 0.926012 -0.0576528 193 171 183
-4.70308 0.609778 30.0714 -0.0231696 -0.849345 0.527329 143 128 124
-3.4951 -1.3761 29.9577 0.251563 0.902695 -0.34908 118 108 109
-1.53504 0.791414 29.9924 -0.729759 0.402579 0.552614 153 147 133
-4.61419 0.171714 29.4402 0 0 1 239 214 218
6.68063 0.786109 29.6532 -0.575756 0.765396 0.28753 166 159 151
-1.67604 -3.36933 27.6896 0.716001 -0.587575 0.37696 124 110 127
5.67937 -0.794289 30.0747 0.870425 0.277668 -0.406524 241 217 220
3.75146 -4.28544 28.2695 -0.420351 -0.905727 -0.0544346 164 139 133
7.72328 0.781851 29.0417 0.67103 0.310653 -0.673211 92 93 75
5.67269 0.282416 30.1143 -0.741107 0.257309 0.620123 145 135 125
0.818326 0.816966 29.8253 -0.309054 -0.94071 -0.139826 159 152 142
7.34153 0.942046 29.6285 -0.145839 0.918674 -0.367109 82 76 68
5.66481 -2.72167 28.7242 0.93081 -0.364222 -0.0305613 254 248 252
1.86433 -2.1117 28.543 0 0 1 125 118 122
-4.02594 0.409048 30.4941 0.161082 -0.708552 -0.687027 172 158 158
-5.33078 -1.27773 29.0266 0 0 1 199 174 178
4.28872 0.990864 28.8881 0.0852798 -0.99119 -0.101339 91 93 74
-6.88592 -2.00612 32.0286 -0 -0 -1 75 68 69
-1.38645 0.666794 30.1725 -0.183965 0.730637 -0.657515 191 172 161
1.75153 1.30692 28.5052 -0.0951423 -0.995149 0.025034 205 176 158
-0.7113 1.0097 29.2183 0.246258 -0.96871 -0.0309516 162 101 116
5.16863 -3.37925 29.1552 0.44074 0.897487 0.0162931 212 209 222
7.33122 0.809929 29.4015 0.0660188 0.962864 -0.261792 135 125 115
0.626069 -1.03773 30.2085 0.200472 0.948039 0.247048 95 79 90
4.07293 -4.28146 28.3444 -0.299242 -0.924949 0.234359 194 168 167
-6.11817 -2.70352 29.3702 0 0 1 115 114 91
-2.78211 0.898935 29.5243 -0.577631 -0.620017 0.530963 81 77 74
-0.693786 -2.82193 29.3075 0.895413 0.155764 -0.4171 149 149 149
-3.31976 -0.908926 29.754 -0 -0 -1 173 162 176
3.05658 -2.18148 29.3881 -0.422589 -0.887614 -0.183195 122 104 108
-7.54018 -0.894793 31.5682 -0.814305 0.457292 0.357478 127 136 119
5.18335 -2.8197 29.137 -0.530589 -0.562402 0.634176 130 117 134
-3.55127 -2.60054 27.9075 -0 -0 -1 181 163 179
-4.32675 -3.86148 28.2103 -0 -0 -1 180 157 168
-0.24318 -2.50364 27.8553 -0 -0 -1 232 213 233
-6.17359 -1.66061 29.1584 0.686018 0.659968 -0.306303 226 214 226
5.83353 3.1591 19.7297 -9.30597e-05 -0.992141 0.125121 163 131 119
-0.291616 0.249317 30.3345 0.905541 -0.286886 0.312557 222 193 189
2.2778 -4.05614 28.4567 0 0 1 243 221 224
4.85019 -3.29944 28.8641 -0.948051 -0.201846 0.245881 114 112 116
-0.390893 -1.1769 28.8391 -0 -0 -1 80 81 77
5.27425 3.13379 19.4339 0.106119 -0.965691 -0.237022 228 205 189
-8.04701 -1.56838 31.9126 -0.757981 -0.164229 0.631263 138 145 123
4.80389 0.926045 29.8255 0.309969 0.427894 0.849015 102 87 82
-0.526191 1.31787 28.5104 0.0256869 -0.823959 -0.566067 193 164 156
-6.08145 -2.01811 29.8277 0 0 1 244 229 232
-6.70442 -1.635 29.6337 0.630504 0.414105 0.656492 92 93 88
0.302338 -0.868389 29.897 -0.441592 0.877578 -0.186691 142 114 113
2.28245 0.242018 30.4972 -0.355224 -0.883082 -0.306565 161 153 150
4.04658 -4.29499 27.8071 0.452869 -0.758801 -0.468114 163 151 145
-4.17752 -3.39858 27.7807 -0 -0 -1 201 181 190
1.65157 0.848161 29.7228 0.238728 -0.920732 -0.308644 149 147 134
4.77738 -2.885 28.9951 -0.364617 0.746195 0.556998 172 166 176
6.59505 0.275169 30.5786 0 0 1 152 137 113
5.59154 -2.93672 29.2168 -0.247244 -0.950711 0.187131 189 178 183
0.320428 1.26056 28.8485 0.044556 -0.964355 -0.260834 156 127 108
3.61374 -2.62104 29.1556 -0.734208 -0.573679 0.363085 249 224 227
3.63286 -0.271227 30.1715 -0.966694 -0.181617 -0.180328 177 152 157
-3.55711 -3.9686 28.0593 -0.994107 -0.0695526 0.0831523 161 150 156
-2.27872 -2.11329 28.5334 -0.294248 -0.317427 -0.901475 179 158 170
2.72164 3.14702 19.4447 0.0257506 -0.993704 -0.109037 244 227 214
-4.82562 3.204 19.3619 -0.0126632 -0.996885 0.0778401 172 167 135
-0.627085 -3.00607 28.526 -0 -0 -1 208 198 205
4.23944 -2.3417 29.3218 0 0 1 163 149 149
1.24999 -3.2677 29.185 -0.476449 -0.287286 0.830941 78 78 76
1.10149 -1.65163 29.0904 0.36291 0.902037 0.23372 94 79 84
5.27382 -1.55262 30.1153 -0.137819 -0.873211 -0.467449 183 172 178
6.58032 -0.561556 30.684 0 0 1 0 0 0
-3.55295 -3.92315 28.5026 -0 -0 -1 138 128 136
-7.91993 -1.69823 31.989 -0.0231346 0.102172 0.994498 112 123 100
-2.41685 -3.18762 28.9108 0.426446 -0.834515 0.348895 170 167 163
-5.11719 -1.55865 29.2324 0.0497948 0.147496 0.987808 191 175 178
-7.38918 -1.86581 31.8151 -0.0902465 0.476045 0.874778 73 82 60
-4.37929 -1.48771 29.1233 0.548215 -0.0227126 0.836029 187 170 176
-6.3171 -2.50906 30.558 0 0 1 102 105 84
5.58027 -2.34261 28.8652 0.407943 -0.0190862 0.912808 128 123 130
-3.09336 -1.36225 29.7379 -0.767849 -0.417649 -0.485776 187 172 188
1.02913 -1.53314 29.0405 0.450114 0.891276 -0.0549962 172 148 164
3.42795 0.397447 30.1075 -0.103444 -0.798819 -0.592611 121 120 105
2.27294 -1.39163 28.9474 0.935911 -0.154155 0.316714 123 101 104
-7.64908 -1.22159 31.6966 -0.410501 0.878291 0.245139 81 96 62
-7.67432 -1.26699 32.2529 -0.698634 -0.427515 0.573709 66 81 55
-7.57177 -1.35204 32.3241 -0.602321 -0.794136 -0.0809746 108 119 103
-1.15255 -1.10663 30.0005 -0.61042 0.561589 -0.558574 134 120 117
1.22987 3.13251 19.2062 -0.797004 -0.417226 -0.4367 249 228 217
4.3952 -1.02467 29.8467 -0.891566 -0.18305 0.414249 236 214 226
-3.94127 0.401664 30.4073 0.365304 -0.930533 -0.0257216 135 125 121
-0.254647 -1.08149 28.4581 -0 -0 -1 235 214 223
5.4205 1.34108 28.0675 0.021089 -0.995721 0.0899736 235 183 179
-7.29563 -0.104748 29.9003 0.295054 0.825173 0.481697 158 148 147
-3.96017 0.355234 30.6416 0 0 1 164 144 143
1.27704 -0.707734 31.1913 0 0 1 110 102 114
3.27928 0.228374 30.3157 0.00685239 -0.911451 0.411351 140 143 124
-3.87964 0.602442 30.0777 0.400019 -0.882198 0.248417 124 111 102
7.41832 0.352732 30.367 -0.119923 0.8706 0.477152 95 95 118
7.49448 0.327804 30.4046 0.674232 0.738005 -0.0275617 238 229 230
4.46414 -2.27896 29.0604 -0.562932 -0.797411 -0.217353 177 162 170
-0.5788 -1.39686 28.515 0.72251 0.32451 -0.610469 180 165 168
5.04876 1.03982 28.9992 0.157131 -0.875679 -0.456613 206 202 185
7.71506 0.572523 29.0057 0.608034 -0.424962 -0.670598 140 134 118
-0.553613 -3.07935 29.126 -0.349619 -0.168644 -0.921589 137 131 135
-0.0807122 0.990439 29.65 -0.0398242 -0.646355 -0.761997 119 97 86
7.79783 0.646693 29.2019 -0.841547 0.314752 -0.439011 142 139 124
7.32088 0.738956 29.6887 0.792928 0.180994 0.581813 191 176 172
-3.56447 1.26554 28.9736 -0.0400297 -0.96974 -0.240837 141 107 95
1.14398 1.207 28.8615 -0.416921 -0.812577 -0.407304 129 104 82
5.77392 1.08197 29.1099 0.232062 -0.967135 -0.103913 210 202 177
-7.12926 -2.16059 33.1413 -0.530831 -0.687306 0.495811 77 78 70
6.13577 1.26782 28.5418 -0.187264 -0.911589 -0.365975 144 129 108
3.20008 -2.431 28.9892 0.445164 -0.81746 -0.365497 179 179 195
6.39494 1.09367 29.1993 -0.217613 -0.821999 -0.526271 112 111 84
-0.922995 -1.44703 28.746 -0 -0 -1 222 201 213
-4.58832 1.342 28.3759 -0.135836 -0.974221 -0.180117 222 181 175
-2.40703 -3.2615 28.7445 0.447059 -0.839224 0.309584 178 172 174
-6.57246 -1.23655 29.0713 0.928535 0.0115429 0.371064 76 74 75
-7.19078 -2.48676 33.1182 -0.803833 0.582796 0.119166 132 144 122
2.1109 -0.449198 29.7559 -0.896807 0.431867 0.0960661 254 243 254
-1.57249 -1.66052 29.2502 0.545568 -0.453532 -0.704744 175 160 163
-7.85588 -2.78274 32.6973 0 0 1 92 104 67
-3.63243 -3.84685 28.1028 -0.968431 -0.221706 -0.113968 187 173 188
-1.14888 -2.50771 29.119 0.76801 -0.0158497 -0.640241 174 152 165
-1.15003 -2.51007 29.1407 0.76801 -0.0158497 -0.640241 153 140 147
-7.23684 0.577641 30.1095 0.122061 0.53389 0.836697 108 116 95
-6.20421 -1.15684 29.903 0.674416 -0.137939 0.725352 143 142 138
-7.2325 -2.14259 32.1319 0.670748 0.72436 0.159375 77 84 66
-5.2022 -1.62323 29.4894 0 0 1 197 180 186
-7.33662 -2.05401 32.0276 0.816065 -0.0396456 -0.576599 72 79 63
-6.14927 -1.68496 29.8391 -0.224364 0.861741 0.455041 129 117 126
4.87072 -2.73008 28.869 -0.748493 0.557907 0.358467 181 177 191
-6.62738 -1.59564 29.5349 0.115063 0.888738 0.44374 243 236 243
-4.52522 -1.42646 28.4491 0.0322711 -0.972169 -0.232048 244 228 231
-7.77323 -1.22475 31.7357 -0.282075 0.940666 0.188628 84 99 66
0.977746 -1.55631 29.1042 0.36291 0.902037 0.23372 227 206 214
3.08482 0.18859 29.9766 0.881656 0.156276 -0.445264 151 154 133
-7.53121 -1.28869 31.9075 -0.429011 -0.441762 -0.787906 71 85 61
1.58457 -1.66439 29.2655 0.354655 0.856838 0.374229 92 77 80
-7.86321 -2.12555 31.7327 -0.736553 -0.415106 -0.53402 92 97 89
-5.03927 0.686903 29.9146 -0.465104 -0.633818 -0.618023 176 169 154
3.98206 -0.952341 29.6359 -0.100796 0.609431 0.786406 166 153 163
2.32931 0.320212 30.205 0.398734 -0.845535 -0.35508 102 98 87
-7.37661 -0.227177 30.1963 0 0 1 131 117 115
-5.42188 0.642069 30.6545 0 0 1 157 150 142
-1.71123 1.3372 28.4357 -0.0469728 -0.991038 -0.125049 180 153 136
-7.6728 -0.220698 31.5356 0 0 1 124 110 109
-6.76818 -0.0276251 29.8807 -0.167769 0.171425 0.970807 80 71 69
-6.70836 0.0227637 29.7944 -0.390337 0.57609 0.718163 167 159 157
4.16497 -3.94695 28.5442 0.132565 -0.259149 0.956696 145 115 115
5.20666 -3.36364 29.0171 0.648793 0.758704 -0.0586208 211 212 220
-6.79801 0.261466 29.8878 0.0918151 -0.376081 0.922027 83 77 77
-6.20315 0.379433 30.369 -0.0288546 -0.930489 -0.365183 141 136 117
-5.42128 0.555182 30.5128 0.479884 -0.711363 0.513493 205 193 193
4.55688 0.706794 30.0547 -0.853039 -0.339892 0.395976 147 155 129
-4.52463 0.680653 30.1244 0.134235 -0.130172 0.982363 174 163 157
2.60032 1.19374 29.0803 0.858548 -0.332125 -0.390626 201 161 151
-1.75987 0.500841 30.1284 0.105917 0.970605 0.216118 134 113 107
4.85479 3.14209 19.4312 0.0274216 -0.997686 -0.0622152 255 245 240
7.5772 0.570968 29.8727 0.620191 0.748936 0.233362 114 117 106
3.00639 0.65695 30.0955 -0.231207 -0.949289 0.213061 150 154 132
6.54193 1.12996 28.9086 -0.314835 -0.845359 -0.431564 171 165 139
-0.764588 -2.87896 29.0909 -0.669374 0.51666 -0.533855 117 117 113
-1.30348 0.753293 30.2288 -0.198195 0.970726 0.135683 177 162 151
-3.11555 -1.33059 29.9597 -0.0130821 0.922325 -0.386193 184 172 186
7.50614 0.956986 28.8665 0.919884 -0.12626 -0.371312 181 169 162
-7.56885 -0.95961 31.4292 -0.611883 -0.700423 0.367433 85 101 75
-4.08599 1.24176 28.7925 0.0206479 -0.967098 -0.253567 184 154 146
3.52904 -2.59942 29.1377 -0.735343 -0.581878 0.347403 231 210 216
4.34851 -0.866533 29.8559 -0.775855 -0.121331 0.619135 218 188 200
-0.0808046 1.31107 28.3431 0.0582375 -0.97323 -0.222333 215 181 167
-2.78381 -3.57241 28.9778 0.0932207 -0.815901 0.570627 99 97 97
-2.34451 0.705198 30.0315 0.00843476 -0.494405 0.869191 92 86 74
0.85495 -1.66187 29.5859 -0 -0 -1 130 114 118
3.53295 1.27558 29.0777 -0.882653 -0.406829 -0.2354 171 135 121
2.84494 3.12437 19.6 0.0844286 -0.991514 -0.0988556 253 246 238
5.29435 -1.64156 30.2163 0.182895 -0.796196 -0.576733 126 120 121
-7.54789 0.906668 29.6334 0 0 1 125 129 113
1.001 1.25176 28.926 -0.414171 -0.732206 -0.540682 182 161 140
2.55783 -0.394702 30.2068 -0.356288 -0.280404 0.891309 130 110 112
-7.48088 -0.0155569 29.7599 -0.0353676 -0.340906 0.939432 138 129 126
7.41856 0.938009 29.6467 -0.145839 0.918674 -0.367109 73 75 64
2.92666 1.3502 27.9332 -0.0585343 -0.990252 -0.126395 238 191 185
-3.62667 -4.07743 27.9246 -0.920461 0.331006 0.207814 185 171 184
-1.83655 -0.431679 30.1819 -0 -0 -1 243 222 231
1.5452 0.659313 29.8772 0.145359 -0.739381 -0.65741 130 138 114
2.04114 -2.43411 28.987 -0.72514 -0.68823 0.0226181 178 157 162
-7.67466 -2.62929 32.4804 -0.611833 0.68462 -0.396177 124 139 106
-1.43369 -1.55384 29.0545 -0 -0 -1 233 212 227
-7.45322 -2.70438 33.2288 -0.0565588 0.70967 0.70226 133 142 115
-2.04457 3.15345 19.6309 0.00860645 0.993501 -0.113499 255 246 235
-7.71274 -1.4495 32.0176 -0.819998 0.251532 0.514136 81 89 76
0.569156 -1.45582 28.371 -0 -0 -1 241 220 227
-7.68532 -1.34728 32.0109 0.402144 -0.276496 0.872829 71 85 66
4.99702 -0.562815 30.3138 0.863768 0.0532276 0.50107 222 208 223
-7.69335 -1.16017 31.6872 -0.41517 0.903225 0.108714 89 106 72
-2.80703 -3.20687 29.0792 0 0 1 84 84 86
-3.75706 0.687156 30.2229 -0.363667 -0.120002 -0.923767 143 137 123
-1.2125 -1.0758 30.0802 0.039742 0.345923 -0.937421 146 131 134
-7.34109 -0.0689035 29.9975 0.0798656 0.862791 0.499213 77 73 70
5.67206 0.114876 30.5141 0 0 1 170 164 148
3.21842 -1.43173 29.4379 -0.0870541 -0.994141 0.0640751 138 124 129
-6.99454 0.222597 29.9629 -0.246235 0.021355 0.968975 85 84 82
7.43922 0.981135 28.7259 0.909032 -0.162766 -0.383624 104 90 82
-4.48325 0.140985 29.765 0.0551426 -0.908792 0.413591 200 179 175
-3.66448 -2.35616 29.2813 0.479329 0.847734 0.227137 206 191 198
-1.76195 0.168168 30.1444 -0.750371 -0.605282 0.265662 133 115 111
2.66821 0.247756 30.3929 -0.0431584 -0.994084 0.0996757 113 108 102
-6.87086 0.258348 29.9736 -0.0149368 -0.254039 0.967079 186 174 176
-7.36276 0.411203 30.0283 -0.59257 -0.580378 0.558589 79 78 74
-6.71966 0.511407 30.1251 -0.0078123 -0.190851 0.981588 163 160 152
-4.33393 0.556542 30.0611 0.727703 0.633399 0.263163 217 202 195
2.11298 0.557549 30.0222 0.264404 -0.778728 -0.568923 111 108 94
7.6378 0.486992 29.7839 0.855699 0.506748 0.104809 71 74 62
2.15848 1.34767 27.8486 -0 -0 -1 226 188 177
2.16495 -0.272327 29.8125 -0.983521 0.0217254 0.179483 255 237 249
-5.40798 -1.46559 28.547 0.317007 -0.942081 0.109499 248 231 240
-3.45861 3.1863 19.408 -0.0833083 0.98304 0.163375 249 222 211
-5.8981 0.6766 30.3174 -0.997295 -0.0204697 0.0705954 121 129 105
-4.92042 0.882703 29.8045 0.0142046 -0.683388 -0.729917 130 126 115
1.17577 0.789156 29.7006 -0.24174 -0.968265 0.0634411 121 115 99
7.29056 0.215866 30.393 -0.526266 0.699983 0.482772 226 204 211
5.44306 0.379035 30.0544 0.081852 -0.612062 0.786563 153 143 133
-6.5923 0.0379711 30.6468 -0.32503 0.132086 0.936434 81 77 73
-0.334275 1.16179 29.4864 -0.274749 -0.947877 -0.161378 146 120 123
-2.02335 -0.396594 31.381 0 0 1 248 228 245
5.56094 -4.39044 28.3496 0.964693 0.133891 -0.226804 202 174 171
-2.30595 1.0023 29.615 0.315152 0.875994 0.365121 87 77 65
-2.24547 -3.75394 27.6256 0.893618 -0.39323 0.216372 239 224 243
5.31545 -1.77658 30.6795 0 0 1 92 84 82
-2.40715 -2.62868 29.2175 0.887496 -0.253797 0.384626 108 96 106
-7.50371 -2.32958 31.8702 0.547177 -0.42722 0.719778 94 105 74
-2.52121 3.14804 19.3822 0.0989341 0.990823 0.0920975 252 241 228
-6.5429 1.38024 28.2042 -0.0219066 -0.998677 0.0465164 255 216 210
-1.67805 -2.62351 28.3894 -0 -0 -1 109 93 103
-1.52884 -2.63896 29.1543 -0.680577 -0.0763902 -0.728683 112 94 108
-7.59547 -2.46472 32.5486 0.912857 0.37941 -0.1508 77 92 59
5.24627 0.672279 30.2619 0.328993 -0.941654 -0.0710794 106 90 84
-1.44382 -2.2732 28.9749 -0.0106822 0.1554 -0.987794 145 135 136
-1.28298 -2.21847 28.9782 0.252044 0.0999488 -0.96254 242 230 230
1.02852 -1.22472 28.4175 -0 -0 -1 152 135 141
-7.29641 -2.10047 32.155 0.894617 0.434424 0.104577 104 112 92
4.23693 -0.762251 29.5669 -0.276475 0.891001 0.360111 250 228 231
7.387 0.186756 30.6102 0 0 1 217 201 201
0.808177 1.33021 28.1998 -0 -0 -1 221 183 170
8.13657 -1.35282 29.7512 0 0 1 255 245 249
3.66565 -0.734618 30.1045 -0 -0 -1 232 204 213
7.84633 -1.45963 29.6715 0 0 1 192 165 166
-1.05463 3.12605 19.6002 0.029987 -0.977831 -0.207238 255 219 221
-4.31333 0.782866 30.0072 0.651793 -0.739091 -0.170029 127 114 98
-6.76122 -1.83087 30.709 0.526318 -0.596294 0.606154 102 101 89
-7.64856 -0.954225 31.3422 -0.833919 0.236026 0.498869 117 134 102
-6.34645 0.772299 29.8993 0.759485 -0.502936 0.412598 96 102 80
-8.0486 -1.52939 31.8448 -0.796645 0.0261273 -0.603883 72 84 62
0.43164 -2.64465 29.2406 0.52457 0.562047 -0.639477 124 107 107
-7.42449 -2.54337 33.2386 -0.897893 0.0988006 -0.428983 89 98 77
2.83951 0.0328862 30.1348 -0.0578573 -0.871268 0.487386 145 141 129
-5.89009 -0.846937 30.7495 0 0 1 167 142 148
0.0273157 -0.704365 29.4797 0 0 1 182 152 160
-5.76848 -0.80841 30.169 0.716295 0.371741 -0.590534 167 142 148
-7.28518 0.14011 29.7468 0.784138 -0.61811 0.0553859 138 130 128
1.47446 3.1289 19.2476 -0.0274149 -0.991184 0.129627 151 136 120
3.20517 -3.53958 28.7191 0 0 1 230 228 254
-7.05086 0.184645 29.9296 -0.319042 0.000963519 0.94774 84 81 78
-0.983011 -2.38303 28.7748 -0 -0 -1 221 200 207
-7.3831 0.29992 29.9749 -0.299724 -0.36816 0.880127 85 85 83
3.06647 -3.26116 29.1055 -0.0429476 -0.711031 0.701848 176 176 176
-7.32785 0.350029 30.0187 -0.38848 -0.494207 0.777716 168 164 163
-7.49724 -2.56358 32.9173 -0.904662 0.382431 0.18797 85 97 77
-6.99527 0.295026 30.0121 -0.0435783 -0.165185 0.985299 84 75 76
-6.94294 -2.49534 32.7776 -0.290216 -0.923862 -0.249507 122 130 109
-6.95174 0.362585 29.9602 -0.0608244 -0.46502 0.883208 206 196 194
7.73837 0.532897 29.4012 0.153604 0.181198 -0.971377 106 108 86
-2.48973 -3.80869 28.521 0 0 1 87 78 73
-5.503 0.854808 29.9243 0.171696 -0.979333 0.106898 130 131 113
4.57431 3.11338 19.5127 -0.0932946 -0.976785 0.192837 255 213 209
4.56207 0.6793 29.6097 0 0 1 92 97 75
-3.00029 1.07503 29.8379 -0.289434 -0.950361 -0.1142 160 149 131
6.56968 0.834141 29.573 -0.637998 -0.25779 0.725605 92 81 77
-0.558234 -0.602701 30.8144 0 0 1 92 79 88
2.1263 3.12026 19.5744 -0.0115728 -0.993191 -0.115918 252 240 229
5.87667 1.12577 28.7035 0.329232 -0.901929 -0.279519 191 191 171
1.95401 -3.33005 28.833 0 0 1 249 225 225
-3.2472 0.235122 30.3025 0.135802 -0.984921 0.107182 155 135 136
5.25665 -2.28864 28.9625 -0.0929716 -0.995388 -0.0236458 157 143 154
-7.55005 -2.69818 32.9 -0.784756 0.585054 0.20462 132 148 109
-0.868545 0.975661 29.8285 -0.548905 -0.814015 -0.189956 153 136 130
-7.39076 -2.6061 33.0926 -0.0954732 0.995302 0.0160742 83 91 68
-7.25222 -2.28256 32.5838 0.141491 -0.942924 0.301453 125 139 104
5.29076 3.10559 19.455 -0.0824884 -0.988736 -0.124888 255 234 225
-1.3113 -2.32643 28.9822 0.501012 -0.0301778 -0.864914 141 130 146
-6.64223 -1.81457 30.6217 0.0998181 0.988406 0.114407 232 224 222
4.56544 -2.95559 29.7719 0 0 1 201 196 202
3.63177 -1.88672 28.9667 -0.743297 -0.566001 0.356584 138 122 129
-5.70487 -3.20604 28.5005 0 0 1 212 187 191
2.15561 1.14181 29.0777 -0.642611 -0.738807 -0.203018 166 143 131
-3.77491 3.12058 19.6029 -0.0103571 0.999143 0.0400748 255 235 231
-7.69201 -2.70821 32.8479 -0.452907 0.868027 0.203482 99 113 77
-7.55621 -1.09644 32.0886 -0.370499 0.921791 -0.114154 70 84 61
-7.38522 -2.11431 31.9348 0.53415 -0.133516 -0.83478 111 119 98
5.6282 -2.17222 30.4656 0 0 1 132 111 106
5.70505 -2.94842 30.4853 0 0 1 250 250 250
7.47159 0.382403 30.0724 -0.0987133 0.960385 0.260607 170 159 157
-4.13243 -0.963317 29.525 0.811128 0.351412 -0.467527 114 94 96
1.93797 -3.2589 28.6424 0 0 1 230 204 205
8.06505 -1.29837 29.5489 0 0 1 106 85 90
-3.17301 3.17809 19.3589 0.0865697 0.980885 0.17427 254 245 236
-7.20884 -0.829594 32.2244 0.487455 0.629317 0.605267 112 115 104
-3.69713 3.15858 19.409 -0.149142 0.920263 0.361764 182 170 160
-7.21873 -0.833275 32.2765 0.487455 0.629317 0.605267 112 115 104
-7.20857 -0.737495 32.1448 0.487455 0.629317 0.605267 79 82 73
1.66611 -0.720116 29.9751 0 0 1 229 207 210
-0.403139 -0.285863 30.1255 0.419844 -0.306281 0.854355 221 199 207
-6.286 -1.67969 29.9935 0 0 1 240 228 235
-7.37921 0.221453 30.207 0.816403 -0.401113 0.415446 86 85 83
0.9099 3.14991 19.3611 0.0905887 -0.981128 0.170824 255 245 236
-6.78229 0.0397058 29.9738 0.36288 -0.363232 0.858126 88 82 78
1.56634 -3.75445 28.8371 0 0 1 100 86 83
2.18206 3.13316 19.2173 -0.0516628 -0.989707 0.133459 116 108 86
-7.27201 0.405677 30.0757 -0.173921 -0.444768 0.878597 89 82 88
-7.4532 -0.125612 29.8495 0.159976 0.985399 0.0582802 88 74 70
-7.15967 0.370883 30.0223 0.0488446 -0.517506 0.854285 177 171 172
-2.70658 1.00973 29.7404 -0.0161392 -0.880626 0.473537 131 128 111
-6.75453 0.440278 30.0806 -0.295699 -0.508605 0.80863 82 76 76
-2.2747 3.1398 19.6995 -0.121124 0.98936 0.080591 250 243 235
-7.08944 0.506313 30.0918 0.38909 0.724173 0.56937 162 159 153
-2.21626 -3.61765 28.0444 0 0 1 224 208 235
4.02023 0.323823 30.3141 -0.540217 -0.826213 0.159805 133 136 114
-6.77533 0.556268 30.1366 -0.107615 -0.0866194 0.990412 91 81 81
-6.65996 0.381271 30.0063 -0.294522 -0.521266 0.800961 176 176 173
1.46985 -1.96388 29.4527 0.129643 0.485136 0.864775 222 207 212
-6.77678 -0.503956 29.6687 0 0 1 68 75 71
7.05397 0.505002 29.8851 0.00270376 0.421646 0.906757 89 90 83
-1.67373 0.695237 30.2082 -0.0532261 0.491093 -0.869479 186 168 161
-3.51384 -4.12474 28.1977 -0.45078 -0.882777 -0.132298 167 148 144
3.83121 3.16301 19.5013 0.0851222 -0.995815 0.0332579 255 251 242
-6.69284 -0.0257678 29.9593 -0.0182764 0.3942 0.918843 158 150 148
-3.525 -4.13993 28.3372 -0 -0 -1 167 148 144
-6.22165 0.902572 30.0305 0.430367 -0.708499 0.559297 135 132 113
-0.773829 -3.25062 28.9561 0.0146187 0.571737 -0.820307 100 94 96
-0.426385 -2.67114 29.2119 -0 -0 -1 100 90 94
-6.63976 0.195721 30.1252 -0.973247 -0.079648 0.215516 86 81 78
-8.00098 -2.73539 33.2505 0 0 1 125 137 96
-3.56581 3.18612 19.383 0.140537 0.984839 0.101695 253 241 232
-6.58759 -1.30966 29.1114 0.928535 0.0115429 0.371064 207 196 199
-2.21786 0.960991 29.7431 0.420845 0.864673 0.274281 93 86 74
-7.49787 -0.761821 31.6708 -0.713127 0.649074 0.264864 68 78 61
-0.463592 -3.32603 28.9642 0.381981 -0.858301 -0.342652 101 97 99
-7.06336 -0.167075 30.7558 0 0 1 147 133 132
4.15398 0.614269 29.8788 0.569587 -0.420097 -0.706462 87 90 69
-3.63776 -3.42789 27.5888 -0.960624 -0.20561 -0.186887 244 227 247
2.13542 1.12129 29.2163 -0.642611 -0.738807 -0.203018 121 106 91
-7.2969 0.493289 30.1501 -0.269255 -0.117258 0.955904 174 177 166
-6.62697 0.664758 30.0647 -0.157188 0.686079 0.710344 85 91 77
4.64254 1.0839 28.8799 0.867393 -0.0773981 -0.491567 179 175 163
-2.30989 3.15542 19.4395 -0.047265 0.998412 0.0306464 255 248 233
-7.92297 -2.4868 31.7733 -0.752363 0.235822 -0.615092 87 103 76
4.99851 3.1707 19.4974 0.0892346 -0.994512 -0.0546106 255 241 223
-3.31291 -3.16098 29.3048 0 0 1 96 96 96
0.913229 -1.10874 30.065 0.6264 0.779483 -0.00545381 172 157 162
-7.69257 -0.742959 31.5045 0 0 1 78 89 71
-1.70739 -2.53098 27.9538 -0 -0 -1 224 209 232
4.50457 0.749833 29.9502 0.60422 -0.79635 -0.027286 151 153 126
-0.577012 -3.31426 28.8083 0.210261 -0.627514 -0.749677 191 180 186
5.5563 1.07799 29.1934 0.303647 -0.95159 -0.0476939 178 161 145
-1.26749 -2.48665 28.9891 0.150354 -0.586226 -0.796073 238 227 235
2.97226 0.999397 29.2789 -0 -0 -1 100 90 78
3.08219 -1.36366 29.7138 -0.33886 -0.935991 0.0953727 80 80 77
6.56757 -1.61097 29.5798 0 0 1 237 208 210
1.52995 -3.59034 28.844 0 0 1 83 79 77
4.60494 0.688669 30.1714 -0.323575 -0.0209441 0.945971 94 100 78
7.63835 1.21341 29.1695 -0 -0 -1 185 159 142
-2.84357 0.858967 29.5758 0.308197 -0.801708 0.512131 119 111 102
1.67163 -1.66911 29.5714 -0.0923842 -0.522829 0.847417 194 173 178
1.15318 0.309524 30.2196 0.185818 -0.304598 -0.93418 170 155 150
-7.42065 -0.398231 30.9719 0 0 1 83 80 75
-5.99833 -0.247426 30.1063 0 0 1 220 208 208
-1.05618 -3.26178 27.7791 -0 -0 -1 91 93 80
2.30512 -3.96843 28.1101 0 0 1 243 226 236
5.59064 -2.16402 29.3065 -0.543834 -0.787097 0.291071 78 66 72
6.07238 0.626513 29.9036 -0.866674 0.487141 -0.10756 60 60 49
-5.89395 0.257057 30.1495 0.254965 -0.870688 -0.42059 218 210 211
-3.95684 0.768763 30.2818 0.0594405 -0.895697 0.440674 114 103 89
-5.1963 0.249631 30.0565 -0.470779 0.278821 0.837034 140 127 131
6.28882 -2.06762 29.456 0.738363 0.352309 0.575063 242 217 220
4.63293 -3.27732 28.5529 -0.562776 0.825644 0.039932 212 204 223
5.58493 -3.23988 29.0584 0.761222 -0.0887597 0.642389 210 196 193
5.67134 -2.90028 29.1474 -0.247244 -0.950711 0.187131 217 206 212
3.17177 -2.72986 29.2529 0.0345025 0.950285 0.309464 200 192 203
2.37042 -2.04549 29.2202 0.905785 0.378362 0.190774 143 119 133
-7.51394 0.496914 30.0578 0.076258 -0.857603 0.508627 171 175 176
-7.11238 -2.22793 32.3977 0.328864 -0.656232 -0.679123 118 130 106
-6.0407 0.211435 30.2842 0.103941 -0.93647 -0.334993 137 129 117
-6.79926 0.936049 29.8036 -0.192859 0.940377 0.280173 102 101 74
2.42263 -1.87112 29.0729 0.589574 -0.705185 0.393848 198 185 192
-5.34244 -1.51386 28.3066 0 0 1 207 190 196
-4.92205 -1.54559 29.2206 -0.078248 0.972945 -0.217382 196 179 185
6.39944 1.20024 28.7387 0.00542813 -0.857484 -0.514482 151 146 123
2.51033 -1.11763 30.1968 -0.760061 0.106145 0.641124 174 164 165
3.90163 0.923219 30.3026 -0 -0 -1 87 77 65
-2.52566 0.177794 30.1568 0.80467 0.367566 -0.466264 155 135 146
1.3004 0.262417 29.9037 -0 -0 -1 216 188 190
2.67718 0.695289 30.006 0.322207 -0.706932 -0.629627 86 91 71
1.32293 1.32472 28.204 -0.0492035 -0.96586 -0.25435 141 138 122
-6.81726 0.895473 29.8981 -0.332483 0.924392 0.186961 139 134 118
0.0346557 0.790251 29.9991 0.390462 -0.434403 -0.811686 109 96 79
5.74023 1.26571 28.3794 0.218321 -0.933698 -0.283803 148 131 109
-2.47569 -3.27169 28.8418 0.426446 -0.834515 0.348895 172 166 169
-7.19297 -2.33911 32.8019 -0.922105 0.0603951 -0.382197 75 89 64
-2.32423 -0.237454 30.0318 -0.340007 0.908716 -0.242136 250 230 241
-2.89834 3.16692 19.5759 0.0690538 0.988023 0.137994 179 173 162
-1.55029 -0.224534 30.1672 -0.720243 -0.659197 -0.216122 176 159 165
-1.92912 3.11943 19.5663 -0.00194122 0.999853 -0.0170345 255 221 226
6.01099 -1.90157 30.2431 0 0 1 162 143 149
-3.79197 1.3288 28.5544 -0.0033692 -0.946418 -0.322927 210 175 162
1.25414 0.803062 29.9283 -0.135521 -0.79866 0.586325 134 132 111
-1.86715 -0.938603 29.8357 -0.119524 0.983721 -0.134187 201 173 172
-4.55829 0.905477 29.5897 0.119731 -0.947082 0.297826 94 83 74
-5.23457 0.193783 30.1641 -0.187334 0.980135 0.0651206 217 202 205
4.34607 1.06443 29.0474 -0.00307419 -0.982371 -0.186918 130 133 114
1.67672 0.801677 29.4858 0.0113853 -0.960802 0.277003 108 105 91
2.25675 0.7641 29.7207 0.747795 -0.66385 -0.0102624 128 138 108
-6.16486 -1.41708 28.9553 0.556403 0.599063 0.575794 254 240 248
-6.49629 0.358917 30.6798 -0.895391 0.307511 0.322042 128 125 110
6.89569 0.746166 29.7354 -0.169962 0.618178 0.767443 142 133 122
-3.49804 0.159073 30.1069 -0 -0 -1 209 184 188
-2.34102 3.26989 18.7224 -0 -0 -1 148 142 105
2.77747 0.023903 30.5281 0.900958 -0.132505 -0.413179 191 177 168
5.52518 -4.06963 28.574 0.88663 0.462451 -0.00522103 194 177 183
-0.496798 -3.23404 29.2408 -0 -0 -1 206 196 203
-2.39188 1.31988 28.5614 -0.0272048 -0.947412 -0.318857 131 110 103
-1.56092 -1.22356 29.187 0.518663 0.852961 0.0587037 131 102 107
-1.18324 -2.2052 28.9453 0.237725 -0.0601702 -0.969467 242 221 228
3.65358 -1.33443 30.4281 -0 -0 -1 175 155 166
-5.39864 3.19174 19.4386 0.0746455 -0.894812 -0.440159 243 226 210
-3.72846 3.1865 19.4121 -0.141754 0.976203 0.164116 255 251 237
-6.66194 -1.91016 31.1126 0.436235 0.761498 0.479396 228 217 217
-3.52938 -0.323946 30.2764 -0.810883 -0.523998 -0.260566 193 170 172
-7.95973 -1.50966 32.0445 -0.266963 0.933629 -0.23889 65 73 52
2.50679 -0.33556 30.2763 -0.149638 -0.493312 0.856885 229 203 206
1.30125 -1.27491 28.7083 0.188118 0.981081 -0.0457348 126 110 112
-1.83037 -1.02726 29.321 0.921512 0.335228 -0.196056 125 98 100
1.72922 0.608676 29.9302 0.142389 -0.586098 -0.79763 77 75 60
3.21336 3.15162 19.4231 0.362744 -0.847629 -0.387223 255 255 250
-2.76428 1.36521 28.137 -0.163773 -0.9372 -0.307952 245 204 194
2.1906 1.26179 28.6562 -0.207737 -0.977141 0.0451815 146 126 111
-4.18943 0.509272 30.5162 -0.442208 -0.807684 0.389998 154 141 140
5.0923 -1.31217 29.005 0 0 1 183 164 170
4.56046 -0.951004 30.7083 0 0 1 184 156 168
7.75518 -1.67254 29.1657 0 0 1 183 157 158
5.54361 1.0292 29.6056 0.0463522 -0.994341 0.0955925 164 150 132
2.51186 -0.821624 29.732 0 0 1 207 191 194
5.34279 1.04917 29.4764 -0.17393 -0.955636 -0.237714 170 156 142
5.20781 -0.53292 30.2847 0 0 1 141 125 136
6.25545 0.977056 29.6464 -0.715412 0.413119 -0.563488 91 82 73
8.18947 0.194551 30.4469 -0.853522 0.50831 0.114551 130 109 109
1.88184 3.15201 19.2085 0.0493355 -0.976886 -0.207988 254 251 235
2.50152 1.27905 28.5885 0.345993 -0.937191 0.0443031 174 136 127
1.80553 -2.24693 28.7601 -0.163424 -0.815448 0.555281 166 146 155
2.54087 -1.06325 30.1412 -0.729749 0.0867794 0.678185 108 94 97
5.22633 0.331443 30.0714 -0.190963 0.573413 0.7967 160 129 124
3.73266 -2.34117 28.671 0.141707 0.436046 0.888697 221 199 202
3.46766 3.16076 19.4768 -0.25462 -0.966543 0.0310379 163 153 126
-7.59689 0.334277 29.8487 -0.00180034 0.0456929 0.998954 80 75 72
0.975236 -1.31703 28.9104 -0 -0 -1 215 197 202
-6.61437 -0.0888675 30.6813 -0.968571 0.107571 -0.224272 133 128 122
-7.1095 -2.30907 32.63 -0.0463327 -0.939621 -0.339065 114 123 102
-6.97703 0.881157 29.2432 0 0 1 124 135 115
-4.33535 -1.67265 29.0767 0.714076 0.18139 0.676161 139 123 133
4.25637 -0.964382 29.6948 -0.591503 0.142593 0.793594 244 222 234
5.45176 -3.9052 27.8474 0 0 1 164 144 155
3.61627 -2.36123 29.1342 -0.973626 0.228105 -0.00447643 224 205 205
-2.97897 3.13435 19.6876 0.0568867 0.978023 0.200585 254 250 241
-7.27414 -2.75007 33.5686 0 0 1 129 140 110
-7.20941 -0.0657827 29.9354 -0.679708 -0.390875 0.620656 77 69 67
0.592199 -1.10413 30.3923 -0.250983 0.94687 0.201111 137 128 136
-7.2373 -2.19435 32.2036 0.749397 0.599617 0.280828 126 138 112
-7.10066 -2.4246 32.765 -0.478547 -0.458618 -0.748774 74 86 62
2.77948 3.11469 19.4987 0.0439233 -0.997288 -0.0590579 251 249 240
-6.21693 -1.97133 30.2308 0 0 1 219 207 212
1.34006 0.434383 30.3446 -0.368928 -0.833083 -0.412148 117 107 97
-3.59824 -1.08705 29.8164 0.595976 -0.248861 -0.763466 144 123 122
5.14931 -1.14794 30.2181 0.0628231 -0.80147 0.594726 157 142 149
-6.532 1.02202 29.5891 -0.98215 0.097942 0.160587 119 134 105
-2.39543 -0.327121 30.4684 0.489689 0.595573 0.636787 168 148 159
-3.3442 0.165618 30.3027 -0.0920735 -0.792466 0.602927 218 196 198
6.88292 0.522176 29.8807 -0.0408319 0.471404 0.880972 119 120 113
-2.2803 0.251637 30.023 -0.170389 0.955417 -0.241133 149 137 136
5.34956 3.19803 19.4138 -0.114174 -0.988967 -0.0943887 183 168 147
-1.93572 0.250144 30.0056 -0.795528 -0.553363 0.246832 119 105 106
2.01252 0.413537 30.174 0.179724 -0.164639 -0.969842 125 126 112
6.78252 0.250621 30.2913 -0.681531 -0.408932 0.606869 123 121 100
-2.70833 0.583779 30.3386 0.221973 0.361509 -0.90556 103 95 92
0.870641 -1.0751 30.0516 0.6264 0.779483 -0.00545381 175 166 171
2.81966 0.684673 29.6819 -0.0102196 0.975269 0.220786 59 69 44
6.82534 0.689844 29.8349 0.373785 0.582531 0.721763 109 100 90
5.58317 -2.1057 29.3222 -0.543834 -0.787097 0.291071 107 92 91
-6.43892 0.254341 30.8891 0.258786 0.261746 0.929795 118 104 91
-0.692417 -3.13004 29.1829 -0.388071 -0.0346027 -0.92098 205 197 202
-5.00327 -1.10297 29.3341 0.841046 0.277083 -0.464615 127 101 100
1.60008 -2.5314 29.0806 0 0 1 180 167 169
-2.9678 0.548777 30.1431 0.128788 -0.396593 -0.908916 190 173 164
-3.74876 3.132 19.675 -0.00456031 0.996204 0.086928 253 231 220
0.471338 0.909969 29.6926 0.0235986 -0.673876 -0.738468 158 135 125
-4.42448 -1.46873 28.9687 -0.321549 0.0201657 0.946678 182 165 171
7.12313 0.895751 29.7238 -0.201659 0.92328 0.326936 97 86 77
5.47348 0.0610498 30.0685 -0.214628 0.660515 0.719482 233 217 212
3.58373 -1.19738 29.2909 -0.155122 -0.852335 -0.499462 197 176 181
-0.500373 3.20357 19.242 0.00596225 -0.890127 -0.455674 177 165 137
7.04417 0.571106 30.1601 0.84946 0.428538 -0.307852 84 90 76
7.56526 -1.59572 29.2809 0 0 1 235 205 205
-3.51592 -1.00883 29.6452 0.780935 0.602728 0.163892 195 175 177
-3.30851 0.680356 30.3676 -0.613857 0.0255956 -0.789002 100 89 82
0.0513367 0.989822 29.6584 -0.538643 -0.601511 -0.589956 112 93 79
4.21441 -0.850479 29.6095 -0.64049 0.406897 0.651313 130 100 115
-2.03782 1.08882 29.6131 -0.484123 0.71673 0.501919 131 121 94
2.12558 1.27339 28.6452 0.0569146 -0.998211 -0.0182998 134 121 111
7.33706 0.413763 30.0666 -0.0538417 0.837092 0.544406 142 139 156
-6.02376 -1.59624 29.4665 -0.35206 0.916841 0.188297 204 191 195
-7.53097 -2.74445 33.214 -0.47534 0.866819 0.150588 99 110 72
4.11517 -2.57447 28.9771 0.238081 -0.393101 0.888138 196 169 176
4.58108 3.08919 19.3384 0.0889178 -0.988436 -0.122829 255 207 205
-7.48219 -2.43095 32.7734 -0.849124 0.428656 0.308613 95 99 74
0.254224 -1.84694 28.0194 -0 -0 -1 254 236 253
-6.634 0.337664 30.3598 -0.891242 0.431353 0.140078 91 92 86
3.13784 3.16042 19.2334 0.155076 -0.98467 -0.0798532 247 237 225
0.499785 0.317172 30.4149 -0.359849 -0.62974 -0.68843 161 152 153
-3.44003 -3.54355 28.7207 0.489755 -0.866087 -0.100162 198 189 194
1.79851 0.517558 30.2448 -0.234807 -0.967331 0.0955812 134 129 119
-5.20217 0.692456 30.3194 0.25518 0.932766 0.254618 134 128 116
-6.256 -1.37164 28.6926 0.18439 -0.472218 0.86198 213 199 212
-1.41718 0.608863 30.1122 -0.0651765 0.847168 -0.527313 193 170 166
0.00994647 0.87656 29.7154 -0.0231645 -0.806445 -0.590855 140 110 93
0.470236 0.867665 29.616 0.581032 -0.795936 0.169965 117 95 82
-5.84019 -1.25993 28.6536 0.717279 -0.552135 0.425038 209 196 199
2.70038 0.668685 29.7991 -0.626535 -0.211417 -0.750171 115 118 105
-6.40723 0.978088 30.0473 -0.309624 -0.924402 0.222744 102 109 79
5.06941 0.61563 30.1937 0.429791 -0.528124 -0.732369 138 134 122
6.23349 1.05325 29.4537 0 0 1 167 160 134
3.00666 -0.371431 29.3947 0 0 1 160 141 147
-6.66677 0.167273 29.8008 0.183266 -0.511604 0.839449 93 77 82
7.35919 1.03922 28.6073 0.706032 -0.354406 -0.61312 125 113 97
-2.90858 0.508206 30.2764 -0.152999 -0.981319 -0.116642 144 122 119
5.19231 3.11364 19.5265 -0.0302019 -0.961076 -0.274627 245 223 212
3.71778 0.74898 29.7512 0.271729 -0.668096 -0.692684 154 154 133
-4.14498 0.940856 29.7637 0.143925 -0.967963 0.205752 104 88 77
4.46663 -2.27909 29.0664 -0.562932 -0.797411 -0.217353 181 165 175
3.41797 1.30766 28.4611 0.205929 -0.941535 -0.266654 225 195 181
-2.6226 3.1866 19.3291 0.095618 0.976762 0.191813 254 244 217
4.54414 1.17743 28.2648 -0 -0 -1 119 107 91
3.6491 -2.24094 28.9811 -0.819551 0.567635 -0.0782693 157 138 158
-4.20575 0.85542 29.7856 0.198935 -0.733321 -0.650127 162 150 138
5.45574 -2.36199 28.9132 -0.353166 -0.463492 0.81268 159 146 157
-6.43961 -1.70173 29.7838 0 0 1 231 220 226
5.41791 0.373501 29.8991 -0.595099 0.236595 0.768036 153 143 133
-2.74764 0.978775 29.7089 0.261741 -0.879356 0.397775 83 83 72
1.03513 -2.78037 29.2861 0 0 1 80 81 78
-3.39219 3.17365 19.5507 -0.0497824 0.985012 0.165147 168 145 139
6.41402 1.25545 28.7032 -0.287309 -0.895958 -0.338694 144 127 107
-7.56728 -2.59581 32.7406 -0.798788 0.299944 0.521509 101 113 77
0.25978 -1.07738 28.5865 -0.605821 0.753454 0.255516 224 205 209
-3.52396 3.12431 19.2255 -0.255115 0.918236 -0.302917 254 236 228
0.840824 -0.644848 30.1047 -0 -0 -1 105 98 106
2.4629 -0.0136356 30.5152 0 0 1 151 141 134
4.73244 -3.00885 29.0657 -0.396766 0.616038 0.680496 205 197 210
-3.62004 -1.40495 30.5273 -0 -0 -1 169 156 165
-1.92505 0.288051 29.9267 -0.799066 -0.459091 -0.38824 116 103 97
-3.36156 -2.69497 29.3584 -0 -0 -1 181 184 193
6.16192 1.30622 28.0908 -0.15024 -0.986601 0.0636051 181 144 135
0.775229 3.18854 19.1882 -0.129372 -0.988403 -0.0795123 157 152 124
-6.85445 -0.11168 29.9987 0.214284 -0.481048 0.850103 92 82 81
-6.81208 0.303077 29.961 -0.0658457 -0.322995 0.944107 90 80 80
2.13509 3.2829 18.6913 -0.307489 -0.945545 0.106744 136 128 92
-1.45499 -0.359472 30.2352 -0.452222 -0.695416 -0.558473 191 168 181
0.552655 -1.0392 30.178 0.0744469 0.99625 -0.0440784 96 82 86
5.52173 -4.00534 28.6005 0.88663 0.462451 -0.00522103 158 142 148
4.02192 0.329271 30.4129 -0.399591 -0.904091 0.151484 132 136 112
-7.17184 -2.2114 32.6142 -0.0766644 -0.993947 -0.0786929 80 91 70
3.06172 3.12315 19.5551 -0.0969921 -0.994973 0.024944 253 251 246
5.11879 -3.32433 29.0723 0.44074 0.897487 0.0162931 115 114 123
-6.22636 -1.40828 29.0591 0.556403 0.599063 0.575794 239 222 230
0.509415 -0.372125 30.6674 -0 -0 -1 196 171 174
2.91636 0.0562159 30.2722 0.596434 -0.173569 0.783671 94 88 76
0.491654 0.828679 29.7793 0.313502 -0.798039 -0.514636 194 172 161
4.91245 0.549803 29.821 0.442514 -0.819155 0.36492 80 77 63
6.25308 0.478837 30.2005 -0.714017 0.102928 0.692522 151 144 137
-2.39998 -0.846803 30.1318 0 0 1 181 176 173
-5.46644 -1.53088 29.4838 0 0 1 247 231 234
-2.11609 -0.130605 29.6765 -0.186316 0.454828 -0.870872 176 159 177
7.45965 0.292357 30.4154 -0.0960905 0.954028 0.283897 112 102 101
5.02789 -0.510306 30.5677 -0.269853 0.232436 0.934426 228 211 220
-3.07225 0.722601 30.1485 0.0194015 -0.212708 -0.976923 117 108 91
2.49715 -3.96754 28.5749 0 0 1 187 177 176
0.371717 1.33429 28.2388 0.0284004 -0.996734 -0.0755926 225 186 171
2.06639 3.1163 19.5307 -0.137077 -0.988784 -0.0592923 252 236 227
4.80667 -3.88818 28.8873 -0.799002 -0.589744 -0.117467 135 122 132
4.97175 -1.73511 28.7863 0 0 1 140 132 130
-2.83477 3.26342 18.9806 -0 -0 -1 183 181 140
-7.91701 -1.55076 31.7468 -0.74803 0.631125 0.205262 144 155 125
-4.20441 -1.43304 28.6833 0.93179 -0.234974 0.276683 246 224 235
-4.77596 3.19164 19.5123 0.0639561 -0.995837 -0.0649515 250 238 222
-7.68494 -1.40347 32.1389 -0.92439 0.380748 -0.0231095 127 140 122
-7.57082 -1.35093 32.3061 -0.602321 -0.794136 -0.0809746 114 126 111
-7.33724 -0.307676 31.7005 0.0869417 -0.889946 0.447702 216 206 198
-6.89478 0.797646 30.0474 -0.148527 0.736325 0.660125 127 121 107
2.39641 -1.0584 29.7911 -0.768176 0.0801351 0.635204 233 211 223
1.23648 -3.7102 29.0177 0 0 1 166 168 163
4.93745 -0.759416 29.0836 0 0 1 177 164 172
5.34853 -1.50305 30.0439 -0.00238828 -0.968501 -0.248999 228 213 218
-7.15577 0.442644 30.2129 -0.18328 0.470135 0.863355 82 82 80
-2.3858 3.13409 19.5616 -0.00511834 0.997192 0.0747057 239 235 224
-5.217 0.89957 29.5843 -0.718371 -0.695003 0.030234 135 133 120
2.07819 0.348231 30.3864 -0.416498 -0.889475 -0.188054 113 121 106
-2.15132 0.58885 30.1336 -0.139409 0.511714 0.84777 195 175 166
8.24066 0.26496 30.6186 -0.267063 0.929486 -0.254427 152 130 135
7.77199 0.610393 28.9545 -0.0231377 0.304618 -0.952194 153 140 124
-5.17773 0.985961 29.8082 0.261348 -0.965014 -0.021105 86 89 68
-3.0405 0.715525 29.8434 0.282008 -0.958758 -0.0354326 110 105 86
5.71064 3.12398 19.5879 -0.0025851 -0.965529 0.260284 250 215 204
7.17437 0.822134 29.5661 -0.443003 0.73751 -0.509732 91 88 71
4.73559 1.30009 28.3567 -0.202513 -0.948889 -0.242069 233 196 180
-2.15304 3.12517 19.3097 0.0249643 0.990648 -0.134142 147 129 109
3.72888 3.12176 19.268 0.0550488 -0.995783 -0.0733855 255 243 235
-7.90878 -2.78518 33.1284 0.54875 -0.543084 0.635558 122 139 105
2.60731 0.255788 30.4071 0.275562 -0.910155 0.309328 106 103 93
8.00183 -1.81462 29.7214 0 0 1 140 119 124
-2.26007 -3.39309 27.7264 0.849385 -0.3189 0.420533 138 125 140
-7.65797 -0.786037 31.2791 -0.951318 -0.0185555 0.307651 130 144 119
-7.11853 0.136111 29.9627 -0.00612882 -0.74491 0.667136 181 172 176
-7.74695 -1.04953 31.3747 -0.210587 0.880346 0.425023 136 153 115
-7.06347 0.570557 29.9995 -0.0693501 -0.451128 0.88976 111 114 97
6.42167 0.335687 29.9568 -0.254712 -0.199978 0.946114 175 158 140
-2.57265 0.742753 30.1902 0.66006 -0.517083 -0.544928 95 87 84
-0.263462 1.0703 29.6919 0.216629 -0.949886 -0.225363 144 121 112
-2.3297 -1.00898 29.8142 -0.681206 0.69253 -0.237402 173 151 153
2.24634 0.573454 30.0396 0.522674 -0.690374 -0.500196 133 133 121
3.86393 3.1595 19.3335 -0.0414439 -0.995242 -0.0881778 254 246 234
5.72601 3.16308 19.2961 0.15678 -0.908807 -0.386639 253 238 216
4.42671 -0.292213 30.2848 -0.610125 0.215962 0.762305 166 143 147
-2.16125 -1.88415 28.3791 -0 -0 -1 208 192 205
-6.93421 0.20799 30.055 -0.0692667 0.261644 0.962676 82 74 74
-0.488263 0.841276 29.797 -0.00520612 -0.90501 -0.425359 164 145 135
4.70117 -3.94747 28.5019 0.243899 -0.576596 0.779776 131 116 127
7.05696 0.640642 29.8276 0.270788 0.469168 0.840568 115 122 102
8.21415 0.353992 30.3232 -0.671149 0.256134 0.695668 147 126 121
-2.58451 3.14148 19.6223 -0.0434727 0.998011 -0.0456455 255 245 232
6.54576 -2.01721 29.5775 0 0 1 245 224 231
3.11106 -0.0215973 30.1401 -0.266262 -0.0622145 0.961891 240 226 221
-5.79491 -3.54609 28.8307 0 0 1 209 184 187
8.04916 -1.36234 29.6583 -0.493717 0.779971 0.384562 196 176 178
-2.40213 -2.62532 29.1717 0.887496 -0.253797 0.384626 116 96 97
3.74861 -2.21786 28.9741 -0.702433 0.49577 -0.510685 133 121 141
4.42198 -2.46349 28.7416 0.456852 -0.0784079 0.88608 254 243 255
-1.91905 -0.963336 30.0938 0.419138 0.84014 0.34422 200 170 170
-0.744749 -3.01414 29.21 0.151938 -0.0561599 -0.986793 187 187 187
-7.43989 0.415839 29.9128 -0.52579 -0.411762 0.744309 99 98 103
-0.789507 -1.02822 30.1773 0.389578 0.860755 -0.327612 83 73 74
-6.51266 0.952681 29.7497 -0.100677 0.852852 0.512355 102 109 85
0.736132 0.892274 29.2426 0 0 1 101 92 87
-2.20221 3.15074 19.4894 0.0410767 0.994662 -0.0946607 252 243 231
-1.93251 -3.24924 26.901 -0 -0 -1 226 211 232
-7.89345 -1.76365 31.9642 0.0243244 0.0782687 0.996636 71 76 62
3.58104 3.15413 19.2547 0.112817 -0.992091 -0.0550246 255 254 236
-2.97663 0.506308 30.0919 0.380397 -0.466054 -0.798807 130 114 104
6.5814 0.329639 30.1256 0.805619 -0.0122271 0.592308 165 152 136
-7.4729 -0.0837828 29.9852 0.0650674 0.964788 -0.254855 88 78 79
-3.07348 -4.18704 27.7782 0 0 1 110 98 101
-7.49108 0.0683459 29.8238 -0.379534 -0.299198 0.875462 91 81 77
-5.13491 3.21139 19.3027 -0.0110576 -0.997569 0.0688017 167 166 130
7.17288 0.755373 29.8126 0.162228 0.605738 0.77895 144 140 128
7.37234 -1.61985 29.4651 0 0 1 240 209 215
-3.46706 -0.990476 30.1816 0.325922 0.858042 -0.396912 110 94 102
-0.537479 -1.54433 29.1855 0.722599 0.321934 -0.611726 188 176 180
-6.63959 0.662267 30.1194 -0.128102 0.651643 0.747631 85 86 65
-7.16364 1.27725 29.0134 0 0 1 157 130 111
-6.69099 -1.8107 29.9146 0 0 1 97 99 85
4.60455 -3.51658 28.8765 -0.138746 -0.863743 0.484456 200 194 213
-4.21486 0.762923 30.1621 0.0827474 -0.996331 -0.021868 109 99 89
-2.69924 3.13237 19.6624 -0.12018 0.979584 -0.161157 255 248 236
-7.61801 -2.76707 32.6896 -0.85767 0.477199 0.19153 126 140 104
-1.11284 -1.08997 29.7424 -0 -0 -1 168 153 167
-3.48142 -2.47835 28.7887 -0 -0 -1 165 142 152
-1.58842 -2.42921 28.8845 -0.131013 -0.848277 -0.51309 181 169 171
2.72927 -3.59605 28.8599 -0.410646 -0.838553 -0.358049 234 226 250
3.02933 3.12872 19.313 0.0384375 -0.997477 0.0596916 255 254 238
3.72248 3.12867 19.6249 0.52982 -0.719965 0.448265 249 219 221
3.54241 -0.963467 30.1776 -0.0806997 0.995916 0.0404819 148 128 130
-4.99098 3.14687 19.279 -0.0150423 -0.996848 0.0778962 248 231 211
-3.39957 -0.958825 30.3095 0.048825 0.888942 -0.45541 168 155 165
-7.41251 -0.858108 31.6978 -0.716784 0.572128 0.398609 129 130 122
-4.47478 0.72748 30.3687 0.851971 -0.52302 -0.0243976 138 128 118
0.504041 -0.996339 30.2253 0.203863 0.973837 -0.100404 138 123 130
7.49925 0.326772 30.4303 0.674232 0.738005 -0.0275617 215 210 206
-6.99447 0.411774 30.007 0.10188 -0.380009 0.919355 80 65 70
-2.27164 -0.293583 29.8087 -0.90884 0.417067 0.00804528 172 159 168
2.23629 0.696468 29.9759 0.259972 -0.338827 -0.904218 84 89 68
7.33846 0.452391 29.9709 -0.228221 0.550125 0.803292 137 134 138
7.12942 0.671664 29.9555 -0.349479 0.843714 0.407444 96 97 81
-4.2908 0.865815 29.7491 0.171606 -0.688556 -0.704586 186 173 161
-7.70017 -0.809421 31.1407 -0.622255 0.48625 0.613482 77 91 67
-1.40559 1.32146 28.487 0.0104914 -0.966676 -0.255788 236 204 193
5.2151 1.30338 28.5497 0.00260162 -0.957198 -0.289421 223 201 182
-4.55414 3.22195 18.8541 -0.154135 -0.884834 0.439672 252 252 216
-3.59624 -4.15282 27.5753 -0.957932 -0.269227 0.0994104 122 105 123
4.76909 -3.22228 28.6127 -0.203045 0.979127 0.00907165 200 191 204
-0.641948 -2.92103 29.8899 -0 -0 -1 205 205 208
-1.22787 -2.01308 29.1593 -0 -0 -1 162 140 143
6.51828 -1.73808 29.8034 0 0 1 202 172 176
-0.298386 0.970284 29.7849 0.298054 -0.650066 -0.698983 204 185 179
-4.38068 -1.54743 29.4939 0 0 1 221 202 206
-1.83198 -0.960405 29.9807 0.254319 0.959213 0.123419 204 178 181
-1.57057 0.333212 30.5126 0.539298 0.026788 -0.841689 156 137 140
-1.69723 -2.6388 28.0545 -0 -0 -1 214 199 219
6.23762 1.00754 29.745 -0.756271 0.390096 -0.525242 151 142 127
-2.32009 1.35714 28.0581 -0 -0 -1 240 195 189
-0.924784 0.607798 30.1249 -0.415478 -0.246064 -0.875689 141 127 118
4.85765 0.780172 29.8571 0.46593 0.675931 0.570988 124 117 107
-2.24699 -3.66076 27.8011 0.893618 -0.39323 0.216372 227 210 228
-0.478344 -2.69431 29.1504 -0 -0 -1 219 205 204
-7.80644 -2.67227 32.4623 0.0137651 0.848415 -0.529153 124 141 103
-1.20338 -2.46922 29.0603 0.770913 0.179592 -0.611097 246 233 245
2.0239 0.142397 29.9588 -0.916151 -0.360304 0.175637 245 237 251
-6.05841 -1.6472 27.6445 0 0 1 76 73 66
7.89033 -1.76654 29.4781 -0.44122 0.484027 0.755673 240 216 214
4.47013 3.11238 19.4559 -0.0791925 -0.978345 0.191231 255 233 219
-7.55136 0.466752 29.9251 0.0907964 -0.521386 0.848477 87 93 84
2.48408 0.0345097 30.0359 -0.222831 -0.204592 0.953147 152 151 139
2.97403 0.936392 29.3383 -0 -0 -1 126 116 107
-1.47891 3.11794 19.5715 -0.733967 -0.161807 -0.659629 255 226 219
4.12063 3.13246 19.3143 0.138804 -0.989816 -0.0315789 255 252 241
-1.34375 1.27993 28.6029 -0.0322653 -0.961904 -0.271477 170 136 124
-1.63586 -2.47012 29.0556 -0.546678 -0.833732 -0.0776802 188 175 181
-6.15163 -1.74569 29.5151 0 0 1 179 165 178
1.55475 0.441002 30.218 0.197036 -0.907542 -0.37087 90 96 81
3.54283 -3.92069 28.5018 -0.942992 -0.199032 0.266744 120 100 97
-4.12462 -3.32538 27.6149 -0 -0 -1 233 213 231
0.751271 -3.22577 29.0813 0 0 1 77 76 80
7.78027 0.351595 30.4019 -0.0279603 0.639076 0.768635 98 93 90
3.501 -1.49326 29.4408 -0.051186 -0.957172 -0.28496 126 105 114
-4.1833 -0.867703 29.4658 0.620763 0.624118 0.474478 182 162 164
2.35793 -0.201889 30.3057 -0.358493 -0.278761 0.890941 225 206 208
1.44189 0.313246 30.526 -0.404012 -0.751657 0.521331 114 115 102
-7.67131 -2.11218 31.5567 0.108869 -0.891195 -0.440363 95 105 80
5.04686 -0.64262 30.2363 0 0 1 232 213 219
-0.694723 -2.81662 29.2544 0.89605 0.158402 -0.414732 156 156 158
4.52877 -3.79141 28.9458 -0.586882 -0.513745 -0.625808 177 169 192
-1.11163 -1.52804 29.0012 0.679202 0.673171 -0.292448 239 221 235
-6.8635 0.157452 30.0112 0.442965 0.534024 0.72014 174 164 167
-3.67088 -4.03352 27.2375 -0 -0 -1 233 216 235
4.36992 -3.82736 28.4634 -0.959775 -0.0975522 0.263279 166 138 150
0.385898 -2.85435 28.7639 -0.373065 0.926012 -0.0576528 216 194 197
-0.952529 3.15733 19.6415 0.0660011 -0.97512 -0.211625 248 226 213
4.83163 -1.13546 30.2133 -0.242555 0.242619 0.93931 127 115 119
-6.87002 -0.483117 29.915 0 0 1 156 160 159
4.4069 3.14169 19.7326 -0.0375216 -0.991142 0.1274 249 207 211
-6.63929 0.118951 29.8683 0.582696 0.0746446 0.809255 177 165 167
-6.88175 0.81841 28.8806 -0.914382 0.351662 -0.200597 85 88 81
0.287342 -2.66603 27.5721 -0 -0 -1 204 183 200
7.70667 0.808132 30.3476 -0 -0 -1 92 95 76
2.72241 1.25054 28.0817 0.205932 -0.973887 -0.0955852 145 143 123
4.1466 3.15742 19.6417 -0.0512342 -0.982712 0.177908 149 126 116
-6.754 -2.61751 32.5987 -0 -0 -1 130 140 116
-5.6219 -0.234413 29.9293 0.717074 -0.695442 -0.0465351 222 201 208
-0.508488 -0.369061 30.5958 0 0 1 191 168 174
0.525998 0.572164 30.1244 -0.504783 0.140936 -0.851664 130 120 111
-2.63298 3.19523 19.4074 0.0821962 0.978141 0.191008 254 244 217
2.55339 3.1424 19.4216 -0.156349 -0.986943 0.0387076 252 220 206
6.06293 1.00995 29.5595 -0.360709 0.322191 0.875261 145 134 116
2.10442 3.15907 19.2437 -0.0790636 -0.993613 -0.0805074 254 249 227
7.81964 -1.89522 29.2247 0 0 1 226 208 215
-2.58078 3.18199 19.3487 0.098071 0.988851 0.11205 246 232 205
5.09721 -2.09063 29.3781 0 0 1 196 169 174
-7.62135 -0.292022 31.1788 0 0 1 90 76 76
-0.508793 3.15047 19.3062 0.068712 -0.986063 -0.151519 254 242 228
4.36068 3.13753 19.2354 -0.148117 -0.986849 -0.0647316 174 159 146
3.32941 0.988157 29.8233 0.0510382 -0.646523 -0.761185 140 128 116
1.83104 3.16237 19.2459 0.0208125 -0.999166 -0.0351309 254 248 234
2.40562 3.13577 19.624 -0.461969 -0.838438 0.289148 248 221 217
-7.4659 -2.08561 31.9172 0.503782 -0.191199 -0.842405 84 88 71
-1.6056 3.1342 19.7104 0.145436 0.985762 -0.084393 254 220 221
5.51802 0.103016 30.8834 0 0 1 186 172 161
-4.99803 0.821749 29.8981 0.0347581 -0.81169 -0.583054 142 139 122
-3.81897 1.01667 29.9686 0.402785 -0.894249 -0.19515 158 150 129
-1.93562 1.35853 28.0294 -0.186041 -0.761517 -0.620871 252 208 199
-7.77864 -1.2059 31.5506 -0.205205 0.978583 0.0163022 111 128 92
-7.48326 0.516849 30.2981 0 0 1 123 129 116
-2.65077 0.982887 29.6861 0.238765 -0.934307 0.264692 86 79 68
-2.9661 3.19752 19.3035 -0.106723 0.968838 0.223524 220 205 191
-7.65475 -2.20086 31.6516 0.1314 -0.873957 -0.467903 140 145 114
-3.86142 3.16845 19.2706 -0.579257 0.771855 0.26211 255 251 241
8.38845 0.294836 30.4625 0.209643 0.934889 0.286412 218 200 186
-4.72285 0.204609 30.0443 -0.625268 -0.32634 0.708902 231 206 209
-7.26524 0.837981 29.4199 0 0 1 108 110 96
2.41968 3.20243 19.3333 -0.00653342 -0.999932 -0.0096928 170 155 137
1.17921 3.13593 19.2954 -0.193009 -0.974524 0.114242 244 222 208
-4.95914 -1.42161 28.5821 0.686277 -0.237577 0.687446 244 222 234
5.44026 0.104118 30.0631 -0.213812 0.688884 0.69262 173 165 139
0.415791 -1.03656 29.6768 0.981362 0.105342 -0.16072 175 158 151
4.55399 3.1562 19.2111 -0.0661227 -0.984116 -0.164753 250 235 216
3.15343 1.35064 28.028 0.0739268 -0.98296 -0.168297 250 195 183
-6.8917 0.770406 30.2941 0 0 1 140 137 118
-3.45813 -4.26409 27.8178 -0.299849 0.93675 0.180526 229 216 223
-6.76035 1.13294 29.3873 0 0 1 110 119 93
3.91535 3.14583 19.5698 -0.191256 -0.973454 0.125732 226 218 213
-4.6384 3.22265 18.8907 0.0235881 -0.961407 0.274116 221 218 183
-1.9855 3.16492 19.4162 -0.119514 0.990856 -0.0626121 253 232 213
2.99163 3.19274 19.3699 0.0172274 -0.999743 0.0147669 171 163 144
-5.83779 -2.82355 28.8785 -0.156144 -0.983731 0.0888353 220 199 198
-7.49649 -0.292058 31.9635 0 0 1 114 101 93
5.17728 1.1392 28.8222 0.0693059 -0.959948 -0.27147 119 121 97
-4.02791 0.92346 29.9968 0.828875 0.121978 0.545975 101 82 68
3.03816 3.16006 19.2626 0.0145085 -0.999134 0.0390013 254 248 234
0.432151 -2.64127 29.2072 0.52457 0.562047 -0.639477 122 102 108
1.68072 -2.83314 28.9895 -0.834076 -0.305383 0.45941 171 152 158
2.84006 -2.21681 28.8808 -0.507362 -0.816319 0.276056 127 114 123
2.79399 -1.03173 30.2331 -0.0420456 0.832717 0.552101 92 80 90
2.77914 -1.03416 30.0836 -0.344217 -0.927504 -0.145776 92 80 90
-6.08308 0.234347 30.1987 0.319984 -0.947257 -0.0177516 112 99 87
5.31734 1.19731 28.6723 -0.132358 -0.719062 -0.682225 170 151 137
2.18284 3.12281 19.6571 0.0812131 -0.981207 -0.175034 255 240 237
5.02594 3.20509 19.0798 -0.405563 -0.841827 -0.356154 157 165 116
1.99592 3.16153 19.2552 -0.013444 -0.999676 0.0216015 255 254 246
-0.561482 -2.8844 29.0563 -0.287693 -0.850499 -0.440322 180 175 179
1.37833 -2.50909 29.5416 0 0 1 240 216 216
-3.24897 -0.995324 30.1131 -0.320827 0.727809 -0.606106 108 100 113
-1.35656 3.25431 18.9345 -0 -0 -1 136 142 96
-3.8783 0.558193 30.1266 0.302184 -0.698332 -0.648859 194 180 173
-0.999819 3.1484 19.3832 -0.0839847 -0.981391 0.172678 254 251 228
0.221099 -2.53862 27.7898 -0 -0 -1 239 221 242
3.12827 3.13463 19.6636 0.00116769 -0.994531 0.104437 255 249 242
-0.234867 3.15023 19.3734 -0.0274848 -0.992633 -0.117999 254 249 246
-6.0369 -0.529225 30.1471 0 0 1 221 203 205
1.21413 3.15742 19.4351 -0.0975137 -0.994304 0.0430137 141 120 108
-6.88079 0.947631 29.6475 -0.313135 0.9176 0.244861 102 105 84
4.31174 3.16302 18.7606 -0 -0 -1 163 162 125
5.60687 -3.36469 28.7348 0 0 1 252 234 243
6.19483 -1.93967 29.4983 0.738363 0.352309 0.575063 201 178 182
-2.86436 3.19149 19.4441 -0.0475235 0.981743 0.184178 255 253 245
-2.98258 -0.488583 30.1336 0 0 1 148 136 151
-3.19878 0.284687 30.1327 -0.150484 -0.580099 -0.800525 147 132 135
4.545 1.03438 29.8775 0.864143 -0.486394 -0.129145 148 138 126
-0.96169 1.30955 28.4474 -0.0314471 -0.972017 -0.232796 113 95 87
4.44658 -1.13102 29.9436 -0.891582 -0.342444 0.296332 183 162 174
-6.99503 0.800434 29.9531 0.112212 0.949709 0.292337 85 89 74
0.254186 -1.81458 28.4612 0.0292648 0.997476 -0.0646985 225 207 220
-3.49695 -4.22695 27.9851 -0.742967 0.595968 -0.304667 121 108 108
-3.1458 -3.64703 28.6559 -0.164401 -0.983081 -0.0807763 102 91 97
-2.36643 -3.55259 28.5778 0.980614 0.191314 0.0423809 158 146 159
3.31338 -3.29008 29.336 -0.315698 0.54514 0.776632 163 158 162
2.58675 -3.54562 28.9937 -0.66445 0.292537 0.687698 240 232 251
3.16194 -3.49715 28.9047 0 0 1 148 134 158
-8.02904 -2.39082 31.901 -0.782147 0.27807 -0.557604 134 152 107
1.75556 -0.525608 29.8226 -0.932576 0.197571 0.302107 226 209 216
-7.46776 -0.0840416 29.9607 -0.0668224 0.996807 -0.0437038 87 74 66
-0.655767 -2.93737 29.0089 -0.35606 -0.825379 -0.438144 155 153 154
5.63707 -3.00294 29.1432 -0.411231 -0.753135 0.513495 245 228 234
4.39634 -2.53334 28.9434 -0.539325 -0.324946 0.776878 239 223 234
-2.53975 3.19469 18.9642 -0 -0 -1 171 163 127
-7.49634 -2.64665 32.8786 -0.869261 0.457068 0.188348 100 111 77
-7.4805 -2.12248 31.9097 0.503782 -0.191199 -0.842405 122 130 109
1.48015 -1.81519 28.9753 0 0 1 131 117 120
4.45731 -1.77264 29.4459 -0.809184 -0.367813 0.458187 127 122 119
-3.66393 -1.19068 29.4003 -0.161921 0.187805 -0.968768 183 166 175
5.45419 -1.61416 30.763 0 0 1 114 99 104
0.213622 -1.07161 28.46 -0.605821 0.753454 0.255516 238 220 232
3.35555 -1.00356 30.9369 0 0 1 185 173 182
-2.9554 3.14695 19.3785 -0.100206 0.971078 0.216719 255 253 242
-7.52305 -0.871565 31.8185 -0.635201 0.578471 0.511753 78 84 74
-7.10621 -0.126315 29.9909 -0.522238 0.768859 0.368948 168 159 155
-1.76521 3.14745 19.4793 -0.177478 0.975973 0.126407 245 227 214
-2.06132 -0.0381271 29.7344 0.0132453 0.427654 -0.903846 171 157 172
-7.13061 0.533297 30.0786 0.10004 -0.935006 0.34023 163 165 150
7.51976 0.299144 30.3919 0.674232 0.738005 -0.0275617 115 104 102
7.81293 0.406024 30.2279 0.656385 0.676126 0.334683 124 123 103
6.09141 0.829226 29.5894 -0.123552 0.222668 0.967033 85 75 66
7.38834 0.84721 29.4253 0.0660188 0.962864 -0.261792 130 140 120
-6.05635 1.2589 28.5924 -0.0732403 -0.993222 -0.0902548 153 147 124
-5.39415 0.986011 30.0075 0.527215 -0.848392 0.0476992 83 84 67
-7.72556 0.42436 29.9794 0.661355 -0.679257 0.31815 174 174 173
-7.09242 0.300445 29.9628 -0.0613212 -0.240027 0.968828 0 0 0
-4.49558 3.20281 19.3216 0.137476 -0.984768 -0.106454 172 157 132
3.56237 -4.06942 28.552 -0.992212 -0.111896 0.0547308 172 145 136
-2.61399 3.18685 19.6799 -0.043119 0.99845 -0.0351781 255 251 229
-6.84 0.721069 30.0566 0.370811 0.464357 0.804283 149 145 133
-0.272299 -2.57782 27.82 -0 -0 -1 230 209 227
-7.44616 -2.46994 32.8826 -0.945623 0.239374 0.220219 112 121 100
-6.93557 -2.52333 32.8982 -0.972741 -0.231824 0.00565444 80 92 68
-7.0113 -2.28443 33.1367 -0.530831 -0.687306 0.495811 120 123 112
-4.16983 -1.42822 28.5709 0 0 1 246 224 235
-3.13917 3.17428 19.4715 0.14646 0.967601 0.205665 255 246 246
-5.18328 -1.03966 30.1708 -0 -0 -1 185 160 164
7.61568 0.542179 29.6977 0.855699 0.506748 0.104809 128 133 119
-2.50826 -1.72619 29.4426 -0 -0 -1 155 151 152
-3.23235 0.486725 30.2677 0.375033 -0.539014 -0.754198 177 163 159
-8.0048 -1.28884 31.9091 -0.0304032 0.945418 0.324438 128 142 117
-2.61279 3.15944 19.5421 -0.0455257 0.99499 0.0890053 191 182 164
1.95399 0.151937 29.8558 0.00449726 -0.673739 0.738956 191 180 182
2.78692 0.292265 30.411 -0.0685739 -0.981049 -0.18122 169 162 156
-3.10558 0.79025 29.7536 0.0242537 -0.457292 -0.888986 150 140 124
3.41813 -3.71783 28.7436 0.254494 0.472918 0.843553 206 198 222
-2.81747 0.684123 30.2467 0.779633 0.434233 -0.451236 104 92 92
-3.61595 -0.757519 29.2961 -0 -0 -1 205 183 180
-4.95372 1.15213 29.4405 -0.482037 -0.806442 -0.342478 131 137 104
-1.07823 1.3121 28.4737 -0.0184346 -0.987819 -0.154511 223 184 177
-2.03829 -0.299982 29.4092 -0.146913 0.91959 -0.364376 162 149 160
-3.57556 -4.21088 27.6511 -0.91529 -0.360682 -0.179314 144 132 137
-3.67146 3.12655 19.6346 -0.0396063 0.999141 0.0121935 255 241 235
-7.04507 -1.56442 29.9543 0 0 1 75 83 68
6.53939 0.0870856 30.8793 0 0 1 192 173 157
1.56544 -1.82971 29.3796 -0.815089 0.551917 -0.176116 97 85 89
6.29732 0.150594 30.3407 0.753655 0.625354 0.202326 200 177 166
-3.25744 3.18764 19.3569 -0.0105132 0.999402 -0.0329264 255 241 233
5.40198 -1.67518 29.5487 0.249047 -0.964868 -0.0836931 91 82 81
-0.790224 -1.6145 29.3071 -0 -0 -1 126 116 115
7.9259 0.253412 31.6057 0 0 1 175 162 169
-7.49274 0.581872 29.9885 -0.625834 -0.549051 0.553964 92 104 80
5.54889 1.14861 28.8795 0.191976 -0.850123 -0.490343 135 115 100
0.660188 3.18597 19.2095 0.097959 -0.985857 -0.13598 172 166 140
2.5335 -3.31242 28.8296 -0.00875419 -0.987138 0.159631 227 219 234
-7.4449 1.16483 28.8801 0 0 1 113 132 102
-7.44628 0.894442 29.948 0 0 1 134 137 120
1.52176 -3.27702 28.3357 0 0 1 89 76 75
6.48225 1.14864 28.8714 -0.0832333 -0.921031 -0.380493 153 156 125
-5.59855 -2.84326 28.5526 0 0 1 244 221 227
2.00363 -0.280393 29.6471 -0.125768 -0.27032 0.954521 252 241 254
-7.628 0.809085 29.1717 0.424654 0.900102 0.0973952 249 245 236
-4.54257 3.25035 19.114 0.764746 -0.641596 0.0593192 210 218 171
-2.91039 0.913563 29.7085 0.063643 -0.786408 0.61442 87 80 71
0.832498 -3.33527 29.6199 0 0 1 115 113 124
-2.25082 -2.58189 28.467 -0 -0 -1 245 226 243
4.11736 -2.11236 28.2696 0 0 1 0 0 0
0.233828 -1.78173 29.1778 0.234566 0.962654 -0.135193 237 212 234
4.33391 -0.23002 30.2449 -0.188927 -0.765361 0.615247 239 215 221
2.55054 1.0809 29.0466 0.858548 -0.332125 -0.390626 182 149 134
-7.48433 0.393449 29.9224 -0.356941 -0.331414 0.87336 103 101 104
5.08371 1.32215 28.3583 -0.301158 -0.895002 -0.329051 223 185 176
4.25879 -4.09652 28.4907 -0.400059 -0.859804 0.317317 224 202 203
-3.309 -3.50159 28.8573 -0.274702 -0.938242 0.210335 87 85 89
-1.53144 -3.1877 29.2366 -0 -0 -1 84 88 89
5.20777 3.17074 19.4363 0.0298442 -0.976334 -0.214199 233 218 193
4.17696 3.17989 19.0751 -0 -0 -1 181 172 142
-0.649505 -1.16834 28.2278 -0 -0 -1 82 76 76
-6.12817 -0.149692 30.3534 0 0 1 77 77 74
-1.26374 0.373076 30.4724 -0 -0 -1 173 158 161
-3.53188 -3.85652 28.4663 0.0255164 -0.485054 -0.874112 74 61 68
-2.34452 3.27416 18.76 -0 -0 -1 136 133 94
7.77913 0.463711 29.3482 0.281364 0.558452 -0.780363 158 154 133
-7.46387 0.759962 28.7994 0 0 1 249 251 235
-7.54272 -2.62166 33.0039 -0.761573 0.567598 0.312793 116 126 100
-7.55023 -0.897288 31.6298 -0.685769 0.631888 0.361164 127 134 115
4.9131 0.557514 30.0405 0.414974 -0.850296 -0.323719 94 85 79
-2.48463 -1.05553 30.0627 -0.612094 0.49772 -0.614504 141 133 131
-0.341108 -0.235854 30.2013 0.419844 -0.306281 0.854355 170 151 150
-2.53488 -0.356749 30.2324 0.342441 0.811187 0.474036 121 102 104
0.650241 -0.542747 30.4502 0.252016 0.954538 0.159198 159 150 162
1.42442 -0.662142 29.8978 0 0 1 149 133 146
3.62467 -0.394858 30.269 -0.884944 -0.103667 0.454012 192 162 170
2.30367 -2.55013 29.1435 -0.714379 -0.492303 0.497293 246 225 230
4.69019 3.17993 18.7783 -0 -0 -1 179 187 145
-4.262 -1.80134 29.0257 0.816791 0.419219 0.396369 194 177 185
-6.86896 -0.0893024 29.8842 -0.487422 -0.115465 0.865499 149 143 140
-5.61833 -1.55829 29.4265 -0.231493 0.912908 -0.336168 205 190 195
5.3329 0.111509 29.7087 -0.424409 0.877089 -0.224927 204 198 179
-7.53109 0.176666 29.5471 0 0 1 185 173 177
3.9994 -2.22159 28.8384 -0.273939 -0.697989 0.661641 247 244 253
-3.36121 0.515398 30.1954 -0.630142 0.00757118 -0.776443 126 115 111
-8.05768 -2.09224 31.6884 -0 -0 -1 120 132 111
-6.16044 -1.45524 28.5723 0.690693 -0.284151 0.664982 255 248 255
-7.12522 0.569842 30.0378 -0.197535 -0.773946 0.601654 100 108 85
-7.36172 0.416394 30.0752 -0.46772 -0.521889 0.713351 89 89 87
3.69843 0.643635 29.9799 -0.00669172 -0.958875 0.283751 94 103 86
-5.84938 1.15317 29.2063 0.609879 -0.0927043 0.787054 116 128 88
4.2405 -0.870494 29.3875 0.0401915 0.965862 -0.255919 254 229 244
3.66508 1.03044 29.805 -0.0472446 0.937151 -0.345712 147 139 118
-8.16856 -1.6095 32.0922 0 0 1 70 79 62
5.8568 1.21802 28.6639 0.204736 -0.871388 -0.445832 119 108 83
-4.66162 3.18876 19.6216 0.0712621 -0.996058 -0.052814 201 174 165
2.90408 3.14832 19.3336 -0.0110625 -0.999909 -0.00767177 169 157 143
-2.15568 3.16439 19.5489 0.0543036 0.998523 0.00139461 246 225 213
-8.06989 -1.31791 31.6537 -0.676126 0.716851 -0.170231 65 77 53
-5.70742 -1.48584 29.2022 -0.0768783 0.94836 0.307738 247 234 243
3.7487 3.15482 19.3113 0.0550488 -0.995783 -0.0733855 254 249 230
-1.26019 -2.37224 28.6637 -0 -0 -1 244 231 241
-6.09615 0.981442 29.9039 0.0920778 0.867368 0.489075 136 139 117
2.85867 -2.20261 28.9037 -0.507362 -0.816319 0.276056 128 110 122
-7.74455 -2.50531 32.7858 -0.65925 0.742292 -0.119968 133 145 108
-6.99843 -2.28159 33.0854 -0.530831 -0.687306 0.495811 123 127 113
2.53481 -1.06032 30.0714 -0.762174 -0.525078 0.378661 100 84 90
8.25938 -0.418165 30.7301 0 0 1 247 214 209
3.30051 3.27569 19.7579 -0.98547 -0.0798041 0.149935 161 155 123
-0.0724262 3.16518 19.3078 0.0564857 -0.996324 -0.0643967 254 253 244
5.26186 3.11715 19.5632 0.0520751 -0.948775 -0.311632 249 224 220
5.43426 3.12321 19.5918 0.0535313 -0.988128 -0.144005 250 219 214
5.4831 3.1186 19.5785 -0.0133794 -0.986887 -0.160856 251 228 212
5.82459 3.11951 19.5917 -0.0413079 -0.971397 0.233842 245 197 201
-6.93211 0.0232598 29.3492 0 0 1 132 127 124
-5.12008 0.577173 30.1897 0.682767 0.717608 0.137362 122 111 102
0.746613 3.15893 19.3719 -0.0552421 -0.991238 -0.119979 255 247 227
5.26246 3.13708 19.226 0.3042 -0.952206 -0.027689 251 231 217
-2.6429 0.788286 29.7695 -0.27052 -0.918651 -0.287922 129 124 118
-2.73663 3.18053 19.0355 -0 -0 -1 180 170 139
-7.32024 -0.712877 32.2304 0.487455 0.629317 0.605267 117 125 110
2.61417 3.1359 19.3703 0.05291 -0.991821 -0.116149 191 163 152
7.03262 0.313401 30.6764 0 0 1 122 127 105
4.46614 0.920531 29.7787 0.864143 -0.486394 -0.129145 98 90 77
7.06861 -1.60813 29.5044 0 0 1 241 208 215
4.17313 -2.63638 28.9393 0.2022 -0.374212 0.905031 207 181 190
-7.29378 -2.60641 33.0086 -0.661392 0.725282 -0.191119 124 133 111
-3.8154 3.1555 19.2383 -0.715514 0.556449 0.422379 255 252 245
2.27103 -1.79543 29.3515 0.425791 -0.722219 0.54507 133 129 130
5.20186 3.18096 19.2944 0.0873872 -0.994773 -0.0528143 186 175 147
-5.16938 0.314491 30.1666 -0.567285 0.823522 -0.000111971 181 167 164
5.66474 -0.664927 30.1317 0.8698 0.204163 -0.449183 246 217 222
-7.52577 -0.31892 31.6634 -0.132798 -0.532262 0.836099 115 111 103
-1.22328 3.13107 19.6279 -0.157826 -0.444044 -0.881995 255 220 223
1.45033 3.13614 19.2833 -0.0274149 -0.991184 0.129627 255 243 231
-7.20837 0.227884 30.0682 -0.0811737 -0.463769 0.88223 185 177 190
1.24405 3.1231 19.5581 0.0160034 -0.987195 -0.158716 254 214 212
-7.18847 0.430667 29.9266 0.257647 -0.562763 0.78544 84 77 76
-8.22419 -1.8672 32.3058 0 0 1 67 79 57
-0.941323 -2.84503 29.6881 -0 -0 -1 86 89 80
-4.41314 0.193018 29.87 0 0 1 182 165 152
7.89551 0.230991 30.2835 0.106937 0.985641 -0.130673 139 120 122
-7.11509 0.972208 29.6524 0 0 1 126 142 114
-6.76678 0.934363 29.6299 0.0752532 0.99701 0.0175755 89 95 69
-7.23028 0.17163 29.8208 0.30866 -0.933373 0.183151 83 78 78
-5.77959 0.672894 30.1104 -0.491868 0.181647 0.851511 146 152 134
3.18 0.963334 29.591 0.162819 0.6259 -0.762718 102 99 84
-7.83778 -1.41851 31.8006 -0.819482 -0.0945546 0.565251 74 87 61
4.73718 1.00318 29.0302 0.0879652 -0.853479 -0.51365 158 151 138
-3.77124 0.902616 29.6396 -0.0266949 -0.959594 0.280118 189 170 156
7.5459 0.999546 28.9188 0.851358 -0.184182 -0.491189 88 77 73
5.08364 1.12772 28.7775 -0.161503 -0.958994 -0.232909 120 128 99
6.29082 1.0483 29.0279 -0.0663001 -0.99056 -0.11998 201 197 172
1.50903 3.14244 19.3495 -0.0274149 -0.991184 0.129627 255 243 228
8.41331 0.182743 30.7921 -0.806837 0.446144 0.38726 243 212 192
3.43946 3.13947 19.2925 0.194177 -0.975987 0.0987202 163 153 126
7.79431 0.199979 30.4253 0.389651 0.881358 0.267171 218 203 200
4.08312 3.15893 19.5476 0.0611743 -0.987957 0.142124 168 154 145
4.19766 3.14774 19.4083 0.0467333 -0.998398 -0.0318828 255 250 236
4.21641 3.16591 19.5934 0.037265 -0.999045 0.0228153 224 214 204
5.14179 3.1414 19.299 -0.131935 -0.990905 -0.0264663 185 167 156
4.46901 3.14174 19.3911 -0.173167 -0.978509 -0.111952 254 249 231
0.883506 -3.23351 29.1192 0 0 1 77 76 80
-7.72495 -1.05384 31.2545 -0.666121 0.280666 0.69102 136 157 116
3.72729 -1.90976 29.5184 -0 -0 -1 134 119 121
-7.50212 -2.15472 31.6339 0.163455 -0.890149 -0.425344 89 103 78
6.11297 -1.79151 29.7439 0 0 1 153 127 127
-2.51709 -3.28344 28.8581 0.426446 -0.834515 0.348895 87 82 84
-6.71119 -1.2624 29.973 0 0 1 0 0 0
3.04663 0.36394 30.3297 -0.371812 -0.831308 -0.413137 102 96 80
7.5368 0.59101 29.4733 -0.142256 0.98139 0.128985 79 87 66
-3.99715 0.741455 30.2026 -0.0321476 -0.781409 0.623191 190 178 164
-2.87002 0.669754 30.0921 0.2704 -0.104123 -0.957101 103 93 83
-5.75006 -1.22536 28.8267 0.438722 -0.897272 -0.0492507 155 126 122
-4.07037 3.188 19.3026 0 0 1 254 241 219
7.5104 1.15475 28.8806 0.987653 -0.0448472 -0.150098 119 103 88
4.87557 3.10049 19.4094 0.00301591 -0.998406 0.0563566 254 202 199
4.30331 3.11879 19.4436 -0.151184 -0.979107 -0.135991 255 249 242
-3.60009 -3.83398 28.6907 -0 -0 -1 156 143 153
-1.88413 3.1407 19.419 -0.1271 0.98962 0.0670702 190 167 153
-3.44826 -3.22846 29.0077 0.980951 0.0890399 -0.172649 88 81 91
4.8527 3.17094 19.7518 0.130472 -0.959936 0.247991 216 203 194
-3.21016 3.16804 19.6631 -0.0490094 0.998706 0.0135905 255 251 253
-7.34312 -0.90312 32.5923 0 0 1 71 76 69
4.81045 -1.7812 29.4674 0 0 1 144 132 134
-0.952766 3.17056 19.532 0.0804869 -0.993957 -0.0746367 234 221 198
0.20365 3.14368 19.4686 -0.0398532 -0.985213 -0.166632 253 252 243
-1.71797 3.12786 19.6304 0.0440549 0.99893 -0.0140739 252 240 229
1.82446 -2.76958 29.206 -0.390258 0.673448 0.627826 199 184 188
2.87121 3.16896 19.2653 -0.0430562 -0.999037 -0.00847464 255 253 235
-1.68656 -3.04741 28.2022 -0 -0 -1 184 168 179
-2.07482 -2.0716 28.1142 -0 -0 -1 244 228 247
-1.49482 -1.26815 29.2507 0.444351 -0.721508 -0.531017 102 86 89
-7.32479 -2.04776 31.9569 0.659872 -0.0255309 -0.750944 69 78 56
7.69827 0.676099 29.363 0.15862 0.894246 0.418526 132 137 120
2.90575 -0.00834768 30.08 0.0203837 -0.727875 0.685407 147 145 128
-5.64497 -3.44379 28.4689 0.547485 -0.833868 0.0701741 249 225 229
-5.35904 3.31082 19.3481 -0.0499624 -0.512166 -0.857432 143 150 105
1.61805 -3.30634 28.6382 0 0 1 248 222 223
-3.42428 3.13655 19.7115 0.00191607 0.996361 0.0852071 255 228 227
-4.95617 1.26323 28.7868 -0.0208709 -0.974275 -0.224392 153 142 121
0.90381 -3.72828 28.9737 0 0 1 120 117 116
7.8151 -1.6761 29.047 0.644602 0.701245 0.304538 204 183 182
3.49271 -3.95872 28.2246 -0.897576 -0.440231 -0.0235184 166 153 163
2.16664 0.741635 29.7861 -0.231181 -0.63914 -0.733523 126 140 109
2.00612 3.32768 18.5897 -0 -0 -1 180 172 135
-6.00955 -0.449848 30.3401 0 0 1 228 205 213
-1.35195 -2.10052 28.9339 0.0925924 -0.212317 -0.972804 164 149 149
-5.95062 -0.00733778 30.3758 0.22012 -0.447792 0.86662 235 217 215
1.86905 3.19747 19.3279 -0.014509 -0.999726 -0.0183423 159 157 132
-5.01418 3.19616 19.4449 -0.298488 -0.929519 0.216563 249 239 215
7.71032 0.597393 29.4275 0.190437 0.717327 -0.670206 132 134 113
-0.334754 -0.668417 29.8966 0 0 1 212 192 194
3.11496 0.195619 30.1929 0.622978 -0.136067 0.770314 150 153 134
5.35384 3.11067 19.4882 -0.0539508 -0.994825 -0.0860907 255 228 226
5.21655 -0.756718 29.8709 0 0 1 193 177 186
3.34379 3.13205 19.6098 -0.022039 -0.993221 -0.114132 255 227 217
2.7734 -0.127738 29.8765 0.236521 -0.9704 0.0488058 133 127 112
4.73955 3.14172 19.38 -0.0284236 -0.98275 0.182741 254 239 229
-5.43474 0.51001 30.2148 0.654099 -0.0948131 0.750443 114 107 99
-6.47625 0.774119 29.9559 0.0690209 0.698346 0.712425 96 101 78
-1.14263 3.20371 19.1554 -0 -0 -1 162 163 129
5.21869 0.398196 30.3593 0.0121735 0.679307 0.733754 133 97 90
-6.58113 0.16448 30.3856 -0.980539 0.0395719 0.192293 94 92 85
3.57655 -3.70928 28.5353 -0.981318 0.179362 -0.0695957 233 210 218
1.27587 3.1708 19.5703 0.0160034 -0.987195 -0.158716 136 109 98
5.48782 0.160113 29.6238 0 0 1 152 155 110
-1.56179 -2.50227 29.1707 -0.130669 -0.147717 -0.98036 149 134 139
5.67025 -0.515549 30.2022 0.881459 0.274488 -0.384301 255 236 240
-7.76773 -2.35652 31.9295 0.612738 -0.345727 -0.710651 121 129 107
2.92827 -2.1188 29.3804 -0.319786 -0.754006 -0.57377 140 122 122
4.85191 -2.06127 29.5577 0 0 1 211 185 184
-7.52866 -1.71297 31.9222 0.258414 0.965746 -0.0235873 78 89 71
-3.5548 -1.4342 29.6528 0.890078 -0.242503 -0.385945 194 177 183
-4.26365 -1.53961 28.9823 0.810165 0.459926 0.363457 172 158 162
-7.85699 -1.39062 31.8968 -0.734086 -0.623958 0.267944 124 138 113
-4.0625 3.0827 18.5117 -0 -0 -1 155 151 133
-4.09865 -1.08977 29.0577 0.440283 -0.788026 -0.430309 234 216 228
3.19947 -1.12514 30.3969 -0.323635 0.789169 0.521989 83 81 79
2.22804 -0.235173 30.1681 -0.529296 -0.561926 0.635677 208 187 194
2.71024 0.294628 30.2527 0.330823 -0.537264 -0.775824 157 151 139
7.49444 0.53179 29.5262 0.827123 -0.0966101 0.553655 78 81 70
4.54957 3.25825 18.7583 -0 -0 -1 150 152 105
7.63641 0.591053 29.3145 0.428849 0.901468 0.0586802 122 127 110
-2.62941 1.02827 29.7615 0.136385 -0.98899 0.0574305 137 131 117
-2.55464 1.03906 29.5952 -0.00884179 0.920376 0.390934 145 134 119
1.36746 0.927953 28.0249 -0.487734 -0.855018 0.176236 111 102 107
3.34195 3.3077 18.6833 -0 -0 -1 157 142 113
4.86322 1.01852 29.3235 0 0 1 157 145 129
-4.51867 3.26655 18.9811 -0.155882 -0.976201 0.15077 143 150 101
-6.10421 1.30673 28.8894 0.34569 -0.89003 -0.297229 145 137 117
0.419082 3.16022 19.3685 0 0 1 204 196 185
-5.79414 1.33848 28.6262 0.0683051 -0.997279 -0.0277157 219 191 179
0.992741 3.18681 19.3206 0.0222163 -0.924385 0.380814 250 243 220
-0.858986 1.31706 28.4875 -0.000668683 -0.976265 -0.216579 220 181 174
7.48196 1.15249 28.5766 0.79884 -0.389481 -0.458431 134 109 96
3.48847 3.09719 19.3574 0.00977388 -0.999827 0.0158226 253 218 212
2.28886 3.15547 19.4946 0.0842977 -0.995771 -0.0365308 255 243 235
5.78049 3.13487 19.7876 0.0520065 -0.994669 0.0890452 255 231 226
6.32706 0.515894 30.1896 0.521895 0.501217 0.690223 99 85 85
-4.87286 3.20837 19.6862 0.821535 -0.297586 0.486337 252 247 229
2.72805 3.1513 19.4959 -0.00825329 -0.998744 -0.0494108 244 227 214
-4.42313 3.20321 19.5278 -0.385195 -0.898624 0.21 255 247 229
-7.64208 -0.888122 31.5574 -0.845944 -0.498032 0.190637 73 87 65
-0.617419 3.12878 19.6043 0.167606 -0.981945 0.0877007 255 222 231
4.03595 3.18477 19.7255 0.0641337 -0.978104 0.197989 252 242 228
1.46934 -0.947832 30.9357 0 0 1 126 114 124
-5.80141 -1.48874 28.9641 0 0 1 255 244 250
-6.08878 -0.842883 29.9954 0 0 1 79 72 74
-1.00389 3.13298 19.6537 0.0660011 -0.97512 -0.211625 255 230 227
-1.1828 0.718635 30.1919 -0.0255695 0.902416 -0.430106 140 127 115
7.34879 0.860163 29.5141 -0.179176 0.887913 -0.423683 90 94 73
-5.38546 1.23018 28.9982 -0.0510818 -0.953099 -0.298317 158 162 132
-3.05146 -4.12613 28.1724 -0.573933 0.313571 -0.756488 193 175 175
-7.50293 -2.73599 32.4582 0 0 1 103 117 81
-4.9796 0.570195 30.0565 -0.0203365 -0.983821 -0.177996 130 111 107
-4.76551 3.12667 19.3182 -0.0311645 -0.99893 0.0341802 255 239 231
4.04293 3.12128 19.56 0.0116104 -0.974863 0.222502 255 255 244
-0.319934 -2.18546 29.2472 -0 -0 -1 188 164 178
-7.00939 0.325543 29.8106 -0.373573 -0.181842 0.909603 100 87 97
-2.23827 0.405081 30.4854 0.0502269 0.746755 0.6632 155 146 140
2.69539 0.922637 27.9649 -0 -0 -1 100 96 93
-0.515219 -2.98586 29.0677 0.222241 -0.55401 -0.802298 213 209 210
-1.86776 1.03797 29.4519 0.401476 0.915657 -0.0197326 134 132 111
-0.857995 -3.03947 29.0863 0.802958 -0.149445 -0.576996 86 91 85
3.29494 0.916657 29.6782 0.0676339 0.909772 -0.409562 101 94 78
4.54617 0.211854 30.6546 0 0 1 221 205 201
-3.51672 3.18594 19.3202 -0.0458094 0.995684 -0.0807162 255 239 232
-0.647085 -3.39574 28.9343 -0.198254 -0.980139 0.0047798 186 173 180
-1.05333 3.14957 19.3638 0.0106437 -0.991714 0.128026 254 236 222
-3.58861 -3.86602 28.0711 -0.968431 -0.221706 -0.113968 137 125 134
-2.54466 -3.61061 29.032 0 0 1 82 71 79
-3.77223 3.29789 19.1921 -0.634519 0.512893 0.578209 152 139 107
-7.61887 -1.77108 32.0194 -0.17957 0.214026 0.960181 70 82 59
-0.416618 -1.55032 29.2907 0.817534 0.218893 -0.532657 180 163 171
-4.91627 -1.34213 28.561 0.686277 -0.237577 0.687446 187 172 175
4.46168 3.13665 19.7095 -0.0375216 -0.991142 0.1274 254 219 221
0.7304 -0.98012 30.4153 -0.257764 0.446226 -0.856995 86 73 82
-7.09388 -0.358051 32.6602 0 0 1 96 97 91
-3.24834 3.17217 19.4826 0.0417539 0.985636 0.163638 254 253 244
5.34151 0.204435 29.9257 -0.604024 0.404761 0.68653 168 157 125
6.70119 0.166961 30.1238 0.014387 -0.948677 0.31592 180 169 141
4.09506 0.51358 29.9643 -0.149682 0.43692 -0.886959 80 80 72
5.63793 0.38056 30.1809 -0.674406 0.549201 0.493513 93 83 74
3.10981 1.18729 28.6036 0.351486 -0.900515 -0.25599 161 129 114
-2.27432 1.36234 28.1723 -0.000231858 -0.998962 0.0455559 233 193 180
-1.70902 1.26665 28.2139 0.034207 -0.977169 -0.209691 166 140 127
7.38429 1.26253 28.4488 0.354831 0.934002 0.0416669 170 143 130
-4.88134 3.12734 19.651 0.745895 -0.19358 0.637313 254 201 205
-3.45893 3.21962 19.2235 -0.145662 0.973956 -0.173756 216 180 166
-1.67463 3.17987 19.7032 0.0256073 0.996211 -0.0831112 254 236 229
-0.456207 3.16422 19.4853 0.0119735 -0.999398 0.0325754 255 249 233
-0.399435 3.146 19.353 0.00240231 -0.994179 -0.107714 253 248 231
0.0923268 3.15659 19.4135 0.0104445 -0.986886 -0.161083 252 248 241
1.29997 3.15709 19.5117 0.0160034 -0.987195 -0.158716 251 229 215
1.78657 3.15329 19.3984 0.0830745 -0.994221 -0.0679886 255 251 236
2.94024 3.1493 19.4233 0.01312 -0.998437 -0.054326 253 243 228
3.36334 3.18142 19.727 -0.349645 -0.814944 0.462184 253 247 230
-2.39828 -3.2273 28.8972 0.426446 -0.834515 0.348895 84 79 83
3.70699 3.16475 19.3615 0.0739884 -0.996627 -0.0354899 255 248 231
-4.81057 3.26026 18.9478 -0.360532 -0.311632 -0.879149 139 141 104
-1.13999 0.476336 30.3377 -0.10047 -0.574312 -0.812448 240 213 218
7.7174 0.440912 30.3448 0.656385 0.676126 0.334683 144 137 121
-0.785619 3.17718 19.3611 -0 -0 -1 253 241 222
-2.08204 3.26336 18.7109 -0 -0 -1 189 190 146
-0.291447 3.16547 19.4236 -0.0799585 -0.991732 -0.10037 254 249 238
-7.77074 -0.69478 31.0813 -0.629787 0.558498 0.539859 123 138 108
0.147035 3.15812 19.3374 0.0389261 -0.990858 -0.12917 255 253 244
3.08989 3.1614 19.286 0.01974 -0.997447 0.0686292 254 248 235
3.50622 -3.47468 28.8809 -0.582052 -0.656587 -0.479697 212 205 231
-0.784919 -2.84334 29.1877 0.956892 -0.0896272 -0.27627 101 101 99
-6.57701 -0.0602584 31.4675 0 0 1 85 85 73
8.14465 0.320289 30.2901 -0.671149 0.256134 0.695668 223 199 195
5.19167 1.13982 28.9128 -0.0169289 -0.922116 -0.386544 128 128 108
-4.43807 3.19079 19.4472 -0.418053 -0.896546 0.146411 252 245 224
-7.64008 0.144873 29.7371 -0.0594713 -0.889472 0.453103 86 76 74
-1.55713 3.13005 19.646 0.0630416 0.996417 0.056389 252 220 221
-1.27737 3.1352 19.6355 -0 -0 -1 255 214 217
-0.670893 3.12534 19.5523 0.0526358 -0.99809 -0.0323422 251 218 211
0.256481 3.12642 19.5061 0.00578215 -0.98658 -0.163178 253 247 244
1.52092 3.12887 19.5912 0.0158594 -0.999871 0.0025883 252 228 221
3.83854 3.29906 18.3191 -0 -0 -1 147 145 106
3.62565 3.13221 19.6884 -0.0367726 -0.998409 0.0427464 255 242 232
3.45485 3.13903 19.6701 -0.129102 -0.985905 -0.106411 250 223 211
4.89321 3.13073 19.6428 -0.0139798 -0.999564 -0.0260114 253 218 214
-3.63375 -3.54645 28.5647 -0 -0 -1 164 151 161
5.76736 3.12601 19.619 0.00585375 -0.991997 0.126128 255 218 213
5.64391 3.1883 19.1703 0.15678 -0.908807 -0.386639 171 168 135
-7.76825 -1.46965 31.9376 -0.662419 -0.139419 0.736046 210 220 201
1.75137 0.0953487 29.9823 -0.904729 -0.132461 0.404869 170 155 162
0.0906109 3.12851 19.5681 -0.0921288 -0.974079 -0.206598 255 247 245
-4.49827 0.538706 30.3087 0.90317 0.394404 0.169496 197 182 177
-1.37804 -1.06588 28.8984 -0 -0 -1 144 126 124
-2.30738 3.17221 19.1195 -0 -0 -1 174 163 131
3.89846 1.04628 29.7407 0.186092 -0.739239 -0.647221 139 139 113
7.46532 0.897573 28.7922 0.878531 -0.112229 -0.464315 146 145 126
3.61386 3.12982 19.421 0.0224781 -0.999505 -0.0219896 201 189 183
5.58914 3.21078 19.1606 0.15678 -0.908807 -0.386639 169 169 128
-3.42117 -1.38663 30.0497 0.0342426 0.921724 -0.386332 78 65 75
3.67437 2.97131 19.0013 0 0 1 245 129 147
2.21807 -1.82341 29.2756 0.420279 -0.629871 0.653167 87 86 90
4.3724 -2.67041 28.7925 0.304286 -0.13206 0.943382 159 145 162
1.63564 0.239414 30.34 0.396585 -0.880038 -0.261254 169 159 160
2.35518 3.14641 19.3104 0.13706 -0.988264 0.0674518 147 127 118
5.44875 3.08712 19.334 0.177517 -0.976145 0.125013 255 226 222
2.62558 -3.7726 28.1842 0 0 1 196 182 199
5.54794 -2.94294 29.1433 -0.61178 -0.685691 0.394402 88 78 87
5.70836 -1.68909 29.9757 0 0 1 229 204 208
-6.27773 -1.46009 29.1064 0.798319 -0.334166 0.501019 254 243 252
-5.95886 0.458713 30.1266 -0.714386 0.552065 -0.429974 127 128 115
5.44054 1.19688 28.871 -0.125834 -0.916801 -0.379001 180 157 143
-4.36709 0.759465 29.8331 0.673363 -0.601659 -0.429638 131 119 105
3.71206 -4.2697 28.3119 -0.420351 -0.905727 -0.0544346 122 94 91
-6.91641 -0.321886 30.4187 0 0 1 70 73 54
-7.0661 0.30069 29.8428 -0.0859025 -0.307735 0.947586 0 0 0
-7.16907 0.503182 30.0709 0.421992 -0.904038 0.068103 93 93 82
5.78511 0.477228 29.9862 0.146932 0.987076 -0.0639692 153 140 132
-0.0344101 -0.917815 29.8702 -0.0500307 0.87227 -0.486459 181 153 150
3.80334 -1.00238 29.5085 -0.625411 0.615945 0.479033 234 205 210
-0.498538 0.374108 30.5735 0.495805 -0.848521 -0.184903 182 166 169
3.45984 3.24751 18.8588 -0.396458 -0.90512 -0.153556 153 150 107
-3.57005 -4.32478 27.972 -0.742967 0.595968 -0.304667 82 69 78
-7.18193 -2.38471 33.3616 0 0 1 69 81 59
-6.09465 0.643229 30.0357 0.660484 -0.724425 0.197406 100 94 78
-5.42881 1.37131 28.0545 -0 -0 -1 249 206 203
2.57518 0.750073 29.8704 0.548563 0.835585 -0.0296103 134 138 119
0.176157 -2.52078 28.6506 -0 -0 -1 228 213 234
6.86348 1.02983 29.1767 -0 -0 -1 145 138 112
3.49634 -3.23617 28.8047 0.176597 -0.459894 0.870236 140 127 142
-4.42387 1.29785 28.4011 0.00230628 -0.992828 -0.119533 213 180 171
-3.60846 -3.94539 28.1987 -0.988221 -0.0892313 -0.124326 136 122 131
3.0552 -3.95226 28.4489 0 0 1 179 172 180
5.45079 -2.62383 28.6078 0.780808 0.614922 0.110495 249 248 249
0.429596 -2.54432 29.3045 0.491164 0.785993 -0.375464 180 154 161
4.60872 -2.64998 28.8765 0.516159 -0.707975 0.482028 168 157 171
-1.12966 -2.03132 29.3943 -0 -0 -1 180 158 157
-7.91474 -0.850573 31.2306 0.184173 0.69742 0.692593 73 89 60
2.39447 -0.272067 29.9928 -0.889809 0.0256161 0.455614 168 146 149
-6.47018 1.37487 28.1231 -0.0219066 -0.998677 0.0465164 247 199 197
-0.015459 3.14998 19.3998 0.041231 -0.9972 -0.062391 255 251 238
-1.61436 3.23027 18.655 -0 -0 -1 154 159 108
2.21274 3.26932 18.5861 -0 -0 -1 183 179 142
3.84912 3.17804 19.1668 0.0322128 -0.979921 -0.196766 185 174 148
-6.87467 0.692622 29.2847 0 0 1 110 122 98
-4.87822 1.03685 30.2135 0 0 1 101 107 79
-8.05377 -1.70957 31.8811 -0.631202 -0.0413548 0.774516 134 144 118
-7.95512 -1.5438 31.5274 -0.996126 -0.0739968 0.0475155 127 139 115
-2.76777 -1.26214 29.424 -0 -0 -1 140 125 128
-6.65029 0.119252 29.9086 0.517887 0.0988201 0.849722 167 162 160
-6.8541 0.258316 29.8993 0.142453 0.217773 0.965548 177 167 165
5.62576 0.485359 29.919 -0.277983 0.0676851 0.958198 139 133 122
7.21267 0.823574 29.7866 0.217427 0.448243 0.867066 96 88 78
-5.29542 3.18015 19.4174 -0.274529 -0.815615 -0.50932 249 225 201
-7.70142 -0.85019 31.2108 -0.607331 0.383401 0.695811 84 102 80
-4.71544 3.18928 19.4677 0.00963662 -0.998524 0.0534437 251 246 224
-3.53283 3.13869 19.7454 -0.0485142 0.996429 -0.0691068 255 226 228
-8.0119 -1.25225 31.6999 -0.688555 0.00160597 0.725182 69 83 56
4.44308 -1.72472 29.8448 0 0 1 227 205 210
-2.80611 3.12379 19.5655 0.0761352 0.977062 0.198882 255 254 255
0.960287 3.17917 18.9296 0 0 1 170 172 133
0.352421 -2.53013 29.3847 -0 -0 -1 217 195 200
8.36901 0.259431 30.5879 -0.281198 0.955255 -0.0917317 163 141 130
-3.84563 0.631158 29.9419 0.37873 -0.730334 -0.568486 130 117 111
-4.67418 3.27191 18.9099 0.0235881 -0.961407 0.274116 145 150 109
-0.0932134 3.14505 19.4642 0.0430584 -0.995243 -0.0873868 240 235 221
7.48318 0.0663783 30.4523 -0.606315 0.644303 0.466107 196 172 172
-2.89275 3.23002 19.1796 -0.122772 0.986543 0.107978 164 155 117
-3.12502 1.07644 29.382 -0.48142 -0.822486 -0.302904 162 146 130
2.02766 3.35511 18.8397 -0 -0 -1 180 172 135
-4.64703 3.254 18.9175 0.0235881 -0.961407 0.274116 146 154 113
1.80354 3.18707 19.2018 0.0730253 -0.978182 -0.194493 164 158 136
-3.4745 -1.13608 30.3907 -0 -0 -1 158 144 157
-0.788431 3.20132 18.7257 -0 -0 -1 146 143 100
2.47269 -2.73 29.3194 -0.595309 -0.785148 -0.17073 195 185 193
6.20416 0.627115 30.1063 -0.643724 0.16238 0.747832 87 82 70
5.16694 1.07052 29.0231 0.352805 -0.894687 -0.273977 203 198 177
-2.47355 -3.5975 28.9082 0.195263 -0.980716 0.00829039 139 126 133
0.294209 -2.55684 29.1875 0.52457 0.562047 -0.639477 187 167 180
-0.269978 -1.81774 28.6449 0.960194 0.161865 0.227656 232 210 217
4.57368 -2.2203 28.8582 0.376106 0.137217 0.91636 245 225 236
-7.62304 -1.8938 31.8597 0.373733 0.504552 0.7783 79 87 66
-5.09088 -1.05937 29.3252 0.841046 0.277083 -0.464615 161 135 134
-4.99066 1.38149 28.3392 -0.159497 -0.967029 -0.198532 241 201 189
-7.58297 0.123535 29.8576 -0.220721 -0.7481 0.625802 169 162 158
6.90825 0.209399 30.2823 -0.331124 -0.537636 0.775438 220 210 200
3.12555 3.27982 18.6873 -0.87135 -0.101667 0.480013 141 138 101
-5.93576 0.682422 29.8216 -0.214853 0.452854 0.86531 93 98 76
-4.55807 1.00636 29.9003 0.240809 -0.887132 0.39371 132 132 104
7.25794 0.895841 29.7463 0.208156 0.569868 0.794935 113 108 102
-2.97465 1.26358 28.5031 0.567358 -0.738534 -0.364242 179 149 139
-1.88976 1.28032 28.612 0.012292 -0.989226 -0.145882 166 140 123
3.72777 1.29664 28.2998 -0.0891382 -0.991114 -0.0987243 225 187 174
-4.81318 3.23773 18.9776 -0.360532 -0.311632 -0.879149 197 203 167
-3.08777 3.1711 19.5401 0.00120501 0.997644 0.0685948 255 252 240
-3.00306 3.20914 19.3117 -0.0558667 0.972813 0.224753 173 159 133
-1.71791 3.16124 19.5612 0.0197184 0.998901 0.0425296 254 245 229
-1.21894 3.15244 19.4195 0.0236572 -0.992296 0.12161 253 227 219
-1.21613 3.1479 19.3819 -0.0705985 -0.961019 -0.267317 253 227 219
-1.24709 3.20717 19.211 -0.186126 -0.938244 -0.291644 174 167 137
-0.707407 3.17919 19.1147 -0 -0 -1 150 154 114
4.99561 3.12345 19.6062 -0.20827 -0.932377 -0.295462 244 209 203
3.80331 3.13285 19.4007 -0.021797 -0.997094 -0.0729962 254 247 237
3.97996 3.20073 19.9149 0 0 1 197 189 178
3.90593 3.14169 19.2801 0.0362073 -0.975228 -0.21822 254 250 239
5.3531 3.16222 19.5015 0.0416618 -0.94906 -0.312329 185 166 148
5.15011 3.188 18.8903 -0 -0 -1 154 155 113
-3.6427 -3.36894 27.6654 -0.979553 -0.184941 0.0792066 220 206 219
2.41075 -3.37178 29.3985 0 0 1 237 214 222
-7.69829 -2.63382 32.5779 0.87377 0.47106 -0.120949 130 144 109
-7.23418 -2.32897 32.9463 -0.95318 0.300753 -0.03154 92 103 71
-5.5065 0.376779 30.5134 0.901959 -0.431258 -0.0220561 125 122 118
7.71908 0.404076 29.0639 -0 -0 -1 191 179 165
-0.45684 3.1684 19.5279 0.0772603 -0.996921 0.0133577 255 247 230
-0.125498 3.16039 19.232 0.013366 -0.997742 -0.0658145 255 255 241
1.94751 3.1547 19.2995 0.0270443 -0.998083 -0.0556653 246 240 224
2.63392 3.20907 18.665 -0 -0 -1 152 153 109
-3.59648 3.14365 19.7811 -0.00217344 0.995836 -0.0911393 255 232 228
-2.92739 3.13806 19.7038 0.113587 0.983513 0.140711 254 245 248
-0.902026 3.13356 19.65 -0.0487889 -0.980424 -0.190758 254 222 222
1.96759 3.1851 19.1162 0.0246561 -0.938546 -0.344273 154 145 120
5.09987 3.1199 19.577 -0.0755459 -0.941192 -0.329319 255 235 227
1.93777 3.23739 19.0654 -0.306859 -0.758965 -0.57429 193 183 148
7.38495 -1.98271 29.5039 0 0 1 251 231 233
-1.09598 -0.994785 30.4219 0.0436175 0.999027 0.00654786 103 94 101
-4.71239 3.32446 18.6323 -0 -0 -1 152 155 108
3.14876 -4.00452 28.7843 0 0 1 171 161 165
-8.20898 -2.506 32.3212 -0 -0 -1 152 172 123
3.03968 -2.14034 29.2277 0.0864369 -0.985479 -0.146147 194 178 189
-8.04403 -1.79588 31.9067 -0.635198 -0.170724 0.753244 127 135 113
-8.07289 -1.36795 31.8797 -0.149133 -0.230164 0.961657 143 155 131
-7.95023 -1.50599 31.6887 -0.54967 0.791131 -0.26828 74 87 61
-7.96117 -0.854584 31.1901 0.184173 0.69742 0.692593 127 144 112
-7.33329 -0.159797 28.9267 0 0 1 131 118 102
2.11112 0.0889614 29.8123 -0.178671 -0.756711 0.62886 252 233 252
-4.70263 0.871032 29.9777 0.322911 -0.751964 0.574698 133 129 118
-3.50643 1.24485 28.9147 -0.148164 -0.988755 0.0202774 169 135 123
6.28118 0.970124 28.6376 -0 -0 -1 105 98 86
-4.35713 3.16275 19.4757 -0.385195 -0.898624 0.21 181 166 159
-3.4305 3.32269 18.8083 -0 -0 -1 155 158 110
2.93524 3.33302 18.5635 -0 -0 -1 171 174 129
-8.03728 -2.30032 31.9733 -0 -0 -1 120 134 99
-6.12963 -1.19401 28.6801 0.39237 -0.280124 0.876114 79 74 78
-5.09496 -0.902196 29.7027 -0 -0 -1 198 174 172
-8.15864 -1.67673 32.091 -0.961471 -0.137802 -0.237875 121 131 107
-7.84334 -1.23929 31.4663 -0.697168 0.280538 0.659739 121 138 106
5.903 3.13326 19.6959 0.0143519 -0.99099 0.133163 251 208 206
-7.94684 -1.62277 31.578 -0.975673 -0.149757 0.160111 76 91 66
4.17388 1.13485 28.926 0.864153 -0.116526 0.489553 139 123 107
2.44082 3.21913 18.3876 -0 -0 -1 151 163 115
4.6521 -1.58099 29.7166 0.00467509 -0.321186 0.947004 122 108 105
7.91625 -1.78913 29.0932 0.335282 0.597503 0.728407 154 134 143
8.14637 -0.985284 30.1083 0 0 1 243 217 218
4.65097 3.21124 19.0145 -0 -0 -1 160 167 123
-1.50739 -1.68499 29.2948 0.586268 0.489813 -0.64527 95 84 91
-4.38855 1.27907 28.7864 0.242791 -0.900879 -0.359818 183 150 133
-0.419437 3.30333 18.5635 -0 -0 -1 159 153 117
4.33785 -4.00719 28.5039 -0.10254 -0.0632886 0.992714 157 144 145
5.62583 -2.14232 29.0615 0 0 1 180 157 160
-0.245216 -1.01808 28.9746 -0 -0 -1 112 96 97
5.19695 -0.813977 29.698 0 0 1 202 182 193
8.52355 0.385516 30.8151 0 0 1 179 160 145
-5.24413 0.652425 30.1513 0.0694431 -0.198438 0.97765 161 153 147
4.72587 3.3682 18.2836 -0 -0 -1 176 176 131
2.31378 -3.60261 28.184 0 0 1 238 211 220
-7.59732 -0.0849438 30.1588 0 0 1 92 74 60
6.45836 0.826293 28.548 -0 -0 -1 93 86 76
-0.492222 1.01467 29.6885 -0.0953349 -0.718151 -0.689326 131 87 86
8.23202 0.356463 30.3806 -0.4404 0.554526 0.70608 157 139 137
-7.31794 0.265411 29.9442 -0.442678 -0.428963 0.787418 75 69 71
-5.49551 3.23264 19.4383 0.409713 -0.824606 -0.390077 177 162 135
-7.69379 0.424944 30.1652 -0.466782 -0.881971 0.0651249 173 173 173
-7.68296 0.425362 30.1203 0.0842023 -0.378363 0.92182 173 173 173
6.19194 0.393982 30.1307 -0.760894 0.168741 0.626552 126 111 109
5.45066 -2.31754 28.8826 -0.387615 0.122619 0.913629 166 150 160
-5.77595 -0.733919 30.2069 0.716295 0.371741 -0.590534 175 150 153
-7.16815 -0.217157 30.0581 -0.658916 0.470982 0.58652 101 87 84
2.20685 -1.9183 29.2809 0.420279 -0.629871 0.653167 126 113 112
-7.59785 -0.641362 29.4719 0 0 1 128 141 115
7.54629 1.06385 28.9628 0.673076 -0.0366957 -0.738663 97 87 78
0.880011 0.022069 30.2279 -0.244745 -0.96958 0.00372575 234 209 213
-6.57963 0.159448 29.8318 0.457274 -0.466897 0.756907 91 89 82
-5.90612 -0.425988 29.9366 0 0 1 224 203 204
-5.16404 0.233338 30.162 -0.340142 0.933573 -0.112893 227 207 216
0.180338 0.776053 29.8329 0.0418666 -0.984635 -0.169529 133 114 98
