ply
format ascii 1.0
element vertex 16222
property float x
property float y
property float z
property uchar red
property uchar green
property uchar blue
property float confidence
end_header
-6.8204 -5.3706 1.3238 26 218 26 0.892
-5.0285 5.1825 2.0046 29 216 29 0.881
6.8929 -2.2168 1.2125 40 207 40 0.837
-6.1367 -1.9397 1.6013 40 207 40 0.837
-6.9319 5.3811 1.2967 35 211 35 0.859
3.5315 -7.2158 2.6092 13 229 13 0.947
-6.9508 0.6443 1.2944 48 200 48 0.804
7.9049 4.0494 0.7960 38 209 38 0.848
4.5046 2.5861 2.2435 40 207 40 0.837
-3.0003 -1.2778 2.8207 35 211 35 0.859
-0.3939 3.7766 3.8401 32 214 32 0.870
-3.5391 -1.4425 2.6438 46 202 46 0.815
-7.3608 -7.3302 1.0718 21 222 21 0.914
4.6884 -2.6191 2.0884 10 231 10 0.958
3.2524 3.2032 2.5952 26 218 26 0.892
-1.6018 -2.6566 3.3515 40 207 40 0.837
-3.8076 2.1705 2.4097 100 217 20 0.771
0.5065 -1.3753 3.7808 4 236 4 0.980
-7.7239 -2.4045 0.8779 43 205 43 0.826
-5.4611 -2.5791 1.8798 29 216 29 0.881
1.9949 5.0075 3.2774 29 216 29 0.881
0.3122 7.2087 3.8070 4 236 4 0.980
-0.6509 1.7240 3.6480 18 225 18 0.925
4.4418 -2.2198 2.2872 21 222 21 0.914
0.3267 2.9307 3.8559 35 211 35 0.859
-5.7289 -5.1091 1.7657 21 222 21 0.914
7.9277 -2.5824 0.7951 92 219 20 0.793
4.0120 -0.3370 2.3870 16 227 16 0.936
1.5328 4.0889 3.5130 26 218 26 0.892
0.2117 -0.8232 3.8802 29 216 29 0.881
3.0689 1.5650 2.7593 24 220 24 0.903
5.8413 2.8525 1.7694 29 216 29 0.881
-5.7354 3.2678 1.6950 105 215 20 0.760
-2.8640 1.0996 2.8990 38 209 38 0.848
-5.0356 -5.2875 1.9757 35 211 35 0.859
3.5762 6.8756 2.5632 26 218 26 0.892
-0.9194 7.8146 3.6645 96 218 20 0.782
3.8924 2.1869 2.4826 29 216 29 0.881
4.9105 -0.0317 1.9788 100 217 20 0.771
4.2093 -0.0994 2.2466 21 222 21 0.914
2.6259 5.2611 2.8930 40 207 40 0.837
0.2943 -5.3181 3.8901 18 225 18 0.925
-7.8741 -2.1121 0.8984 100 217 20 0.771
-0.7077 -7.6062 3.7496 35 211 35 0.859
5.9944 0.8932 1.5947 29 216 29 0.881
-0.0986 2.9687 3.9398 32 214 32 0.870
1.0493 -0.8228 3.5502 35 211 35 0.859
6.1282 -1.5287 1.5126 16 227 16 0.936
-5.1429 -5.7686 1.9275 92 219 20 0.793
-2.2199 6.6444 3.0694 46 202 46 0.815
-1.7117 3.4597 3.3279 40 207 40 0.837
-1.1439 -3.8216 3.4380 48 200 48 0.804
3.5838 6.6385 2.4711 13 229 13 0.947
-6.3476 -4.0506 1.4891 43 205 43 0.826
4.6708 -2.4678 2.0309 16 227 16 0.936
1.3662 4.8013 3.3917 100 217 20 0.771
1.3050 -2.1229 3.4531 38 209 38 0.848
5.0430 -3.7770 1.9013 32 214 32 0.870
-3.5801 -1.5491 2.5952 40 207 40 0.837
3.1548 -4.2410 2.7851 16 227 16 0.936
6.8242 4.0949 1.2400 38 209 38 0.848
-3.8444 -1.3049 2.5057 18 225 18 0.925
5.4607 -4.6851 1.8744 35 211 35 0.859
-3.8089 3.4050 2.4057 26 218 26 0.892
-7.0784 7.3726 1.1625 10 231 10 0.958
7.6174 4.0412 0.8661 40 207 40 0.837
-4.2331 -3.9686 2.3793 29 216 29 0.881
-1.4199 0.0005 3.3260 26 218 26 0.892
-4.2908 -5.2773 2.3635 24 220 24 0.903
0.1588 -1.1603 3.9114 10 231 10 0.958
4.2242 -7.1612 2.2896 26 218 26 0.892
-2.9409 1.5753 2.8411 4 236 4 0.980
-5.0845 -4.8905 1.9933 13 229 13 0.947
3.7250 6.9340 2.4644 13 229 13 0.947
0.9011 2.4979 3.5619 35 211 35 0.859
1.5589 6.0008 3.4098 32 214 32 0.870
4.0819 6.8547 2.3344 10 231 10 0.958
2.0389 3.6109 3.1892 32 214 32 0.870
4.4666 -3.7059 2.2350 24 220 24 0.903
-4.9529 -2.8678 2.0554 32 214 32 0.870
1.4516 5.8058 3.4899 24 220 24 0.903
-1.6486 -6.5383 3.4382 38 209 38 0.848
4.0516 0.7391 2.3311 24 220 24 0.903
1.0120 -3.2672 3.6416 40 207 40 0.837
7.4019 -0.0502 1.1447 18 225 18 0.925
-5.5662 4.6356 1.8328 32 214 32 0.870
-6.1556 -5.9373 1.5727 40 207 40 0.837
2.7235 0.5245 2.8687 40 207 40 0.837
-1.2298 7.3259 3.4527 35 211 35 0.859
-5.2186 4.7850 1.9499 46 202 46 0.815
0.6462 -3.9624 3.6854 32 214 32 0.870
2.5654 -5.9050 2.9706 46 202 46 0.815
-5.0889 -2.6374 1.9888 24 220 24 0.903
5.3946 6.3293 1.8238 40 207 40 0.837
-7.7554 -2.0334 0.8626 46 202 46 0.815
-1.8196 -5.9845 3.2795 18 225 18 0.925
-7.5706 0.9315 0.9916 18 225 18 0.925
6.7655 -6.7622 1.2969 29 216 29 0.881
3.7559 4.9620 2.5362 21 222 21 0.914
-4.2023 4.2220 2.3475 21 222 21 0.914
-6.2743 -7.3813 1.5292 38 209 38 0.848
-4.5485 -3.9955 2.1915 32 214 32 0.870
6.9874 0.1802 1.1501 21 222 21 0.914
0.6282 5.4075 3.8381 21 222 21 0.914
7.0792 -7.9506 1.2507 96 218 20 0.782
4.6219 -2.7044 2.1700 16 227 16 0.936
6.2063 -1.6130 1.5578 13 229 13 0.947
4.7416 -6.6571 2.1070 29 216 29 0.881
-2.5450 -6.3722 3.0387 40 207 40 0.837
6.7799 0.8686 1.2639 16 227 16 0.936
4.8524 -2.0172 2.0798 40 207 40 0.837
-4.5758 -1.6869 2.1552 40 207 40 0.837
5.7173 -7.1794 1.7518 26 218 26 0.892
7.1754 -2.9973 1.1583 96 218 20 0.782
0.3196 -4.8659 3.8152 35 211 35 0.859
3.0090 4.6646 2.7436 40 207 40 0.837
2.0560 -7.4739 3.1656 26 218 26 0.892
6.7694 5.1380 1.2521 18 225 18 0.925
-1.8850 -2.6785 3.1974 38 209 38 0.848
6.2256 0.7281 1.4733 38 209 38 0.848
-6.0394 -3.4186 1.5337 35 211 35 0.859
-1.4153 -0.8333 3.4025 21 222 21 0.914
-5.3548 2.9889 1.8008 92 219 20 0.793
1.7687 6.7034 3.2989 32 214 32 0.870
3.7831 -6.2896 2.4418 38 209 38 0.848
6.8401 6.2740 1.2968 18 225 18 0.925
-7.0848 7.6940 1.1678 26 218 26 0.892
2.2245 3.9261 3.0837 16 227 16 0.936
7.6368 1.8256 0.9855 24 220 24 0.903
3.0175 -3.9371 2.8012 18 225 18 0.925
6.9928 2.4160 1.2017 26 218 26 0.892
3.8894 -6.0090 2.4781 10 231 10 0.958
2.7954 7.9911 2.9051 96 218 20 0.782
4.8804 -5.3230 1.9691 21 222 21 0.914
-5.5573 6.3614 1.7551 24 220 24 0.903
-5.9991 3.1105 1.5902 43 205 43 0.826
4.6748 2.5334 2.1140 21 222 21 0.914
-0.1403 -2.6637 3.9596 29 216 29 0.881
3.1963 -4.0555 2.7486 10 231 10 0.958
-6.5719 -1.8829 1.3261 46 202 46 0.815
7.7368 -3.1058 0.8309 105 215 20 0.760
-7.6367 -7.2343 1.0541 13 229 13 0.947
6.4671 -1.5547 1.4154 7 233 7 0.969
5.3267 6.0558 1.8463 43 205 43 0.826
5.6339 3.6947 1.7347 26 218 26 0.892
6.7516 5.1569 1.3240 13 229 13 0.947
4.8235 -4.3798 1.9903 35 211 35 0.859
-0.9084 7.2304 3.6538 35 211 35 0.859
-2.5575 -1.5922 2.9464 26 218 26 0.892
4.6329 0.2889 2.1097 43 205 43 0.826
7.1616 -1.6114 1.1627 21 222 21 0.914
-4.6589 -7.5598 2.0922 46 202 46 0.815
-1.6802 2.9703 3.3907 43 205 43 0.826
4.1208 -4.6741 2.4261 29 216 29 0.881
-3.2579 -3.1899 2.6738 26 218 26 0.892
1.5068 6.1047 3.4635 26 218 26 0.892
-1.3214 -6.3782 3.5371 38 209 38 0.848
6.9841 -4.5081 1.2265 26 218 26 0.892
4.9853 2.0182 1.9347 100 217 20 0.771
-3.7001 -1.5984 2.5028 18 225 18 0.925
5.3179 -5.8982 1.8081 4 236 4 0.980
3.4171 1.3432 2.6797 13 229 13 0.947
-0.5984 3.1150 3.8567 40 207 40 0.837
-7.4770 -1.6433 0.9751 40 207 40 0.837
-5.8030 6.7556 1.6458 38 209 38 0.848
4.7059 7.7421 2.1194 38 209 38 0.848
-1.5106 4.1552 3.2923 38 209 38 0.848
-1.7776 -7.1969 3.2074 40 207 40 0.837
-2.2672 -2.8274 3.0983 18 225 18 0.925
-5.4483 -4.8180 1.8819 10 231 10 0.958
-5.4556 -2.1065 1.8325 21 222 21 0.914
-6.7820 5.3347 1.2480 24 220 24 0.903
1.2323 -5.6814 3.4930 32 214 32 0.870
-6.9080 -0.2690 1.2201 35 211 35 0.859
0.7937 -6.7283 3.6313 46 202 46 0.815
2.0280 -4.3405 3.2135 43 205 43 0.826
2.2424 5.2163 3.0326 48 200 48 0.804
1.0323 3.0533 3.5202 40 207 40 0.837
0.0448 -3.0379 3.8989 18 225 18 0.925
0.8695 3.8002 3.6446 40 207 40 0.837
6.6908 5.6398 1.3121 24 220 24 0.903
-3.3285 1.9487 2.6708 35 211 35 0.859
7.9511 5.4560 0.7541 48 200 48 0.804
-2.0672 -2.8242 3.1943 32 214 32 0.870
-2.2198 3.3025 3.0913 40 207 40 0.837
-3.8004 -2.7038 2.5160 29 216 29 0.881
5.2670 -3.0253 1.9141 48 200 48 0.804
0.5762 -0.1524 3.7883 35 211 35 0.859
-4.5616 -6.6575 2.1459 46 202 46 0.815
-4.1448 7.6379 2.3363 18 225 18 0.925
5.3714 -1.9635 1.9424 40 207 40 0.837
3.5657 -5.4984 2.5758 24 220 24 0.903
1.1984 5.5105 3.5518 24 220 24 0.903
-7.0728 3.1640 1.1607 38 209 38 0.848
-0.1188 -7.3614 3.9268 13 229 13 0.947
7.2097 -6.8281 1.1483 35 211 35 0.859
-1.3423 2.4511 3.4758 29 216 29 0.881
-5.9738 -0.4996 1.5848 40 207 40 0.837
-5.0360 7.0869 1.8607 92 219 20 0.793
-0.5966 -1.4762 3.7402 16 227 16 0.936
0.6370 -2.4466 3.8110 29 216 29 0.881
7.9239 1.0911 0.8429 92 219 20 0.793
2.0101 7.4070 3.2746 13 229 13 0.947
-5.3940 -3.6061 1.8416 21 222 21 0.914
4.3710 4.5592 2.2840 24 220 24 0.903
-2.2352 1.6116 3.0645 29 216 29 0.881
5.7757 0.0155 1.6254 38 209 38 0.848
-6.9879 -3.8255 1.1776 32 214 32 0.870
3.7912 5.5371 2.4796 32 214 32 0.870
7.4966 7.0984 1.0622 21 222 21 0.914
1.1642 -4.4697 3.5245 48 200 48 0.804
-0.1708 3.2098 3.8637 24 220 24 0.903
1.3481 -5.7689 3.5248 24 220 24 0.903
-6.6406 6.6052 1.3352 21 222 21 0.914
5.5123 -0.9655 1.7718 32 214 32 0.870
3.3532 -5.7713 2.6151 26 218 26 0.892
-7.3560 1.2494 1.0463 10 231 10 0.958
2.7932 -1.3175 2.8238 35 211 35 0.859
-5.6976 -4.9478 1.6671 16 227 16 0.936
-4.8550 -2.9977 2.0902 46 202 46 0.815
6.8489 -4.5553 1.2885 29 216 29 0.881
7.0197 -2.0016 1.1706 40 207 40 0.837
4.1764 4.7191 2.2894 16 227 16 0.936
4.1627 3.6172 2.3584 29 216 29 0.881
-5.5064 -4.0146 1.8519 26 218 26 0.892
-7.1483 -2.7487 1.0733 40 207 40 0.837
7.1783 -4.3115 1.1029 35 211 35 0.859
-2.2262 -3.3952 3.0978 29 216 29 0.881
7.6136 -7.1145 0.9840 38 209 38 0.848
2.5725 7.4463 2.8908 43 205 43 0.826
-6.5753 7.1545 1.3602 32 214 32 0.870
7.1940 -1.3510 1.1525 38 209 38 0.848
1.3260 -3.4196 3.5176 21 222 21 0.914
1.3248 5.5584 3.4845 21 222 21 0.914
5.4330 -6.2273 1.8358 4 236 4 0.980
2.1976 -3.4524 3.1476 40 207 40 0.837
-4.9951 -1.2437 1.9287 40 207 40 0.837
3.0307 5.6488 2.8131 35 211 35 0.859
5.5861 7.4510 1.7560 29 216 29 0.881
4.6645 -3.1948 2.1747 48 200 48 0.804
-3.9561 5.8201 2.4301 32 214 32 0.870
4.2403 7.6017 2.2862 48 200 48 0.804
7.4634 -1.1043 1.1064 24 220 24 0.903
7.3595 5.9207 1.0643 7 233 7 0.969
-2.7850 7.1983 2.8853 26 218 26 0.892
2.2406 -1.5199 3.1977 24 220 24 0.903
-0.8464 -1.2559 3.7294 40 207 40 0.837
1.2414 -7.0351 3.4874 40 207 40 0.837
1.0846 -0.7790 3.5143 40 207 40 0.837
-5.1639 -5.2971 1.8798 32 214 32 0.870
-3.3893 -4.7856 2.6120 40 207 40 0.837
-6.0859 -6.9604 1.5507 32 214 32 0.870
5.7954 4.2560 1.5717 32 214 32 0.870
-3.6571 4.5205 2.5082 29 216 29 0.881
-7.2894 -5.9167 0.9740 24 220 24 0.903
5.9177 -3.5249 1.6354 21 222 21 0.914
7.0888 5.6052 1.1729 24 220 24 0.903
6.7984 -7.1549 1.2144 35 211 35 0.859
-6.2170 -7.8621 1.4747 46 202 46 0.815
7.2163 4.9605 1.1398 26 218 26 0.892
1.2177 0.2217 3.5288 32 214 32 0.870
-0.0056 -4.3593 3.9881 46 202 46 0.815
6.2964 6.6672 1.4936 32 214 32 0.870
2.3510 -3.2916 3.0404 24 220 24 0.903
5.3445 4.9705 1.8842 16 227 16 0.936
-5.0978 -2.0351 1.9513 18 225 18 0.925
7.0237 -3.6009 1.1639 21 222 21 0.914
-1.3897 -3.4172 3.3839 18 225 18 0.925
7.9365 -5.0490 0.8588 48 200 48 0.804
3.2697 -1.7362 2.6526 18 225 18 0.925
-0.3801 1.7714 3.7814 16 227 16 0.936
3.8132 1.0273 2.5521 24 220 24 0.903
-2.4991 6.6272 2.9626 38 209 38 0.848
-1.4326 -0.3995 3.4367 29 216 29 0.881
-4.7508 6.4008 2.0335 29 216 29 0.881
6.8167 7.2818 1.2958 96 218 20 0.782
0.0677 -3.7890 3.9133 13 229 13 0.947
6.8703 -6.9552 1.1278 38 209 38 0.848
-3.0969 6.1016 2.7984 7 233 7 0.969
-0.7253 -7.5149 3.6988 32 214 32 0.870
2.6454 -7.2086 2.9005 24 220 24 0.903
-4.1477 -6.8439 2.3633 26 218 26 0.892
-6.9809 7.0588 1.2198 7 233 7 0.969
0.2071 2.8320 3.8452 16 227 16 0.936
-7.5206 -4.6423 1.0547 29 216 29 0.881
7.5754 2.8481 1.0043 38 209 38 0.848
-3.3022 -6.1487 2.7694 38 209 38 0.848
7.8947 7.6500 0.9290 46 202 46 0.815
5.7384 -2.8861 1.6607 29 216 29 0.881
-4.4679 0.9463 2.1802 21 222 21 0.914
-4.8189 -0.5312 2.0541 26 218 26 0.892
-4.6006 1.0374 2.2162 21 222 21 0.914
-4.9823 -4.8454 1.9861 7 233 7 0.969
0.7399 6.3458 3.7487 35 211 35 0.859
-4.8129 -0.7547 2.1747 26 218 26 0.892
0.7355 -6.9520 3.7209 40 207 40 0.837
5.9126 -4.6041 1.6497 21 222 21 0.914
-4.0445 5.7920 2.3813 32 214 32 0.870
-1.8908 -7.4381 3.2963 46 202 46 0.815
1.7532 -7.4195 3.2814 29 216 29 0.881
3.8705 -4.9255 2.4519 16 227 16 0.936
5.5717 0.0708 1.7927 26 218 26 0.892
-7.5590 1.0142 0.9917 10 231 10 0.958
-7.8257 5.5165 0.8399 96 218 20 0.782
-6.0109 -0.3382 1.5672 35 211 35 0.859
-5.5704 6.8456 1.7097 35 211 35 0.859
-2.0027 -3.7119 3.1905 32 214 32 0.870
-5.0632 -7.8308 1.8800 48 200 48 0.804
5.7888 -0.8583 1.6015 7 233 7 0.969
-1.1934 -5.5152 3.5127 43 205 43 0.826
2.1914 -6.7252 3.1671 32 214 32 0.870
-0.8166 4.6690 3.7163 100 217 20 0.771
1.2887 1.6073 3.5240 96 218 20 0.782
5.4023 5.1772 1.8851 4 236 4 0.980
-7.0452 -4.1028 1.1569 21 222 21 0.914
-4.6276 -3.5274 2.1049 40 207 40 0.837
2.9632 -4.5533 2.9698 29 216 29 0.881
-5.9012 3.7201 1.6781 96 218 20 0.782
0.5072 -2.5976 3.7633 38 209 38 0.848
-6.7412 -7.1923 1.2861 21 222 21 0.914
4.5083 -4.6681 2.1526 29 216 29 0.881
5.3755 -0.1575 1.9035 24 220 24 0.903
-4.3839 6.6002 2.2892 32 214 32 0.870
0.5168 4.2193 3.8827 32 214 32 0.870
3.4737 0.2478 2.5624 32 214 32 0.870
5.9483 4.2473 1.6697 29 216 29 0.881
1.1598 4.3140 3.5980 13 229 13 0.947
-6.9172 -1.9981 1.2343 96 218 20 0.782
-7.4043 1.3349 1.0661 29 216 29 0.881
6.9496 -0.1503 1.1794 16 227 16 0.936
5.0399 6.2460 1.9359 35 211 35 0.859
6.5516 -0.9037 1.4287 26 218 26 0.892
-7.8746 4.1419 0.7622 38 209 38 0.848
-6.7793 2.4459 1.3711 43 205 43 0.826
-5.0671 4.5216 1.9920 38 209 38 0.848
4.5300 7.1789 2.2008 35 211 35 0.859
-3.0604 -7.7080 2.8227 7 233 7 0.969
3.3227 -4.9096 2.7039 32 214 32 0.870
0.0777 -1.8268 3.9665 48 200 48 0.804
7.2530 -6.9848 1.0977 32 214 32 0.870
0.0641 6.1918 4.0467 18 225 18 0.925
7.0733 -7.7007 1.1725 21 222 21 0.914
7.6104 -1.6379 0.9394 43 205 43 0.826
-5.8939 -7.2084 1.6115 32 214 32 0.870
7.5405 -6.7025 0.9711 32 214 32 0.870
0.1675 -0.9878 3.9152 16 227 16 0.936
3.2278 1.8155 2.7768 13 229 13 0.947
-3.3985 -0.7312 2.6519 32 214 32 0.870
-1.6301 -5.1606 3.4193 13 229 13 0.947
-0.6131 -2.8355 3.8687 35 211 35 0.859
6.5780 2.2131 1.2754 29 216 29 0.881
1.9451 3.7606 3.1989 32 214 32 0.870
-7.7473 4.1900 0.8783 21 222 21 0.914
2.0830 -0.8315 3.2084 43 205 43 0.826
-1.9616 -0.4145 3.2123 35 211 35 0.859
3.3231 6.2496 2.6405 18 225 18 0.925
-6.3527 4.3543 1.5520 46 202 46 0.815
-3.3988 -2.8402 2.6503 40 207 40 0.837
5.6509 -1.9583 1.8290 24 220 24 0.903
-6.6249 -3.5397 1.2688 92 219 20 0.793
-3.5318 -4.9172 2.6524 32 214 32 0.870
-3.2975 -3.5757 2.5618 29 216 29 0.881
5.5694 -6.0853 1.6616 18 225 18 0.925
3.7070 -2.6815 2.4656 40 207 40 0.837
-2.6125 -2.7818 2.9137 29 216 29 0.881
0.8479 -7.4608 3.7089 40 207 40 0.837
-0.8821 -1.9151 3.6259 43 205 43 0.826
-2.3694 3.0214 3.0937 40 207 40 0.837
2.3418 2.6253 3.0224 38 209 38 0.848
3.0915 2.2461 2.7516 40 207 40 0.837
5.4019 -3.6051 1.8874 48 200 48 0.804
3.3567 -3.7498 2.6962 26 218 26 0.892
3.7883 -7.8558 2.4315 105 215 20 0.760
-4.4049 -7.5729 2.1557 21 222 21 0.914
3.7651 -0.3651 2.5393 32 214 32 0.870
-5.4051 -7.9673 1.7609 46 202 46 0.815
-4.4035 -6.9878 2.2235 46 202 46 0.815
4.1054 -4.6517 2.3161 24 220 24 0.903
-4.9819 0.0579 1.9836 38 209 38 0.848
-5.4293 -2.4235 1.8481 26 218 26 0.892
-4.8472 6.0375 2.0916 7 233 7 0.969
5.1685 0.9281 1.9365 29 216 29 0.881
-0.0513 5.6263 3.9331 35 211 35 0.859
5.1893 -1.4277 1.8852 46 202 46 0.815
6.0735 0.4894 1.4929 29 216 29 0.881
0.6706 -1.5852 3.8255 16 227 16 0.936
-1.8072 0.1444 3.2435 48 200 48 0.804
1.8177 0.8521 3.3245 43 205 43 0.826
4.1593 5.9792 2.3030 21 222 21 0.914
-2.0923 1.4048 3.1656 26 218 26 0.892
-4.7872 5.2457 2.0432 35 211 35 0.859
3.8138 -3.0705 2.4060 16 227 16 0.936
3.6095 -3.4374 2.5396 13 229 13 0.947
6.9213 -0.0034 1.1771 16 227 16 0.936
6.5709 -2.5335 1.3782 38 209 38 0.848
5.3691 -4.8864 1.9413 35 211 35 0.859
-1.8790 -5.9990 3.2638 10 231 10 0.958
0.6076 -6.1756 3.7965 46 202 46 0.815
-2.4702 6.2649 3.0656 38 209 38 0.848
7.6707 4.7195 0.8853 26 218 26 0.892
3.2901 1.7754 2.6685 4 236 4 0.980
4.6294 -5.3966 2.1545 43 205 43 0.826
1.0323 -0.8745 3.5872 16 227 16 0.936
-7.3507 4.2336 1.0164 24 220 24 0.903
3.8913 -6.2226 2.4438 35 211 35 0.859
2.7424 3.0190 2.9802 35 211 35 0.859
-2.2285 -4.2488 3.1037 43 205 43 0.826
-2.8038 -2.8082 2.9056 29 216 29 0.881
1.2546 -0.9915 3.4922 16 227 16 0.936
-3.7522 -7.2646 2.4568 38 209 38 0.848
-3.9244 5.6172 2.4373 35 211 35 0.859
-2.0818 1.3442 3.1682 26 218 26 0.892
-4.5560 -2.3906 2.1150 38 209 38 0.848
-7.5964 -7.9599 0.9431 96 218 20 0.782
3.4467 1.6045 2.5880 13 229 13 0.947
7.4975 5.4495 0.9342 24 220 24 0.903
6.1105 -6.6005 1.5355 18 225 18 0.925
3.2492 1.4096 2.7235 24 220 24 0.903
-2.4037 -6.9356 3.0419 40 207 40 0.837
0.1667 -3.7810 3.8442 26 218 26 0.892
-4.2891 1.0007 2.2717 16 227 16 0.936
1.5326 -6.5141 3.4376 46 202 46 0.815
6.7074 -3.3024 1.3903 43 205 43 0.826
-5.7770 5.4674 1.7024 40 207 40 0.837
-6.8696 -4.5744 1.2884 48 200 48 0.804
-5.7116 -2.3555 1.6642 26 218 26 0.892
0.5994 -3.7635 3.7973 18 225 18 0.925
0.7441 0.4103 3.7047 40 207 40 0.837
5.5232 -4.8514 1.8347 24 220 24 0.903
3.2404 -1.8266 2.7326 21 222 21 0.914
2.7509 -3.4570 2.8676 29 216 29 0.881
0.1103 -3.0073 3.9475 21 222 21 0.914
-2.2748 -0.4597 3.0895 29 216 29 0.881
7.7709 2.7675 0.8948 100 217 20 0.771
3.0266 6.1452 2.7642 29 216 29 0.881
1.3525 -5.5292 3.4326 21 222 21 0.914
-0.8584 -1.8386 3.6697 38 209 38 0.848
7.5398 3.5946 1.0278 43 205 43 0.826
-4.3366 -3.4734 2.2699 29 216 29 0.881
5.6490 -5.5028 1.7021 29 216 29 0.881
7.3479 -0.1031 1.0428 13 229 13 0.947
7.5660 0.8236 0.9595 96 218 20 0.782
-0.1363 1.5262 3.9193 26 218 26 0.892
4.7613 0.2087 2.1831 92 219 20 0.793
-7.7353 2.7385 0.9002 96 218 20 0.782
0.2090 7.0840 3.9437 18 225 18 0.925
2.5646 1.1626 2.9447 24 220 24 0.903
1.7638 -6.9445 3.2827 29 216 29 0.881
-7.7700 4.5282 0.9111 35 211 35 0.859
-5.8045 1.7202 1.6073 32 214 32 0.870
-0.3762 2.6038 3.8418 29 216 29 0.881
2.5754 1.8811 3.0327 16 227 16 0.936
-5.0264 -1.7304 1.9856 7 233 7 0.969
6.3938 -3.4719 1.3810 46 202 46 0.815
-5.7557 2.2156 1.6122 38 209 38 0.848
7.5239 1.7616 0.9519 35 211 35 0.859
2.6517 6.2703 2.9452 38 209 38 0.848
5.5949 7.3874 1.7895 29 216 29 0.881
-7.6475 1.3972 0.9439 92 219 20 0.793
-7.7819 -3.1460 0.8982 40 207 40 0.837
-7.2518 2.2427 1.1142 32 214 32 0.870
2.6634 3.2081 2.9551 21 222 21 0.914
-6.7432 6.4006 1.2775 21 222 21 0.914
-2.8781 7.2837 2.8405 24 220 24 0.903
-6.3254 0.8400 1.4586 21 222 21 0.914
6.5507 6.4940 1.3787 32 214 32 0.870
-6.0285 4.6001 1.5574 35 211 35 0.859
-7.3946 -4.7685 1.0390 38 209 38 0.848
5.1104 -5.0903 2.0457 29 216 29 0.881
0.3011 6.9781 3.9226 18 225 18 0.925
-2.2441 3.6404 3.1096 29 216 29 0.881
3.2129 0.9849 2.7491 24 220 24 0.903
-5.4061 0.1491 1.8677 13 229 13 0.947
-6.5348 0.1064 1.3836 29 216 29 0.881
-1.2595 1.6421 3.4973 21 222 21 0.914
2.1896 -1.5434 3.2281 24 220 24 0.903
-3.7731 5.4540 2.4765 38 209 38 0.848
6.5693 2.7765 1.3745 48 200 48 0.804
6.0334 -6.7235 1.5929 16 227 16 0.936
2.3930 5.9563 3.0243 43 205 43 0.826
-4.4410 5.6419 2.1904 29 216 29 0.881
-1.8253 5.2152 3.2830 32 214 32 0.870
0.0598 1.7310 3.9288 32 214 32 0.870
0.8581 0.9335 3.7168 43 205 43 0.826
-0.5257 7.2456 3.8476 29 216 29 0.881
0.8284 0.2335 3.6475 26 218 26 0.892
2.7489 6.9529 2.8969 24 220 24 0.903
6.3359 4.8870 1.4935 43 205 43 0.826
-2.8103 -3.4287 2.8918 16 227 16 0.936
6.6139 -5.4411 1.3375 24 220 24 0.903
-2.1387 -3.5770 3.1603 24 220 24 0.903
1.4364 -4.8899 3.4199 43 205 43 0.826
1.5025 -4.1473 3.3543 46 202 46 0.815
4.4251 3.3520 2.2461 24 220 24 0.903
4.6582 -2.0669 2.2310 29 216 29 0.881
1.6973 -7.3183 3.3053 29 216 29 0.881
2.1693 0.6659 3.1940 32 214 32 0.870
1.3766 -1.1726 3.4005 26 218 26 0.892
3.2048 6.3921 2.6869 24 220 24 0.903
7.5703 5.3392 0.9127 7 233 7 0.969
-0.1721 5.8049 3.8411 29 216 29 0.881
5.8892 2.6685 1.6769 21 222 21 0.914
-7.5452 -6.5007 0.9637 35 211 35 0.859
4.6726 -4.8732 2.1865 26 218 26 0.892
-3.7528 -3.5144 2.4951 24 220 24 0.903
2.9303 -3.9789 2.8871 21 222 21 0.914
4.9745 4.3439 2.0038 32 214 32 0.870
0.3033 -5.0297 3.8234 35 211 35 0.859
1.7023 7.4568 3.2919 26 218 26 0.892
7.8712 -3.9025 0.8647 26 218 26 0.892
-2.6029 -4.3264 2.9518 46 202 46 0.815
5.8215 2.7395 1.7180 24 220 24 0.903
3.0052 -1.6341 2.7786 18 225 18 0.925
-6.1042 1.3766 1.5897 35 211 35 0.859
6.9447 3.4343 1.2406 32 214 32 0.870
-1.3575 1.8970 3.3853 16 227 16 0.936
4.1803 -1.7046 2.3194 48 200 48 0.804
-5.1605 5.8202 1.9863 4 236 4 0.980
1.3232 -1.5502 3.5246 4 236 4 0.980
6.2225 -6.9513 1.5051 18 225 18 0.925
-0.6423 -3.6827 3.7418 24 220 24 0.903
0.3792 -7.4467 3.9353 35 211 35 0.859
4.6163 3.7402 2.1451 24 220 24 0.903
-7.1032 -3.5770 1.1720 32 214 32 0.870
-4.8502 -4.0466 2.1090 32 214 32 0.870
2.6870 -5.7199 2.9503 43 205 43 0.826
-0.5145 -0.2682 3.8187 40 207 40 0.837
3.9961 4.8301 2.4004 16 227 16 0.936
-2.6393 -1.5321 2.9678 43 205 43 0.826
2.7652 2.8547 2.9189 48 200 48 0.804
1.9007 -3.2401 3.2018 29 216 29 0.881
-0.4161 -4.1054 3.8309 35 211 35 0.859
-1.6630 -7.5217 3.2983 29 216 29 0.881
-2.5839 -6.1394 2.9754 32 214 32 0.870
-5.1853 4.9256 1.9016 29 216 29 0.881
-5.5801 5.6003 1.8370 35 211 35 0.859
5.6631 -4.2308 1.7846 29 216 29 0.881
-7.0391 -0.5149 1.2112 35 211 35 0.859
2.4209 6.8832 2.9664 18 225 18 0.925
-5.1125 4.7672 2.0225 35 211 35 0.859
7.2789 -5.3360 1.1165 43 205 43 0.826
7.1088 -4.8679 1.1793 21 222 21 0.914
-0.1056 2.0395 3.8526 38 209 38 0.848
6.3731 -4.9824 1.4351 29 216 29 0.881
4.4980 -0.2039 2.0796 46 202 46 0.815
1.7112 0.1176 3.4058 38 209 38 0.848
4.1739 6.6129 2.4662 24 220 24 0.903
-1.3598 -5.9375 3.4278 46 202 46 0.815
7.6538 4.8852 0.8507 18 225 18 0.925
-6.1655 -7.7763 1.5775 40 207 40 0.837
0.7803 -5.1167 3.7809 92 219 20 0.793
-2.7636 -0.3377 2.9011 43 205 43 0.826
3.5832 0.8071 2.6253 35 211 35 0.859
-2.4913 2.4514 2.9707 43 205 43 0.826
2.8325 -4.9057 2.8066 32 214 32 0.870
-3.5581 -3.6110 2.6175 13 229 13 0.947
-2.3756 -5.5890 3.0326 43 205 43 0.826
-3.3154 -0.8540 2.7807 29 216 29 0.881
4.7131 7.6784 2.1099 32 214 32 0.870
1.9212 -2.7077 3.2708 26 218 26 0.892
5.3467 -7.2301 1.8892 29 216 29 0.881
3.4471 3.2472 2.6690 21 222 21 0.914
-3.4864 3.3901 2.5500 32 214 32 0.870
-1.1431 -4.1935 3.4530 35 211 35 0.859
6.4717 -7.6645 1.5110 18 225 18 0.925
-5.5574 -6.3807 1.7463 40 207 40 0.837
-4.6474 0.8969 2.1804 18 225 18 0.925
6.5545 0.5048 1.3878 32 214 32 0.870
5.3289 7.6940 1.8652 26 218 26 0.892
0.5856 7.4994 3.8078 40 207 40 0.837
-5.2134 -4.7429 1.9139 4 236 4 0.980
-4.6064 0.2052 2.1632 43 205 43 0.826
3.4062 -7.3759 2.5421 26 218 26 0.892
3.0993 -0.8851 2.7402 32 214 32 0.870
2.1085 7.3369 3.1968 18 225 18 0.925
6.3560 -0.6410 1.4192 96 218 20 0.782
1.5838 -5.2214 3.3337 29 216 29 0.881
-2.0939 1.2980 3.1709 32 214 32 0.870
-2.9223 -0.2954 2.8246 48 200 48 0.804
5.2700 -4.8719 1.7552 35 211 35 0.859
-1.0392 -0.8348 3.5038 46 202 46 0.815
3.2912 -2.8231 2.6549 38 209 38 0.848
5.2923 -0.2250 1.8568 18 225 18 0.925
0.6501 2.7124 3.7238 24 220 24 0.903
-4.1884 0.7435 2.3394 24 220 24 0.903
-4.1298 -3.4337 2.3764 26 218 26 0.892
-1.2767 2.4693 3.4939 24 220 24 0.903
-5.4336 -6.5608 1.8688 38 209 38 0.848
-7.0675 -4.9767 1.1481 35 211 35 0.859
-3.2270 1.0496 2.6347 43 205 43 0.826
-0.2293 -7.6184 3.9338 32 214 32 0.870
2.4413 1.1274 2.9435 38 209 38 0.848
1.6469 -4.6697 3.3297 26 218 26 0.892
-6.4514 0.7076 1.3434 38 209 38 0.848
-0.5197 -4.4223 3.7236 26 218 26 0.892
5.8643 6.2425 1.6602 16 227 16 0.936
5.1285 -1.3771 2.0597 29 216 29 0.881
2.1423 2.2613 3.0631 43 205 43 0.826
-2.7159 -5.4194 2.9650 43 205 43 0.826
-3.1054 -7.6337 2.7650 4 236 4 0.980
6.4628 -0.5006 1.3793 100 217 20 0.771
1.1610 -1.8971 3.5105 24 220 24 0.903
5.9136 6.4470 1.6194 24 220 24 0.903
-1.4191 -3.2063 3.4499 10 231 10 0.958
-0.3085 -2.8258 3.9584 13 229 13 0.947
1.1678 0.6019 3.5666 38 209 38 0.848
7.5785 -0.2344 0.9988 35 211 35 0.859
-4.6973 -2.7516 2.1059 16 227 16 0.936
-7.6891 -4.1884 0.9691 29 216 29 0.881
3.1786 -7.3122 2.7776 46 202 46 0.815
-7.3295 0.6810 1.0373 29 216 29 0.881
-4.9312 -7.2073 2.0072 38 209 38 0.848
6.2525 -2.5181 1.4261 38 209 38 0.848
-0.5862 -6.1296 3.8460 29 216 29 0.881
-3.2791 3.3066 2.6584 24 220 24 0.903
-7.4166 -6.1197 1.0298 24 220 24 0.903
-6.3570 -2.8542 1.4600 16 227 16 0.936
5.6710 -2.8087 1.6987 32 214 32 0.870
6.5028 6.5470 1.3120 35 211 35 0.859
6.6585 -3.2281 1.3238 38 209 38 0.848
-6.6836 0.8659 1.3319 18 225 18 0.925
6.8593 -0.8790 1.2539 46 202 46 0.815
2.1368 7.2837 3.1156 10 231 10 0.958
5.6906 6.8910 1.7549 10 231 10 0.958
-7.3153 -4.1067 1.0828 16 227 16 0.936
0.5253 1.9985 3.7420 38 209 38 0.848
-2.3104 2.4607 3.1058 43 205 43 0.826
2.2800 6.2734 3.1767 32 214 32 0.870
-4.6281 -0.6249 2.1593 35 211 35 0.859
7.3051 7.7086 1.0725 48 200 48 0.804
0.6621 -2.9581 3.6903 96 218 20 0.782
1.9987 6.3969 3.1356 100 217 20 0.771
1.1976 4.1791 3.6052 18 225 18 0.925
4.0045 -4.8865 2.3789 18 225 18 0.925
-0.9940 -3.1555 3.5510 32 214 32 0.870
-4.1998 -7.0072 2.2528 26 218 26 0.892
-0.7440 2.4136 3.6056 29 216 29 0.881
-2.5115 -0.9991 2.9808 43 205 43 0.826
7.3703 7.5509 1.0786 48 200 48 0.804
-4.4670 4.6174 2.2042 21 222 21 0.914
7.1441 4.9727 1.0983 24 220 24 0.903
-7.4003 -5.2017 1.0240 38 209 38 0.848
-4.2315 -7.0503 2.2618 26 218 26 0.892
7.6899 2.3856 0.9232 92 219 20 0.793
0.9509 4.3532 3.5975 24 220 24 0.903
5.0010 -3.0210 1.9691 48 200 48 0.804
-3.4660 6.9544 2.5391 24 220 24 0.903
3.0885 3.5018 2.7808 16 227 16 0.936
0.7434 -1.8852 3.7041 21 222 21 0.914
-6.8468 1.2105 1.2902 18 225 18 0.925
-0.2255 -7.2330 3.8390 38 209 38 0.848
6.7585 -1.0909 1.2591 43 205 43 0.826
-4.4637 5.3421 2.1873 35 211 35 0.859
6.0369 -5.1976 1.6081 96 218 20 0.782
1.3156 -1.0870 3.4326 26 218 26 0.892
4.1176 -0.5598 2.2688 21 222 21 0.914
3.6944 -3.1223 2.4949 13 229 13 0.947
-2.3964 -5.9587 3.0325 32 214 32 0.870
0.7438 -1.7790 3.6784 16 227 16 0.936
-6.5938 2.5828 1.4266 38 209 38 0.848
5.5026 1.3474 1.8450 32 214 32 0.870
-0.3174 -2.5450 3.8719 32 214 32 0.870
2.2134 -1.1747 3.1575 40 207 40 0.837
-4.2216 3.0192 2.3001 24 220 24 0.903
-1.3807 -4.6020 3.3657 43 205 43 0.826
-7.2176 7.3691 1.1835 32 214 32 0.870
3.3695 -6.0120 2.6098 21 222 21 0.914
-0.5192 -1.3760 3.8030 21 222 21 0.914
-1.1449 2.1902 3.5574 21 222 21 0.914
-4.0827 1.2474 2.3256 18 225 18 0.925
-4.1942 4.1202 2.3516 26 218 26 0.892
4.2524 0.6279 2.2741 35 211 35 0.859
3.6016 -5.7481 2.4914 24 220 24 0.903
-4.1476 -7.6114 2.3005 21 222 21 0.914
6.9139 -4.6098 1.2935 16 227 16 0.936
-1.3053 -2.4864 3.4452 92 219 20 0.793
6.5047 -6.5761 1.4231 4 236 4 0.980
-1.1239 -2.1384 3.5774 96 218 20 0.782
-2.5817 -6.2452 2.8959 35 211 35 0.859
-0.6689 0.2381 3.7836 18 225 18 0.925
6.0774 7.8991 1.5354 48 200 48 0.804
-2.5719 -6.9194 3.0438 21 222 21 0.914
1.8470 -4.8570 3.2637 43 205 43 0.826
-6.0277 -7.3836 1.5869 38 209 38 0.848
7.7018 5.3737 0.8720 13 229 13 0.947
-6.6715 6.0035 1.2433 48 200 48 0.804
-1.6942 0.2037 3.3588 35 211 35 0.859
-2.5880 -3.7487 2.9235 26 218 26 0.892
2.7387 -6.3260 2.8773 4 236 4 0.980
0.1714 -7.2525 3.7729 10 231 10 0.958
0.9341 -1.3357 3.5602 21 222 21 0.914
-0.2675 -5.4042 3.8734 26 218 26 0.892
3.5146 6.7033 2.5890 13 229 13 0.947
-2.4545 -7.2859 2.9949 32 214 32 0.870
-4.1717 6.1358 2.3187 24 220 24 0.903
-5.7787 1.7047 1.7804 32 214 32 0.870
-1.2710 5.7995 3.4043 21 222 21 0.914
-4.4561 1.6718 2.2437 32 214 32 0.870
-3.7775 5.8822 2.5474 18 225 18 0.925
4.1825 -7.4058 2.3562 35 211 35 0.859
-5.9936 6.4242 1.7071 38 209 38 0.848
3.7059 7.3611 2.4472 32 214 32 0.870
-7.1229 3.2221 1.2039 35 211 35 0.859
4.4194 3.0995 2.2684 46 202 46 0.815
-2.3253 -0.9062 3.0569 26 218 26 0.892
-4.2002 5.0547 2.3301 26 218 26 0.892
1.8107 2.8243 3.2431 43 205 43 0.826
6.3368 -3.0691 1.4462 29 216 29 0.881
-0.4597 5.0016 3.8592 21 222 21 0.914
2.9384 3.2302 2.7392 13 229 13 0.947
-0.2831 0.1991 3.9410 35 211 35 0.859
-7.5570 1.1652 0.9667 13 229 13 0.947
2.0530 6.7974 3.1418 10 231 10 0.958
-5.4162 -2.9019 1.8763 18 225 18 0.925
1.9621 1.7945 3.2317 18 225 18 0.925
7.1429 0.8859 1.0842 38 209 38 0.848
2.2743 5.0369 3.1117 32 214 32 0.870
7.0254 -4.4220 1.1166 38 209 38 0.848
6.4592 4.8862 1.4946 48 200 48 0.804
3.0411 0.6811 2.7416 32 214 32 0.870
1.9100 0.4469 3.2455 26 218 26 0.892
-1.4426 2.9357 3.4211 38 209 38 0.848
4.7976 4.1354 2.1354 21 222 21 0.914
-7.7303 -6.9099 0.9200 10 231 10 0.958
0.9487 6.1726 3.6932 40 207 40 0.837
-4.2568 -7.2831 2.3089 4 236 4 0.980
-4.6918 6.2873 2.0974 21 222 21 0.914
-2.7427 5.0566 2.9713 29 216 29 0.881
-2.4315 -5.5309 2.9635 92 219 20 0.793
-5.9783 -1.1413 1.5447 24 220 24 0.903
-2.3395 -7.6436 3.0622 35 211 35 0.859
-4.9294 7.4837 2.0315 40 207 40 0.837
-0.5484 -6.2004 3.8138 32 214 32 0.870
1.0436 5.4345 3.6053 29 216 29 0.881
6.3410 -5.3442 1.4657 35 211 35 0.859
-7.6513 -5.6583 0.9054 38 209 38 0.848
-6.5870 2.2482 1.3541 38 209 38 0.848
-3.6749 7.7779 2.5673 92 219 20 0.793
1.7711 6.9594 3.3236 4 236 4 0.980
6.9474 3.5534 1.2121 13 229 13 0.947
-1.4803 6.9351 3.4442 43 205 43 0.826
-1.9619 -4.0409 3.2115 32 214 32 0.870
-5.2900 1.4106 1.8116 100 217 20 0.771
-7.2855 -5.3802 1.0426 43 205 43 0.826
4.8268 -0.0509 1.9979 48 200 48 0.804
-4.7522 -2.5291 2.0746 43 205 43 0.826
4.2922 5.0755 2.3084 48 200 48 0.804
-2.2638 -1.0934 3.0620 35 211 35 0.859
-6.0092 6.1056 1.5633 4 236 4 0.980
-1.9837 5.9870 3.1770 43 205 43 0.826
-7.3802 -6.3565 1.0604 35 211 35 0.859
1.1644 -4.2095 3.5971 92 219 20 0.793
-2.8440 -1.8448 2.8359 26 218 26 0.892
-5.8172 2.7342 1.5906 13 229 13 0.947
-5.5058 -2.6575 1.7895 24 220 24 0.903
5.6627 2.3488 1.6582 18 225 18 0.925
-5.9008 -3.1569 1.6323 38 209 38 0.848
1.1747 2.6170 3.5974 29 216 29 0.881
-6.2731 -5.7853 1.5467 38 209 38 0.848
-0.6494 -3.8547 3.7025 43 205 43 0.826
-0.3127 5.6019 3.8120 35 211 35 0.859
-4.3187 -7.6421 2.2568 13 229 13 0.947
7.8853 -3.8189 0.8212 35 211 35 0.859
-7.5200 -1.2560 0.8605 24 220 24 0.903
5.1781 2.7499 1.9388 24 220 24 0.903
-3.9094 -5.5680 2.3970 13 229 13 0.947
7.1851 -7.6952 1.1262 40 207 40 0.837
1.2906 -3.1415 3.5024 7 233 7 0.969
0.5702 6.0640 3.8174 32 214 32 0.870
-5.8181 0.5680 1.6597 4 236 4 0.980
0.4627 -7.3111 3.7962 32 214 32 0.870
-0.2212 2.4129 3.9503 43 205 43 0.826
-5.4258 -7.6107 1.8549 16 227 16 0.936
-5.9612 -7.0070 1.6527 35 211 35 0.859
-1.7200 -5.3447 3.2442 38 209 38 0.848
3.6232 -4.5217 2.4873 16 227 16 0.936
4.7646 7.4085 2.0517 4 236 4 0.980
7.3135 -7.3647 1.0893 35 211 35 0.859
5.6463 -4.2639 1.8493 32 214 32 0.870
-3.0764 -2.1706 2.8364 29 216 29 0.881
-7.4977 -1.8169 0.9519 92 219 20 0.793
-0.2285 -0.5667 3.8885 46 202 46 0.815
-0.3245 -6.7933 3.8733 92 219 20 0.793
5.7155 4.2406 1.6866 26 218 26 0.892
-5.0418 0.0453 1.9318 32 214 32 0.870
-3.2741 -7.1243 2.6521 32 214 32 0.870
-4.7768 -0.9873 2.1015 26 218 26 0.892
-0.1968 -3.3304 3.9030 38 209 38 0.848
-1.7573 -0.5345 3.2961 32 214 32 0.870
3.1833 -0.0203 2.7039 96 218 20 0.782
-5.0647 -0.5556 1.9667 29 216 29 0.881
0.1855 -4.9573 3.8357 29 216 29 0.881
-0.8473 2.7624 3.6969 21 222 21 0.914
-3.8610 -1.1363 2.4997 13 229 13 0.947
-4.3078 7.4131 2.2806 92 219 20 0.793
-7.2528 -0.6278 1.1368 32 214 32 0.870
-6.2594 -2.1801 1.4381 24 220 24 0.903
-2.2879 6.1656 3.1092 24 220 24 0.903
4.7344 -6.4013 2.1426 32 214 32 0.870
4.7228 6.2913 2.1546 40 207 40 0.837
-2.0712 5.3505 3.2126 10 231 10 0.958
2.2528 5.9225 3.0021 35 211 35 0.859
-6.1731 1.7042 1.3945 46 202 46 0.815
0.5871 0.6640 3.7873 18 225 18 0.925
-7.7124 -7.7344 1.0706 43 205 43 0.826
-1.3646 -3.1430 3.4880 13 229 13 0.947
-7.4892 -6.9624 0.9672 4 236 4 0.980
-2.4137 1.3688 3.0063 38 209 38 0.848
-5.5279 0.6828 1.7949 13 229 13 0.947
-6.8754 7.5828 1.2943 24 220 24 0.903
6.2032 5.0728 1.4710 18 225 18 0.925
5.5104 -7.3512 1.7212 24 220 24 0.903
7.7000 -3.3470 0.9233 43 205 43 0.826
-0.2439 4.0440 3.9391 21 222 21 0.914
4.7254 -0.7327 2.1686 18 225 18 0.925
-2.2341 4.6321 3.0293 38 209 38 0.848
7.8808 5.2056 0.9045 26 218 26 0.892
0.5088 -3.4809 3.8261 38 209 38 0.848
-7.2282 -2.6233 1.1201 32 214 32 0.870
-1.9901 4.0403 3.1910 48 200 48 0.804
-4.1505 6.3763 2.3293 21 222 21 0.914
6.6404 -5.8481 1.3937 10 231 10 0.958
-7.5099 -7.0770 1.0003 4 236 4 0.980
-2.6165 -7.3439 2.9562 16 227 16 0.936
7.0110 5.4964 1.2343 18 225 18 0.925
2.3662 4.7265 3.0672 18 225 18 0.925
2.5759 6.7389 2.9233 13 229 13 0.947
3.6091 -2.0910 2.4809 40 207 40 0.837
3.5617 6.6847 2.5218 10 231 10 0.958
5.9424 -5.5856 1.6837 100 217 20 0.771
0.1748 -5.1511 4.0195 35 211 35 0.859
5.3532 -6.5614 1.8160 4 236 4 0.980
0.7399 -2.8833 3.7127 48 200 48 0.804
7.0128 -7.0766 1.2657 32 214 32 0.870
-2.3557 1.4308 3.0264 24 220 24 0.903
4.5861 5.7573 2.1709 7 233 7 0.969
-7.1785 -2.8779 1.1743 35 211 35 0.859
-0.0826 1.4178 3.9694 35 211 35 0.859
2.8221 -1.4563 2.9153 43 205 43 0.826
4.3594 -6.4438 2.2960 32 214 32 0.870
5.7571 0.6741 1.6610 13 229 13 0.947
-0.5979 -0.0328 3.8026 38 209 38 0.848
3.6946 -4.2327 2.5639 24 220 24 0.903
-6.8262 7.3127 1.2744 4 236 4 0.980
-2.2922 -0.3636 3.0626 35 211 35 0.859
2.3525 3.8572 3.0561 35 211 35 0.859
-2.2045 -6.3988 3.1785 40 207 40 0.837
-7.7939 7.7662 0.9141 96 218 20 0.782
5.1474 7.5870 1.8343 24 220 24 0.903
7.6640 7.6793 0.9337 35 211 35 0.859
-2.4252 -6.3345 3.0989 38 209 38 0.848
3.6965 -7.4175 2.4269 26 218 26 0.892
3.9324 -0.3616 2.4124 16 227 16 0.936
5.3541 3.7164 1.8923 21 222 21 0.914
-6.4568 -5.5360 1.4430 46 202 46 0.815
-0.3674 5.0598 3.7910 29 216 29 0.881
2.3083 -1.5455 3.1019 29 216 29 0.881
5.3615 -3.6553 1.8896 43 205 43 0.826
-4.5067 0.0537 2.2320 100 217 20 0.771
0.5703 -1.5001 3.7484 10 231 10 0.958
-4.2262 5.3473 2.3378 21 222 21 0.914
-0.2377 3.6882 3.8937 26 218 26 0.892
-3.8430 -2.6709 2.4767 35 211 35 0.859
5.7075 6.4154 1.6939 21 222 21 0.914
-4.6298 6.6462 2.0934 35 211 35 0.859
-6.8884 3.3878 1.1337 18 225 18 0.925
5.8652 -2.6530 1.6279 35 211 35 0.859
-5.9919 -2.2968 1.6816 35 211 35 0.859
-3.6095 -2.8457 2.5347 35 211 35 0.859
-4.1896 -3.1831 2.3747 29 216 29 0.881
-1.6089 -4.9994 3.3842 38 209 38 0.848
2.9148 -0.1877 2.9005 46 202 46 0.815
4.7415 -5.8008 2.0608 46 202 46 0.815
4.3160 -6.8880 2.2420 18 225 18 0.925
-4.4842 4.2159 2.2672 26 218 26 0.892
-1.8828 -2.4348 3.2398 43 205 43 0.826
6.9951 -5.7644 1.2229 26 218 26 0.892
3.6712 2.8229 2.5445 40 207 40 0.837
5.2135 6.3999 1.9230 32 214 32 0.870
3.0409 4.5415 2.7870 35 211 35 0.859
5.2148 4.4101 1.9253 35 211 35 0.859
-4.5926 -4.8526 2.2149 24 220 24 0.903
-0.3005 -7.5120 3.8903 24 220 24 0.903
4.4983 -6.4572 2.2063 21 222 21 0.914
-0.7451 -3.9793 3.7353 46 202 46 0.815
-0.5463 -1.5363 3.7594 21 222 21 0.914
1.8403 5.2885 3.3019 29 216 29 0.881
-6.7574 7.2355 1.2943 16 227 16 0.936
4.7425 -7.1833 2.1576 40 207 40 0.837
-6.3407 -3.2690 1.4705 16 227 16 0.936
1.3024 2.7557 3.4996 38 209 38 0.848
4.3571 5.8466 2.2783 21 222 21 0.914
-1.0552 3.1218 3.6012 10 231 10 0.958
-1.1467 -0.8693 3.5490 32 214 32 0.870
6.4920 5.6165 1.4631 10 231 10 0.958
-7.8400 2.8223 0.8430 109 214 20 0.749
6.7883 -2.5631 1.2571 40 207 40 0.837
-3.0575 -3.4372 2.6967 18 225 18 0.925
7.6005 -4.4428 0.9242 92 219 20 0.793
-5.0223 7.3847 1.9359 35 211 35 0.859
-6.2561 2.7624 1.5470 4 236 4 0.980
7.2801 0.0414 1.1432 10 231 10 0.958
4.8318 -2.7090 2.0259 10 231 10 0.958
3.5815 -3.2391 2.6160 18 225 18 0.925
-6.2981 -7.9155 1.4674 96 218 20 0.782
-5.0091 7.3929 2.0179 29 216 29 0.881
3.8203 -3.6323 2.4476 21 222 21 0.914
-2.3364 -6.4721 3.0955 46 202 46 0.815
6.7135 -7.8772 1.2783 92 219 20 0.793
-7.3803 -1.3270 1.0343 29 216 29 0.881
-6.1247 -5.9824 1.6337 40 207 40 0.837
-5.1580 -1.1700 1.9340 35 211 35 0.859
-3.0217 3.2767 2.7492 26 218 26 0.892
-5.4846 -3.6356 1.6760 29 216 29 0.881
-3.6550 -7.1093 2.5759 96 218 20 0.782
-1.0757 -6.1604 3.6277 26 218 26 0.892
-3.8883 7.5706 2.4810 21 222 21 0.914
1.3546 5.9345 3.4873 29 216 29 0.881
-1.1315 5.0447 3.5377 105 215 20 0.760
2.3505 6.6348 3.0360 7 233 7 0.969
-6.7717 6.3658 1.2702 24 220 24 0.903
4.7954 2.9201 2.0955 43 205 43 0.826
2.1761 0.4243 3.1754 21 222 21 0.914
4.9972 -4.9917 2.0519 43 205 43 0.826
-7.8582 -3.6262 0.7868 40 207 40 0.837
-0.6709 7.6418 3.7337 32 214 32 0.870
4.4054 0.2558 2.2316 32 214 32 0.870
1.5879 -7.2922 3.4097 43 205 43 0.826
-7.0980 2.4249 1.1160 21 222 21 0.914
6.7658 -7.2735 1.2717 35 211 35 0.859
-7.2032 -2.9317 1.1125 32 214 32 0.870
6.4854 5.5707 1.5329 18 225 18 0.925
7.1043 -7.1076 1.1908 32 214 32 0.870
-7.4711 4.0608 1.0910 16 227 16 0.936
-0.9313 -5.4224 3.7164 40 207 40 0.837
6.5025 -2.4732 1.4109 35 211 35 0.859
3.7913 4.3436 2.5345 21 222 21 0.914
-5.1813 -0.3047 1.9461 32 214 32 0.870
-3.1003 -7.3274 2.7364 16 227 16 0.936
-7.0492 0.8414 1.2387 40 207 40 0.837
3.7468 -6.9795 2.3762 26 218 26 0.892
3.5789 5.6288 2.5830 24 220 24 0.903
2.5616 -4.7525 2.9571 24 220 24 0.903
-7.8589 7.0471 0.8463 100 217 20 0.771
1.2634 5.1518 3.4584 32 214 32 0.870
7.2810 -0.9581 1.0724 100 217 20 0.771
4.2208 6.0427 2.2902 38 209 38 0.848
-7.2810 4.6067 1.1150 43 205 43 0.826
1.8950 -0.5001 3.2685 48 200 48 0.804
4.2109 4.5422 2.3270 16 227 16 0.936
-1.3597 -1.5798 3.5203 92 219 20 0.793
-7.5955 -2.4892 0.9196 43 205 43 0.826
5.8281 7.4636 1.7208 26 218 26 0.892
-2.5819 -6.1038 2.9876 32 214 32 0.870
4.8933 -7.7345 1.9994 29 216 29 0.881
1.2655 6.4735 3.5956 38 209 38 0.848
5.2113 4.7969 1.9473 35 211 35 0.859
2.2689 -1.5904 3.0724 21 222 21 0.914
-2.7110 -3.6454 2.9382 26 218 26 0.892
6.5113 -1.5873 1.3936 16 227 16 0.936
3.3854 -5.7433 2.6546 21 222 21 0.914
-2.6347 1.7651 2.9858 38 209 38 0.848
1.7386 1.1013 3.2926 46 202 46 0.815
2.4913 0.6888 3.0158 40 207 40 0.837
-2.1169 4.5668 3.2436 18 225 18 0.925
-7.2925 -1.3796 1.0724 26 218 26 0.892
-6.2845 6.9497 1.4680 38 209 38 0.848
5.9229 -5.5969 1.6754 96 218 20 0.782
-5.2484 2.0957 2.0037 35 211 35 0.859
-3.8325 6.4626 2.4859 38 209 38 0.848
-0.1245 -1.5399 3.9378 29 216 29 0.881
0.5189 -5.3906 3.8337 35 211 35 0.859
-3.9653 -3.6198 2.3845 18 225 18 0.925
2.7338 2.3489 2.8980 92 219 20 0.793
2.7538 -4.0403 2.8290 26 218 26 0.892
5.2335 -6.5551 1.9753 4 236 4 0.980
-6.8440 2.5848 1.3166 32 214 32 0.870
4.7114 -0.3563 2.1023 35 211 35 0.859
5.5395 -6.9778 1.7326 16 227 16 0.936
0.3331 -0.0330 3.8841 40 207 40 0.837
-6.4138 -2.3788 1.4115 18 225 18 0.925
5.4425 -0.9571 1.8776 40 207 40 0.837
-3.4738 -1.4404 2.5627 46 202 46 0.815
2.1479 6.7412 3.1754 13 229 13 0.947
5.0049 5.2410 1.9903 26 218 26 0.892
2.0790 -3.9844 3.1547 35 211 35 0.859
-4.5332 1.6842 2.1865 35 211 35 0.859
-4.7595 2.1842 2.0513 40 207 40 0.837
3.5118 0.2520 2.6859 35 211 35 0.859
0.7724 -5.8180 3.6276 29 216 29 0.881
-3.0430 7.7958 2.7243 92 219 20 0.793
1.2477 -6.2944 3.4410 38 209 38 0.848
7.4686 -3.0570 0.9605 48 200 48 0.804
-5.9332 -6.6396 1.6515 24 220 24 0.903
6.5149 7.0263 1.4299 40 207 40 0.837
-3.2652 -6.7362 2.6541 29 216 29 0.881
2.8889 1.5735 2.9224 35 211 35 0.859
-0.7879 -4.0082 3.8018 92 219 20 0.793
4.2045 -5.9400 2.2916 29 216 29 0.881
1.8412 -6.5406 3.2707 26 218 26 0.892
5.6005 0.7761 1.7153 21 222 21 0.914
7.1464 6.9248 1.0944 24 220 24 0.903
-3.6656 1.5638 2.5063 24 220 24 0.903
0.0248 -3.0040 4.0109 18 225 18 0.925
-2.6417 -7.0795 3.0710 13 229 13 0.947
-2.8179 -3.8904 2.7781 35 211 35 0.859
-4.3671 2.8017 2.3204 29 216 29 0.881
3.9142 -3.1300 2.3854 10 231 10 0.958
4.2961 6.1030 2.3346 32 214 32 0.870
5.8824 6.8215 1.6988 24 220 24 0.903
-1.3725 -0.5343 3.4871 35 211 35 0.859
-7.5977 2.5689 0.9583 40 207 40 0.837
6.8727 3.5773 1.2602 7 233 7 0.969
5.7209 2.9261 1.7423 32 214 32 0.870
1.1810 0.6936 3.5981 43 205 43 0.826
6.0767 -7.2638 1.6194 32 214 32 0.870
-7.5027 -1.5391 0.9839 29 216 29 0.881
5.2444 2.2019 1.8804 40 207 40 0.837
1.0147 -3.9532 3.5091 32 214 32 0.870
3.7918 -6.7825 2.4749 29 216 29 0.881
1.4715 -3.7403 3.3200 48 200 48 0.804
2.5595 6.5628 2.8939 10 231 10 0.958
-2.9527 6.7056 2.7507 26 218 26 0.892
-4.6353 -6.1847 2.1531 38 209 38 0.848
7.9920 4.3459 0.9010 40 207 40 0.837
3.6867 -5.0277 2.4984 18 225 18 0.925
6.4014 -6.4383 1.4830 21 222 21 0.914
-2.9074 2.9869 2.9418 40 207 40 0.837
-2.2534 1.3951 3.1019 29 216 29 0.881
7.5071 6.8074 1.0257 24 220 24 0.903
-2.8519 5.4136 2.9171 21 222 21 0.914
-1.6161 -2.1422 3.4089 92 219 20 0.793
2.3333 5.8570 3.0952 38 209 38 0.848
5.7314 0.2329 1.8006 24 220 24 0.903
2.8827 7.9066 2.8436 43 205 43 0.826
7.5216 4.7914 1.0210 18 225 18 0.925
-1.3893 7.0563 3.4193 40 207 40 0.837
0.7732 -3.4863 3.7227 32 214 32 0.870
5.4080 2.5848 1.8238 46 202 46 0.815
5.4406 4.9697 1.8472 13 229 13 0.947
6.7190 -7.4766 1.3572 18 225 18 0.925
-6.7098 2.9971 1.3546 29 216 29 0.881
7.4467 4.4674 1.0490 38 209 38 0.848
-3.9577 -7.8618 2.3882 105 215 20 0.760
3.2432 5.4829 2.6958 43 205 43 0.826
3.3339 7.7533 2.6251 96 218 20 0.782
6.9072 -6.3998 1.2461 29 216 29 0.881
0.9289 7.0153 3.6066 48 200 48 0.804
3.8147 1.7467 2.4481 18 225 18 0.925
6.7761 -5.9365 1.2936 16 227 16 0.936
6.8043 -2.9713 1.2426 43 205 43 0.826
-4.6964 3.3666 2.0875 24 220 24 0.903
7.1646 6.0278 1.1593 18 225 18 0.925
-4.0858 -4.6366 2.3348 7 233 7 0.969
-6.5240 1.0435 1.3857 18 225 18 0.925
0.0986 -3.5441 4.0048 35 211 35 0.859
-3.0449 -2.8291 2.7273 29 216 29 0.881
-4.4293 7.6027 2.2376 48 200 48 0.804
6.7800 -6.6344 1.3207 18 225 18 0.925
0.0911 7.1325 3.9370 16 227 16 0.936
4.4200 3.5456 2.2535 7 233 7 0.969
-0.4307 -2.0929 3.8293 43 205 43 0.826
-2.8415 5.9631 2.9299 21 222 21 0.914
-6.6379 -4.1994 1.3447 29 216 29 0.881
1.3321 -2.8589 3.4204 16 227 16 0.936
-3.3663 -7.2246 2.6063 35 211 35 0.859
7.4537 3.1923 1.0464 46 202 46 0.815
7.3053 4.7352 1.1281 38 209 38 0.848
3.4851 -7.0561 2.5802 24 220 24 0.903
-7.1867 -0.9524 1.0843 32 214 32 0.870
-7.1990 7.0980 1.1974 21 222 21 0.914
3.4674 -2.3605 2.5287 38 209 38 0.848
-0.7035 3.5069 3.6819 96 218 20 0.782
3.6900 -3.5774 2.4939 18 225 18 0.925
-3.1175 -5.9617 2.8058 26 218 26 0.892
-3.1563 4.2678 2.8199 48 200 48 0.804
2.6819 5.7084 2.9307 35 211 35 0.859
4.9113 3.9771 2.0530 35 211 35 0.859
2.6638 4.7675 2.9793 24 220 24 0.903
-1.2425 2.1194 3.5288 38 209 38 0.848
-4.4787 -5.7009 2.1943 32 214 32 0.870
-1.4094 2.9015 3.4420 40 207 40 0.837
-5.8825 -0.3280 1.6021 24 220 24 0.903
3.3103 -2.1531 2.6239 38 209 38 0.848
4.5917 -4.1145 2.2058 35 211 35 0.859
1.3039 0.4062 3.5626 21 222 21 0.914
-2.4533 -1.0851 3.0921 43 205 43 0.826
1.9007 -2.9796 3.2116 10 231 10 0.958
-5.6424 1.7216 1.8112 35 211 35 0.859
5.4840 1.8624 1.7392 21 222 21 0.914
7.1213 0.3347 1.2080 21 222 21 0.914
7.6123 -3.9663 0.9488 4 236 4 0.980
2.1802 5.6053 3.1501 92 219 20 0.793
3.8438 2.7187 2.5399 40 207 40 0.837
-1.6537 -5.1225 3.3430 18 225 18 0.925
-6.7030 -7.4474 1.2926 38 209 38 0.848
2.7994 3.8594 2.7831 96 218 20 0.782
-2.8457 -1.0917 2.8305 32 214 32 0.870
-2.8976 -3.8597 2.6980 38 209 38 0.848
-7.5674 -2.3339 0.9080 46 202 46 0.815
-3.0044 5.8467 2.8692 10 231 10 0.958
1.9787 -4.4574 3.2079 35 211 35 0.859
-1.6115 5.7695 3.3918 26 218 26 0.892
1.5823 4.4696 3.3541 21 222 21 0.914
-3.5342 6.7784 2.5839 24 220 24 0.903
0.2432 2.0044 3.8012 35 211 35 0.859
6.6108 -5.9394 1.3454 13 229 13 0.947
0.8033 7.4337 3.6984 38 209 38 0.848
-0.4025 -5.3695 3.8181 29 216 29 0.881
0.0058 4.9233 4.0200 26 218 26 0.892
-2.2482 5.8381 3.0952 38 209 38 0.848
5.6762 4.2931 1.6839 29 216 29 0.881
-1.5802 -1.1485 3.3561 35 211 35 0.859
2.1569 -0.8159 3.1702 40 207 40 0.837
-3.3582 0.3311 2.6243 13 229 13 0.947
-4.4563 6.3186 2.2573 26 218 26 0.892
-5.1854 -7.0118 1.8412 32 214 32 0.870
-1.7767 5.1591 3.3118 46 202 46 0.815
-3.4378 0.6647 2.5746 10 231 10 0.958
-1.1450 2.1891 3.5904 21 222 21 0.914
6.2263 0.3645 1.5453 43 205 43 0.826
-3.8016 1.0676 2.5526 26 218 26 0.892
3.5065 -4.5686 2.6809 29 216 29 0.881
-5.2258 1.3114 1.9587 100 217 20 0.771
-4.5455 -3.4573 2.1426 43 205 43 0.826
-3.1798 -2.4441 2.7751 29 216 29 0.881
-3.5058 5.9693 2.6114 4 236 4 0.980
5.8037 3.3065 1.6383 48 200 48 0.804
7.6733 6.2588 0.8430 24 220 24 0.903
-5.9906 -6.9289 1.6088 18 225 18 0.925
-0.5643 3.7348 3.7723 43 205 43 0.826
5.5266 3.5418 1.8169 35 211 35 0.859
-5.0672 -1.9673 1.8919 16 227 16 0.936
4.5197 0.0542 2.2024 40 207 40 0.837
1.7320 -1.1751 3.3149 35 211 35 0.859
-4.7191 5.2080 2.0853 38 209 38 0.848
2.9878 -5.1595 2.7961 48 200 48 0.804
-3.4244 -3.4818 2.6695 29 216 29 0.881
5.9101 2.1914 1.7076 13 229 13 0.947
7.2556 5.4870 1.0766 24 220 24 0.903
5.1042 7.6078 1.9962 18 225 18 0.925
2.2114 3.3225 3.1108 29 216 29 0.881
0.9644 -4.7405 3.6222 96 218 20 0.782
6.2102 -1.6150 1.5163 10 231 10 0.958
5.0081 -6.4119 1.9277 18 225 18 0.925
4.2431 -1.9350 2.5031 92 219 20 0.793
3.1320 -2.6001 2.7209 29 216 29 0.881
-7.6807 -4.9904 1.0027 32 214 32 0.870
3.7367 5.0651 2.4490 32 214 32 0.870
7.7314 1.4626 0.8949 32 214 32 0.870
5.5095 2.0369 1.7873 13 229 13 0.947
-5.3299 -3.2008 1.8126 32 214 32 0.870
6.7048 -6.9912 1.3060 29 216 29 0.881
-2.4649 3.6975 3.0026 24 220 24 0.903
2.1424 6.5004 3.1415 21 222 21 0.914
-6.1942 4.4498 1.5133 38 209 38 0.848
-0.0042 -4.0364 4.0979 43 205 43 0.826
-0.2843 -1.9095 3.8836 29 216 29 0.881
0.1819 6.4570 3.9152 32 214 32 0.870
0.7944 -0.3045 3.6588 32 214 32 0.870
3.1327 -4.4755 2.7208 16 227 16 0.936
6.5922 1.0320 1.2829 18 225 18 0.925
-4.0400 1.3771 2.4193 10 231 10 0.958
-6.9349 -6.7123 1.2576 13 229 13 0.947
5.6548 2.0221 1.7583 4 236 4 0.980
2.4973 4.9528 2.9958 21 222 21 0.914
-2.1765 5.3926 3.1784 10 231 10 0.958
-1.2756 -1.1707 3.5213 29 216 29 0.881
5.9035 -1.6886 1.6572 26 218 26 0.892
-5.1248 2.7836 1.9405 40 207 40 0.837
7.1906 3.9714 1.0495 35 211 35 0.859
-7.4708 -3.8158 0.9514 32 214 32 0.870
-6.7682 2.4920 1.2906 43 205 43 0.826
1.8503 7.4558 3.2685 18 225 18 0.925
-1.3883 -7.2728 3.3644 43 205 43 0.826
0.3744 6.8953 3.8593 16 227 16 0.936
-1.9144 5.6310 3.2350 46 202 46 0.815
1.4905 5.3627 3.3536 21 222 21 0.914
-7.7507 -4.4219 0.8535 26 218 26 0.892
2.0353 6.9016 3.2815 4 236 4 0.980
0.6310 -2.4748 3.8208 32 214 32 0.870
-5.9679 -5.0830 1.6914 16 227 16 0.936
-1.5060 -4.8691 3.3433 32 214 32 0.870
-2.5894 -4.0957 2.9217 38 209 38 0.848
2.7891 -7.1883 2.8942 21 222 21 0.914
0.9014 -5.9401 3.6581 26 218 26 0.892
1.1845 0.5122 3.4802 26 218 26 0.892
3.9002 7.1990 2.4602 26 218 26 0.892
4.7041 2.4143 2.1553 7 233 7 0.969
7.1129 -3.3439 1.1681 40 207 40 0.837
1.8184 -5.7609 3.3599 24 220 24 0.903
0.5851 4.2880 3.7080 38 209 38 0.848
5.7866 -6.0946 1.8139 29 216 29 0.881
-7.3118 4.0564 1.1180 24 220 24 0.903
5.5271 0.8881 1.7772 21 222 21 0.914
0.1849 2.6754 3.9665 18 225 18 0.925
-0.5506 1.7553 3.7836 10 231 10 0.958
-2.2759 2.0532 3.0455 92 219 20 0.793
-3.9806 5.1126 2.3935 29 216 29 0.881
1.2519 3.0936 3.5079 100 217 20 0.771
-0.5706 -5.9170 3.7900 26 218 26 0.892
6.0382 -3.7382 1.5970 29 216 29 0.881
2.3786 -2.8086 3.0565 21 222 21 0.914
-7.9174 -3.7614 0.7822 43 205 43 0.826
5.5245 0.5377 1.8128 24 220 24 0.903
5.4744 5.5051 1.9127 32 214 32 0.870
-4.1693 -4.8972 2.3674 13 229 13 0.947
7.4539 4.4973 1.0491 32 214 32 0.870
-3.2118 -3.7975 2.7365 29 216 29 0.881
3.2065 3.8242 2.6598 92 219 20 0.793
-2.2137 0.7093 3.0929 29 216 29 0.881
2.8841 5.6389 2.9164 29 216 29 0.881
-6.1082 6.3764 1.4933 18 225 18 0.925
6.4720 6.3144 1.4551 32 214 32 0.870
0.4975 6.1862 3.7757 35 211 35 0.859
6.5602 -5.3041 1.3174 21 222 21 0.914
3.5081 -3.9643 2.6237 26 218 26 0.892
-5.0750 1.5679 1.9113 43 205 43 0.826
-1.8110 5.2234 3.3286 40 207 40 0.837
-5.6249 -7.4654 1.7664 24 220 24 0.903
-1.0570 7.4828 3.5842 18 225 18 0.925
-3.2239 -0.1675 2.7206 48 200 48 0.804
6.8489 -1.2788 1.2854 46 202 46 0.815
-0.6291 2.6937 3.7930 24 220 24 0.903
5.9066 -6.3574 1.6711 40 207 40 0.837
3.2293 6.5123 2.6212 24 220 24 0.903
-3.0797 -5.8240 2.7391 38 209 38 0.848
-2.6342 6.9001 3.0182 32 214 32 0.870
-0.8197 -4.5555 3.6462 29 216 29 0.881
-7.5772 1.3398 0.9963 40 207 40 0.837
-3.8776 -0.0073 2.4528 4 236 4 0.980
6.1183 0.2256 1.5239 46 202 46 0.815
2.0670 -3.1495 3.1436 24 220 24 0.903
-3.3559 -5.6323 2.7327 32 214 32 0.870
-7.8381 -1.1289 0.8325 38 209 38 0.848
-4.2050 5.0325 2.3720 26 218 26 0.892
2.9145 5.6769 2.7984 35 211 35 0.859
7.0910 7.0497 1.1559 24 220 24 0.903
-2.4915 7.4589 3.0237 10 231 10 0.958
6.5463 -3.4770 1.3266 40 207 40 0.837
6.4671 1.5681 1.4569 32 214 32 0.870
3.5802 -4.4239 2.5027 24 220 24 0.903
-2.1080 -4.3036 3.1950 43 205 43 0.826
-7.2654 -7.2985 1.1214 29 216 29 0.881
-2.2097 -1.9933 3.1000 32 214 32 0.870
2.5948 -4.3032 2.9054 43 205 43 0.826
-6.4129 -4.4582 1.4141 40 207 40 0.837
1.5942 5.1283 3.3981 26 218 26 0.892
1.5098 -7.4462 3.3602 92 219 20 0.793
-7.6801 -5.9228 0.8717 38 209 38 0.848
6.6564 -5.8057 1.3913 7 233 7 0.969
0.6205 0.7407 3.7965 38 209 38 0.848
3.4860 -6.5063 2.6368 26 218 26 0.892
6.3536 -6.8659 1.4407 21 222 21 0.914
0.8428 5.6601 3.7360 29 216 29 0.881
-6.3742 6.5385 1.4312 7 233 7 0.969
-1.6715 4.7736 3.3391 40 207 40 0.837
4.6485 -2.1755 2.1870 21 222 21 0.914
0.4642 -0.9908 3.7633 7 233 7 0.969
5.4301 -2.9527 1.7958 35 211 35 0.859
3.2833 1.1076 2.7128 29 216 29 0.881
5.1988 -5.7452 1.8726 13 229 13 0.947
5.8423 4.0061 1.6772 46 202 46 0.815
4.5080 6.7923 2.1860 24 220 24 0.903
-2.4068 7.8192 3.1363 40 207 40 0.837
-4.6269 5.8185 2.1990 24 220 24 0.903
4.5339 -5.8871 2.2445 32 214 32 0.870
1.9804 -3.7175 3.2219 43 205 43 0.826
6.7759 -1.8298 1.3743 46 202 46 0.815
-0.0434 -7.2201 4.0127 24 220 24 0.903
-4.8598 5.0762 2.0677 38 209 38 0.848
-7.8051 -4.5968 0.7811 29 216 29 0.881
-5.9868 -3.4304 1.5631 32 214 32 0.870
-2.8187 -1.6959 2.8285 21 222 21 0.914
1.4072 3.6972 3.4551 35 211 35 0.859
4.9320 4.2491 2.0737 29 216 29 0.881
-6.5913 -1.8396 1.4275 92 219 20 0.793
-7.3145 -4.1582 1.0568 18 225 18 0.925
5.2976 6.1542 1.9338 26 218 26 0.892
-1.7803 -0.2435 3.3455 32 214 32 0.870
0.8868 -7.7348 3.6741 43 205 43 0.826
-4.8541 7.3144 2.0605 38 209 38 0.848
3.7902 3.4073 2.5062 35 211 35 0.859
-1.3709 -1.5066 3.4476 46 202 46 0.815
6.2256 -1.6424 1.4440 13 229 13 0.947
-7.5575 6.5221 1.0008 26 218 26 0.892
2.6584 0.4758 2.9012 38 209 38 0.848
2.4908 3.9724 2.9949 32 214 32 0.870
-0.3936 7.2639 3.8932 24 220 24 0.903
-5.5167 -4.3095 1.7961 24 220 24 0.903
3.9973 7.6682 2.3477 96 218 20 0.782
6.0955 5.1924 1.6022 10 231 10 0.958
-4.9628 -2.0760 2.0618 35 211 35 0.859
-6.7272 -0.9807 1.2691 35 211 35 0.859
-4.5739 5.8005 2.1640 29 216 29 0.881
-2.9351 6.3773 2.8012 24 220 24 0.903
1.7324 2.6169 3.2315 43 205 43 0.826
3.6499 -7.7906 2.5314 43 205 43 0.826
-1.4604 -6.2503 3.4427 29 216 29 0.881
-3.1162 -2.8277 2.7934 32 214 32 0.870
-0.0704 -6.7882 3.9435 16 227 16 0.936
2.4844 6.5427 3.0066 21 222 21 0.914
4.7184 5.8868 2.1404 18 225 18 0.925
4.2536 0.9443 2.3171 18 225 18 0.925
-0.2772 -4.1415 3.8536 29 216 29 0.881
0.8144 -7.5862 3.6385 48 200 48 0.804
0.5068 1.8750 3.8019 29 216 29 0.881
-7.4190 -0.4801 0.9698 24 220 24 0.903
0.7812 -3.9226 3.6236 29 216 29 0.881
-5.3127 -6.8624 1.9547 29 216 29 0.881
-3.5129 4.7077 2.5241 32 214 32 0.870
-3.1266 3.3460 2.7052 21 222 21 0.914
3.4959 -7.0032 2.6939 32 214 32 0.870
-3.2563 -7.0210 2.7482 32 214 32 0.870
0.7651 2.7554 3.7576 18 225 18 0.925
6.8790 -3.2549 1.3808 35 211 35 0.859
-2.8096 -6.9611 2.8370 21 222 21 0.914
-6.9627 -5.1109 1.1792 13 229 13 0.947
-5.0817 6.0593 1.9316 4 236 4 0.980
-2.3773 -7.6077 3.0694 38 209 38 0.848
-3.5256 3.1865 2.6094 26 218 26 0.892
3.5858 2.0195 2.5611 18 225 18 0.925
-1.0693 3.2222 3.6175 21 222 21 0.914
7.9217 4.1533 0.7827 38 209 38 0.848
-4.1524 -5.2435 2.3645 21 222 21 0.914
-7.6244 -3.4420 0.8759 43 205 43 0.826
-7.0491 -6.4323 1.1730 4 236 4 0.980
6.5900 -5.7912 1.3698 13 229 13 0.947
-5.4599 -1.3926 1.8667 38 209 38 0.848
-2.0091 -7.0974 3.1560 92 219 20 0.793
2.1411 5.7818 3.2172 38 209 38 0.848
-5.4084 -4.2485 1.8473 26 218 26 0.892
7.3940 3.0603 1.0114 43 205 43 0.826
-0.5535 5.9418 3.7912 29 216 29 0.881
3.7286 -5.5365 2.4858 35 211 35 0.859
2.7374 0.9542 2.8502 26 218 26 0.892
-1.9865 -6.5108 3.3155 43 205 43 0.826
2.3204 -4.6186 3.0774 96 218 20 0.782
3.8166 1.0845 2.5235 26 218 26 0.892
-1.1420 -4.8245 3.5696 29 216 29 0.881
5.9704 -0.8404 1.5767 32 214 32 0.870
2.0771 6.4902 3.1689 35 211 35 0.859
-6.3881 1.8118 1.4033 48 200 48 0.804
3.4759 4.3311 2.6568 43 205 43 0.826
-1.5544 -1.1301 3.3518 29 216 29 0.881
-4.2116 5.8803 2.3714 26 218 26 0.892
6.1062 7.2415 1.5718 40 207 40 0.837
-7.0166 -4.4731 1.2296 92 219 20 0.793
0.0116 6.3630 3.9846 21 222 21 0.914
-5.6781 0.2884 1.6876 18 225 18 0.925
-2.1793 -4.5654 3.1817 92 219 20 0.793
4.5772 -3.7067 2.1605 32 214 32 0.870
5.1795 7.4769 1.9122 26 218 26 0.892
4.5008 4.9988 2.2503 40 207 40 0.837
3.5751 7.7528 2.6622 48 200 48 0.804
6.3152 -3.5136 1.4130 46 202 46 0.815
1.4325 -3.3343 3.4527 21 222 21 0.914
-5.0624 -5.2461 1.9919 29 216 29 0.881
-4.2115 4.7329 2.2935 32 214 32 0.870
2.5306 -1.2411 2.9335 92 219 20 0.793
6.1590 -2.4571 1.5465 32 214 32 0.870
-5.8820 -6.6240 1.6703 29 216 29 0.881
-1.8865 0.5084 3.3108 40 207 40 0.837
-6.7154 4.1103 1.2959 32 214 32 0.870
3.3829 5.1398 2.6806 16 227 16 0.936
7.8367 1.1867 0.8291 43 205 43 0.826
5.5597 4.2865 1.8174 38 209 38 0.848
-5.0000 -0.4669 1.9497 35 211 35 0.859
-3.2080 -2.0872 2.7288 24 220 24 0.903
0.3214 5.0730 3.8856 4 236 4 0.980
4.3828 6.7907 2.2210 21 222 21 0.914
-3.2904 2.3401 2.6557 96 218 20 0.782
-1.3735 3.8333 3.4116 43 205 43 0.826
6.7057 1.2389 1.3986 24 220 24 0.903
3.0113 -2.2377 2.7437 35 211 35 0.859
-7.2897 4.0676 1.1167 24 220 24 0.903
0.6989 1.7015 3.7000 43 205 43 0.826
5.2456 6.3205 1.9419 26 218 26 0.892
1.6204 3.6716 3.3683 26 218 26 0.892
5.4966 -2.0441 1.7675 29 216 29 0.881
-5.8492 6.0693 1.6803 21 222 21 0.914
-0.3476 -3.3352 3.8801 40 207 40 0.837
-5.8717 -3.1370 1.6925 38 209 38 0.848
7.8463 5.4747 0.8224 29 216 29 0.881
-3.6633 -3.2264 2.5035 24 220 24 0.903
1.9785 -0.2045 3.1901 92 219 20 0.793
6.3398 -2.2383 1.5702 35 211 35 0.859
6.0350 2.3754 1.5650 35 211 35 0.859
-5.3219 -5.4301 1.9070 32 214 32 0.870
4.5794 1.7630 2.1963 38 209 38 0.848
0.0915 3.4062 3.9476 21 222 21 0.914
-0.6540 -3.3368 3.7454 26 218 26 0.892
-7.6141 -7.7561 0.9712 35 211 35 0.859
-3.2073 0.7844 2.8098 43 205 43 0.826
-7.7774 -6.5905 0.9176 29 216 29 0.881
6.6299 -5.4436 1.3621 21 222 21 0.914
4.8681 -0.6303 2.0503 26 218 26 0.892
-4.6868 4.5447 2.1517 26 218 26 0.892
-2.4720 3.0118 3.0929 48 200 48 0.804
3.2577 -1.8279 2.6087 24 220 24 0.903
-1.9109 0.8076 3.2257 92 219 20 0.793
-2.1259 5.6265 3.0909 35 211 35 0.859
3.5660 -6.1563 2.5893 38 209 38 0.848
2.1366 -3.9473 3.0946 40 207 40 0.837
4.8047 4.3501 2.0431 38 209 38 0.848
-0.8043 0.5037 3.6905 4 236 4 0.980
-2.6704 5.2259 2.9120 29 216 29 0.881
3.9921 -0.2809 2.4032 13 229 13 0.947
-0.9848 0.4836 3.5157 38 209 38 0.848
2.1959 1.7167 3.1099 21 222 21 0.914
-4.3247 -2.0330 2.2994 29 216 29 0.881
-6.8172 0.7378 1.3210 38 209 38 0.848
-4.7509 -5.7020 2.1842 38 209 38 0.848
3.7366 7.1946 2.4966 29 216 29 0.881
-4.9278 6.0505 2.0370 4 236 4 0.980
-1.9553 0.4804 3.2614 46 202 46 0.815
0.1281 2.2709 3.9228 26 218 26 0.892
-5.4867 -6.3906 1.7704 40 207 40 0.837
-0.8711 -7.7111 3.6384 26 218 26 0.892
3.4961 -0.4775 2.5766 38 209 38 0.848
4.2394 -2.0210 2.2141 32 214 32 0.870
5.2426 6.0552 2.0054 40 207 40 0.837
6.5987 5.9166 1.3237 46 202 46 0.815
2.2472 6.7911 3.0325 7 233 7 0.969
1.7227 1.5462 3.2734 35 211 35 0.859
-6.1033 1.2985 1.6088 38 209 38 0.848
2.3266 5.1802 3.0972 40 207 40 0.837
-1.7439 -6.8043 3.3456 38 209 38 0.848
1.8456 -5.9161 3.2724 40 207 40 0.837
5.1708 4.8474 1.8962 24 220 24 0.903
5.9980 -1.5887 1.5814 18 225 18 0.925
-4.9894 1.0533 2.0413 43 205 43 0.826
3.0274 -1.1732 2.6072 38 209 38 0.848
3.4509 -5.0592 2.6071 21 222 21 0.914
2.6224 4.7556 2.8942 24 220 24 0.903
4.4609 -4.0638 2.2251 35 211 35 0.859
-1.0638 -4.5903 3.5723 26 218 26 0.892
-1.7017 -3.3628 3.3751 21 222 21 0.914
-4.5942 2.4814 2.2317 32 214 32 0.870
-5.6065 3.9663 1.6992 40 207 40 0.837
-1.5405 5.1826 3.3394 92 219 20 0.793
-0.3352 -1.5777 3.9092 24 220 24 0.903
7.5738 5.5644 0.9564 7 233 7 0.969
-0.7839 -4.2006 3.7385 35 211 35 0.859
-5.1339 2.1642 2.0156 40 207 40 0.837
-3.7203 -3.6571 2.4792 10 231 10 0.958
-4.7340 1.4147 2.0700 38 209 38 0.848
7.9501 6.1825 0.8388 96 218 20 0.782
2.1033 7.1591 3.1725 7 233 7 0.969
-4.0439 0.4805 2.4215 26 218 26 0.892
5.0648 3.6367 1.9899 32 214 32 0.870
-7.3900 1.1032 1.0861 7 233 7 0.969
1.2883 -2.5324 3.4576 10 231 10 0.958
6.0766 -7.6661 1.6465 35 211 35 0.859
-6.4943 -0.1826 1.3505 96 218 20 0.782
5.7629 4.5585 1.7197 38 209 38 0.848
5.5178 -4.8102 1.7003 32 214 32 0.870
-2.4013 -2.3447 3.0417 35 211 35 0.859
0.1410 2.5404 4.0159 18 225 18 0.925
0.3914 -0.8546 3.8731 21 222 21 0.914
3.3206 -4.5443 2.7185 38 209 38 0.848
-1.3774 -2.7232 3.5356 21 222 21 0.914
5.8872 -1.5188 1.6547 16 227 16 0.936
-7.0757 -1.6591 1.1158 92 219 20 0.793
-3.9392 -4.4096 2.3953 4 236 4 0.980
1.2456 -3.6467 3.5516 32 214 32 0.870
-3.8919 -0.2826 2.4280 18 225 18 0.925
-3.9695 -6.0941 2.4499 38 209 38 0.848
-3.2167 7.6097 2.6614 43 205 43 0.826
-4.6355 -1.3323 2.2214 26 218 26 0.892
0.9332 -5.9301 3.5485 35 211 35 0.859
-2.4254 -0.3226 3.0085 29 216 29 0.881
1.7643 -6.5400 3.3627 29 216 29 0.881
-6.7406 -0.7355 1.3609 48 200 48 0.804
7.2610 4.8942 1.0921 24 220 24 0.903
1.5314 -3.9547 3.4437 43 205 43 0.826
-5.3423 -1.6944 1.9378 32 214 32 0.870
0.5302 4.3513 3.7945 29 216 29 0.881
-2.3672 5.2817 3.0459 16 227 16 0.936
7.9195 5.5653 0.8503 46 202 46 0.815
-6.0381 -4.8411 1.5490 38 209 38 0.848
-6.2130 7.4050 1.4685 92 219 20 0.793
-6.6658 -1.1716 1.3099 32 214 32 0.870
-3.2005 -2.2926 2.6802 29 216 29 0.881
-5.5419 -2.1485 1.7640 26 218 26 0.892
1.8763 6.7308 3.1967 18 225 18 0.925
1.1808 7.0885 3.4637 40 207 40 0.837
3.7476 -2.6365 2.4921 38 209 38 0.848
-4.7472 1.5254 2.1386 24 220 24 0.903
3.8578 1.0897 2.5084 26 218 26 0.892
-1.2200 -7.7566 3.5690 38 209 38 0.848
6.1342 2.3485 1.5173 40 207 40 0.837
4.7356 5.8093 2.0767 16 227 16 0.936
-2.9958 -6.5299 2.8374 29 216 29 0.881
-3.9554 7.1636 2.4545 35 211 35 0.859
-2.3483 -1.0551 3.0777 29 216 29 0.881
-5.1308 7.6428 2.0050 38 209 38 0.848
0.8158 -2.2341 3.6934 43 205 43 0.826
3.9164 -3.5660 2.3213 26 218 26 0.892
6.6180 3.6899 1.3807 18 225 18 0.925
-4.3736 -2.2167 2.2257 35 211 35 0.859
4.0581 -6.9121 2.4353 16 227 16 0.936
4.8156 -4.5728 2.1577 24 220 24 0.903
3.1901 -3.3721 2.7451 43 205 43 0.826
-4.2038 -1.6605 2.3231 40 207 40 0.837
-0.4138 2.7121 3.7870 26 218 26 0.892
1.3004 1.5892 3.4623 48 200 48 0.804
-5.5935 -5.8255 1.7308 109 214 20 0.749
-2.7489 -1.1817 2.8652 24 220 24 0.903
7.6315 -5.1172 0.8255 13 229 13 0.947
7.0306 -6.5969 1.1998 24 220 24 0.903
0.0150 3.8215 4.0076 21 222 21 0.914
4.5401 -6.6814 2.2327 24 220 24 0.903
-1.3436 3.5749 3.4340 92 219 20 0.793
5.5338 2.5447 1.7869 38 209 38 0.848
5.0410 -5.7040 2.0006 35 211 35 0.859
-3.1660 -2.2091 2.7227 35 211 35 0.859
-3.4371 3.5724 2.6168 40 207 40 0.837
5.6738 1.1743 1.7626 32 214 32 0.870
-5.4758 -1.2693 1.8327 35 211 35 0.859
-2.9809 6.5075 2.8019 32 214 32 0.870
-3.7124 0.2979 2.5638 16 227 16 0.936
3.3526 -5.6944 2.6812 18 225 18 0.925
6.6802 -6.3899 1.2855 18 225 18 0.925
5.3141 -6.0522 1.8393 4 236 4 0.980
-0.0060 0.1818 3.9191 21 222 21 0.914
-3.0269 7.0245 2.8409 35 211 35 0.859
7.1043 -4.3214 1.1481 40 207 40 0.837
4.3360 -6.1060 2.2070 26 218 26 0.892
0.1511 3.5237 4.0646 26 218 26 0.892
0.5235 3.0014 3.7853 18 225 18 0.925
7.1951 0.6578 1.1232 18 225 18 0.925
-0.4709 2.8762 3.8441 24 220 24 0.903
-4.1481 -5.3919 2.3496 29 216 29 0.881
-0.8322 -2.5620 3.7816 38 209 38 0.848
-0.3509 6.1523 3.9136 40 207 40 0.837
-1.9564 3.8035 3.1931 46 202 46 0.815
-4.1585 -2.3331 2.3591 16 227 16 0.936
-0.1217 -3.6864 4.0211 46 202 46 0.815
5.6601 6.8491 1.7243 7 233 7 0.969
3.2261 2.3224 2.7228 40 207 40 0.837
-2.0441 -3.9040 3.1698 35 211 35 0.859
-1.6556 -1.2142 3.3793 35 211 35 0.859
-3.4522 2.4602 2.6472 100 217 20 0.771
-1.5928 3.0474 3.2446 43 205 43 0.826
-5.8262 6.1253 1.5717 16 227 16 0.936
-0.7393 -6.9973 3.6269 100 217 20 0.771
1.2831 -0.4919 3.5015 46 202 46 0.815
3.4588 -6.4930 2.6058 26 218 26 0.892
-3.5543 -1.0888 2.5251 35 211 35 0.859
3.9208 1.5409 2.3658 32 214 32 0.870
-6.8612 6.4999 1.2423 18 225 18 0.925
4.9410 -2.7061 2.0159 26 218 26 0.892
-1.2734 1.5975 3.4575 26 218 26 0.892
-0.6747 -0.7030 3.7258 46 202 46 0.815
-1.6317 3.3799 3.3436 40 207 40 0.837
3.2774 0.9353 2.6929 18 225 18 0.925
1.2577 -1.5432 3.4292 10 231 10 0.958
-1.0697 2.8104 3.4510 18 225 18 0.925
3.8877 2.0720 2.4150 18 225 18 0.925
5.7756 0.1677 1.6352 29 216 29 0.881
-4.8826 -2.2433 1.9942 29 216 29 0.881
-7.5961 -6.8071 1.0208 7 233 7 0.969
7.7586 4.9715 0.9221 10 231 10 0.958
4.2541 1.4518 2.3248 16 227 16 0.936
5.4646 0.9244 1.8252 24 220 24 0.903
-2.2855 -6.4731 3.1014 46 202 46 0.815
5.4483 5.1732 1.8394 4 236 4 0.980
-5.0107 -4.1734 2.0519 29 216 29 0.881
-4.7976 6.3535 2.1399 21 222 21 0.914
-6.0540 1.8283 1.6100 40 207 40 0.837
6.0079 -7.6253 1.5540 32 214 32 0.870
1.3796 -7.2855 3.3685 38 209 38 0.848
-5.8630 -7.9876 1.6957 96 218 20 0.782
5.2258 -0.1553 1.9751 24 220 24 0.903
-2.0574 4.2515 3.1777 29 216 29 0.881
-1.3708 -4.4657 3.3976 35 211 35 0.859
-3.7445 7.0659 2.5265 32 214 32 0.870
3.7939 -3.0445 2.5090 16 227 16 0.936
4.4534 6.5389 2.2303 32 214 32 0.870
-0.4040 -7.5188 3.9000 24 220 24 0.903
1.1098 -4.0985 3.4959 48 200 48 0.804
-7.1088 -5.1143 1.0830 32 214 32 0.870
4.2802 6.4080 2.3330 29 216 29 0.881
3.9104 -4.4839 2.3979 13 229 13 0.947
-4.7922 1.0839 2.1038 32 214 32 0.870
5.2814 5.0210 1.9438 24 220 24 0.903
2.2705 6.0176 3.0647 26 218 26 0.892
1.0884 -1.7769 3.5490 4 236 4 0.980
-0.0237 2.9808 4.0295 32 214 32 0.870
2.2356 3.2481 3.0786 32 214 32 0.870
-2.8432 4.5855 2.9899 40 207 40 0.837
2.7679 5.3161 2.9042 26 218 26 0.892
4.3737 -0.4785 2.2447 18 225 18 0.925
2.0415 -5.5848 3.1320 29 216 29 0.881
5.5351 -7.8985 1.7587 40 207 40 0.837
2.3293 3.8839 3.0437 29 216 29 0.881
-4.8920 -4.8604 2.0648 26 218 26 0.892
1.1645 -6.7950 3.5101 35 211 35 0.859
7.5328 2.0266 1.0584 32 214 32 0.870
-3.4550 -1.4470 2.5791 46 202 46 0.815
3.2721 -1.6404 2.7603 18 225 18 0.925
-2.6605 -7.1446 2.8992 16 227 16 0.936
-5.6213 -3.6396 1.8350 32 214 32 0.870
-5.1325 -4.2381 1.9204 32 214 32 0.870
5.1760 0.9992 1.9023 26 218 26 0.892
-6.2057 2.3676 1.5153 38 209 38 0.848
-2.9508 -3.2026 2.9056 24 220 24 0.903
-7.4907 -3.0279 0.9729 26 218 26 0.892
-6.5123 1.0883 1.4331 18 225 18 0.925
5.0164 6.9576 1.9311 26 218 26 0.892
-6.1616 -3.1660 1.5955 16 227 16 0.936
2.2402 3.1483 3.0860 35 211 35 0.859
4.3314 0.8178 2.3627 38 209 38 0.848
-3.5689 -0.8964 2.5566 40 207 40 0.837
-4.4311 0.6908 2.1563 32 214 32 0.870
-1.5653 -2.1133 3.3645 96 218 20 0.782
5.1423 4.3820 1.9246 26 218 26 0.892
3.0649 3.3381 2.6950 16 227 16 0.936
-7.4486 -6.9920 1.0805 16 227 16 0.936
-2.9657 -3.3560 2.7446 18 225 18 0.925
-5.8630 -2.3232 1.6520 18 225 18 0.925
-7.5769 -6.9215 0.9695 7 233 7 0.969
-7.7159 -5.8626 0.9221 38 209 38 0.848
6.2966 7.0606 1.4638 40 207 40 0.837
0.5531 -0.0949 3.7680 35 211 35 0.859
0.6201 -6.7283 3.7580 109 214 20 0.749
6.8399 6.9610 1.2609 38 209 38 0.848
3.2032 6.9236 2.8320 46 202 46 0.815
1.9143 -1.7299 3.2695 18 225 18 0.925
1.0990 -7.4496 3.6148 26 218 26 0.892
-4.0011 -6.6774 2.4346 40 207 40 0.837
-6.1732 4.3057 1.5707 32 214 32 0.870
0.7898 -5.9473 3.7591 24 220 24 0.903
-3.7309 -4.0397 2.4846 24 220 24 0.903
-1.4678 -0.7012 3.4642 13 229 13 0.947
-3.2126 5.7064 2.8106 21 222 21 0.914
3.9629 -3.6998 2.4254 18 225 18 0.925
4.3533 -0.9166 2.3290 46 202 46 0.815
-4.6681 -3.8712 2.0849 32 214 32 0.870
0.0010 -6.8148 4.0229 29 216 29 0.881
3.9791 -4.5084 2.3563 16 227 16 0.936
3.3688 -5.3861 2.5742 46 202 46 0.815
5.7228 -4.0285 1.8465 40 207 40 0.837
-4.2973 0.2441 2.1655 40 207 40 0.837
4.1454 0.6215 2.3541 32 214 32 0.870
-3.8002 -2.9158 2.4421 21 222 21 0.914
4.5524 -2.8050 2.0865 7 233 7 0.969
-1.5766 6.4009 3.3657 46 202 46 0.815
-5.3222 -4.4406 1.8708 10 231 10 0.958
-2.3050 5.4021 3.1338 21 222 21 0.914
5.2876 -7.2218 1.8062 32 214 32 0.870
4.9270 0.5743 2.0372 38 209 38 0.848
-3.7994 3.9461 2.4448 40 207 40 0.837
1.3518 -7.0138 3.4735 46 202 46 0.815
0.0764 -6.5047 3.9256 21 222 21 0.914
-0.3540 5.4363 3.8465 32 214 32 0.870
0.8816 -1.9931 3.6459 24 220 24 0.903
2.7190 5.2017 2.8854 35 211 35 0.859
3.8199 -7.6432 2.4542 38 209 38 0.848
1.0394 7.9431 3.5853 105 215 20 0.760
-3.1691 -6.0918 2.7978 35 211 35 0.859
-4.4769 -5.6698 2.2062 35 211 35 0.859
-1.4928 7.2965 3.4394 35 211 35 0.859
-5.7618 3.7311 1.7281 92 219 20 0.793
2.7413 -2.4389 2.7919 43 205 43 0.826
1.8725 2.7367 3.2441 32 214 32 0.870
-3.2508 -4.8632 2.7515 35 211 35 0.859
5.8451 3.4657 1.7072 29 216 29 0.881
0.7776 3.0596 3.6573 16 227 16 0.936
3.1508 -1.9965 2.7245 21 222 21 0.914
6.9310 -0.1517 1.2864 18 225 18 0.925
-2.4107 3.9732 3.0323 32 214 32 0.870
-6.1392 -0.8971 1.5436 35 211 35 0.859
-3.8586 -6.8294 2.5342 43 205 43 0.826
-0.1504 -6.3897 3.9412 29 216 29 0.881
7.9725 5.0544 0.7938 92 219 20 0.793
5.8828 -4.0024 1.6303 35 211 35 0.859
-6.2313 -1.2160 1.5998 35 211 35 0.859
-1.3722 -0.2162 3.4264 29 216 29 0.881
7.8195 3.8887 0.8440 43 205 43 0.826
-3.1596 4.2504 2.7016 46 202 46 0.815
-7.2577 -3.8646 1.0661 10 231 10 0.958
-3.1254 -6.2379 2.7484 29 216 29 0.881
-3.9609 0.7122 2.3892 24 220 24 0.903
0.6634 1.3507 3.7356 100 217 20 0.771
-0.4126 3.6188 3.9328 24 220 24 0.903
-3.1760 -5.5054 2.7379 32 214 32 0.870
3.8490 4.5005 2.4502 24 220 24 0.903
4.1865 -2.7923 2.3228 32 214 32 0.870
-6.5944 -2.3621 1.3860 16 227 16 0.936
0.1204 -3.0431 3.9465 24 220 24 0.903
-6.2500 1.7063 1.4994 40 207 40 0.837
-2.7777 -0.1818 2.8914 48 200 48 0.804
3.7662 -3.9407 2.4718 40 207 40 0.837
-7.2884 -0.4386 1.0950 38 209 38 0.848
3.1715 0.1620 2.6581 92 219 20 0.793
2.9401 5.1579 2.8083 38 209 38 0.848
-1.7818 7.7518 3.3306 92 219 20 0.793
4.1228 7.0897 2.4055 24 220 24 0.903
-0.8298 0.7767 3.6645 24 220 24 0.903
-0.9144 -0.0415 3.5994 29 216 29 0.881
-7.9984 -2.8498 0.7559 96 218 20 0.782
2.2707 -1.6078 3.0657 24 220 24 0.903
7.5153 7.6832 1.0470 35 211 35 0.859
-4.2686 -3.0731 2.2490 32 214 32 0.870
4.6417 -6.7671 2.1185 29 216 29 0.881
5.3740 -4.3755 1.8357 24 220 24 0.903
1.1064 -7.0596 3.5381 32 214 32 0.870
-2.0682 -1.0005 3.2569 26 218 26 0.892
-6.1365 -6.8569 1.4612 35 211 35 0.859
-4.0201 -7.2075 2.4164 16 227 16 0.936
7.7767 4.5261 0.9313 24 220 24 0.903
6.7877 -3.6758 1.2511 29 216 29 0.881
2.4335 6.4954 3.0536 21 222 21 0.914
-7.7499 5.1840 0.9160 48 200 48 0.804
6.9103 2.9578 1.2869 43 205 43 0.826
7.6506 6.0293 0.9749 7 233 7 0.969
6.2626 2.6204 1.4968 29 216 29 0.881
2.8638 6.9589 2.8153 32 214 32 0.870
-4.8713 -4.1553 2.0624 18 225 18 0.925
5.1268 6.3344 1.9275 29 216 29 0.881
2.4615 1.0457 3.0450 43 205 43 0.826
-4.3672 -7.4751 2.2622 16 227 16 0.936
3.8506 -4.9908 2.4198 18 225 18 0.925
3.3820 -7.1251 2.7873 40 207 40 0.837
2.5830 -4.7766 2.9195 21 222 21 0.914
3.9229 -5.0601 2.4154 29 216 29 0.881
-6.8909 -7.3319 1.1494 29 216 29 0.881
-2.2503 2.7966 3.1458 38 209 38 0.848
-1.9803 0.5605 3.2413 40 207 40 0.837
5.9770 -2.8149 1.5970 32 214 32 0.870
0.3317 5.8398 3.8518 18 225 18 0.925
5.6273 2.1039 1.6611 7 233 7 0.969
-0.2193 -6.8104 3.9357 32 214 32 0.870
7.5411 5.2732 0.9205 13 229 13 0.947
-2.5964 7.7786 2.9302 18 225 18 0.925
2.3139 4.2214 3.0448 16 227 16 0.936
2.3237 -1.1749 3.0870 35 211 35 0.859
-6.5367 3.6769 1.4227 43 205 43 0.826
-2.3515 7.2469 3.0726 26 218 26 0.892
-6.1126 5.0514 1.4998 43 205 43 0.826
-6.8960 2.4038 1.2810 40 207 40 0.837
-3.5669 -1.0728 2.6058 38 209 38 0.848
-5.2722 -2.3068 1.9244 32 214 32 0.870
0.8922 -1.6922 3.6603 10 231 10 0.958
-4.7910 -7.2919 2.1226 96 218 20 0.782
5.5986 -0.5868 1.7000 24 220 24 0.903
-5.2373 -6.4412 1.9300 32 214 32 0.870
-7.2499 1.2122 1.0157 13 229 13 0.947
-3.7658 7.3413 2.4985 29 216 29 0.881
-4.9976 0.1040 1.9965 29 216 29 0.881
2.7298 -2.8948 2.8865 26 218 26 0.892
-6.1486 -2.2807 1.5684 16 227 16 0.936
4.7400 -2.1903 2.0944 18 225 18 0.925
-1.3025 5.8086 3.5536 26 218 26 0.892
-3.6005 1.5842 2.5492 24 220 24 0.903
1.7650 4.9661 3.2399 38 209 38 0.848
-5.5802 -4.9578 1.8493 16 227 16 0.936
7.6624 6.6268 0.9502 43 205 43 0.826
2.5150 5.1041 2.9630 24 220 24 0.903
-4.6139 -7.9393 2.1850 105 215 20 0.760
-7.1933 4.0084 1.1243 29 216 29 0.881
-2.3511 -6.1062 2.9946 35 211 35 0.859
0.0807 -6.5784 3.9250 21 222 21 0.914
4.6293 3.7846 2.1747 29 216 29 0.881
-1.7791 7.5232 3.4355 48 200 48 0.804
3.0110 -1.6853 2.6722 13 229 13 0.947
-0.1027 7.4482 3.9041 29 216 29 0.881
6.2637 1.4256 1.4236 43 205 43 0.826
4.1493 -6.3319 2.3625 26 218 26 0.892
-2.7766 5.9091 2.9626 29 216 29 0.881
3.1348 -5.6975 2.7923 21 222 21 0.914
-1.7889 -4.1384 3.3828 100 217 20 0.771
1.9965 7.9684 3.2030 109 214 20 0.749
3.3358 5.0587 2.5588 24 220 24 0.903
-7.8091 5.7208 0.8759 48 200 48 0.804
-0.2041 7.8191 3.8733 46 202 46 0.815
-3.5011 6.8265 2.6021 32 214 32 0.870
-3.0570 -6.2625 2.7388 26 218 26 0.892
7.8315 4.0334 0.8738 38 209 38 0.848
4.2102 -0.1640 2.3836 24 220 24 0.903
-1.3444 1.8192 3.3422 26 218 26 0.892
3.9668 -6.9244 2.3761 24 220 24 0.903
6.9485 -5.2197 1.1758 35 211 35 0.859
2.3445 5.8544 2.9900 40 207 40 0.837
-7.8449 -0.0218 0.8094 113 213 20 0.738
-4.1066 2.3677 2.2596 46 202 46 0.815
-7.9936 -1.6127 0.8150 29 216 29 0.881
-3.9767 -7.3289 2.3355 13 229 13 0.947
-1.5490 4.7509 3.3673 43 205 43 0.826
-7.3811 2.0712 1.0745 96 218 20 0.782
3.3891 5.2560 2.6662 18 225 18 0.925
-7.3375 -7.6962 1.0336 43 205 43 0.826
0.9177 -4.8221 3.6059 100 217 20 0.771
3.9626 -0.7081 2.4062 18 225 18 0.925
-6.1695 2.7060 1.5096 4 236 4 0.980
1.9491 -3.9194 3.2320 24 220 24 0.903
3.6465 7.3610 2.5816 29 216 29 0.881
-2.3153 -4.8265 3.1072 26 218 26 0.892
4.5131 4.9528 2.2120 43 205 43 0.826
5.1987 -6.1930 1.9282 4 236 4 0.980
6.5576 -6.3824 1.3244 18 225 18 0.925
-5.7293 -1.1313 1.6140 29 216 29 0.881
-5.5535 5.0338 1.8089 26 218 26 0.892
4.4672 -0.7441 2.3037 29 216 29 0.881
-0.7579 0.8040 3.6622 26 218 26 0.892
3.7725 -0.1890 2.5439 26 218 26 0.892
4.9475 -0.1398 1.9271 43 205 43 0.826
5.7704 0.8166 1.7396 29 216 29 0.881
6.7561 -3.8955 1.2731 46 202 46 0.815
-4.7014 -5.7128 2.1114 35 211 35 0.859
-5.8927 -5.5673 1.6595 48 200 48 0.804
-4.3999 -6.5953 2.2506 29 216 29 0.881
-5.6609 -6.7901 1.6774 24 220 24 0.903
1.4684 -3.2813 3.4604 7 233 7 0.969
3.4467 -0.5510 2.6220 32 214 32 0.870
7.0525 -5.6883 1.2342 40 207 40 0.837
3.5618 6.1358 2.6443 43 205 43 0.826
6.2633 5.0909 1.4276 24 220 24 0.903
-3.3021 -4.5165 2.7299 96 218 20 0.782
-4.0624 -1.0201 2.3496 4 236 4 0.980
0.8600 -0.4149 3.6245 32 214 32 0.870
-0.0334 2.0584 3.9728 38 209 38 0.848
1.6680 -5.0211 3.2592 38 209 38 0.848
-3.0469 -5.2955 2.7572 43 205 43 0.826
6.3161 -1.2140 1.5087 16 227 16 0.936
2.9260 -7.3443 2.8530 35 211 35 0.859
4.4173 0.4233 2.2486 35 211 35 0.859
-1.1021 -2.6998 3.4867 32 214 32 0.870
-3.5865 5.3278 2.6229 48 200 48 0.804
5.0972 4.0680 1.9760 24 220 24 0.903
-7.6473 -4.2342 1.0044 29 216 29 0.881
-7.3558 1.5205 0.9622 38 209 38 0.848
-1.6979 7.8582 3.3081 96 218 20 0.782
-0.5463 -2.2067 3.7473 38 209 38 0.848
0.9504 -3.3931 3.6231 46 202 46 0.815
-3.9760 -7.6625 2.3864 32 214 32 0.870
0.7684 -5.8156 3.6871 29 216 29 0.881
5.0814 5.1693 1.9977 29 216 29 0.881
6.4463 7.0067 1.4370 38 209 38 0.848
1.7983 7.9019 3.2358 96 218 20 0.782
0.9831 1.3254 3.6378 40 207 40 0.837
-7.3086 0.8186 1.0996 18 225 18 0.925
0.0349 3.2650 3.9640 24 220 24 0.903
1.5829 -1.7179 3.3413 29 216 29 0.881
7.3853 -7.1626 1.0761 35 211 35 0.859
1.5501 0.4350 3.4358 43 205 43 0.826
7.5956 -0.8602 0.9564 48 200 48 0.804
-5.1929 5.9623 1.8676 13 229 13 0.947
-5.8220 2.6207 1.6850 24 220 24 0.903
5.3740 -5.5897 1.8358 16 227 16 0.936
3.2116 -6.5720 2.7856 18 225 18 0.925
3.9139 -6.9646 2.4695 24 220 24 0.903
-0.2171 -4.7320 3.9852 35 211 35 0.859
4.5042 2.7331 2.2150 35 211 35 0.859
7.7327 4.6616 0.9498 26 218 26 0.892
-5.6934 -5.0375 1.5977 24 220 24 0.903
5.7152 7.6504 1.6961 16 227 16 0.936
6.6982 -4.6879 1.3308 24 220 24 0.903
-3.9987 -4.6479 2.3940 4 236 4 0.980
3.7477 0.5266 2.5054 35 211 35 0.859
6.7081 0.5594 1.3006 29 216 29 0.881
-2.2015 -0.7839 3.1685 24 220 24 0.903
-4.2431 3.5882 2.3224 43 205 43 0.826
-3.0964 1.6089 2.7324 7 233 7 0.969
-5.4925 -1.3367 1.8846 38 209 38 0.848
2.2285 4.9785 3.1149 13 229 13 0.947
-7.1859 3.4057 1.1401 38 209 38 0.848
7.6994 6.1802 0.8811 13 229 13 0.947
1.1125 -2.4542 3.6037 21 222 21 0.914
-4.0679 3.2038 2.3489 26 218 26 0.892
3.6277 3.2767 2.6050 24 220 24 0.903
4.5523 2.1774 2.2659 29 216 29 0.881
0.8226 -7.2606 3.5814 43 205 43 0.826
-6.5853 -6.4017 1.3076 32 214 32 0.870
2.4197 -1.3249 3.0856 24 220 24 0.903
-3.6313 2.3080 2.5671 96 218 20 0.782
-7.4787 3.0027 0.9181 46 202 46 0.815
3.1946 1.8033 2.8380 16 227 16 0.936
-0.2718 6.9491 3.8117 32 214 32 0.870
-6.6427 1.0263 1.2950 32 214 32 0.870
1.5838 6.3604 3.3121 40 207 40 0.837
-3.1110 -4.8384 2.7710 40 207 40 0.837
-1.3555 -6.1052 3.5183 32 214 32 0.870
5.6538 -0.9193 1.7078 18 225 18 0.925
0.2275 0.6011 4.0171 46 202 46 0.815
1.9497 -2.1310 3.1269 18 225 18 0.925
1.7592 -5.5080 3.3712 21 222 21 0.914
5.8969 -4.5352 1.6410 18 225 18 0.925
-0.9086 0.8937 3.7288 29 216 29 0.881
1.7081 -4.2022 3.3006 18 225 18 0.925
-5.8986 4.6909 1.6628 40 207 40 0.837
-1.0105 1.1794 3.6316 43 205 43 0.826
-2.3640 -2.1321 3.1025 29 216 29 0.881
4.1833 -3.7061 2.3234 13 229 13 0.947
-7.3899 -0.3644 1.0502 24 220 24 0.903
6.2972 4.6864 1.5510 100 217 20 0.771
5.7144 1.2521 1.6959 38 209 38 0.848
-0.5910 -2.6763 3.7271 24 220 24 0.903
4.4862 0.9574 2.2281 24 220 24 0.903
-7.9434 -1.4833 0.7762 32 214 32 0.870
-3.2850 -7.8466 2.7515 32 214 32 0.870
-5.3716 -0.7107 1.7555 35 211 35 0.859
4.3266 6.2387 2.2745 24 220 24 0.903
-5.6430 -4.2333 1.7636 38 209 38 0.848
2.5660 7.1519 3.0195 38 209 38 0.848
-2.4912 6.2403 3.0391 35 211 35 0.859
-7.7224 -3.5907 0.9522 26 218 26 0.892
-4.3011 -6.5463 2.2964 18 225 18 0.925
3.8055 1.9674 2.3940 24 220 24 0.903
-2.0938 3.1998 3.2530 46 202 46 0.815
-4.8198 5.2419 2.1114 35 211 35 0.859
-2.8920 -5.2086 2.7971 48 200 48 0.804
5.0584 -0.9942 2.0093 29 216 29 0.881
-5.1340 -7.7468 2.0186 43 205 43 0.826
5.9325 3.5245 1.6780 40 207 40 0.837
2.4879 7.2023 3.0306 38 209 38 0.848
-0.9943 -4.1162 3.5684 35 211 35 0.859
7.1650 -3.4887 1.0758 32 214 32 0.870
-7.1670 -1.3048 1.1451 38 209 38 0.848
-2.5241 -2.1923 3.0019 40 207 40 0.837
3.0998 -6.2589 2.7076 10 231 10 0.958
1.4488 -5.8050 3.3522 24 220 24 0.903
3.2183 3.3492 2.7122 4 236 4 0.980
-1.0042 6.5456 3.5698 32 214 32 0.870
-6.5356 3.2536 1.3846 32 214 32 0.870
-6.3081 4.1588 1.4500 32 214 32 0.870
4.1631 3.6519 2.2962 18 225 18 0.925
2.0757 -7.6861 3.2270 40 207 40 0.837
1.3109 -3.1126 3.4627 13 229 13 0.947
5.8907 -3.3795 1.5466 18 225 18 0.925
1.0728 6.2058 3.6494 29 216 29 0.881
-6.1460 5.8681 1.5079 29 216 29 0.881
5.7022 1.7789 1.7457 13 229 13 0.947
3.4381 -2.8703 2.6217 35 211 35 0.859
2.6645 -3.3068 2.9264 21 222 21 0.914
-7.0905 5.0956 1.1067 40 207 40 0.837
-3.6998 -1.0771 2.4750 35 211 35 0.859
-1.9290 -7.4559 3.3130 48 200 48 0.804
1.3983 -5.2407 3.3907 24 220 24 0.903
-4.6087 2.9939 2.1021 38 209 38 0.848
-6.7078 4.0592 1.2315 40 207 40 0.837
2.8774 -6.5219 2.8895 4 236 4 0.980
-6.7918 1.1324 1.3262 29 216 29 0.881
6.2915 5.2414 1.5423 21 222 21 0.914
-0.6440 -3.4152 3.7203 26 218 26 0.892
1.0539 0.3033 3.5274 29 216 29 0.881
1.8008 -7.2131 3.2180 35 211 35 0.859
1.1794 0.5703 3.4714 29 216 29 0.881
-5.9138 -5.4457 1.6412 43 205 43 0.826
3.1081 -3.7118 2.7807 29 216 29 0.881
1.0024 4.4850 3.6065 32 214 32 0.870
0.3996 7.8881 3.8466 109 214 20 0.749
2.9769 -4.4236 2.9127 21 222 21 0.914
-3.6727 -1.5932 2.5956 24 220 24 0.903
5.9894 5.1396 1.5266 16 227 16 0.936
-4.2915 -1.6403 2.1782 40 207 40 0.837
5.9785 5.1136 1.6570 13 229 13 0.947
3.7499 -3.6444 2.5379 21 222 21 0.914
-1.5117 5.5237 3.4028 38 209 38 0.848
-4.3776 4.7623 2.2241 29 216 29 0.881
-6.6652 5.4150 1.2349 13 229 13 0.947
4.9338 4.9208 2.0789 32 214 32 0.870
6.5080 -3.1047 1.3416 40 207 40 0.837
-3.7648 4.6411 2.5784 18 225 18 0.925
3.2912 1.9102 2.6099 21 222 21 0.914
1.3774 3.6953 3.4003 35 211 35 0.859
-3.6573 -0.0371 2.5310 7 233 7 0.969
1.2765 -5.2145 3.5316 38 209 38 0.848
7.1505 5.3160 1.1565 4 236 4 0.980
7.9387 6.3828 0.8728 43 205 43 0.826
1.5622 1.4192 3.4187 46 202 46 0.815
0.0236 -1.3863 4.0129 32 214 32 0.870
4.9864 7.8702 1.9364 92 219 20 0.793
1.6686 6.2244 3.4626 35 211 35 0.859
-0.1412 -6.8562 3.9503 24 220 24 0.903
5.0995 3.9398 2.0054 35 211 35 0.859
-6.2001 5.8251 1.5636 21 222 21 0.914
-1.2218 -1.4797 3.5344 35 211 35 0.859
-0.6133 6.5511 3.6940 16 227 16 0.936
-5.1586 6.3080 1.9429 29 216 29 0.881
-2.8947 -2.0351 2.8957 29 216 29 0.881
-0.5663 5.5565 3.8172 38 209 38 0.848
-2.8564 5.5990 2.8148 26 218 26 0.892
-6.9557 4.7027 1.1807 40 207 40 0.837
-1.6206 -4.6138 3.4352 48 200 48 0.804
-0.2530 3.8118 3.8929 29 216 29 0.881
1.7186 0.9678 3.3313 46 202 46 0.815
-7.2429 -6.9933 1.1099 16 227 16 0.936
-0.1609 1.7606 3.9175 13 229 13 0.947
-3.0964 1.3273 2.7086 26 218 26 0.892
-5.2057 1.3997 1.9335 92 219 20 0.793
2.1547 2.8386 3.1840 35 211 35 0.859
-4.4793 -0.7342 2.2749 38 209 38 0.848
-6.4843 -7.2211 1.4970 38 209 38 0.848
3.1361 4.8353 2.8361 32 214 32 0.870
-6.4339 -0.8996 1.3863 32 214 32 0.870
-3.9496 -6.7864 2.3319 40 207 40 0.837
6.9163 -1.7737 1.3114 38 209 38 0.848
-5.5662 0.1782 1.7984 4 236 4 0.980
-5.8950 4.0771 1.5560 24 220 24 0.903
5.8108 6.3798 1.6667 32 214 32 0.870
-0.5715 -4.9262 3.8768 40 207 40 0.837
3.1278 -1.4123 2.6881 16 227 16 0.936
-4.3389 -4.8030 2.2858 10 231 10 0.958
-7.6655 3.4453 0.9462 35 211 35 0.859
5.6806 -7.2403 1.7679 29 216 29 0.881
-5.7081 -7.5000 1.7405 26 218 26 0.892
0.9521 3.5149 3.5435 96 218 20 0.782
-2.8664 -3.2838 2.8460 18 225 18 0.925
-3.5406 -2.1076 2.6325 21 222 21 0.914
-6.9704 -5.5736 1.2575 32 214 32 0.870
-6.5522 6.9169 1.4163 38 209 38 0.848
5.9486 -3.3697 1.6102 4 236 4 0.980
-5.9659 -2.8518 1.5470 35 211 35 0.859
-5.3795 -7.9373 1.8531 43 205 43 0.826
0.1744 -5.6198 3.9860 46 202 46 0.815
-5.5121 -7.1425 1.6994 26 218 26 0.892
6.5289 -2.6790 1.3876 32 214 32 0.870
-4.8457 1.6126 2.0469 32 214 32 0.870
-0.4669 1.9895 3.8156 24 220 24 0.903
-7.3985 0.4991 0.9973 38 209 38 0.848
-7.3083 6.7109 1.1182 35 211 35 0.859
7.8835 -5.0264 0.8922 46 202 46 0.815
5.4600 -4.7340 1.8072 29 216 29 0.881
-1.8646 -0.2624 3.1993 46 202 46 0.815
-0.4790 -7.7371 3.8370 32 214 32 0.870
-5.3294 -7.7569 1.7849 24 220 24 0.903
-4.1622 -0.3810 2.2810 43 205 43 0.826
-2.7200 -0.3048 2.9425 43 205 43 0.826
0.7758 -0.2609 3.6259 21 222 21 0.914
-4.1306 -4.2290 2.3653 21 222 21 0.914
6.9174 6.6668 1.2805 24 220 24 0.903
-2.8237 0.5122 2.8697 40 207 40 0.837
-4.0984 -3.3275 2.3217 16 227 16 0.936
0.7731 -5.4744 3.6702 32 214 32 0.870
5.0854 0.6440 1.9463 29 216 29 0.881
4.9968 -3.6130 2.0274 43 205 43 0.826
-5.7981 1.4534 1.6580 18 225 18 0.925
5.9132 -3.7055 1.6131 26 218 26 0.892
4.9521 -3.1342 2.0478 92 219 20 0.793
4.2938 -6.0486 2.2587 26 218 26 0.892
-2.2895 -7.0544 3.0767 38 209 38 0.848
-6.9959 3.3668 1.2157 18 225 18 0.925
2.2912 2.9952 3.0953 26 218 26 0.892
1.3627 -5.6895 3.5028 21 222 21 0.914
6.8092 0.3565 1.2600 26 218 26 0.892
-5.6985 0.4524 1.7890 13 229 13 0.947
-2.6557 7.6841 2.8952 24 220 24 0.903
-5.7968 6.8838 1.6265 40 207 40 0.837
-2.1223 -4.0203 3.1410 38 209 38 0.848
3.5505 5.8678 2.5349 38 209 38 0.848
-7.0681 4.3663 1.1505 38 209 38 0.848
4.0879 -5.5864 2.4365 38 209 38 0.848
-2.4290 -0.1064 2.9796 26 218 26 0.892
-2.3110 -6.7042 3.0749 46 202 46 0.815
2.8382 3.0952 2.8646 21 222 21 0.914
1.1409 7.6736 3.5523 46 202 46 0.815
-5.6256 4.8074 1.7019 26 218 26 0.892
-4.0097 -5.3743 2.3830 29 216 29 0.881
-2.3518 -4.9688 3.1351 43 205 43 0.826
4.8138 -6.3277 2.1343 32 214 32 0.870
-4.2245 2.7953 2.2842 35 211 35 0.859
6.3091 -1.1048 1.5033 29 216 29 0.881
4.0442 1.3490 2.3694 16 227 16 0.936
0.9771 -0.8540 3.5663 21 222 21 0.914
3.4766 -1.9934 2.5774 38 209 38 0.848
1.0639 6.3018 3.5844 29 216 29 0.881
-3.5005 0.6515 2.5652 13 229 13 0.947
-3.1643 -3.0203 2.7658 35 211 35 0.859
1.4049 -1.6661 3.3489 13 229 13 0.947
1.4818 -4.5132 3.3283 43 205 43 0.826
-5.8905 1.8162 1.6861 38 209 38 0.848
7.3938 2.3717 1.0435 35 211 35 0.859
6.7178 -0.1574 1.2865 24 220 24 0.903
-3.9275 -4.0843 2.4587 18 225 18 0.925
0.5995 7.3466 3.6880 38 209 38 0.848
-1.5815 -0.5921 3.4133 13 229 13 0.947
-0.8387 -3.0884 3.6805 35 211 35 0.859
-5.4882 4.1592 1.8284 32 214 32 0.870
-3.6305 5.2666 2.5258 105 215 20 0.760
-5.3382 -0.4566 1.8644 46 202 46 0.815
3.5305 -0.6948 2.5107 35 211 35 0.859
-5.3120 5.4281 1.8838 24 220 24 0.903
-5.4841 6.3974 1.8180 13 229 13 0.947
-5.9583 2.6533 1.5840 21 222 21 0.914
0.9669 6.8190 3.6358 43 205 43 0.826
5.8265 0.3364 1.5665 24 220 24 0.903
7.6211 5.9070 1.0397 10 231 10 0.958
6.3977 -0.9253 1.4358 29 216 29 0.881
-6.6983 4.1404 1.2698 38 209 38 0.848
-4.9802 -2.4964 2.0887 38 209 38 0.848
4.1696 1.9559 2.3882 32 214 32 0.870
7.2868 -4.7592 1.0421 26 218 26 0.892
1.5239 5.7593 3.3546 35 211 35 0.859
-3.0844 -0.6260 2.7053 26 218 26 0.892
5.3409 4.5669 1.8846 40 207 40 0.837
0.2963 7.6888 3.8753 43 205 43 0.826
2.2021 4.4222 3.1299 26 218 26 0.892
-4.9463 3.7966 1.9563 109 214 20 0.749
3.2248 4.8409 2.6184 35 211 35 0.859
-4.0349 6.6588 2.3588 35 211 35 0.859
0.6775 -0.6261 3.6580 35 211 35 0.859
7.6198 1.4421 1.0116 35 211 35 0.859
6.0465 -3.0727 1.5255 29 216 29 0.881
-4.4539 -6.5978 2.1861 40 207 40 0.837
-1.6096 1.3868 3.3569 48 200 48 0.804
-4.1916 6.5916 2.3211 29 216 29 0.881
-2.6857 1.5985 2.9279 26 218 26 0.892
6.3332 1.0610 1.4212 24 220 24 0.903
-1.1368 5.5043 3.6019 96 218 20 0.782
-2.2602 7.5384 3.1561 32 214 32 0.870
-1.2902 2.1291 3.4618 35 211 35 0.859
-1.4337 0.8298 3.3595 35 211 35 0.859
2.1141 -6.2137 3.1706 40 207 40 0.837
-7.3647 1.2875 1.0472 13 229 13 0.947
4.8870 -0.9275 2.0670 18 225 18 0.925
-1.8166 -3.1524 3.3244 92 219 20 0.793
5.3276 2.7391 1.8319 38 209 38 0.848
6.0096 3.1667 1.6368 100 217 20 0.771
-0.1046 6.7576 3.9631 40 207 40 0.837
-0.4744 7.8729 3.7733 46 202 46 0.815
-3.5859 -4.6599 2.5314 26 218 26 0.892
1.9334 -3.1260 3.2086 18 225 18 0.925
7.2340 2.2020 1.1045 48 200 48 0.804
1.4300 5.2738 3.3706 18 225 18 0.925
-4.5839 -7.9763 2.2128 100 217 20 0.771
-7.0490 -7.2682 1.1650 21 222 21 0.914
0.2335 -7.4236 3.8639 29 216 29 0.881
0.9964 -0.4891 3.6095 21 222 21 0.914
-3.5068 0.8113 2.4681 26 218 26 0.892
1.8536 -1.4192 3.3426 26 218 26 0.892
-5.5502 -5.6702 1.8659 40 207 40 0.837
-0.4183 1.0414 3.8097 38 209 38 0.848
5.2692 4.7060 1.9259 29 216 29 0.881
-3.1431 7.3612 2.6688 40 207 40 0.837
3.3004 -5.8674 2.6738 18 225 18 0.925
-5.8846 -5.5811 1.5978 46 202 46 0.815
6.9778 -2.1391 1.2630 40 207 40 0.837
-2.4117 -2.1025 3.1325 32 214 32 0.870
2.8718 -2.4136 2.7849 29 216 29 0.881
7.8105 3.0440 0.8885 96 218 20 0.782
3.7052 -3.1554 2.6004 16 227 16 0.936
4.9137 -2.0769 2.0313 38 209 38 0.848
-1.3453 1.9853 3.5467 32 214 32 0.870
5.1339 -6.0592 1.9353 16 227 16 0.936
3.4796 -1.1598 2.5877 92 219 20 0.793
-5.7440 -0.1422 1.6633 32 214 32 0.870
-5.6746 -0.7154 1.7849 43 205 43 0.826
-4.4705 0.7474 2.2318 26 218 26 0.892
-1.5786 -3.3409 3.3293 7 233 7 0.969
-0.7138 -7.1565 3.7214 43 205 43 0.826
4.1189 7.0637 2.3934 16 227 16 0.936
6.4154 2.5570 1.4758 24 220 24 0.903
-4.2711 -0.8088 2.3581 16 227 16 0.936
-0.5546 -1.9664 3.8091 38 209 38 0.848
4.9590 5.4079 2.0724 24 220 24 0.903
5.9395 4.8117 1.5922 29 216 29 0.881
3.8084 -6.0673 2.4583 16 227 16 0.936
1.3590 -5.6316 3.4223 18 225 18 0.925
-1.9811 -1.7926 3.2473 43 205 43 0.826
-3.3518 6.8540 2.6242 24 220 24 0.903
-5.8553 -0.0553 1.6999 21 222 21 0.914
3.1368 -4.8008 2.6687 35 211 35 0.859
0.9463 -4.6489 3.6095 48 200 48 0.804
-5.0966 2.3099 2.0485 38 209 38 0.848
-5.6280 -5.8711 1.7558 105 215 20 0.760
-7.2086 -3.4535 1.1144 92 219 20 0.793
-6.2552 -3.6530 1.5109 100 217 20 0.771
-7.1248 7.1742 1.0513 29 216 29 0.881
-4.0398 -2.7192 2.3469 29 216 29 0.881
-1.9223 1.8614 3.2043 92 219 20 0.793
0.9505 -1.7564 3.5850 7 233 7 0.969
-7.8606 4.2311 0.8192 18 225 18 0.925
-2.8733 7.5213 2.8355 21 222 21 0.914
-1.6055 6.4781 3.3529 40 207 40 0.837
1.2088 -3.4201 3.5988 21 222 21 0.914
0.0545 -3.1679 4.0561 46 202 46 0.815
7.2490 -5.7144 1.0973 38 209 38 0.848
6.8126 -5.3849 1.2883 16 227 16 0.936
5.7998 -3.0806 1.6670 29 216 29 0.881
-6.4226 -5.9905 1.4098 32 214 32 0.870
6.7652 5.5012 1.2143 18 225 18 0.925
-7.0447 5.4936 1.1963 38 209 38 0.848
-6.6121 2.1684 1.3538 43 205 43 0.826
3.9476 -6.1919 2.4864 26 218 26 0.892
-2.4684 -3.6709 3.0656 26 218 26 0.892
3.4365 -2.0663 2.6562 35 211 35 0.859
-3.1243 2.2253 2.7737 109 214 20 0.749
7.2552 -2.4782 1.0436 29 216 29 0.881
-5.1911 -7.9983 1.8685 92 219 20 0.793
-2.8522 -1.0625 2.7956 29 216 29 0.881
1.7589 2.4194 3.3387 48 200 48 0.804
0.2855 7.0693 3.8816 16 227 16 0.936
-5.0718 3.0341 2.0080 32 214 32 0.870
4.8157 -1.7974 2.1153 48 200 48 0.804
4.2663 6.0475 2.2824 29 216 29 0.881
-1.8156 0.4380 3.3325 43 205 43 0.826
-0.4316 0.9019 3.7228 35 211 35 0.859
5.7578 -1.7554 1.6991 16 227 16 0.936
4.5512 -0.2533 2.1502 43 205 43 0.826
4.1437 0.1988 2.2953 21 222 21 0.914
-0.8550 2.9761 3.7182 4 236 4 0.980
-3.3533 -1.5483 2.6129 43 205 43 0.826
-4.7070 3.2480 2.0339 21 222 21 0.914
-6.4072 3.5642 1.4840 48 200 48 0.804
0.1973 -1.0643 3.9282 7 233 7 0.969
-7.1131 -3.7676 1.0586 38 209 38 0.848
-3.6402 -1.2662 2.5550 26 218 26 0.892
-5.2938 -4.6030 1.8120 4 236 4 0.980
5.2447 4.0165 1.9092 32 214 32 0.870
2.5894 3.2264 2.9671 21 222 21 0.914
2.3284 6.3732 3.0816 16 227 16 0.936
-1.1799 3.4833 3.5799 105 215 20 0.760
4.0186 6.8612 2.4348 10 231 10 0.958
-2.6454 5.9716 2.9118 29 216 29 0.881
-3.4604 6.9648 2.6063 18 225 18 0.925
-2.3453 2.1038 2.9602 100 217 20 0.771
-1.5205 -5.4329 3.4204 26 218 26 0.892
2.7580 5.3666 2.8873 32 214 32 0.870
7.2372 -1.6854 1.0927 21 222 21 0.914
-5.9694 -4.8787 1.6819 35 211 35 0.859
-7.7695 -4.8736 0.9457 26 218 26 0.892
4.7242 1.5265 2.0321 38 209 38 0.848
-1.8728 -3.7661 3.2490 92 219 20 0.793
-0.1008 -3.2035 3.9367 21 222 21 0.914
6.3944 -4.9479 1.4051 29 216 29 0.881
5.3868 -5.7115 1.8787 18 225 18 0.925
-7.0878 -6.4372 1.1427 4 236 4 0.980
-0.2752 -6.2171 3.9431 35 211 35 0.859
6.5151 2.7628 1.2884 48 200 48 0.804
-4.1218 -5.9328 2.3772 43 205 43 0.826
0.9761 7.2941 3.6278 46 202 46 0.815
6.7239 -4.4159 1.3403 32 214 32 0.870
-2.0907 0.4990 3.1867 32 214 32 0.870
-1.5545 -5.4228 3.2745 32 214 32 0.870
-5.1035 -0.0277 1.9636 32 214 32 0.870
6.6833 2.1244 1.2952 32 214 32 0.870
-5.2210 0.7509 1.9432 35 211 35 0.859
5.9585 -3.1775 1.5265 40 207 40 0.837
-4.0493 -3.4889 2.3720 16 227 16 0.936
-0.6016 6.5984 3.7504 18 225 18 0.925
3.7978 -4.7708 2.5054 4 236 4 0.980
-2.0433 7.2738 3.2681 43 205 43 0.826
7.7224 4.1057 0.9307 21 222 21 0.914
7.4800 6.0088 1.0049 4 236 4 0.980
-0.3738 -3.1062 3.7655 13 229 13 0.947
1.7494 -0.1377 3.2443 38 209 38 0.848
-2.3568 -5.9303 3.0281 35 211 35 0.859
-5.8100 6.0373 1.7070 13 229 13 0.947
5.6857 2.1082 1.7476 7 233 7 0.969
-1.0330 -2.7414 3.5848 26 218 26 0.892
4.4475 3.7933 2.2305 26 218 26 0.892
3.1009 1.2130 2.7957 24 220 24 0.903
-3.0136 4.6026 2.8129 32 214 32 0.870
-6.2363 -6.3744 1.5280 32 214 32 0.870
1.8729 7.7862 3.2142 43 205 43 0.826
-7.8889 4.5407 0.7889 96 218 20 0.782
0.2127 -5.5330 3.8579 32 214 32 0.870
4.0586 -2.6667 2.3276 96 218 20 0.782
2.6455 -2.7609 2.8963 24 220 24 0.903
4.8768 -7.3404 2.0217 40 207 40 0.837
6.5660 1.8991 1.3948 26 218 26 0.892
-0.9730 1.9121 3.6277 24 220 24 0.903
-1.3479 -5.0422 3.3958 18 225 18 0.925
-7.7861 -4.7413 0.9462 24 220 24 0.903
-4.1398 1.7005 2.2735 16 227 16 0.936
6.9622 6.0295 1.1788 24 220 24 0.903
-6.9973 -5.9238 1.1788 32 214 32 0.870
-3.4258 -2.3957 2.6834 38 209 38 0.848
-0.9920 7.2568 3.5997 35 211 35 0.859
0.1744 -2.4727 3.9270 35 211 35 0.859
-3.8374 3.8209 2.4440 21 222 21 0.914
0.0461 -4.0131 4.0352 38 209 38 0.848
5.0573 3.7562 1.9692 35 211 35 0.859
-2.5611 0.2913 2.9513 21 222 21 0.914
5.0905 5.7746 1.8752 35 211 35 0.859
-4.1840 4.5949 2.2726 46 202 46 0.815
5.9540 6.9643 1.5726 35 211 35 0.859
-3.8442 -5.3886 2.3897 21 222 21 0.914
3.6859 -5.7810 2.5866 21 222 21 0.914
0.3655 0.7550 3.8090 43 205 43 0.826
-3.8119 7.5124 2.4818 32 214 32 0.870
0.1551 -7.0048 3.9004 32 214 32 0.870
-6.3758 -2.2842 1.4580 29 216 29 0.881
-1.5715 0.0540 3.3840 26 218 26 0.892
3.9177 -7.5858 2.4337 32 214 32 0.870
-0.4608 5.0661 3.8647 24 220 24 0.903
-1.2834 1.6827 3.5227 16 227 16 0.936
4.2189 1.1314 2.3009 16 227 16 0.936
-1.3049 5.0743 3.4801 100 217 20 0.771
-5.3036 -6.3496 1.8558 38 209 38 0.848
-1.7417 -0.3984 3.2848 21 222 21 0.914
3.0119 -6.0851 2.8031 29 216 29 0.881
2.0946 -2.0584 3.1023 26 218 26 0.892
-1.2291 -5.3311 3.4822 48 200 48 0.804
1.5158 -1.9545 3.4159 26 218 26 0.892
-1.1923 -2.4755 3.6024 43 205 43 0.826
5.6326 -2.7849 1.7634 35 211 35 0.859
-1.9553 4.2108 3.2929 29 216 29 0.881
-3.5105 6.0098 2.5972 4 236 4 0.980
-3.8603 -0.9777 2.4688 10 231 10 0.958
2.4439 -4.9489 3.0559 29 216 29 0.881
5.6967 6.9166 1.6886 10 231 10 0.958
2.5926 0.6974 2.9792 35 211 35 0.859
0.1193 4.5303 3.9298 10 231 10 0.958
-6.1576 4.1784 1.6226 35 211 35 0.859
-5.5734 -3.8764 1.7228 26 218 26 0.892
5.0776 -0.9538 1.9824 26 218 26 0.892
-2.1907 7.4085 3.1037 35 211 35 0.859
2.5005 7.3283 2.9894 46 202 46 0.815
1.2476 -1.2551 3.5040 4 236 4 0.980
6.7150 6.4543 1.3557 16 227 16 0.936
-1.8174 -5.8331 3.1975 24 220 24 0.903
-3.6123 -5.6626 2.6015 24 220 24 0.903
1.7534 7.5583 3.3065 24 220 24 0.903
-3.9174 -3.3208 2.4242 7 233 7 0.969
-4.3073 -7.2614 2.2662 10 231 10 0.958
-1.7839 -0.4473 3.2488 29 216 29 0.881
5.6026 -7.4697 1.7906 32 214 32 0.870
4.1988 -4.6457 2.3038 26 218 26 0.892
4.8332 0.5673 2.0468 32 214 32 0.870
-0.1846 1.4407 3.9405 29 216 29 0.881
-6.7752 1.3489 1.3366 29 216 29 0.881
1.7623 -3.8726 3.2299 26 218 26 0.892
-3.4529 -5.6722 2.6773 26 218 26 0.892
5.7932 5.2467 1.6769 4 236 4 0.980
5.4079 0.7488 1.9167 24 220 24 0.903
6.5113 -6.9542 1.4487 16 227 16 0.936
-6.8558 -0.0521 1.2144 96 218 20 0.782
3.8729 4.9996 2.4275 24 220 24 0.903
-3.0709 -1.7521 2.7601 26 218 26 0.892
-6.3259 3.4767 1.4802 46 202 46 0.815
4.8300 -4.3088 2.0283 35 211 35 0.859
-3.4688 1.1438 2.5550 48 200 48 0.804
4.3201 0.6466 2.2855 29 216 29 0.881
6.9414 -7.5992 1.2172 24 220 24 0.903
-7.5451 -5.9383 1.0003 21 222 21 0.914
1.4259 2.7803 3.3615 48 200 48 0.804
2.4830 -0.6551 3.0786 48 200 48 0.804
-4.0205 1.5096 2.4799 7 233 7 0.969
-3.3558 0.7476 2.6656 26 218 26 0.892
6.0600 2.6697 1.5323 26 218 26 0.892
-4.1046 1.6153 2.3100 13 229 13 0.947
6.6950 6.0284 1.3204 40 207 40 0.837
-5.0473 -0.9888 2.0789 29 216 29 0.881
-2.9636 -5.3076 2.8505 48 200 48 0.804
3.3347 -5.0050 2.6160 32 214 32 0.870
2.0582 -2.9350 3.2390 13 229 13 0.947
-6.7446 -7.2847 1.3030 32 214 32 0.870
-6.8884 7.5269 1.2820 7 233 7 0.969
-3.2486 -6.1473 2.6683 29 216 29 0.881
-7.7823 -0.4212 0.8445 46 202 46 0.815
-3.3361 7.7529 2.7305 105 215 20 0.760
-7.1522 6.3617 1.1092 26 218 26 0.892
5.3695 -6.9458 1.7407 7 233 7 0.969
-6.5614 -4.3073 1.4251 24 220 24 0.903
-1.0895 -4.6882 3.5757 21 222 21 0.914
1.3132 6.2699 3.5112 16 227 16 0.936
2.8184 7.9545 2.9098 92 219 20 0.793
2.5650 -4.4801 2.9398 40 207 40 0.837
-4.2159 7.2939 2.3102 40 207 40 0.837
-2.3137 -0.1916 3.0662 32 214 32 0.870
-3.1320 -7.8930 2.6870 29 216 29 0.881
-5.0979 -5.5649 1.8712 29 216 29 0.881
0.3026 0.2664 3.8913 24 220 24 0.903
7.6949 -3.4861 0.8933 32 214 32 0.870
1.2842 -2.8899 3.5382 24 220 24 0.903
3.2668 5.1069 2.6671 24 220 24 0.903
7.7894 0.5477 0.8562 100 217 20 0.771
3.3988 6.9401 2.6499 40 207 40 0.837
-3.8985 4.9430 2.4951 43 205 43 0.826
-7.8456 2.0705 0.8324 92 219 20 0.793
1.2577 -2.0292 3.4674 24 220 24 0.903
5.2011 4.9768 1.8844 18 225 18 0.925
2.7841 7.1677 2.9314 38 209 38 0.848
7.7584 2.2468 0.9377 38 209 38 0.848
-0.4716 -1.0120 3.7864 46 202 46 0.815
-7.9209 4.4803 0.7523 92 219 20 0.793
6.4513 -4.8811 1.3346 18 225 18 0.925
3.6664 0.5832 2.5569 18 225 18 0.925
7.1616 5.6930 1.1310 16 227 16 0.936
3.7480 -5.8438 2.5147 24 220 24 0.903
-6.6635 0.3977 1.3390 21 222 21 0.914
0.1668 4.8096 3.9063 21 222 21 0.914
-7.5568 3.1040 0.9907 46 202 46 0.815
-4.4387 -6.4343 2.2970 18 225 18 0.925
0.7676 -2.6396 3.6473 32 214 32 0.870
3.8438 -4.7816 2.5086 4 236 4 0.980
-5.6704 6.6062 1.7618 26 218 26 0.892
5.4403 3.9079 1.8377 35 211 35 0.859
-2.2486 0.8364 2.9989 40 207 40 0.837
6.0262 4.4234 1.5754 40 207 40 0.837
3.5575 0.0960 2.6154 40 207 40 0.837
-1.7296 -6.0175 3.2611 10 231 10 0.958
2.4365 1.2924 2.9591 32 214 32 0.870
4.4689 -5.6396 2.1680 38 209 38 0.848
4.2398 7.3057 2.3484 35 211 35 0.859
3.3277 3.4247 2.7299 16 227 16 0.936
-3.7947 7.8804 2.4109 35 211 35 0.859
5.4702 6.1662 1.7603 38 209 38 0.848
5.6588 -7.5923 1.7616 24 220 24 0.903
3.3706 -7.6243 2.6459 38 209 38 0.848
-6.9597 3.8193 1.1637 43 205 43 0.826
-2.4868 -2.6747 3.0992 26 218 26 0.892
-0.5922 0.7047 3.7319 26 218 26 0.892
-3.6612 1.4517 2.5323 26 218 26 0.892
5.5002 4.1875 1.8155 29 216 29 0.881
-0.9265 1.5940 3.6102 21 222 21 0.914
2.5619 1.5999 2.9983 21 222 21 0.914
0.1496 -5.7647 3.9359 43 205 43 0.826
-7.7136 -5.3903 0.8014 40 207 40 0.837
-6.9636 7.5414 1.0938 16 227 16 0.936
-7.8008 -6.3579 0.8767 43 205 43 0.826
3.1133 -5.4610 2.7509 26 218 26 0.892
4.6389 -6.7701 2.0865 35 211 35 0.859
5.6003 5.1455 1.6808 4 236 4 0.980
-4.2542 6.6883 2.2463 40 207 40 0.837
4.5604 -0.4561 2.0634 32 214 32 0.870
5.1615 2.7824 1.9121 32 214 32 0.870
3.3462 5.3713 2.6117 29 216 29 0.881
1.6529 -4.5206 3.3014 29 216 29 0.881
0.0027 -3.6336 4.0464 38 209 38 0.848
2.8503 1.0460 2.8012 24 220 24 0.903
2.7540 4.8388 2.9019 29 216 29 0.881
-5.8536 -3.1431 1.6614 35 211 35 0.859
-4.1452 0.4993 2.4274 29 216 29 0.881
6.9224 -6.7639 1.1528 24 220 24 0.903
6.8817 3.4229 1.2242 29 216 29 0.881
-4.0839 -1.3133 2.3473 16 227 16 0.936
6.4696 -5.0343 1.3756 7 233 7 0.969
5.3303 3.1704 1.8594 40 207 40 0.837
-0.2954 3.9304 3.9412 26 218 26 0.892
-1.5860 1.9519 3.3923 32 214 32 0.870
4.7093 0.9583 2.1395 18 225 18 0.925
3.3229 1.0505 2.7017 24 220 24 0.903
2.2973 -1.6286 3.0601 26 218 26 0.892
2.8408 -4.7928 2.8796 29 216 29 0.881
0.2757 -3.8047 3.9657 24 220 24 0.903
-6.3133 5.1699 1.3750 40 207 40 0.837
5.9603 0.8775 1.6407 26 218 26 0.892
2.1862 -5.4506 3.1461 43 205 43 0.826
3.3664 -2.0111 2.6019 35 211 35 0.859
-0.3018 1.3789 3.9514 26 218 26 0.892
3.5491 -5.5543 2.6131 26 218 26 0.892
7.6742 -3.2164 0.9410 43 205 43 0.826
-1.9757 -5.8289 3.2195 24 220 24 0.903
-2.6520 3.2329 2.9306 13 229 13 0.947
5.9271 -3.0238 1.5920 38 209 38 0.848
-3.3069 1.9185 2.6775 29 216 29 0.881
-7.6662 1.0393 1.0135 18 225 18 0.925
-7.2418 -2.4995 1.0577 48 200 48 0.804
-5.7024 0.3481 1.5714 32 214 32 0.870
-2.9823 3.3864 2.7855 18 225 18 0.925
1.1437 3.6950 3.4822 46 202 46 0.815
-2.8430 -1.5324 2.8630 21 222 21 0.914
-6.1123 7.6129 1.5447 46 202 46 0.815
4.2416 4.6829 2.2658 21 222 21 0.914
5.5292 -4.5450 1.7313 26 218 26 0.892
-7.7098 -3.7804 1.0078 13 229 13 0.947
-6.2139 -5.4233 1.4998 46 202 46 0.815
-3.2706 -5.9035 2.7132 24 220 24 0.903
-5.7720 0.5319 1.6619 4 236 4 0.980
6.2711 -4.9932 1.4326 29 216 29 0.881
3.2874 6.2216 2.6929 18 225 18 0.925
-4.6210 2.1953 2.1650 38 209 38 0.848
-4.3041 -1.2712 2.2459 26 218 26 0.892
-4.7184 -3.2797 2.1095 40 207 40 0.837
-6.5179 5.9693 1.5197 38 209 38 0.848
0.3072 5.4388 3.7517 16 227 16 0.936
-6.7860 -3.2707 1.2710 26 218 26 0.892
-1.8345 -3.5345 3.4133 38 209 38 0.848
5.8134 0.9778 1.7063 24 220 24 0.903
-5.1542 0.0782 1.9896 24 220 24 0.903
-2.4466 3.6430 3.0214 24 220 24 0.903
-4.1839 -5.0348 2.3581 16 227 16 0.936
6.5782 -7.8245 1.4649 38 209 38 0.848
6.5401 -5.2468 1.3987 13 229 13 0.947
4.8382 7.1777 2.0096 21 222 21 0.914
-2.0440 2.6505 3.1830 40 207 40 0.837
-5.9062 5.2373 1.6254 43 205 43 0.826
-3.3350 6.6839 2.6353 29 216 29 0.881
-0.0978 -6.0065 4.0434 43 205 43 0.826
5.9430 -2.2869 1.6240 18 225 18 0.925
5.3913 3.2698 1.9289 32 214 32 0.870
1.3192 -7.6975 3.4366 46 202 46 0.815
-2.0455 6.0671 3.2312 38 209 38 0.848
7.5965 2.8434 0.9912 40 207 40 0.837
2.6678 -6.5878 2.9204 10 231 10 0.958
-2.7432 5.6856 2.9155 26 218 26 0.892
-0.7137 6.3467 3.6940 18 225 18 0.925
-1.4692 -0.0141 3.4186 18 225 18 0.925
-0.7624 0.7583 3.6780 24 220 24 0.903
5.0679 4.7548 2.0112 46 202 46 0.815
-5.7855 2.6368 1.5789 24 220 24 0.903
-2.5585 -5.2341 2.9965 92 219 20 0.793
7.2635 7.9006 1.0265 105 215 20 0.760
-6.6861 -3.3819 1.3835 26 218 26 0.892
3.2383 6.4845 2.7846 26 218 26 0.892
1.4547 0.6917 3.3752 92 219 20 0.793
-6.2324 5.4127 1.5089 38 209 38 0.848
7.4026 -7.7988 1.0255 35 211 35 0.859
6.0883 -4.1669 1.5667 40 207 40 0.837
4.2563 3.2655 2.2945 29 216 29 0.881
0.7000 3.5830 3.7412 43 205 43 0.826
-5.2046 7.7052 1.9506 46 202 46 0.815
-5.5816 1.9596 1.7101 24 220 24 0.903
0.3292 -4.7284 3.8646 38 209 38 0.848
-2.7676 -7.1566 2.8083 21 222 21 0.914
7.0487 5.0283 1.2722 16 227 16 0.936
4.6259 -1.5829 2.1793 43 205 43 0.826
1.6845 4.5030 3.3028 24 220 24 0.903
-0.3610 2.0282 3.9175 26 218 26 0.892
3.8178 4.2980 2.4502 24 220 24 0.903
7.6080 -6.4019 0.9179 40 207 40 0.837
-2.3763 5.1176 3.1057 10 231 10 0.958
-7.7008 -0.9782 0.9041 38 209 38 0.848
-0.8213 6.7611 3.5922 18 225 18 0.925
2.2520 4.0256 3.1455 16 227 16 0.936
-3.8703 -7.1685 2.4466 38 209 38 0.848
-4.2137 0.2801 2.3274 26 218 26 0.892
-0.6467 -6.2678 3.7213 43 205 43 0.826
7.5513 3.8628 0.9636 38 209 38 0.848
-5.3456 5.6224 1.9094 13 229 13 0.947
-4.3824 0.9996 2.1926 21 222 21 0.914
6.4839 6.7164 1.3230 40 207 40 0.837
3.4210 -3.2799 2.6560 32 214 32 0.870
3.9454 4.2026 2.5275 32 214 32 0.870
-7.4987 0.4658 1.0270 43 205 43 0.826
-3.1775 -2.6482 2.8521 48 200 48 0.804
-5.1154 3.1193 2.0196 35 211 35 0.859
4.3913 -5.4072 2.2818 40 207 40 0.837
3.2332 -5.9389 2.7388 16 227 16 0.936
-1.0510 -5.2418 3.5868 43 205 43 0.826
-7.1020 5.0109 1.1311 35 211 35 0.859
4.5624 5.3017 2.1522 35 211 35 0.859
-3.0886 -0.9330 2.7601 26 218 26 0.892
-5.0686 -2.9082 1.9876 29 216 29 0.881
-4.6383 5.1769 2.2213 40 207 40 0.837
6.0697 2.2023 1.5387 29 216 29 0.881
5.5153 -0.1832 1.8177 18 225 18 0.925
-2.8466 -7.5128 2.8174 18 225 18 0.925
-6.7075 -7.0206 1.2982 32 214 32 0.870
6.3293 3.6544 1.5191 43 205 43 0.826
2.0894 -3.1637 3.2141 24 220 24 0.903
-5.2613 -2.6039 1.8312 24 220 24 0.903
4.2205 -3.8057 2.2509 21 222 21 0.914
7.1123 4.7889 1.2033 43 205 43 0.826
-1.5696 -0.9182 3.4097 13 229 13 0.947
-4.6984 -5.1533 2.1816 21 222 21 0.914
6.6435 -2.5676 1.3166 38 209 38 0.848
2.0394 -3.8432 3.2238 40 207 40 0.837
4.9716 -1.6317 2.0365 96 218 20 0.782
2.4758 0.8932 2.9704 43 205 43 0.826
-6.7625 5.9380 1.2572 40 207 40 0.837
0.2777 -5.0704 3.9232 35 211 35 0.859
3.8889 4.2028 2.3383 16 227 16 0.936
-5.7775 1.0393 1.6745 16 227 16 0.936
2.2129 -6.8373 3.0895 38 209 38 0.848
-0.5926 4.6869 3.8045 43 205 43 0.826
-5.2237 5.6681 1.9412 13 229 13 0.947
4.2507 -3.4669 2.3124 21 222 21 0.914
-6.2108 -2.6396 1.5326 18 225 18 0.925
4.5372 -6.9226 2.1574 21 222 21 0.914
3.8868 1.2145 2.5029 18 225 18 0.925
-2.3254 5.8445 2.9927 43 205 43 0.826
-5.7411 6.4121 1.7134 24 220 24 0.903
3.4114 0.7239 2.5936 32 214 32 0.870
-0.8373 4.8060 3.6331 96 218 20 0.782
-3.1987 1.3184 2.7471 26 218 26 0.892
-2.9725 0.5091 2.7662 40 207 40 0.837
1.6492 -2.9114 3.2878 24 220 24 0.903
-1.9324 -0.8443 3.2460 38 209 38 0.848
3.7242 1.0534 2.5257 35 211 35 0.859
5.1096 -3.8376 1.9757 21 222 21 0.914
-5.0152 -4.0439 1.9943 40 207 40 0.837
1.2781 2.7469 3.5632 35 211 35 0.859
5.6892 2.4851 1.7378 29 216 29 0.881
0.2163 -1.5091 3.9252 24 220 24 0.903
-6.3397 -1.1919 1.5203 35 211 35 0.859
-6.0217 4.1094 1.5917 29 216 29 0.881
-3.2514 -3.7375 2.6876 26 218 26 0.892
0.0079 6.5232 4.0141 24 220 24 0.903
2.0747 6.2137 3.1555 40 207 40 0.837
-7.0172 6.2281 1.2507 32 214 32 0.870
7.3678 5.5253 1.0889 18 225 18 0.925
-2.2532 1.7355 3.1197 35 211 35 0.859
-4.9990 6.2191 2.0341 13 229 13 0.947
3.2664 6.4136 2.7343 21 222 21 0.914
-6.9928 -7.5392 1.1761 32 214 32 0.870
-3.2869 -0.4180 2.7167 48 200 48 0.804
3.6188 -7.2927 2.5235 26 218 26 0.892
1.3154 7.2618 3.5312 46 202 46 0.815
-4.5656 1.2810 2.2665 38 209 38 0.848
5.5833 5.3457 1.7365 16 227 16 0.936
3.3720 0.4678 2.6139 35 211 35 0.859
4.8374 0.8426 1.9774 18 225 18 0.925
3.7677 6.2164 2.4096 92 219 20 0.793
2.2427 7.5288 3.1009 38 209 38 0.848
3.5872 -1.6154 2.5085 96 218 20 0.782
1.2881 -1.8128 3.5318 10 231 10 0.958
-0.3803 7.0968 3.9185 32 214 32 0.870
-6.8998 4.8364 1.2492 46 202 46 0.815
6.6479 5.4272 1.3505 10 231 10 0.958
-2.9405 2.6659 2.8413 35 211 35 0.859
-4.8634 -4.7452 2.0088 18 225 18 0.925
-2.8875 1.3070 2.8330 18 225 18 0.925
-5.5890 0.3902 1.6685 18 225 18 0.925
-3.7630 -4.7307 2.5807 13 229 13 0.947
-1.7237 -7.6319 3.3831 32 214 32 0.870
0.3078 7.1985 3.8577 4 236 4 0.980
4.0497 1.1655 2.3443 16 227 16 0.936
-0.0452 4.3992 3.9643 7 233 7 0.969
2.3215 2.3698 3.0615 46 202 46 0.815
1.6996 -1.3125 3.2691 32 214 32 0.870
-0.4787 0.0545 3.7848 32 214 32 0.870
3.5367 1.6015 2.5085 16 227 16 0.936
7.1936 5.5443 1.1500 26 218 26 0.892
-3.7279 -4.5699 2.4548 7 233 7 0.969
-0.3171 -3.0306 3.8875 21 222 21 0.914
-5.7197 5.3867 1.6213 43 205 43 0.826
-3.0330 -7.9033 2.7626 32 214 32 0.870
-5.7974 6.6491 1.6272 38 209 38 0.848
2.6050 7.0135 2.9459 24 220 24 0.903
-3.0113 -6.5295 2.7562 32 214 32 0.870
-5.9733 -0.2331 1.6102 21 222 21 0.914
-6.6739 -4.0573 1.3779 38 209 38 0.848
5.5880 -0.1703 1.7541 24 220 24 0.903
-6.8905 3.0384 1.1942 26 218 26 0.892
-1.8942 5.3622 3.2919 24 220 24 0.903
1.5232 5.2360 3.4568 24 220 24 0.903
2.7951 0.7514 2.8309 18 225 18 0.925
-4.4191 -2.6652 2.2224 13 229 13 0.947
-6.8201 -6.6445 1.2094 13 229 13 0.947
-6.6450 -1.2012 1.2961 38 209 38 0.848
2.2912 0.5731 3.1254 29 216 29 0.881
1.9810 1.6694 3.2035 24 220 24 0.903
-6.1567 2.3918 1.5557 29 216 29 0.881
5.3770 -5.1986 1.8383 40 207 40 0.837
-5.2678 -2.0571 1.9145 40 207 40 0.837
5.5791 -0.5975 1.6601 26 218 26 0.892
-4.6696 6.7104 2.1251 40 207 40 0.837
3.2518 -5.4004 2.6735 35 211 35 0.859
2.0204 -0.4460 3.2720 48 200 48 0.804
-6.1232 -5.2404 1.4646 38 209 38 0.848
0.2815 3.9164 3.8733 32 214 32 0.870
5.4154 6.7337 1.7345 32 214 32 0.870
1.5252 2.2618 3.3085 92 219 20 0.793
-6.2354 5.5354 1.5647 48 200 48 0.804
-2.7263 -1.9168 2.8996 46 202 46 0.815
7.4720 -2.4422 0.9950 21 222 21 0.914
1.5314 6.8878 3.3290 32 214 32 0.870
1.5552 -3.0502 3.4219 10 231 10 0.958
-3.7961 7.1639 2.4968 40 207 40 0.837
0.6238 4.1304 3.6831 38 209 38 0.848
7.4682 -2.0349 1.0125 26 218 26 0.892
0.0091 -3.6647 4.0015 32 214 32 0.870
4.9127 -2.4687 2.0462 18 225 18 0.925
-1.9092 3.4595 3.2263 35 211 35 0.859
5.9981 -3.7833 1.5306 32 214 32 0.870
-3.0660 -3.2659 2.7834 26 218 26 0.892
-6.1535 -2.4266 1.4917 7 233 7 0.969
2.5691 -1.0323 2.9975 38 209 38 0.848
7.0676 6.4078 1.1005 21 222 21 0.914
-5.3679 2.4106 1.8408 26 218 26 0.892
-0.6770 -6.0745 3.7502 32 214 32 0.870
-2.6341 -7.6822 3.0066 35 211 35 0.859
7.5682 -5.4263 0.9828 4 236 4 0.980
6.8338 1.5964 1.2847 92 219 20 0.793
-5.8344 -6.2707 1.6151 46 202 46 0.815
5.7767 5.6941 1.7315 46 202 46 0.815
-3.2505 3.3403 2.7482 16 227 16 0.936
-5.9531 3.3521 1.6337 92 219 20 0.793
-1.4067 -7.7710 3.3960 46 202 46 0.815
-6.5063 7.6463 1.4316 92 219 20 0.793
-4.2038 -5.5227 2.2865 21 222 21 0.914
2.0079 -2.4512 3.1946 32 214 32 0.870
0.5309 3.0243 3.8122 24 220 24 0.903
6.9238 3.0772 1.2662 48 200 48 0.804
-4.2400 -1.8090 2.3123 40 207 40 0.837
-5.3297 -0.8132 1.7861 35 211 35 0.859
1.8844 -5.3428 3.1603 35 211 35 0.859
-0.8184 -2.6636 3.6244 26 218 26 0.892
-7.5764 -0.8692 0.9979 29 216 29 0.881
-7.7705 -4.3963 0.9327 24 220 24 0.903
4.0068 -7.5167 2.4274 40 207 40 0.837
5.5433 0.4777 1.7966 24 220 24 0.903
4.5794 4.1297 2.0947 38 209 38 0.848
-2.6676 -3.1519 2.8620 29 216 29 0.881
2.6087 0.5292 2.8865 43 205 43 0.826
1.4108 4.1270 3.5070 21 222 21 0.914
-1.8677 -1.4188 3.2751 38 209 38 0.848
-7.6949 4.3063 0.9364 10 231 10 0.958
1.9269 -7.4731 3.1443 26 218 26 0.892
-7.2883 4.1751 1.0786 24 220 24 0.903
4.3617 -7.5258 2.3112 43 205 43 0.826
2.1922 -2.3900 3.1228 32 214 32 0.870
-0.7868 -0.5904 3.6554 96 218 20 0.782
-2.3654 -1.8652 3.0539 38 209 38 0.848
-5.2614 -6.2400 1.9568 46 202 46 0.815
5.2248 3.0809 1.8593 29 216 29 0.881
-3.0552 -1.1234 2.7902 35 211 35 0.859
7.3819 -4.7294 1.0577 29 216 29 0.881
-7.7742 -3.1680 0.8288 40 207 40 0.837
1.2863 -1.0489 3.4907 18 225 18 0.925
4.3924 3.7302 2.2136 16 227 16 0.936
6.0233 -2.0701 1.5441 38 209 38 0.848
-6.4611 -1.2739 1.5115 38 209 38 0.848
0.7096 0.0166 3.8233 35 211 35 0.859
0.7263 -5.6788 3.6554 26 218 26 0.892
-2.2231 3.7540 3.1485 35 211 35 0.859
-1.5495 -0.1355 3.3868 21 222 21 0.914
-4.4735 -2.1203 2.2393 43 205 43 0.826
2.9167 -1.6334 2.7947 32 214 32 0.870
-5.9660 -5.0004 1.5943 18 225 18 0.925
-0.0330 -2.3757 4.0725 92 219 20 0.793
-0.9241 0.3095 3.6672 21 222 21 0.914
4.5473 -4.6321 2.2193 32 214 32 0.870
-1.0422 2.0070 3.4780 29 216 29 0.881
-1.7934 -2.2510 3.2633 48 200 48 0.804
-5.6296 1.1233 1.7419 38 209 38 0.848
1.0361 -6.9565 3.6567 38 209 38 0.848
6.7399 1.8027 1.3302 40 207 40 0.837
3.6382 -2.3425 2.5919 40 207 40 0.837
4.5537 -2.4672 2.1436 21 222 21 0.914
0.0809 -2.7226 3.9731 24 220 24 0.903
-4.9073 6.3109 1.9978 16 227 16 0.936
-5.1569 -2.7301 2.0200 29 216 29 0.881
-1.6131 5.7147 3.3947 32 214 32 0.870
7.9272 4.3493 0.9149 29 216 29 0.881
5.5323 -3.0278 1.7878 32 214 32 0.870
1.1387 4.3231 3.5180 10 231 10 0.958
4.2352 -4.3118 2.3084 26 218 26 0.892
7.0254 -3.3248 1.1679 46 202 46 0.815
4.6881 -0.8048 2.0809 21 222 21 0.914
-5.6152 2.3106 1.7559 24 220 24 0.903
4.2364 2.1900 2.2236 40 207 40 0.837
1.9666 7.1410 3.2217 4 236 4 0.980
-5.5673 -2.5643 1.8084 24 220 24 0.903
-4.9584 6.1015 2.0619 4 236 4 0.980
4.8373 5.6067 2.0660 4 236 4 0.980
6.7945 0.1679 1.3530 18 225 18 0.925
0.8354 7.6738 3.7182 32 214 32 0.870
-3.1079 3.7070 2.7441 35 211 35 0.859
-6.0500 -6.3399 1.5920 21 222 21 0.914
5.4671 6.2771 1.8724 32 214 32 0.870
6.8653 -0.3349 1.2373 29 216 29 0.881
-2.3709 0.8302 2.9847 46 202 46 0.815
-5.3793 -5.1158 1.9335 18 225 18 0.925
3.8825 0.5195 2.4192 32 214 32 0.870
4.4915 4.3605 2.2177 26 218 26 0.892
6.9317 4.9080 1.2061 21 222 21 0.914
1.0417 -4.3831 3.6065 46 202 46 0.815
-5.6802 -5.0253 1.7321 7 233 7 0.969
-4.0129 -4.9902 2.4175 24 220 24 0.903
-6.9044 -6.9988 1.2331 18 225 18 0.925
-3.7927 -4.1670 2.4982 10 231 10 0.958
6.8423 -0.1146 1.2833 18 225 18 0.925
-2.8645 -6.5030 2.8495 32 214 32 0.870
-7.2186 2.6654 1.0262 35 211 35 0.859
-2.7116 -4.7564 2.9236 38 209 38 0.848
7.3645 -4.2999 1.0930 43 205 43 0.826
5.5403 1.4061 1.8035 40 207 40 0.837
7.1178 -3.6644 1.0912 21 222 21 0.914
-0.9971 3.0219 3.5880 10 231 10 0.958
-4.6742 6.4709 2.1891 24 220 24 0.903
-4.4024 5.9286 2.1788 16 227 16 0.936
5.3825 -4.3070 1.8339 21 222 21 0.914
3.5251 1.1421 2.5744 21 222 21 0.914
6.5176 -1.2365 1.4314 18 225 18 0.925
-2.1938 6.8700 3.1434 100 217 20 0.771
-7.4217 -2.9959 1.0536 48 200 48 0.804
-2.3309 -3.2364 3.1238 13 229 13 0.947
3.5828 -6.5152 2.5071 29 216 29 0.881
-3.5197 -2.0076 2.5914 24 220 24 0.903
-1.7622 -4.2298 3.2796 100 217 20 0.771
7.3768 -1.8765 1.0243 21 222 21 0.914
5.9894 3.0363 1.6432 48 200 48 0.804
3.1649 -4.8566 2.7552 32 214 32 0.870
-0.2329 7.1527 3.9448 21 222 21 0.914
7.2021 2.4120 1.1512 38 209 38 0.848
5.8388 -6.7807 1.6749 29 216 29 0.881
-1.0827 2.4852 3.5556 29 216 29 0.881
-5.5944 -3.5993 1.7343 32 214 32 0.870
3.8117 -1.8094 2.4503 105 215 20 0.760
2.7546 -6.6321 2.8984 4 236 4 0.980
-3.6956 7.6198 2.5660 43 205 43 0.826
-5.6597 -5.7069 1.6819 92 219 20 0.793
-5.4099 4.3705 1.8626 38 209 38 0.848
-1.5621 -2.1339 3.3899 96 218 20 0.782
-4.0687 -4.8151 2.4076 18 225 18 0.925
1.1525 -3.9434 3.4472 43 205 43 0.826
-7.5328 -0.9001 0.9936 32 214 32 0.870
5.8402 6.4714 1.7300 32 214 32 0.870
4.7233 2.3065 2.0589 16 227 16 0.936
-3.0658 4.8420 2.7167 43 205 43 0.826
7.3809 0.2729 1.0615 18 225 18 0.925
-5.7556 -2.9498 1.7987 48 200 48 0.804
1.0545 -3.7433 3.5992 32 214 32 0.870
1.4677 6.0094 3.3586 26 218 26 0.892
1.1068 -7.1174 3.5266 29 216 29 0.881
5.5042 6.8300 1.8050 24 220 24 0.903
4.5175 -2.1427 2.1722 16 227 16 0.936
-4.9355 -5.7679 2.0771 40 207 40 0.837
-3.6782 -7.5884 2.5057 35 211 35 0.859
-2.5964 4.9927 2.9002 24 220 24 0.903
5.8108 -0.7785 1.6735 24 220 24 0.903
5.2980 -0.9930 1.8420 38 209 38 0.848
-1.8714 -2.2147 3.2213 100 217 20 0.771
-0.8065 0.3109 3.7509 26 218 26 0.892
0.9728 -7.9342 3.6423 109 214 20 0.749
-7.1783 0.4482 1.0305 100 217 20 0.771
7.9430 4.1796 0.9465 40 207 40 0.837
-3.5845 6.8531 2.6436 26 218 26 0.892
-7.4349 -3.3648 0.9283 38 209 38 0.848
4.5599 2.2174 2.1632 24 220 24 0.903
4.6667 5.2032 2.0967 32 214 32 0.870
6.7683 7.6925 1.3458 48 200 48 0.804
5.8090 -1.7526 1.6901 24 220 24 0.903
-0.1764 -6.4922 3.9820 24 220 24 0.903
1.4194 4.3780 3.3775 13 229 13 0.947
2.3008 0.6865 3.0490 29 216 29 0.881
-7.0034 -7.3714 1.1066 26 218 26 0.892
1.7198 -1.7053 3.3679 21 222 21 0.914
1.6797 -6.6492 3.2428 26 218 26 0.892
-7.4105 -4.2854 1.0565 24 220 24 0.903
2.8978 -1.6711 2.8681 35 211 35 0.859
1.4618 4.8121 3.4658 100 217 20 0.771
3.9286 -3.2225 2.4866 18 225 18 0.925
-6.8255 7.7207 1.2859 35 211 35 0.859
-0.2437 0.1775 3.8634 35 211 35 0.859
7.4428 -1.1191 0.9777 29 216 29 0.881
1.2042 -1.7785 3.5355 4 236 4 0.980
-7.3850 3.9851 1.0599 16 227 16 0.936
5.4421 -7.3733 1.8294 16 227 16 0.936
-5.1135 3.8797 1.9747 96 218 20 0.782
-6.9976 -7.6090 1.1896 35 211 35 0.859
-3.1444 1.8035 2.8004 35 211 35 0.859
-0.6819 -4.8854 3.6823 32 214 32 0.870
-1.4645 -7.0598 3.3721 48 200 48 0.804
5.7194 7.5561 1.6988 18 225 18 0.925
3.4208 -2.4440 2.6302 32 214 32 0.870
0.4722 -5.9272 3.8614 43 205 43 0.826
3.5075 3.3892 2.6665 29 216 29 0.881
1.8464 0.8345 3.1949 38 209 38 0.848
-7.0540 5.9749 1.1533 40 207 40 0.837
0.9108 -4.7604 3.6884 96 218 20 0.782
5.7615 7.3473 1.6906 26 218 26 0.892
-6.4865 -6.9242 1.3390 35 211 35 0.859
-0.3039 7.7245 3.9678 43 205 43 0.826
-0.0481 -3.7238 4.0336 29 216 29 0.881
-7.8015 -3.6602 0.8260 29 216 29 0.881
-6.2006 6.8073 1.5201 40 207 40 0.837
-0.2797 4.8653 3.9282 13 229 13 0.947
7.3355 -0.2277 1.1522 24 220 24 0.903
-4.2928 4.9775 2.2451 35 211 35 0.859
-0.2242 7.8255 3.8927 43 205 43 0.826
-0.4175 3.4054 3.8491 35 211 35 0.859
1.6449 5.1216 3.3275 35 211 35 0.859
-2.9083 4.3441 2.8489 38 209 38 0.848
-4.3440 -7.5756 2.2547 10 231 10 0.958
7.2572 4.6940 1.1185 40 207 40 0.837
-0.4688 3.3814 3.7447 46 202 46 0.815
0.5917 6.4851 3.8077 46 202 46 0.815
-5.2602 4.0388 1.8678 46 202 46 0.815
-0.8659 0.1842 3.6709 13 229 13 0.947
-2.8287 0.2921 2.8385 38 209 38 0.848
-1.9531 -7.8212 3.2363 100 217 20 0.771
5.0888 0.4801 1.8968 96 218 20 0.782
5.0021 -2.7411 2.0137 35 211 35 0.859
6.2230 -4.2874 1.5186 46 202 46 0.815
5.4789 2.1820 1.8177 18 225 18 0.925
-0.5539 -4.0028 3.7799 29 216 29 0.881
3.9875 -0.4531 2.2841 29 216 29 0.881
5.7110 -0.4964 1.7046 21 222 21 0.914
-6.4559 -6.0978 1.4832 46 202 46 0.815
2.7509 -4.6815 2.8684 21 222 21 0.914
6.2329 5.3407 1.6428 18 225 18 0.925
3.6912 -2.5614 2.5356 38 209 38 0.848
2.7379 -7.0128 2.9463 35 211 35 0.859
4.8050 -4.3573 2.0979 29 216 29 0.881
3.4298 6.9064 2.6221 38 209 38 0.848
-4.1968 -2.5226 2.2180 32 214 32 0.870
2.3244 0.5401 3.0480 16 227 16 0.936
1.8086 -6.8209 3.3206 18 225 18 0.925
-6.5716 -4.1752 1.4313 32 214 32 0.870
6.1191 -2.8526 1.5301 35 211 35 0.859
4.8791 -0.0513 2.0794 48 200 48 0.804
6.7100 -7.9267 1.2722 92 219 20 0.793
7.1395 -6.0332 1.1271 43 205 43 0.826
1.2430 3.8270 3.4811 38 209 38 0.848
6.2613 -6.4025 1.5149 4 236 4 0.980
-2.9882 -6.4267 2.8293 35 211 35 0.859
-6.6419 2.1029 1.2958 46 202 46 0.815
5.4204 -3.8139 1.8258 38 209 38 0.848
-0.2644 -6.6949 3.8959 35 211 35 0.859
-0.8203 1.2555 3.7010 48 200 48 0.804
5.2190 -6.1100 1.8829 4 236 4 0.980
6.3878 -5.9799 1.4128 21 222 21 0.914
7.3624 -5.9009 1.1343 43 205 43 0.826
3.8635 -3.3007 2.4871 4 236 4 0.980
3.9873 -0.4942 2.3883 18 225 18 0.925
5.7593 0.9374 1.6779 21 222 21 0.914
3.6389 -4.7727 2.5436 7 233 7 0.969
-3.8133 7.7806 2.3966 26 218 26 0.892
2.8649 -0.7639 2.8080 26 218 26 0.892
6.5533 6.5302 1.3269 32 214 32 0.870
-0.9119 -2.7360 3.6249 32 214 32 0.870
1.8528 -4.1395 3.2273 24 220 24 0.903
-7.7023 -3.3508 0.8976 38 209 38 0.848
-2.7273 -3.2797 2.9924 29 216 29 0.881
-7.5795 5.2598 0.9241 35 211 35 0.859
-3.9486 -4.6847 2.3634 4 236 4 0.980
1.6207 -4.4652 3.3464 26 218 26 0.892
4.4096 1.6722 2.2189 35 211 35 0.859
-2.8209 -0.4701 2.8545 32 214 32 0.870
4.5113 0.7020 2.3193 29 216 29 0.881
-1.3539 6.8555 3.4815 35 211 35 0.859
-1.3153 -5.3213 3.5548 43 205 43 0.826
7.3935 0.6209 0.9835 38 209 38 0.848
-3.0545 6.2243 2.8521 18 225 18 0.925
-2.3369 4.4743 3.1141 32 214 32 0.870
-6.3517 1.4552 1.4061 35 211 35 0.859
3.7346 2.3026 2.5266 29 216 29 0.881
-7.4628 -6.0109 1.0176 21 222 21 0.914
-3.9019 -3.5639 2.4334 13 229 13 0.947
4.2331 -6.2254 2.2939 24 220 24 0.903
4.3484 -6.2359 2.1156 32 214 32 0.870
-4.2829 3.3759 2.2997 38 209 38 0.848
-5.0823 -1.5057 1.9809 18 225 18 0.925
-3.6782 1.0884 2.5797 29 216 29 0.881
-4.1973 4.5504 2.3245 38 209 38 0.848
-4.7023 3.0610 2.1911 26 218 26 0.892
-5.6906 2.1602 1.7919 29 216 29 0.881
5.4905 -2.7744 1.8381 38 209 38 0.848
-1.5015 -6.7708 3.4297 43 205 43 0.826
-0.5962 -3.3949 3.7943 32 214 32 0.870
-3.7518 1.1579 2.5130 24 220 24 0.903
-5.7767 4.1998 1.7095 18 225 18 0.925
-4.4696 -6.4038 2.1579 29 216 29 0.881
0.3459 -7.6586 3.8230 92 219 20 0.793
7.7052 -3.2599 0.8633 46 202 46 0.815
-2.9443 1.5068 2.8076 16 227 16 0.936
7.7788 3.0886 0.8987 92 219 20 0.793
-5.0212 4.1323 2.0218 46 202 46 0.815
5.7469 -4.8325 1.7030 43 205 43 0.826
-0.7402 -1.3122 3.6562 21 222 21 0.914
1.5746 -5.4716 3.3438 13 229 13 0.947
7.4034 -6.9862 1.0501 38 209 38 0.848
-7.9867 -3.0334 0.8350 43 205 43 0.826
3.0232 0.9007 2.7054 18 225 18 0.925
-2.5826 7.2752 3.0353 26 218 26 0.892
-1.7587 -4.1393 3.3428 100 217 20 0.771
2.1267 4.7236 3.2030 4 236 4 0.980
-0.5924 -1.8469 3.7392 16 227 16 0.936
3.6762 -4.5683 2.5180 7 233 7 0.969
0.9369 6.9168 3.6629 43 205 43 0.826
4.9528 -1.1052 1.9554 18 225 18 0.925
3.7871 0.6982 2.4374 38 209 38 0.848
4.7757 7.6184 2.1085 21 222 21 0.914
-5.1854 5.5635 1.9169 32 214 32 0.870
-0.5226 -4.5005 3.7454 24 220 24 0.903
5.1056 -6.4782 1.9535 21 222 21 0.914
0.9008 6.4990 3.6413 32 214 32 0.870
2.3576 -6.7732 3.0905 40 207 40 0.837
-0.5021 1.3472 3.8618 32 214 32 0.870
-7.7935 -7.1582 0.9387 32 214 32 0.870
-4.4352 5.7410 2.3042 35 211 35 0.859
0.4509 7.1261 3.8715 18 225 18 0.925
6.0338 3.6258 1.6396 43 205 43 0.826
-7.2094 7.2930 1.1920 26 218 26 0.892
-4.0075 -7.5598 2.3780 26 218 26 0.892
-5.8993 -1.8417 1.5994 29 216 29 0.881
-4.3719 -2.7013 2.1878 13 229 13 0.947
-6.0604 1.5568 1.4626 32 214 32 0.870
-4.2798 -7.8166 2.2581 29 216 29 0.881
-5.2716 -3.2182 1.8772 29 216 29 0.881
2.4528 2.1154 3.0084 24 220 24 0.903
7.3350 -2.3220 1.0928 18 225 18 0.925
-0.9787 2.0675 3.7153 26 218 26 0.892
-7.8892 3.7616 0.8567 92 219 20 0.793
-0.6201 5.9369 3.7339 35 211 35 0.859
4.7926 -3.2658 2.1186 43 205 43 0.826
-4.3743 -2.1837 2.1907 35 211 35 0.859
-4.3319 5.9434 2.3326 18 225 18 0.925
3.2961 -4.1844 2.6044 38 209 38 0.848
5.4393 0.6574 1.8552 32 214 32 0.870
6.6412 -2.8454 1.3359 35 211 35 0.859
1.3059 7.1978 3.4269 43 205 43 0.826
-1.9702 5.5352 3.1791 29 216 29 0.881
-1.3608 7.5176 3.4767 16 227 16 0.936
-5.0839 5.9976 1.9585 4 236 4 0.980
-2.3853 5.3209 3.0276 16 227 16 0.936
7.0116 1.4668 1.2214 46 202 46 0.815
-2.2316 5.2682 3.1012 16 227 16 0.936
-2.2980 -3.3648 3.0714 26 218 26 0.892
-4.4632 1.0224 2.1710 24 220 24 0.903
-5.1518 5.9582 2.0196 4 236 4 0.980
-4.5637 -2.8275 2.2884 24 220 24 0.903
0.0098 4.8567 3.9863 16 227 16 0.936
-0.0539 3.1689 4.0414 29 216 29 0.881
3.0228 -2.2333 2.8707 38 209 38 0.848
5.4633 -7.1901 1.8305 18 225 18 0.925
-1.4036 -1.4870 3.4615 43 205 43 0.826
-1.4110 7.0659 3.4081 38 209 38 0.848
-5.5517 -2.6444 1.7552 24 220 24 0.903
3.3790 -3.7418 2.6089 32 214 32 0.870
2.1471 6.7458 3.1495 10 231 10 0.958
4.9910 5.2553 1.9413 32 214 32 0.870
2.4386 4.0922 3.1038 26 218 26 0.892
-3.5362 5.2181 2.5694 92 219 20 0.793
4.5893 -4.8534 2.1307 29 216 29 0.881
5.8214 -7.2943 1.7886 43 205 43 0.826
-1.1402 -6.2659 3.5698 24 220 24 0.903
-0.3100 0.0256 3.9092 29 216 29 0.881
5.4697 -7.7225 1.9212 26 218 26 0.892
-2.8203 5.8041 2.7926 29 216 29 0.881
-2.5433 3.0520 2.8986 43 205 43 0.826
-1.2560 -4.9577 3.4793 29 216 29 0.881
3.6092 -1.7271 2.6420 46 202 46 0.815
-0.0169 -5.3610 3.9655 18 225 18 0.925
-1.2305 6.6290 3.6102 29 216 29 0.881
-3.2206 1.7184 2.7152 18 225 18 0.925
-2.4848 5.2749 3.0200 29 216 29 0.881
-1.2188 2.9537 3.5104 24 220 24 0.903
0.3727 2.6177 3.8502 10 231 10 0.958
7.9494 -3.9657 0.8895 38 209 38 0.848
-2.6556 -1.8264 2.9676 24 220 24 0.903
1.8844 5.9668 3.2745 96 218 20 0.782
-7.2295 1.2904 1.0664 16 227 16 0.936
-2.3972 4.1842 3.1132 35 211 35 0.859
-7.8412 2.7970 0.8857 100 217 20 0.771
-1.5877 3.2113 3.3926 35 211 35 0.859
3.3926 1.9535 2.5995 18 225 18 0.925
-1.0955 4.9519 3.5762 100 217 20 0.771
7.3995 -0.0317 1.0316 10 231 10 0.958
-7.0765 -7.2766 1.2595 24 220 24 0.903
-1.7671 -5.7974 3.1980 24 220 24 0.903
-3.7572 -6.1208 2.4815 48 200 48 0.804
-3.8508 -2.0570 2.4474 35 211 35 0.859
0.0537 6.0210 3.9770 24 220 24 0.903
-7.4448 -3.2242 1.1217 46 202 46 0.815
4.3138 1.7069 2.3369 21 222 21 0.914
0.4927 5.0059 3.8969 21 222 21 0.914
5.4843 -1.6427 1.7338 24 220 24 0.903
3.9103 3.2094 2.4359 16 227 16 0.936
0.2919 -7.4742 3.8201 40 207 40 0.837
-7.4824 -6.0112 0.9867 21 222 21 0.914
2.9430 1.2568 2.7288 40 207 40 0.837
-2.1462 1.0861 3.1518 43 205 43 0.826
3.9937 6.4091 2.4055 43 205 43 0.826
0.2203 4.6507 3.9142 29 216 29 0.881
-4.3922 -6.5246 2.2179 29 216 29 0.881
6.6391 -1.6561 1.2513 24 220 24 0.903
-5.1280 0.8343 1.9474 35 211 35 0.859
-5.8967 -0.1606 1.5285 26 218 26 0.892
6.9083 -1.9401 1.2110 40 207 40 0.837
6.7750 1.9228 1.3339 38 209 38 0.848
-2.7647 7.7823 2.9119 38 209 38 0.848
-5.7286 4.2812 1.6809 18 225 18 0.925
-1.2087 -3.4290 3.4991 18 225 18 0.925
-0.0584 2.8376 3.9761 26 218 26 0.892
-5.1341 5.5072 1.9633 35 211 35 0.859
-7.0324 2.2138 1.2060 38 209 38 0.848
-2.9130 -5.1158 2.8165 46 202 46 0.815
5.3001 -6.3382 1.7776 4 236 4 0.980
-0.0935 5.8125 3.9616 29 216 29 0.881
1.2877 0.1582 3.4426 29 216 29 0.881
6.8933 -1.5101 1.2381 43 205 43 0.826
-4.7860 7.6321 2.0049 100 217 20 0.771
-4.8228 3.3120 2.0826 24 220 24 0.903
5.4932 2.3920 1.8288 26 218 26 0.892
-1.9262 -6.3130 3.3069 38 209 38 0.848
-2.6611 2.6725 2.9038 38 209 38 0.848
-2.9577 -2.5132 2.8490 38 209 38 0.848
2.2107 -7.3436 3.0779 26 218 26 0.892
5.0636 -2.7475 1.9763 38 209 38 0.848
5.9484 -4.8284 1.6621 35 211 35 0.859
-7.8275 -1.4901 0.8927 13 229 13 0.947
1.3624 0.0880 3.4835 32 214 32 0.870
-3.6819 3.5066 2.5455 24 220 24 0.903
3.3377 -1.7306 2.6259 21 222 21 0.914
1.9880 2.5569 3.2225 38 209 38 0.848
-1.7691 -4.9726 3.2894 40 207 40 0.837
2.7594 6.2671 2.9519 46 202 46 0.815
-5.3899 -4.9514 1.8307 10 231 10 0.958
1.9661 4.6068 3.2105 13 229 13 0.947
-1.0823 2.3298 3.5900 13 229 13 0.947
-4.7314 7.3644 2.0846 40 207 40 0.837
-0.6586 -7.5568 3.7439 32 214 32 0.870
2.2820 0.6955 3.1296 35 211 35 0.859
-3.2902 5.8672 2.6738 7 233 7 0.969
-4.3720 -1.2811 2.2197 29 216 29 0.881
1.6125 -2.3634 3.3880 29 216 29 0.881
-6.4133 4.9795 1.4387 38 209 38 0.848
4.7038 6.9429 2.1535 21 222 21 0.914
3.2190 3.7813 2.7413 46 202 46 0.815
-6.3897 5.6741 1.3745 21 222 21 0.914
2.0430 -3.6137 3.1918 48 200 48 0.804
7.7063 7.1569 0.9827 24 220 24 0.903
0.5529 -4.6952 3.7404 46 202 46 0.815
5.7135 -3.7447 1.6502 29 216 29 0.881
0.3292 -0.8647 3.8997 21 222 21 0.914
1.9101 -0.7235 3.1578 32 214 32 0.870
2.0508 4.3019 3.2079 21 222 21 0.914
1.4759 -4.6427 3.4718 40 207 40 0.837
-0.3703 3.4543 3.8625 35 211 35 0.859
-6.9550 5.2654 1.2145 32 214 32 0.870
-6.8691 -2.3223 1.1879 40 207 40 0.837
5.5137 7.0634 1.8617 35 211 35 0.859
0.9814 5.9717 3.6938 40 207 40 0.837
5.3306 -4.0836 1.8216 29 216 29 0.881
-3.3262 -2.0065 2.6600 24 220 24 0.903
-4.9569 5.0487 2.0459 35 211 35 0.859
6.0711 0.3649 1.6627 40 207 40 0.837
-2.9314 -7.6875 2.8634 7 233 7 0.969
-3.0921 3.3945 2.7268 18 225 18 0.925
2.7973 -7.3269 2.8239 29 216 29 0.881
0.9540 -5.9108 3.5670 32 214 32 0.870
-0.7121 5.4239 3.7879 48 200 48 0.804
3.8397 -4.3691 2.4392 18 225 18 0.925
-7.1773 -5.4520 1.1285 40 207 40 0.837
-1.3866 4.3940 3.5050 48 200 48 0.804
1.9740 -7.8348 3.2504 113 213 20 0.738
3.1858 0.9222 2.7695 24 220 24 0.903
1.0791 4.0427 3.5169 26 218 26 0.892
6.9697 -3.8559 1.2259 35 211 35 0.859
-5.2247 -7.6365 1.9562 32 214 32 0.870
7.8950 0.5052 0.8156 117 212 20 0.727
3.7441 7.7164 2.4617 46 202 46 0.815
-6.4901 4.0277 1.3747 43 205 43 0.826
6.7080 -2.6114 1.3279 32 214 32 0.870
5.5942 3.5095 1.7619 35 211 35 0.859
4.4536 -6.3084 2.2899 21 222 21 0.914
-6.6824 -5.0204 1.2748 48 200 48 0.804
1.8334 5.4905 3.3231 100 217 20 0.771
7.7079 5.8216 0.9427 24 220 24 0.903
-6.9216 -0.3427 1.1827 38 209 38 0.848
4.0993 6.9883 2.3075 24 220 24 0.903
2.2404 1.7059 3.0196 24 220 24 0.903
5.1381 -0.4467 1.8812 35 211 35 0.859
5.2210 -4.8814 1.8293 29 216 29 0.881
-5.1487 -6.6503 1.9907 26 218 26 0.892
4.7691 -4.4246 2.1048 26 218 26 0.892
-5.1936 -1.6930 1.9005 24 220 24 0.903
-4.2727 1.2146 2.2659 21 222 21 0.914
-1.6965 -5.4877 3.3262 38 209 38 0.848
-7.5662 2.0866 0.9408 46 202 46 0.815
-5.1760 -3.5478 2.0156 92 219 20 0.793
-1.5601 0.3152 3.3926 38 209 38 0.848
6.8128 -5.9954 1.3690 24 220 24 0.903
0.3516 1.7105 3.9415 40 207 40 0.837
-1.2638 7.7506 3.4084 26 218 26 0.892
2.5859 -3.1593 2.9764 13 229 13 0.947
1.7600 -1.6484 3.3223 18 225 18 0.925
-3.9481 -0.7095 2.4127 16 227 16 0.936
-6.4926 1.3298 1.5075 35 211 35 0.859
-4.0893 2.6839 2.3630 24 220 24 0.903
-6.1299 0.6653 1.5935 10 231 10 0.958
5.4037 -4.0246 1.8107 24 220 24 0.903
-5.9390 4.9095 1.6083 29 216 29 0.881
-6.2249 2.6955 1.5939 7 233 7 0.969
3.8827 4.2720 2.4621 24 220 24 0.903
-7.5544 5.7879 0.9300 46 202 46 0.815
7.0744 -1.9082 1.2263 38 209 38 0.848
2.9893 -5.6457 2.8012 26 218 26 0.892
0.6367 -7.1473 3.7717 43 205 43 0.826
7.7564 -5.2206 0.8908 10 231 10 0.958
-1.7723 -0.3142 3.3174 38 209 38 0.848
-1.7965 1.3640 3.3458 43 205 43 0.826
5.6041 -3.1843 1.7844 43 205 43 0.826
7.5354 5.0840 0.9519 4 236 4 0.980
6.5910 0.1657 1.4694 38 209 38 0.848
-4.0380 -2.1644 2.3387 38 209 38 0.848
4.8798 -6.8212 2.1401 38 209 38 0.848
7.1554 -1.6979 1.0742 26 218 26 0.892
-2.0321 6.1455 3.1568 32 214 32 0.870
-4.8988 -5.3989 2.0272 24 220 24 0.903
-0.9167 0.6691 3.6019 21 222 21 0.914
-3.8095 -0.1437 2.6160 21 222 21 0.914
4.0165 7.2037 2.4587 35 211 35 0.859
-3.9689 -0.9419 2.3567 13 229 13 0.947
2.4953 -3.2734 2.9547 18 225 18 0.925
-2.0307 6.7387 3.1651 38 209 38 0.848
-3.1342 -6.6544 2.7187 24 220 24 0.903
4.8108 -7.1084 2.0458 29 216 29 0.881
3.3789 -1.9971 2.6816 32 214 32 0.870
-6.0764 4.9791 1.5598 43 205 43 0.826
-1.6649 1.3049 3.3116 46 202 46 0.815
-0.2132 -3.8994 3.9097 32 214 32 0.870
-2.7510 4.5195 2.8822 35 211 35 0.859
1.8323 0.1613 3.2687 35 211 35 0.859
-3.3533 1.5923 2.6091 7 233 7 0.969
5.1880 7.1238 1.9651 32 214 32 0.870
-4.0558 7.0161 2.3564 35 211 35 0.859
0.8778 -6.5049 3.5519 100 217 20 0.771
6.6953 3.9987 1.2352 26 218 26 0.892
-4.0046 -4.7577 2.4537 13 229 13 0.947
1.7773 7.6058 3.2350 26 218 26 0.892
4.4892 7.3136 2.2314 29 216 29 0.881
2.2038 3.5416 3.0522 40 207 40 0.837
3.9211 -4.7993 2.4387 10 231 10 0.958
-0.0867 -2.9946 3.9480 10 231 10 0.958
6.4870 -4.0798 1.3169 96 218 20 0.782
-3.7132 -2.0538 2.5528 29 216 29 0.881
0.3618 -2.4143 3.9116 29 216 29 0.881
4.0763 -2.9716 2.4203 26 218 26 0.892
-0.8522 3.0144 3.6411 4 236 4 0.980
7.4723 6.4084 1.1069 35 211 35 0.859
-0.6588 -3.3708 3.6856 21 222 21 0.914
2.7551 -7.5306 2.9948 18 225 18 0.925
-2.8178 -0.3864 2.8648 40 207 40 0.837
-2.5085 7.9607 2.9188 43 205 43 0.826
-3.3026 -4.3329 2.7310 96 218 20 0.782
6.3062 -7.9242 1.4513 48 200 48 0.804
-3.7628 -4.1032 2.5282 16 227 16 0.936
-5.8378 4.7014 1.6726 29 216 29 0.881
-2.0119 4.8556 3.1971 46 202 46 0.815
-0.6217 6.9563 3.7021 29 216 29 0.881
-6.1276 -2.7278 1.6270 32 214 32 0.870
6.1883 -3.0250 1.5678 35 211 35 0.859
2.1461 3.8156 3.1016 26 218 26 0.892
-0.7722 7.4600 3.7275 26 218 26 0.892
-7.8373 -2.8044 0.8336 35 211 35 0.859
-6.6949 6.3623 1.4215 29 216 29 0.881
-5.5404 -2.6744 1.7812 21 222 21 0.914
7.1161 3.4123 1.1546 40 207 40 0.837
-5.6682 0.4141 1.6616 18 225 18 0.925
0.3836 -1.2712 3.9294 4 236 4 0.980
-4.4704 -7.8349 2.3297 46 202 46 0.815
-1.3357 -3.4456 3.4423 16 227 16 0.936
1.7177 -2.0756 3.2138 18 225 18 0.925
5.3053 4.9278 1.8776 32 214 32 0.870
-2.1601 -0.2015 3.0994 46 202 46 0.815
-6.0577 -6.2339 1.6481 35 211 35 0.859
6.2247 6.6898 1.5664 48 200 48 0.804
4.9648 2.5557 2.0230 13 229 13 0.947
7.4715 -1.7239 1.1359 29 216 29 0.881
3.3439 -0.2410 2.6101 38 209 38 0.848
-4.7269 -0.8806 2.1415 21 222 21 0.914
2.9156 -1.2880 2.8521 26 218 26 0.892
-1.0090 -1.6908 3.5079 35 211 35 0.859
-7.8177 -2.4661 0.8974 43 205 43 0.826
-6.6482 -2.0128 1.3240 48 200 48 0.804
-7.3002 -4.7810 1.1000 43 205 43 0.826
3.0927 -3.8782 2.7001 24 220 24 0.903
1.2184 -6.3617 3.5785 40 207 40 0.837
3.4249 6.1292 2.6153 43 205 43 0.826
-5.3200 7.5432 1.8968 21 222 21 0.914
-6.0915 0.6135 1.5695 10 231 10 0.958
-6.3252 -2.3021 1.4558 24 220 24 0.903
4.8496 -3.9589 2.1527 35 211 35 0.859
3.9815 7.4513 2.3929 40 207 40 0.837
-5.9051 -1.4075 1.5943 35 211 35 0.859
-6.8068 1.4174 1.1992 32 214 32 0.870
-2.1615 6.4461 3.2302 24 220 24 0.903
4.2686 -4.0524 2.3345 38 209 38 0.848
-5.6508 0.3222 1.6949 18 225 18 0.925
-0.2688 7.4393 3.8576 29 216 29 0.881
2.1700 0.6552 3.1474 29 216 29 0.881
7.1715 1.4806 1.1892 92 219 20 0.793
-2.6194 -7.7097 2.9590 43 205 43 0.826
3.9752 3.8744 2.4177 38 209 38 0.848
7.4571 5.0794 1.0606 13 229 13 0.947
-0.1127 5.9654 3.9054 29 216 29 0.881
-2.3975 -2.9385 3.0835 16 227 16 0.936
3.6286 1.6902 2.5017 10 231 10 0.958
-4.6556 0.9462 2.0943 24 220 24 0.903
5.5012 5.2406 1.7916 4 236 4 0.980
-7.5051 0.0683 1.0304 48 200 48 0.804
-6.1410 7.3002 1.5127 40 207 40 0.837
-2.9466 -2.4358 2.7709 29 216 29 0.881
-3.8267 -4.2522 2.5024 18 225 18 0.925
-4.0956 -6.6465 2.3964 35 211 35 0.859
0.4814 5.6807 3.7734 18 225 18 0.925
-3.9842 6.7785 2.3918 35 211 35 0.859
-0.3832 0.1031 3.9258 38 209 38 0.848
-4.0396 -5.8262 2.3945 43 205 43 0.826
-5.3584 0.9035 1.8030 35 211 35 0.859
2.9327 -0.8159 2.8134 26 218 26 0.892
7.5133 3.8683 0.9830 40 207 40 0.837
-0.7973 6.2177 3.6959 35 211 35 0.859
-5.5421 -1.9902 1.8234 24 220 24 0.903
5.7630 6.3135 1.6956 18 225 18 0.925
0.2343 1.7008 3.8878 46 202 46 0.815
7.3433 -4.0481 1.0494 32 214 32 0.870
-7.1443 4.9063 1.1988 38 209 38 0.848
5.3134 -5.3018 1.8942 32 214 32 0.870
1.2423 0.9269 3.4551 46 202 46 0.815
-5.3128 -7.0891 1.8717 13 229 13 0.947
-0.1856 -5.2230 4.0110 18 225 18 0.925
7.1353 4.1197 1.1363 43 205 43 0.826
4.9880 -6.7269 2.0025 13 229 13 0.947
6.0035 -3.1412 1.5454 26 218 26 0.892
2.9752 0.5317 2.8832 92 219 20 0.793
0.6213 4.5550 3.7729 35 211 35 0.859
7.0581 2.8383 1.1761 35 211 35 0.859
5.5027 1.9096 1.8196 16 227 16 0.936
-6.2116 -4.3501 1.5470 92 219 20 0.793
0.2228 -0.1329 3.9113 40 207 40 0.837
5.7000 1.7371 1.7143 18 225 18 0.925
-1.6127 3.8731 3.4192 38 209 38 0.848
7.7284 1.1216 0.8766 32 214 32 0.870
-0.4490 2.3602 3.7703 35 211 35 0.859
-2.1753 -6.5102 3.1483 48 200 48 0.804
-0.9787 7.8164 3.6161 38 209 38 0.848
5.4501 3.8857 1.8042 38 209 38 0.848
-5.6721 7.4152 1.8069 40 207 40 0.837
0.7522 -6.3517 3.7151 92 219 20 0.793
6.8383 7.0057 1.3067 48 200 48 0.804
-2.3148 -4.1900 2.9407 46 202 46 0.815
-2.5409 6.8560 3.0242 40 207 40 0.837
4.5173 4.1527 2.1547 38 209 38 0.848
-3.7314 6.1687 2.4986 21 222 21 0.914
3.4289 -1.4072 2.6466 43 205 43 0.826
-3.8256 -0.5087 2.4807 32 214 32 0.870
3.7561 5.1099 2.4709 26 218 26 0.892
-5.4495 1.9627 1.8310 32 214 32 0.870
-0.3403 -1.3405 3.8026 32 214 32 0.870
-2.7312 -0.9596 2.8569 32 214 32 0.870
3.5933 2.3609 2.5892 40 207 40 0.837
7.3797 -4.9522 1.0963 26 218 26 0.892
3.9723 4.2424 2.4310 10 231 10 0.958
-1.1320 -2.8185 3.6472 26 218 26 0.892
6.0140 -6.2405 1.6847 48 200 48 0.804
-3.2932 -7.0770 2.6630 29 216 29 0.881
1.3985 7.4521 3.4775 35 211 35 0.859
1.5535 -6.9989 3.3470 40 207 40 0.837
5.9998 5.2292 1.5882 10 231 10 0.958
7.3130 -7.2100 1.0657 38 209 38 0.848
-5.2310 -1.7042 1.9315 32 214 32 0.870
6.7902 5.6062 1.3748 18 225 18 0.925
1.7915 5.4190 3.2879 38 209 38 0.848
0.9030 5.0385 3.7013 96 218 20 0.782
-4.9690 -0.8575 2.0511 29 216 29 0.881
3.0351 -1.7035 2.8477 16 227 16 0.936
-6.5764 -0.8232 1.4500 46 202 46 0.815
-0.5301 -3.3686 3.8097 26 218 26 0.892
-6.9818 6.4123 1.2478 32 214 32 0.870
-1.7745 1.7826 3.2946 38 209 38 0.848
5.2111 3.2691 1.9645 35 211 35 0.859
-6.0625 1.3894 1.5425 35 211 35 0.859
-5.2700 -4.5658 1.9911 7 233 7 0.969
7.9680 -2.4510 0.8505 92 219 20 0.793
-3.5724 1.2885 2.6226 35 211 35 0.859
5.6916 0.9755 1.8066 29 216 29 0.881
-2.6286 2.6623 2.9359 40 207 40 0.837
4.3446 6.2132 2.2578 24 220 24 0.903
-4.5639 5.3356 2.0093 43 205 43 0.826
-0.1842 7.3628 3.9298 24 220 24 0.903
-3.7419 -5.2072 2.5430 32 214 32 0.870
0.8559 -1.8602 3.6260 21 222 21 0.914
-4.0829 7.8575 2.3482 35 211 35 0.859
4.8989 -3.7430 2.0569 21 222 21 0.914
7.6387 5.0547 0.9061 10 231 10 0.958
1.7366 -2.1699 3.2542 10 231 10 0.958
6.4031 -7.7004 1.4317 26 218 26 0.892
2.7628 -0.0559 2.8902 46 202 46 0.815
6.1863 4.4337 1.4884 92 219 20 0.793
0.4430 -2.4001 3.8792 26 218 26 0.892
-4.5905 0.9296 2.1598 18 225 18 0.925
3.8618 4.7067 2.4727 24 220 24 0.903
-4.9854 5.1607 2.0146 35 211 35 0.859
-0.0038 -0.3414 3.9845 29 216 29 0.881
-3.9345 4.1156 2.4081 24 220 24 0.903
0.2072 -3.8321 3.8906 21 222 21 0.914
6.1965 -6.0184 1.5352 40 207 40 0.837
-5.8881 0.5490 1.6929 4 236 4 0.980
-7.7871 -2.8780 0.8167 32 214 32 0.870
2.9193 -3.5182 2.8651 24 220 24 0.903
-5.9743 -6.7363 1.5969 18 225 18 0.925
-7.6103 -6.3168 0.8897 32 214 32 0.870
4.0933 -5.2067 2.4096 38 209 38 0.848
-5.0492 -6.4747 1.9813 35 211 35 0.859
-5.0030 1.8408 2.0011 46 202 46 0.815
6.7093 -1.7368 1.2616 29 216 29 0.881
-6.8618 -4.4448 1.2430 43 205 43 0.826
1.6089 5.3634 3.3292 26 218 26 0.892
-5.1527 0.8832 1.8743 38 209 38 0.848
-2.1915 -4.5326 3.1049 96 218 20 0.782
-1.0613 3.3570 3.5805 38 209 38 0.848
2.1177 6.8614 3.1062 4 236 4 0.980
-0.4675 -2.8271 3.8109 24 220 24 0.903
4.5044 -2.5797 2.1763 18 225 18 0.925
5.5311 -6.1622 1.7511 4 236 4 0.980
-2.0687 4.3564 3.1812 24 220 24 0.903
-5.2827 -4.9790 1.9357 4 236 4 0.980
3.8111 6.0352 2.4888 35 211 35 0.859
-2.3753 0.4276 3.0278 10 231 10 0.958
3.4579 -7.2995 2.6664 16 227 16 0.936
3.6832 2.8031 2.6492 43 205 43 0.826
4.0581 1.8224 2.3445 21 222 21 0.914
5.9188 -3.7412 1.5910 35 211 35 0.859
-4.1878 -6.3869 2.4280 18 225 18 0.925
3.7112 -2.8893 2.4649 24 220 24 0.903
0.4980 -1.6123 3.8305 21 222 21 0.914
3.4023 -0.3571 2.7059 38 209 38 0.848
6.9773 6.4938 1.2242 21 222 21 0.914
2.0693 -2.8811 3.2055 16 227 16 0.936
5.5313 -5.0504 1.7511 48 200 48 0.804
-7.4102 2.1214 1.1437 92 219 20 0.793
-3.0119 -7.5604 2.8831 16 227 16 0.936
2.4679 -3.5580 3.0907 32 214 32 0.870
4.8809 -7.2170 2.0098 40 207 40 0.837
3.4572 -2.5306 2.6347 21 222 21 0.914
4.2539 -0.4319 2.3508 21 222 21 0.914
6.1478 -3.9203 1.6027 40 207 40 0.837
-0.3253 6.1071 3.8942 40 207 40 0.837
-6.8554 -6.1326 1.1053 43 205 43 0.826
7.4139 -5.8120 0.9965 46 202 46 0.815
6.1816 0.8810 1.5722 43 205 43 0.826
1.1176 2.4964 3.6020 24 220 24 0.903
7.7180 -4.6198 0.8759 92 219 20 0.793
-5.9397 -1.0757 1.6854 21 222 21 0.914
0.7136 -6.5671 3.7295 100 217 20 0.771
2.9546 7.4725 2.7813 100 217 20 0.771
-3.4791 0.2876 2.5940 13 229 13 0.947
-1.9301 3.5385 3.2372 92 219 20 0.793
5.9899 -7.0277 1.6083 38 209 38 0.848
-1.4859 -7.4405 3.3913 26 218 26 0.892
-2.7874 -6.7972 2.8873 35 211 35 0.859
1.9626 1.0255 3.2184 43 205 43 0.826
7.8275 -4.6391 0.8708 100 217 20 0.771
-0.1607 -6.5867 3.9871 18 225 18 0.925
0.8959 -6.9661 3.6513 38 209 38 0.848
-3.8436 7.9512 2.4422 43 205 43 0.826
1.8652 3.8972 3.2381 32 214 32 0.870
-6.8968 3.2514 1.2509 7 233 7 0.969
7.0472 3.7699 1.1895 18 225 18 0.925
7.1196 2.8682 1.2071 38 209 38 0.848
4.7080 7.4822 2.1107 18 225 18 0.925
3.5441 -2.6376 2.6379 18 225 18 0.925
-2.4219 -4.6529 2.9740 38 209 38 0.848
7.4944 -2.5330 0.9574 26 218 26 0.892
-7.5920 3.0671 0.9844 40 207 40 0.837
5.6242 -4.1082 1.8356 32 214 32 0.870
-1.1779 -2.0033 3.4652 105 215 20 0.760
-6.8147 -1.4658 1.2833 38 209 38 0.848
4.0083 -5.7133 2.4205 24 220 24 0.903
2.9420 1.3544 2.7794 40 207 40 0.837
6.2921 -6.4588 1.4423 13 229 13 0.947
7.3967 -5.2482 1.0881 24 220 24 0.903
-3.3795 4.7620 2.5798 96 218 20 0.782
-6.3374 -4.4930 1.4782 96 218 20 0.782
0.7850 -3.7005 3.7485 18 225 18 0.925
1.5584 0.1853 3.4277 32 214 32 0.870
-3.9199 1.9332 2.4241 96 218 20 0.782
3.7617 1.8735 2.5701 26 218 26 0.892
3.8611 1.9743 2.3917 21 222 21 0.914
6.5345 -2.9764 1.3980 38 209 38 0.848
7.7682 1.9436 0.9157 32 214 32 0.870
-4.1733 -2.2243 2.4469 21 222 21 0.914
4.8945 6.4980 2.0309 21 222 21 0.914
1.0503 2.5414 3.5734 29 216 29 0.881
-1.1226 0.8571 3.4527 29 216 29 0.881
0.6102 -2.5850 3.7364 40 207 40 0.837
0.5862 -3.0626 3.8263 92 219 20 0.793
4.9948 7.5092 1.9126 26 218 26 0.892
4.3449 -0.7212 2.2261 26 218 26 0.892
-0.8892 6.0452 3.6387 92 219 20 0.793
-3.4700 6.7451 2.5704 29 216 29 0.881
1.7597 -4.4547 3.3518 26 218 26 0.892
1.8740 -4.8983 3.2006 35 211 35 0.859
4.5569 -7.3549 2.1879 43 205 43 0.826
4.0181 0.4344 2.3630 26 218 26 0.892
5.0195 6.4211 2.0301 38 209 38 0.848
-3.9648 5.1582 2.4839 46 202 46 0.815
3.3070 0.0576 2.7051 43 205 43 0.826
-6.9930 2.0579 1.2915 48 200 48 0.804
0.5061 -5.0925 3.7819 35 211 35 0.859
4.8650 -5.2404 2.0616 24 220 24 0.903
-3.8064 4.0216 2.4719 43 205 43 0.826
-1.5355 -7.2517 3.3317 29 216 29 0.881
-7.3307 -5.8888 1.0250 18 225 18 0.925
7.1689 -6.4696 1.2099 46 202 46 0.815
-3.8457 3.3889 2.5452 38 209 38 0.848
-3.7476 4.8745 2.5079 43 205 43 0.826
-4.7561 1.2377 2.0957 38 209 38 0.848
-1.9772 6.9751 3.2653 92 219 20 0.793
-2.7011 6.4524 2.9071 35 211 35 0.859
-7.7213 -1.6803 0.9013 7 233 7 0.969
-3.3965 -3.5978 2.6881 24 220 24 0.903
-1.7323 -6.3233 3.3172 21 222 21 0.914
-0.7329 -3.6594 3.7155 32 214 32 0.870
0.3814 7.6663 3.7859 29 216 29 0.881
2.1522 0.5840 3.1891 24 220 24 0.903
2.3874 -5.2892 3.0518 32 214 32 0.870
-5.5414 6.0525 1.7843 21 222 21 0.914
-1.7096 1.3255 3.2473 48 200 48 0.804
-2.2595 7.5782 2.9914 26 218 26 0.892
-3.4053 -2.8062 2.6795 38 209 38 0.848
5.4048 -4.5277 1.8542 21 222 21 0.914
7.5029 -3.4273 1.0590 32 214 32 0.870
-6.4117 -0.8968 1.3802 32 214 32 0.870
5.8455 -6.9093 1.7391 26 218 26 0.892
-0.7214 0.1477 3.6878 13 229 13 0.947
3.5991 -0.3065 2.5597 32 214 32 0.870
0.2025 -3.7662 3.9537 21 222 21 0.914
3.3537 0.4511 2.6664 35 211 35 0.859
-4.0282 -1.2849 2.3864 26 218 26 0.892
7.5517 7.1331 0.9718 21 222 21 0.914
5.7839 -7.6629 1.7372 21 222 21 0.914
-4.1756 -3.1965 2.2750 32 214 32 0.870
4.1566 5.6664 2.3469 26 218 26 0.892
-7.7302 2.7283 0.8412 96 218 20 0.782
6.6520 0.4169 1.4104 38 209 38 0.848
-0.8664 -3.6052 3.6226 26 218 26 0.892
7.7953 0.4460 0.8241 96 218 20 0.782
-6.4077 -2.5206 1.4726 10 231 10 0.958
-4.6841 7.2025 2.1538 40 207 40 0.837
-0.5080 5.2311 3.7995 16 227 16 0.936
-4.2950 -6.0595 2.2772 46 202 46 0.815
-0.9959 -3.5528 3.5055 40 207 40 0.837
5.5047 1.5157 1.7961 38 209 38 0.848
4.5460 2.0024 2.1567 40 207 40 0.837
-5.7077 2.4402 1.7276 21 222 21 0.914
1.3895 3.5704 3.4442 46 202 46 0.815
-6.6263 -0.9914 1.3068 29 216 29 0.881
5.2053 3.0007 1.8704 32 214 32 0.870
-7.5483 -6.9719 0.9771 4 236 4 0.980
-5.3361 3.1206 1.8723 96 218 20 0.782
-7.5100 4.0475 1.0573 4 236 4 0.980
-2.0082 5.2255 3.2151 21 222 21 0.914
-0.6532 6.7615 3.6630 26 218 26 0.892
-2.7465 1.4408 2.8263 21 222 21 0.914
2.6280 -6.1222 2.9545 13 229 13 0.947
-2.9487 3.0070 2.7699 29 216 29 0.881
3.2353 -1.3426 2.6347 43 205 43 0.826
-1.4728 -4.2083 3.3897 38 209 38 0.848
-7.4329 1.2551 0.9997 24 220 24 0.903
0.0463 4.0216 3.9283 29 216 29 0.881
-6.9498 1.4590 1.2551 40 207 40 0.837
-2.3980 4.1171 3.0668 38 209 38 0.848
-7.0774 -7.4786 1.1687 29 216 29 0.881
6.6860 2.5230 1.3218 16 227 16 0.936
7.2466 5.6614 1.0421 18 225 18 0.925
-4.1780 -0.7779 2.2975 10 231 10 0.958
-0.9667 3.2392 3.6772 29 216 29 0.881
-1.0518 3.0400 3.5390 7 233 7 0.969
-3.0192 7.2815 2.8019 29 216 29 0.881
5.7116 5.8001 1.7221 48 200 48 0.804
6.0114 6.7312 1.5745 26 218 26 0.892
0.2246 -1.8767 3.8843 92 219 20 0.793
2.8269 6.6072 2.8248 38 209 38 0.848
-6.3575 -3.0879 1.4814 21 222 21 0.914
6.5879 -5.0742 1.3758 4 236 4 0.980
3.8029 1.9392 2.5091 26 218 26 0.892
-1.1567 -0.0087 3.5120 32 214 32 0.870
-5.6172 -6.9294 1.8036 35 211 35 0.859
-7.7076 -7.7135 0.8936 38 209 38 0.848
0.8645 2.3880 3.6986 38 209 38 0.848
-7.2841 -1.7121 1.1319 92 219 20 0.793
2.1672 2.7304 3.1677 32 214 32 0.870
-6.8216 7.6043 1.1790 26 218 26 0.892
5.3091 -6.8335 1.9348 4 236 4 0.980
-1.7599 3.6617 3.3045 32 214 32 0.870
5.5088 -5.0919 1.7521 43 205 43 0.826
4.8560 5.5548 2.0785 10 231 10 0.958
1.5258 0.9707 3.4494 43 205 43 0.826
6.1983 -5.7184 1.4559 96 218 20 0.782
2.6304 -3.6272 2.9326 29 216 29 0.881
7.1240 5.3455 1.0963 7 233 7 0.969
-1.3199 1.8205 3.5343 21 222 21 0.914
6.9217 -2.3128 1.2651 46 202 46 0.815
3.8840 -5.7726 2.4128 26 218 26 0.892
5.2414 7.6771 1.9205 24 220 24 0.903
-2.6108 1.1316 2.8725 38 209 38 0.848
2.0018 5.4504 3.2356 96 218 20 0.782
-0.9508 -4.6070 3.6864 35 211 35 0.859
4.9036 -0.3856 1.9923 26 218 26 0.892
1.6847 3.5505 3.3808 26 218 26 0.892
6.1428 5.0698 1.5054 24 220 24 0.903
3.5764 6.7388 2.5630 13 229 13 0.947
4.1627 4.2904 2.2295 13 229 13 0.947
-0.5022 7.0636 3.8595 24 220 24 0.903
-7.5671 6.1345 1.0107 38 209 38 0.848
-4.3988 -4.7002 2.1761 24 220 24 0.903
-7.7520 -5.7186 0.8530 48 200 48 0.804
-0.0751 4.7054 4.0650 26 218 26 0.892
5.0804 4.3845 1.9970 29 216 29 0.881
-2.5408 7.6528 2.9354 10 231 10 0.958
-0.1699 -7.6265 3.9546 32 214 32 0.870
6.7471 0.7091 1.2595 24 220 24 0.903
-3.9954 0.0217 2.4247 13 229 13 0.947
0.8481 7.7113 3.5991 32 214 32 0.870
-2.0908 1.9190 3.1874 96 218 20 0.782
-2.9731 6.0726 2.7733 10 231 10 0.958
2.9317 -2.5259 2.8661 35 211 35 0.859
-4.3567 5.8012 2.2738 18 225 18 0.925
2.7476 5.9831 2.9219 96 218 20 0.782
-2.8188 1.9476 2.9268 92 219 20 0.793
-7.4932 -4.4547 1.0470 18 225 18 0.925
-4.1253 5.8903 2.3100 18 225 18 0.925
-5.3656 7.1748 1.8580 46 202 46 0.815
1.1746 -2.6659 3.5715 21 222 21 0.914
3.4977 -0.1134 2.6407 40 207 40 0.837
7.4810 -3.4023 1.0209 32 214 32 0.870
1.6086 5.4235 3.3776 18 225 18 0.925
-5.1085 2.2593 1.9013 35 211 35 0.859
-4.3228 -6.9618 2.2657 40 207 40 0.837
-6.9018 -6.7081 1.1971 13 229 13 0.947
0.0562 2.5955 3.9695 16 227 16 0.936
7.8243 -5.5072 0.9332 35 211 35 0.859
-4.1186 1.7417 2.3411 21 222 21 0.914
4.2304 -6.6943 2.2771 21 222 21 0.914
2.7621 3.6531 2.9130 46 202 46 0.815
7.9390 7.4374 0.8231 46 202 46 0.815
-3.4742 7.2237 2.6364 48 200 48 0.804
-3.0120 6.1194 2.8110 10 231 10 0.958
-7.1588 -5.0941 1.2270 32 214 32 0.870
-4.2480 -4.5348 2.2894 4 236 4 0.980
0.5876 5.2702 3.7600 13 229 13 0.947
0.3306 -7.4437 3.9453 38 209 38 0.848
0.7234 1.2141 3.6955 96 218 20 0.782
-4.0038 7.8015 2.3598 35 211 35 0.859
-3.2823 5.5711 2.6441 38 209 38 0.848
-7.8929 -1.7426 0.8152 32 214 32 0.870
0.0945 -4.0721 4.0011 40 207 40 0.837
6.1210 1.8674 1.5472 32 214 32 0.870
-7.3078 2.0150 1.1367 48 200 48 0.804
-4.7217 6.8752 2.0980 46 202 46 0.815
-4.5363 -5.2790 2.1842 10 231 10 0.958
4.2949 -1.9386 2.2291 24 220 24 0.903
-1.4216 4.4646 3.4613 40 207 40 0.837
-3.4067 5.2346 2.6478 46 202 46 0.815
-3.5723 -3.3623 2.5275 18 225 18 0.925
-0.6296 -2.5535 3.8263 35 211 35 0.859
5.8244 -3.6284 1.6218 26 218 26 0.892
-5.2687 -4.2487 1.8701 29 216 29 0.881
2.3890 -3.3846 3.0976 32 214 32 0.870
1.5134 4.5257 3.4124 26 218 26 0.892
3.6679 -6.7397 2.5214 21 222 21 0.914
4.3619 3.6336 2.3321 18 225 18 0.925
-5.6940 4.9997 1.5846 40 207 40 0.837
-0.0852 1.4291 3.9531 32 214 32 0.870
5.7583 -5.9739 1.7362 32 214 32 0.870
7.4975 0.4096 1.0087 26 218 26 0.892
6.7720 -4.7197 1.3177 18 225 18 0.925
5.0335 -3.4140 1.9380 48 200 48 0.804
-2.2879 -7.4706 3.1473 48 200 48 0.804
4.8649 2.8944 2.0256 29 216 29 0.881
-0.4547 -3.2540 3.8490 24 220 24 0.903
-7.5162 6.6072 1.0912 26 218 26 0.892
-4.4731 -5.6712 2.2093 35 211 35 0.859
1.3805 0.3389 3.3509 35 211 35 0.859
-0.9105 0.0592 3.6877 13 229 13 0.947
2.7707 -6.3713 2.9987 10 231 10 0.958
-7.6632 -7.7093 0.9904 32 214 32 0.870
3.4462 -4.5781 2.6169 29 216 29 0.881
-7.2472 4.3940 1.0638 38 209 38 0.848
0.2755 -1.5584 3.9447 18 225 18 0.925
-4.0516 1.4688 2.3715 10 231 10 0.958
0.0525 -7.0110 3.8935 29 216 29 0.881
0.1325 -7.4297 3.9144 18 225 18 0.925
3.3853 4.8330 2.6661 29 216 29 0.881
0.8992 -7.1316 3.6213 38 209 38 0.848
-7.8888 -2.9735 0.8910 35 211 35 0.859
2.0614 0.5018 3.1001 18 225 18 0.925
3.4715 -7.4239 2.6079 24 220 24 0.903
4.7053 -2.9786 2.1211 29 216 29 0.881
-2.1351 1.5088 3.1627 26 218 26 0.892
2.6212 4.9103 2.9739 16 227 16 0.936
3.8746 3.5474 2.4484 29 216 29 0.881
-7.8683 -6.2445 0.8792 105 215 20 0.760
-6.1700 -2.3306 1.5405 7 233 7 0.969
-5.7858 0.7545 1.7533 24 220 24 0.903
2.3845 -7.0166 3.0420 46 202 46 0.815
-1.0364 -1.6091 3.5541 43 205 43 0.826
7.1480 -4.8062 1.1452 24 220 24 0.903
-5.8990 7.2274 1.6649 43 205 43 0.826
6.9873 -7.4062 1.1362 35 211 35 0.859
4.6757 -2.7602 2.1104 13 229 13 0.947
-6.6568 -6.8595 1.3165 24 220 24 0.903
0.9992 -3.5547 3.5347 26 218 26 0.892
-3.4847 -5.0208 2.6501 35 211 35 0.859
3.8088 1.8799 2.5041 26 218 26 0.892
4.5212 -4.2561 2.1412 35 211 35 0.859
-6.0719 -0.9033 1.5261 40 207 40 0.837
-6.4574 -4.3660 1.3923 26 218 26 0.892
4.3349 0.7324 2.3217 29 216 29 0.881
-5.5656 4.4137 1.8731 35 211 35 0.859
-2.6845 -2.2842 2.9482 92 219 20 0.793
0.1498 7.3639 3.9722 18 225 18 0.925
-4.7554 5.5532 2.1453 35 211 35 0.859
-7.4716 -3.3205 0.9214 46 202 46 0.815
-1.5675 6.9118 3.3749 40 207 40 0.837
-4.3889 5.2660 2.2945 26 218 26 0.892
6.7689 5.9873 1.2658 35 211 35 0.859
5.1101 7.4065 1.9884 26 218 26 0.892
4.1172 -0.4134 2.4121 24 220 24 0.903
-5.9499 -7.5818 1.7192 29 216 29 0.881
6.7195 -6.7187 1.3100 13 229 13 0.947
4.7202 3.4274 2.2028 43 205 43 0.826
-3.0827 -7.8282 2.7956 18 225 18 0.925
0.1841 -4.7351 3.8584 38 209 38 0.848
-1.2183 -0.8095 3.5358 29 216 29 0.881
-6.9008 0.4811 1.3003 43 205 43 0.826
-6.4819 -3.3952 1.4611 24 220 24 0.903
-0.9855 -7.8186 3.6029 43 205 43 0.826
-3.2458 -2.6528 2.7006 46 202 46 0.815
-4.3206 -4.3886 2.2614 10 231 10 0.958
-3.4876 1.4879 2.6179 38 209 38 0.848
7.2283 0.0615 1.1507 7 233 7 0.969
2.0932 -2.7958 3.1590 18 225 18 0.925
-5.8653 6.3698 1.6974 13 229 13 0.947
-4.7337 6.4264 2.0981 26 218 26 0.892
-4.9948 0.4051 1.9434 26 218 26 0.892
2.5681 1.9612 2.9414 10 231 10 0.958
-7.6314 6.3659 0.8793 29 216 29 0.881
5.6073 -2.1499 1.7724 24 220 24 0.903
-7.2597 -4.0708 1.1419 10 231 10 0.958
-2.6068 -1.5010 3.0358 38 209 38 0.848
-1.1284 -1.6322 3.5554 38 209 38 0.848
-4.3761 -7.3181 2.1860 26 218 26 0.892
-3.8122 2.7793 2.5263 43 205 43 0.826
7.4130 5.8458 0.9960 7 233 7 0.969
-4.4869 0.1007 2.1697 100 217 20 0.771
-4.8219 -1.9948 2.0198 29 216 29 0.881
0.8654 -1.5945 3.6716 10 231 10 0.958
5.8528 7.7884 1.6468 29 216 29 0.881
1.7026 3.4783 3.3345 40 207 40 0.837
-2.8051 -7.2341 2.8430 18 225 18 0.925
4.8496 6.6235 2.0250 24 220 24 0.903
-7.5957 -5.1569 1.0246 24 220 24 0.903
5.0965 -5.4065 1.8315 29 216 29 0.881
-4.0298 -3.0127 2.4413 24 220 24 0.903
-5.2278 -2.9094 1.9058 21 222 21 0.914
-0.8704 6.8531 3.6598 32 214 32 0.870
-3.1611 1.6537 2.7868 10 231 10 0.958
6.8560 5.3211 1.2771 16 227 16 0.936
6.7088 -4.3226 1.2843 43 205 43 0.826
-2.0224 -4.3298 3.2284 43 205 43 0.826
-0.1973 -1.3201 3.8933 38 209 38 0.848
3.5558 2.3866 2.5254 48 200 48 0.804
6.2701 7.7858 1.5775 92 219 20 0.793
2.9240 2.1720 2.7624 21 222 21 0.914
4.8345 5.9555 2.0858 26 218 26 0.892
-1.1554 -3.6892 3.6131 40 207 40 0.837
-3.9228 0.8323 2.3783 24 220 24 0.903
4.0509 5.8650 2.3854 16 227 16 0.936
-0.7803 2.2004 3.5753 32 214 32 0.870
-2.9254 -1.0469 2.7544 18 225 18 0.925
6.2602 -5.8487 1.4959 40 207 40 0.837
7.0849 -3.7116 1.0990 18 225 18 0.925
2.0845 2.9647 3.1197 32 214 32 0.870
1.2624 -2.9575 3.4897 16 227 16 0.936
2.9111 5.5324 2.8471 32 214 32 0.870
4.3214 -4.0124 2.2850 32 214 32 0.870
4.6313 1.0146 2.1317 29 216 29 0.881
6.6264 3.9956 1.3915 38 209 38 0.848
2.0685 0.3653 3.1263 18 225 18 0.925
4.0374 -5.8934 2.3449 29 216 29 0.881
2.1240 -2.3912 3.1345 26 218 26 0.892
7.6435 7.6762 1.0130 35 211 35 0.859
-2.7542 0.7160 2.9068 43 205 43 0.826
2.4049 -2.9700 3.0180 16 227 16 0.936
5.9316 -4.6532 1.6803 32 214 32 0.870
6.9490 -2.9746 1.2488 46 202 46 0.815
5.2217 0.8618 1.9244 26 218 26 0.892
4.3221 -4.1525 2.2546 38 209 38 0.848
-3.5471 -7.4978 2.5888 43 205 43 0.826
5.4252 -4.3276 1.9236 21 222 21 0.914
-3.3291 -6.1810 2.6749 43 205 43 0.826
0.5395 -5.7238 3.7005 21 222 21 0.914
3.3249 7.2528 2.6309 35 211 35 0.859
4.5440 1.8479 2.1651 35 211 35 0.859
-4.1578 4.2860 2.2137 38 209 38 0.848
-7.7003 4.3396 0.9586 10 231 10 0.958
1.4703 3.9350 3.4001 32 214 32 0.870
-5.5620 4.5011 1.7800 38 209 38 0.848
0.3772 -2.1154 3.7749 46 202 46 0.815
-3.9187 -1.6171 2.3931 24 220 24 0.903
-3.7540 -5.4726 2.4530 24 220 24 0.903
0.3679 2.7235 3.9927 32 214 32 0.870
-0.3306 -4.3546 3.8268 26 218 26 0.892
2.9254 -1.3889 2.8046 24 220 24 0.903
7.5052 4.9181 0.9276 24 220 24 0.903
-1.1728 7.1427 3.5472 32 214 32 0.870
5.2473 5.6075 1.9017 32 214 32 0.870
0.5059 6.0890 3.8935 38 209 38 0.848
1.7990 -1.7078 3.2763 21 222 21 0.914
3.0502 -5.9172 2.7596 24 220 24 0.903
2.2553 -6.9549 3.0528 46 202 46 0.815
-0.9421 -1.0574 3.5971 24 220 24 0.903
-4.6854 0.5009 2.0882 26 218 26 0.892
-4.2745 2.3915 2.3098 38 209 38 0.848
7.5726 -3.5277 0.8678 32 214 32 0.870
-0.3196 -7.2849 3.8786 43 205 43 0.826
-5.7837 4.2215 1.7272 21 222 21 0.914
-0.2543 -3.7819 3.8799 48 200 48 0.804
1.8629 0.2553 3.3652 46 202 46 0.815
1.7041 -2.0550 3.3493 18 225 18 0.925
-4.5275 3.9205 2.1965 40 207 40 0.837
-0.0994 3.3792 3.8627 32 214 32 0.870
7.5094 -2.3890 1.0095 21 222 21 0.914
6.7534 -0.2812 1.2934 26 218 26 0.892
-5.9104 -6.6704 1.5859 21 222 21 0.914
2.2618 3.5877 3.1492 38 209 38 0.848
6.5469 -2.4152 1.4287 40 207 40 0.837
0.9923 -7.9251 3.5849 96 218 20 0.782
5.6229 -7.5120 1.7384 24 220 24 0.903
-0.1102 2.6868 3.9218 13 229 13 0.947
-3.7935 1.5422 2.5329 16 227 16 0.936
6.4974 5.5665 1.4108 10 231 10 0.958
-3.0214 2.5674 2.9224 46 202 46 0.815
-0.4200 6.6680 3.9320 26 218 26 0.892
0.3304 3.1735 3.8075 40 207 40 0.837
-1.2435 7.9179 3.4426 40 207 40 0.837
-3.6681 4.4732 2.5830 32 214 32 0.870
5.3853 3.6660 1.8889 26 218 26 0.892
-3.1261 5.3454 2.7745 35 211 35 0.859
3.5938 3.3560 2.6222 35 211 35 0.859
6.3678 6.9076 1.4307 38 209 38 0.848
-0.9365 2.8856 3.5912 4 236 4 0.980
-2.1053 -4.1893 3.1506 48 200 48 0.804
-0.8644 -0.2881 3.6114 48 200 48 0.804
0.4667 4.3220 3.8390 35 211 35 0.859
2.2918 2.2036 3.0983 40 207 40 0.837
-2.7471 -2.4421 2.8962 46 202 46 0.815
-0.1415 5.8738 3.8795 35 211 35 0.859
-3.9949 3.5841 2.3909 35 211 35 0.859
0.8942 -3.3228 3.5757 46 202 46 0.815
2.8494 -5.2646 2.8049 40 207 40 0.837
-7.5835 -1.3834 1.0205 16 227 16 0.936
5.8064 -3.9098 1.6486 38 209 38 0.848
4.6260 0.1075 2.1164 48 200 48 0.804
-1.4919 4.5430 3.4661 48 200 48 0.804
-6.7004 2.8645 1.3673 38 209 38 0.848
-7.7219 -0.5433 0.8957 32 214 32 0.870
-2.2423 0.1434 3.0921 43 205 43 0.826
5.2434 3.2271 1.9233 35 211 35 0.859
5.6096 2.9868 1.7994 46 202 46 0.815
-6.8401 7.2571 1.2217 4 236 4 0.980
-6.3007 -7.2735 1.4781 46 202 46 0.815
-5.9128 -7.5345 1.6395 26 218 26 0.892
5.7090 -1.3983 1.7505 24 220 24 0.903
6.9944 5.5387 1.2308 13 229 13 0.947
-0.6572 1.3206 3.7138 43 205 43 0.826
3.8947 5.8086 2.4329 26 218 26 0.892
1.0952 2.4070 3.6057 35 211 35 0.859
-5.8702 -4.7462 1.6817 48 200 48 0.804
-3.0460 2.3461 2.7251 96 218 20 0.782
4.7430 -7.0000 2.0312 29 216 29 0.881
-1.5905 -6.5998 3.2801 40 207 40 0.837
3.9283 7.6367 2.4026 43 205 43 0.826
-4.4131 5.2495 2.1727 35 211 35 0.859
-6.8142 -7.8469 1.2843 109 214 20 0.749
-4.3594 3.3796 2.3149 38 209 38 0.848
4.8882 -1.5416 2.0764 40 207 40 0.837
-5.6802 -7.9974 1.7446 43 205 43 0.826
2.5600 -2.2433 3.0624 48 200 48 0.804
4.3418 -2.3611 2.3217 46 202 46 0.815
-6.0338 -2.8333 1.5931 46 202 46 0.815
-1.6340 -4.3505 3.3164 46 202 46 0.815
-4.5396 4.1448 2.1405 46 202 46 0.815
-0.1272 0.3340 3.9515 38 209 38 0.848
0.1189 7.1563 3.9779 18 225 18 0.925
-4.8916 0.3442 2.1050 32 214 32 0.870
-6.6330 2.1080 1.3853 43 205 43 0.826
-6.0324 5.6276 1.6053 40 207 40 0.837
5.4410 -4.3324 1.8265 29 216 29 0.881
2.3212 2.8191 3.0747 29 216 29 0.881
5.5319 5.2275 1.7420 4 236 4 0.980
3.2029 -4.6612 2.7784 32 214 32 0.870
3.4152 6.4849 2.6176 24 220 24 0.903
4.9338 3.7032 1.9358 40 207 40 0.837
0.5966 0.1319 3.7438 21 222 21 0.914
1.3393 2.4859 3.4062 32 214 32 0.870
2.7899 -5.5415 2.8065 40 207 40 0.837
2.2404 3.6063 3.0998 35 211 35 0.859
0.8569 -1.1011 3.6624 24 220 24 0.903
4.7564 -1.2826 2.0854 29 216 29 0.881
-5.6977 0.8369 1.7050 24 220 24 0.903
7.2800 -0.0565 1.0736 21 222 21 0.914
-5.2965 0.4566 1.8989 18 225 18 0.925
0.0418 5.5981 3.9521 38 209 38 0.848
-0.6008 5.7409 3.7240 38 209 38 0.848
6.9398 -0.0065 1.2171 13 229 13 0.947
-0.8701 -7.5110 3.6759 24 220 24 0.903
-0.8172 -5.7339 3.6802 38 209 38 0.848
-4.2207 -6.6671 2.3077 21 222 21 0.914
-6.0021 -7.0116 1.6098 35 211 35 0.859
2.1946 -4.9856 3.1922 40 207 40 0.837
6.4071 -1.6004 1.4373 10 231 10 0.958
0.7373 4.2824 3.7507 35 211 35 0.859
3.1952 2.1061 2.7134 24 220 24 0.903
-1.5317 -7.3666 3.2923 32 214 32 0.870
-2.4036 -2.8457 3.0431 18 225 18 0.925
4.8254 -6.1577 2.0999 38 209 38 0.848
6.6588 -0.8752 1.3256 32 214 32 0.870
3.8822 -0.7557 2.5542 40 207 40 0.837
-1.3615 7.7396 3.4111 26 218 26 0.892
-3.0962 0.9614 2.8022 92 219 20 0.793
0.5362 4.8007 3.7958 46 202 46 0.815
-4.9978 -6.4270 2.0722 38 209 38 0.848
-3.6112 -4.4419 2.5323 26 218 26 0.892
7.0410 2.0716 1.2186 100 217 20 0.771
-2.3375 -1.5221 3.1564 35 211 35 0.859
-1.4534 -4.3981 3.4716 35 211 35 0.859
7.6947 1.6740 0.9271 32 214 32 0.870
-3.4163 5.7495 2.6487 21 222 21 0.914
6.2060 4.8726 1.5277 35 211 35 0.859
7.7462 3.8730 0.8112 38 209 38 0.848
-0.5324 6.7140 3.8392 35 211 35 0.859
-0.0833 7.6088 3.9661 29 216 29 0.881
-2.7626 7.7236 3.0011 40 207 40 0.837
-5.3939 -2.4944 1.7262 35 211 35 0.859
-3.5855 -3.8817 2.5201 16 227 16 0.936
-2.0081 -4.8424 3.1452 96 218 20 0.782
-7.7214 -3.8788 0.8384 21 222 21 0.914
-4.0692 -7.4305 2.3757 4 236 4 0.980
-4.2184 -0.2046 2.2567 92 219 20 0.793
-1.6652 -1.2539 3.3098 38 209 38 0.848
1.5662 1.5840 3.3697 46 202 46 0.815
-2.7313 -4.5675 2.9493 35 211 35 0.859
4.0525 6.9108 2.3772 4 236 4 0.980
-0.9330 -1.6192 3.5879 32 214 32 0.870
-1.3887 -5.2755 3.4547 21 222 21 0.914
-4.4325 3.3662 2.2347 29 216 29 0.881
0.9664 2.6552 3.6237 21 222 21 0.914
7.2580 -2.9967 1.0464 92 219 20 0.793
7.6599 -4.9139 0.8867 18 225 18 0.925
-0.3202 -7.7786 3.8127 40 207 40 0.837
3.1214 -6.4100 2.7954 10 231 10 0.958
-4.4040 1.8553 2.2620 38 209 38 0.848
-3.2641 3.0897 2.7034 40 207 40 0.837
-0.0914 -4.1929 3.9558 32 214 32 0.870
-0.5047 6.0441 3.7752 35 211 35 0.859
0.3213 3.1210 3.8701 32 214 32 0.870
-3.9720 7.3801 2.4216 32 214 32 0.870
5.0410 2.3431 2.0244 29 216 29 0.881
1.2236 5.9991 3.5187 21 222 21 0.914
7.4049 6.0957 0.9953 4 236 4 0.980
0.5943 0.0120 3.8912 38 209 38 0.848
5.5054 2.9354 1.7828 48 200 48 0.804
-5.9226 7.6242 1.6669 96 218 20 0.782
-7.7112 -6.5000 0.8426 32 214 32 0.870
-6.1998 7.8077 1.4998 113 213 20 0.738
7.1004 -6.5278 1.1431 29 216 29 0.881
-1.1559 -5.1769 3.5280 29 216 29 0.881
5.8201 4.1041 1.7590 35 211 35 0.859
0.4173 0.3787 3.8908 26 218 26 0.892
-4.8719 -6.3833 2.0559 35 211 35 0.859
4.8214 -4.5083 2.0128 26 218 26 0.892
-1.4798 -1.0960 3.3591 26 218 26 0.892
-3.1749 4.5137 2.7332 40 207 40 0.837
-5.1653 3.2114 1.9673 32 214 32 0.870
-4.0245 3.0766 2.3370 29 216 29 0.881
-0.2788 -0.1892 3.8807 32 214 32 0.870
7.6279 1.3683 0.8302 32 214 32 0.870
-5.9531 3.5575 1.6007 40 207 40 0.837
0.4383 4.3701 3.8153 32 214 32 0.870
6.7922 1.0214 1.3525 16 227 16 0.936
-3.9387 -7.2001 2.4447 32 214 32 0.870
5.2938 7.3510 1.8828 18 225 18 0.925
-5.9532 6.0100 1.6756 24 220 24 0.903
-7.1003 -6.1966 1.3032 38 209 38 0.848
-2.7618 3.1089 2.9818 29 216 29 0.881
-1.6837 -6.6215 3.2852 35 211 35 0.859
7.6250 -6.6294 1.0752 46 202 46 0.815
5.4361 -6.1181 1.8322 4 236 4 0.980
-0.9062 4.8988 3.6173 100 217 20 0.771
7.9894 7.0740 0.8086 48 200 48 0.804
-5.0623 -0.9735 1.9574 38 209 38 0.848
3.7019 -4.5201 2.5414 16 227 16 0.936
-4.6009 -5.5446 2.1907 13 229 13 0.947
-1.2254 0.6080 3.5406 43 205 43 0.826
-2.3110 -7.0800 3.0053 38 209 38 0.848
2.1076 -7.5377 3.1818 32 214 32 0.870
1.7514 -5.5174 3.2435 18 225 18 0.925
6.0632 7.7425 1.6294 40 207 40 0.837
-2.2477 0.4788 3.0145 35 211 35 0.859
4.5562 -5.7990 2.1505 48 200 48 0.804
6.5624 -1.7560 1.3870 26 218 26 0.892
6.3923 -3.0305 1.4805 38 209 38 0.848
-2.4397 -5.4451 3.0714 96 218 20 0.782
2.4470 6.3249 3.1070 26 218 26 0.892
-5.0609 4.3439 2.0425 40 207 40 0.837
-7.9170 1.8246 0.8116 113 213 20 0.738
4.6622 -4.4493 1.9969 26 218 26 0.892
7.5078 6.2636 0.9721 16 227 16 0.936
4.1256 3.7608 2.3275 29 216 29 0.881
-2.7525 -1.7546 2.8495 18 225 18 0.925
6.4735 5.3621 1.5056 21 222 21 0.914
-0.6715 -1.0200 3.7830 35 211 35 0.859
6.1875 -2.8941 1.5560 38 209 38 0.848
-0.4577 -3.7218 3.8039 46 202 46 0.815
-5.5788 -1.7372 1.8304 48 200 48 0.804
1.7776 3.5291 3.2839 35 211 35 0.859
7.2743 -3.6087 1.0468 26 218 26 0.892
-5.7609 6.2543 1.7443 7 233 7 0.969
1.5947 -5.5807 3.3940 7 233 7 0.969
6.2983 7.8477 1.5590 96 218 20 0.782
-4.9197 4.4925 1.9876 32 214 32 0.870
-3.6061 2.9330 2.5340 92 219 20 0.793
7.3421 -0.3377 1.0255 38 209 38 0.848
3.2043 -4.0602 2.7716 10 231 10 0.958
4.8488 -3.7153 2.0182 18 225 18 0.925
3.8588 1.8351 2.4079 24 220 24 0.903
-3.7917 -1.5897 2.4618 24 220 24 0.903
-3.6482 -7.6300 2.6106 48 200 48 0.804
-1.2337 4.0479 3.6198 109 214 20 0.749
-6.2797 -7.1485 1.4667 35 211 35 0.859
3.4074 6.5188 2.6905 24 220 24 0.903
-6.7378 6.9611 1.3143 18 225 18 0.925
3.4374 -1.6455 2.5770 38 209 38 0.848
-6.1132 -1.3348 1.5810 40 207 40 0.837
-3.8187 -4.8295 2.4348 24 220 24 0.903
5.3000 -6.0869 1.8872 4 236 4 0.980
3.7630 -0.7160 2.5257 26 218 26 0.892
5.8403 6.9760 1.6349 29 216 29 0.881
3.0806 -1.0394 2.8263 38 209 38 0.848
-1.3734 6.1583 3.5416 46 202 46 0.815
-6.8200 -3.2018 1.2313 35 211 35 0.859
6.9581 -6.0752 1.3130 29 216 29 0.881
6.8072 1.0731 1.2953 24 220 24 0.903
-6.2332 -7.3466 1.4729 38 209 38 0.848
-7.5215 3.0571 0.9883 46 202 46 0.815
1.6130 -1.3331 3.3243 26 218 26 0.892
7.6429 4.6920 0.9833 29 216 29 0.881
5.1717 -7.8508 1.9748 32 214 32 0.870
2.0147 1.8816 3.1971 21 222 21 0.914
0.3452 7.1910 3.9029 4 236 4 0.980
7.6434 2.2024 0.9615 29 216 29 0.881
-1.4250 7.5774 3.3515 21 222 21 0.914
-0.6855 3.2610 3.7603 43 205 43 0.826
1.2832 5.9780 3.3512 38 209 38 0.848
-3.5806 3.6962 2.5357 32 214 32 0.870
-0.5028 -0.0143 3.7953 29 216 29 0.881
-1.2618 -1.9165 3.4664 92 219 20 0.793
3.2244 6.2268 2.6742 21 222 21 0.914
-7.2075 7.5785 1.0852 32 214 32 0.870
-3.9701 -0.8294 2.3926 4 236 4 0.980
-5.5873 -4.0850 1.7643 32 214 32 0.870
2.8698 6.5660 2.9283 32 214 32 0.870
-5.0490 -6.6394 1.9268 38 209 38 0.848
1.9049 3.9590 3.2898 32 214 32 0.870
2.3032 2.4846 3.0328 35 211 35 0.859
1.3550 4.2757 3.4343 16 227 16 0.936
5.4517 -6.0857 1.7611 4 236 4 0.980
3.4623 4.3014 2.5525 43 205 43 0.826
-5.6523 -5.1562 1.7201 24 220 24 0.903
-4.0736 0.0919 2.4361 29 216 29 0.881
-3.2306 7.4475 2.6633 32 214 32 0.870
4.4225 -0.6953 2.2838 29 216 29 0.881
6.2193 -3.4893 1.4920 35 211 35 0.859
6.5989 -7.2040 1.3992 16 227 16 0.936
6.5936 2.9863 1.3438 92 219 20 0.793
4.2519 2.7630 2.2594 46 202 46 0.815
-6.2339 2.8676 1.5553 18 225 18 0.925
3.9604 -3.7771 2.4532 24 220 24 0.903
5.9192 4.0031 1.6632 35 211 35 0.859
-2.6377 -1.0025 2.9376 26 218 26 0.892
-5.5031 -3.2537 1.8232 40 207 40 0.837
-4.7037 -3.5695 2.0291 46 202 46 0.815
4.2170 5.4968 2.4141 35 211 35 0.859
6.4193 0.0249 1.4161 100 217 20 0.771
-5.3536 5.0933 1.7992 32 214 32 0.870
5.2686 -6.0443 2.0063 7 233 7 0.969
6.0084 -5.0707 1.5386 48 200 48 0.804
-1.3792 -6.4223 3.4474 40 207 40 0.837
-4.6029 1.6717 2.1542 24 220 24 0.903
5.9288 7.8175 1.6546 40 207 40 0.837
0.6515 -4.9591 3.7371 43 205 43 0.826
3.2392 -0.5313 2.6205 35 211 35 0.859
-5.3514 4.7666 1.8159 29 216 29 0.881
-3.9619 2.9053 2.4874 43 205 43 0.826
-0.8652 -5.8736 3.6692 35 211 35 0.859
2.9700 -4.2984 2.8471 21 222 21 0.914
1.9245 5.5583 3.2323 96 218 20 0.782
7.5814 -7.0789 0.9284 38 209 38 0.848
6.7433 5.7857 1.3016 32 214 32 0.870
-5.7258 -0.1232 1.6652 35 211 35 0.859
2.6502 -3.4739 2.9889 26 218 26 0.892
-5.4845 7.2909 1.8623 32 214 32 0.870
2.1252 -2.0903 3.1575 32 214 32 0.870
1.0129 1.6213 3.6016 92 219 20 0.793
-4.3666 4.1088 2.2712 26 218 26 0.892
-6.8371 7.7439 1.2492 38 209 38 0.848
5.5369 -1.5053 1.8307 32 214 32 0.870
7.5460 7.9198 1.0376 96 218 20 0.782
-0.2551 -1.6127 3.7995 24 220 24 0.903
-0.0444 -1.4674 3.9604 35 211 35 0.859
6.6337 -6.7289 1.3319 10 231 10 0.958
2.3623 -1.6352 3.0438 29 216 29 0.881
3.1814 3.2739 2.7055 7 233 7 0.969
-1.4951 4.6743 3.3413 43 205 43 0.826
2.3404 4.2499 3.0265 18 225 18 0.925
-0.3931 2.1729 3.8985 32 214 32 0.870
4.8084 -1.0836 2.0968 16 227 16 0.936
1.9932 7.2661 3.1817 10 231 10 0.958
5.9058 -0.5799 1.6245 13 229 13 0.947
-7.8348 7.2661 0.8260 43 205 43 0.826
-6.4000 -4.0772 1.4789 38 209 38 0.848
-1.1839 -0.2079 3.5099 35 211 35 0.859
1.2751 2.2899 3.4881 43 205 43 0.826
2.7602 -3.4067 3.0625 29 216 29 0.881
3.2727 1.2730 2.6775 29 216 29 0.881
4.0367 5.4220 2.3571 26 218 26 0.892
-5.0703 0.7412 2.0955 26 218 26 0.892
-1.3415 0.7231 3.4458 26 218 26 0.892
-6.3963 4.1879 1.4421 32 214 32 0.870
3.4142 6.9811 2.5331 43 205 43 0.826
5.8870 6.3095 1.6931 21 222 21 0.914
2.1882 4.6357 3.1545 16 227 16 0.936
2.6237 4.5635 2.9627 35 211 35 0.859
-5.9740 4.4321 1.5841 26 218 26 0.892
-6.0984 -0.0405 1.5471 43 205 43 0.826
-4.0878 3.8106 2.3910 26 218 26 0.892
-2.6298 -0.4677 2.9881 46 202 46 0.815
-7.4444 4.2041 1.0719 13 229 13 0.947
-1.7881 0.9943 3.2362 38 209 38 0.848
2.9763 -6.4048 2.9153 4 236 4 0.980
-4.7668 -1.3601 2.0643 24 220 24 0.903
1.1357 6.6353 3.5452 29 216 29 0.881
2.3228 2.0322 3.0761 10 231 10 0.958
0.3377 6.2615 3.9097 24 220 24 0.903
-6.2636 -6.4493 1.4270 32 214 32 0.870
-3.6807 -5.7015 2.5327 26 218 26 0.892
2.8590 6.3833 2.8482 40 207 40 0.837
-2.1519 1.5733 3.0967 26 218 26 0.892
-1.4593 2.1762 3.4882 43 205 43 0.826
-6.5372 -3.2123 1.3746 16 227 16 0.936
3.4917 4.8079 2.6186 29 216 29 0.881
2.3757 -3.6652 3.0098 35 211 35 0.859
-2.2531 -7.6026 3.1460 40 207 40 0.837
6.1710 1.5745 1.6288 43 205 43 0.826
-6.1220 -2.7035 1.4917 26 218 26 0.892
-2.1558 -4.9986 3.0988 100 217 20 0.771
1.8782 4.5878 3.2307 24 220 24 0.903
-7.1070 -5.7182 1.1244 35 211 35 0.859
-4.9235 -0.8011 2.0300 32 214 32 0.870
-1.6301 4.0594 3.3847 32 214 32 0.870
0.1042 -3.3293 3.9376 43 205 43 0.826
4.6005 5.4474 2.1946 18 225 18 0.925
4.3579 3.8808 2.3333 26 218 26 0.892
-0.4756 -5.8856 3.7793 32 214 32 0.870
0.1584 -1.4053 3.8694 21 222 21 0.914
7.4675 0.1737 1.0510 16 227 16 0.936
4.3833 7.3201 2.2584 38 209 38 0.848
-0.0635 6.3406 3.9925 29 216 29 0.881
-1.8468 -7.0351 3.2079 38 209 38 0.848
0.7458 -7.3626 3.7620 40 207 40 0.837
-5.2127 -1.5204 1.8629 35 211 35 0.859
3.0929 -3.5863 2.7823 26 218 26 0.892
-2.2548 -2.4923 3.1201 38 209 38 0.848
4.4783 -6.9175 2.2703 24 220 24 0.903
0.8226 6.8371 3.6874 46 202 46 0.815
6.9275 7.0938 1.2448 46 202 46 0.815
-3.5791 0.7017 2.5266 16 227 16 0.936
6.8630 -3.3865 1.3328 26 218 26 0.892
4.6638 7.7232 2.1051 38 209 38 0.848
6.9877 -4.6931 1.1737 13 229 13 0.947
-4.1177 0.6834 2.3557 26 218 26 0.892
5.2144 -6.1354 1.9366 7 233 7 0.969
4.1934 -5.9003 2.3034 24 220 24 0.903
1.8227 3.4857 3.3092 38 209 38 0.848
1.8536 -6.6020 3.2105 35 211 35 0.859
-6.1946 0.4838 1.5520 32 214 32 0.870
-5.2806 -0.5647 1.8102 43 205 43 0.826
1.1376 3.9483 3.5505 40 207 40 0.837
-4.4993 0.3289 2.2838 43 205 43 0.826
-3.1511 -0.4542 2.8705 38 209 38 0.848
-1.2798 6.8919 3.5535 40 207 40 0.837
3.3662 -4.2926 2.5761 18 225 18 0.925
-2.3885 0.1164 3.0384 24 220 24 0.903
3.0953 -5.1488 2.7913 35 211 35 0.859
5.6963 1.9254 1.7367 4 236 4 0.980
-1.8547 4.3810 3.2241 29 216 29 0.881
7.3746 6.0989 1.0608 4 236 4 0.980
-4.9604 0.5005 2.0765 26 218 26 0.892
1.2199 -1.5035 3.5076 4 236 4 0.980
0.0546 -0.9350 3.9989 38 209 38 0.848
7.5963 -3.6708 1.0039 13 229 13 0.947
-6.2095 2.6221 1.4639 10 231 10 0.958
1.4878 -3.3910 3.3781 24 220 24 0.903
2.9024 -2.8132 2.7904 29 216 29 0.881
5.8589 -2.0636 1.6557 21 222 21 0.914
1.9371 4.9336 3.2388 35 211 35 0.859
0.7612 -3.4837 3.6302 32 214 32 0.870
-5.7938 -7.4962 1.6808 24 220 24 0.903
7.7284 -6.4759 0.9156 43 205 43 0.826
2.1349 2.0305 3.2148 29 216 29 0.881
3.7899 -2.4884 2.5525 48 200 48 0.804
2.9810 -7.0367 2.7801 29 216 29 0.881
0.4656 4.9099 3.7380 35 211 35 0.859
3.3420 -1.7880 2.6250 26 218 26 0.892
-3.9101 1.0715 2.4567 16 227 16 0.936
5.6999 -0.4471 1.7865 26 218 26 0.892
-1.8918 0.4420 3.3084 43 205 43 0.826
-0.8084 5.7923 3.7040 100 217 20 0.771
-0.8554 -7.1885 3.5933 38 209 38 0.848
6.4778 -2.1044 1.3991 48 200 48 0.804
6.7020 -5.9122 1.3524 10 231 10 0.958
-7.0038 5.8599 1.2061 43 205 43 0.826
-3.2568 3.2641 2.7855 26 218 26 0.892
-3.7007 -2.2918 2.4414 35 211 35 0.859
3.8048 3.4930 2.3781 46 202 46 0.815
-3.2955 -5.1574 2.6672 38 209 38 0.848
6.5673 0.8551 1.4187 24 220 24 0.903
4.1121 -0.0026 2.3730 18 225 18 0.925
2.0442 6.0043 3.1734 38 209 38 0.848
-6.0505 -0.7889 1.6665 35 211 35 0.859
-0.8148 3.1753 3.6809 18 225 18 0.925
5.2683 -6.5237 1.8234 4 236 4 0.980
1.4190 -1.2522 3.3952 4 236 4 0.980
4.5799 5.9138 2.2018 13 229 13 0.947
0.1194 -7.3715 3.9502 21 222 21 0.914
3.2895 -3.0767 2.6709 32 214 32 0.870
-4.7230 -5.4246 2.1001 26 218 26 0.892
-0.9612 -1.2370 3.6591 38 209 38 0.848
-3.4348 0.1839 2.6344 4 236 4 0.980
-5.0720 6.2572 2.0127 26 218 26 0.892
5.7707 -1.5281 1.5776 21 222 21 0.914
3.4349 0.3671 2.5550 35 211 35 0.859
5.3843 5.9234 1.8616 38 209 38 0.848
2.4929 -6.2141 2.9483 13 229 13 0.947
-3.0209 6.4469 2.8339 26 218 26 0.892
-5.5818 1.7181 1.8297 43 205 43 0.826
1.3035 -5.4326 3.4550 21 222 21 0.914
0.1416 -5.0337 3.9619 26 218 26 0.892
6.0612 5.8401 1.5574 43 205 43 0.826
-3.0055 -1.7188 2.7605 38 209 38 0.848
7.0591 -1.3817 1.2051 43 205 43 0.826
0.0702 -6.7495 3.9905 21 222 21 0.914
3.5221 -7.7606 2.5368 40 207 40 0.837
-5.2507 -3.1316 1.8973 32 214 32 0.870
6.6531 5.0553 1.4032 32 214 32 0.870
-6.8090 -5.9843 1.2936 38 209 38 0.848
1.5497 -4.9518 3.4691 40 207 40 0.837
0.2908 7.0770 3.9338 13 229 13 0.947
2.1805 -4.8109 3.1391 46 202 46 0.815
6.4853 3.8154 1.3861 35 211 35 0.859
-5.3604 2.3607 1.8111 24 220 24 0.903
-4.9090 1.4121 2.0633 40 207 40 0.837
4.9499 4.6655 1.9699 38 209 38 0.848
-2.5556 -0.1945 3.0625 29 216 29 0.881
7.5152 -5.1075 0.9158 13 229 13 0.947
6.9039 -0.2350 1.2802 13 229 13 0.947
-0.7046 -4.5988 3.6705 26 218 26 0.892
-2.1849 0.5453 3.1827 32 214 32 0.870
0.5261 6.2649 3.7949 43 205 43 0.826
-0.2442 -5.4515 3.9277 29 216 29 0.881
5.6668 -0.9661 1.6904 16 227 16 0.936
1.3411 -7.8349 3.4460 117 212 20 0.727
1.6558 0.9446 3.4224 43 205 43 0.826
-2.7535 4.5342 2.9779 40 207 40 0.837
3.9363 -4.0619 2.4163 35 211 35 0.859
-5.1869 2.2083 1.9769 35 211 35 0.859
-7.3975 -2.4066 1.0818 46 202 46 0.815
0.9387 5.7798 3.6048 48 200 48 0.804
-0.3486 3.5492 3.8918 26 218 26 0.892
5.6267 -6.3428 1.7413 21 222 21 0.914
-2.9613 3.2103 2.7967 13 229 13 0.947
2.6482 -2.1551 2.9766 46 202 46 0.815
-7.1669 -0.4901 1.0992 38 209 38 0.848
2.5766 4.8295 3.0186 21 222 21 0.914
7.4824 -3.9894 0.9493 24 220 24 0.903
-1.2255 -4.6035 3.5664 26 218 26 0.892
1.0374 6.5205 3.5268 29 216 29 0.881
-6.5510 3.2172 1.4390 35 211 35 0.859
3.1788 1.0870 2.7572 24 220 24 0.903
6.3487 -5.9155 1.5082 26 218 26 0.892
-5.9810 -1.6392 1.5910 38 209 38 0.848
-2.0861 -5.3328 3.2101 96 218 20 0.782
1.4980 -4.4758 3.4794 32 214 32 0.870
-1.1951 -6.2559 3.5421 29 216 29 0.881
3.6400 -2.4246 2.5759 40 207 40 0.837
6.2661 5.6187 1.5154 29 216 29 0.881
2.5057 -1.6394 3.0096 43 205 43 0.826
-7.8085 -2.9189 0.9152 29 216 29 0.881
-3.2294 5.8505 2.6163 4 236 4 0.980
4.0654 0.2620 2.3829 29 216 29 0.881
-7.2844 2.1276 1.0288 40 207 40 0.837
-3.6655 -2.4390 2.5218 38 209 38 0.848
-0.2474 -5.0078 3.8823 35 211 35 0.859
-4.0660 -6.8466 2.4046 29 216 29 0.881
7.0966 0.0256 1.1217 10 231 10 0.958
-6.7822 1.8544 1.2434 105 215 20 0.760
-3.1794 -2.5604 2.7092 38 209 38 0.848
-7.3836 7.6773 1.0634 46 202 46 0.815
-1.4862 -0.0621 3.3887 21 222 21 0.914
-7.5582 -7.8812 0.9557 46 202 46 0.815
-6.0158 -7.9877 1.5683 43 205 43 0.826
0.9300 -2.3943 3.5586 40 207 40 0.837
5.6262 7.5983 1.7383 16 227 16 0.936
5.3883 6.9030 1.8201 26 218 26 0.892
5.4019 -1.9836 1.7788 40 207 40 0.837
2.4831 3.0641 3.0313 18 225 18 0.925
-0.7837 2.3344 3.7062 24 220 24 0.903
-0.3832 -3.3060 3.8768 32 214 32 0.870
-1.2419 5.2970 3.5304 100 217 20 0.771
3.5105 6.5052 2.5238 26 218 26 0.892
5.6712 5.9878 1.8338 40 207 40 0.837
-7.2095 -0.8714 1.1360 38 209 38 0.848
-0.1969 -5.5356 3.9954 35 211 35 0.859
6.6540 7.9526 1.3540 92 219 20 0.793
-7.4767 4.4989 0.9973 32 214 32 0.870
6.1963 6.3610 1.5110 92 219 20 0.793
3.1518 -0.1366 2.8002 43 205 43 0.826
-6.1345 5.1082 1.5861 43 205 43 0.826
-1.0682 4.2261 3.5331 117 212 20 0.727
-2.0009 -7.8736 3.1774 105 215 20 0.760
3.0396 -4.6694 2.8045 24 220 24 0.903
-0.5970 5.0236 3.7929 35 211 35 0.859
-0.6627 -0.7485 3.7039 43 205 43 0.826
1.7758 -7.0967 3.2803 35 211 35 0.859
-2.7891 7.6291 2.9483 38 209 38 0.848
2.5553 6.4946 3.0169 18 225 18 0.925
-3.0157 -3.6723 2.7752 21 222 21 0.914
-6.4668 2.5498 1.4906 38 209 38 0.848
-3.2659 -1.2517 2.6452 96 218 20 0.782
2.3286 -6.9109 3.0359 43 205 43 0.826
-4.4375 -5.1616 2.2403 10 231 10 0.958
-1.6785 4.1051 3.2629 29 216 29 0.881
7.3604 6.2081 1.1211 16 227 16 0.936
-7.1752 -7.4804 1.0735 29 216 29 0.881
-1.4521 7.6983 3.3444 13 229 13 0.947
-3.9780 -3.6500 2.3519 29 216 29 0.881
4.9418 5.4881 1.9176 21 222 21 0.914
-1.3440 0.7678 3.5055 26 218 26 0.892
-0.8487 -5.6250 3.6124 40 207 40 0.837
5.5832 5.2338 1.8672 10 231 10 0.958
-1.4227 4.9306 3.4415 43 205 43 0.826
-6.8326 5.9312 1.2485 32 214 32 0.870
-2.6259 4.5523 2.9355 38 209 38 0.848
7.4906 -1.2879 1.0063 26 218 26 0.892
3.2647 -2.4942 2.7724 38 209 38 0.848
-1.0569 6.9067 3.5213 35 211 35 0.859
-4.4266 -7.7760 2.1306 38 209 38 0.848
4.8511 -7.7051 2.0231 40 207 40 0.837
4.4105 6.4482 2.1901 32 214 32 0.870
-5.5918 -4.8679 1.7574 16 227 16 0.936
7.4364 1.2240 1.0001 43 205 43 0.826
-2.3292 5.1509 3.1310 7 233 7 0.969
-6.0128 -7.9492 1.5850 38 209 38 0.848
-2.5899 7.1823 3.0358 16 227 16 0.936
-3.1563 0.5135 2.7636 29 216 29 0.881
3.9636 3.5072 2.3558 26 218 26 0.892
4.9488 5.3650 2.0817 18 225 18 0.925
7.6286 -3.8735 0.9470 4 236 4 0.980
-4.1486 -2.6654 2.3829 26 218 26 0.892
-3.8632 2.8617 2.3508 46 202 46 0.815
-2.8671 7.0657 2.8839 35 211 35 0.859
4.3609 7.4535 2.3036 32 214 32 0.870
2.6517 7.7587 2.8993 40 207 40 0.837
-3.3722 6.6500 2.6849 26 218 26 0.892
-5.3806 -4.7488 1.7987 4 236 4 0.980
-0.7498 -2.3501 3.7031 46 202 46 0.815
2.7026 -3.3601 2.9286 21 222 21 0.914
7.6450 1.4202 0.9103 26 218 26 0.892
-1.5390 -3.2682 3.3158 13 229 13 0.947
2.6035 5.5467 2.9553 40 207 40 0.837
5.2239 -6.5575 1.9044 4 236 4 0.980
-5.0379 -5.6946 1.9590 43 205 43 0.826
2.6291 0.2767 2.9702 96 218 20 0.782
-4.7351 -7.1969 2.0860 105 215 20 0.760
0.4842 5.7022 3.7532 21 222 21 0.914
1.6389 -6.8775 3.3112 40 207 40 0.837
6.0330 -0.7219 1.6014 43 205 43 0.826
-7.2252 -3.2040 1.1922 40 207 40 0.837
4.1568 -0.6767 2.3489 24 220 24 0.903
-3.1767 6.3748 2.7842 24 220 24 0.903
-1.1970 5.7723 3.5443 24 220 24 0.903
3.0850 7.4250 2.7733 46 202 46 0.815
4.2877 -0.6713 2.3350 29 216 29 0.881
-0.7411 -3.3175 3.6749 21 222 21 0.914
-3.2393 -5.4789 2.6841 32 214 32 0.870
-0.9882 1.5543 3.5385 18 225 18 0.925
0.5407 5.8874 3.8525 24 220 24 0.903
-7.4946 -5.2953 1.0557 40 207 40 0.837
-0.0526 -4.9477 4.0113 21 222 21 0.914
-4.7249 -5.2510 2.1347 21 222 21 0.914
5.7253 -0.6462 1.6201 13 229 13 0.947
3.6802 7.5137 2.4870 26 218 26 0.892
5.9056 6.0950 1.6514 21 222 21 0.914
0.6690 6.0272 3.7693 32 214 32 0.870
1.9975 5.5270 3.1555 92 219 20 0.793
-6.3822 2.0014 1.4763 43 205 43 0.826
1.3583 4.3194 3.4550 16 227 16 0.936
6.8277 -5.0884 1.2639 10 231 10 0.958
4.9995 2.4016 2.0754 26 218 26 0.892
-6.8692 -3.6193 1.2576 38 209 38 0.848
-3.2915 -3.8949 2.7290 29 216 29 0.881
-6.5101 6.8418 1.3953 26 218 26 0.892
-4.8357 3.2689 2.0976 21 222 21 0.914
-6.7438 3.2303 1.2848 13 229 13 0.947
0.3742 5.9232 3.8285 21 222 21 0.914
-6.6669 3.9903 1.4379 46 202 46 0.815
3.4490 2.0563 2.5929 26 218 26 0.892
1.8223 0.7105 3.2409 46 202 46 0.815
3.0032 -5.9345 2.7491 26 218 26 0.892
2.7466 5.1037 2.8574 38 209 38 0.848
6.0786 -2.2556 1.5078 21 222 21 0.914
2.1709 -1.9024 3.1850 29 216 29 0.881
3.4449 -6.8606 2.6109 29 216 29 0.881
-0.4813 1.7692 3.8007 13 229 13 0.947
1.6349 -2.8391 3.3839 38 209 38 0.848
7.0249 -6.4810 1.1808 29 216 29 0.881
3.4763 -3.3598 2.5640 26 218 26 0.892
6.6078 2.9030 1.3675 48 200 48 0.804
1.9903 -5.7514 3.1043 92 219 20 0.793
-0.5109 -4.8029 3.6945 35 211 35 0.859
-2.9313 2.6859 2.7886 38 209 38 0.848
-7.4036 -3.7801 1.0810 24 220 24 0.903
-2.3493 -0.6223 3.0342 35 211 35 0.859
-4.4507 -3.7980 2.1844 40 207 40 0.837
-0.3364 2.6139 3.8642 26 218 26 0.892
-0.5254 -4.2591 3.8609 26 218 26 0.892
6.0606 5.3470 1.5635 26 218 26 0.892
-7.5505 -3.5215 0.9736 40 207 40 0.837
-3.2614 -3.8880 2.6205 24 220 24 0.903
-4.7850 -2.1390 2.0384 32 214 32 0.870
3.8570 1.9809 2.4293 21 222 21 0.914
6.5882 -1.7348 1.4511 24 220 24 0.903
5.7550 6.4420 1.6504 29 216 29 0.881
-6.1742 -3.4760 1.4734 40 207 40 0.837
-0.4272 -2.8963 3.8841 24 220 24 0.903
-0.3253 3.7856 3.8047 32 214 32 0.870
3.5755 -4.8964 2.5251 24 220 24 0.903
-7.9758 -1.7319 0.8290 35 211 35 0.859
2.6135 -1.9602 2.8938 100 217 20 0.771
3.7932 -0.7261 2.3723 29 216 29 0.881
6.2443 -7.4630 1.5341 4 236 4 0.980
7.2704 2.4519 1.1970 43 205 43 0.826
-5.1004 -0.8118 1.9337 38 209 38 0.848
-7.8786 -4.4861 0.8483 38 209 38 0.848
6.6281 7.6234 1.4108 38 209 38 0.848
-5.5102 -3.0015 1.7899 29 216 29 0.881
3.0883 6.3125 2.6715 26 218 26 0.892
3.3132 3.6633 2.6987 29 216 29 0.881
-1.8540 0.8921 3.2404 48 200 48 0.804
-2.6578 6.3922 2.8701 43 205 43 0.826
5.3129 5.8072 1.9190 38 209 38 0.848
6.7221 -4.7949 1.3688 13 229 13 0.947
-2.2847 3.5080 3.1366 26 218 26 0.892
1.2587 -2.2148 3.5749 29 216 29 0.881
-1.9166 4.5199 3.2807 24 220 24 0.903
0.8953 -3.7880 3.5851 18 225 18 0.925
1.7969 2.9269 3.3438 96 218 20 0.782
-3.2793 5.0637 2.6618 32 214 32 0.870
0.9146 -4.2006 3.7055 35 211 35 0.859
-7.6723 -7.1551 1.0008 10 231 10 0.958
5.3154 -1.1079 1.9320 26 218 26 0.892
3.4706 -1.0339 2.6231 96 218 20 0.782
6.4784 -6.3370 1.3984 21 222 21 0.914
-0.0435 -2.7593 3.9205 16 227 16 0.936
-5.4119 5.8345 1.8527 7 233 7 0.969
5.4905 -7.6624 1.7969 18 225 18 0.925
5.9896 7.6082 1.6609 21 222 21 0.914
-3.6285 5.7740 2.4260 18 225 18 0.925
2.2326 -0.3988 3.1190 96 218 20 0.782
-0.6101 -2.6618 3.7350 24 220 24 0.903
6.5581 4.9237 1.4370 43 205 43 0.826
-7.4648 -5.0229 1.0712 24 220 24 0.903
6.2468 -3.6296 1.4858 40 207 40 0.837
3.5652 -0.9568 2.5208 38 209 38 0.848
1.2581 -1.8293 3.4350 10 231 10 0.958
-2.6350 -4.2676 2.8912 43 205 43 0.826
-4.7635 -5.3101 2.1523 24 220 24 0.903
-4.3990 1.5461 2.2413 35 211 35 0.859
-0.8404 0.3480 3.6101 18 225 18 0.925
-7.5621 -5.7618 1.0819 21 222 21 0.914
0.3910 2.2820 3.8672 26 218 26 0.892
-6.4833 7.0465 1.4202 40 207 40 0.837
3.2289 -0.9968 2.7884 43 205 43 0.826
7.1047 -3.9412 1.2062 29 216 29 0.881
7.5105 0.7118 0.9836 43 205 43 0.826
-1.5778 5.7876 3.2765 29 216 29 0.881
-2.4842 4.8966 3.0017 38 209 38 0.848
-5.1996 3.0867 1.8892 29 216 29 0.881
-1.3274 5.7963 3.4204 10 231 10 0.958
-2.6283 0.9229 2.9614 38 209 38 0.848
-4.8957 5.4248 2.0574 40 207 40 0.837
4.1073 -0.8591 2.3542 32 214 32 0.870
-4.5849 -4.3152 2.1735 21 222 21 0.914
-3.3058 -4.5926 2.7820 92 219 20 0.793
-3.0149 -3.8599 2.7623 24 220 24 0.903
2.9767 3.2064 2.7552 16 227 16 0.936
-2.4818 -5.2614 3.0518 46 202 46 0.815
-7.0815 5.8299 1.1374 46 202 46 0.815
-4.1808 -1.0188 2.4280 4 236 4 0.980
-3.3900 6.7251 2.6344 29 216 29 0.881
-1.2524 5.8139 3.5270 24 220 24 0.903
2.4568 3.2486 2.9827 16 227 16 0.936
-0.3012 3.0104 3.9628 40 207 40 0.837
4.5181 -4.5686 2.1246 29 216 29 0.881
1.5815 6.8965 3.3546 32 214 32 0.870
2.5760 0.3255 2.9816 43 205 43 0.826
0.4194 -2.6813 3.7955 29 216 29 0.881
6.7009 -3.1853 1.2343 35 211 35 0.859
2.9137 -5.5831 2.7811 35 211 35 0.859
-4.8179 1.8815 2.0258 35 211 35 0.859
3.8924 3.1570 2.4620 21 222 21 0.914
3.0993 -4.9204 2.6540 29 216 29 0.881
-5.0344 -6.2844 1.9931 48 200 48 0.804
-0.9135 4.7801 3.5513 100 217 20 0.771
5.9308 2.6692 1.5964 16 227 16 0.936
1.4478 1.2370 3.4368 48 200 48 0.804
4.3212 -5.5129 2.2696 43 205 43 0.826
-4.3555 -1.6678 2.2674 35 211 35 0.859
4.7968 -7.1224 2.0926 29 216 29 0.881
-5.6801 5.2288 1.7236 43 205 43 0.826
4.0209 -1.0380 2.3150 100 217 20 0.771
-7.5808 -1.1475 0.9238 24 220 24 0.903
-5.8254 -1.5152 1.6097 43 205 43 0.826
-5.5392 5.4327 1.8177 32 214 32 0.870
5.1570 6.6309 1.9688 26 218 26 0.892
7.5893 -0.9387 1.0024 48 200 48 0.804
-6.5354 6.0619 1.3384 43 205 43 0.826
0.5216 -4.4291 3.8063 46 202 46 0.815
-7.8110 5.2944 0.9208 96 218 20 0.782
2.4799 2.7028 3.0169 43 205 43 0.826
-6.0026 3.3518 1.6245 96 218 20 0.782
2.8615 5.7395 2.8488 35 211 35 0.859
-1.3963 -7.5354 3.4373 18 225 18 0.925
7.3595 -3.9015 1.0360 18 225 18 0.925
-7.1691 0.6271 1.0418 92 219 20 0.793
-4.3760 2.2838 2.2164 29 216 29 0.881
3.1707 -6.0375 2.7596 29 216 29 0.881
-3.0006 1.0841 2.7662 35 211 35 0.859
-2.2006 5.5630 3.1536 16 227 16 0.936
-7.1966 -2.6048 1.1594 32 214 32 0.870
-7.0620 2.9470 1.1300 38 209 38 0.848
4.9483 4.0852 2.0495 18 225 18 0.925
3.4578 0.3081 2.5958 32 214 32 0.870
7.3079 5.1325 1.1049 24 220 24 0.903
0.0911 -0.5872 3.9550 40 207 40 0.837
-7.4231 -6.9571 1.0803 10 231 10 0.958
5.2218 -5.9323 1.9652 4 236 4 0.980
2.5195 -2.4156 2.9635 29 216 29 0.881
1.0001 2.6395 3.5834 29 216 29 0.881
5.0600 -6.2395 1.9778 7 233 7 0.969
-6.6516 1.0418 1.3057 32 214 32 0.870
-2.9807 -2.8369 2.7490 29 216 29 0.881
-0.2426 1.2073 3.8992 29 216 29 0.881
3.3940 -7.3875 2.6106 26 218 26 0.892
0.2388 -1.0825 3.8621 7 233 7 0.969
5.5032 0.1987 1.7484 29 216 29 0.881
3.7251 4.4578 2.3890 24 220 24 0.903
-3.5867 -0.5278 2.4794 40 207 40 0.837
4.6735 -2.9583 2.1003 24 220 24 0.903
-7.1227 1.5821 1.1150 92 219 20 0.793
3.6633 -4.0994 2.5654 40 207 40 0.837
-2.4760 -1.7317 3.0757 40 207 40 0.837
5.4738 -4.0336 1.9088 32 214 32 0.870
4.7884 -6.6423 2.1210 26 218 26 0.892
-7.2067 -7.5713 1.1795 35 211 35 0.859
-4.5304 -4.3955 2.1888 18 225 18 0.925
-7.2310 -4.2007 1.1184 24 220 24 0.903
7.1808 -0.9370 1.0564 92 219 20 0.793
-1.8406 1.5327 3.2387 26 218 26 0.892
-6.0036 4.3286 1.5862 24 220 24 0.903
6.6315 5.5391 1.3333 16 227 16 0.936
-5.7619 -1.0806 1.7291 26 218 26 0.892
-2.5568 1.6969 3.0391 40 207 40 0.837
-3.7366 4.5979 2.4858 26 218 26 0.892
7.8660 5.2349 0.8617 24 220 24 0.903
-5.7398 -6.2862 1.7258 38 209 38 0.848
-1.1699 7.3103 3.5346 40 207 40 0.837
1.1547 -2.8633 3.5008 26 218 26 0.892
1.2791 -1.5009 3.4812 4 236 4 0.980
-3.5540 -4.6224 2.6088 24 220 24 0.903
3.8755 -5.0333 2.4841 24 220 24 0.903
3.8239 3.8440 2.5397 109 214 20 0.749
5.8655 2.1610 1.6543 10 231 10 0.958
5.1624 3.0105 1.9240 32 214 32 0.870
3.2516 -6.8734 2.7099 26 218 26 0.892
-5.1994 3.2252 1.9838 32 214 32 0.870
1.3645 7.2313 3.4286 38 209 38 0.848
1.8661 -1.1929 3.2612 40 207 40 0.837
7.6314 3.6251 0.9028 38 209 38 0.848
-0.3732 -3.9127 3.8279 43 205 43 0.826
7.8181 2.0860 0.8606 40 207 40 0.837
-6.3224 -4.8699 1.4664 48 200 48 0.804
-1.8129 4.4633 3.2432 32 214 32 0.870
-4.8340 7.1399 2.0918 35 211 35 0.859
6.4513 -7.6860 1.4432 21 222 21 0.914
-6.6249 -0.0673 1.3781 38 209 38 0.848
5.3950 0.0011 1.8703 26 218 26 0.892
0.5750 0.8222 3.7963 48 200 48 0.804
-1.7128 3.1535 3.3391 40 207 40 0.837
4.7324 -7.7561 2.1012 117 212 20 0.727
6.1491 -2.4426 1.5692 38 209 38 0.848
5.3353 7.4445 1.8447 24 220 24 0.903
3.6459 2.2797 2.5626 35 211 35 0.859
-7.2921 3.5804 1.0388 38 209 38 0.848
5.4288 0.2225 1.8165 29 216 29 0.881
4.7693 7.1005 2.0957 7 233 7 0.969
-2.6329 -0.9715 2.9205 29 216 29 0.881
5.0533 0.9050 1.9321 32 214 32 0.870
4.6849 2.2405 2.0074 29 216 29 0.881
-5.5689 2.5126 1.7142 32 214 32 0.870
-2.8965 5.0574 2.7844 29 216 29 0.881
-0.6931 4.5073 3.6979 92 219 20 0.793
-2.4722 7.7748 2.9645 21 222 21 0.914
-4.1078 -3.7024 2.3283 32 214 32 0.870
-4.9518 6.2828 1.9992 18 225 18 0.925
-7.0879 -3.5259 1.0586 40 207 40 0.837
7.7022 7.2804 0.9055 21 222 21 0.914
-2.1982 -2.9545 3.1769 24 220 24 0.903
-7.0326 -3.9491 1.1961 29 216 29 0.881
1.0442 -5.8240 3.5845 35 211 35 0.859
-5.9625 3.0276 1.5066 38 209 38 0.848
4.2489 -0.4122 2.3295 18 225 18 0.925
-3.6181 -1.0946 2.5934 38 209 38 0.848
-2.4944 -3.3831 3.0598 18 225 18 0.925
2.4864 -2.7450 2.9783 24 220 24 0.903
6.5623 3.1347 1.2971 117 212 20 0.727
4.9446 -3.3916 2.0357 46 202 46 0.815
3.7170 6.6479 2.4920 24 220 24 0.903
5.9194 -6.6323 1.6114 29 216 29 0.881
-6.0709 5.9839 1.4844 10 231 10 0.958
-0.9742 -7.3785 3.6643 35 211 35 0.859
-3.1152 3.3449 2.8372 24 220 24 0.903
-0.5245 -7.1325 3.8054 92 219 20 0.793
-0.7534 5.0878 3.7490 29 216 29 0.881
3.4239 6.4141 2.6163 24 220 24 0.903
-3.5903 -1.0366 2.6417 43 205 43 0.826
-1.2190 -2.0704 3.4508 105 215 20 0.760
-0.6500 -4.9718 3.7531 29 216 29 0.881
4.8591 4.4162 2.0835 43 205 43 0.826
1.5954 7.0516 3.3706 29 216 29 0.881
4.9095 7.6688 1.9775 16 227 16 0.936
2.6127 2.7485 2.9822 96 218 20 0.782
3.8347 4.0310 2.4298 32 214 32 0.870
1.2241 6.5798 3.5295 29 216 29 0.881
-6.2942 6.0194 1.5300 18 225 18 0.925
-7.1622 -6.6178 1.1179 13 229 13 0.947
-7.0978 -6.0796 1.1716 16 227 16 0.936
-2.2413 -4.1219 3.0801 43 205 43 0.826
-4.1109 -6.6799 2.3615 35 211 35 0.859
1.8722 1.8442 3.2304 26 218 26 0.892
-5.6931 6.6584 1.6642 38 209 38 0.848
-7.9306 -3.7167 0.8079 46 202 46 0.815
-3.8486 -5.5080 2.5342 18 225 18 0.925
-1.2604 7.7545 3.5341 21 222 21 0.914
0.0228 -6.7249 3.9416 16 227 16 0.936
4.1698 4.9149 2.3783 29 216 29 0.881
-0.4265 -5.4218 3.8853 35 211 35 0.859
-5.9663 3.7477 1.4866 92 219 20 0.793
2.4135 -0.8918 3.0806 35 211 35 0.859
0.9483 7.8652 3.6841 96 218 20 0.782
2.6734 -7.6450 2.9895 35 211 35 0.859
-0.3438 -0.1551 3.9052 29 216 29 0.881
6.9291 6.6431 1.2490 21 222 21 0.914
-4.5093 -0.8406 2.2533 26 218 26 0.892
3.4136 -7.5297 2.5139 29 216 29 0.881
-5.3502 7.3832 1.7756 32 214 32 0.870
2.8508 -6.7614 2.9350 26 218 26 0.892
1.5963 3.9400 3.3630 24 220 24 0.903
-6.2876 0.4413 1.5063 29 216 29 0.881
-2.5933 1.5540 2.9390 29 216 29 0.881
0.9051 -7.9407 3.6452 113 213 20 0.738
-6.8144 -5.8715 1.2743 40 207 40 0.837
-0.6833 0.2360 3.6961 21 222 21 0.914
-1.4054 5.5754 3.3737 24 220 24 0.903
2.7692 1.8023 2.9673 7 233 7 0.969
7.0165 4.9153 1.1443 21 222 21 0.914
1.6964 -7.2593 3.3950 29 216 29 0.881
-6.8918 3.6055 1.2594 40 207 40 0.837
2.6476 5.1116 2.9903 26 218 26 0.892
3.6855 -5.1883 2.5133 21 222 21 0.914
4.1228 -7.1193 2.3362 26 218 26 0.892
3.3726 7.6301 2.6603 43 205 43 0.826
5.4495 5.7002 1.8053 40 207 40 0.837
2.1401 -0.9050 3.0596 29 216 29 0.881
-5.3637 4.8551 1.9250 29 216 29 0.881
-3.8668 5.7216 2.3882 35 211 35 0.859
7.4737 -0.4924 1.0093 46 202 46 0.815
-3.1088 -2.1642 2.7377 26 218 26 0.892
-6.1232 2.8943 1.5579 4 236 4 0.980
6.9318 6.3444 1.2566 21 222 21 0.914
1.9655 -6.3208 3.3643 46 202 46 0.815
6.0920 1.9170 1.5733 32 214 32 0.870
-2.8415 3.0902 2.8137 24 220 24 0.903
5.3357 -3.6297 1.8369 48 200 48 0.804
-6.5477 5.4924 1.4122 18 225 18 0.925
1.4952 7.3725 3.4256 26 218 26 0.892
2.0561 -4.2179 3.2114 38 209 38 0.848
-2.6655 7.6700 2.9839 13 229 13 0.947
0.1075 -6.0682 3.9616 46 202 46 0.815
-3.0880 -5.6859 2.7375 29 216 29 0.881
0.5946 -1.1710 3.8114 16 227 16 0.936
-4.4537 -1.8986 2.1434 38 209 38 0.848
-5.5259 -4.5496 1.8102 21 222 21 0.914
6.0616 -3.6835 1.5879 32 214 32 0.870
3.3347 -1.2060 2.7463 38 209 38 0.848
0.4357 -3.4333 3.7991 40 207 40 0.837
2.9870 7.6729 2.7889 38 209 38 0.848
2.3989 7.7858 3.0016 96 218 20 0.782
5.5066 -1.8966 1.8494 29 216 29 0.881
3.6139 3.5131 2.5537 43 205 43 0.826
-5.5354 0.8880 1.7753 35 211 35 0.859
2.8943 -6.8372 2.8104 32 214 32 0.870
-5.4091 7.4468 1.9122 32 214 32 0.870
2.9187 -3.2257 2.9061 24 220 24 0.903
1.0553 -0.1520 3.6247 26 218 26 0.892
-3.9791 -4.0684 2.3685 26 218 26 0.892
6.0757 -3.6655 1.5955 24 220 24 0.903
-1.6308 -7.1828 3.3105 32 214 32 0.870
7.4066 -2.5969 0.9760 24 220 24 0.903
-3.1626 -6.9345 2.7004 29 216 29 0.881
6.7911 -7.7873 1.2840 32 214 32 0.870
4.5196 4.2509 2.1580 38 209 38 0.848
6.9243 -4.1142 1.2084 38 209 38 0.848
5.8373 -0.2298 1.6708 40 207 40 0.837
-4.9758 4.7230 1.8633 48 200 48 0.804
-6.0444 -5.0500 1.5511 26 218 26 0.892
-2.0336 5.1430 3.1855 24 220 24 0.903
-0.2770 -5.0986 3.9233 29 216 29 0.881
4.1857 -4.5775 2.3522 29 216 29 0.881
-3.5120 -4.8637 2.6482 38 209 38 0.848
-4.3560 3.9885 2.1892 38 209 38 0.848
-1.4513 -7.1128 3.4688 46 202 46 0.815
-1.6011 -0.4609 3.3756 10 231 10 0.958
4.4258 -6.3304 2.2040 21 222 21 0.914
5.8451 1.9719 1.6645 7 233 7 0.969
-2.3321 -3.7993 3.0681 29 216 29 0.881
-7.5713 -5.9014 0.9186 21 222 21 0.914
2.4637 -2.6239 3.0804 24 220 24 0.903
7.0393 6.0891 1.1488 18 225 18 0.925
-0.5990 4.3160 3.8272 100 217 20 0.771
0.8052 6.9307 3.6591 46 202 46 0.815
3.1237 -3.6477 2.8505 29 216 29 0.881
2.3350 -6.2053 3.0483 26 218 26 0.892
4.4551 -3.7981 2.1728 29 216 29 0.881
-2.0690 -2.5096 3.1853 40 207 40 0.837
-0.5473 -0.2766 3.7667 38 209 38 0.848
1.6521 1.8411 3.3111 43 205 43 0.826
7.7989 6.6595 0.8904 40 207 40 0.837
6.9584 6.2523 1.2335 16 227 16 0.936
7.2324 -1.8601 1.1378 21 222 21 0.914
-4.8553 4.9184 2.0178 35 211 35 0.859
-0.1954 -5.3597 4.0125 29 216 29 0.881
-1.7839 1.2304 3.2262 40 207 40 0.837
-3.1538 -3.1696 2.7081 35 211 35 0.859
-3.4270 6.8167 2.6463 38 209 38 0.848
7.1541 -4.9062 1.2041 32 214 32 0.870
1.7168 -3.7539 3.3401 38 209 38 0.848
-3.0664 -2.2059 2.7701 29 216 29 0.881
7.8553 1.9381 0.9133 46 202 46 0.815
-1.5123 -5.8301 3.3963 43 205 43 0.826
6.6495 7.6620 1.2839 46 202 46 0.815
-3.8281 2.3481 2.4583 96 218 20 0.782
2.7194 -7.4621 2.8904 13 229 13 0.947
-7.4165 -0.5918 1.0569 29 216 29 0.881
1.6688 -4.3487 3.3405 24 220 24 0.903
2.8582 -2.5153 2.8243 26 218 26 0.892
-5.4339 -5.4011 1.8150 38 209 38 0.848
-5.3338 -2.7851 1.9248 26 218 26 0.892
7.1633 6.9869 1.2238 26 218 26 0.892
2.0769 1.0088 3.1072 100 217 20 0.771
5.6918 3.2927 1.6981 46 202 46 0.815
-2.3669 7.7486 3.0800 24 220 24 0.903
4.2467 6.0631 2.3228 29 216 29 0.881
-5.5969 -1.8977 1.7272 29 216 29 0.881
-4.3595 3.0129 2.2283 29 216 29 0.881
-5.0532 -7.6779 2.0702 92 219 20 0.793
7.6059 6.1341 0.9107 16 227 16 0.936
1.8695 -4.4188 3.3241 29 216 29 0.881
-4.6765 3.0597 2.1552 21 222 21 0.914
1.5047 6.0285 3.3526 24 220 24 0.903
-6.4951 -7.1963 1.4030 29 216 29 0.881
4.1839 -6.4029 2.2708 38 209 38 0.848
5.8906 -1.6450 1.6840 26 218 26 0.892
4.6196 2.9001 2.1285 43 205 43 0.826
-3.1204 5.4049 2.7772 38 209 38 0.848
-7.4189 2.6374 1.0536 46 202 46 0.815
5.7346 6.8814 1.6817 16 227 16 0.936
7.0013 7.8041 1.2550 113 213 20 0.738
5.2585 -6.6591 1.9229 4 236 4 0.980
-0.7095 -5.1600 3.7164 38 209 38 0.848
7.4712 -0.4201 0.9164 46 202 46 0.815
-5.9253 1.1685 1.6173 24 220 24 0.903
5.0751 -2.3404 1.9793 32 214 32 0.870
7.2424 6.2018 1.0960 4 236 4 0.980
6.6802 -5.8901 1.3103 7 233 7 0.969
3.9190 -5.0192 2.3927 24 220 24 0.903
4.7747 3.4015 2.0514 100 217 20 0.771
2.3634 6.6368 3.0777 7 233 7 0.969
-5.6093 -3.3693 1.7217 35 211 35 0.859
-5.6061 -1.8556 1.8126 35 211 35 0.859
-2.9526 -0.4923 2.8306 32 214 32 0.870
-5.9948 3.0271 1.6328 32 214 32 0.870
4.0703 1.0676 2.4729 29 216 29 0.881
-7.6654 5.3519 0.8978 40 207 40 0.837
-7.7172 4.9712 0.8971 96 218 20 0.782
6.2129 -6.8749 1.5401 21 222 21 0.914
3.6931 2.8434 2.5280 40 207 40 0.837
2.6356 -5.4650 2.9930 35 211 35 0.859
5.7773 -1.4962 1.6996 18 225 18 0.925
2.3899 -2.9269 3.0672 21 222 21 0.914
1.5880 0.5545 3.3281 92 219 20 0.793
-7.6463 4.1012 0.9707 7 233 7 0.969
-3.2401 3.6595 2.6846 38 209 38 0.848
-3.1617 -3.5505 2.7177 21 222 21 0.914
5.6511 -7.5491 1.7233 26 218 26 0.892
-3.4851 1.0642 2.5825 32 214 32 0.870
7.9900 6.9930 0.7683 48 200 48 0.804
-5.5931 -7.6767 1.7369 21 222 21 0.914
3.1361 -2.2528 2.7472 35 211 35 0.859
5.8927 -1.1684 1.6296 35 211 35 0.859
1.4470 -2.0937 3.3160 38 209 38 0.848
4.2976 -7.1257 2.2412 24 220 24 0.903
0.1518 -2.3776 3.8658 35 211 35 0.859
3.7919 2.0167 2.5254 29 216 29 0.881
4.8853 2.7239 2.0135 16 227 16 0.936
6.2021 -6.1342 1.5257 24 220 24 0.903
-3.9519 -1.5333 2.4999 29 216 29 0.881
-4.2737 -7.5043 2.2654 13 229 13 0.947
2.7676 2.1971 2.8727 35 211 35 0.859
5.9777 0.8429 1.6106 24 220 24 0.903
-5.9391 -1.6474 1.6382 48 200 48 0.804
7.2687 -6.1541 1.0709 43 205 43 0.826
7.9441 5.3164 0.6921 92 219 20 0.793
-7.5543 -2.4358 0.9610 46 202 46 0.815
0.5015 -4.2486 3.7864 100 217 20 0.771
6.6600 -0.8521 1.3885 32 214 32 0.870
1.8062 3.4620 3.3464 40 207 40 0.837
3.3138 -0.7785 2.7145 38 209 38 0.848
2.2865 6.0971 3.0423 29 216 29 0.881
-7.3267 7.5995 1.0032 38 209 38 0.848
4.5122 4.1722 2.1848 40 207 40 0.837
4.5293 1.6537 2.2372 43 205 43 0.826
-0.0470 5.0455 4.0556 26 218 26 0.892
-0.4367 -1.9438 3.8202 32 214 32 0.870
-3.4984 -4.7380 2.5515 32 214 32 0.870
5.2049 0.4787 1.8836 40 207 40 0.837
-0.9697 -7.8925 3.6130 96 218 20 0.782
1.7790 -0.9678 3.2779 46 202 46 0.815
3.7351 3.3013 2.4905 18 225 18 0.925
4.7182 -4.6534 2.0843 26 218 26 0.892
1.1116 7.7456 3.5268 92 219 20 0.793
-3.1528 5.6285 2.7229 18 225 18 0.925
7.5909 -7.6888 0.9897 35 211 35 0.859
4.5455 0.4271 2.2496 32 214 32 0.870
-7.0325 2.7321 1.2040 43 205 43 0.826
-2.1025 2.2349 3.2380 92 219 20 0.793
-1.4069 -4.1794 3.4892 43 205 43 0.826
0.0011 6.8496 3.9546 24 220 24 0.903
7.4273 -1.5481 1.0794 24 220 24 0.903
-0.7849 -0.1139 3.6299 40 207 40 0.837
-2.1246 2.9732 3.2006 29 216 29 0.881
1.8275 -4.6947 3.1859 46 202 46 0.815
-3.4582 5.6270 2.5809 29 216 29 0.881
-5.3115 3.6374 1.9085 105 215 20 0.760
5.8582 6.7262 1.7118 16 227 16 0.936
1.0041 -1.1702 3.5977 16 227 16 0.936
4.7221 -1.1892 2.0731 32 214 32 0.870
-4.3778 4.0299 2.2866 29 216 29 0.881
0.8591 -3.8705 3.6380 26 218 26 0.892
-2.1169 5.8903 3.1118 40 207 40 0.837
-3.2660 -5.0977 2.6441 35 211 35 0.859
-7.4252 5.9586 1.0725 92 219 20 0.793
-3.2465 -6.0317 2.6414 35 211 35 0.859
-3.4026 -3.0785 2.6114 26 218 26 0.892
-0.1326 -3.9531 4.0149 32 214 32 0.870
-4.0613 -1.0390 2.3666 4 236 4 0.980
-7.6035 6.9851 0.9876 40 207 40 0.837
-5.9568 -6.1437 1.6836 43 205 43 0.826
-0.0849 5.3491 3.9638 26 218 26 0.892
-4.1289 -4.4033 2.3376 4 236 4 0.980
-1.7154 3.3656 3.2924 32 214 32 0.870
-5.0473 4.0827 2.0621 43 205 43 0.826
-7.7112 -7.9027 0.9366 96 218 20 0.782
-7.1646 4.4577 1.2295 48 200 48 0.804
7.3912 -7.6040 1.0897 32 214 32 0.870
-3.8404 -1.3083 2.4278 26 218 26 0.892
4.3334 4.0516 2.1955 24 220 24 0.903
6.7860 -7.3907 1.2362 32 214 32 0.870
-4.3391 -4.1407 2.2038 16 227 16 0.936
5.0301 6.2713 2.0314 35 211 35 0.859
3.0948 -2.5948 2.7944 29 216 29 0.881
-2.7800 -5.9858 2.8981 32 214 32 0.870
-1.3158 -1.7930 3.4488 43 205 43 0.826
0.1750 0.3454 3.9669 21 222 21 0.914
-4.5249 -3.5658 2.1693 40 207 40 0.837
-4.0486 2.7184 2.3075 29 216 29 0.881
5.5040 -2.7347 1.8284 40 207 40 0.837
4.4722 5.0337 2.1915 38 209 38 0.848
-0.5615 7.4489 3.8541 32 214 32 0.870
-7.0758 -7.2102 1.1976 26 218 26 0.892
-4.8542 -4.4069 2.0875 24 220 24 0.903
4.0233 -3.4265 2.4245 10 231 10 0.958
1.5228 -2.4384 3.4247 35 211 35 0.859
1.4423 -4.0920 3.3923 38 209 38 0.848
5.9123 -7.6677 1.6357 26 218 26 0.892
-3.7808 -2.5867 2.4128 40 207 40 0.837
-6.3399 1.0620 1.4632 32 214 32 0.870
-3.6424 -0.1064 2.5415 16 227 16 0.936
0.7294 -3.5868 3.7240 21 222 21 0.914
-1.8534 3.1732 3.3268 32 214 32 0.870
-3.2452 -3.5232 2.7532 21 222 21 0.914
-5.3268 -2.9929 1.9226 26 218 26 0.892
-7.5952 -6.6967 0.9604 18 225 18 0.925
-0.4056 6.9145 3.7985 35 211 35 0.859
4.2239 2.3851 2.3230 105 215 20 0.760
-7.7081 -5.9293 0.9355 35 211 35 0.859
-4.3213 3.2275 2.2441 26 218 26 0.892
-6.5192 -3.3122 1.3461 21 222 21 0.914
7.2351 1.5408 1.0907 46 202 46 0.815
-2.9924 2.8993 2.7293 40 207 40 0.837
-5.0670 -6.2797 1.9573 46 202 46 0.815
-1.8129 -6.2867 3.3465 29 216 29 0.881
-5.5181 1.7970 1.7255 43 205 43 0.826
-6.0856 0.5760 1.5839 18 225 18 0.925
3.9248 6.0261 2.4786 46 202 46 0.815
3.6609 7.5555 2.5486 32 214 32 0.870
1.1623 -7.3033 3.5337 29 216 29 0.881
3.6639 -7.4481 2.5802 16 227 16 0.936
1.6042 -6.9546 3.3071 38 209 38 0.848
-5.4103 -3.3965 1.7743 32 214 32 0.870
2.7690 1.9790 2.7618 21 222 21 0.914
-3.4235 0.4969 2.6176 4 236 4 0.980
-2.9212 3.5844 2.8651 26 218 26 0.892
5.7951 5.9782 1.6046 26 218 26 0.892
7.9352 6.8301 0.7603 48 200 48 0.804
6.3122 1.6072 1.4991 38 209 38 0.848
-1.8062 -3.1540 3.1841 92 219 20 0.793
1.9466 -0.6864 3.1451 38 209 38 0.848
-4.8447 5.8984 2.0891 10 231 10 0.958
0.0019 6.6667 3.9780 32 214 32 0.870
-4.7420 -7.4000 2.0795 92 219 20 0.793
6.7169 6.6846 1.2367 32 214 32 0.870
6.7564 0.4749 1.2997 32 214 32 0.870
-0.2865 1.5693 3.8755 10 231 10 0.958
4.5146 6.5015 2.2348 32 214 32 0.870
-4.8946 0.2707 2.0051 32 214 32 0.870
7.4381 7.2713 0.9917 29 216 29 0.881
-5.8146 0.7556 1.6324 10 231 10 0.958
5.7663 4.7013 1.6397 40 207 40 0.837
0.2928 -1.3131 3.8045 10 231 10 0.958
-2.6199 4.5104 2.9691 40 207 40 0.837
3.7896 -3.3044 2.5527 4 236 4 0.980
-0.4947 5.7879 3.7573 38 209 38 0.848
5.0375 4.2210 2.0324 18 225 18 0.925
-5.2584 6.2372 1.9376 16 227 16 0.936
-5.9471 6.1766 1.6979 18 225 18 0.925
-5.1065 -2.5269 1.9958 35 211 35 0.859
-7.5874 3.4879 1.0009 29 216 29 0.881
-7.7553 -3.0464 0.9339 38 209 38 0.848
-0.4725 -0.8610 3.8607 100 217 20 0.771
-7.4143 -4.8532 1.0351 40 207 40 0.837
0.3702 -1.2109 3.8476 4 236 4 0.980
1.3130 -7.8429 3.4895 109 214 20 0.749
-2.7981 5.9926 2.8823 21 222 21 0.914
-2.0122 -3.2955 3.2042 38 209 38 0.848
-4.3195 -5.0845 2.3114 21 222 21 0.914
-4.4333 -1.1449 2.2211 32 214 32 0.870
-6.9687 -5.3249 1.2108 21 222 21 0.914
-6.5637 6.8013 1.3602 32 214 32 0.870
-2.0726 1.4110 3.2450 26 218 26 0.892
-6.0424 7.7157 1.5632 100 217 20 0.771
1.1779 -7.2227 3.5044 32 214 32 0.870
4.2841 7.3502 2.3468 35 211 35 0.859
-5.5433 -0.6030 1.8440 46 202 46 0.815
6.5597 -6.4900 1.4067 13 229 13 0.947
6.0777 -5.1712 1.6120 48 200 48 0.804
2.2631 0.3689 3.0501 16 227 16 0.936
4.5613 7.6746 2.1277 29 216 29 0.881
-4.3020 0.6795 2.2228 29 216 29 0.881
6.0936 -5.1348 1.6716 48 200 48 0.804
-1.4721 -6.4504 3.4078 43 205 43 0.826
7.2412 -2.3154 1.0668 29 216 29 0.881
1.4768 4.3872 3.4622 18 225 18 0.925
-3.1291 5.3729 2.7522 40 207 40 0.837
0.7663 5.8044 3.7784 29 216 29 0.881
-3.9085 1.6117 2.5117 7 233 7 0.969
-4.8859 1.2555 2.0475 43 205 43 0.826
5.4509 6.7311 1.8531 29 216 29 0.881
0.0234 -6.3719 4.0027 24 220 24 0.903
3.6867 -7.4794 2.5108 18 225 18 0.925
-7.0139 -3.3720 1.1859 35 211 35 0.859
0.2822 -2.7854 3.9054 35 211 35 0.859
-2.0400 -5.4308 3.1064 48 200 48 0.804
2.2775 -7.7165 3.0946 96 218 20 0.782
2.5442 1.8191 2.9142 18 225 18 0.925
5.2690 -0.1030 1.9080 26 218 26 0.892
3.9726 -4.8504 2.4916 24 220 24 0.903
-4.0493 -5.5308 2.4090 24 220 24 0.903
-6.2576 -6.6560 1.5681 24 220 24 0.903
1.9866 -2.8912 3.2312 18 225 18 0.925
0.4582 -5.2067 3.8412 26 218 26 0.892
5.2114 -6.0752 1.8351 4 236 4 0.980
-3.4298 -1.6840 2.5867 32 214 32 0.870
0.2716 3.8623 3.8851 35 211 35 0.859
-2.9980 -6.1659 2.7959 38 209 38 0.848
2.1686 -6.0837 3.1688 96 218 20 0.782
-1.1148 -2.2441 3.5103 113 213 20 0.738
-2.0956 -3.0612 3.2137 26 218 26 0.892
-0.5502 6.0829 3.7532 24 220 24 0.903
-4.7447 -6.0182 2.0833 43 205 43 0.826
2.9699 -7.4491 2.8503 43 205 43 0.826
4.7149 -0.8401 2.1093 21 222 21 0.914
4.0828 4.2554 2.3200 16 227 16 0.936
5.5017 6.7575 1.7477 24 220 24 0.903
-2.7919 1.3464 2.8998 18 225 18 0.925
-5.2359 2.4536 1.9646 24 220 24 0.903
-2.3801 3.8232 3.0672 32 214 32 0.870
3.5452 -7.3941 2.6127 21 222 21 0.914
6.6075 -5.0042 1.3903 4 236 4 0.980
0.1682 6.5211 3.9811 32 214 32 0.870
-5.9541 -7.0879 1.7031 43 205 43 0.826
-5.0988 -4.1544 1.9152 32 214 32 0.870
6.9986 -0.7921 1.2180 96 218 20 0.782
-4.5900 -2.9178 2.2311 18 225 18 0.925
0.5963 3.5449 3.7706 92 219 20 0.793
4.8180 4.4182 2.0990 46 202 46 0.815
-2.8573 -1.9600 2.8720 24 220 24 0.903
0.5100 4.4735 3.8044 32 214 32 0.870
6.7630 -4.9062 1.2891 7 233 7 0.969
3.2012 3.4076 2.6768 4 236 4 0.980
6.4033 -6.4179 1.4420 24 220 24 0.903
1.9402 3.6859 3.1519 38 209 38 0.848
-3.5126 6.7588 2.6433 26 218 26 0.892
7.7947 6.0760 0.7645 43 205 43 0.826
-4.6536 6.0783 2.0949 21 222 21 0.914
4.4590 0.8497 2.1582 24 220 24 0.903
-6.4182 -2.2279 1.4078 26 218 26 0.892
-1.1485 5.9776 3.4752 26 218 26 0.892
-0.2168 -4.3930 3.9144 26 218 26 0.892
7.7509 -6.7042 1.0074 43 205 43 0.826
-6.5911 -3.0492 1.3924 7 233 7 0.969
4.8988 7.1621 2.0551 18 225 18 0.925
-1.6185 0.6960 3.3886 40 207 40 0.837
-6.8807 -7.1309 1.2576 26 218 26 0.892
-5.8231 -2.6085 1.6069 26 218 26 0.892
2.2685 7.2829 3.0865 21 222 21 0.914
1.2999 1.4058 3.5149 46 202 46 0.815
-5.9188 7.2976 1.5995 38 209 38 0.848
-0.6899 -4.9877 3.7307 35 211 35 0.859
6.5539 -6.5907 1.3802 7 233 7 0.969
3.1445 -1.7300 2.7519 29 216 29 0.881
-3.0126 -1.7748 2.8468 32 214 32 0.870
-4.6053 -4.2887 2.1134 26 218 26 0.892
4.0265 0.1121 2.2940 26 218 26 0.892
6.4853 -0.6095 1.4029 43 205 43 0.826
0.4519 5.0810 3.7529 7 233 7 0.969
6.7799 3.4688 1.2386 29 216 29 0.881
6.8569 2.8947 1.1981 43 205 43 0.826
-1.7499 -0.6842 3.3485 26 218 26 0.892
4.1295 0.1252 2.2855 21 222 21 0.914
-2.8617 -0.7001 2.8506 38 209 38 0.848
-2.9143 -5.3981 2.8081 46 202 46 0.815
2.8377 -1.4488 2.7926 32 214 32 0.870
-6.3544 -4.2178 1.3779 32 214 32 0.870
-5.9951 1.8003 1.5801 40 207 40 0.837
-4.2004 7.4943 2.3422 38 209 38 0.848
-3.9946 -5.8385 2.4403 40 207 40 0.837
5.8234 -0.2149 1.7365 38 209 38 0.848
6.1357 0.7944 1.6241 40 207 40 0.837
-6.4356 -5.1150 1.5067 92 219 20 0.793
-2.4562 -1.3331 3.0869 35 211 35 0.859
5.2209 3.5515 1.9202 26 218 26 0.892
-3.5820 -5.8691 2.5608 38 209 38 0.848
-0.7293 5.2334 3.8379 40 207 40 0.837
0.6586 -3.5558 3.7670 35 211 35 0.859
7.1241 2.5140 1.2241 35 211 35 0.859
-3.0112 4.4774 2.6911 40 207 40 0.837
5.9191 -0.3204 1.6017 92 219 20 0.793
1.4968 -4.3613 3.3832 26 218 26 0.892
0.4786 -0.2018 3.7836 40 207 40 0.837
-5.5588 -4.7003 1.7627 18 225 18 0.925
-4.7918 -1.5866 2.0097 24 220 24 0.903
-3.9779 0.3355 2.4358 24 220 24 0.903
-7.0081 3.0998 1.1612 38 209 38 0.848
2.7677 1.1276 2.7873 29 216 29 0.881
2.0056 1.9630 3.1209 24 220 24 0.903
3.1145 -5.7149 2.7466 24 220 24 0.903
-3.0900 -6.4516 2.8801 35 211 35 0.859
0.5816 -5.5250 3.7419 40 207 40 0.837
-6.8875 -2.6279 1.1690 38 209 38 0.848
6.5426 1.0371 1.4302 16 227 16 0.936
-1.2345 5.6558 3.5146 24 220 24 0.903
5.3829 -1.4101 1.8824 35 211 35 0.859
3.1581 7.2513 2.7187 48 200 48 0.804
5.0898 -6.3565 2.0391 13 229 13 0.947
-6.0906 -0.1486 1.5935 40 207 40 0.837
-3.3536 1.5676 2.6190 16 227 16 0.936
6.9323 -3.3001 1.1756 38 209 38 0.848
7.1474 0.7698 1.0810 18 225 18 0.925
-2.0225 -6.4401 3.2043 32 214 32 0.870
2.7291 -6.4001 2.9501 4 236 4 0.980
-4.1444 -3.5787 2.3336 32 214 32 0.870
-7.8437 0.7463 0.8648 96 218 20 0.782
-3.7495 2.9695 2.4870 35 211 35 0.859
-5.4658 -2.2047 1.7951 29 216 29 0.881
0.8764 -0.0619 3.7227 35 211 35 0.859
4.8933 -3.9587 2.0126 35 211 35 0.859
-5.6137 1.9903 1.8023 21 222 21 0.914
-6.3490 -2.5489 1.4308 7 233 7 0.969
-4.3836 3.7478 2.3353 46 202 46 0.815
-1.4609 -3.0454 3.4351 26 218 26 0.892
1.4619 5.5440 3.3660 38 209 38 0.848
-7.6492 -6.5814 0.8594 40 207 40 0.837
-3.6893 6.1297 2.4686 32 214 32 0.870
3.9274 5.3775 2.4562 35 211 35 0.859
1.2645 6.8997 3.4406 35 211 35 0.859
-0.1892 5.5215 3.8934 40 207 40 0.837
-6.6469 0.3942 1.2254 32 214 32 0.870
-6.7731 1.2910 1.2896 24 220 24 0.903
3.3458 2.7111 2.6415 96 218 20 0.782
7.6837 -4.6248 1.0505 48 200 48 0.804
-5.9478 7.1797 1.5394 92 219 20 0.793
6.6145 -5.0450 1.3207 7 233 7 0.969
5.6068 -7.3555 1.7615 29 216 29 0.881
5.4924 -5.9599 1.7535 4 236 4 0.980
1.2877 1.2091 3.4917 46 202 46 0.815
-0.1487 3.4147 3.9833 26 218 26 0.892
-7.5361 7.2781 1.0245 96 218 20 0.782
-6.2031 5.5383 1.5115 48 200 48 0.804
0.5196 2.5750 3.9058 35 211 35 0.859
-4.3518 5.2047 2.2435 24 220 24 0.903
0.5764 -3.4076 3.6730 48 200 48 0.804
-6.3279 -6.1354 1.4504 35 211 35 0.859
-7.6645 -4.3625 0.9839 26 218 26 0.892
-4.2853 -1.2187 2.3598 18 225 18 0.925
3.7343 1.4136 2.4557 21 222 21 0.914
1.6044 -5.8701 3.4238 24 220 24 0.903
0.2268 -2.0601 3.9791 48 200 48 0.804
6.2008 -4.1141 1.5624 92 219 20 0.793
5.3251 4.2551 1.9213 29 216 29 0.881
-5.0094 -1.9983 1.9312 21 222 21 0.914
5.1492 3.3703 1.9665 38 209 38 0.848
-3.7780 0.6804 2.3708 26 218 26 0.892
-0.3316 4.6089 3.8867 40 207 40 0.837
-1.5114 1.1799 3.2707 40 207 40 0.837
-0.1716 -6.8017 3.9051 21 222 21 0.914
-0.8905 -1.0578 3.5880 21 222 21 0.914
5.2026 -5.9399 1.9073 4 236 4 0.980
-6.0020 -1.5880 1.6422 43 205 43 0.826
-2.6180 -3.4605 2.9080 26 218 26 0.892
4.2655 0.2336 2.2351 18 225 18 0.925
1.6010 -5.0157 3.2401 43 205 43 0.826
-0.0898 5.0552 3.9944 24 220 24 0.903
0.6940 0.7659 3.6932 40 207 40 0.837
-6.5608 -1.1469 1.3174 26 218 26 0.892
-6.8770 4.8546 1.2777 46 202 46 0.815
2.8989 0.8891 2.8451 16 227 16 0.936
0.5593 -0.2066 3.7695 40 207 40 0.837
-0.7115 -5.2673 3.7697 46 202 46 0.815
-7.1804 5.6302 1.2046 105 215 20 0.760
-1.2150 5.9937 3.4766 29 216 29 0.881
4.1949 -7.8085 2.2570 105 215 20 0.760
5.4939 0.1125 1.8062 24 220 24 0.903
7.1286 6.4782 1.2189 21 222 21 0.914
1.5327 2.2169 3.3739 46 202 46 0.815
0.4692 3.7000 3.8489 35 211 35 0.859
6.8896 -2.1375 1.2657 43 205 43 0.826
-4.5403 -4.6348 2.2749 24 220 24 0.903
-0.7745 -5.9079 3.6925 32 214 32 0.870
-0.8715 0.0209 3.7074 18 225 18 0.925
-1.4992 -7.8027 3.4428 96 218 20 0.782
1.1073 3.8709 3.5410 46 202 46 0.815
7.6963 3.9321 0.9323 43 205 43 0.826
-6.5502 3.9654 1.4129 46 202 46 0.815
0.7648 1.7855 3.6134 48 200 48 0.804
4.7683 2.4064 2.1058 16 227 16 0.936
-6.7910 3.4563 1.3144 18 225 18 0.925
5.8613 -2.9311 1.7567 35 211 35 0.859
-6.0211 5.9401 1.5903 24 220 24 0.903
7.1826 -1.1814 1.2193 43 205 43 0.826
-6.6111 1.9530 1.3273 43 205 43 0.826
-2.6157 5.2126 2.9705 16 227 16 0.936
-6.2462 -2.6082 1.5538 13 229 13 0.947
0.7438 -2.4482 3.7134 43 205 43 0.826
4.6607 0.6561 2.1226 29 216 29 0.881
-5.2896 5.1446 1.8975 35 211 35 0.859
-1.5449 5.0079 3.2836 35 211 35 0.859
-6.2262 6.2591 1.5719 13 229 13 0.947
6.1459 -6.6590 1.5444 16 227 16 0.936
-4.9922 -6.0912 2.0011 43 205 43 0.826
3.4202 -4.9767 2.6676 24 220 24 0.903
-1.6866 7.3855 3.2784 40 207 40 0.837
5.8935 4.5137 1.6343 29 216 29 0.881
1.3143 -1.1484 3.4353 21 222 21 0.914
-6.9594 -6.6073 1.2113 10 231 10 0.958
5.8227 4.1277 1.6692 40 207 40 0.837
-5.6684 0.2263 1.6653 16 227 16 0.936
1.2419 -2.4782 3.3948 29 216 29 0.881
6.6138 -7.7971 1.2958 24 220 24 0.903
-7.2661 -6.9005 1.0572 4 236 4 0.980
-4.6072 -5.1910 2.1293 24 220 24 0.903
-7.1411 1.1602 1.1921 21 222 21 0.914
-2.4274 7.7426 2.8781 24 220 24 0.903
-2.2037 -7.7932 3.1493 43 205 43 0.826
7.3308 0.0152 1.0837 16 227 16 0.936
-0.2107 -4.2367 3.9338 26 218 26 0.892
-7.3792 5.0401 1.1512 38 209 38 0.848
-3.0809 3.3818 2.8134 24 220 24 0.903
5.2837 3.8853 1.9300 26 218 26 0.892
-6.0220 -0.5502 1.5270 38 209 38 0.848
6.2674 5.3634 1.5197 13 229 13 0.947
-4.0721 -0.5660 2.3658 21 222 21 0.914
5.5480 4.9696 1.8047 13 229 13 0.947
-6.0318 -4.9087 1.5814 35 211 35 0.859
-4.2806 -0.6958 2.3714 16 227 16 0.936
-6.7249 -5.4848 1.3305 29 216 29 0.881
-5.0619 -4.7602 1.8835 10 231 10 0.958
6.2454 -6.5436 1.4173 4 236 4 0.980
3.6417 2.4767 2.5990 40 207 40 0.837
-5.3787 -1.3243 1.8571 35 211 35 0.859
-1.8914 4.7128 3.3094 38 209 38 0.848
-0.0913 -2.4018 3.9770 46 202 46 0.815
-5.9560 5.8394 1.5819 24 220 24 0.903
-7.7866 -0.2944 0.8798 43 205 43 0.826
3.4780 -2.6302 2.6495 24 220 24 0.903
6.1703 0.9434 1.4748 46 202 46 0.815
0.3299 -2.9831 3.8542 43 205 43 0.826
3.2683 -7.3692 2.5825 92 219 20 0.793
2.3072 -2.8348 3.1188 4 236 4 0.980
-7.4124 -3.9581 1.0483 18 225 18 0.925
-5.0580 7.3855 2.0277 35 211 35 0.859
-1.6345 -4.9258 3.3396 40 207 40 0.837
-1.8554 -3.1886 3.2501 46 202 46 0.815
-3.6902 0.4680 2.5030 21 222 21 0.914
5.0554 -7.5946 1.9887 24 220 24 0.903
-4.2744 3.9171 2.3195 26 218 26 0.892
6.1705 -1.3877 1.4142 16 227 16 0.936
-5.6691 2.0636 1.7237 32 214 32 0.870
-7.5092 5.6853 0.9365 96 218 20 0.782
-5.0736 -5.5760 2.0031 29 216 29 0.881
0.6122 0.8355 3.7295 43 205 43 0.826
5.7028 3.1619 1.6810 46 202 46 0.815
-0.7982 -1.7774 3.7028 38 209 38 0.848
1.1807 5.4582 3.5649 21 222 21 0.914
3.4720 -3.7248 2.5611 29 216 29 0.881
-4.9445 -5.3206 2.0444 16 227 16 0.936
-4.4759 -1.5171 2.2869 32 214 32 0.870
-6.5342 6.4324 1.4689 26 218 26 0.892
0.2042 1.9156 3.9318 46 202 46 0.815
-4.3262 1.1762 2.3264 26 218 26 0.892
-7.7146 3.4834 0.8359 35 211 35 0.859
-2.5705 0.2932 3.0697 24 220 24 0.903
-2.4436 7.4710 2.9688 10 231 10 0.958
-1.5687 -4.8289 3.4149 29 216 29 0.881
-2.4274 -3.1214 3.0329 4 236 4 0.980
1.3557 6.5192 3.4777 29 216 29 0.881
-5.4345 6.6228 1.7321 38 209 38 0.848
-6.5558 4.9072 1.4365 92 219 20 0.793
-6.3075 5.0059 1.4866 48 200 48 0.804
5.8833 6.6600 1.6745 13 229 13 0.947
4.2375 -6.3998 2.3289 35 211 35 0.859
-3.0817 7.2504 2.7549 32 214 32 0.870
4.8136 1.1185 2.1206 29 216 29 0.881
1.6605 -0.4246 3.3215 92 219 20 0.793
-4.8717 -1.6060 2.0020 24 220 24 0.903
5.0511 -6.5903 2.0605 18 225 18 0.925
-5.8718 1.0229 1.6818 18 225 18 0.925
1.2565 -4.2708 3.5705 43 205 43 0.826
-4.5984 -4.0997 2.0793 38 209 38 0.848
5.1600 -7.8775 1.9288 35 211 35 0.859
-6.9435 1.1816 1.1688 24 220 24 0.903
-7.1347 1.4982 1.1510 38 209 38 0.848
-4.4324 4.5975 2.0992 32 214 32 0.870
-3.9701 1.8266 2.3929 40 207 40 0.837
3.3514 -2.4351 2.7024 35 211 35 0.859
6.3189 7.4463 1.4243 40 207 40 0.837
-5.9692 2.2777 1.6153 43 205 43 0.826
6.8411 3.7340 1.2296 4 236 4 0.980
-0.7157 -0.8527 3.6694 38 209 38 0.848
2.9974 5.8148 2.8439 38 209 38 0.848
3.0229 -3.9054 2.7797 21 222 21 0.914
-4.0253 7.4642 2.4080 26 218 26 0.892
-5.0088 -4.3310 2.0676 18 225 18 0.925
-3.9125 6.6683 2.4308 40 207 40 0.837
-3.3747 4.7849 2.5509 100 217 20 0.771
5.3150 -4.6149 1.9143 21 222 21 0.914
-0.3910 -7.4680 3.8360 29 216 29 0.881
0.7764 4.1236 3.7525 35 211 35 0.859
1.3063 -1.4024 3.5192 4 236 4 0.980
6.2474 5.4476 1.5020 21 222 21 0.914
-5.2564 -7.4375 1.9537 35 211 35 0.859
7.0525 4.7454 1.2368 43 205 43 0.826
1.8020 3.6842 3.3446 26 218 26 0.892
-0.1635 -1.0327 3.9407 46 202 46 0.815
4.1712 -2.1146 2.3643 46 202 46 0.815
-3.5007 6.4767 2.6751 40 207 40 0.837
-7.3744 6.3227 1.0767 32 214 32 0.870
1.4210 0.1448 3.4732 26 218 26 0.892
-0.2057 -5.8829 3.9103 43 205 43 0.826
1.9900 6.8371 3.2369 4 236 4 0.980
7.3707 1.8330 0.9995 40 207 40 0.837
-0.8000 1.6220 3.6599 16 227 16 0.936
-0.9027 -4.3544 3.5030 38 209 38 0.848
6.1843 -1.3335 1.5285 24 220 24 0.903
5.5872 3.5446 1.8652 35 211 35 0.859
-6.3176 7.4686 1.5169 96 218 20 0.782
-7.5899 -4.2108 0.9639 16 227 16 0.936
6.1553 -2.1298 1.5515 26 218 26 0.892
-4.6536 -4.1979 2.0540 35 211 35 0.859
-7.0462 -6.8964 1.2406 18 225 18 0.925
2.5032 5.0245 2.8387 32 214 32 0.870
1.0074 -5.5035 3.5972 43 205 43 0.826
6.7609 -7.0191 1.3127 26 218 26 0.892
6.3649 -4.9090 1.4746 38 209 38 0.848
-2.0711 -5.4787 3.1340 48 200 48 0.804
-3.4410 0.1397 2.6404 7 233 7 0.969
5.2916 2.6032 1.8612 48 200 48 0.804
4.0366 -6.8614 2.4870 21 222 21 0.914
-3.8424 -6.7963 2.4762 48 200 48 0.804
2.8033 7.5982 2.9255 48 200 48 0.804
1.3191 -1.7353 3.4555 13 229 13 0.947
3.9232 3.6700 2.4377 32 214 32 0.870
7.6205 -6.4630 0.9151 40 207 40 0.837
1.1063 4.2653 3.5565 13 229 13 0.947
-7.0252 2.2429 1.1759 38 209 38 0.848
-2.2086 -5.7159 3.1286 32 214 32 0.870
-4.3629 -7.3540 2.2638 21 222 21 0.914
3.9462 1.9526 2.4341 24 220 24 0.903
-0.6258 6.2654 3.7137 21 222 21 0.914
7.9751 4.4318 0.7905 46 202 46 0.815
3.1545 7.8003 2.6865 46 202 46 0.815
-5.3573 6.4997 1.8302 18 225 18 0.925
-3.0196 -7.5099 2.7954 13 229 13 0.947
7.2498 0.2086 1.0578 4 236 4 0.980
5.6018 -3.6130 1.7885 26 218 26 0.892
7.6198 1.4814 1.0085 29 216 29 0.881
2.3654 -5.2209 3.0825 35 211 35 0.859
4.4603 -3.2522 2.2125 43 205 43 0.826
7.0967 -7.6533 1.0627 29 216 29 0.881
-4.7618 -3.4879 2.1019 43 205 43 0.826
-1.0614 -5.0259 3.5545 29 216 29 0.881
0.0033 6.0530 4.0524 26 218 26 0.892
-3.3099 4.4077 2.7309 48 200 48 0.804
-2.5676 4.0473 2.9467 48 200 48 0.804
-5.4567 -7.8667 1.7720 29 216 29 0.881
-3.9059 -6.3787 2.5177 46 202 46 0.815
-3.1652 -7.8731 2.7025 29 216 29 0.881
-1.6299 -5.1081 3.3757 16 227 16 0.936
-1.5478 7.9707 3.3966 92 219 20 0.793
-1.5547 0.1952 3.4210 35 211 35 0.859
5.1127 -2.9663 1.8737 92 219 20 0.793
1.4059 -4.1516 3.4499 40 207 40 0.837
7.7512 6.8309 0.8383 21 222 21 0.914
-6.7864 -7.6853 1.2757 48 200 48 0.804
6.0285 -5.5289 1.5730 105 215 20 0.760
1.6966 4.1979 3.2409 26 218 26 0.892
-3.9564 7.7008 2.4405 16 227 16 0.936
7.7063 7.6096 0.8630 26 218 26 0.892
-3.8836 -5.8137 2.4116 32 214 32 0.870
1.6617 -2.0310 3.3471 18 225 18 0.925
-7.6746 0.8380 0.9905 24 220 24 0.903
-5.3102 5.6946 1.9430 13 229 13 0.947
-4.1433 -6.3582 2.3067 16 227 16 0.936
5.8143 7.4678 1.7133 26 218 26 0.892
-7.3325 -3.1058 1.0597 43 205 43 0.826
4.7645 3.9233 2.1088 40 207 40 0.837
3.8210 -3.4648 2.4897 16 227 16 0.936
-0.6624 5.4439 3.7258 46 202 46 0.815
3.6630 -4.8602 2.5527 13 229 13 0.947
7.0823 6.0155 1.0923 24 220 24 0.903
-0.3878 1.0023 3.9158 46 202 46 0.815
7.8130 -6.8061 0.9018 43 205 43 0.826
-2.1302 -4.1294 3.0427 48 200 48 0.804
-0.6294 2.8362 3.6204 24 220 24 0.903
3.2209 1.6059 2.7564 13 229 13 0.947
3.9593 -7.1021 2.4806 32 214 32 0.870
0.2381 3.3631 3.8872 29 216 29 0.881
-2.3998 6.1942 3.0723 40 207 40 0.837
-7.7705 6.0478 0.9009 40 207 40 0.837
-7.7952 0.0982 0.8753 105 215 20 0.760
-4.5953 -2.8142 2.2091 24 220 24 0.903
7.5592 -3.4444 1.0299 29 216 29 0.881
7.5068 -1.0224 1.0555 35 211 35 0.859
-1.9643 -3.7165 3.2920 43 205 43 0.826
4.4723 2.1589 2.1735 24 220 24 0.903
-3.0976 7.8330 2.7414 105 215 20 0.760
5.7128 6.1902 1.6919 24 220 24 0.903
-1.0583 -4.7622 3.5496 26 218 26 0.892
-4.2805 7.8706 2.3104 43 205 43 0.826
-4.9289 5.9359 2.0225 10 231 10 0.958
0.5363 6.4133 3.8273 43 205 43 0.826
7.7507 0.5106 0.8139 96 218 20 0.782
0.0867 -5.4089 3.9376 18 225 18 0.925
-6.7531 -7.6491 1.2832 46 202 46 0.815
1.0702 6.9452 3.5771 40 207 40 0.837
6.6577 -4.1403 1.3259 40 207 40 0.837
-7.6755 -0.4973 0.9407 26 218 26 0.892
2.3752 4.9127 3.0500 18 225 18 0.925
-2.5964 4.0297 2.9715 48 200 48 0.804
1.1911 -7.6699 3.5469 40 207 40 0.837
0.4714 5.2388 3.7569 4 236 4 0.980
0.0350 -5.5213 3.9611 35 211 35 0.859
0.3002 -6.4603 3.9443 40 207 40 0.837
6.5513 -2.0100 1.3556 43 205 43 0.826
-0.4355 4.3957 3.7696 35 211 35 0.859
4.1056 -5.6945 2.2806 35 211 35 0.859
2.4100 -1.6990 3.0287 40 207 40 0.837
-0.0015 -1.1181 3.9309 24 220 24 0.903
-6.4773 -5.9380 1.4314 43 205 43 0.826
-5.5897 -4.5207 1.6649 38 209 38 0.848
-6.1055 -5.0461 1.5829 26 218 26 0.892
-7.2098 -7.1372 1.0502 13 229 13 0.947
4.6869 5.6128 2.1573 4 236 4 0.980
2.8001 -1.0158 2.8232 32 214 32 0.870
-5.0251 5.5803 1.9779 21 222 21 0.914
-1.1716 -4.2174 3.5309 21 222 21 0.914
-5.4873 -4.7733 1.7729 10 231 10 0.958
-2.5247 -5.8717 3.0478 32 214 32 0.870
-1.2679 2.8160 3.5085 32 214 32 0.870
3.1637 -4.1381 2.6712 18 225 18 0.925
-0.2852 -3.3913 3.9049 48 200 48 0.804
-6.8346 0.4044 1.2120 46 202 46 0.815
-3.7506 -3.8601 2.5200 4 236 4 0.980
0.4905 2.1634 3.8125 40 207 40 0.837
1.4962 -5.5211 3.4725 21 222 21 0.914
3.6893 6.6958 2.5696 21 222 21 0.914
-5.7443 5.6626 1.7326 29 216 29 0.881
5.1749 7.8903 1.9647 43 205 43 0.826
-2.9122 2.5903 2.9307 38 209 38 0.848
4.0403 -4.7155 2.3641 18 225 18 0.925
6.0341 4.2932 1.5663 32 214 32 0.870
0.1064 -4.8362 3.9095 16 227 16 0.936
5.3236 -3.4476 1.8522 48 200 48 0.804
7.3158 -2.6105 1.0590 16 227 16 0.936
-2.5505 -3.8120 2.8841 35 211 35 0.859
-0.6893 -1.5603 3.7304 21 222 21 0.914
-4.9807 -0.2211 1.9655 32 214 32 0.870
7.5524 -1.0389 1.0419 38 209 38 0.848
0.7847 -7.2169 3.6853 40 207 40 0.837
2.0913 -4.3338 3.2381 46 202 46 0.815
5.8100 -6.7619 1.7048 24 220 24 0.903
-6.5344 -5.7072 1.4096 38 209 38 0.848
2.4344 -5.2574 2.9878 32 214 32 0.870
4.6596 -4.7508 2.1230 26 218 26 0.892
-7.6126 -4.9454 1.0280 21 222 21 0.914
-7.8553 5.8288 0.9065 92 219 20 0.793
7.2338 -4.5934 1.1593 24 220 24 0.903
-6.4300 -6.7838 1.4655 29 216 29 0.881
-2.7566 5.6552 2.9180 24 220 24 0.903
-3.1643 -5.0253 2.7465 43 205 43 0.826
-6.7694 7.6283 1.3223 29 216 29 0.881
3.1651 -5.5916 2.7126 21 222 21 0.914
-2.0841 4.9077 3.1618 38 209 38 0.848
6.3334 -5.9404 1.4594 29 216 29 0.881
-2.5073 1.7230 2.9924 35 211 35 0.859
-6.5403 -7.1361 1.3536 38 209 38 0.848
1.0907 -1.4709 3.5604 4 236 4 0.980
-1.5436 2.6056 3.4069 100 217 20 0.771
-1.6876 -2.5374 3.3845 43 205 43 0.826
-3.9506 -2.1161 2.4468 24 220 24 0.903
-6.3912 -3.0752 1.4530 18 225 18 0.925
2.6122 7.2686 2.9308 46 202 46 0.815
-7.0655 7.2340 1.2335 16 227 16 0.936
-6.6394 -3.2010 1.4241 13 229 13 0.947
5.0249 -6.4357 2.0983 29 216 29 0.881
-6.3094 -1.2023 1.4276 35 211 35 0.859
-3.6456 4.4125 2.4859 29 216 29 0.881
5.9222 0.3712 1.6761 24 220 24 0.903
-2.9816 3.3183 2.8614 18 225 18 0.925
-6.5544 -1.4825 1.3420 43 205 43 0.826
-7.2977 -1.0762 0.9852 16 227 16 0.936
0.7558 0.7506 3.7397 40 207 40 0.837
3.0225 4.3662 2.7884 38 209 38 0.848
1.6747 -6.2641 3.3027 43 205 43 0.826
-0.9754 -0.9679 3.5465 35 211 35 0.859
-7.9716 -3.8819 0.8190 92 219 20 0.793
-5.2534 -7.7616 1.8761 32 214 32 0.870
4.0338 3.1174 2.3876 24 220 24 0.903
2.2036 -4.5469 3.1081 109 214 20 0.749
5.4237 6.9911 1.7557 32 214 32 0.870
5.3686 -7.0947 1.8978 4 236 4 0.980
-1.6297 -2.6086 3.3947 40 207 40 0.837
3.1192 -6.2869 2.7460 7 233 7 0.969
-5.9116 1.2732 1.5728 24 220 24 0.903
1.7777 3.2979 3.3230 43 205 43 0.826
-0.1381 -6.0973 3.8774 32 214 32 0.870
-3.4286 5.7819 2.6821 21 222 21 0.914
4.0228 0.5111 2.3893 26 218 26 0.892
0.7218 5.3831 3.7227 26 218 26 0.892
-6.9591 4.4610 1.2514 48 200 48 0.804
7.8229 6.6707 0.8517 40 207 40 0.837
-5.7134 5.6587 1.6569 32 214 32 0.870
-6.8912 -1.5989 1.2075 92 219 20 0.793
-0.8209 2.6143 3.6345 18 225 18 0.925
-2.3554 7.6388 3.1309 26 218 26 0.892
-5.0357 -6.9985 1.8863 46 202 46 0.815
5.5058 4.4270 1.8375 46 202 46 0.815
3.0890 -1.2520 2.6863 24 220 24 0.903
6.6756 -7.2286 1.3728 24 220 24 0.903
3.6470 -3.4459 2.6059 16 227 16 0.936
-0.1288 -2.6874 3.9814 35 211 35 0.859
-0.1044 6.2335 3.9387 29 216 29 0.881
2.5357 -3.5748 2.9576 24 220 24 0.903
-3.8424 -7.3724 2.3460 32 214 32 0.870
-1.2867 0.9763 3.4246 29 216 29 0.881
4.6960 -7.5730 2.1054 48 200 48 0.804
1.9005 -2.1601 3.2053 18 225 18 0.925
-7.0249 2.3911 1.2960 35 211 35 0.859
-3.1081 7.6754 2.7705 35 211 35 0.859
-6.9683 2.3845 1.2998 40 207 40 0.837
-6.2418 5.4161 1.4451 43 205 43 0.826
3.7595 -7.7745 2.5302 46 202 46 0.815
2.7987 -7.4932 2.8810 26 218 26 0.892
0.0875 -3.2542 3.9087 38 209 38 0.848
7.2605 -2.5122 1.1104 24 220 24 0.903
7.0679 -2.3528 1.0490 92 219 20 0.793
5.6458 -5.7993 1.7966 13 229 13 0.947
6.4054 -0.6506 1.4435 48 200 48 0.804
3.6031 -6.8658 2.5560 26 218 26 0.892
5.7633 -7.8748 1.6648 92 219 20 0.793
-0.5848 -4.8666 3.7655 29 216 29 0.881
-0.7780 -3.3228 3.6714 21 222 21 0.914
2.0060 -0.7500 3.1450 35 211 35 0.859
0.7209 -1.3286 3.6496 13 229 13 0.947
1.3231 -5.0373 3.3995 38 209 38 0.848
5.0853 -7.7335 1.8954 26 218 26 0.892
-2.7320 3.3324 2.9079 7 233 7 0.969
-7.6887 -4.5103 0.9617 13 229 13 0.947
2.4648 -0.3170 2.9738 40 207 40 0.837
-3.9479 2.9719 2.4238 35 211 35 0.859
0.8832 2.6560 3.6897 18 225 18 0.925
5.4578 -0.4084 1.7980 24 220 24 0.903
5.5735 -3.8800 1.7750 43 205 43 0.826
-3.8540 5.6327 2.4426 38 209 38 0.848
-6.2524 4.3307 1.4078 46 202 46 0.815
-0.1325 1.2086 3.9277 43 205 43 0.826
-3.6020 -3.9857 2.5660 21 222 21 0.914
-3.5912 -3.9247 2.5760 10 231 10 0.958
-4.0646 2.7591 2.3950 35 211 35 0.859
0.3456 5.1004 3.8929 4 236 4 0.980
4.8768 5.1083 2.0725 29 216 29 0.881
7.1535 4.2067 1.1627 46 202 46 0.815
5.1852 -7.8681 1.8841 32 214 32 0.870
-7.5920 0.8480 0.8945 18 225 18 0.925
-3.9862 4.8862 2.3502 38 209 38 0.848
-5.6888 -4.1319 1.7613 35 211 35 0.859
-1.8922 7.4119 3.2438 32 214 32 0.870
-4.9168 3.0847 2.0504 16 227 16 0.936
-4.8019 -1.8969 1.9872 24 220 24 0.903
1.6261 6.1870 3.3517 35 211 35 0.859
-4.3441 -1.2757 2.1749 32 214 32 0.870
0.6395 -5.5262 3.7551 32 214 32 0.870
5.9112 2.8661 1.6894 29 216 29 0.881
-5.0468 1.5389 2.0023 32 214 32 0.870
5.5795 6.1737 1.7077 26 218 26 0.892
-6.0418 0.3387 1.4710 46 202 46 0.815
2.7777 -4.5216 2.9189 13 229 13 0.947
-6.2333 -2.5164 1.4574 7 233 7 0.969
-4.0606 0.5771 2.5383 32 214 32 0.870
-1.2157 5.8129 3.4255 26 218 26 0.892
-7.3161 -6.0251 1.0881 18 225 18 0.925
3.8330 2.2455 2.4179 29 216 29 0.881
0.1790 5.2518 3.9419 13 229 13 0.947
3.3195 3.7347 2.7110 48 200 48 0.804
-5.3906 -5.4048 1.8363 35 211 35 0.859
6.0646 5.1108 1.5903 18 225 18 0.925
-4.9421 -3.4000 2.0491 43 205 43 0.826
2.0882 -3.1621 3.0966 24 220 24 0.903
6.7498 2.8799 1.2482 40 207 40 0.837
-4.4263 7.4650 2.2719 48 200 48 0.804
-7.3995 4.8466 1.0787 38 209 38 0.848
-1.0794 -5.8491 3.6410 38 209 38 0.848
-6.1579 -0.4561 1.5079 43 205 43 0.826
5.5231 -3.9300 1.7574 38 209 38 0.848
-5.0537 5.0954 1.9413 29 216 29 0.881
1.7774 2.5056 3.2800 48 200 48 0.804
6.1972 7.2166 1.4689 35 211 35 0.859
-1.2331 -3.0425 3.5176 18 225 18 0.925
6.3177 6.9529 1.3918 35 211 35 0.859
3.9596 -5.1133 2.3673 24 220 24 0.903
-1.5357 4.7575 3.3647 38 209 38 0.848
-5.5309 -7.9541 1.8792 43 205 43 0.826
6.2530 4.2406 1.5515 96 218 20 0.782
3.0092 -4.8570 2.7323 40 207 40 0.837
-1.3920 -3.2742 3.4329 13 229 13 0.947
-6.7167 -2.5018 1.3470 32 214 32 0.870
3.8794 -4.6305 2.3704 13 229 13 0.947
0.4490 4.0330 3.8398 24 220 24 0.903
-7.6718 -2.9152 0.9362 29 216 29 0.881
-0.1736 0.8974 3.9790 109 214 20 0.749
3.2971 7.3209 2.6640 40 207 40 0.837
0.3411 4.4603 3.8894 26 218 26 0.892
1.2824 4.4872 3.4820 21 222 21 0.914
1.9273 -2.5251 3.2251 38 209 38 0.848
-5.4821 4.3889 1.8458 35 211 35 0.859
2.4281 -5.1431 2.9676 32 214 32 0.870
-7.7292 -4.0781 0.9331 38 209 38 0.848
-0.1952 -2.9012 3.9198 4 236 4 0.980
-0.9111 -3.2002 3.6511 29 216 29 0.881
-4.3252 6.8422 2.2485 38 209 38 0.848
-5.3729 0.1687 1.7951 4 236 4 0.980
2.5053 -6.0063 3.0502 43 205 43 0.826
-1.8448 2.9923 3.2926 43 205 43 0.826
7.3885 1.6081 1.0514 35 211 35 0.859
-6.0757 7.9214 1.5990 109 214 20 0.749
3.6668 -4.2144 2.5924 24 220 24 0.903
5.1589 7.3769 1.8760 29 216 29 0.881
-0.7609 2.7047 3.6478 18 225 18 0.925
-1.8724 -1.2221 3.2329 35 211 35 0.859
-1.9706 2.6801 3.2335 43 205 43 0.826
-3.6745 -3.9319 2.4848 16 227 16 0.936
5.6865 -3.3373 1.7349 35 211 35 0.859
-3.8877 -2.4210 2.5340 29 216 29 0.881
-4.7275 0.7296 2.0912 26 218 26 0.892
5.1896 4.7201 1.8797 35 211 35 0.859
4.7501 5.9716 2.1624 21 222 21 0.914
2.9028 7.7247 2.8592 40 207 40 0.837
-2.0113 6.8177 3.2508 38 209 38 0.848
3.9978 4.8491 2.4674 21 222 21 0.914
-0.6592 5.2716 3.8137 32 214 32 0.870
7.5153 -6.6437 1.0350 38 209 38 0.848
-1.8747 -2.7958 3.2424 38 209 38 0.848
1.5908 -3.1148 3.3117 32 214 32 0.870
-3.3523 -5.2910 2.5650 35 211 35 0.859
4.3369 1.5756 2.2404 32 214 32 0.870
-0.2363 7.0748 3.8864 26 218 26 0.892
-3.6993 2.2100 2.5134 105 215 20 0.760
0.0627 -7.0050 3.9630 26 218 26 0.892
6.4130 -0.5250 1.3850 109 214 20 0.749
5.1086 7.7911 1.9233 35 211 35 0.859
6.4665 -2.6061 1.5217 40 207 40 0.837
-4.8259 -5.2068 2.0523 18 225 18 0.925
-4.4260 -1.2512 2.1736 26 218 26 0.892
4.7176 0.7838 2.1600 24 220 24 0.903
5.1388 -7.5672 1.9999 29 216 29 0.881
0.8331 2.2824 3.6906 43 205 43 0.826
-4.3346 7.6494 2.2672 40 207 40 0.837
3.8682 0.7919 2.4478 16 227 16 0.936
7.5112 -3.8917 1.0212 18 225 18 0.925
5.3639 -1.6561 1.9558 92 219 20 0.793
-4.7692 -7.3338 2.0508 96 218 20 0.782
2.7747 -4.6711 2.9182 24 220 24 0.903
3.9918 4.1934 2.4647 24 220 24 0.903
-7.3567 -1.1761 1.1296 18 225 18 0.925
4.0956 -4.9832 2.3195 24 220 24 0.903
-0.8012 5.3883 3.7056 48 200 48 0.804
-2.8380 4.8848 2.7981 38 209 38 0.848
1.2580 5.8014 3.5425 29 216 29 0.881
5.2705 -4.6437 1.8922 32 214 32 0.870
-0.3510 -4.5527 3.9425 21 222 21 0.914
-7.1769 -4.2246 1.2057 24 220 24 0.903
2.3180 -5.3609 3.0814 38 209 38 0.848
-7.1684 -5.8982 1.1006 32 214 32 0.870
1.1409 -7.5359 3.4992 40 207 40 0.837
-6.8932 -1.3845 1.1572 35 211 35 0.859
6.3441 3.8234 1.4257 38 209 38 0.848
-2.1460 -5.0015 3.1601 96 218 20 0.782
3.0390 -5.6834 2.7994 24 220 24 0.903
-6.4492 3.0191 1.4338 38 209 38 0.848
-5.9680 5.0668 1.5451 46 202 46 0.815
-3.2720 -6.7512 2.6076 32 214 32 0.870
3.1229 -0.4546 2.7803 43 205 43 0.826
6.9370 3.7876 1.2377 13 229 13 0.947
-0.3027 2.3553 3.9157 46 202 46 0.815
-2.4631 -6.0446 3.0873 29 216 29 0.881
4.3190 0.2285 2.2654 21 222 21 0.914
-2.7604 -3.0925 2.8452 26 218 26 0.892
-1.8890 6.5320 3.1848 26 218 26 0.892
4.9131 2.2800 2.0470 16 227 16 0.936
-5.0589 3.9856 1.9073 92 219 20 0.793
3.5020 1.7472 2.6992 16 227 16 0.936
-5.8099 -7.9271 1.7010 46 202 46 0.815
-3.6611 -0.0456 2.5693 10 231 10 0.958
-5.2342 -4.7407 1.9026 4 236 4 0.980
-4.7628 -5.5560 2.0945 24 220 24 0.903
-4.5309 5.8144 2.1138 32 214 32 0.870
-0.9723 -2.6652 3.6140 38 209 38 0.848
-6.5040 -4.1427 1.3037 26 218 26 0.892
-7.3046 0.6335 1.1524 40 207 40 0.837
5.2726 -4.1788 1.9904 35 211 35 0.859
5.9760 -4.2453 1.6196 38 209 38 0.848
5.5084 -6.5719 1.7343 4 236 4 0.980
1.1647 -4.5733 3.5254 92 219 20 0.793
-6.7587 2.4713 1.3182 40 207 40 0.837
-7.7598 5.0286 0.8861 92 219 20 0.793
-7.8921 -3.7522 0.8424 43 205 43 0.826
2.7579 2.4360 2.9247 109 214 20 0.749
-4.9881 -2.7435 2.0286 21 222 21 0.914
6.4738 -1.5591 1.4346 10 231 10 0.958
3.4464 -6.2112 2.5928 29 216 29 0.881
-4.5451 3.0436 2.1999 18 225 18 0.925
-5.0315 2.5528 1.9805 38 209 38 0.848
4.6089 -7.1001 2.1643 32 214 32 0.870
5.7099 -2.1503 1.6819 29 216 29 0.881
-0.9108 1.6477 3.6797 18 225 18 0.925
0.1443 -3.8556 3.8749 18 225 18 0.925
-1.9715 2.7419 3.2307 46 202 46 0.815
6.1421 6.5702 1.4943 48 200 48 0.804
1.9076 -1.4436 3.2195 26 218 26 0.892
0.4415 6.3490 3.8036 35 211 35 0.859
-2.6752 -4.7085 2.8843 43 205 43 0.826
-6.9598 -5.8533 1.2231 40 207 40 0.837
5.8577 -3.5983 1.6241 24 220 24 0.903
0.6456 -2.9191 3.7876 40 207 40 0.837
7.9097 7.6443 0.9120 43 205 43 0.826
-7.4038 -1.1115 1.0355 18 225 18 0.925
7.7878 5.8031 0.8641 38 209 38 0.848
4.5281 -0.6839 2.1611 24 220 24 0.903
6.4219 -6.9930 1.4069 21 222 21 0.914
6.1476 -4.6277 1.5539 40 207 40 0.837
1.2995 6.0348 3.4366 38 209 38 0.848
2.5424 2.1794 3.0400 29 216 29 0.881
-5.2425 -4.7854 1.9018 7 233 7 0.969
3.4856 0.8774 2.5424 38 209 38 0.848
4.8847 2.8142 2.0075 26 218 26 0.892
-2.7633 4.5809 3.0042 38 209 38 0.848
-0.5018 -5.2523 3.8350 29 216 29 0.881
-5.3184 5.0664 1.9718 32 214 32 0.870
-6.8933 3.0960 1.2940 26 218 26 0.892
-2.9436 5.4834 2.8287 29 216 29 0.881
6.8694 0.7429 1.1908 24 220 24 0.903
-2.3182 7.2336 3.1447 32 214 32 0.870
6.4423 -1.7136 1.2914 26 218 26 0.892
3.1041 6.8039 2.7527 32 214 32 0.870
-0.2604 -5.8679 3.8839 46 202 46 0.815
7.5101 2.0755 0.9346 24 220 24 0.903
3.4408 -5.3865 2.5888 40 207 40 0.837
-7.3081 3.3725 0.9286 40 207 40 0.837
2.0321 -5.1166 3.1845 40 207 40 0.837
-2.5365 5.9961 2.9259 38 209 38 0.848
-6.1424 1.9912 1.5681 43 205 43 0.826
0.3236 0.4966 3.8741 29 216 29 0.881
2.9764 2.9308 2.8332 35 211 35 0.859
-4.0300 5.3168 2.3597 32 214 32 0.870
6.5030 -4.1474 1.3799 96 218 20 0.782
6.0374 -1.6634 1.5668 18 225 18 0.925
5.9659 5.2245 1.6315 13 229 13 0.947
-2.1540 -2.6812 3.0994 29 216 29 0.881
-1.3152 -4.9823 3.4929 24 220 24 0.903
-7.5792 2.6232 0.9809 40 207 40 0.837
0.3056 -2.1121 3.9500 38 209 38 0.848
-7.9516 4.0753 0.8229 43 205 43 0.826
-4.2310 -1.4412 2.2595 35 211 35 0.859
-2.7056 -5.8795 2.9048 35 211 35 0.859
4.1818 3.6761 2.3119 16 227 16 0.936
-3.6856 7.7066 2.5487 43 205 43 0.826
-5.2318 -3.5556 1.8821 40 207 40 0.837
-5.9857 1.9280 1.5809 48 200 48 0.804
4.2773 -2.5452 2.3799 105 215 20 0.760
-4.9602 3.1935 1.9741 21 222 21 0.914
6.3471 -6.6063 1.5324 10 231 10 0.958
-0.4413 -3.5717 3.8158 38 209 38 0.848
-4.2917 -7.7675 2.2912 26 218 26 0.892
6.4792 4.9919 1.3722 26 218 26 0.892
4.5820 -6.1492 2.2391 32 214 32 0.870
6.8546 -5.9089 1.2419 10 231 10 0.958
-1.8941 -4.1105 3.2347 48 200 48 0.804
-0.2455 -2.8540 3.9139 7 233 7 0.969
1.8617 7.7867 3.2733 40 207 40 0.837
-1.4247 -4.5722 3.4221 43 205 43 0.826
-1.5821 6.4419 3.4546 92 219 20 0.793
6.4486 -4.8252 1.4106 18 225 18 0.925
3.2445 2.5779 2.6379 48 200 48 0.804
5.6855 6.0783 1.7474 26 218 26 0.892
-2.6252 5.6698 2.9858 29 216 29 0.881
-3.7875 3.0763 2.5186 29 216 29 0.881
1.7245 -0.9903 3.1969 96 218 20 0.782
6.8960 -7.4526 1.2569 18 225 18 0.925
6.0454 -2.0500 1.6172 40 207 40 0.837
-1.3075 -2.9407 3.5747 21 222 21 0.914
-4.3324 6.0812 2.2447 29 216 29 0.881
0.0142 2.9972 3.9388 24 220 24 0.903
-3.5353 7.2911 2.5992 46 202 46 0.815
-3.0938 2.7311 2.7938 92 219 20 0.793
5.5433 -5.9929 1.6734 18 225 18 0.925
-3.9842 1.3266 2.3630 7 233 7 0.969
-2.0342 -6.8528 3.1481 46 202 46 0.815
-0.1945 -1.9168 3.9139 43 205 43 0.826
-3.0865 -1.6943 2.7008 32 214 32 0.870
-6.6726 6.4788 1.3101 26 218 26 0.892
6.7006 3.8267 1.4020 18 225 18 0.925
-0.8950 2.1410 3.6410 16 227 16 0.936
-5.5087 -0.1074 1.9123 29 216 29 0.881
-7.6923 -2.7701 0.9605 29 216 29 0.881
-6.1578 3.4875 1.5536 48 200 48 0.804
1.5342 -5.1228 3.3665 35 211 35 0.859
0.7435 2.8805 3.6970 13 229 13 0.947
-6.0636 -4.7784 1.6486 43 205 43 0.826
-0.3494 7.1952 3.9231 29 216 29 0.881
-3.6024 6.2931 2.5748 26 218 26 0.892
-6.8450 -1.0297 1.2523 96 218 20 0.782
5.4756 7.4061 1.7988 29 216 29 0.881
5.8544 0.2926 1.6500 16 227 16 0.936
-3.9392 -7.0181 2.4626 32 214 32 0.870
-7.5699 4.1557 0.9582 10 231 10 0.958
-3.7429 -4.6828 2.4829 7 233 7 0.969
-1.1606 -4.8543 3.4435 32 214 32 0.870
-4.1064 1.3182 2.4003 16 227 16 0.936
4.7990 -7.3412 2.1228 46 202 46 0.815
4.9916 4.7378 1.9989 48 200 48 0.804
-6.2616 -7.7310 1.5000 43 205 43 0.826
7.7900 -6.5573 0.9559 92 219 20 0.793
-5.7550 -2.0741 1.7674 13 229 13 0.947
-7.9130 2.1388 0.8224 96 218 20 0.782
5.2054 4.7670 1.9644 35 211 35 0.859
-6.5843 5.4620 1.2771 21 222 21 0.914
-6.5460 -6.2458 1.4092 29 216 29 0.881
-7.3219 6.2803 0.9845 40 207 40 0.837
4.0506 -6.0870 2.4807 32 214 32 0.870
-2.9294 -4.3156 2.7731 105 215 20 0.760
-2.5126 0.1161 3.0594 21 222 21 0.914
1.0849 -2.0092 3.6690 21 222 21 0.914
5.8768 3.7930 1.6404 35 211 35 0.859
6.4304 0.3304 1.3429 40 207 40 0.837
-2.6272 -7.3140 2.9648 16 227 16 0.936
-5.9547 2.6209 1.5695 16 227 16 0.936
6.6464 1.1735 1.3389 18 225 18 0.925
-4.4909 -7.9223 2.2463 92 219 20 0.793
-5.2532 -7.6943 1.9939 29 216 29 0.881
-2.1792 -4.5214 3.1910 96 218 20 0.782
-6.9319 -6.5111 1.1792 13 229 13 0.947
-0.1191 4.5431 3.9895 21 222 21 0.914
-5.6422 2.2438 1.7600 21 222 21 0.914
0.7286 3.6221 3.6624 92 219 20 0.793
-5.6563 -5.1064 1.7936 18 225 18 0.925
-5.2129 3.7368 1.9391 100 217 20 0.771
-0.2124 2.6507 3.8609 26 218 26 0.892
-6.5107 1.3405 1.3639 24 220 24 0.903
7.6006 7.8520 0.9895 48 200 48 0.804
4.3505 5.7222 2.1980 21 222 21 0.914
5.9239 6.0310 1.5576 32 214 32 0.870
2.2993 3.7082 3.1074 43 205 43 0.826
7.4332 -1.5945 1.0371 24 220 24 0.903
0.5406 -2.1595 3.8213 48 200 48 0.804
1.9787 5.9419 3.2641 96 218 20 0.782
5.0721 2.9025 1.9513 29 216 29 0.881
2.7708 0.9865 2.9266 24 220 24 0.903
6.0091 -6.3957 1.5569 29 216 29 0.881
-7.1538 7.3588 1.2174 18 225 18 0.925
0.0742 4.2592 4.0204 18 225 18 0.925
-4.9539 -3.9905 2.0796 43 205 43 0.826
-3.9604 4.4074 2.3990 24 220 24 0.903
-3.9486 -4.8641 2.4555 21 222 21 0.914
6.2888 5.9577 1.4953 38 209 38 0.848
3.2308 3.5443 2.7075 21 222 21 0.914
2.5412 7.7890 2.9746 92 219 20 0.793
-5.3552 4.8506 1.8436 26 218 26 0.892
1.8155 5.4333 3.3525 46 202 46 0.815
-4.3834 -3.8668 2.2457 40 207 40 0.837
3.8747 6.0225 2.4853 43 205 43 0.826
2.2682 4.9255 3.0264 16 227 16 0.936
1.0351 -6.1421 3.5739 40 207 40 0.837
-0.0262 -0.2603 3.9962 32 214 32 0.870
6.0681 -6.1871 1.6721 43 205 43 0.826
-2.4480 -4.8761 2.9962 38 209 38 0.848
-0.2184 -3.9847 3.9256 26 218 26 0.892
7.2830 -7.6026 1.0588 32 214 32 0.870
-4.9606 -0.1601 2.0391 38 209 38 0.848
-7.8590 3.7977 0.8579 48 200 48 0.804
5.6913 6.0736 1.7153 26 218 26 0.892
4.4600 -4.5921 2.2346 32 214 32 0.870
-4.4604 -7.3467 2.2686 26 218 26 0.892
-3.9697 6.2830 2.3725 29 216 29 0.881
1.6611 -7.4621 3.3969 40 207 40 0.837
-3.0969 5.9424 2.7053 10 231 10 0.958
-3.9329 -0.3463 2.4976 26 218 26 0.892
-0.9445 7.8119 3.6578 48 200 48 0.804
6.7534 5.0701 1.2623 21 222 21 0.914
3.4753 2.2122 2.6579 26 218 26 0.892
-5.5109 2.3454 1.8158 24 220 24 0.903
-4.6377 -4.5741 2.1739 18 225 18 0.925
-4.1527 -6.2170 2.3917 29 216 29 0.881
-1.1444 -0.9460 3.5420 26 218 26 0.892
-2.7617 -1.4813 2.9446 35 211 35 0.859
-4.5148 4.5184 2.1725 21 222 21 0.914
-4.3344 -7.2950 2.2366 16 227 16 0.936
-5.3565 1.8812 1.9216 43 205 43 0.826
-5.1898 6.6209 2.0098 100 217 20 0.771
-1.2053 -6.2217 3.5645 29 216 29 0.881
7.7183 3.5777 0.9818 92 219 20 0.793
-4.1321 5.9999 2.2816 24 220 24 0.903
0.0870 -2.6394 3.8921 29 216 29 0.881
3.3550 -6.4783 2.7859 18 225 18 0.925
-2.5274 -3.0619 2.9819 18 225 18 0.925
-2.6818 4.3066 2.9609 38 209 38 0.848
-6.2782 6.0429 1.5389 18 225 18 0.925
5.0278 -5.9006 1.9942 13 229 13 0.947
4.5351 3.9751 2.2269 24 220 24 0.903
-6.9279 7.1881 1.2947 7 233 7 0.969
-2.1738 -0.3984 3.0164 38 209 38 0.848
-4.4252 -6.5575 2.2305 35 211 35 0.859
6.5386 1.7973 1.3416 35 211 35 0.859
4.0394 -2.5685 2.3425 100 217 20 0.771
6.8908 0.6786 1.2848 26 218 26 0.892
-5.4349 5.6639 1.8257 21 222 21 0.914
6.9870 3.9367 1.2590 16 227 16 0.936
0.9636 0.2486 3.6216 38 209 38 0.848
3.2412 5.3752 2.7612 40 207 40 0.837
-1.4370 0.9052 3.3853 32 214 32 0.870
4.6644 -2.5629 2.1517 18 225 18 0.925
1.4656 5.4221 3.4104 13 229 13 0.947
4.0244 -3.7806 2.4193 26 218 26 0.892
0.8742 -0.6450 3.7088 13 229 13 0.947
-4.4160 1.8046 2.2460 26 218 26 0.892
-6.9928 -2.4534 1.2366 43 205 43 0.826
0.4453 7.4307 3.8167 26 218 26 0.892
0.9780 -0.0043 3.6474 35 211 35 0.859
6.5573 0.3581 1.3996 35 211 35 0.859
-4.4197 -5.8351 2.2152 38 209 38 0.848
6.5156 -1.4168 1.3630 21 222 21 0.914
-4.0194 7.9434 2.4432 43 205 43 0.826
-3.0216 7.3679 2.7242 29 216 29 0.881
-4.7693 -5.0894 2.0945 16 227 16 0.936
2.7475 2.1071 2.9477 21 222 21 0.914
-0.8429 -5.1656 3.6627 38 209 38 0.848
-4.5768 3.3574 2.1653 13 229 13 0.947
-3.3141 -5.6296 2.6077 26 218 26 0.892
5.7606 -0.0150 1.6936 26 218 26 0.892
6.9237 -1.6114 1.1046 38 209 38 0.848
-7.2850 -5.9705 1.0738 16 227 16 0.936
3.2551 3.8672 2.6211 96 218 20 0.782
4.6449 -2.9404 2.1941 24 220 24 0.903
4.2858 -6.5910 2.2240 26 218 26 0.892
2.7916 -2.6111 2.9529 35 211 35 0.859
5.5678 -7.0662 1.8168 10 231 10 0.958
6.7611 1.6734 1.2358 46 202 46 0.815
1.9299 -6.8358 3.2503 18 225 18 0.925
3.1035 2.7692 2.7587 46 202 46 0.815
-6.7101 -7.6551 1.3508 48 200 48 0.804
-0.9580 2.9670 3.5907 7 233 7 0.969
6.4239 5.3184 1.4527 16 227 16 0.936
7.6345 -3.1289 0.9961 40 207 40 0.837
-6.8095 3.7844 1.3241 32 214 32 0.870
-0.2301 0.8871 3.9418 105 215 20 0.760
5.5304 -6.6546 1.7406 4 236 4 0.980
-2.4968 6.9598 2.9641 32 214 32 0.870
-2.4032 -1.8171 2.9965 32 214 32 0.870
3.3142 -5.2642 2.7797 35 211 35 0.859
-2.3708 7.0703 3.0469 35 211 35 0.859
-2.1149 4.0257 3.1888 32 214 32 0.870
2.2970 3.0321 3.0396 21 222 21 0.914
-0.5329 4.5095 3.7722 38 209 38 0.848
4.8513 -2.0800 2.0801 26 218 26 0.892
-1.3707 -0.3437 3.4557 38 209 38 0.848
0.2628 -0.4266 3.9876 92 219 20 0.793
4.6054 -3.4005 2.1020 40 207 40 0.837
-3.0446 -3.6339 2.9086 24 220 24 0.903
4.3719 6.5030 2.2281 18 225 18 0.925
7.9880 4.0400 0.7967 43 205 43 0.826
5.2014 -0.6538 1.9228 40 207 40 0.837
-2.0318 -6.3227 3.1859 38 209 38 0.848
-0.5696 2.4830 3.7092 26 218 26 0.892
5.1650 -5.9884 1.9374 4 236 4 0.980
-0.0240 1.5621 3.9249 38 209 38 0.848
1.5878 -1.4701 3.3406 24 220 24 0.903
-1.3221 6.7010 3.4673 38 209 38 0.848
-1.0408 -6.2214 3.5534 35 211 35 0.859
-3.7556 5.9883 2.5374 32 214 32 0.870
4.1851 -7.2916 2.2939 35 211 35 0.859
-4.3855 5.6781 2.1452 32 214 32 0.870
-4.9367 0.3948 2.0647 40 207 40 0.837
4.0578 -0.2406 2.4116 10 231 10 0.958
4.5285 7.2992 2.1918 24 220 24 0.903
-2.6183 -7.6465 2.9080 32 214 32 0.870
4.6030 1.8879 2.1171 35 211 35 0.859
-7.7947 -7.4449 0.9206 40 207 40 0.837
7.0046 1.0507 1.1981 26 218 26 0.892
-0.3479 -2.0907 3.9188 43 205 43 0.826
-1.1284 0.9293 3.4972 26 218 26 0.892
7.4131 5.7567 0.9812 16 227 16 0.936
7.2878 6.8181 1.0369 29 216 29 0.881
-5.7450 1.2028 1.7562 29 216 29 0.881
0.1953 5.2178 3.8880 10 231 10 0.958
-4.7922 0.8640 2.1540 21 222 21 0.914
-0.9451 1.2163 3.6868 40 207 40 0.837
2.8894 4.7798 2.9063 38 209 38 0.848
-2.6249 4.5603 2.9802 38 209 38 0.848
-7.2620 4.5805 1.0957 46 202 46 0.815
-3.1628 -7.7053 2.7444 10 231 10 0.958
-5.8487 1.1050 1.7036 24 220 24 0.903
-5.7703 -5.2058 1.6573 26 218 26 0.892
1.3805 6.5546 3.4584 29 216 29 0.881
4.9742 -0.8626 2.0633 18 225 18 0.925
7.0138 0.7347 1.1807 18 225 18 0.925
6.2694 -3.0885 1.5710 29 216 29 0.881
2.9322 -4.1893 2.9275 26 218 26 0.892
-5.3879 -1.5335 1.8689 32 214 32 0.870
-7.4228 -0.6196 0.9869 24 220 24 0.903
4.1441 -1.5888 2.3000 117 212 20 0.727
-2.5867 -6.5057 2.9350 46 202 46 0.815
-1.6014 3.8176 3.3136 40 207 40 0.837
6.1128 -7.1383 1.6127 29 216 29 0.881
-2.8303 6.9834 2.8728 32 214 32 0.870
-4.8917 -3.0028 2.1095 46 202 46 0.815
-4.3719 5.3613 2.1403 29 216 29 0.881
-2.8305 -2.8995 2.8645 24 220 24 0.903
2.8318 -6.0820 2.8719 13 229 13 0.947
-4.6820 -3.4514 2.2385 46 202 46 0.815
0.8675 -5.2893 3.6149 96 218 20 0.782
-4.0369 -3.0705 2.4527 29 216 29 0.881
6.1742 5.0861 1.5360 24 220 24 0.903
-7.2101 -2.2970 1.0650 96 218 20 0.782
3.4842 3.2495 2.6048 21 222 21 0.914
-7.0759 2.7116 1.1685 40 207 40 0.837
5.5608 0.3187 1.7616 21 222 21 0.914
2.8008 -5.7565 2.9402 29 216 29 0.881
0.1447 -0.9348 3.8968 26 218 26 0.892
-5.3854 6.9944 1.8670 96 218 20 0.782
-5.5257 -3.2777 1.8618 43 205 43 0.826
3.0823 -3.2462 2.7335 43 205 43 0.826
1.2714 7.3207 3.5292 38 209 38 0.848
0.5703 1.8698 3.7298 43 205 43 0.826
6.9504 -5.4982 1.2732 32 214 32 0.870
-5.0334 -1.3540 1.9894 32 214 32 0.870
0.9692 5.2878 3.5367 35 211 35 0.859
-5.5532 -0.5773 1.7309 46 202 46 0.815
3.8031 -6.6551 2.4412 35 211 35 0.859
-6.7197 -4.9107 1.3715 109 214 20 0.749
-1.7503 -6.8330 3.3057 38 209 38 0.848
-6.3985 -6.4606 1.3435 32 214 32 0.870
1.9718 -1.5836 3.2543 21 222 21 0.914
-1.1277 -6.0861 3.4365 40 207 40 0.837
-7.9179 -4.7812 0.7676 92 219 20 0.793
-2.0077 1.9121 3.1528 96 218 20 0.782
1.7367 0.2235 3.2312 40 207 40 0.837
3.1714 3.9017 2.6772 96 218 20 0.782
7.3410 -5.6045 0.9889 32 214 32 0.870
-7.2467 -3.8696 1.1243 7 233 7 0.969
0.4050 -2.2444 3.8896 38 209 38 0.848
1.4991 -3.7762 3.3950 40 207 40 0.837
0.9289 -5.0609 3.6476 48 200 48 0.804
4.8703 -3.6718 1.9515 26 218 26 0.892
-7.4271 -4.7273 0.9742 38 209 38 0.848
-1.4149 -4.2002 3.4104 38 209 38 0.848
4.5117 7.6261 2.1280 24 220 24 0.903
-0.6820 7.7962 3.6847 43 205 43 0.826
-2.1926 -1.0830 3.1338 29 216 29 0.881
0.0442 -5.5248 4.0451 43 205 43 0.826
6.0451 -3.1120 1.5739 29 216 29 0.881
-0.4702 -3.4301 3.7693 35 211 35 0.859
-7.8520 3.5554 0.8549 43 205 43 0.826
3.7425 -5.9116 2.4761 18 225 18 0.925
-0.3230 -4.2330 3.8065 26 218 26 0.892
-3.5906 3.1914 2.5694 24 220 24 0.903
2.4340 1.2513 3.0463 35 211 35 0.859
-2.9173 1.7131 2.7995 16 227 16 0.936
6.8404 3.4687 1.3168 29 216 29 0.881
-4.8135 -6.3643 2.0374 38 209 38 0.848
-4.4041 1.4976 2.2739 35 211 35 0.859
6.3299 7.4131 1.3954 40 207 40 0.837
-4.9490 -1.9884 2.0170 26 218 26 0.892
-4.3093 2.7053 2.3281 38 209 38 0.848
5.0079 2.9091 2.0640 26 218 26 0.892
-7.5434 6.9378 0.9140 38 209 38 0.848
5.6489 -0.6403 1.8289 21 222 21 0.914
0.6003 -1.3113 3.7619 7 233 7 0.969
3.4587 0.2297 2.6076 29 216 29 0.881
-6.8107 -1.5904 1.3171 46 202 46 0.815
-5.5706 -5.1821 1.7419 24 220 24 0.903
4.2644 1.4463 2.2834 18 225 18 0.925
4.6827 6.2579 2.1282 43 205 43 0.826
-4.9515 -3.9295 1.9118 48 200 48 0.804
-4.6706 4.7863 2.0919 40 207 40 0.837
5.7971 -0.8943 1.6516 13 229 13 0.947
-3.2684 7.1308 2.6260 35 211 35 0.859
-2.6490 -4.1431 2.9963 48 200 48 0.804
-5.4458 0.0195 1.8208 18 225 18 0.925
6.3006 -7.3922 1.5324 13 229 13 0.947
-2.0602 -6.9510 3.2618 92 219 20 0.793
-6.6056 7.7029 1.3590 38 209 38 0.848
-1.1903 -4.5043 3.5488 21 222 21 0.914
-2.9073 3.8483 2.8638 100 217 20 0.771
2.9528 -0.2779 2.8477 43 205 43 0.826
-5.8228 1.5185 1.6773 18 225 18 0.925
-3.7071 -5.3787 2.5628 24 220 24 0.903
-4.2533 5.3083 2.2985 26 218 26 0.892
5.1078 7.5564 1.9623 24 220 24 0.903
-3.4430 -2.0248 2.5764 26 218 26 0.892
-6.1947 -6.4705 1.4777 38 209 38 0.848
-0.5504 5.1015 3.7787 29 216 29 0.881
1.2216 1.1504 3.3905 48 200 48 0.804
1.8515 -2.0217 3.2718 10 231 10 0.958
2.8346 6.7515 2.8500 29 216 29 0.881
2.7650 -4.6545 2.8911 21 222 21 0.914
-1.8091 -7.3886 3.3054 38 209 38 0.848
6.1683 1.7420 1.4903 26 218 26 0.892
0.8129 -6.4859 3.6144 46 202 46 0.815
6.1659 -7.7623 1.5288 26 218 26 0.892
5.5398 1.5358 1.7924 29 216 29 0.881
1.9447 -6.2121 3.2051 46 202 46 0.815
5.4143 2.2008 1.8860 29 216 29 0.881
-4.0233 7.0628 2.4253 32 214 32 0.870
2.3477 6.5773 3.1424 18 225 18 0.925
1.7833 4.8029 3.2818 32 214 32 0.870
-5.4553 3.4941 1.8980 109 214 20 0.749
-4.4098 -5.0000 2.2407 21 222 21 0.914
-1.7857 -1.8692 3.2767 46 202 46 0.815
0.3358 2.5279 3.8279 18 225 18 0.925
-6.0671 -0.3683 1.6073 35 211 35 0.859
1.3530 5.6895 3.4744 29 216 29 0.881
6.5423 3.8508 1.3655 21 222 21 0.914
-4.8276 5.5548 2.1292 43 205 43 0.826
2.4414 3.2275 3.0906 13 229 13 0.947
-5.8805 6.7548 1.6414 35 211 35 0.859
6.5947 1.1888 1.3950 21 222 21 0.914
-1.4182 4.1514 3.3615 29 216 29 0.881
-6.2672 6.6450 1.5107 18 225 18 0.925
-2.7170 5.6020 2.9712 32 214 32 0.870
-1.7499 -1.1619 3.2966 38 209 38 0.848
-3.3875 -5.5183 2.6773 24 220 24 0.903
3.8282 -2.8979 2.5074 26 218 26 0.892
-3.7575 0.8018 2.5601 16 227 16 0.936
-6.7053 -5.3510 1.3186 26 218 26 0.892
2.3217 5.7371 3.0551 43 205 43 0.826
4.3545 1.6473 2.2674 32 214 32 0.870
1.7029 4.2718 3.3181 38 209 38 0.848
-0.7402 0.4636 3.7251 4 236 4 0.980
1.6851 -3.1526 3.2399 29 216 29 0.881
-6.8323 -0.5597 1.2975 46 202 46 0.815
-2.4645 -5.7654 3.0832 35 211 35 0.859
0.2520 6.9762 3.9489 16 227 16 0.936
-7.2564 -6.6157 1.1088 21 222 21 0.914
3.7494 -5.8536 2.4290 24 220 24 0.903
2.5628 -0.4809 2.9806 46 202 46 0.815
-3.7432 0.5530 2.4941 18 225 18 0.925
-6.5627 -6.9625 1.3756 35 211 35 0.859
-5.1514 -5.8445 1.9674 92 219 20 0.793
-7.4835 5.1978 1.0084 35 211 35 0.859
-1.7279 3.5686 3.3528 38 209 38 0.848
6.5416 5.4483 1.3202 18 225 18 0.925
-4.2888 5.9643 2.3541 29 216 29 0.881
-6.5209 5.1258 1.3477 38 209 38 0.848
-7.6220 -5.8083 0.9636 35 211 35 0.859
-1.1205 -2.6456 3.5323 35 211 35 0.859
2.4864 -7.5590 3.0286 35 211 35 0.859
-6.9963 4.4877 1.2078 40 207 40 0.837
-1.9097 2.9790 3.2684 38 209 38 0.848
-6.6238 0.2851 1.2711 21 222 21 0.914
5.2403 -6.4966 1.8235 4 236 4 0.980
6.7548 4.9832 1.2918 24 220 24 0.903
-7.5333 -6.6795 0.9835 10 231 10 0.958
-1.7377 -2.5295 3.3786 46 202 46 0.815
4.7886 -3.0156 2.0720 43 205 43 0.826
2.0869 7.6189 3.1130 32 214 32 0.870
7.7957 6.4988 0.8626 35 211 35 0.859
-0.1126 -7.1964 3.8734 35 211 35 0.859
5.4325 6.6241 1.7642 35 211 35 0.859
6.8837 2.3442 1.2360 21 222 21 0.914
-7.1727 3.3578 1.1181 35 211 35 0.859
-1.0040 1.7188 3.6094 13 229 13 0.947
4.7740 2.8318 2.0472 26 218 26 0.892
6.1889 2.6316 1.4681 35 211 35 0.859
0.5065 5.2792 3.7466 4 236 4 0.980
1.0240 5.3590 3.6667 38 209 38 0.848
-3.9144 0.6260 2.3550 21 222 21 0.914
-0.6712 5.3718 3.7249 40 207 40 0.837
1.5613 -2.8512 3.3993 35 211 35 0.859
-1.8455 -5.3199 3.2428 38 209 38 0.848
6.0634 4.2739 1.5426 35 211 35 0.859
-4.0658 -7.5899 2.4011 21 222 21 0.914
4.5071 -2.3665 2.1710 18 225 18 0.925
0.9362 5.9714 3.6125 38 209 38 0.848
2.4488 4.0087 2.9795 35 211 35 0.859
-7.0791 2.7191 1.1246 38 209 38 0.848
7.6797 6.4120 0.8970 21 222 21 0.914
-2.0926 -3.0977 3.0654 21 222 21 0.914
1.6728 -5.7829 3.2789 24 220 24 0.903
1.1071 -2.0759 3.4450 32 214 32 0.870
-7.3779 -1.2945 1.0196 29 216 29 0.881
-0.6308 7.3464 3.7205 29 216 29 0.881
6.6096 -5.6726 1.3198 24 220 24 0.903
7.8117 6.7741 0.9099 32 214 32 0.870
-4.0804 0.1368 2.4884 32 214 32 0.870
6.6522 -7.5145 1.3040 13 229 13 0.947
-6.0164 -2.0452 1.5687 29 216 29 0.881
-6.9033 3.5616 1.2997 32 214 32 0.870
4.2425 6.9479 2.2608 16 227 16 0.936
5.1152 -7.1079 2.0001 32 214 32 0.870
2.5756 -3.8483 2.9516 38 209 38 0.848
-6.8777 3.8117 1.2396 40 207 40 0.837
-7.5625 -1.0139 1.0047 35 211 35 0.859
-5.6805 -6.1898 1.7120 43 205 43 0.826
-1.9337 2.8013 3.2118 48 200 48 0.804
-7.5374 -3.9207 1.1065 18 225 18 0.925
-7.3358 3.5358 1.0514 40 207 40 0.837
2.4797 -7.2488 2.9705 32 214 32 0.870
4.6581 -1.7095 2.2943 100 217 20 0.771
0.8782 -6.7725 3.6230 43 205 43 0.826
2.2556 -1.1330 3.1116 24 220 24 0.903
-0.9171 -7.2254 3.6931 32 214 32 0.870
4.1565 -2.9600 2.3855 21 222 21 0.914
7.4541 4.2612 1.0525 35 211 35 0.859
2.3473 -6.8231 3.0514 43 205 43 0.826
2.4708 -0.8131 3.0082 38 209 38 0.848
7.1370 3.2177 1.1299 35 211 35 0.859
0.7831 1.0942 3.6614 43 205 43 0.826
0.8602 4.5439 3.6419 43 205 43 0.826
3.1329 -2.4157 2.7611 35 211 35 0.859
-4.0377 5.2721 2.4357 40 207 40 0.837
5.9648 -1.6966 1.7078 29 216 29 0.881
7.3585 7.9018 1.0607 105 215 20 0.760
-6.7947 -1.6608 1.2465 35 211 35 0.859
7.2420 6.7753 1.0693 29 216 29 0.881
6.4930 4.9224 1.5038 43 205 43 0.826
-3.9888 1.0886 2.4218 16 227 16 0.936
0.1686 -6.1759 3.9798 43 205 43 0.826
1.9571 4.4541 3.2319 13 229 13 0.947
-0.5706 5.0898 3.8281 29 216 29 0.881
3.0152 6.6198 2.7203 24 220 24 0.903
3.5602 6.0478 2.6698 48 200 48 0.804
-6.3170 -4.1167 1.4921 46 202 46 0.815
6.4285 -2.4973 1.4329 43 205 43 0.826
6.5837 3.5241 1.3158 21 222 21 0.914
3.5431 3.4268 2.5958 40 207 40 0.837
-4.4142 -5.5454 2.2770 26 218 26 0.892
-0.2303 -2.1836 3.8215 92 219 20 0.793
6.2291 -1.9134 1.4998 29 216 29 0.881
1.6468 3.8594 3.2804 26 218 26 0.892
-3.5735 2.4144 2.5522 96 218 20 0.782
-4.1476 -4.4368 2.3503 4 236 4 0.980
7.8562 3.9829 0.8314 48 200 48 0.804
-7.7253 -6.4215 0.9069 32 214 32 0.870
-1.6333 -5.3987 3.3976 29 216 29 0.881
-0.2613 4.9613 3.8809 21 222 21 0.914
1.2484 -6.5236 3.4625 46 202 46 0.815
0.7928 -6.1596 3.6251 38 209 38 0.848
-4.1468 5.4496 2.3825 32 214 32 0.870
-6.2358 -7.0479 1.5396 26 218 26 0.892
-6.5388 -6.6541 1.3425 24 220 24 0.903
6.7154 -6.1123 1.2699 24 220 24 0.903
-7.4929 -4.6857 1.0283 26 218 26 0.892
4.5269 0.0774 2.1531 40 207 40 0.837
6.9614 2.5393 1.2137 29 216 29 0.881
-5.7423 6.0643 1.6705 13 229 13 0.947
-6.5872 0.7199 1.3879 32 214 32 0.870
-7.2849 7.8114 1.1583 48 200 48 0.804
-7.1866 -1.2556 1.0426 32 214 32 0.870
-5.3354 -1.6975 1.8000 38 209 38 0.848
-0.7808 -4.5985 3.7005 18 225 18 0.925
-2.4406 4.9055 3.0209 35 211 35 0.859
4.5087 -2.1530 2.2501 16 227 16 0.936
7.6555 -2.0076 0.9384 43 205 43 0.826
-4.8814 -7.5449 2.0236 48 200 48 0.804
-1.4061 0.6749 3.4252 35 211 35 0.859
-0.7059 -7.1515 3.7121 46 202 46 0.815
-2.8302 1.0912 2.9206 32 214 32 0.870
6.7946 -7.6579 1.3356 18 225 18 0.925
7.7159 1.8045 0.8534 40 207 40 0.837
7.3870 -7.2456 1.1285 32 214 32 0.870
5.4455 1.4821 1.7592 48 200 48 0.804
5.8327 -0.3993 1.5856 43 205 43 0.826
2.1435 -2.8682 3.1355 4 236 4 0.980
-1.7418 3.5203 3.2965 43 205 43 0.826
0.8600 -2.1705 3.6979 38 209 38 0.848
-6.7776 4.5890 1.3407 40 207 40 0.837
5.0089 0.5291 1.9920 46 202 46 0.815
7.0769 5.8337 1.1347 32 214 32 0.870
-4.5930 -3.8163 2.2911 46 202 46 0.815
7.6986 -3.7697 0.8640 10 231 10 0.958
-5.3876 -7.1829 1.8010 21 222 21 0.914
-4.7239 1.5378 2.1177 21 222 21 0.914
7.7586 7.5696 0.9143 26 218 26 0.892
5.4689 -1.6983 1.7668 21 222 21 0.914
-0.5684 -4.5554 3.7931 26 218 26 0.892
6.9680 -3.1910 1.2197 43 205 43 0.826
6.0527 -2.1443 1.5888 18 225 18 0.925
2.1413 -7.4926 3.2037 35 211 35 0.859
-6.7273 5.2486 1.2396 21 222 21 0.914
5.4341 -6.9365 1.7428 4 236 4 0.980
-4.9915 -3.3707 1.9950 40 207 40 0.837
-0.1857 -4.7111 3.9358 35 211 35 0.859
1.4484 4.9583 3.4510 43 205 43 0.826
7.9251 6.1575 0.7704 96 218 20 0.782
-5.9702 -6.3022 1.5871 26 218 26 0.892
-4.3626 -5.2764 2.3223 26 218 26 0.892
4.3476 -6.4127 2.2825 24 220 24 0.903
-5.2837 7.2782 1.9423 38 209 38 0.848
-1.5640 -0.2793 3.3227 13 229 13 0.947
0.5664 0.8378 3.7465 46 202 46 0.815
-3.4191 -7.3939 2.6027 38 209 38 0.848
0.5949 -1.6811 3.7937 21 222 21 0.914
5.7944 0.5797 1.6696 16 227 16 0.936
6.6511 -0.9433 1.3577 35 211 35 0.859
-3.9479 4.0221 2.3296 32 214 32 0.870
6.6804 4.1693 1.3669 105 215 20 0.760
7.0812 -6.4989 1.1401 35 211 35 0.859
1.5060 -5.3187 3.3848 18 225 18 0.925
-6.0776 -1.4459 1.6091 46 202 46 0.815
-7.8357 0.9116 0.8598 46 202 46 0.815
5.0492 -5.0620 2.0018 26 218 26 0.892
3.3583 6.7133 2.6198 7 233 7 0.969
-6.4501 7.4194 1.4646 43 205 43 0.826
4.3894 1.1986 2.2739 32 214 32 0.870
-5.8436 -6.5643 1.7494 18 225 18 0.925
-0.4251 6.4674 3.7972 26 218 26 0.892
4.5680 -5.7310 2.0963 43 205 43 0.826
3.7619 6.4557 2.4701 38 209 38 0.848
-6.2907 6.8277 1.4976 32 214 32 0.870
-7.1032 2.0707 1.1536 40 207 40 0.837
5.5894 -6.4328 1.7736 16 227 16 0.936
-3.5381 -3.9106 2.5612 16 227 16 0.936
3.5996 6.9090 2.5547 21 222 21 0.914
-1.0636 6.6300 3.4647 32 214 32 0.870
2.8098 -0.5992 2.8444 24 220 24 0.903
3.0583 -4.4941 2.8153 21 222 21 0.914
-6.7871 -5.9508 1.2316 38 209 38 0.848
5.5739 -2.5870 1.7364 32 214 32 0.870
-2.8863 4.6913 2.7616 35 211 35 0.859
0.5004 -5.4362 3.6771 38 209 38 0.848
-7.7911 -1.2968 0.8483 21 222 21 0.914
1.2721 -0.1305 3.5234 38 209 38 0.848
7.7495 -6.5024 0.9575 48 200 48 0.804
-5.5846 -2.3055 1.7350 21 222 21 0.914
6.0009 -0.8352 1.5755 35 211 35 0.859
-5.4994 -2.3859 1.6952 26 218 26 0.892
3.7868 -0.9604 2.4287 38 209 38 0.848
0.0977 -6.5648 3.7871 29 216 29 0.881
-3.7637 5.6492 2.4434 29 216 29 0.881
1.8701 -6.2207 3.3287 46 202 46 0.815
-4.5868 6.8462 2.2916 46 202 46 0.815
-1.3036 4.2453 3.5675 43 205 43 0.826
-0.2848 -6.1623 3.9241 40 207 40 0.837
4.5433 -6.3127 2.2089 24 220 24 0.903
5.0446 -5.6425 1.9923 35 211 35 0.859
-4.6138 6.9927 2.1408 46 202 46 0.815
-7.3512 -7.0066 1.0533 16 227 16 0.936
-3.5695 5.7976 2.5696 18 225 18 0.925
3.3551 5.4043 2.6814 29 216 29 0.881
0.3714 -4.4610 3.8245 40 207 40 0.837
1.0040 -0.7496 3.5761 32 214 32 0.870
-4.2682 0.9486 2.3274 24 220 24 0.903
-0.4769 -2.6546 3.8305 29 216 29 0.881
2.3605 -3.9340 3.0033 38 209 38 0.848
3.2198 -3.7973 2.7407 24 220 24 0.903
4.7614 4.3331 2.1339 26 218 26 0.892
5.5955 6.0827 1.7995 29 216 29 0.881
-7.1855 2.1603 1.1727 35 211 35 0.859
7.5944 4.6504 0.9995 24 220 24 0.903
7.6180 -3.9966 0.9220 7 233 7 0.969
3.6079 2.9475 2.5475 32 214 32 0.870
-2.5726 -3.9131 2.9891 32 214 32 0.870
-2.5297 4.9258 3.0315 38 209 38 0.848
6.9643 5.3800 1.2580 21 222 21 0.914
1.9463 6.5250 3.2517 43 205 43 0.826
-2.4008 -1.8068 3.1221 29 216 29 0.881
3.4627 -3.7881 2.6174 35 211 35 0.859
2.2285 2.0207 3.0915 24 220 24 0.903
-0.2856 -6.3673 3.8864 40 207 40 0.837
7.8713 -5.6057 0.8534 48 200 48 0.804
-4.0403 -1.3938 2.5518 43 205 43 0.826
-0.2758 4.6532 3.9424 32 214 32 0.870
-0.6871 -6.2904 3.6549 43 205 43 0.826
-0.9129 -5.7152 3.7218 43 205 43 0.826
2.8706 4.1184 2.8340 48 200 48 0.804
-1.8642 -6.3026 3.1317 40 207 40 0.837
-4.4295 -2.6508 2.1956 13 229 13 0.947
-4.0530 4.7253 2.4009 26 218 26 0.892
3.8777 3.8559 2.4839 96 218 20 0.782
0.7911 -1.5359 3.6671 4 236 4 0.980
6.8337 -1.4383 1.2359 43 205 43 0.826
-7.5820 3.2778 1.0083 24 220 24 0.903
-1.4972 4.1903 3.4041 29 216 29 0.881
-6.5021 2.1751 1.3723 92 219 20 0.793
-2.6168 -3.9801 2.9254 38 209 38 0.848
5.2062 -0.2519 1.8450 21 222 21 0.914
1.6761 -2.5941 3.3921 29 216 29 0.881
-5.0031 -4.1540 1.9523 38 209 38 0.848
2.5214 -2.8428 3.0503 24 220 24 0.903
-4.7920 -4.0642 2.1537 29 216 29 0.881
5.1242 3.9054 1.9555 29 216 29 0.881
1.7639 0.3355 3.3288 35 211 35 0.859
-6.0342 2.8559 1.6214 16 227 16 0.936
-7.8579 -3.7715 0.8617 40 207 40 0.837
0.4023 4.8398 3.8799 32 214 32 0.870
4.0223 1.0160 2.3246 29 216 29 0.881
-5.5680 -7.1700 1.8367 29 216 29 0.881
-6.1541 1.8114 1.5515 40 207 40 0.837
-7.6312 -3.6409 0.8693 24 220 24 0.903
-1.9490 -3.7196 3.2289 35 211 35 0.859
5.6518 -5.3739 1.7016 48 200 48 0.804
3.3655 -6.2631 2.6602 26 218 26 0.892
5.7596 0.8816 1.6294 26 218 26 0.892
-0.9157 3.1078 3.7066 18 225 18 0.925
4.5526 -2.1932 2.1703 21 222 21 0.914
5.7045 1.7632 1.6577 21 222 21 0.914
-6.8026 -2.9901 1.3087 43 205 43 0.826
-1.7190 -0.0066 3.3317 32 214 32 0.870
0.5707 7.5911 3.7692 38 209 38 0.848
-3.8750 -7.3739 2.5266 26 218 26 0.892
0.8440 6.3532 3.6467 40 207 40 0.837
2.4956 -5.6851 3.0171 92 219 20 0.793
2.7314 -6.6209 2.8883 7 233 7 0.969
-3.0437 -5.7241 2.7670 40 207 40 0.837
3.1631 -0.6484 2.7420 38 209 38 0.848
6.4336 1.6572 1.4326 38 209 38 0.848
6.1420 3.5367 1.5451 48 200 48 0.804
3.7182 -6.3073 2.4316 40 207 40 0.837
0.1564 -4.4296 3.9866 48 200 48 0.804
-0.2519 1.6365 3.8953 18 225 18 0.925
-0.3459 2.4673 3.8043 38 209 38 0.848
-7.1479 -2.4964 1.0904 43 205 43 0.826
-3.7733 -4.4765 2.4687 13 229 13 0.947
4.9113 3.3536 1.9935 43 205 43 0.826
-4.5370 -6.5666 2.1564 43 205 43 0.826
6.7465 -2.2929 1.2690 35 211 35 0.859
4.6710 6.5478 2.0910 29 216 29 0.881
1.0354 -1.2034 3.6485 24 220 24 0.903
6.7505 -2.4128 1.3332 46 202 46 0.815
-1.8787 -0.8470 3.3005 32 214 32 0.870
-4.9703 -6.5661 2.0595 38 209 38 0.848
-5.2965 0.2082 2.0157 21 222 21 0.914
3.9183 7.3397 2.4591 26 218 26 0.892
-1.5358 6.6305 3.4210 38 209 38 0.848
-5.3134 5.1931 1.8526 40 207 40 0.837
-2.4740 -2.1932 2.9244 43 205 43 0.826
2.2933 -6.4504 3.0465 32 214 32 0.870
3.3908 7.3311 2.6291 46 202 46 0.815
4.1431 -3.7019 2.2857 18 225 18 0.925
3.6040 6.6819 2.5860 10 231 10 0.958
-4.9152 -0.3579 2.0614 35 211 35 0.859
-5.1012 -2.9100 1.9573 32 214 32 0.870
0.4092 -2.8313 3.9380 43 205 43 0.826
6.1450 -7.4052 1.5488 18 225 18 0.925
-5.7043 5.9934 1.7591 10 231 10 0.958
-3.4328 4.5810 2.5862 29 216 29 0.881
6.6121 -1.3860 1.4415 26 218 26 0.892
-6.7598 3.2791 1.3030 10 231 10 0.958
-5.6173 -2.7525 1.7024 38 209 38 0.848
-7.8680 -6.1646 0.8609 92 219 20 0.793
-2.9035 6.4753 2.7442 29 216 29 0.881
-5.6741 -5.7833 1.7203 96 218 20 0.782
-0.5813 5.7004 3.8386 40 207 40 0.837
6.5602 6.6150 1.3358 38 209 38 0.848
1.9369 -7.4493 3.2278 24 220 24 0.903
-7.8016 -4.4862 0.7310 35 211 35 0.859
-1.5683 0.9557 3.3372 32 214 32 0.870
-7.5548 -5.9248 0.9614 24 220 24 0.903
5.4989 6.5621 1.7646 35 211 35 0.859
-6.7188 -2.7968 1.4400 46 202 46 0.815
4.7533 -2.3840 2.0589 10 231 10 0.958
7.4413 -0.9434 0.9698 48 200 48 0.804
3.0970 4.5218 2.7753 43 205 43 0.826
2.5473 0.7649 3.0268 26 218 26 0.892
-5.0588 -7.4729 2.0257 32 214 32 0.870
-0.3260 7.3001 3.8906 35 211 35 0.859
-7.6515 0.7007 1.0514 32 214 32 0.870
4.6748 -3.7391 2.1346 24 220 24 0.903
-1.8510 5.9223 3.2542 29 216 29 0.881
4.8177 5.7274 2.0653 4 236 4 0.980
5.6901 -1.4655 1.7385 16 227 16 0.936
-0.8617 0.4402 3.6481 13 229 13 0.947
1.9676 -2.9750 3.1521 16 227 16 0.936
-2.9458 -6.6641 2.8347 29 216 29 0.881
1.7712 6.0338 3.3070 40 207 40 0.837
-5.7383 -7.4580 1.6394 24 220 24 0.903
-3.8968 -5.4190 2.3894 16 227 16 0.936
-3.7985 3.2458 2.4500 26 218 26 0.892
0.6584 7.6469 3.7811 43 205 43 0.826
3.3081 1.6615 2.6863 7 233 7 0.969
6.3015 -7.2538 1.4214 21 222 21 0.914
5.4998 5.4741 1.8358 29 216 29 0.881
-5.4579 -5.3452 1.8096 35 211 35 0.859
5.3103 -5.0719 1.8617 29 216 29 0.881
7.0079 6.8511 1.1812 18 225 18 0.925
-0.5936 4.3317 3.7248 105 215 20 0.760
-7.8845 2.2032 0.8109 100 217 20 0.771
-3.4811 6.3664 2.6259 35 211 35 0.859
-5.9028 7.5298 1.5764 92 219 20 0.793
-3.0880 -1.7451 2.8382 32 214 32 0.870
6.7713 -5.1822 1.2237 10 231 10 0.958
1.6387 -3.9106 3.2921 38 209 38 0.848
1.5873 -6.6064 3.3342 40 207 40 0.837
5.3553 7.0018 1.8442 38 209 38 0.848
6.8433 -5.1264 1.3617 10 231 10 0.958
4.5074 -3.2626 2.1805 48 200 48 0.804
-7.9070 -1.9020 0.8377 43 205 43 0.826
-7.5162 7.1729 1.0376 43 205 43 0.826
5.2375 -4.7799 1.8955 35 211 35 0.859
5.4327 -6.8036 1.7727 4 236 4 0.980
-7.6403 -5.4515 0.9414 40 207 40 0.837
5.7983 4.8774 1.6702 24 220 24 0.903
-6.0391 -6.5122 1.5145 18 225 18 0.925
-1.5757 0.8411 3.3839 32 214 32 0.870
0.5726 2.5929 3.6924 26 218 26 0.892
0.2025 4.3307 3.8645 16 227 16 0.936
3.7755 -3.8622 2.4566 35 211 35 0.859
-3.9377 -3.1698 2.3619 26 218 26 0.892
2.3461 3.2731 3.0210 18 225 18 0.925
7.7865 -5.5575 0.8943 32 214 32 0.870
-1.0876 -7.2867 3.4707 46 202 46 0.815
7.7711 -5.1223 0.8815 26 218 26 0.892
-0.1300 5.6640 3.8158 32 214 32 0.870
6.5618 7.8001 1.4241 43 205 43 0.826
6.7461 -6.8867 1.3513 32 214 32 0.870
-1.3439 3.0022 3.5369 43 205 43 0.826
2.0391 6.2370 3.1781 40 207 40 0.837
-2.7186 6.7523 2.9438 35 211 35 0.859
0.4162 -1.6535 3.8023 24 220 24 0.903
6.0011 5.8629 1.6158 43 205 43 0.826
2.8878 4.2782 2.8402 40 207 40 0.837
-2.9665 2.4157 2.7978 40 207 40 0.837
-6.6871 5.5541 1.3938 24 220 24 0.903
0.0602 -0.6127 4.0285 40 207 40 0.837
-3.1096 -7.0510 2.7344 21 222 21 0.914
-1.1575 2.5739 3.4822 40 207 40 0.837
4.3065 3.2676 2.2120 32 214 32 0.870
-0.6668 -3.9471 3.8030 38 209 38 0.848
-0.2213 0.1693 3.9141 29 216 29 0.881
7.5535 -5.6817 0.9991 29 216 29 0.881
-4.7710 5.9962 2.1795 26 218 26 0.892
-2.2414 -1.8895 3.1248 40 207 40 0.837
3.6688 5.9011 2.5154 29 216 29 0.881
5.2786 4.4344 1.8793 32 214 32 0.870
-0.8953 0.8654 3.6526 26 218 26 0.892
-1.7011 5.1635 3.3540 48 200 48 0.804
6.9997 -6.5637 1.2081 21 222 21 0.914
3.2703 1.5395 2.7755 18 225 18 0.925
-3.8342 3.4892 2.4150 29 216 29 0.881
-0.2051 -4.8416 3.9614 32 214 32 0.870
3.5128 -3.1516 2.6257 24 220 24 0.903
4.3686 1.2064 2.3406 38 209 38 0.848
-6.1656 0.0143 1.4153 48 200 48 0.804
-3.4471 -6.7033 2.5759 46 202 46 0.815
-1.6694 5.6047 3.3555 40 207 40 0.837
6.0038 2.7707 1.5709 26 218 26 0.892
0.6453 -6.8907 3.6593 96 218 20 0.782
0.3949 7.3419 3.7908 24 220 24 0.903
6.6793 3.7954 1.3692 21 222 21 0.914
3.6704 0.7552 2.4885 29 216 29 0.881
1.3310 5.6026 3.4539 29 216 29 0.881
-7.9220 4.2337 0.8261 32 214 32 0.870
3.9356 2.3456 2.3960 48 200 48 0.804
-2.5954 -5.0441 2.9628 40 207 40 0.837
1.2098 7.0617 3.5604 40 207 40 0.837
7.3547 -4.5945 1.0665 38 209 38 0.848
-6.8666 1.7685 1.2465 96 218 20 0.782
-3.5106 3.9831 2.6173 48 200 48 0.804
6.6573 -1.0744 1.3188 29 216 29 0.881
-7.0418 7.0041 1.0556 35 211 35 0.859
0.0597 -1.0690 3.9997 26 218 26 0.892
-2.2985 -2.8817 3.0890 10 231 10 0.958
2.7494 5.1734 2.8880 29 216 29 0.881
2.3398 0.1432 3.0744 29 216 29 0.881
5.5078 -5.7126 1.7338 10 231 10 0.958
6.6336 1.6269 1.3416 38 209 38 0.848
-0.2432 6.5281 3.9305 26 218 26 0.892
1.9233 -1.3977 3.3126 24 220 24 0.903
-7.7443 4.0649 0.8277 13 229 13 0.947
5.7182 7.7533 1.6570 18 225 18 0.925
-2.1606 5.0621 3.0640 18 225 18 0.925
-5.0969 -7.1123 1.9172 29 216 29 0.881
5.1508 2.9640 1.8857 29 216 29 0.881
-3.2535 2.1831 2.7012 48 200 48 0.804
4.2214 4.3976 2.2590 7 233 7 0.969
7.8708 -2.4143 0.8445 43 205 43 0.826
2.2116 -0.7901 3.1340 32 214 32 0.870
2.2788 -6.3504 3.1158 40 207 40 0.837
-0.6598 0.7666 3.7059 18 225 18 0.925
-0.8228 -4.5282 3.6923 29 216 29 0.881
-3.5334 -4.4683 2.5464 29 216 29 0.881
-6.6158 -5.4167 1.2992 38 209 38 0.848
-5.6520 -4.1787 1.6252 92 219 20 0.793
-4.0768 -6.2903 2.3841 32 214 32 0.870
7.4009 -3.6603 1.0724 24 220 24 0.903
6.5244 -1.3342 1.4300 24 220 24 0.903
5.0498 5.4203 1.9246 21 222 21 0.914
3.6305 -2.4158 2.5928 40 207 40 0.837
7.5019 3.2770 0.9715 43 205 43 0.826
4.5352 5.4897 2.1551 21 222 21 0.914
-5.0070 2.7233 1.9891 35 211 35 0.859
0.1204 -6.6642 3.9863 18 225 18 0.925
-7.1159 -5.7985 1.1512 24 220 24 0.903
0.2327 2.2608 3.8860 29 216 29 0.881
-0.6882 -7.4802 3.7456 21 222 21 0.914
7.7658 7.0443 0.9145 21 222 21 0.914
-0.9190 -3.3784 3.5688 21 222 21 0.914
-4.1863 -7.3354 2.2934 4 236 4 0.980
5.7627 0.2391 1.7275 10 231 10 0.958
6.1079 6.9934 1.5981 32 214 32 0.870
3.5359 0.3233 2.7341 38 209 38 0.848
-0.8186 -7.7093 3.6942 40 207 40 0.837
5.9296 7.7662 1.7178 29 216 29 0.881
0.5980 5.6557 3.7507 26 218 26 0.892
-4.3332 -6.7513 2.2472 29 216 29 0.881
0.7440 2.3140 3.6391 46 202 46 0.815
5.6628 -5.7914 1.7209 21 222 21 0.914
-5.5565 -1.0265 1.7381 21 222 21 0.914
-5.9761 2.1728 1.6272 92 219 20 0.793
7.1567 -0.1409 1.1057 10 231 10 0.958
2.3582 -5.3362 3.1155 40 207 40 0.837
3.0400 6.8029 2.8574 40 207 40 0.837
-0.5088 3.4301 3.8126 43 205 43 0.826
0.9280 -7.2341 3.6215 29 216 29 0.881
-4.0960 5.6336 2.3657 18 225 18 0.925
-6.5485 0.8975 1.3996 24 220 24 0.903
-4.0663 3.9086 2.3622 21 222 21 0.914
-1.6257 1.7012 3.3450 35 211 35 0.859
0.2228 2.3685 3.9337 29 216 29 0.881
-1.1859 1.1221 3.5219 48 200 48 0.804
1.3932 1.4724 3.3975 48 200 48 0.804
5.6104 7.9072 1.8807 92 219 20 0.793
-0.1171 2.1422 3.9019 48 200 48 0.804
4.4768 -2.8034 2.2186 21 222 21 0.914
7.7939 -2.2997 0.8357 32 214 32 0.870
-7.6531 -3.6225 0.9301 21 222 21 0.914
-0.4780 4.9683 3.9019 24 220 24 0.903
4.9539 -0.7858 1.9889 26 218 26 0.892
-3.9202 -1.1259 2.4150 16 227 16 0.936
-5.1159 3.3988 1.9263 48 200 48 0.804
1.8525 4.2884 3.2790 26 218 26 0.892
4.3564 2.1681 2.2188 35 211 35 0.859
-3.8237 -3.2292 2.4803 7 233 7 0.969
3.4527 5.3841 2.5608 24 220 24 0.903
3.6732 3.0417 2.5074 26 218 26 0.892
0.4807 -7.1233 3.7984 48 200 48 0.804
0.8491 6.5017 3.7783 46 202 46 0.815
-2.9063 5.8715 2.8454 26 218 26 0.892
-6.6004 -2.6211 1.3727 29 216 29 0.881
-5.9626 -7.3844 1.5573 35 211 35 0.859
-1.2113 -6.2783 3.5506 29 216 29 0.881
-4.4577 0.9341 2.1348 21 222 21 0.914
-1.2483 -7.7468 3.5131 38 209 38 0.848
-3.5505 5.9353 2.6752 13 229 13 0.947
-7.8070 1.9551 0.8390 100 217 20 0.771
-6.7249 -3.5454 1.3290 46 202 46 0.815
-5.1380 -2.0995 1.9854 35 211 35 0.859
-6.7715 -2.0055 1.2912 43 205 43 0.826
-7.0515 -5.0424 1.2329 26 218 26 0.892
7.2319 -5.3165 1.0627 40 207 40 0.837
-3.9057 -5.7716 2.5164 24 220 24 0.903
2.3478 4.2169 3.0193 18 225 18 0.925
5.7052 4.9867 1.6664 10 231 10 0.958
1.6803 3.8682 3.3270 26 218 26 0.892
5.9160 1.7913 1.6542 29 216 29 0.881
-4.0191 -0.5438 2.4029 26 218 26 0.892
-4.0575 -0.4494 2.3272 29 216 29 0.881
1.0728 -3.5021 3.6007 29 216 29 0.881
-2.1015 5.4647 3.1746 18 225 18 0.925
-1.5214 -4.9167 3.4032 35 211 35 0.859
4.2452 -4.3865 2.2441 26 218 26 0.892
-3.0798 1.7571 2.7596 18 225 18 0.925
3.6333 1.0729 2.5828 40 207 40 0.837
2.9696 -3.8312 2.8386 29 216 29 0.881
-2.4543 6.4682 3.0563 38 209 38 0.848
3.7354 0.3864 2.5316 21 222 21 0.914
3.2598 2.1131 2.7553 26 218 26 0.892
5.0432 -4.7427 1.9575 43 205 43 0.826
-6.2562 6.9827 1.4580 43 205 43 0.826
2.5809 -5.5338 2.9994 38 209 38 0.848
-1.4441 -3.4655 3.4729 24 220 24 0.903
-4.2327 3.2379 2.2684 32 214 32 0.870
4.5613 -1.9821 2.2070 13 229 13 0.947
-6.9028 1.4385 1.1796 40 207 40 0.837
6.2894 -7.6363 1.5566 10 231 10 0.958
1.4607 1.3144 3.4436 46 202 46 0.815
1.0565 3.0906 3.5503 38 209 38 0.848
-2.5772 2.2486 2.9296 46 202 46 0.815
2.4723 -6.0408 2.9855 46 202 46 0.815
4.0280 3.1734 2.3802 13 229 13 0.947
2.8699 -6.4440 2.8584 4 236 4 0.980
2.1676 6.6263 3.2312 21 222 21 0.914
7.2620 7.2141 1.0378 43 205 43 0.826
-3.7155 0.8650 2.5077 10 231 10 0.958
7.3468 1.4660 1.0502 43 205 43 0.826
-0.5792 0.8714 3.7052 24 220 24 0.903
-4.0901 -0.9379 2.3857 4 236 4 0.980
-0.3372 -0.2631 3.9070 38 209 38 0.848
2.8151 3.7794 2.9574 96 218 20 0.782
-1.7420 4.2373 3.3634 26 218 26 0.892
-0.2371 4.3679 3.8756 18 225 18 0.925
-2.0515 1.7007 3.2577 35 211 35 0.859
-4.2231 3.9487 2.3376 24 220 24 0.903
7.1956 -6.4689 1.1137 38 209 38 0.848
0.7512 3.1075 3.6825 18 225 18 0.925
4.2784 6.0155 2.2477 29 216 29 0.881
2.6724 -3.3235 2.8942 26 218 26 0.892
-0.4649 -2.1100 3.8061 48 200 48 0.804
-6.1959 -4.6122 1.5570 100 217 20 0.771
5.8044 6.3933 1.6907 29 216 29 0.881
-5.4150 3.0119 1.8391 92 219 20 0.793
1.9483 -2.8943 3.1786 24 220 24 0.903
-0.4245 7.4006 3.8806 26 218 26 0.892
-5.3774 -4.4567 1.7799 7 233 7 0.969
-3.1691 -7.3653 2.7396 26 218 26 0.892
-6.6203 6.5862 1.4370 26 218 26 0.892
-6.3709 -7.4787 1.4273 46 202 46 0.815
6.1036 -7.5224 1.6310 24 220 24 0.903
0.3614 -3.5757 3.8774 21 222 21 0.914
-3.5749 -2.8579 2.6293 46 202 46 0.815
-2.6728 -3.1574 2.9633 18 225 18 0.925
-2.3318 5.1574 3.0408 10 231 10 0.958
5.6001 -3.3552 1.7546 40 207 40 0.837
-2.5367 1.3460 2.9098 35 211 35 0.859
-7.5335 -6.9062 0.9331 13 229 13 0.947
-5.6848 6.4948 1.7144 24 220 24 0.903
7.6196 -6.8957 0.8014 43 205 43 0.826
-4.0361 -2.5427 2.4515 21 222 21 0.914
1.9236 -6.6043 3.2736 26 218 26 0.892
4.1593 -0.9317 2.3099 46 202 46 0.815
-4.7907 6.2647 2.1045 26 218 26 0.892
7.2895 5.4543 1.0733 10 231 10 0.958
7.8565 5.1406 0.8519 24 220 24 0.903
-4.4755 -4.3271 2.2634 24 220 24 0.903
-2.5165 0.3247 3.0524 18 225 18 0.925
3.7778 0.7506 2.5194 29 216 29 0.881
-3.7604 -5.1601 2.5344 38 209 38 0.848
0.6796 -0.4086 3.6769 29 216 29 0.881
2.2777 -6.0597 3.0496 40 207 40 0.837
6.4428 -7.6130 1.4347 10 231 10 0.958
-2.2329 6.1229 3.1516 26 218 26 0.892
-7.0334 7.0441 1.2534 13 229 13 0.947
4.3832 2.7201 2.2025 43 205 43 0.826
-2.2310 -2.2524 3.1425 40 207 40 0.837
3.0311 -6.5847 2.8289 4 236 4 0.980
-2.4358 -1.6371 3.0604 32 214 32 0.870
-4.8955 5.7765 2.0187 10 231 10 0.958
4.7943 1.4239 2.0566 32 214 32 0.870
3.7103 -1.9258 2.6246 96 218 20 0.782
0.1953 5.6083 3.9049 26 218 26 0.892
-5.4688 7.1548 1.8558 46 202 46 0.815
-4.1455 1.1133 2.3541 21 222 21 0.914
0.6551 1.6518 3.7978 43 205 43 0.826
4.1801 4.6069 2.3034 4 236 4 0.980
5.8305 -1.1261 1.6472 29 216 29 0.881
-0.2694 1.8287 3.8355 24 220 24 0.903
1.5603 -5.1349 3.3598 32 214 32 0.870
4.1700 5.8002 2.3464 16 227 16 0.936
6.2628 2.0096 1.5584 26 218 26 0.892
5.9667 -0.2816 1.6306 48 200 48 0.804
2.6346 4.3247 3.0190 46 202 46 0.815
-1.3379 4.1839 3.4907 40 207 40 0.837
-7.1019 1.4080 1.1546 29 216 29 0.881
-5.3194 -1.8007 1.9299 29 216 29 0.881
-7.3780 1.6469 1.0338 105 215 20 0.760
1.7501 -2.5120 3.2498 32 214 32 0.870
4.0935 5.7564 2.3009 18 225 18 0.925
2.2568 0.2758 3.1160 32 214 32 0.870
2.1051 4.6952 3.1966 10 231 10 0.958
-6.9774 -7.4074 1.2648 21 222 21 0.914
1.2994 -3.8043 3.5150 35 211 35 0.859
7.2514 7.7632 1.1418 96 218 20 0.782
-6.5981 -3.3367 1.3805 21 222 21 0.914
6.5784 -7.3987 1.3830 24 220 24 0.903
-6.9067 4.7811 1.2959 46 202 46 0.815
-2.0658 3.2017 3.1938 40 207 40 0.837
2.7119 5.8206 2.8658 43 205 43 0.826
-6.2424 1.2185 1.6107 32 214 32 0.870
0.1248 6.6388 3.9100 29 216 29 0.881
1.8837 1.5766 3.1664 40 207 40 0.837
-3.6657 -1.6560 2.5421 26 218 26 0.892
4.0873 -5.9490 2.3142 35 211 35 0.859
7.1998 -4.6291 1.1467 24 220 24 0.903
-5.7017 -1.2728 1.7064 32 214 32 0.870
-1.4328 7.6884 3.4938 26 218 26 0.892
4.1676 6.7847 2.4013 13 229 13 0.947
7.8159 -1.3946 0.9288 109 214 20 0.749
7.3111 -0.2667 1.1084 24 220 24 0.903
-3.8969 -0.2364 2.4450 7 233 7 0.969
-0.3351 -6.8380 3.8016 100 217 20 0.771
-7.5727 -0.3932 0.9473 21 222 21 0.914
7.0355 5.5246 1.1558 13 229 13 0.947
4.5348 -4.9506 2.1497 38 209 38 0.848
-4.8433 -0.7238 2.0706 24 220 24 0.903
-3.2602 -1.1588 2.6709 48 200 48 0.804
4.1884 1.6298 2.3363 21 222 21 0.914
0.7901 -1.6009 3.6332 13 229 13 0.947
4.9387 -4.0261 1.9940 32 214 32 0.870
1.3672 -0.1224 3.4589 43 205 43 0.826
-7.1197 -6.8300 1.1087 18 225 18 0.925
-2.7098 -2.5290 2.9584 38 209 38 0.848
-1.4350 3.1075 3.4914 46 202 46 0.815
-3.1306 4.3878 2.7666 46 202 46 0.815
0.8294 6.5484 3.6561 35 211 35 0.859
-3.2664 0.4381 2.6563 7 233 7 0.969
7.6072 -2.5730 1.0479 35 211 35 0.859
6.8313 -4.9377 1.3095 4 236 4 0.980
-4.5097 -2.9608 2.1458 24 220 24 0.903
-0.8627 -5.6660 3.7563 43 205 43 0.826
2.3165 -2.4369 3.0630 32 214 32 0.870
-5.5516 6.6302 1.9040 35 211 35 0.859
7.0077 0.3183 1.2317 18 225 18 0.925
6.6210 6.3222 1.3139 24 220 24 0.903
-0.3493 4.3034 3.8424 35 211 35 0.859
-1.6651 6.1179 3.3986 38 209 38 0.848
-2.5213 6.2054 2.9742 29 216 29 0.881
-3.8955 1.5592 2.3251 4 236 4 0.980
-5.0002 -6.4158 2.0013 35 211 35 0.859
6.6445 0.2028 1.3206 26 218 26 0.892
6.7401 -6.9852 1.3498 26 218 26 0.892
6.9628 -3.6610 1.1484 24 220 24 0.903
7.8509 5.9928 0.8777 40 207 40 0.837
-0.1936 6.2694 3.9169 29 216 29 0.881
2.8425 -3.6478 2.8295 21 222 21 0.914
3.4867 7.4381 2.6065 32 214 32 0.870
-5.5144 -4.6236 1.7872 10 231 10 0.958
6.4392 -7.2916 1.4450 16 227 16 0.936
5.9319 6.9015 1.6585 26 218 26 0.892
-1.5446 1.8406 3.3878 32 214 32 0.870
6.8710 -6.0425 1.3655 32 214 32 0.870
-3.0884 0.1109 2.7160 92 219 20 0.793
1.9461 -4.3727 3.2458 32 214 32 0.870
-5.8366 -6.6370 1.6189 32 214 32 0.870
-7.5757 3.9180 1.0231 24 220 24 0.903
2.1218 4.5766 3.1801 13 229 13 0.947
4.3219 -1.6089 2.3512 105 215 20 0.760
1.5254 5.9228 3.4298 32 214 32 0.870
-5.3136 -1.0576 1.8250 29 216 29 0.881
-2.1288 2.4868 3.1056 38 209 38 0.848
-7.8501 -6.2465 0.7975 105 215 20 0.760
-7.8097 -2.0984 0.8881 96 218 20 0.782
7.5209 -4.8612 1.0090 18 225 18 0.925
3.5073 -6.9867 2.5701 18 225 18 0.925
4.3086 -5.6368 2.2723 26 218 26 0.892
1.1993 -2.6845 3.5176 18 225 18 0.925
-1.9075 7.6433 3.2766 46 202 46 0.815
7.7646 7.7229 0.8547 35 211 35 0.859
-2.6592 -5.9309 3.0123 38 209 38 0.848
2.5345 -3.2380 3.0001 16 227 16 0.936
7.7842 -4.2194 0.9344 46 202 46 0.815
4.5561 6.1018 2.2579 24 220 24 0.903
2.1168 0.8678 3.1976 40 207 40 0.837
-6.8631 6.7403 1.1759 32 214 32 0.870
-3.2780 -6.5949 2.6319 35 211 35 0.859
-2.3122 4.5796 3.0950 32 214 32 0.870
-6.1722 6.3874 1.5290 21 222 21 0.914
-1.3929 -5.6476 3.4440 92 219 20 0.793
1.9887 -5.7742 3.1862 43 205 43 0.826
2.8240 6.5170 2.8459 35 211 35 0.859
4.6907 0.7056 2.1832 21 222 21 0.914
1.0951 7.4875 3.6558 43 205 43 0.826
2.1666 4.2893 3.1123 26 218 26 0.892
-0.5729 0.4153 3.7188 32 214 32 0.870
7.1833 0.8246 1.1823 26 218 26 0.892
3.3041 -2.5390 2.6355 35 211 35 0.859
3.5927 -5.0204 2.5315 21 222 21 0.914
7.0336 -1.9496 1.1558 40 207 40 0.837
-4.7640 0.5763 2.1162 29 216 29 0.881
6.7334 -4.7363 1.4377 24 220 24 0.903
7.2413 7.8716 1.0452 100 217 20 0.771
3.1602 -6.3993 2.6407 16 227 16 0.936
-1.5921 -0.9532 3.3320 18 225 18 0.925
4.7278 -3.6091 2.0729 21 222 21 0.914
3.6531 -4.3063 2.5680 29 216 29 0.881
3.9951 -4.2961 2.3487 32 214 32 0.870
1.1917 3.0512 3.5652 48 200 48 0.804
1.0576 -6.0739 3.5399 35 211 35 0.859
5.0459 2.6563 1.9720 18 225 18 0.925
3.1705 4.5686 2.6709 35 211 35 0.859
4.6739 1.2936 2.0970 26 218 26 0.892
7.7614 -0.5869 0.9869 48 200 48 0.804
-7.1283 5.0131 1.1099 38 209 38 0.848
1.3434 2.9767 3.4334 92 219 20 0.793
-7.3520 -5.9974 1.0568 18 225 18 0.925
-0.7552 1.7005 3.6688 18 225 18 0.925
-3.1206 4.4122 2.7361 46 202 46 0.815
-0.2415 1.2884 3.9621 29 216 29 0.881
-2.5941 3.1082 2.9419 40 207 40 0.837
-2.0902 7.5662 3.1723 40 207 40 0.837
-6.8647 -5.3356 1.2408 16 227 16 0.936
-3.4356 5.7964 2.5897 21 222 21 0.914
4.1656 4.4207 2.2399 13 229 13 0.947
-6.1216 -5.9274 1.5136 40 207 40 0.837
-4.3417 4.6501 2.2331 24 220 24 0.903
2.4555 -6.8866 3.0636 38 209 38 0.848
-3.6952 3.7719 2.5359 38 209 38 0.848
5.4218 4.2683 1.9101 32 214 32 0.870
2.4024 4.8331 3.0226 21 222 21 0.914
2.2517 -3.5691 3.1812 43 205 43 0.826
3.5036 -5.2696 2.6494 26 218 26 0.892
0.5784 3.9837 3.8417 35 211 35 0.859
-7.5765 3.5784 0.9184 29 216 29 0.881
4.7350 5.7617 2.1285 13 229 13 0.947
-2.9808 6.4179 2.9327 26 218 26 0.892
-3.4407 -6.7561 2.6385 35 211 35 0.859
1.9394 3.9932 3.2669 29 216 29 0.881
3.0052 -6.1541 2.7574 13 229 13 0.947
-4.8302 -6.7767 2.0479 46 202 46 0.815
-6.1019 -2.3196 1.5936 16 227 16 0.936
-2.4907 3.4913 2.9821 21 222 21 0.914
7.0503 6.1787 1.1173 13 229 13 0.947
-3.5208 0.9822 2.6480 18 225 18 0.925
-7.6000 -7.0861 1.0304 13 229 13 0.947
-0.8680 2.2780 3.5814 18 225 18 0.925
7.8022 5.1778 0.8854 21 222 21 0.914
-1.1068 0.2333 3.5877 24 220 24 0.903
-6.3572 1.2154 1.3930 38 209 38 0.848
-7.4506 -0.4713 1.0209 16 227 16 0.936
-7.7347 -4.5104 0.9021 18 225 18 0.925
2.5936 3.4864 2.9573 32 214 32 0.870
-6.0594 -3.2809 1.5819 21 222 21 0.914
2.1905 -6.9667 3.1255 38 209 38 0.848
7.2228 1.0510 1.1595 92 219 20 0.793
0.2855 -6.5304 3.8041 46 202 46 0.815
2.2883 6.6934 3.1110 7 233 7 0.969
-2.6147 2.1794 2.9784 43 205 43 0.826
-5.6552 -6.5541 1.7230 13 229 13 0.947
5.0760 -5.4322 1.9746 21 222 21 0.914
2.3577 6.3214 2.9607 21 222 21 0.914
5.7359 -1.2566 1.6868 26 218 26 0.892
0.6926 0.4542 3.7912 32 214 32 0.870
7.4314 0.5160 1.0789 32 214 32 0.870
1.7095 6.8491 3.2972 24 220 24 0.903
7.2494 6.7813 1.0822 29 216 29 0.881
0.1064 3.2817 3.9973 24 220 24 0.903
5.1245 -5.3064 1.9615 24 220 24 0.903
1.0853 7.8893 3.5832 105 215 20 0.760
5.8075 5.0725 1.6194 10 231 10 0.958
1.9910 -5.8864 3.2660 40 207 40 0.837
1.9929 4.8051 3.1629 16 227 16 0.936
5.2935 -0.0742 1.9031 24 220 24 0.903
0.9211 7.4411 3.6415 92 219 20 0.793
-0.4714 -4.2762 3.8132 26 218 26 0.892
5.3520 -7.7575 1.9335 18 225 18 0.925
-3.7095 -5.9558 2.5236 35 211 35 0.859
2.8233 4.3689 2.9518 43 205 43 0.826
-4.7385 0.9900 2.1008 26 218 26 0.892
-0.6608 5.6800 3.7755 40 207 40 0.837
-4.2884 2.6178 2.2132 35 211 35 0.859
-7.0196 -1.1632 1.1557 40 207 40 0.837
3.8730 0.0856 2.4598 35 211 35 0.859
-1.7811 3.0339 3.2546 46 202 46 0.815
3.5489 -6.2430 2.5456 29 216 29 0.881
-5.0898 -0.9618 2.0304 32 214 32 0.870
-0.9165 5.3109 3.6175 92 219 20 0.793
-1.8817 -5.9132 3.3055 10 231 10 0.958
1.7384 -6.6920 3.3675 26 218 26 0.892
1.5332 -5.4286 3.3802 13 229 13 0.947
-4.0396 7.7944 2.3352 29 216 29 0.881
-1.5680 7.0827 3.3584 40 207 40 0.837
-6.5013 -5.4003 1.3733 32 214 32 0.870
3.7915 5.7519 2.5320 26 218 26 0.892
6.6894 -0.7879 1.3780 29 216 29 0.881
5.8739 6.5343 1.5485 35 211 35 0.859
1.3832 2.3555 3.4272 48 200 48 0.804
-3.8561 -0.3510 2.4834 16 227 16 0.936
-4.8667 -0.2565 1.9841 35 211 35 0.859
0.7047 2.6913 3.7824 29 216 29 0.881
5.9711 -1.2533 1.5325 26 218 26 0.892
2.8181 0.7438 2.8680 21 222 21 0.914
5.4852 -2.2383 1.7224 32 214 32 0.870
2.4149 -0.4097 2.9888 40 207 40 0.837
-7.6765 -0.2365 0.9064 35 211 35 0.859
2.7568 -7.1064 2.8710 35 211 35 0.859
3.4604 0.0688 2.6535 40 207 40 0.837
7.3625 1.6623 1.0721 43 205 43 0.826
4.3969 -2.8871 2.2890 24 220 24 0.903
4.7055 -2.5424 2.0433 13 229 13 0.947
0.3609 0.3372 3.8701 26 218 26 0.892
2.6316 -6.4005 2.9300 4 236 4 0.980
7.1601 -7.5802 1.0863 29 216 29 0.881
3.8540 0.5109 2.4411 29 216 29 0.881
-6.4405 -1.5266 1.4829 92 219 20 0.793
-1.6292 0.2089 3.3528 32 214 32 0.870
-7.7404 -5.1693 0.9633 26 218 26 0.892
7.6844 -2.9452 0.9257 96 218 20 0.782
7.3451 4.0019 1.0262 38 209 38 0.848
-0.5407 -4.6935 3.8255 29 216 29 0.881
5.7184 5.6846 1.7792 48 200 48 0.804
-4.8569 -3.8206 2.1134 43 205 43 0.826
4.1792 -4.3292 2.3301 29 216 29 0.881
-7.8567 6.9678 0.8103 92 219 20 0.793
-0.8464 7.0962 3.6507 40 207 40 0.837
1.0327 -2.3584 3.6185 16 227 16 0.936
0.3713 -1.2306 3.8808 4 236 4 0.980
0.4612 -1.1854 3.8319 10 231 10 0.958
-2.4814 0.2583 3.0242 21 222 21 0.914
3.8755 -6.8815 2.4571 26 218 26 0.892
7.4109 -3.8422 0.9660 16 227 16 0.936
-0.7776 -0.9435 3.6988 38 209 38 0.848
-0.8431 2.3885 3.6513 24 220 24 0.903
-1.8008 1.6033 3.2813 43 205 43 0.826
3.2841 -6.7902 2.7407 21 222 21 0.914
6.4866 7.3601 1.4216 46 202 46 0.815
7.8428 4.3430 0.7472 29 216 29 0.881
0.2565 7.9110 3.8503 113 213 20 0.738
-1.8812 4.2561 3.2286 29 216 29 0.881
-0.0803 -2.6754 4.0130 24 220 24 0.903
3.1937 7.1936 2.8018 92 219 20 0.793
-5.4345 6.2261 1.7947 26 218 26 0.892
-0.1490 7.8186 3.9114 48 200 48 0.804
7.5783 6.3195 1.1601 38 209 38 0.848
-0.4039 -1.7005 3.8603 18 225 18 0.925
-0.0831 -6.1849 3.9662 35 211 35 0.859
4.4990 -1.0494 2.1833 92 219 20 0.793
2.7618 2.1396 2.9490 24 220 24 0.903
7.1382 2.6814 1.1684 35 211 35 0.859
4.6279 6.5484 2.1611 38 209 38 0.848
-2.3977 3.4713 3.0949 24 220 24 0.903
0.8924 -5.1206 3.5865 100 217 20 0.771
-1.1735 7.5740 3.4971 16 227 16 0.936
-2.4580 -6.0033 3.0068 26 218 26 0.892
0.9157 4.5529 3.5861 32 214 32 0.870
-6.6964 -6.6426 1.3333 16 227 16 0.936
1.2704 -3.0984 3.4867 13 229 13 0.947
-7.4909 -1.7044 0.9906 46 202 46 0.815
2.2766 -2.5337 3.0036 35 211 35 0.859
1.3532 4.1058 3.4717 10 231 10 0.958
-3.8872 -1.9732 2.5311 32 214 32 0.870
-2.5568 -6.0376 2.9500 32 214 32 0.870
-3.7225 -6.2255 2.5366 105 215 20 0.760
-5.4120 2.4239 1.7733 24 220 24 0.903
-7.5866 4.2107 0.9896 10 231 10 0.958
2.3033 -2.7344 3.1214 24 220 24 0.903
2.7491 -5.7123 2.9401 38 209 38 0.848
-0.3118 -4.3800 3.7943 29 216 29 0.881
-7.3388 2.6004 1.1363 35 211 35 0.859
-3.1141 -7.8004 2.6647 21 222 21 0.914
-3.9524 5.9229 2.4462 26 218 26 0.892
-4.6000 -5.9952 2.0791 40 207 40 0.837
1.4218 6.5850 3.4146 29 216 29 0.881
-7.5766 6.7717 1.0122 40 207 40 0.837
-2.2946 -4.9549 3.1551 96 218 20 0.782
6.7211 -7.0146 1.2285 29 216 29 0.881
7.4555 -5.7272 0.9171 38 209 38 0.848
-5.5283 0.2570 1.7772 10 231 10 0.958
4.9585 -3.9858 1.9219 32 214 32 0.870
-4.8318 1.6838 2.0212 26 218 26 0.892
-7.9184 -1.4264 0.8804 18 225 18 0.925
2.0128 -4.9864 3.1121 46 202 46 0.815
6.3450 -6.1643 1.3754 24 220 24 0.903
6.5041 -6.5373 1.4895 18 225 18 0.925
-3.3599 0.5287 2.6927 10 231 10 0.958
1.1935 0.3547 3.5061 24 220 24 0.903
5.1156 -7.8819 1.9715 35 211 35 0.859
7.5635 -7.6769 0.9759 35 211 35 0.859
5.0814 -5.3997 1.9786 18 225 18 0.925
-5.8889 6.5068 1.5896 29 216 29 0.881
4.0799 2.8616 2.4229 48 200 48 0.804
1.0546 4.0105 3.4980 35 211 35 0.859
-6.6753 -5.2048 1.3435 21 222 21 0.914
4.7927 6.1542 2.0707 40 207 40 0.837
-6.0491 -6.5357 1.5906 18 225 18 0.925
3.7991 5.7844 2.5100 29 216 29 0.881
0.5535 -1.3769 3.7618 7 233 7 0.969
-3.5715 -3.2123 2.5476 21 222 21 0.914
-2.7430 -1.1474 2.9411 24 220 24 0.903
-1.6718 -4.8287 3.2183 48 200 48 0.804
4.2303 5.6557 2.2726 24 220 24 0.903
-1.6576 0.5041 3.3281 38 209 38 0.848
-1.4956 1.8398 3.4589 26 218 26 0.892
0.2663 -2.8356 3.8539 40 207 40 0.837
3.7590 4.9386 2.4732 24 220 24 0.903
1.8121 0.2111 3.2762 38 209 38 0.848
5.9284 -2.3801 1.6331 16 227 16 0.936
-7.8449 7.4134 0.8723 92 219 20 0.793
-6.4644 7.5818 1.3690 92 219 20 0.793
-5.9846 2.9608 1.6541 26 218 26 0.892
-6.0601 -3.5149 1.5036 48 200 48 0.804
4.3546 4.6938 2.2998 24 220 24 0.903
-1.4338 0.5668 3.3623 43 205 43 0.826
-6.6202 7.3565 1.3827 24 220 24 0.903
-6.0864 2.5063 1.5906 26 218 26 0.892
2.1430 -5.2758 3.1496 21 222 21 0.914
-6.6827 4.5082 1.3363 48 200 48 0.804
7.3316 -6.4694 1.1049 24 220 24 0.903
5.2160 5.6750 1.9029 40 207 40 0.837
-6.5726 3.8586 1.4076 48 200 48 0.804
-3.4696 0.2811 2.6071 10 231 10 0.958
4.9043 -0.5653 1.9888 29 216 29 0.881
-4.3630 -2.9786 2.2414 18 225 18 0.925
3.5078 -2.0233 2.6452 38 209 38 0.848
-1.3828 -0.2794 3.5175 35 211 35 0.859
7.7922 2.4659 0.9067 100 217 20 0.771
-4.7851 4.4562 2.0293 24 220 24 0.903
-2.3838 -3.0798 3.0538 13 229 13 0.947
-5.2849 -0.6790 1.9785 43 205 43 0.826
3.2726 -5.7837 2.6879 18 225 18 0.925
-5.9805 -0.4840 1.5530 38 209 38 0.848
-5.0464 3.2072 1.9145 29 216 29 0.881
-0.7469 -0.4208 3.6702 46 202 46 0.815
1.1215 -1.2098 3.6403 10 231 10 0.958
-7.5142 7.6427 1.0369 46 202 46 0.815
-7.7418 3.7818 0.9636 29 216 29 0.881
-0.8358 2.4874 3.6260 21 222 21 0.914
1.5610 2.7602 3.4263 48 200 48 0.804
1.6141 3.1428 3.3925 96 218 20 0.782
-0.2034 2.8922 3.8648 24 220 24 0.903
-6.6213 3.3663 1.3586 21 222 21 0.914
-7.1086 -0.3461 1.1275 40 207 40 0.837
-1.1467 5.7070 3.5345 26 218 26 0.892
1.7565 6.1917 3.2343 35 211 35 0.859
-7.7750 -2.3726 0.8715 43 205 43 0.826
-2.3792 -6.9370 3.1036 43 205 43 0.826
3.2290 6.5290 2.6920 21 222 21 0.914
-7.7297 -1.2003 0.8660 21 222 21 0.914
-2.8084 2.7357 2.8963 26 218 26 0.892
0.9013 2.9967 3.6609 21 222 21 0.914
4.3433 0.8724 2.3051 26 218 26 0.892
-5.6113 -7.7591 1.7171 21 222 21 0.914
-4.1332 5.3037 2.3529 29 216 29 0.881
5.2080 -0.8678 1.9218 43 205 43 0.826
7.8899 -7.5817 0.9111 113 213 20 0.738
-0.9764 -0.1511 3.5626 46 202 46 0.815
4.0853 1.0912 2.3899 13 229 13 0.947
-1.5388 1.0699 3.4354 43 205 43 0.826
-0.6645 -3.5472 3.8426 35 211 35 0.859
-4.2326 5.6892 2.3057 13 229 13 0.947
-2.3396 7.6360 3.0692 24 220 24 0.903
-5.8243 -1.9912 1.7253 26 218 26 0.892
-6.9803 -3.7727 1.2483 32 214 32 0.870
-1.4645 0.5468 3.4506 43 205 43 0.826
-5.6616 -0.0978 1.8062 35 211 35 0.859
5.1918 -7.3193 1.8989 26 218 26 0.892
-0.6484 -0.5761 3.7299 48 200 48 0.804
0.0848 2.6746 3.9444 10 231 10 0.958
-6.1557 -1.7039 1.5838 96 218 20 0.782
-0.6762 -2.4798 3.7263 40 207 40 0.837
1.8302 4.3829 3.2114 26 218 26 0.892
7.8018 4.7135 0.9341 29 216 29 0.881
-1.7413 -1.9193 3.3124 38 209 38 0.848
-5.8627 2.8709 1.5662 21 222 21 0.914
4.6113 -1.7898 2.2092 43 205 43 0.826
4.1077 -5.3964 2.2884 35 211 35 0.859
-7.8221 -1.3705 0.9312 16 227 16 0.936
-7.6220 0.2470 0.9993 92 219 20 0.793
3.3089 7.5652 2.7055 35 211 35 0.859
4.2203 -6.8878 2.2675 21 222 21 0.914
-7.6365 0.0704 0.9489 46 202 46 0.815
4.1161 -2.0431 2.3944 96 218 20 0.782
-2.7591 1.1215 2.8394 26 218 26 0.892
-5.8349 0.4334 1.7711 18 225 18 0.925
0.2742 4.9925 3.9549 7 233 7 0.969
6.2373 -5.2160 1.4374 29 216 29 0.881
4.2078 -7.5573 2.3567 35 211 35 0.859
4.0903 -4.4235 2.3203 18 225 18 0.925
-3.7054 -3.7100 2.5631 4 236 4 0.980
-1.2846 -3.1731 3.4097 13 229 13 0.947
-6.2150 -0.6489 1.5045 35 211 35 0.859
1.2029 -2.9344 3.5450 29 216 29 0.881
-6.1371 5.1650 1.5125 43 205 43 0.826
1.1168 -1.6805 3.5413 4 236 4 0.980
0.0119 1.9493 4.0226 46 202 46 0.815
-3.9610 -6.6219 2.3898 40 207 40 0.837
-6.6480 -1.7116 1.3215 38 209 38 0.848
-2.4873 -3.0280 2.9903 18 225 18 0.925
-4.7740 3.4881 2.0078 46 202 46 0.815
4.2383 -7.0503 2.3533 26 218 26 0.892
7.6400 -0.5260 0.9993 92 219 20 0.793
-3.9665 3.4111 2.3856 29 216 29 0.881
-1.6370 1.8409 3.2395 40 207 40 0.837
4.3982 3.2055 2.2472 38 209 38 0.848
6.5695 -5.8192 1.3994 10 231 10 0.958
4.7433 7.5495 2.1536 24 220 24 0.903
5.4077 -6.3430 1.8494 4 236 4 0.980
5.6539 -2.5551 1.6952 29 216 29 0.881
3.3903 0.8199 2.6764 29 216 29 0.881
-0.7434 -1.9827 3.6434 40 207 40 0.837
-6.4110 2.5279 1.4346 32 214 32 0.870
6.6896 5.9881 1.2863 40 207 40 0.837
-6.5875 0.1880 1.3887 29 216 29 0.881
-3.9530 -5.9501 2.3734 48 200 48 0.804
4.9756 4.3476 1.9601 32 214 32 0.870
5.6354 -1.4220 1.6968 26 218 26 0.892
-3.9785 3.5198 2.3898 21 222 21 0.914
2.4507 -0.1498 2.9669 46 202 46 0.815
-0.8281 -2.8495 3.6686 24 220 24 0.903
7.7642 7.8926 0.8413 48 200 48 0.804
0.0911 7.5664 3.8808 43 205 43 0.826
-4.8982 -6.6470 1.9460 40 207 40 0.837
3.7274 3.1614 2.5494 21 222 21 0.914
3.6703 7.7982 2.5006 96 218 20 0.782
3.0395 -6.5991 2.7022 4 236 4 0.980
-3.9854 -4.4037 2.4408 4 236 4 0.980
6.9172 2.9975 1.2113 46 202 46 0.815
0.5466 -6.6254 3.7804 100 217 20 0.771
-7.9258 -6.8449 0.8500 109 214 20 0.749
4.8050 1.4620 2.0927 32 214 32 0.870
2.9783 -1.5366 2.8104 21 222 21 0.914
7.8332 0.6085 0.8095 113 213 20 0.738
-4.6306 3.6651 2.1631 92 219 20 0.793
3.7192 1.1648 2.4614 38 209 38 0.848
-2.2493 -2.2656 3.0867 43 205 43 0.826
5.1234 6.5248 2.0477 38 209 38 0.848
-0.6507 6.6045 3.7174 16 227 16 0.936
-2.0884 2.4193 3.2042 38 209 38 0.848
-4.0571 -6.5570 2.4467 32 214 32 0.870
-7.4578 5.3794 1.0220 92 219 20 0.793
-0.2762 4.2321 3.8123 26 218 26 0.892
3.9439 2.0476 2.4679 21 222 21 0.914
5.1429 6.5255 1.9664 38 209 38 0.848
-1.1431 6.4201 3.5179 46 202 46 0.815
3.8902 7.8210 2.4852 109 214 20 0.749
7.5057 -4.2732 1.0669 40 207 40 0.837
7.1511 5.4445 1.1284 16 227 16 0.936
-7.5883 -0.6110 0.9659 26 218 26 0.892
-1.2794 -1.8671 3.5176 46 202 46 0.815
-7.3501 -4.7555 1.0187 40 207 40 0.837
4.9444 -1.1893 1.9898 16 227 16 0.936
-5.1310 5.4970 1.9114 38 209 38 0.848
-0.6447 -4.3141 3.6760 32 214 32 0.870
-2.5651 -4.7768 2.9651 43 205 43 0.826
4.2005 0.3236 2.3346 24 220 24 0.903
-1.6926 -4.3834 3.3847 92 219 20 0.793
-3.8613 6.3458 2.5091 26 218 26 0.892
-5.2870 0.0852 1.8144 16 227 16 0.936
-5.6083 7.1956 1.7119 38 209 38 0.848
-4.3035 0.2906 2.2014 40 207 40 0.837
-7.7057 6.4670 0.8931 46 202 46 0.815
-1.3769 -6.3946 3.4743 40 207 40 0.837
-5.8213 5.1085 1.7023 43 205 43 0.826
5.8861 3.6581 1.5782 48 200 48 0.804
4.9926 -1.5079 1.9810 38 209 38 0.848
-3.8896 6.1059 2.4435 35 211 35 0.859
-5.7891 -0.8238 1.6484 38 209 38 0.848
0.4783 -5.9056 3.8112 43 205 43 0.826
-1.2438 7.7230 3.5266 18 225 18 0.925
-3.6278 -0.6044 2.4981 32 214 32 0.870
-4.3200 -2.4556 2.3218 21 222 21 0.914
-6.1252 0.7650 1.4996 21 222 21 0.914
0.0279 3.6688 4.0666 38 209 38 0.848
6.0541 1.0506 1.5518 43 205 43 0.826
-1.6991 -0.1533 3.3280 26 218 26 0.892
-6.5370 4.9156 1.3333 48 200 48 0.804
-0.7365 6.1652 3.6883 35 211 35 0.859
-7.8873 6.8843 0.8016 113 213 20 0.738
0.4367 -1.4384 3.7839 4 236 4 0.980
4.7789 1.2280 2.1325 26 218 26 0.892
3.8248 -3.2288 2.5096 4 236 4 0.980
-7.1865 7.1008 1.2191 29 216 29 0.881
3.5701 6.7314 2.5920 16 227 16 0.936
-1.4599 6.5589 3.4697 46 202 46 0.815
-7.3022 -6.5650 1.0448 24 220 24 0.903
-3.2431 6.1261 2.6589 10 231 10 0.958
7.5780 3.3955 0.9248 43 205 43 0.826
-2.2388 -3.5816 3.1513 26 218 26 0.892
-4.9526 7.2339 2.0854 35 211 35 0.859
5.4824 -6.9397 1.8412 4 236 4 0.980
0.1712 5.9716 3.9382 26 218 26 0.892
2.5989 -2.9714 3.0436 18 225 18 0.925
-3.4256 -3.7286 2.6628 4 236 4 0.980
6.1474 1.4050 1.6145 92 219 20 0.793
-6.7864 5.6124 1.3316 21 222 21 0.914
-2.3718 -3.4631 3.0611 21 222 21 0.914
2.2912 6.0052 3.0968 29 216 29 0.881
-3.2091 -6.5115 2.6350 26 218 26 0.892
-5.9486 -0.0258 1.5329 32 214 32 0.870
1.0341 -1.7438 3.6107 4 236 4 0.980
-5.7930 5.8635 1.6163 18 225 18 0.925
-2.3196 1.5564 3.0324 26 218 26 0.892
-7.6662 -3.9047 0.9680 16 227 16 0.936
-0.9962 -4.9294 3.5703 26 218 26 0.892
5.7740 -2.9296 1.7006 35 211 35 0.859
-1.5209 7.6751 3.4486 16 227 16 0.936
-6.5435 -3.0644 1.3965 7 233 7 0.969
-7.8195 5.7779 0.8565 48 200 48 0.804
5.8492 3.6052 1.7444 38 209 38 0.848
2.1981 0.2169 3.0715 38 209 38 0.848
-4.2997 -2.5841 2.2591 21 222 21 0.914
-2.6082 0.0557 2.9846 24 220 24 0.903
6.4265 2.1830 1.4045 26 218 26 0.892
4.2696 4.6628 2.3472 18 225 18 0.925
4.3250 4.6996 2.2427 24 220 24 0.903
5.0695 6.3754 1.9552 38 209 38 0.848
-3.9497 5.4507 2.4647 40 207 40 0.837
-1.2864 6.8270 3.5253 35 211 35 0.859
1.9437 -3.5776 3.1955 43 205 43 0.826
2.2731 -3.1257 3.2223 24 220 24 0.903
3.4873 -0.5929 2.6411 32 214 32 0.870
-0.7711 5.3868 3.7665 92 219 20 0.793
5.4370 5.3948 1.8425 21 222 21 0.914
-3.1634 1.3231 2.6688 29 216 29 0.881
-2.0247 -1.3719 3.1685 24 220 24 0.903
4.0582 -3.1576 2.3838 18 225 18 0.925
-1.5547 -3.4535 3.3499 24 220 24 0.903
-3.1033 0.2693 2.6747 26 218 26 0.892
7.6880 2.4549 0.9617 48 200 48 0.804
5.9010 -6.5839 1.7107 32 214 32 0.870
6.3689 -1.0496 1.4076 38 209 38 0.848
-2.5930 2.3845 2.8863 48 200 48 0.804
2.8845 -3.7827 2.9155 35 211 35 0.859
7.6895 5.0931 0.8181 21 222 21 0.914
-6.6911 -1.4676 1.4132 38 209 38 0.848
4.9686 4.7281 1.9186 48 200 48 0.804
-2.9933 3.7790 2.8211 46 202 46 0.815
-4.7367 3.4617 2.1023 43 205 43 0.826
6.3719 2.6301 1.4493 26 218 26 0.892
3.9357 3.8076 2.5073 43 205 43 0.826
-6.8749 3.1822 1.2671 18 225 18 0.925
-2.1780 -1.8389 3.1010 32 214 32 0.870
4.3894 -4.4893 2.2519 29 216 29 0.881
-4.2457 -6.1469 2.2783 35 211 35 0.859
-6.0132 -7.8499 1.6748 35 211 35 0.859
5.6660 0.5724 1.7614 18 225 18 0.925
4.2781 6.8826 2.3235 13 229 13 0.947
-4.8106 2.4566 2.0717 26 218 26 0.892
-4.0786 -7.8857 2.3275 100 217 20 0.771
-4.9457 4.2172 2.0161 35 211 35 0.859
4.5699 7.0515 2.2732 24 220 24 0.903
0.2658 7.0613 3.9769 21 222 21 0.914
-7.5227 -3.9975 0.9682 16 227 16 0.936
-7.6288 -3.2942 0.9513 40 207 40 0.837
-2.7758 -7.0422 2.8145 18 225 18 0.925
1.2956 0.3803 3.4578 24 220 24 0.903
-0.4656 2.0452 3.8629 24 220 24 0.903
-3.4202 -0.3402 2.5830 35 211 35 0.859
0.3538 3.8298 3.8403 43 205 43 0.826
-3.4379 -0.8030 2.6317 32 214 32 0.870
-4.6684 4.1809 2.1350 38 209 38 0.848
3.4719 -4.0454 2.5939 16 227 16 0.936
2.4177 3.9036 2.9971 29 216 29 0.881
6.7378 4.0639 1.3084 38 209 38 0.848
0.4490 -5.3874 3.8268 35 211 35 0.859
0.1907 -2.4438 4.0051 43 205 43 0.826
-4.1993 -1.8132 2.3510 32 214 32 0.870
-3.2978 -1.9453 2.6274 24 220 24 0.903
-4.2137 -4.7001 2.2720 4 236 4 0.980
4.6868 4.9730 2.1014 46 202 46 0.815
-7.4607 -6.1002 1.0849 26 218 26 0.892
-5.2005 -3.5762 1.9524 46 202 46 0.815
1.3755 1.9603 3.4793 100 217 20 0.771
5.8711 -6.7095 1.6950 35 211 35 0.859
7.7300 -3.6820 0.9028 24 220 24 0.903
-7.3438 0.9440 1.0912 7 233 7 0.969
-4.6654 -4.7558 2.1252 32 214 32 0.870
0.2367 5.9864 3.8747 26 218 26 0.892
-4.2659 -4.9349 2.3000 21 222 21 0.914
7.7850 1.3547 0.9504 29 216 29 0.881
2.4397 -3.9213 3.0212 46 202 46 0.815
7.1108 0.6591 1.1072 26 218 26 0.892
-1.8166 -5.3810 3.2925 35 211 35 0.859
-5.4079 -5.7752 1.7851 48 200 48 0.804
6.2351 6.4506 1.5508 46 202 46 0.815
2.2531 1.3398 3.1476 92 219 20 0.793
1.5247 -1.8247 3.4135 21 222 21 0.914
-7.7610 -5.1559 0.8669 38 209 38 0.848
3.1795 5.9303 2.7649 46 202 46 0.815
4.6410 5.8211 2.2557 10 231 10 0.958
-0.1629 -0.5699 3.9397 38 209 38 0.848
5.3538 1.0866 1.8604 32 214 32 0.870
-2.9839 -5.7829 2.7655 43 205 43 0.826
-1.1807 -3.7202 3.5048 40 207 40 0.837
-5.7145 5.1377 1.6609 40 207 40 0.837
0.3181 4.4898 3.8492 29 216 29 0.881
-2.9745 0.3439 2.8063 43 205 43 0.826
4.6134 -3.3880 2.2538 43 205 43 0.826
6.3771 7.9022 1.4425 100 217 20 0.771
3.4490 -0.4562 2.5459 38 209 38 0.848
-4.0145 0.1141 2.3882 24 220 24 0.903
-3.8640 1.4926 2.4498 10 231 10 0.958
-2.1759 1.0075 3.0549 92 219 20 0.793
5.9961 -3.4607 1.6250 10 231 10 0.958
6.1341 6.1943 1.5070 46 202 46 0.815
2.1922 5.7503 3.0836 38 209 38 0.848
4.4057 3.4648 2.3598 16 227 16 0.936
-1.8793 -1.8176 3.2644 48 200 48 0.804
-3.7520 -2.9365 2.5017 16 227 16 0.936
1.1289 0.1565 3.5932 24 220 24 0.903
-4.5038 -1.3384 2.1276 24 220 24 0.903
1.6635 0.5639 3.3063 92 219 20 0.793
0.2066 4.2033 3.8823 13 229 13 0.947
0.8951 -2.0529 3.6928 29 216 29 0.881
0.6625 5.3573 3.7642 29 216 29 0.881
-1.1193 4.1590 3.5773 113 213 20 0.738
7.6564 5.5965 1.0030 16 227 16 0.936
1.7578 0.9729 3.3041 43 205 43 0.826
-6.0813 -2.8739 1.4818 43 205 43 0.826
-1.2464 -4.2774 3.4644 24 220 24 0.903
5.1843 6.5564 1.8610 32 214 32 0.870
3.6405 1.1960 2.5976 29 216 29 0.881
0.1605 -5.0964 3.9159 24 220 24 0.903
-2.8560 -7.9338 2.8290 43 205 43 0.826
2.1516 -6.2026 3.0814 46 202 46 0.815
-2.1082 2.0742 3.1762 48 200 48 0.804
2.9786 5.3595 2.7698 38 209 38 0.848
2.3785 4.6987 3.0134 16 227 16 0.936
0.8984 -1.8007 3.5627 13 229 13 0.947
-7.1134 -3.3543 1.1720 46 202 46 0.815
-2.8303 -7.4460 2.9541 16 227 16 0.936
6.7748 1.9512 1.4093 35 211 35 0.859
4.5924 4.4584 2.1998 92 219 20 0.793
-2.1657 -7.9200 3.0901 100 217 20 0.771
4.5713 2.9153 2.1293 46 202 46 0.815
4.1314 2.8914 2.3780 46 202 46 0.815
5.8711 -4.6865 1.6174 38 209 38 0.848
-7.5106 3.7273 0.9415 29 216 29 0.881
0.2610 4.2571 3.8854 18 225 18 0.925
7.3491 -1.3291 1.1426 26 218 26 0.892
-5.6779 -3.7590 1.7444 35 211 35 0.859
1.0529 4.1368 3.5430 26 218 26 0.892
-2.9806 -2.9822 2.8298 38 209 38 0.848
3.5319 -6.6457 2.5665 35 211 35 0.859
3.2440 0.8352 2.7496 24 220 24 0.903
-6.5269 -2.5919 1.3719 26 218 26 0.892
-6.6795 1.3860 1.3590 29 216 29 0.881
-2.1333 4.7863 3.1368 40 207 40 0.837
7.5765 -5.4226 1.0294 4 236 4 0.980
-4.3745 6.4402 2.2529 32 214 32 0.870
-1.7441 6.3236 3.2334 29 216 29 0.881
1.5176 3.3620 3.3243 46 202 46 0.815
4.9142 3.7677 2.0297 35 211 35 0.859
-2.8366 6.6533 2.9272 26 218 26 0.892
4.6126 7.5920 2.2343 24 220 24 0.903
1.7970 -4.6062 3.2878 38 209 38 0.848
-4.1570 -0.6305 2.2628 32 214 32 0.870
-4.9203 7.2899 2.0129 32 214 32 0.870
4.6961 6.1656 2.1093 48 200 48 0.804
-2.0959 0.6706 3.1050 29 216 29 0.881
3.1402 -6.2310 2.7515 13 229 13 0.947
-0.3455 -3.0901 3.8614 13 229 13 0.947
1.3676 -0.3662 3.4173 43 205 43 0.826
7.5515 0.1368 1.0302 21 222 21 0.914
-0.6413 -2.4391 3.7187 35 211 35 0.859
-7.3545 -7.5631 1.0329 38 209 38 0.848
7.4847 6.7311 1.0348 40 207 40 0.837
4.4786 1.5313 2.2101 29 216 29 0.881
-2.5044 -0.0177 2.9792 18 225 18 0.925
7.0827 3.5434 1.0664 29 216 29 0.881
-7.4403 -2.7782 1.1264 40 207 40 0.837
-2.1733 -6.0012 3.1895 29 216 29 0.881
2.7492 -5.4757 2.9197 43 205 43 0.826
-0.1557 -1.9566 3.8964 92 219 20 0.793
-4.6855 2.7294 2.0833 43 205 43 0.826
-4.9090 -3.9576 2.0765 43 205 43 0.826
-1.3100 1.4453 3.5227 43 205 43 0.826
2.9028 3.4887 2.8193 32 214 32 0.870
4.7035 1.2323 2.1072 29 216 29 0.881
-4.5884 -5.6634 2.1987 29 216 29 0.881
4.9548 -5.2765 1.9681 21 222 21 0.914
-3.5344 -4.0137 2.5043 21 222 21 0.914
5.5342 6.1248 1.7945 40 207 40 0.837
2.3251 -4.9346 3.1212 35 211 35 0.859
-2.9205 -6.2269 2.8192 29 216 29 0.881
-2.7412 5.1818 2.9178 32 214 32 0.870
2.7310 -0.0893 2.9241 48 200 48 0.804
-6.1903 -7.1361 1.5254 26 218 26 0.892
3.5020 5.9007 2.6309 38 209 38 0.848
7.3339 -6.9972 1.0246 32 214 32 0.870
0.7064 0.3904 3.7244 38 209 38 0.848
-5.1294 1.8768 1.9910 43 205 43 0.826
-0.5422 -4.6883 3.7484 24 220 24 0.903
3.7875 4.7190 2.4764 29 216 29 0.881
2.0889 -1.4031 3.1899 24 220 24 0.903
-4.0621 4.1793 2.3352 32 214 32 0.870
5.0449 5.9529 2.0279 29 216 29 0.881
6.5257 -1.0595 1.3555 32 214 32 0.870
-7.5499 -0.9689 1.0294 32 214 32 0.870
-2.2836 -5.0273 3.1259 96 218 20 0.782
-7.1543 3.3143 1.0920 35 211 35 0.859
3.6325 3.0380 2.5606 29 216 29 0.881
-4.0097 -1.9685 2.4178 24 220 24 0.903
6.3050 -2.7547 1.4391 35 211 35 0.859
5.0293 -7.6302 1.9659 21 222 21 0.914
-6.6462 -7.7584 1.4109 100 217 20 0.771
4.1053 3.4022 2.4203 13 229 13 0.947
0.7965 -3.9996 3.6913 35 211 35 0.859
-5.9271 1.5769 1.6372 35 211 35 0.859
-3.8517 7.2867 2.4609 40 207 40 0.837
-5.6196 -7.3696 1.7174 21 222 21 0.914
5.2865 -7.2276 1.8626 32 214 32 0.870
4.1423 -3.9604 2.2907 26 218 26 0.892
-6.5229 1.3672 1.4235 35 211 35 0.859
6.5167 6.4949 1.4580 32 214 32 0.870
-5.6038 5.5272 1.7222 35 211 35 0.859
-3.3525 1.8461 2.6791 24 220 24 0.903
-5.0221 -4.4369 2.0698 24 220 24 0.903
-5.1972 -0.4664 1.9217 43 205 43 0.826
3.7368 -7.8792 2.5100 109 214 20 0.749
7.1716 -5.0841 1.1372 26 218 26 0.892
6.1399 6.8835 1.5409 26 218 26 0.892
-1.5323 -3.0250 3.4875 35 211 35 0.859
-3.2791 1.8135 2.7323 26 218 26 0.892
-5.0990 2.6968 1.9017 43 205 43 0.826
0.4347 -2.2291 3.9143 40 207 40 0.837
-3.4599 0.2262 2.6131 4 236 4 0.980
-1.6887 -7.3993 3.4078 32 214 32 0.870
5.2914 7.6019 1.9108 21 222 21 0.914
5.5496 -0.9905 1.8028 26 218 26 0.892
4.0124 6.4746 2.4168 43 205 43 0.826
-0.1742 4.0407 4.0300 18 225 18 0.925
-7.1063 6.4611 1.1976 26 218 26 0.892
-5.0634 -4.5521 1.8704 7 233 7 0.969
-5.1810 4.1613 1.8687 35 211 35 0.859
-0.8879 6.3197 3.7154 35 211 35 0.859
4.7748 7.4375 2.1238 7 233 7 0.969
2.5693 -1.6953 2.9716 46 202 46 0.815
7.9523 -2.4590 0.7226 92 219 20 0.793
-7.3940 2.1362 1.0310 46 202 46 0.815
-3.0466 -5.9419 2.7641 24 220 24 0.903
-1.6778 4.3836 3.3640 26 218 26 0.892
-6.0872 2.6862 1.6212 4 236 4 0.980
-6.6946 5.7015 1.2791 26 218 26 0.892
2.0526 2.6044 3.1390 38 209 38 0.848
2.6666 -6.2464 2.9785 4 236 4 0.980
5.8525 5.3900 1.6767 26 218 26 0.892
-7.1622 -2.6302 1.2061 40 207 40 0.837
-5.8271 -7.1813 1.6014 29 216 29 0.881
7.5211 -1.4047 1.0074 29 216 29 0.881
-6.5296 -3.3975 1.3368 32 214 32 0.870
-6.7074 -6.3538 1.3365 26 218 26 0.892
0.8053 -1.8602 3.6421 24 220 24 0.903
2.2159 -0.8638 3.1315 26 218 26 0.892
6.0987 -7.6399 1.6044 24 220 24 0.903
4.8441 -7.7723 2.1229 96 218 20 0.782
7.6998 5.7866 0.8660 24 220 24 0.903
4.8547 -6.7535 2.0706 43 205 43 0.826
7.8906 4.6346 0.8181 26 218 26 0.892
-3.2330 6.2347 2.6705 21 222 21 0.914
3.8695 5.2321 2.4392 26 218 26 0.892
-3.6289 2.4299 2.5275 100 217 20 0.771
2.9108 -3.8038 2.8142 35 211 35 0.859
1.7386 -0.1113 3.3751 38 209 38 0.848
-3.5286 7.4424 2.5096 46 202 46 0.815
1.6576 5.1798 3.3555 26 218 26 0.892
-3.9918 -2.7141 2.4595 32 214 32 0.870
-0.3509 1.1260 3.8629 46 202 46 0.815
-4.3446 -7.1547 2.3258 24 220 24 0.903
3.2049 5.8370 2.7708 48 200 48 0.804
2.6039 -3.2176 2.9713 18 225 18 0.925
-6.1641 -0.9847 1.5116 26 218 26 0.892
-1.9484 -1.1138 3.2345 29 216 29 0.881
2.5159 -1.1882 2.9335 48 200 48 0.804
5.4534 -6.9047 1.7819 4 236 4 0.980
7.0172 5.9635 1.1561 38 209 38 0.848
-4.5963 6.3457 2.1433 29 216 29 0.881
2.4376 2.0728 3.0540 18 225 18 0.925
-5.2599 1.5277 1.9047 96 218 20 0.782
5.1845 -1.0607 1.8964 32 214 32 0.870
1.7734 -1.1527 3.3453 40 207 40 0.837
7.2754 -6.5177 1.0136 32 214 32 0.870
4.3281 6.8226 2.2777 10 231 10 0.958
7.7394 -3.2314 0.8796 48 200 48 0.804
-1.8809 6.6419 3.2795 35 211 35 0.859
-3.4778 -5.8428 2.5971 32 214 32 0.870
-3.0598 6.3522 2.8243 18 225 18 0.925
6.7481 4.0650 1.3435 40 207 40 0.837
2.9913 3.5203 2.8791 26 218 26 0.892
4.8227 -1.3487 2.0456 21 222 21 0.914
-6.9493 6.2446 1.2253 29 216 29 0.881
7.4588 -6.3295 1.0015 38 209 38 0.848
1.2116 -1.1072 3.5237 13 229 13 0.947
3.8475 -3.5932 2.3727 26 218 26 0.892
-5.5941 4.2975 1.7794 26 218 26 0.892
-2.3304 -3.1630 3.0236 7 233 7 0.969
-6.8596 2.2547 1.2458 24 220 24 0.903
6.3453 -1.3585 1.5988 7 233 7 0.969
-5.0669 -2.7493 1.9616 29 216 29 0.881
2.0038 -4.2739 3.2041 38 209 38 0.848
-3.9526 2.6875 2.4005 48 200 48 0.804
-1.0530 5.4833 3.5842 100 217 20 0.771
-7.6208 3.1951 1.0143 43 205 43 0.826
2.4842 -2.9633 3.0059 21 222 21 0.914
-1.1690 1.1237 3.6065 48 200 48 0.804
4.0490 2.1879 2.3102 29 216 29 0.881
0.1099 1.6824 3.9125 38 209 38 0.848
2.5629 1.6731 3.0177 26 218 26 0.892
2.3373 -3.8451 3.0967 35 211 35 0.859
2.9253 -4.2353 2.8792 18 225 18 0.925
-6.0329 4.7426 1.5428 40 207 40 0.837
-4.7185 -5.7860 2.0416 35 211 35 0.859
-7.8439 2.0856 0.8161 92 219 20 0.793
-1.9761 -6.7320 3.2087 40 207 40 0.837
-5.2453 -7.9131 1.8463 40 207 40 0.837
-1.9569 1.1633 3.2789 40 207 40 0.837
-5.1910 7.3963 1.9278 29 216 29 0.881
-2.2752 -1.4358 3.0847 40 207 40 0.837
4.2248 -0.2669 2.2914 24 220 24 0.903
-1.1886 7.2617 3.5313 38 209 38 0.848
-0.2718 6.9401 3.9156 29 216 29 0.881
3.3351 -0.8105 2.6849 38 209 38 0.848
-2.3894 3.4130 3.0725 26 218 26 0.892
2.0486 6.9087 3.1017 13 229 13 0.947
0.7007 -0.8058 3.7218 21 222 21 0.914
-1.0454 -4.1836 3.6488 40 207 40 0.837
1.3455 -2.3034 3.5932 29 216 29 0.881
-5.4522 2.6103 1.7794 38 209 38 0.848
5.5684 -7.6320 1.7729 21 222 21 0.914
-0.0016 6.7699 3.9524 29 216 29 0.881
5.3154 0.5075 1.8808 38 209 38 0.848
4.3627 6.0031 2.2880 29 216 29 0.881
-3.5330 1.8320 2.5990 29 216 29 0.881
-1.5322 3.4560 3.4450 40 207 40 0.837
-3.1118 -7.2891 2.7662 21 222 21 0.914
-6.9570 -0.1291 1.1409 100 217 20 0.771
-3.4114 0.9551 2.6528 29 216 29 0.881
1.8668 -6.3843 3.2524 35 211 35 0.859
4.7873 -0.4248 2.0445 38 209 38 0.848
-7.2676 -1.0337 1.1982 32 214 32 0.870
-1.4900 0.2941 3.4493 38 209 38 0.848
7.8039 4.1354 0.9095 29 216 29 0.881
-3.4912 4.3024 2.6823 38 209 38 0.848
0.3059 5.3968 3.8786 4 236 4 0.980
-0.4999 -4.5761 3.8557 26 218 26 0.892
-2.5592 -1.6576 3.1310 46 202 46 0.815
0.0295 0.5788 4.0162 100 217 20 0.771
3.1761 0.9019 2.8481 29 216 29 0.881
4.5963 0.6986 2.1164 24 220 24 0.903
2.5076 7.1790 2.9124 35 211 35 0.859
4.8437 -2.6826 2.1188 7 233 7 0.969
-7.8960 -1.9693 0.9503 46 202 46 0.815
-7.0402 6.3109 1.1522 16 227 16 0.936
-5.0181 -6.8982 1.9828 35 211 35 0.859
5.2010 -4.2896 1.8698 21 222 21 0.914
-4.2602 3.2560 2.3680 38 209 38 0.848
-7.1769 7.7162 1.1030 92 219 20 0.793
7.5926 6.2103 1.0178 18 225 18 0.925
2.1812 1.6749 3.1240 32 214 32 0.870
1.4368 -4.9838 3.4716 35 211 35 0.859
-3.7527 -1.9254 2.4625 24 220 24 0.903
7.6965 -2.3825 0.9445 21 222 21 0.914
2.2739 2.5451 2.9762 40 207 40 0.837
5.1870 1.3217 1.9601 40 207 40 0.837
-5.0039 4.5660 2.0398 35 211 35 0.859
6.3287 7.2343 1.3795 32 214 32 0.870
3.1448 5.2970 2.7405 38 209 38 0.848
-3.0667 -3.3103 2.6936 24 220 24 0.903
5.3541 -1.0847 1.7716 32 214 32 0.870
0.6485 2.9957 3.7585 18 225 18 0.925
4.0261 4.8500 2.4550 18 225 18 0.925
4.3361 -6.7154 2.2165 24 220 24 0.903
7.5074 -5.7082 0.9689 29 216 29 0.881
-0.2689 7.7002 3.9297 38 209 38 0.848
0.1857 5.3632 3.9497 16 227 16 0.936
1.1478 6.5185 3.5392 29 216 29 0.881
6.8500 -0.4976 1.2088 48 200 48 0.804
-3.5163 2.2900 2.6458 92 219 20 0.793
2.9761 1.6511 2.7706 26 218 26 0.892
-1.5611 7.1047 3.2922 43 205 43 0.826
2.8335 -0.4857 2.9285 32 214 32 0.870
7.3427 2.9665 1.0836 46 202 46 0.815
7.9179 -2.5584 0.8049 92 219 20 0.793
0.9586 -0.5368 3.6059 21 222 21 0.914
-7.6706 0.6325 0.8996 43 205 43 0.826
-1.6866 -5.2386 3.3262 24 220 24 0.903
-7.3017 -0.9339 1.0309 24 220 24 0.903
2.6087 -7.7397 2.9189 48 200 48 0.804
1.1250 -5.4842 3.4995 35 211 35 0.859
-1.5472 -3.4766 3.3736 24 220 24 0.903
-4.2058 -2.5360 2.3052 21 222 21 0.914
-2.9425 1.4560 2.8664 16 227 16 0.936
5.5709 -6.4644 1.8467 18 225 18 0.925
-0.6460 2.5233 3.7700 16 227 16 0.936
4.6970 -2.7867 2.1797 18 225 18 0.925
1.7406 -1.0504 3.2082 48 200 48 0.804
2.4517 -1.7755 2.9951 46 202 46 0.815
-7.2547 2.4414 1.0480 24 220 24 0.903
-5.2752 2.2939 1.7967 29 216 29 0.881
1.6776 6.2824 3.3064 40 207 40 0.837
-7.3093 -6.3402 1.0583 24 220 24 0.903
4.1594 6.2735 2.3117 29 216 29 0.881
-3.9496 -2.9995 2.4883 29 216 29 0.881
7.2563 5.1837 1.1262 26 218 26 0.892
3.5044 -7.7290 2.7060 46 202 46 0.815
4.3692 -2.8996 2.2943 26 218 26 0.892
-1.9315 7.1545 3.2095 46 202 46 0.815
0.8580 -2.6693 3.6609 35 211 35 0.859
-4.3940 -4.9092 2.1507 24 220 24 0.903
5.7333 4.6850 1.6754 40 207 40 0.837
6.3288 -1.6252 1.5220 7 233 7 0.969
-0.3473 0.7343 3.7920 48 200 48 0.804
7.0724 -3.5493 1.1513 24 220 24 0.903
-0.9598 1.6405 3.5547 13 229 13 0.947
4.9895 2.2155 2.1411 24 220 24 0.903
-3.2033 5.1172 2.6830 32 214 32 0.870
-5.4435 -7.2405 1.8034 26 218 26 0.892
3.6495 4.8033 2.3728 32 214 32 0.870
5.3474 1.2744 1.9067 40 207 40 0.837
4.0437 -0.0540 2.3915 18 225 18 0.925
2.0320 4.1177 3.2348 38 209 38 0.848
4.8156 -7.4233 2.0235 35 211 35 0.859
3.6034 0.2642 2.5796 35 211 35 0.859
0.5629 -1.6582 3.8341 21 222 21 0.914
2.5889 6.3793 2.8548 26 218 26 0.892
-2.3777 -0.2472 3.0833 38 209 38 0.848
1.9867 -5.0756 3.1968 43 205 43 0.826
-4.4229 -7.8887 2.2998 43 205 43 0.826
-2.6977 0.5372 2.9877 35 211 35 0.859
-1.0611 1.5195 3.5986 16 227 16 0.936
0.9551 3.9739 3.6402 38 209 38 0.848
7.9915 6.4603 0.8049 46 202 46 0.815
2.2926 2.7480 3.0870 35 211 35 0.859
4.1576 5.5344 2.3775 21 222 21 0.914
-6.2097 2.4987 1.5286 21 222 21 0.914
-4.7754 -5.7083 2.1080 26 218 26 0.892
-7.1937 2.1723 1.0283 43 205 43 0.826
-5.4301 -3.1808 1.8821 26 218 26 0.892
-3.3192 3.5807 2.7556 40 207 40 0.837
-0.6767 -4.8175 3.7470 26 218 26 0.892
5.5664 3.7294 1.7453 35 211 35 0.859
0.8371 -1.1103 3.7172 24 220 24 0.903
6.9039 -7.6708 1.2602 7 233 7 0.969
3.9388 -0.0684 2.4357 26 218 26 0.892
5.0638 5.9480 2.0703 32 214 32 0.870
2.1591 -3.1053 3.1102 18 225 18 0.925
0.6729 -2.6637 3.7211 38 209 38 0.848
2.8741 -6.0673 2.8303 21 222 21 0.914
-2.9395 6.8828 2.8435 43 205 43 0.826
5.0300 2.1287 1.9743 48 200 48 0.804
5.4428 4.0759 1.8081 32 214 32 0.870
5.0848 -0.1021 1.9566 26 218 26 0.892
0.5308 -2.0442 3.7640 92 219 20 0.793
6.3126 -7.8004 1.4197 35 211 35 0.859
0.7766 0.7165 3.6883 35 211 35 0.859
-4.2961 -1.0300 2.3158 7 233 7 0.969
-6.4194 -1.5887 1.3424 96 218 20 0.782
-1.4362 -1.6279 3.4081 48 200 48 0.804
6.3874 -5.3696 1.3778 40 207 40 0.837
0.7397 -6.0524 3.6817 18 225 18 0.925
7.6334 -7.0533 0.9924 35 211 35 0.859
6.8863 -0.9437 1.1903 48 200 48 0.804
7.4574 0.7872 0.9597 43 205 43 0.826
3.5274 -1.7811 2.5735 26 218 26 0.892
7.3189 6.8528 1.0454 21 222 21 0.914
-3.2985 7.8453 2.7098 113 213 20 0.738
1.2141 6.4208 3.5119 29 216 29 0.881
-1.4823 -0.1788 3.4622 21 222 21 0.914
-7.7481 6.2253 0.9223 46 202 46 0.815
5.6520 -1.9799 1.7483 21 222 21 0.914
6.8710 -3.5756 1.2882 21 222 21 0.914
1.0888 -2.3278 3.4060 32 214 32 0.870
-2.4800 7.1165 3.0081 32 214 32 0.870
-2.4991 6.0684 2.9481 38 209 38 0.848
2.7082 -7.4271 3.0067 16 227 16 0.936
-0.1879 2.2261 3.9529 38 209 38 0.848
6.1005 4.6496 1.5660 40 207 40 0.837
-7.2265 -6.0316 1.0605 13 229 13 0.947
-2.5245 2.5618 2.9989 48 200 48 0.804
-2.7182 5.2604 2.8945 29 216 29 0.881
-0.7182 -1.2165 3.6687 24 220 24 0.903
3.8671 5.7857 2.4941 24 220 24 0.903
-0.8445 1.4716 3.5735 21 222 21 0.914
-6.2798 2.1439 1.5277 96 218 20 0.782
-1.3448 0.3341 3.4050 38 209 38 0.848
7.4249 4.9266 0.9902 21 222 21 0.914
2.2299 -7.6253 3.0922 40 207 40 0.837
4.6321 -4.5287 2.2074 21 222 21 0.914
3.9115 -0.3450 2.4706 24 220 24 0.903
-0.9239 6.5529 3.6822 18 225 18 0.925
3.0254 2.7206 2.7916 96 218 20 0.782
3.4710 -3.7842 2.5805 32 214 32 0.870
-2.8024 -3.5490 2.8692 26 218 26 0.892
0.7954 0.0478 3.6890 35 211 35 0.859
-0.7435 5.8812 3.6368 40 207 40 0.837
4.3246 -7.4918 2.2762 40 207 40 0.837
-1.6290 2.5745 3.3926 109 214 20 0.749
-2.3239 -4.0160 3.0503 38 209 38 0.848
6.4564 1.8921 1.3562 24 220 24 0.903
0.3020 -2.0973 3.7902 40 207 40 0.837
2.3448 1.3792 2.9853 32 214 32 0.870
-4.5563 -0.7570 2.1182 35 211 35 0.859
-7.7625 -3.0987 0.8363 40 207 40 0.837
-7.2962 -4.1940 1.1736 29 216 29 0.881
-5.7423 -6.8887 1.6833 10 231 10 0.958
0.2592 5.1292 3.8415 4 236 4 0.980
-7.8913 7.5124 0.9182 100 217 20 0.771
-5.0338 -5.8860 1.9574 43 205 43 0.826
-7.5255 -7.4510 0.9795 24 220 24 0.903
1.6892 6.8454 3.2400 26 218 26 0.892
4.5214 -6.9835 2.2316 16 227 16 0.936
-7.0595 -6.1122 1.2365 18 225 18 0.925
-0.6037 3.7673 3.7512 100 217 20 0.771
4.4961 -6.7629 2.2299 24 220 24 0.903
-3.4177 3.3045 2.6458 26 218 26 0.892
-3.9060 0.3503 2.4044 21 222 21 0.914
2.3874 -2.2007 3.0277 32 214 32 0.870
-5.1699 3.4188 1.8304 46 202 46 0.815
4.5995 2.5449 2.1276 29 216 29 0.881
-0.1053 -4.9399 4.0503 26 218 26 0.892
-5.8226 -0.2637 1.6803 24 220 24 0.903
-3.1184 1.4288 2.7630 21 222 21 0.914
3.6693 -4.5588 2.5909 18 225 18 0.925
5.3240 -2.2074 1.8826 38 209 38 0.848
-7.9838 3.9586 0.7957 48 200 48 0.804
-0.8208 1.4077 3.5592 32 214 32 0.870
5.2533 -6.8349 1.9206 4 236 4 0.980
-5.5167 -4.8826 1.9160 16 227 16 0.936
5.9892 5.8650 1.6282 43 205 43 0.826
7.0630 0.2377 1.1190 18 225 18 0.925
-6.4395 -7.5971 1.3808 92 219 20 0.793
-3.3533 5.9217 2.6031 16 227 16 0.936
6.5485 2.3092 1.3717 32 214 32 0.870
-5.8485 -0.8639 1.6531 26 218 26 0.892
7.1454 2.4479 1.1255 29 216 29 0.881
-2.1706 3.2263 3.1236 43 205 43 0.826
-6.2332 -1.4697 1.5383 35 211 35 0.859
5.8073 1.4228 1.6851 40 207 40 0.837
2.3644 -6.7844 3.1027 40 207 40 0.837
4.1355 -3.6626 2.3331 13 229 13 0.947
7.6415 -5.6819 0.9523 32 214 32 0.870
-3.9028 -3.1191 2.3864 24 220 24 0.903
-4.2415 6.2685 2.3346 24 220 24 0.903
7.8339 -2.6285 0.8526 92 219 20 0.793
3.5397 -7.4720 2.5839 21 222 21 0.914
3.0934 5.9696 2.6847 43 205 43 0.826
-1.9396 -6.1446 3.2016 18 225 18 0.925
4.9665 -4.1177 1.9941 29 216 29 0.881
-5.4610 -0.5098 1.8626 48 200 48 0.804
4.3546 1.2979 2.3220 38 209 38 0.848
2.2042 7.5272 3.0781 40 207 40 0.837
-4.9252 1.5488 2.0628 38 209 38 0.848
-4.6815 7.3838 2.1376 40 207 40 0.837
1.3781 -3.5872 3.4087 35 211 35 0.859
-4.7587 -6.1648 2.0671 43 205 43 0.826
2.2690 -6.3786 3.0787 43 205 43 0.826
2.5563 0.2468 3.0268 43 205 43 0.826
4.0732 4.3801 2.4219 7 233 7 0.969
2.9861 -4.7307 2.7797 29 216 29 0.881
-0.1134 3.7066 3.9861 16 227 16 0.936
-5.2034 -6.9795 1.9463 38 209 38 0.848
2.2789 -2.9356 3.0554 4 236 4 0.980
1.4954 2.2363 3.3929 48 200 48 0.804
-0.7092 -0.8984 3.6770 38 209 38 0.848
4.6207 -2.2213 2.2186 24 220 24 0.903
-6.3505 2.7024 1.3983 29 216 29 0.881
0.4842 -7.1834 3.7707 43 205 43 0.826
7.4527 -6.7739 1.1376 46 202 46 0.815
-2.2252 1.8178 3.1278 38 209 38 0.848
5.0947 6.6187 1.9436 32 214 32 0.870
1.8493 3.0128 3.3472 96 218 20 0.782
-1.5787 1.8741 3.3752 35 211 35 0.859
4.0150 -5.6347 2.3832 26 218 26 0.892
4.4770 -5.7533 2.2123 40 207 40 0.837
2.9506 -1.4234 2.8811 26 218 26 0.892
2.8089 -3.1566 2.8502 18 225 18 0.925
1.1928 4.3846 3.5821 10 231 10 0.958
5.6167 6.8431 1.7575 4 236 4 0.980
5.4017 -2.6245 1.8489 48 200 48 0.804
3.7519 -0.4021 2.4390 24 220 24 0.903
-4.6950 -6.2456 2.1213 46 202 46 0.815
5.1879 -3.1421 1.9184 96 218 20 0.782
0.4927 -5.7250 3.7892 16 227 16 0.936
-1.2743 -3.9473 3.5111 38 209 38 0.848
-3.8438 -3.6255 2.3993 21 222 21 0.914
-0.1870 7.1583 3.9623 24 220 24 0.903
-2.7374 -6.6314 2.8574 38 209 38 0.848
-6.3943 0.6156 1.4079 26 218 26 0.892
0.7924 -4.4336 3.6371 48 200 48 0.804
6.5863 -6.8666 1.3692 24 220 24 0.903
1.4661 -4.0719 3.4405 43 205 43 0.826
0.0069 0.1323 3.9708 21 222 21 0.914
0.6001 0.3887 3.7630 35 211 35 0.859
-0.3719 5.6700 3.8311 26 218 26 0.892
-5.6434 -0.7805 1.7004 35 211 35 0.859
-2.3978 -5.6193 3.0892 48 200 48 0.804
-6.4620 1.3326 1.3785 29 216 29 0.881
2.7421 -5.2871 2.9028 46 202 46 0.815
2.7110 3.4086 2.9800 26 218 26 0.892
-7.8774 -2.8693 0.8171 32 214 32 0.870
5.8193 7.3960 1.7539 32 214 32 0.870
6.6445 -2.0139 1.3025 40 207 40 0.837
-7.4984 6.6057 0.9652 26 218 26 0.892
2.4477 0.0218 2.9866 40 207 40 0.837
5.4905 -6.2808 1.7867 4 236 4 0.980
1.0975 0.8679 3.4572 40 207 40 0.837
-1.2269 -6.0255 3.4777 38 209 38 0.848
-6.1558 7.0072 1.5547 46 202 46 0.815
1.4239 -1.4012 3.4224 10 231 10 0.958
-4.6565 1.6953 2.1559 21 222 21 0.914
7.3454 0.7187 1.1188 26 218 26 0.892
2.8485 -4.9846 2.9198 32 214 32 0.870
0.7323 7.0942 3.7428 46 202 46 0.815
7.3005 6.2814 1.0930 13 229 13 0.947
7.3565 3.7398 1.0617 38 209 38 0.848
-1.1985 4.9679 3.5380 105 215 20 0.760
5.6774 5.0994 1.7662 4 236 4 0.980
5.7633 -5.7027 1.7475 29 216 29 0.881
-0.6678 -7.7512 3.6900 38 209 38 0.848
-4.5517 4.4630 2.2221 21 222 21 0.914
3.6256 -3.0142 2.5653 24 220 24 0.903
-2.5246 0.9965 3.0272 46 202 46 0.815
6.7349 3.5570 1.2761 13 229 13 0.947
-7.7766 -7.4892 0.9678 40 207 40 0.837
-2.1252 -0.7646 3.0521 32 214 32 0.870
-6.2933 1.9009 1.5955 46 202 46 0.815
4.1987 4.4787 2.2544 13 229 13 0.947
7.4538 7.1482 1.0017 29 216 29 0.881
-6.7252 7.3427 1.3073 18 225 18 0.925
6.7240 -5.6274 1.3930 10 231 10 0.958
-0.0195 2.6599 3.9714 21 222 21 0.914
-5.2558 -1.9362 1.9009 35 211 35 0.859
2.6737 -6.7112 2.9071 21 222 21 0.914
7.7383 -1.9645 0.9585 105 215 20 0.760
-3.0047 5.7213 2.8282 16 227 16 0.936
4.2745 -1.9123 2.2680 26 218 26 0.892
-6.5212 5.3815 1.4041 18 225 18 0.925
-2.7492 7.2937 2.7878 24 220 24 0.903
6.4461 2.9875 1.4744 100 217 20 0.771
7.4023 5.0631 1.0481 29 216 29 0.881
-2.1979 -4.7194 3.1571 40 207 40 0.837
-6.5196 3.5235 1.3487 38 209 38 0.848
-5.5541 -1.2388 1.7722 32 214 32 0.870
1.3251 1.0715 3.4149 92 219 20 0.793
1.9844 -7.5090 3.1809 26 218 26 0.892
-0.1255 -4.9098 3.8790 24 220 24 0.903
3.3111 -2.7454 2.6983 32 214 32 0.870
3.3577 -7.8027 2.5903 117 212 20 0.727
-2.3445 -6.4058 3.0760 38 209 38 0.848
-4.3929 7.8147 2.2275 96 218 20 0.782
0.0689 2.6146 3.9041 18 225 18 0.925
-0.6688 0.3305 3.6773 35 211 35 0.859
-2.4445 1.1030 3.0381 43 205 43 0.826
-7.8609 -2.4516 0.9902 92 219 20 0.793
5.1059 -0.3817 1.9073 29 216 29 0.881
-2.8164 -2.6235 2.8479 35 211 35 0.859
-3.1726 -3.9101 2.7570 38 209 38 0.848
4.4907 6.8948 2.1477 24 220 24 0.903
-7.5768 4.9333 0.8971 43 205 43 0.826
-6.3533 -7.0424 1.4944 38 209 38 0.848
3.5529 3.0291 2.6696 38 209 38 0.848
7.2995 -6.6477 1.1127 38 209 38 0.848
-3.8755 4.4281 2.3669 29 216 29 0.881
-0.2085 -7.4872 3.9115 21 222 21 0.914
2.0825 -0.7741 3.0511 46 202 46 0.815
0.5997 -1.2760 3.9105 21 222 21 0.914
-1.6250 3.4324 3.3560 35 211 35 0.859
-4.9162 7.0464 2.0399 100 217 20 0.771
-7.9567 3.4278 0.8102 100 217 20 0.771
-4.8682 -2.0785 2.0265 38 209 38 0.848
-1.8997 -5.9863 3.2056 4 236 4 0.980
7.6960 -4.9190 0.9436 16 227 16 0.936
2.7695 -7.8113 2.8884 105 215 20 0.760
-3.1359 6.6154 2.6329 35 211 35 0.859
-7.7357 6.9275 0.9369 46 202 46 0.815
1.1012 0.7965 3.5473 43 205 43 0.826
5.1037 2.2722 1.9075 35 211 35 0.859
-2.8932 -1.2608 2.7755 35 211 35 0.859
0.6685 -1.3010 3.7789 10 231 10 0.958
-0.6931 0.4311 3.7831 24 220 24 0.903
-2.8178 -7.4392 2.8872 10 231 10 0.958
7.4267 5.1478 0.9776 21 222 21 0.914
4.3316 -2.7337 2.3069 26 218 26 0.892
2.1947 5.1501 3.0350 43 205 43 0.826
4.5396 -0.5962 2.2372 21 222 21 0.914
-2.8928 1.0001 2.7837 43 205 43 0.826
7.3140 -5.4644 0.9509 38 209 38 0.848
-6.1887 6.6205 1.5283 21 222 21 0.914
-7.3759 0.9590 1.0956 4 236 4 0.980
-6.8979 4.3405 1.1877 43 205 43 0.826
-2.1237 0.9730 3.2416 43 205 43 0.826
-6.5525 5.9602 1.4703 40 207 40 0.837
-5.4790 7.6439 1.8278 43 205 43 0.826
7.0367 3.6757 1.2206 4 236 4 0.980
-2.1171 1.4953 3.0876 29 216 29 0.881
7.7123 7.3501 0.8563 35 211 35 0.859
-0.9803 1.0427 3.6121 32 214 32 0.870
-3.4805 1.6491 2.5311 26 218 26 0.892
7.9268 -6.9602 0.8737 96 218 20 0.782
5.6355 -6.5211 1.7175 7 233 7 0.969
-1.8630 4.7183 3.1962 38 209 38 0.848
-4.2519 -0.4521 2.2208 48 200 48 0.804
2.2837 6.1898 3.1930 32 214 32 0.870
-3.8019 -5.0372 2.4729 46 202 46 0.815
-2.3590 -3.7267 3.0214 32 214 32 0.870
-3.2967 -6.8212 2.5566 32 214 32 0.870
-4.3581 -3.2642 2.3247 38 209 38 0.848
2.8773 2.2637 2.8555 40 207 40 0.837
-2.4722 -2.1816 3.0330 38 209 38 0.848
5.6332 2.9464 1.6959 43 205 43 0.826
-7.2180 -2.9074 1.0819 32 214 32 0.870
6.5899 0.0210 1.4197 40 207 40 0.837
2.6197 3.3057 2.9219 16 227 16 0.936
-1.4529 -7.3119 3.4372 38 209 38 0.848
4.4274 1.8012 2.2195 35 211 35 0.859
5.0483 7.2220 2.0177 26 218 26 0.892
-6.8121 -3.2207 1.3264 29 216 29 0.881
-2.8738 1.3802 2.8368 10 231 10 0.958
5.4117 2.2833 1.8622 26 218 26 0.892
0.7160 3.2678 3.7680 38 209 38 0.848
1.4308 -6.5479 3.4030 43 205 43 0.826
7.6077 5.6989 1.0286 21 222 21 0.914
-6.4311 -4.3688 1.3569 29 216 29 0.881
1.7325 -1.1153 3.3194 46 202 46 0.815
-1.7293 -7.3346 3.2928 38 209 38 0.848
-7.4736 5.1468 1.0829 38 209 38 0.848
-7.1585 -7.6497 1.0694 96 218 20 0.782
-3.5098 -2.0694 2.6602 21 222 21 0.914
7.6442 4.5002 0.9374 21 222 21 0.914
-0.9253 -6.4056 3.6265 43 205 43 0.826
4.2877 -4.8469 2.2395 26 218 26 0.892
5.6402 -1.7474 1.7869 10 231 10 0.958
5.6136 -1.8760 1.7461 24 220 24 0.903
1.9073 2.1103 3.2248 96 218 20 0.782
-0.5860 -5.5252 3.7054 32 214 32 0.870
7.3910 -2.1916 1.0661 32 214 32 0.870
1.3561 -5.9665 3.4098 26 218 26 0.892
-7.7854 -4.6775 0.7957 32 214 32 0.870
0.9239 4.6590 3.6921 92 219 20 0.793
0.0410 -6.5854 3.9940 16 227 16 0.936
-2.9465 5.4017 2.7672 35 211 35 0.859
1.2013 2.6040 3.4542 26 218 26 0.892
-7.8723 -2.2140 0.8844 48 200 48 0.804
3.7678 3.0718 2.3824 32 214 32 0.870
7.6581 1.5029 0.9843 32 214 32 0.870
7.7422 -7.1147 0.9308 43 205 43 0.826
1.5660 -3.0270 3.3809 16 227 16 0.936
-2.5766 5.5785 2.9749 40 207 40 0.837
-4.2683 1.9483 2.3614 46 202 46 0.815
4.6136 -7.2214 2.0896 38 209 38 0.848
-5.7391 6.1718 1.5981 16 227 16 0.936
0.5726 7.0885 3.7968 24 220 24 0.903
-5.0146 -0.0295 2.0288 35 211 35 0.859
2.5473 0.5241 2.9806 38 209 38 0.848
1.8208 7.8014 3.3325 43 205 43 0.826
-6.4709 -6.4270 1.4586 26 218 26 0.892
6.9393 0.9339 1.1463 26 218 26 0.892
0.8509 4.3408 3.6032 24 220 24 0.903
-3.0718 -7.9605 2.6969 35 211 35 0.859
-3.6233 -1.8503 2.5549 18 225 18 0.925
3.3832 -4.9858 2.7270 29 216 29 0.881
1.0860 0.4532 3.5645 26 218 26 0.892
-4.1201 -7.6226 2.3395 26 218 26 0.892
3.7820 6.8176 2.4432 24 220 24 0.903
-7.2006 7.6278 1.0731 35 211 35 0.859
-3.0965 6.9106 2.8267 40 207 40 0.837
3.1382 3.1005 2.7105 26 218 26 0.892
-3.1139 -4.1533 2.7922 92 219 20 0.793
0.8460 2.8719 3.6383 24 220 24 0.903
-1.7552 3.1843 3.3457 35 211 35 0.859
-6.3192 6.5314 1.4274 13 229 13 0.947
3.2309 -2.8994 2.7242 40 207 40 0.837
-4.9180 5.9236 2.0415 7 233 7 0.969
-6.2309 -6.0980 1.4430 29 216 29 0.881
-0.5160 1.3357 3.7984 35 211 35 0.859
1.1921 -1.9627 3.5583 24 220 24 0.903
-0.8584 -3.0300 3.6113 29 216 29 0.881
-0.6122 0.8579 3.7331 24 220 24 0.903
7.1987 7.0193 1.0815 18 225 18 0.925
4.2691 6.2260 2.3060 26 218 26 0.892
2.8912 -3.8894 2.8122 24 220 24 0.903
6.6532 -3.4837 1.3145 40 207 40 0.837
-2.8443 0.8085 2.8870 35 211 35 0.859
-3.6008 -3.2103 2.4973 24 220 24 0.903
5.5870 3.8942 1.7801 32 214 32 0.870
4.2885 3.2887 2.2776 26 218 26 0.892
3.6506 -1.6147 2.5310 96 218 20 0.782
2.4746 1.2573 2.9320 26 218 26 0.892
-2.2616 -3.3161 3.0538 18 225 18 0.925
-3.9877 -4.5582 2.4141 4 236 4 0.980
-0.0630 1.4804 3.8831 32 214 32 0.870
6.9814 1.2795 1.2539 43 205 43 0.826
-3.3895 2.4227 2.6212 100 217 20 0.771
-0.4888 -5.2876 3.8076 38 209 38 0.848
4.3130 -3.5980 2.2644 35 211 35 0.859
-2.8468 0.5256 2.7825 43 205 43 0.826
3.6240 5.0769 2.6933 21 222 21 0.914
-4.1020 -0.7932 2.3983 7 233 7 0.969
1.7601 -6.6513 3.3707 24 220 24 0.903
-2.6691 3.1099 2.8209 38 209 38 0.848
5.6987 1.8225 1.6791 7 233 7 0.969
-1.5952 -2.0602 3.2454 96 218 20 0.782
5.0102 1.7542 2.0011 113 213 20 0.738
-3.4528 -2.5147 2.6406 35 211 35 0.859
-1.2261 -7.1899 3.4759 100 217 20 0.771
-7.8656 3.6628 0.8088 92 219 20 0.793
3.4351 -1.4417 2.5793 38 209 38 0.848
-5.3784 -6.9550 1.8472 21 222 21 0.914
6.2917 -0.9847 1.5131 35 211 35 0.859
0.1917 6.4944 3.9647 29 216 29 0.881
-1.8185 -6.8328 3.3188 40 207 40 0.837
7.0945 3.4391 1.0714 40 207 40 0.837
1.0652 4.4068 3.6378 24 220 24 0.903
1.8191 5.1178 3.2871 35 211 35 0.859
-7.2499 -5.6704 1.0462 38 209 38 0.848
3.5734 1.6644 2.5780 16 227 16 0.936
-4.2212 6.9035 2.2965 38 209 38 0.848
-0.6507 2.7605 3.6977 18 225 18 0.925
6.8770 2.3994 1.1745 32 214 32 0.870
0.7324 -5.8716 3.7701 18 225 18 0.925
-6.0940 3.6984 1.5826 48 200 48 0.804
-7.1733 5.1685 1.1431 35 211 35 0.859
-7.8363 -0.5418 0.8153 48 200 48 0.804
3.4472 -3.1490 2.5899 32 214 32 0.870
-7.3845 0.9255 1.0725 10 231 10 0.958
-6.5497 0.6017 1.3487 24 220 24 0.903
-4.4043 1.0313 2.2605 26 218 26 0.892
-0.8608 -0.0827 3.6607 46 202 46 0.815
5.5940 -4.2753 1.7799 26 218 26 0.892
-1.9467 5.2010 3.2142 18 225 18 0.925
7.6382 -0.8848 1.0569 92 219 20 0.793
0.2860 5.2776 3.8854 7 233 7 0.969
-2.9521 2.7257 2.7305 40 207 40 0.837
-2.4062 7.8426 3.1347 40 207 40 0.837
7.4592 1.3905 1.0047 46 202 46 0.815
-0.9472 7.5754 3.6346 32 214 32 0.870
7.6271 -2.3371 0.9207 18 225 18 0.925
6.3739 5.2548 1.4081 21 222 21 0.914
2.0771 -7.7999 3.1415 100 217 20 0.771
0.5865 5.3907 3.7881 13 229 13 0.947
-2.0588 -0.2906 3.1937 40 207 40 0.837
-3.6890 0.8206 2.5758 16 227 16 0.936
1.5156 -0.1403 3.4083 29 216 29 0.881
-2.0598 6.5922 3.2277 21 222 21 0.914
1.0269 5.1674 3.6736 46 202 46 0.815
-2.0128 -5.6688 3.1850 29 216 29 0.881
5.6690 -1.6834 1.7736 18 225 18 0.925
-7.1804 -6.8878 1.1007 18 225 18 0.925
-6.6232 7.0466 1.4358 35 211 35 0.859
4.8016 1.1406 2.1044 29 216 29 0.881
-3.6680 -2.2513 2.5847 26 218 26 0.892
5.6535 -2.3404 1.8025 35 211 35 0.859
-3.3286 5.1154 2.6795 40 207 40 0.837
-4.1863 -6.0100 2.3845 38 209 38 0.848
0.1668 -4.6254 4.0183 43 205 43 0.826
2.3065 4.9045 3.0854 13 229 13 0.947
-6.0654 -5.8494 1.5545 40 207 40 0.837
6.2331 5.7459 1.4785 38 209 38 0.848
-1.4593 2.2651 3.3721 100 217 20 0.771
-5.0666 -6.9068 1.9869 32 214 32 0.870
6.1552 -2.0715 1.5000 24 220 24 0.903
-2.3171 0.7457 3.0021 35 211 35 0.859
-3.5886 -1.5287 2.5540 38 209 38 0.848
5.2269 0.7296 1.8675 32 214 32 0.870
-0.4464 -6.7865 3.8303 100 217 20 0.771
4.4502 -5.0910 2.2004 35 211 35 0.859
3.6975 2.4355 2.5638 35 211 35 0.859
0.2893 -3.7396 3.8155 24 220 24 0.903
-6.7678 4.9156 1.2275 43 205 43 0.826
-4.4359 6.3372 2.2551 26 218 26 0.892
-6.0723 -2.5196 1.6745 21 222 21 0.914
-5.3037 7.5451 1.8011 26 218 26 0.892
3.1273 -2.9896 2.7705 40 207 40 0.837
0.9067 -0.2178 3.6104 26 218 26 0.892
-4.1466 -6.5195 2.3984 18 225 18 0.925
-4.9328 -2.4408 2.0240 40 207 40 0.837
-4.8253 1.0030 2.0787 29 216 29 0.881
-1.3732 7.4607 3.5085 21 222 21 0.914
1.4732 -6.2187 3.4617 32 214 32 0.870
5.9263 -1.2222 1.6958 38 209 38 0.848
1.1154 6.7199 3.4699 32 214 32 0.870
-6.6662 -3.9966 1.3844 38 209 38 0.848
-6.4027 -7.5566 1.4466 46 202 46 0.815
-7.5338 -6.3890 0.9878 26 218 26 0.892
-4.6209 2.2124 2.0535 38 209 38 0.848
-7.0920 5.9851 1.1245 40 207 40 0.837
4.1014 -4.4484 2.2600 21 222 21 0.914
-2.8762 -1.0737 2.8798 29 216 29 0.881
2.3271 -2.6089 3.0207 26 218 26 0.892
0.1836 -4.6343 3.8280 43 205 43 0.826
-0.1904 1.9023 3.8900 21 222 21 0.914
5.3353 5.8387 1.9185 40 207 40 0.837
4.6483 -0.1573 2.1835 43 205 43 0.826
-7.9690 3.4412 0.7262 109 214 20 0.749
6.2093 7.1227 1.4898 35 211 35 0.859
-4.8291 -4.8115 2.0785 18 225 18 0.925
-1.2459 6.5119 3.5605 40 207 40 0.837
1.5174 4.9532 3.3478 38 209 38 0.848
5.5282 -0.4274 1.8030 24 220 24 0.903
-5.4143 -7.4173 1.8038 16 227 16 0.936
-2.7110 6.8052 2.8924 32 214 32 0.870
-2.2357 1.3286 3.1428 26 218 26 0.892
5.6164 7.8139 1.6206 40 207 40 0.837
3.3355 7.3371 2.6102 40 207 40 0.837
1.1715 0.2035 3.4653 26 218 26 0.892
2.1436 4.2461 3.1604 16 227 16 0.936
-5.6415 -3.0016 1.8356 38 209 38 0.848
3.2976 5.2338 2.7201 21 222 21 0.914
0.1706 -4.4816 3.9203 48 200 48 0.804
-4.0313 -4.6342 2.3558 4 236 4 0.980
-3.1934 0.3785 2.7868 29 216 29 0.881
3.8616 5.4705 2.3715 32 214 32 0.870
-3.2298 -0.5688 2.7531 29 216 29 0.881
1.9586 7.1282 3.2126 4 236 4 0.980
0.3674 0.7771 3.8941 46 202 46 0.815
7.4263 -1.6273 1.0518 24 220 24 0.903
-2.5305 7.4839 2.9322 7 233 7 0.969
-3.2917 1.5026 2.6708 24 220 24 0.903
5.2955 5.6874 1.9429 40 207 40 0.837
-2.0153 0.8224 3.1838 40 207 40 0.837
5.4998 -6.1320 1.7175 7 233 7 0.969
-4.0768 -0.8523 2.2735 7 233 7 0.969
6.6094 -2.9912 1.2601 38 209 38 0.848
-4.1894 -0.9026 2.3503 7 233 7 0.969
-2.0137 -2.6989 3.1027 32 214 32 0.870
-1.2461 7.8355 3.5425 32 214 32 0.870
3.2073 -3.1655 2.6329 43 205 43 0.826
-3.6268 -5.4875 2.4525 24 220 24 0.903
-4.3294 -2.6972 2.2428 7 233 7 0.969
1.1357 -5.6377 3.5141 43 205 43 0.826
-2.3153 0.5185 2.9837 26 218 26 0.892
4.1461 -7.6105 2.3454 35 211 35 0.859
0.8097 -4.4901 3.6258 38 209 38 0.848
-3.4466 -5.1845 2.6076 38 209 38 0.848
-1.5648 0.9245 3.3631 32 214 32 0.870
0.8363 -5.7993 3.6309 35 211 35 0.859
7.2019 2.8961 1.1533 38 209 38 0.848
-1.7958 4.7844 3.2991 32 214 32 0.870
0.6139 2.1142 3.7187 46 202 46 0.815
7.4668 -2.6174 1.0133 18 225 18 0.925
-6.6283 -4.2619 1.2825 29 216 29 0.881
-2.9167 3.4032 2.8114 16 227 16 0.936
4.0149 1.9538 2.3233 24 220 24 0.903
5.4050 -3.1210 1.7596 92 219 20 0.793
-7.7665 7.5988 0.8909 46 202 46 0.815
-5.0220 2.4304 2.0497 35 211 35 0.859
-4.4909 2.5128 2.1741 35 211 35 0.859
1.5589 -3.1389 3.3845 21 222 21 0.914
-6.8474 -4.0327 1.2546 35 211 35 0.859
7.0102 -4.9840 1.1621 21 222 21 0.914
5.2491 0.5864 1.9302 29 216 29 0.881
4.9011 -0.6583 2.0653 26 218 26 0.892
-6.2754 -0.6483 1.4680 38 209 38 0.848
1.4658 -2.0771 3.3997 29 216 29 0.881
-3.6666 7.5544 2.5105 38 209 38 0.848
5.9390 5.9071 1.6411 35 211 35 0.859
-1.3054 -7.4451 3.4906 24 220 24 0.903
4.5440 -0.6460 2.2062 26 218 26 0.892
-2.7057 -0.8440 2.8050 24 220 24 0.903
-4.9574 7.1276 1.9819 48 200 48 0.804
0.4534 -0.7277 3.8634 38 209 38 0.848
-2.8174 -6.8260 2.8593 35 211 35 0.859
0.0255 -2.7995 3.9876 16 227 16 0.936
-2.7168 -0.0605 2.9152 38 209 38 0.848
7.0089 5.4882 1.2011 21 222 21 0.914
6.2373 -7.4199 1.5119 4 236 4 0.980
-5.2478 2.5915 1.9153 29 216 29 0.881
1.7693 -1.1199 3.2035 43 205 43 0.826
-6.0217 -5.6874 1.5931 46 202 46 0.815
-0.9095 -4.4809 3.5796 32 214 32 0.870
-4.7370 -1.6917 2.1326 32 214 32 0.870
-5.7449 4.6100 1.6919 32 214 32 0.870
-1.1179 1.5386 3.6132 24 220 24 0.903
5.5464 -6.8365 1.8117 4 236 4 0.980
5.5016 -1.6073 1.8668 24 220 24 0.903
6.0174 2.1968 1.5441 32 214 32 0.870
2.8920 5.7444 2.8441 32 214 32 0.870
-6.5081 6.4235 1.3905 18 225 18 0.925
-5.2667 7.8269 1.8054 100 217 20 0.771
-0.9868 2.3622 3.6069 24 220 24 0.903
-2.8479 7.5562 2.9577 26 218 26 0.892
6.7977 -2.4939 1.2503 43 205 43 0.826
-1.7948 -3.9696 3.2405 92 219 20 0.793
7.0519 6.5997 1.1726 29 216 29 0.881
-1.1472 -4.0520 3.5077 35 211 35 0.859
-4.4236 -7.8756 2.2260 46 202 46 0.815
3.3934 5.0816 2.6717 16 227 16 0.936
-7.0040 6.2709 1.2036 29 216 29 0.881
-2.5209 -0.9758 2.9589 46 202 46 0.815
-1.3141 3.5493 3.4981 92 219 20 0.793
-3.5832 0.0085 2.6159 13 229 13 0.947
3.3291 2.3121 2.7158 38 209 38 0.848
-1.7621 7.6610 3.3221 46 202 46 0.815
0.7579 -7.7921 3.7063 105 215 20 0.760
-2.4149 7.1276 2.9905 35 211 35 0.859
6.5069 -1.4513 1.4388 13 229 13 0.947
4.7127 -5.1654 2.1589 26 218 26 0.892
7.9515 6.6178 0.7585 46 202 46 0.815
3.2442 1.6312 2.6913 10 231 10 0.958
-4.2035 7.4611 2.3103 46 202 46 0.815
-2.9367 -3.0873 2.8216 21 222 21 0.914
1.1225 -1.0766 3.5139 10 231 10 0.958
0.9459 -0.4610 3.6270 29 216 29 0.881
7.4228 -2.3026 0.9547 21 222 21 0.914
3.3770 -3.4768 2.6951 32 214 32 0.870
4.2823 -5.6451 2.3593 38 209 38 0.848
-2.5781 -4.2319 2.9254 48 200 48 0.804
0.3711 -7.7672 3.8642 109 214 20 0.749
-5.8691 -6.6202 1.6251 29 216 29 0.881
3.9559 -6.3338 2.4372 32 214 32 0.870
-6.3240 3.5195 1.4650 96 218 20 0.782
0.1718 -3.5333 3.9510 26 218 26 0.892
-2.2987 4.9140 3.0258 32 214 32 0.870
-0.1450 -5.3072 3.9199 24 220 24 0.903
3.2771 -6.9579 2.6860 43 205 43 0.826
7.2761 -3.5456 1.0125 29 216 29 0.881
4.3916 -2.9780 2.2386 24 220 24 0.903
3.9617 3.9313 2.4328 46 202 46 0.815
-1.8641 6.1497 3.2568 35 211 35 0.859
-5.5654 5.7614 1.7817 26 218 26 0.892
-1.2496 -0.9546 3.4235 13 229 13 0.947
7.6805 6.5501 0.9233 24 220 24 0.903
-0.1219 -1.2721 3.9377 32 214 32 0.870
7.8221 -3.7749 0.8946 24 220 24 0.903
2.2491 4.0964 3.1015 18 225 18 0.925
0.8509 -5.8947 3.7103 29 216 29 0.881
3.1459 1.9284 2.6800 7 233 7 0.969
-4.6723 1.0225 2.1639 18 225 18 0.925
-6.8206 -3.7189 1.2597 43 205 43 0.826
-2.0386 3.5857 3.2240 46 202 46 0.815
-5.7985 -1.3771 1.6382 29 216 29 0.881
-0.6297 -0.5390 3.8118 92 219 20 0.793
5.3556 5.4594 1.8242 24 220 24 0.903
-2.1841 -3.4969 3.1151 24 220 24 0.903
2.6804 -1.0570 2.9521 32 214 32 0.870
-1.3356 7.4439 3.3873 26 218 26 0.892
-6.4334 0.0983 1.3205 38 209 38 0.848
3.7462 -7.6369 2.5013 29 216 29 0.881
-6.5084 -3.8242 1.4365 100 217 20 0.771
6.3922 -2.0702 1.4772 46 202 46 0.815
-3.8524 3.0659 2.4425 32 214 32 0.870
7.1777 -1.9323 1.1321 35 211 35 0.859
7.0521 -0.0371 1.1606 10 231 10 0.958
-4.7301 -3.4405 2.0732 46 202 46 0.815
7.0151 -2.6904 1.2091 40 207 40 0.837
-7.4855 4.6914 1.0569 48 200 48 0.804
-0.4445 5.7554 3.8075 32 214 32 0.870
-6.5082 -1.4036 1.3790 38 209 38 0.848
-6.2839 -4.0016 1.4767 100 217 20 0.771
-4.3996 3.0118 2.2507 26 218 26 0.892
3.9393 1.0904 2.4983 32 214 32 0.870
-3.7498 -3.4309 2.5012 21 222 21 0.914
-0.4954 6.4421 3.7098 29 216 29 0.881
7.5693 -0.4753 0.9598 46 202 46 0.815
4.6097 -0.7289 2.1228 24 220 24 0.903
4.5724 -3.8118 2.1468 29 216 29 0.881
-4.6001 -6.3676 2.1410 24 220 24 0.903
5.5594 -6.9193 1.7560 4 236 4 0.980
2.9445 1.7009 2.8081 24 220 24 0.903
-6.3102 6.4186 1.4697 18 225 18 0.925
-7.6267 -0.4910 1.0004 26 218 26 0.892
-1.2129 -0.0315 3.4312 35 211 35 0.859
3.4562 1.8428 2.6504 16 227 16 0.936
7.8814 -2.3472 0.9034 43 205 43 0.826
-2.7124 1.9663 2.9496 38 209 38 0.848
-6.4072 -2.9948 1.4607 24 220 24 0.903
-5.0766 2.7320 1.9905 38 209 38 0.848
1.8878 4.7150 3.2409 18 225 18 0.925
-0.1191 -2.8915 3.8590 10 231 10 0.958
5.6123 -0.6840 1.7892 13 229 13 0.947
-5.6937 -4.4312 1.8680 46 202 46 0.815
7.1764 5.6617 1.1353 16 227 16 0.936
-5.0144 -6.9563 1.9909 35 211 35 0.859
3.0176 -4.3687 2.7928 24 220 24 0.903
-7.5006 1.3132 1.0216 35 211 35 0.859
-4.0804 -2.9646 2.4373 35 211 35 0.859
4.9592 -7.4208 2.0045 35 211 35 0.859
-3.7112 4.6921 2.4520 24 220 24 0.903
-1.3559 -1.2125 3.4148 29 216 29 0.881
-0.4458 7.1031 3.8112 29 216 29 0.881
0.8043 3.0775 3.7132 16 227 16 0.936
6.5005 1.9930 1.3432 26 218 26 0.892
-0.6413 1.4335 3.7088 24 220 24 0.903
6.3559 -6.3606 1.3613 24 220 24 0.903
3.1004 3.1072 2.7051 26 218 26 0.892
0.3650 -3.8275 3.7887 32 214 32 0.870
0.4968 2.9836 3.8264 21 222 21 0.914
-6.3708 5.9149 1.4841 26 218 26 0.892
4.4339 -4.9679 2.2548 35 211 35 0.859
4.0655 -7.7729 2.3441 96 218 20 0.782
-4.0312 6.5790 2.3551 38 209 38 0.848
-5.4859 -2.1128 1.8207 24 220 24 0.903
-4.1287 -5.4405 2.4316 29 216 29 0.881
-1.8453 -7.3194 3.2490 38 209 38 0.848
-0.3273 5.2331 3.9201 26 218 26 0.892
4.2061 3.5357 2.3390 16 227 16 0.936
3.9973 -3.0021 2.4032 24 220 24 0.903
2.3417 -0.0827 3.0965 48 200 48 0.804
6.2252 3.8374 1.5476 48 200 48 0.804
-7.5198 -0.1360 0.9843 43 205 43 0.826
-6.1954 5.7529 1.5272 35 211 35 0.859
-5.0829 -4.8141 2.0207 4 236 4 0.980
7.5556 -4.0941 0.9818 21 222 21 0.914
5.4822 3.5782 1.8450 35 211 35 0.859
0.7899 -0.9667 3.7569 26 218 26 0.892
1.1824 -0.3610 3.4457 38 209 38 0.848
5.1509 -6.8528 1.8854 7 233 7 0.969
0.0271 -0.8131 3.9735 35 211 35 0.859
7.6199 2.1754 0.8661 29 216 29 0.881
-6.7382 -4.2602 1.2372 24 220 24 0.903
-2.2428 -3.4280 3.0818 29 216 29 0.881
-4.8683 -5.0365 2.0148 13 229 13 0.947
-1.4361 5.8817 3.3918 4 236 4 0.980
-3.2094 -7.5591 2.7213 10 231 10 0.958
-2.7790 -5.4521 2.9005 92 219 20 0.793
4.5624 -4.5333 2.2056 32 214 32 0.870
4.9410 -0.2375 1.9926 29 216 29 0.881
-7.0310 -0.1107 1.1919 109 214 20 0.749
1.8990 6.1944 3.2354 48 200 48 0.804
5.3256 -0.3873 1.8911 35 211 35 0.859
6.0361 3.7171 1.5779 40 207 40 0.837
3.5236 -4.4314 2.6165 21 222 21 0.914
4.7884 5.0993 2.0913 29 216 29 0.881
3.3662 4.6780 2.5232 92 219 20 0.793
-0.9202 6.8310 3.6190 24 220 24 0.903
7.1756 -2.8623 1.2736 96 218 20 0.782
7.4684 1.7748 1.0916 29 216 29 0.881
-5.0997 -5.3040 1.9795 35 211 35 0.859
-0.1078 -4.6537 3.9907 24 220 24 0.903
-3.4006 -3.4210 2.6240 26 218 26 0.892
0.9400 0.8660 3.6251 92 219 20 0.793
-5.9629 1.2859 1.6764 26 218 26 0.892
1.3427 -3.1651 3.5277 13 229 13 0.947
-3.0100 2.6558 2.7928 46 202 46 0.815
-3.1135 -6.4849 2.7638 29 216 29 0.881
5.4796 -7.3939 1.8657 13 229 13 0.947
5.2741 -4.0423 1.9520 35 211 35 0.859
7.4716 6.9786 0.9628 10 231 10 0.958
-3.3328 6.2801 2.5836 38 209 38 0.848
6.2757 5.3784 1.4370 13 229 13 0.947
7.6513 5.2928 0.9446 7 233 7 0.969
1.4942 -4.7774 3.3725 29 216 29 0.881
-4.5772 4.6825 2.1122 26 218 26 0.892
4.3931 -2.8163 2.2141 21 222 21 0.914
-1.4623 4.2974 3.4456 35 211 35 0.859
-1.0859 3.3390 3.5084 40 207 40 0.837
-7.7065 0.7673 0.9730 38 209 38 0.848
6.9726 5.3770 1.2729 24 220 24 0.903
-5.6828 2.8542 1.6758 48 200 48 0.804
3.4606 0.7160 2.5942 38 209 38 0.848
2.8502 -6.3664 2.8250 4 236 4 0.980
3.3536 -3.4697 2.6409 29 216 29 0.881
-7.7102 2.8737 0.9007 43 205 43 0.826
-1.8462 -6.1901 3.2542 24 220 24 0.903
7.7967 4.7424 0.8472 35 211 35 0.859
3.1364 -5.1483 2.7195 29 216 29 0.881
2.9005 -3.6934 2.8320 26 218 26 0.892
-3.5588 1.2656 2.4756 40 207 40 0.837
7.1073 3.0432 1.1798 46 202 46 0.815
5.7959 -0.7866 1.6272 21 222 21 0.914
4.0765 4.7692 2.4287 13 229 13 0.947
-3.7459 4.6851 2.5728 29 216 29 0.881
2.5332 -3.7136 3.0727 40 207 40 0.837
-6.8687 4.2622 1.2964 38 209 38 0.848
-7.4070 -7.0319 1.0276 13 229 13 0.947
-7.5406 6.6202 0.9363 32 214 32 0.870
-4.7408 3.2294 2.1141 21 222 21 0.914
7.4809 -2.3260 0.9589 21 222 21 0.914
-4.3728 -6.2593 2.2802 21 222 21 0.914
-1.3241 0.1858 3.4303 32 214 32 0.870
-1.8196 -5.3075 3.2940 26 218 26 0.892
4.7999 -1.2881 2.0376 26 218 26 0.892
-1.6088 4.0433 3.3092 38 209 38 0.848
7.7864 -6.2897 0.9295 105 215 20 0.760
-4.9123 -4.4853 2.1054 29 216 29 0.881
-3.5233 3.0210 2.5449 48 200 48 0.804
3.6399 0.6409 2.5612 21 222 21 0.914
-7.4829 -6.6622 0.9711 13 229 13 0.947
7.6252 3.2080 0.8861 46 202 46 0.815
-2.7504 7.3739 2.8935 16 227 16 0.936
-0.1855 1.4863 3.8872 29 216 29 0.881
1.0399 -2.5524 3.5550 18 225 18 0.925
7.5430 -5.1058 1.0171 10 231 10 0.958
-3.3159 3.9059 2.5889 92 219 20 0.793
-6.0734 0.7455 1.5329 18 225 18 0.925
2.8409 -0.7764 2.9604 32 214 32 0.870
0.2545 -3.9028 3.9854 35 211 35 0.859
-5.0315 -4.5646 2.0571 4 236 4 0.980
-3.0024 -7.7517 2.7965 13 229 13 0.947
0.2588 -1.1687 3.8334 4 236 4 0.980
2.8362 -1.6107 2.8842 32 214 32 0.870
-3.7084 6.5327 2.5727 29 216 29 0.881
6.7391 5.2452 1.3411 10 231 10 0.958
-3.7399 -7.6643 2.5135 43 205 43 0.826
4.8155 -3.8475 2.0916 21 222 21 0.914
6.7883 -5.0306 1.2760 10 231 10 0.958
4.0773 -3.2820 2.3235 21 222 21 0.914
3.8573 -0.8411 2.4860 35 211 35 0.859
-1.8053 0.7560 3.2557 40 207 40 0.837
-2.2134 -3.6571 3.1085 29 216 29 0.881
0.6157 -3.4675 3.8077 38 209 38 0.848
-4.4002 -1.5727 2.1753 26 218 26 0.892
-1.9320 -0.8841 3.1624 40 207 40 0.837
0.1396 -6.0730 3.9185 40 207 40 0.837
7.9355 -2.2773 0.8789 48 200 48 0.804
0.9621 3.2911 3.6002 38 209 38 0.848
5.7999 -4.3015 1.6503 29 216 29 0.881
1.1927 -4.5488 3.5394 43 205 43 0.826
2.7421 5.0260 2.9057 18 225 18 0.925
-4.8985 -3.3828 2.1098 46 202 46 0.815
-7.0219 0.3899 1.2581 100 217 20 0.771
2.9989 -3.3494 2.8435 29 216 29 0.881
-7.0775 6.0556 1.0767 40 207 40 0.837
-7.7399 3.2612 0.8434 38 209 38 0.848
2.5475 3.3946 2.9284 29 216 29 0.881
-4.4419 -4.7413 2.2900 24 220 24 0.903
4.3323 6.3758 2.2310 35 211 35 0.859
6.0018 -7.6990 1.6613 29 216 29 0.881
-6.9127 5.5469 1.2884 26 218 26 0.892
-5.6846 5.7172 1.6762 29 216 29 0.881
1.6248 -4.0904 3.3340 32 214 32 0.870
6.6625 2.2020 1.3376 18 225 18 0.925
-2.1468 -1.8864 3.1086 40 207 40 0.837
-0.1217 -4.4620 3.9460 29 216 29 0.881
-4.6492 7.3188 2.2074 46 202 46 0.815
-5.3688 -1.5194 1.8356 29 216 29 0.881
3.0834 2.3094 2.7422 38 209 38 0.848
6.4969 -3.5908 1.3256 92 219 20 0.793
-5.4192 -5.4896 1.8103 38 209 38 0.848
4.7123 5.5855 2.1699 4 236 4 0.980
7.5453 0.2458 0.9048 32 214 32 0.870
-3.8129 -5.4914 2.5362 21 222 21 0.914
6.5669 5.8566 1.4435 35 211 35 0.859
4.6870 -1.3636 2.1593 43 205 43 0.826
-6.7164 6.6572 1.3127 21 222 21 0.914
4.1762 2.7598 2.2831 46 202 46 0.815
1.2875 -2.4327 3.4021 18 225 18 0.925
2.7337 -0.3225 2.9033 29 216 29 0.881
6.5500 -5.5135 1.3219 26 218 26 0.892
6.3488 6.0084 1.4703 38 209 38 0.848
-3.4115 -7.4869 2.6551 38 209 38 0.848
-2.0783 2.5739 3.1569 40 207 40 0.837
-7.5495 6.3065 0.9857 32 214 32 0.870
7.8462 -4.0798 0.8815 32 214 32 0.870
-3.4698 -0.8150 2.5667 43 205 43 0.826
7.4660 -0.1524 0.9778 24 220 24 0.903
6.3391 -4.7862 1.4485 38 209 38 0.848
-6.5854 -5.3720 1.2738 40 207 40 0.837
-2.1341 -7.8396 3.1249 92 219 20 0.793
-0.0672 -0.1812 3.9563 32 214 32 0.870
-4.0310 -5.3050 2.3319 26 218 26 0.892
3.2455 4.1323 2.6894 48 200 48 0.804
0.3143 -5.4978 3.9114 26 218 26 0.892
-3.7990 -5.2345 2.4587 35 211 35 0.859
-1.7282 1.7346 3.2839 40 207 40 0.837
-2.0973 -0.6397 3.1746 32 214 32 0.870
3.4547 -2.7891 2.5947 26 218 26 0.892
7.4426 -1.3514 1.1087 32 214 32 0.870
5.9156 0.7588 1.6400 21 222 21 0.914
-3.0619 -2.2242 2.8299 32 214 32 0.870
-7.1181 3.9216 1.1656 32 214 32 0.870
-1.6451 1.9690 3.4319 43 205 43 0.826
-3.7293 2.2202 2.5820 105 215 20 0.760
-1.4789 3.7984 3.4321 38 209 38 0.848
4.3082 4.8991 2.3833 26 218 26 0.892
-4.2696 5.3848 2.2671 21 222 21 0.914
0.2514 7.7144 3.9025 46 202 46 0.815
3.3917 5.5478 2.6579 46 202 46 0.815
-1.8498 -1.2366 3.3484 35 211 35 0.859
-4.9282 -1.3419 2.0020 21 222 21 0.914
3.2633 -5.6310 2.6763 21 222 21 0.914
-5.9653 1.6817 1.5480 38 209 38 0.848
-5.1137 -0.0609 1.9972 32 214 32 0.870
7.3672 2.7764 1.0908 43 205 43 0.826
-3.2835 4.3939 2.6690 46 202 46 0.815
7.8823 -5.5586 0.8562 96 218 20 0.782
-4.9415 -4.5450 2.0810 18 225 18 0.925
-6.1056 6.7593 1.5564 32 214 32 0.870
2.1451 4.8466 3.1501 13 229 13 0.947
-0.6910 -1.2982 3.7409 24 220 24 0.903
3.8523 -6.5008 2.5066 35 211 35 0.859
-6.3939 2.9694 1.3935 43 205 43 0.826
5.7240 4.1481 1.6954 38 209 38 0.848
0.9156 -5.6927 3.6586 32 214 32 0.870
-3.3773 3.8284 2.7024 46 202 46 0.815
5.6610 2.1800 1.7356 4 236 4 0.980
1.3528 0.3005 3.5640 29 216 29 0.881
1.9424 -1.5472 3.3027 29 216 29 0.881
0.0319 -0.3931 4.0148 32 214 32 0.870
-4.9367 -6.6813 2.0092 35 211 35 0.859
3.8364 -6.7457 2.3633 35 211 35 0.859
4.2348 -2.7485 2.3557 38 209 38 0.848
-6.8877 -1.1989 1.2337 40 207 40 0.837
-1.8617 -6.7505 3.2821 35 211 35 0.859
-5.9108 4.5524 1.6786 43 205 43 0.826
-0.0217 3.3640 4.0155 35 211 35 0.859
-1.6509 -0.7062 3.3574 21 222 21 0.914
1.1077 -2.9861 3.5337 26 218 26 0.892
5.3062 -2.1313 1.8494 35 211 35 0.859
-2.1382 0.5508 3.1838 29 216 29 0.881
-2.2161 4.5733 3.1158 40 207 40 0.837
3.8500 5.4113 2.4296 38 209 38 0.848
1.1024 1.1741 3.5228 48 200 48 0.804
3.3614 -5.3529 2.5744 43 205 43 0.826
-6.5487 5.6818 1.3789 26 218 26 0.892
-4.2625 -4.8381 2.4150 16 227 16 0.936
-6.7140 3.6830 1.2188 43 205 43 0.826
-5.5807 6.5802 1.8149 29 216 29 0.881
-7.4590 1.3819 0.9608 40 207 40 0.837
3.4114 5.7818 2.6327 38 209 38 0.848
-1.2105 0.4946 3.5390 40 207 40 0.837
5.6716 2.0518 1.7436 4 236 4 0.980
1.2865 -5.3342 3.6351 46 202 46 0.815
-7.8094 -7.0234 0.9363 29 216 29 0.881
-0.8877 -1.9043 3.7332 43 205 43 0.826
-0.5432 -2.4802 3.8186 43 205 43 0.826
3.8901 -0.4230 2.3684 35 211 35 0.859
-1.9420 -6.8574 3.2239 46 202 46 0.815
6.9488 -2.9255 1.2546 92 219 20 0.793
3.7555 1.5993 2.5436 26 218 26 0.892
7.7720 -5.8506 0.8858 100 217 20 0.771
-0.1898 -5.1606 3.8822 18 225 18 0.925
-1.0189 6.0024 3.5932 40 207 40 0.837
7.6508 3.3342 0.9388 40 207 40 0.837
-3.2986 -6.6142 2.7281 32 214 32 0.870
-4.8042 4.4258 2.1457 29 216 29 0.881
-5.4933 -7.1039 1.7342 24 220 24 0.903
-5.5049 -3.3618 1.7353 32 214 32 0.870
2.9321 -2.9767 2.8858 38 209 38 0.848
3.3154 2.0936 2.6781 21 222 21 0.914
-5.2273 1.5778 1.8824 46 202 46 0.815
-0.2738 7.9664 3.9111 96 218 20 0.782
-7.7802 4.0318 0.9838 13 229 13 0.947
-0.7483 2.8261 3.6628 18 225 18 0.925
-6.9806 6.0204 1.2699 35 211 35 0.859
5.9877 -2.5838 1.5864 35 211 35 0.859
4.7046 3.4180 2.0887 40 207 40 0.837
3.0119 -5.8298 2.8359 24 220 24 0.903
2.6144 2.0160 2.9530 21 222 21 0.914
-0.1911 -3.0566 3.8996 4 236 4 0.980
5.5574 5.2868 1.7755 4 236 4 0.980
-2.2001 -0.6247 3.1172 35 211 35 0.859
1.0774 -0.4310 3.5540 32 214 32 0.870
-0.4095 1.6562 3.7733 10 231 10 0.958
-6.6670 -6.0866 1.3401 35 211 35 0.859
-5.0475 5.9234 2.0179 4 236 4 0.980
0.5015 6.8256 3.8387 35 211 35 0.859
-4.0213 -2.7966 2.4199 35 211 35 0.859
2.5787 4.1401 2.9733 32 214 32 0.870
-6.5464 -0.4629 1.3377 48 200 48 0.804
-1.7669 -2.7386 3.2986 48 200 48 0.804
-4.9554 -2.3348 1.9793 24 220 24 0.903
-6.4743 -1.0522 1.4291 24 220 24 0.903
3.1349 2.6273 2.6953 96 218 20 0.782
5.8263 -7.9325 1.6489 100 217 20 0.771
5.5752 -2.9075 1.6889 38 209 38 0.848
0.5292 -7.2818 3.8156 35 211 35 0.859
-1.5936 -5.0386 3.3386 32 214 32 0.870
5.7975 -3.4751 1.7202 32 214 32 0.870
5.7483 6.0151 1.7584 26 218 26 0.892
5.9949 -6.5536 1.6164 24 220 24 0.903
-5.8276 -0.2022 1.6147 24 220 24 0.903
4.0384 -3.2130 2.3845 13 229 13 0.947
-1.2940 3.0188 3.5132 26 218 26 0.892
4.3445 -2.1927 2.2259 26 218 26 0.892
5.4510 -6.6137 1.8793 4 236 4 0.980
-6.9086 7.2227 1.2202 4 236 4 0.980
-6.5708 0.5690 1.3040 29 216 29 0.881
-7.1470 -0.8242 1.2269 48 200 48 0.804
-3.3073 -5.4489 2.7204 29 216 29 0.881
2.2872 3.7092 3.0280 40 207 40 0.837
2.2491 4.4573 3.1563 26 218 26 0.892
2.3352 -7.1644 3.0022 40 207 40 0.837
7.7339 2.1414 0.8953 24 220 24 0.903
3.2548 -5.8697 2.7783 18 225 18 0.925
-4.8970 -2.0230 2.0717 32 214 32 0.870
7.5412 6.2981 0.9451 13 229 13 0.947
6.9556 0.5324 1.2250 24 220 24 0.903
-5.7840 -5.9397 1.7293 48 200 48 0.804
1.1561 -7.4354 3.6330 32 214 32 0.870
1.6415 2.8456 3.2918 48 200 48 0.804
3.0507 -1.7719 2.8253 29 216 29 0.881
-4.0023 7.9092 2.4222 43 205 43 0.826
4.7527 -0.6312 2.1276 16 227 16 0.936
-0.5461 3.1979 3.8410 43 205 43 0.826
-2.7192 5.0514 2.8919 29 216 29 0.881
5.0822 -4.5386 1.9022 35 211 35 0.859
-6.7487 0.0846 1.3633 43 205 43 0.826
2.7543 -5.5527 2.9152 43 205 43 0.826
5.8164 6.4865 1.6352 29 216 29 0.881
0.2842 3.5054 3.9096 26 218 26 0.892
-4.9678 5.7292 2.1264 10 231 10 0.958
-7.1996 5.9820 1.1384 48 200 48 0.804
-4.1606 1.3206 2.2276 21 222 21 0.914
-2.8078 6.2717 2.8580 29 216 29 0.881
4.2127 5.3377 2.3497 38 209 38 0.848
0.4068 1.8029 3.8458 38 209 38 0.848
-2.7086 -6.8880 2.8698 26 218 26 0.892
0.0994 -0.4662 4.0163 40 207 40 0.837
6.0579 -7.1023 1.5450 29 216 29 0.881
7.1791 4.8867 1.1567 26 218 26 0.892
4.6149 -7.7110 2.1281 109 214 20 0.749
-0.6800 -1.6367 3.7341 21 222 21 0.914
-2.1495 -1.2590 3.1871 21 222 21 0.914
6.7737 1.5415 1.2051 100 217 20 0.771
5.0803 2.2492 1.9899 40 207 40 0.837
6.1926 2.7682 1.5296 26 218 26 0.892
0.0725 7.0362 3.9128 16 227 16 0.936
4.6152 -2.5709 2.2037 18 225 18 0.925
-0.4647 -7.7478 3.8311 35 211 35 0.859
-2.1350 5.3189 3.2065 7 233 7 0.969
-4.2586 -4.3916 2.2626 4 236 4 0.980
-7.7839 5.1973 0.8482 48 200 48 0.804
5.1836 6.6046 1.9387 32 214 32 0.870
6.0545 2.3051 1.5574 43 205 43 0.826
4.1319 -3.5043 2.3026 18 225 18 0.925
4.6745 -1.7156 2.1184 46 202 46 0.815
-7.6669 -6.6854 0.9679 26 218 26 0.892
0.2351 5.2889 3.8759 13 229 13 0.947
-3.8340 -7.4081 2.3729 35 211 35 0.859
2.9203 3.1369 2.8992 24 220 24 0.903
4.6349 5.2978 2.1117 24 220 24 0.903
-3.5552 -6.1406 2.5594 43 205 43 0.826
3.9983 -4.5577 2.4578 13 229 13 0.947
1.5595 1.8059 3.4354 43 205 43 0.826
0.2066 -2.5537 3.8730 29 216 29 0.881
6.9932 4.7516 1.2137 38 209 38 0.848
-6.8043 -2.1541 1.3148 46 202 46 0.815
4.0306 0.3559 2.3779 26 218 26 0.892
6.5836 -0.1557 1.3580 46 202 46 0.815
6.0638 -7.0682 1.6169 32 214 32 0.870
4.1751 7.2270 2.3537 32 214 32 0.870
-2.4487 5.1816 2.9983 13 229 13 0.947
-0.8204 0.7963 3.6639 29 216 29 0.881
1.3514 -3.6748 3.6079 40 207 40 0.837
-5.2455 4.8803 1.9590 35 211 35 0.859
-4.9383 -7.7130 2.0268 100 217 20 0.771
4.7057 -2.3611 2.1312 10 231 10 0.958
6.6800 0.3771 1.3215 32 214 32 0.870
-4.5187 -4.2567 2.3016 35 211 35 0.859
0.5498 -4.6232 3.7683 38 209 38 0.848
5.8708 7.0734 1.6294 40 207 40 0.837
0.0909 5.7524 3.9805 26 218 26 0.892
-6.9739 5.4038 1.2151 35 211 35 0.859
7.3251 -3.9175 0.9851 21 222 21 0.914
1.6014 -2.4294 3.3629 38 209 38 0.848
1.0137 3.1330 3.5547 40 207 40 0.837
5.9326 7.2417 1.5840 38 209 38 0.848
-6.8155 -5.2216 1.3036 18 225 18 0.925
-6.1417 0.7420 1.5372 16 227 16 0.936
7.2003 7.2561 1.0742 43 205 43 0.826
-7.5544 -5.2995 1.0402 29 216 29 0.881
1.7917 -2.5416 3.2194 35 211 35 0.859
-5.5768 5.5801 1.7526 32 214 32 0.870
0.2533 7.4277 3.8685 24 220 24 0.903
1.2831 2.3729 3.4329 43 205 43 0.826
0.1397 6.0809 3.8784 21 222 21 0.914
-0.5072 7.2678 3.7239 29 216 29 0.881
6.4262 7.8050 1.4253 46 202 46 0.815
7.4490 2.5730 1.0144 48 200 48 0.804
-2.4016 5.6432 3.0064 40 207 40 0.837
-7.8852 -1.9355 0.8855 43 205 43 0.826
2.8424 5.8384 2.8685 40 207 40 0.837
-7.7272 2.1308 0.8637 96 218 20 0.782
-0.6592 0.5106 3.7987 26 218 26 0.892
-6.3846 0.8249 1.4663 24 220 24 0.903
7.3471 5.5135 1.0476 16 227 16 0.936
4.2543 -3.1963 2.2147 35 211 35 0.859
1.0583 -2.7002 3.5982 24 220 24 0.903
5.1579 2.7898 2.0032 32 214 32 0.870
-1.2427 -2.6114 3.5002 32 214 32 0.870
5.7615 -3.3947 1.7115 29 216 29 0.881
7.0397 1.3313 1.2046 92 219 20 0.793
7.6729 2.3255 0.9869 38 209 38 0.848
1.6510 7.3327 3.3032 29 216 29 0.881
-4.6750 2.9593 2.1436 32 214 32 0.870
-7.4087 7.6162 0.9925 48 200 48 0.804
6.2335 2.7700 1.5524 32 214 32 0.870
4.6648 2.9172 2.1109 43 205 43 0.826
-3.9580 6.3941 2.4676 32 214 32 0.870
4.0438 -2.8981 2.3358 26 218 26 0.892
-3.1791 1.6488 2.7115 7 233 7 0.969
0.4110 -4.9815 3.9043 35 211 35 0.859
6.5136 0.8005 1.4464 29 216 29 0.881
-2.4903 -7.1161 2.9595 18 225 18 0.925
2.9674 3.4067 2.7678 18 225 18 0.925
-5.9123 -5.4663 1.7578 92 219 20 0.793
0.9975 2.5160 3.6194 35 211 35 0.859
-5.1745 5.7935 1.9800 4 236 4 0.980
-0.4759 6.4295 3.8386 26 218 26 0.892
-5.4990 -7.7277 1.8111 21 222 21 0.914
-4.1095 -7.1898 2.4204 13 229 13 0.947
4.4848 2.6566 2.2454 35 211 35 0.859
0.4025 4.8961 3.8921 32 214 32 0.870
3.3009 -3.3489 2.7362 32 214 32 0.870
4.7956 5.7206 2.1068 7 233 7 0.969
2.0457 4.4751 3.1960 18 225 18 0.925
-3.3148 4.0606 2.6300 48 200 48 0.804
1.3995 -3.5418 3.4351 35 211 35 0.859
2.0625 7.0073 3.1678 4 236 4 0.980
6.4564 -1.8442 1.4508 10 231 10 0.958
-7.0444 3.9435 1.2500 43 205 43 0.826
-2.4528 3.8514 3.0628 29 216 29 0.881
-3.3515 -2.2385 2.6400 13 229 13 0.947
-1.7213 -0.5531 3.2969 29 216 29 0.881
-4.5252 -4.6676 2.1822 35 211 35 0.859
-3.7382 -3.1511 2.4330 26 218 26 0.892
-4.0752 3.9392 2.3340 21 222 21 0.914
4.2711 1.0501 2.2953 26 218 26 0.892
-2.6298 -5.6392 2.9516 46 202 46 0.815
-4.1587 -2.4083 2.2875 21 222 21 0.914
7.5894 1.0170 1.0273 92 219 20 0.793
0.9709 5.0440 3.6342 96 218 20 0.782
4.2682 0.1508 2.3379 16 227 16 0.936
7.6606 -5.1098 0.9471 4 236 4 0.980
-2.0597 3.1432 3.1946 43 205 43 0.826
3.8238 4.6035 2.4724 21 222 21 0.914
1.1491 6.8342 3.5181 35 211 35 0.859
1.7195 -7.0710 3.3053 40 207 40 0.837
6.3241 -5.1304 1.4954 7 233 7 0.969
-5.3869 -3.8619 1.9032 26 218 26 0.892
-7.0636 -0.8347 1.0357 92 219 20 0.793
2.0727 5.1210 3.1828 32 214 32 0.870
-6.2232 -5.0155 1.5422 38 209 38 0.848
-6.4991 -3.2369 1.4317 24 220 24 0.903
1.9075 -0.4251 3.2328 43 205 43 0.826
-3.9794 0.9179 2.3839 24 220 24 0.903
0.3261 2.5761 3.9055 21 222 21 0.914
5.4220 1.4504 1.8626 92 219 20 0.793
7.4517 4.1994 1.1084 43 205 43 0.826
-1.0223 1.1764 3.5339 48 200 48 0.804
5.4113 -7.8446 1.8581 35 211 35 0.859
-0.6550 -5.3076 3.7043 40 207 40 0.837
-5.7404 -1.9579 1.7283 32 214 32 0.870
-2.4942 3.2865 2.9508 26 218 26 0.892
3.9156 1.4951 2.4738 35 211 35 0.859
-5.3282 1.8680 1.7837 43 205 43 0.826
-0.5378 -1.5348 3.8452 29 216 29 0.881
4.5232 -0.3789 2.1755 26 218 26 0.892
-0.5395 -2.8458 3.7473 16 227 16 0.936
-1.4771 -2.4886 3.3820 48 200 48 0.804
-4.6777 -1.3829 2.1770 18 225 18 0.925
0.9041 -1.1582 3.6729 29 216 29 0.881
4.5478 -6.6817 2.2743 24 220 24 0.903
4.3959 -7.7064 2.2535 96 218 20 0.782
-4.1641 -0.1692 2.3373 26 218 26 0.892
0.5345 -3.5910 3.7338 35 211 35 0.859
-0.0853 6.9073 3.9241 26 218 26 0.892
5.7964 -5.7441 1.6676 32 214 32 0.870
4.3696 5.3436 2.2976 29 216 29 0.881
7.7104 -4.3946 0.9999 96 218 20 0.782
0.6309 -1.6416 3.7683 10 231 10 0.958
2.8999 7.0191 2.9265 40 207 40 0.837
7.0548 -2.7789 1.1490 43 205 43 0.826
-6.9906 -5.8448 1.2221 38 209 38 0.848
2.6221 6.7996 2.9715 18 225 18 0.925
-0.8056 6.6030 3.6413 24 220 24 0.903
-2.9704 -3.0116 2.7895 29 216 29 0.881
7.4732 -2.8803 1.1691 46 202 46 0.815
-3.7451 -4.4534 2.5043 16 227 16 0.936
3.4743 1.5175 2.5945 7 233 7 0.969
-2.6928 -4.0033 2.9791 43 205 43 0.826
-3.4689 7.1622 2.5976 40 207 40 0.837
3.3169 7.7932 2.6936 96 218 20 0.782
-1.2133 -1.6549 3.5085 38 209 38 0.848
1.8750 0.0820 3.2202 38 209 38 0.848
-2.0384 2.2738 3.1512 96 218 20 0.782
-2.9342 0.3372 2.7439 46 202 46 0.815
1.5214 -2.4641 3.3810 26 218 26 0.892
-5.0441 -0.2787 1.9129 35 211 35 0.859
-3.8361 -1.6884 2.4884 32 214 32 0.870
-6.4802 5.5503 1.3946 29 216 29 0.881
4.5035 3.7223 2.1581 29 216 29 0.881
5.7386 2.4585 1.6975 24 220 24 0.903
1.8079 3.3269 3.2356 48 200 48 0.804
6.0056 -5.1420 1.5408 48 200 48 0.804
-2.1486 4.4036 3.1756 24 220 24 0.903
-1.1503 0.3908 3.5396 38 209 38 0.848
7.5066 3.3877 1.0272 40 207 40 0.837
2.3747 6.4415 3.1118 21 222 21 0.914
2.9599 4.4040 2.7424 43 205 43 0.826
7.9031 7.4276 0.8484 43 205 43 0.826
4.0571 -3.1232 2.3192 24 220 24 0.903
-3.3803 0.4357 2.6082 4 236 4 0.980
-2.0135 3.4885 3.1392 32 214 32 0.870
6.2728 -6.8229 1.5251 26 218 26 0.892
-1.7820 -5.2932 3.1520 38 209 38 0.848
5.2314 -4.0388 1.9157 35 211 35 0.859
1.2274 -5.4570 3.5420 26 218 26 0.892
-2.4745 -6.8979 2.9591 35 211 35 0.859
-0.9635 -5.8780 3.6214 38 209 38 0.848
5.1894 4.0597 1.9603 24 220 24 0.903
-5.8212 4.9180 1.6316 32 214 32 0.870
-3.4277 -4.2289 2.6225 35 211 35 0.859
-5.1669 -4.5645 1.9559 4 236 4 0.980
0.7004 2.9347 3.7735 18 225 18 0.925
-4.5715 -3.7469 2.1818 29 216 29 0.881
-6.6242 -2.1513 1.3712 40 207 40 0.837
-6.6889 3.3707 1.2809 10 231 10 0.958
4.9721 -6.8102 2.0457 24 220 24 0.903
0.7658 -2.9815 3.6756 48 200 48 0.804
0.0503 -7.2316 3.9778 26 218 26 0.892
7.1887 -4.5738 1.0260 29 216 29 0.881
7.1993 1.6273 1.0245 96 218 20 0.782
-1.0717 -4.4319 3.6073 18 225 18 0.925
6.8493 6.2793 1.2616 18 225 18 0.925
4.7230 7.0513 2.0846 13 229 13 0.947
4.2131 -1.8492 2.3343 38 209 38 0.848
3.6911 -5.0736 2.6196 24 220 24 0.903
-6.5345 4.3043 1.4281 32 214 32 0.870
4.8150 -4.3677 1.9876 35 211 35 0.859
1.8844 -2.0426 3.3330 13 229 13 0.947
2.4938 -4.9962 3.0481 38 209 38 0.848
-7.9523 -1.1939 0.8539 38 209 38 0.848
-0.6413 0.7018 3.8110 18 225 18 0.925
7.6161 3.1464 0.8804 38 209 38 0.848
3.4996 -3.4071 2.4908 26 218 26 0.892
4.2360 2.3098 2.3640 96 218 20 0.782
0.6140 6.9622 3.7553 40 207 40 0.837
-5.2061 6.2942 1.9416 18 225 18 0.925
4.6175 -1.2520 2.1732 46 202 46 0.815
4.1151 -3.3326 2.3828 24 220 24 0.903
-6.9494 5.8838 1.2457 32 214 32 0.870
-4.5983 -1.3432 2.0923 24 220 24 0.903
6.4414 -6.4296 1.4017 24 220 24 0.903
-2.1140 -5.7399 3.1374 29 216 29 0.881
-2.7050 1.8867 2.8343 43 205 43 0.826
-1.1987 -7.6043 3.5004 35 211 35 0.859
0.0716 -0.8573 3.9382 26 218 26 0.892
-6.9262 -5.6896 1.3036 43 205 43 0.826
3.7447 4.2928 2.5019 24 220 24 0.903
5.2089 5.1774 1.9223 24 220 24 0.903
-3.2684 4.8710 2.6763 35 211 35 0.859
5.5471 -2.4878 1.8384 40 207 40 0.837
6.5047 7.3127 1.3956 32 214 32 0.870
-6.7536 7.2386 1.2478 13 229 13 0.947
6.5061 1.1950 1.3655 21 222 21 0.914
4.2180 6.9038 2.3641 13 229 13 0.947
-6.3013 -5.6059 1.4684 92 219 20 0.793
-1.8016 -4.2898 3.3357 96 218 20 0.782
-3.7699 3.6116 2.4042 32 214 32 0.870
-6.9082 -3.6549 1.2174 35 211 35 0.859
2.0758 -1.0089 3.1464 24 220 24 0.903
5.4444 -6.6946 1.8187 4 236 4 0.980
2.0145 6.9779 3.1428 4 236 4 0.980
-4.7662 5.2316 2.0417 35 211 35 0.859
-6.6128 -5.3859 1.3230 38 209 38 0.848
2.5278 -4.5181 2.9810 40 207 40 0.837
-7.0621 5.2822 1.1798 35 211 35 0.859
6.0412 -7.6314 1.6208 35 211 35 0.859
-2.0270 6.2714 3.1344 26 218 26 0.892
-7.1149 3.4764 1.1334 26 218 26 0.892
5.9127 -3.5953 1.6342 24 220 24 0.903
-0.4728 6.7419 3.8653 26 218 26 0.892
-0.2991 -7.0769 3.8890 43 205 43 0.826
-5.3007 5.9942 1.8096 16 227 16 0.936
2.6912 5.6526 2.8930 32 214 32 0.870
-5.6627 1.3296 1.6681 29 216 29 0.881
5.4981 2.0976 1.8009 16 227 16 0.936
-5.6973 1.3169 1.7164 24 220 24 0.903
1.4788 -0.0365 3.4370 32 214 32 0.870
-5.6389 -5.8122 1.7768 109 214 20 0.749
6.0836 -4.1684 1.5966 40 207 40 0.837
-2.1228 -2.9637 3.1492 24 220 24 0.903
-0.8349 6.1455 3.7197 43 205 43 0.826
3.4976 4.4517 2.5598 38 209 38 0.848
-3.1011 -4.1105 2.7895 43 205 43 0.826
3.3273 1.2666 2.6449 29 216 29 0.881
0.8902 -1.0977 3.6552 26 218 26 0.892
-5.7036 -2.2281 1.7365 26 218 26 0.892
4.6429 5.6476 2.0579 4 236 4 0.980
-6.5819 3.9910 1.3863 46 202 46 0.815
-6.8863 6.9733 1.2290 18 225 18 0.925
4.4591 7.1943 2.1603 29 216 29 0.881
0.8612 7.9163 3.6830 96 218 20 0.782
7.4408 -1.3428 1.0584 29 216 29 0.881
-7.7016 -4.6282 0.9755 10 231 10 0.958
2.8828 1.5415 2.8385 40 207 40 0.837
0.0300 7.4633 4.0508 46 202 46 0.815
3.6930 -1.0114 2.5094 40 207 40 0.837
0.0586 0.2294 3.9380 26 218 26 0.892
-6.2212 6.2492 1.4839 16 227 16 0.936
-6.9555 -4.0415 1.2198 35 211 35 0.859
-3.1535 -4.8329 2.7766 46 202 46 0.815
-0.7666 -7.1271 3.6130 43 205 43 0.826
-7.0972 -4.1760 1.1936 24 220 24 0.903
-2.1488 1.3039 3.0656 29 216 29 0.881
-7.5911 7.5022 0.8943 29 216 29 0.881
7.0819 -1.3367 1.1054 46 202 46 0.815
6.7521 -5.6016 1.2587 10 231 10 0.958
-2.7673 -4.2059 2.9530 48 200 48 0.804
6.3206 -1.1336 1.4674 29 216 29 0.881
5.6536 2.1455 1.7151 4 236 4 0.980
6.9879 2.9116 1.1612 40 207 40 0.837
7.3730 -3.8463 1.0853 16 227 16 0.936
2.7081 4.7183 2.9752 35 211 35 0.859
-6.7148 0.3162 1.2145 29 216 29 0.881
-0.3429 -5.3587 3.7960 32 214 32 0.870
-7.5178 2.5878 0.9684 40 207 40 0.837
-4.5998 7.0618 2.1235 43 205 43 0.826
-4.0719 -0.8233 2.4054 4 236 4 0.980
2.8767 3.0295 2.9300 29 216 29 0.881
1.5050 6.5097 3.4122 32 214 32 0.870
-3.2937 -1.8926 2.6664 29 216 29 0.881
-0.0332 -0.4305 3.9456 38 209 38 0.848
5.1602 -6.1965 2.0148 10 231 10 0.958
7.7946 1.7332 0.9348 40 207 40 0.837
-5.5865 -0.1556 1.7329 38 209 38 0.848
5.6192 -6.1870 1.7820 21 222 21 0.914
1.5393 7.5889 3.3366 38 209 38 0.848
-1.6254 5.9752 3.3650 38 209 38 0.848
7.5652 2.5220 1.0251 40 207 40 0.837
0.7972 -5.1278 3.6714 92 219 20 0.793
5.5691 0.5869 1.8452 29 216 29 0.881
0.3604 5.3636 3.8334 4 236 4 0.980
6.3829 2.4943 1.4868 24 220 24 0.903
-1.1018 -4.1404 3.5435 32 214 32 0.870
-0.2791 0.2335 3.8729 35 211 35 0.859
-1.8555 2.6235 3.2476 100 217 20 0.771
-2.5818 3.5139 2.9158 32 214 32 0.870
2.6383 -7.6435 2.9367 35 211 35 0.859
-0.1821 -6.5153 3.9542 16 227 16 0.936
3.6062 4.2345 2.4488 46 202 46 0.815
2.3214 -0.4158 3.0643 48 200 48 0.804
-0.8244 -4.0395 3.6469 43 205 43 0.826
2.9994 7.9687 2.8130 48 200 48 0.804
-7.4299 3.6597 1.1179 38 209 38 0.848
3.0935 2.6838 2.7464 100 217 20 0.771
-3.1346 -3.4332 2.7031 16 227 16 0.936
-4.7115 1.6656 2.1294 26 218 26 0.892
-5.7427 -5.0343 1.7669 21 222 21 0.914
0.5185 -1.5509 3.8464 18 225 18 0.925
-2.2061 -3.5318 3.1389 18 225 18 0.925
-6.6708 4.9564 1.2547 40 207 40 0.837
4.5999 -7.0972 2.2175 32 214 32 0.870
-1.2779 2.9596 3.3723 46 202 46 0.815
2.0004 1.0990 3.1290 48 200 48 0.804
7.7964 3.2393 0.9289 100 217 20 0.771
1.6749 1.6952 3.3659 46 202 46 0.815
1.4431 -0.2451 3.3311 35 211 35 0.859
1.9780 -6.2549 3.2346 46 202 46 0.815
-0.1970 -0.4842 3.8985 32 214 32 0.870
1.5858 2.1226 3.3779 92 219 20 0.793
-6.7733 -5.4637 1.2182 24 220 24 0.903
6.5724 0.1956 1.3651 32 214 32 0.870
-5.2581 5.5277 1.8491 26 218 26 0.892
0.4593 -6.1826 3.8397 46 202 46 0.815
-2.4511 -2.8608 2.9034 32 214 32 0.870
6.8040 -6.2078 1.2946 24 220 24 0.903
-6.3666 -1.1932 1.4483 26 218 26 0.892
-7.3315 5.1449 1.0476 32 214 32 0.870
-7.4176 2.5359 1.0698 40 207 40 0.837
2.8978 7.5488 2.9470 96 218 20 0.782
-4.6950 -5.9594 2.1131 38 209 38 0.848
-1.0613 7.7682 3.6137 32 214 32 0.870
-2.2754 6.7089 3.1127 38 209 38 0.848
2.1170 -5.6065 3.1302 40 207 40 0.837
4.2065 -4.1445 2.3093 21 222 21 0.914
-4.5705 3.1652 2.2083 18 225 18 0.925
0.7370 -2.4784 3.6742 38 209 38 0.848
-2.9574 -6.0821 2.8320 32 214 32 0.870
-5.5793 -1.2085 1.8399 35 211 35 0.859
3.3983 -3.0731 2.5643 35 211 35 0.859
3.2628 4.6726 2.6623 38 209 38 0.848
5.6283 -5.9127 1.7769 13 229 13 0.947
-4.0852 -3.6607 2.2922 32 214 32 0.870
-4.1929 -7.3642 2.3481 4 236 4 0.980
1.6269 -1.2888 3.3600 26 218 26 0.892
1.9611 -5.1290 3.2344 40 207 40 0.837
5.5258 1.5976 1.7931 40 207 40 0.837
4.6516 3.4089 2.2214 40 207 40 0.837
-7.6525 -0.8229 0.9310 35 211 35 0.859
2.0877 1.9856 3.1955 21 222 21 0.914
2.1912 1.3101 3.1060 48 200 48 0.804
0.8322 -3.0003 3.7281 48 200 48 0.804
7.5939 -6.3233 0.9941 40 207 40 0.837
0.6793 2.9151 3.7287 18 225 18 0.925
-2.5664 4.0603 2.9776 48 200 48 0.804
-4.2368 4.8590 2.2551 29 216 29 0.881
4.5323 -1.5675 2.0746 96 218 20 0.782
-7.0874 -7.1921 1.1347 29 216 29 0.881
-6.1574 -6.1073 1.4871 32 214 32 0.870
6.5315 5.9420 1.3811 43 205 43 0.826
-0.7873 -5.4742 3.7054 43 205 43 0.826
1.2009 -5.1604 3.5433 48 200 48 0.804
-4.0766 -0.9349 2.4382 7 233 7 0.969
7.2198 -0.9587 1.0683 96 218 20 0.782
3.6812 3.0020 2.5281 29 216 29 0.881
-7.7456 -3.0975 0.9438 38 209 38 0.848
-1.6958 -3.2798 3.3126 24 220 24 0.903
-6.0923 2.5811 1.5372 4 236 4 0.980
-1.7914 1.6883 3.3029 38 209 38 0.848
2.4626 6.6496 2.9930 16 227 16 0.936
3.6999 -0.1908 2.6086 48 200 48 0.804
2.2012 -6.7420 3.1507 26 218 26 0.892
-7.2435 4.0988 1.0969 24 220 24 0.903
1.0965 7.0295 3.5330 38 209 38 0.848
0.2055 6.2025 3.9108 7 233 7 0.969
-4.5499 -2.2893 2.0958 48 200 48 0.804
7.4707 -5.0043 1.0476 16 227 16 0.936
2.8914 -0.2477 2.8822 46 202 46 0.815
-0.2948 -5.9611 3.8610 35 211 35 0.859
-5.8998 5.6282 1.6918 92 219 20 0.793
4.4750 0.3421 2.1573 26 218 26 0.892
-6.9893 -3.0350 1.0806 43 205 43 0.826
1.3137 -4.5560 3.3809 48 200 48 0.804
2.1390 2.0544 3.0992 24 220 24 0.903
7.4660 -0.4115 0.9694 43 205 43 0.826
1.6026 -0.3641 3.3541 46 202 46 0.815
-6.2152 -7.7124 1.5282 38 209 38 0.848
6.4318 -7.5371 1.3690 10 231 10 0.958
1.0932 4.3721 3.4916 18 225 18 0.925
3.8264 -0.2474 2.5003 24 220 24 0.903
-4.6225 3.2320 2.1354 18 225 18 0.925
2.3489 5.7987 3.0808 38 209 38 0.848
-4.6631 2.4420 2.1680 38 209 38 0.848
-3.4113 -0.7980 2.5405 38 209 38 0.848
5.4574 -1.3549 1.7783 35 211 35 0.859
-5.0936 -4.4988 1.8915 4 236 4 0.980
5.7463 -7.8335 1.7314 40 207 40 0.837
-2.5740 4.8724 2.9606 38 209 38 0.848
-1.2670 7.7238 3.4995 21 222 21 0.914
4.3210 -5.6074 2.2594 35 211 35 0.859
-3.7444 -0.2128 2.4834 18 225 18 0.925
-7.5460 3.8317 0.9833 29 216 29 0.881
3.3735 -0.3850 2.5057 43 205 43 0.826
-6.5881 0.3231 1.4338 21 222 21 0.914
6.7451 -0.4503 1.2356 40 207 40 0.837
-2.6122 -1.3361 2.9657 40 207 40 0.837
-5.9205 1.1554 1.6906 18 225 18 0.925
-0.4957 -5.1242 3.8250 32 214 32 0.870
5.9317 -5.4263 1.6429 38 209 38 0.848
-5.4435 -4.7019 1.6913 16 227 16 0.936
-6.6999 -0.3404 1.2671 46 202 46 0.815
-5.5418 1.6016 1.7828 26 218 26 0.892
7.7125 0.1585 0.9109 92 219 20 0.793
-1.6437 -2.0314 3.3808 46 202 46 0.815
5.4013 1.0913 1.7433 35 211 35 0.859
2.0874 -3.9487 3.1806 32 214 32 0.870
2.5883 5.5940 2.9876 38 209 38 0.848
5.3296 4.0084 1.8793 35 211 35 0.859
4.3966 7.0416 2.2599 13 229 13 0.947
-7.8772 -2.2932 0.8993 46 202 46 0.815
4.8220 6.9609 2.1003 21 222 21 0.914
4.0719 -7.3674 2.2862 38 209 38 0.848
3.9618 -6.0332 2.3373 24 220 24 0.903
-4.1649 1.5234 2.3660 7 233 7 0.969
6.8250 2.4707 1.1933 32 214 32 0.870
-3.0560 -4.8410 2.7553 48 200 48 0.804
4.6475 -0.7979 2.0491 24 220 24 0.903
4.8665 5.6084 2.1084 4 236 4 0.980
-2.1742 -6.6761 3.1581 35 211 35 0.859
-2.1963 -3.8588 3.0826 32 214 32 0.870
3.3207 -6.2912 2.6660 16 227 16 0.936
-6.3360 6.2035 1.4578 13 229 13 0.947
2.5403 -2.5617 2.9147 26 218 26 0.892
-5.0025 -5.1729 1.9576 24 220 24 0.903
-6.8442 -2.4437 1.2498 40 207 40 0.837
-6.3980 -3.0275 1.5101 24 220 24 0.903
-0.6147 2.8357 3.6899 18 225 18 0.925
-0.5020 -7.8925 3.7763 109 214 20 0.749
-5.6072 6.2760 1.7584 13 229 13 0.947
-7.5913 -6.0581 0.9884 18 225 18 0.925
-4.1330 -4.2544 2.3893 13 229 13 0.947
-0.0097 4.0025 4.0285 18 225 18 0.925
-5.8745 -2.3630 1.6240 29 216 29 0.881
-2.1052 -0.5814 3.1547 26 218 26 0.892
-3.9736 -5.6596 2.4622 21 222 21 0.914
-2.3720 -2.4254 3.0567 24 220 24 0.903
-6.7162 1.8900 1.3543 96 218 20 0.782
0.9665 7.2299 3.6141 38 209 38 0.848
-3.7045 2.9952 2.5274 38 209 38 0.848
-5.7249 7.1245 1.7563 43 205 43 0.826
-3.2980 0.6802 2.6754 29 216 29 0.881
-4.0776 3.2336 2.2907 32 214 32 0.870
6.0106 -1.0921 1.5955 18 225 18 0.925
-5.6975 0.7443 1.7144 24 220 24 0.903
0.4344 -0.9312 3.8180 16 227 16 0.936
4.7025 5.1826 2.0489 21 222 21 0.914
7.4564 0.9889 1.0474 40 207 40 0.837
-5.7209 -2.8425 1.7614 32 214 32 0.870
-6.7577 1.8487 1.3419 100 217 20 0.771
4.9521 -6.8146 1.9814 24 220 24 0.903
6.9210 5.2319 1.2254 7 233 7 0.969
-7.2977 4.4915 1.0403 43 205 43 0.826
7.6677 -4.7284 1.0363 35 211 35 0.859
-7.9338 -1.5262 0.9484 26 218 26 0.892
-3.2443 5.7272 2.6375 26 218 26 0.892
-5.1632 0.9291 1.9114 43 205 43 0.826
-7.9821 -1.1306 0.8742 92 219 20 0.793
-4.9210 -1.5989 2.0800 29 216 29 0.881
-6.9817 -1.4877 1.1632 40 207 40 0.837
-0.7557 0.8805 3.6667 32 214 32 0.870
5.0496 -2.1503 1.9318 40 207 40 0.837
1.7751 -0.1254 3.2938 38 209 38 0.848
0.2977 -6.4154 3.8894 40 207 40 0.837
-2.6463 -0.2025 2.8387 35 211 35 0.859
0.8970 1.3609 3.6844 40 207 40 0.837
-4.7772 -1.1602 2.0449 35 211 35 0.859
2.4542 6.9723 3.0823 29 216 29 0.881
2.7045 -0.3352 2.8930 29 216 29 0.881
-3.4987 -3.9826 2.6296 16 227 16 0.936
0.1074 3.9037 4.0333 35 211 35 0.859
3.0954 -0.2405 2.7513 46 202 46 0.815
-7.7087 4.2425 0.9527 13 229 13 0.947
-4.2961 -2.2098 2.2534 16 227 16 0.936
4.4651 -5.0072 2.2584 43 205 43 0.826
-2.5717 3.5310 2.9653 32 214 32 0.870
-1.3748 -1.9622 3.5363 92 219 20 0.793
-7.3206 -4.2783 1.1530 35 211 35 0.859
-3.1511 6.0355 2.8144 7 233 7 0.969
-0.1656 3.0131 3.9485 43 205 43 0.826
-3.0549 4.1979 2.7426 40 207 40 0.837
-4.4142 5.8556 2.2339 21 222 21 0.914
0.4165 5.6043 3.8408 26 218 26 0.892
-5.9833 -6.1020 1.6710 40 207 40 0.837
-7.8660 0.8413 0.8465 48 200 48 0.804
-1.7713 4.3049 3.3349 29 216 29 0.881
-3.7850 1.1069 2.5292 18 225 18 0.925
-0.9404 0.2773 3.6407 18 225 18 0.925
-0.1008 -0.2117 4.0295 40 207 40 0.837
6.7481 7.8878 1.2727 96 218 20 0.782
4.8415 0.9767 2.0860 26 218 26 0.892
3.3399 -6.1227 2.6970 21 222 21 0.914
-6.4830 -4.4257 1.3662 35 211 35 0.859
-5.2251 0.6608 1.9499 21 222 21 0.914
6.0254 -1.4186 1.6090 7 233 7 0.969
-7.9269 4.3307 0.8138 38 209 38 0.848
-0.4767 4.8248 3.8204 18 225 18 0.925
-5.0883 -2.7946 1.8813 29 216 29 0.881
-3.0867 -0.6709 2.7790 26 218 26 0.892
1.0834 6.5381 3.4366 38 209 38 0.848
-4.8743 1.9827 2.0858 32 214 32 0.870
4.8386 7.6861 2.1791 26 218 26 0.892
-2.1907 -1.5002 3.0599 43 205 43 0.826
-3.6828 -5.6973 2.4954 24 220 24 0.903
-7.6401 -0.6711 0.9370 24 220 24 0.903
3.1562 -1.3523 2.7460 24 220 24 0.903
2.5773 0.0012 3.0653 92 219 20 0.793
5.4209 -6.8346 1.8460 4 236 4 0.980
2.5782 1.9156 2.9014 10 231 10 0.958
-1.5756 -5.4734 3.4534 38 209 38 0.848
-1.9306 -6.8479 3.1240 46 202 46 0.815
7.8014 -5.3086 0.9153 21 222 21 0.914
4.4528 -2.8289 2.2772 21 222 21 0.914
-5.2396 -5.6911 1.8751 43 205 43 0.826
4.5836 1.9963 2.0669 35 211 35 0.859
1.1809 -1.5330 3.5972 4 236 4 0.980
-7.6313 -5.0961 0.9574 24 220 24 0.903
-5.5845 -6.9020 1.8040 32 214 32 0.870
2.6919 4.4411 2.8993 43 205 43 0.826
-5.8137 7.0278 1.6929 43 205 43 0.826
0.3285 -3.2788 3.9339 43 205 43 0.826
4.8403 -3.4857 2.0317 40 207 40 0.837
-3.7613 1.9388 2.4926 46 202 46 0.815
5.0280 -2.6617 2.0700 35 211 35 0.859
-2.6902 -5.2420 2.8943 46 202 46 0.815
2.3187 3.3516 3.0063 24 220 24 0.903
-5.0138 1.0585 1.9683 43 205 43 0.826
1.1467 5.4528 3.4976 24 220 24 0.903
-1.8747 -0.6432 3.2458 26 218 26 0.892
1.6451 -0.0447 3.3313 29 216 29 0.881
5.4371 1.7605 1.8262 32 214 32 0.870
4.8597 6.8152 2.0960 26 218 26 0.892
-4.5914 1.8240 2.1435 26 218 26 0.892
-0.3449 -5.4597 3.9110 35 211 35 0.859
6.2198 1.9696 1.5568 32 214 32 0.870
6.5917 3.7510 1.4169 24 220 24 0.903
-1.4905 4.0528 3.3826 35 211 35 0.859
-1.5708 6.2603 3.2809 38 209 38 0.848
-5.7404 -0.6663 1.6840 40 207 40 0.837
-3.2277 -7.9242 2.7019 32 214 32 0.870
6.6014 -4.0613 1.4070 92 219 20 0.793
2.9430 -1.4013 2.7526 21 222 21 0.914
0.6205 1.7136 3.8186 48 200 48 0.804
-1.0033 2.5683 3.5993 26 218 26 0.892
7.6270 -4.9745 0.9417 10 231 10 0.958
-3.9796 -3.7792 2.4571 24 220 24 0.903
-5.1492 6.3215 1.8242 35 211 35 0.859
-6.9058 -1.7027 1.1882 46 202 46 0.815
6.3369 -6.1349 1.4785 21 222 21 0.914
2.5912 0.6284 2.9143 40 207 40 0.837
6.3126 6.7143 1.4190 32 214 32 0.870
0.6920 4.6979 3.6489 96 218 20 0.782
-2.9898 -0.8534 2.7918 24 220 24 0.903
-7.1154 -7.0572 1.1806 26 218 26 0.892
7.5949 6.9922 0.9541 18 225 18 0.925
-4.3395 -5.3852 2.2526 18 225 18 0.925
-6.4893 -6.2433 1.3368 26 218 26 0.892
5.3801 -4.1871 1.8509 26 218 26 0.892
-6.4013 -2.7559 1.4591 13 229 13 0.947
-0.3910 4.9847 3.7949 26 218 26 0.892
3.4564 -0.8732 2.5579 35 211 35 0.859
-3.4052 -6.6971 2.6658 40 207 40 0.837
2.9257 -1.4597 2.7925 24 220 24 0.903
3.7885 -4.4333 2.5525 26 218 26 0.892
-5.9221 0.8100 1.5784 16 227 16 0.936
2.1634 7.4457 3.1001 32 214 32 0.870
-3.4732 -3.7228 2.5512 4 236 4 0.980
-3.5022 3.4416 2.4939 32 214 32 0.870
-2.7727 1.6255 2.9268 18 225 18 0.925
2.6415 2.0241 2.8876 10 231 10 0.958
6.9233 0.0732 1.1422 16 227 16 0.936
1.0498 -1.4927 3.5465 4 236 4 0.980
-6.0451 1.2016 1.6227 35 211 35 0.859
7.5054 -1.7722 0.9951 29 216 29 0.881
-2.4106 6.4324 3.0151 35 211 35 0.859
-1.3050 5.1083 3.5443 105 215 20 0.760
-6.7695 -0.4336 1.2380 46 202 46 0.815
-5.8607 7.3452 1.6909 40 207 40 0.837
3.8377 2.4097 2.5173 43 205 43 0.826
4.8774 4.8892 2.0342 43 205 43 0.826
-5.4334 -1.0140 1.8150 32 214 32 0.870
5.9413 2.8436 1.6223 26 218 26 0.892
-7.7184 -1.5595 0.9274 13 229 13 0.947
2.1657 6.9850 3.0910 4 236 4 0.980
-0.3567 -1.6710 3.7912 24 220 24 0.903
-6.7742 -3.0831 1.2771 38 209 38 0.848
-2.7653 -2.0890 2.8973 35 211 35 0.859
3.7296 5.2987 2.5275 24 220 24 0.903
5.0506 -2.0456 1.9097 40 207 40 0.837
-2.1933 1.5586 3.1913 32 214 32 0.870
-2.9872 5.2548 2.7902 32 214 32 0.870
7.6962 -2.0095 0.8902 48 200 48 0.804
2.6518 -0.6128 2.9673 35 211 35 0.859
0.8719 4.8097 3.6676 96 218 20 0.782
6.9848 -0.8240 1.2769 92 219 20 0.793
3.1317 1.4187 2.8233 24 220 24 0.903
-1.4646 7.9652 3.4379 40 207 40 0.837
0.5547 -0.7942 3.7565 29 216 29 0.881
4.5127 2.2095 2.1732 29 216 29 0.881
-5.6627 -6.8550 1.8174 35 211 35 0.859
-5.8426 4.5869 1.7696 38 209 38 0.848
-4.8065 4.7792 2.0597 32 214 32 0.870
2.9178 -4.3499 2.8009 26 218 26 0.892
-1.2330 1.5100 3.5215 38 209 38 0.848
4.3913 -7.3644 2.2529 43 205 43 0.826
1.9561 -3.6297 3.2669 46 202 46 0.815
-1.1518 -7.5480 3.5913 32 214 32 0.870
-7.1824 -3.5655 1.1655 32 214 32 0.870
1.4947 -0.2387 3.4318 29 216 29 0.881
6.5176 5.8213 1.4574 29 216 29 0.881
-6.4119 5.4860 1.4234 32 214 32 0.870
-5.8083 -7.8817 1.6442 40 207 40 0.837
6.7246 -1.0462 1.2592 38 209 38 0.848
3.0983 2.8474 2.6985 43 205 43 0.826
-3.1818 -0.8294 2.7465 24 220 24 0.903
1.1425 1.4406 3.5427 43 205 43 0.826
0.3007 -7.2976 3.8878 21 222 21 0.914
5.2902 -0.3401 1.8246 26 218 26 0.892
4.3823 -0.6218 2.2930 26 218 26 0.892
5.5371 7.1600 1.7647 35 211 35 0.859
2.7491 6.8092 2.8810 29 216 29 0.881
4.2681 -7.7694 2.3197 100 217 20 0.771
-3.3989 0.7799 2.6169 21 222 21 0.914
-7.5339 3.1419 0.9995 40 207 40 0.837
4.5257 3.6516 2.1354 26 218 26 0.892
6.7712 -4.9631 1.2739 7 233 7 0.969
-2.6923 -0.4465 2.9006 40 207 40 0.837
4.9970 -2.3291 1.9949 29 216 29 0.881
-1.4482 -6.6513 3.3191 96 218 20 0.782
-3.6353 -4.0708 2.5229 16 227 16 0.936
-7.0385 6.6358 1.1724 38 209 38 0.848
-3.2849 5.9434 2.6952 4 236 4 0.980
4.2444 4.9749 2.3424 32 214 32 0.870
7.0773 6.4144 1.2075 18 225 18 0.925
4.8677 -6.4377 2.0023 38 209 38 0.848
3.0631 0.0494 2.7588 100 217 20 0.771
7.3155 -7.5559 1.1224 24 220 24 0.903
-3.3032 -3.0187 2.6512 38 209 38 0.848
7.4991 0.4366 0.9636 29 216 29 0.881
-3.8580 -4.4073 2.5286 4 236 4 0.980
1.4921 7.1221 3.4465 24 220 24 0.903
1.4706 5.5293 3.4024 32 214 32 0.870
-0.5819 -6.3303 3.7799 43 205 43 0.826
-0.1057 -0.6518 4.0532 46 202 46 0.815
2.7836 4.8425 2.9118 29 216 29 0.881
7.6744 0.8182 0.9432 43 205 43 0.826
5.3893 -4.4688 1.8648 24 220 24 0.903
-0.6707 2.2572 3.7642 29 216 29 0.881
-5.3173 0.8870 1.9262 40 207 40 0.837
-1.1219 2.9411 3.5060 10 231 10 0.958
3.0015 -5.2967 2.7507 46 202 46 0.815
-0.2964 3.3513 3.8295 32 214 32 0.870
-7.4914 4.8817 0.9366 40 207 40 0.837
1.0290 5.1525 3.5568 40 207 40 0.837
5.8336 -4.3128 1.7360 26 218 26 0.892
5.8437 -0.5557 1.7109 7 233 7 0.969
7.3089 4.3409 1.0994 48 200 48 0.804
-1.4293 -7.7494 3.4514 43 205 43 0.826
-7.4086 3.5651 1.0460 32 214 32 0.870
5.4534 -1.2981 1.8208 26 218 26 0.892
-4.5008 7.0253 2.2038 46 202 46 0.815
2.4622 5.7292 2.9556 40 207 40 0.837
1.2637 -2.7230 3.5196 18 225 18 0.925
-5.6204 -7.0223 1.7372 24 220 24 0.903
0.4087 5.1130 3.8597 4 236 4 0.980
-7.0037 6.8039 1.1851 32 214 32 0.870
-7.3543 -0.7421 1.0081 16 227 16 0.936
3.1825 2.6124 2.6820 96 218 20 0.782
6.3153 1.5719 1.4572 35 211 35 0.859
1.8866 7.7226 3.2958 29 216 29 0.881
-0.1072 5.5191 3.9434 35 211 35 0.859
-7.1122 1.1301 1.1048 24 220 24 0.903
-4.0823 -4.8225 2.3429 18 225 18 0.925
-3.9332 -0.1525 2.4267 4 236 4 0.980
7.8346 -4.9043 0.9013 40 207 40 0.837
-3.0242 4.9374 2.7627 40 207 40 0.837
-4.3779 -2.2589 2.2539 29 216 29 0.881
-4.4305 -3.4761 2.2664 46 202 46 0.815
-2.3550 -0.3872 3.0530 32 214 32 0.870
0.9597 -1.9929 3.6088 16 227 16 0.936
4.7284 3.5564 2.0170 24 220 24 0.903
7.1265 -2.5478 1.0194 40 207 40 0.837
7.8944 -7.1418 0.8326 96 218 20 0.782
-1.3909 3.6742 3.5308 46 202 46 0.815
-7.4261 -6.9265 1.0377 4 236 4 0.980
-1.3175 2.3535 3.5718 35 211 35 0.859
2.9728 -6.7264 2.8496 16 227 16 0.936
-4.7080 -5.3727 2.2180 21 222 21 0.914
7.1062 0.4847 1.1709 21 222 21 0.914
-2.2403 6.3434 3.1061 24 220 24 0.903
5.2671 -0.3023 1.9090 21 222 21 0.914
-0.6687 2.8917 3.7998 16 227 16 0.936
3.1159 7.8433 2.7751 46 202 46 0.815
3.0603 -0.6890 2.7633 24 220 24 0.903
3.5343 -3.8046 2.5777 35 211 35 0.859
-0.6063 -0.5940 3.7838 43 205 43 0.826
-4.4072 -2.9969 2.2254 18 225 18 0.925
-6.2932 7.2560 1.5266 46 202 46 0.815
-7.5074 -3.9501 1.0431 13 229 13 0.947
5.0621 -7.6034 1.8855 29 216 29 0.881
-4.5846 -0.7021 2.0661 35 211 35 0.859
0.8838 -3.2508 3.7078 92 219 20 0.793
-7.8178 -5.2691 0.8898 46 202 46 0.815
1.6263 5.9725 3.2653 40 207 40 0.837
4.1367 6.5930 2.3930 16 227 16 0.936
-6.3870 -3.2707 1.5000 16 227 16 0.936
1.8186 4.5049 3.2632 24 220 24 0.903
0.7638 -0.7093 3.7248 18 225 18 0.925
-2.5701 3.7558 2.9459 35 211 35 0.859
5.7021 5.0985 1.7132 4 236 4 0.980
3.3181 -6.6056 2.7238 24 220 24 0.903
0.0223 6.0967 3.9552 29 216 29 0.881
-1.7975 6.6527 3.2245 40 207 40 0.837
6.6736 -3.4115 1.3930 40 207 40 0.837
7.3775 -3.2156 1.0518 43 205 43 0.826
2.1390 -3.0458 3.1851 21 222 21 0.914
-7.1912 -0.3014 1.1480 38 209 38 0.848
-1.9119 -1.7608 3.2556 46 202 46 0.815
-6.4856 0.1057 1.3824 32 214 32 0.870
-5.0286 2.9895 2.0051 29 216 29 0.881
-4.0945 -0.6947 2.3768 10 231 10 0.958
-3.2572 5.9569 2.6704 4 236 4 0.980
6.9420 2.6681 1.2321 21 222 21 0.914
0.2987 2.0083 3.8328 35 211 35 0.859
-3.6837 -0.4330 2.4685 29 216 29 0.881
3.6980 5.1262 2.5704 26 218 26 0.892
-1.9922 7.3955 3.1019 46 202 46 0.815
1.7566 -1.7839 3.2420 16 227 16 0.936
3.9246 -6.4662 2.4188 35 211 35 0.859
-2.8343 -3.3779 2.8598 13 229 13 0.947
-7.4290 7.2464 1.0480 35 211 35 0.859
-5.2996 -1.3684 1.8492 24 220 24 0.903
-6.6072 -2.7073 1.3995 38 209 38 0.848
0.3814 3.7088 3.8128 38 209 38 0.848
-2.4766 4.4319 2.9959 24 220 24 0.903
5.2887 -2.5924 1.8335 46 202 46 0.815
-0.6181 -0.1062 3.7244 35 211 35 0.859
-0.2552 0.8084 3.8841 105 215 20 0.760
3.5468 5.3286 2.5552 7 233 7 0.969
-7.6540 3.0376 0.9484 29 216 29 0.881
2.0751 -3.0474 3.1992 18 225 18 0.925
-2.3273 7.4608 3.1045 21 222 21 0.914
-3.5020 -7.8052 2.6035 46 202 46 0.815
-0.2078 4.6654 3.8991 32 214 32 0.870
2.0402 -2.7060 3.1996 26 218 26 0.892
3.9224 -3.3712 2.3731 13 229 13 0.947
-6.5303 0.1158 1.3561 29 216 29 0.881
-2.8148 -2.4439 2.9276 40 207 40 0.837
-3.5154 -0.7903 2.6248 43 205 43 0.826
-4.7060 5.9794 2.1606 32 214 32 0.870
4.1040 -3.8639 2.3885 35 211 35 0.859
4.9142 -4.7472 2.0459 46 202 46 0.815
-4.6531 -0.3617 2.1618 96 218 20 0.782
-4.3705 -1.2205 2.3280 32 214 32 0.870
5.0962 1.4342 1.9425 40 207 40 0.837
-0.3476 2.1033 3.8180 32 214 32 0.870
1.8271 1.2904 3.3397 43 205 43 0.826
-7.6655 -2.6971 0.9864 32 214 32 0.870
-7.5161 0.2107 0.9814 46 202 46 0.815
-3.1073 3.2125 2.7342 24 220 24 0.903
3.0404 3.5321 2.8363 18 225 18 0.925
5.5772 -7.5676 1.7896 21 222 21 0.914
-7.4367 -7.3796 1.0219 29 216 29 0.881
2.0130 -2.0046 3.1937 18 225 18 0.925
0.2723 -1.4792 3.8909 16 227 16 0.936
7.2564 -3.6828 1.1457 32 214 32 0.870
-7.8341 -5.7177 0.8785 100 217 20 0.771
-7.1161 0.8674 1.1892 29 216 29 0.881
-5.9600 -5.7175 1.5992 43 205 43 0.826
3.9932 -0.8553 2.4238 35 211 35 0.859
1.6099 4.2031 3.3457 21 222 21 0.914
-0.7205 6.4893 3.7525 4 236 4 0.980
-5.1285 3.4059 1.9027 46 202 46 0.815
2.4332 -2.1050 2.9226 48 200 48 0.804
-6.8080 6.3855 1.2634 26 218 26 0.892
7.8829 7.3030 0.8646 35 211 35 0.859
7.4759 3.8132 0.9684 43 205 43 0.826
-7.0847 -5.3516 1.1195 24 220 24 0.903
-2.9771 7.5031 2.7737 26 218 26 0.892
-0.0258 2.3561 3.9719 32 214 32 0.870
1.7300 6.8078 3.2656 24 220 24 0.903
-1.7188 -2.6089 3.4066 43 205 43 0.826
-0.5506 -2.0059 3.7951 43 205 43 0.826
-0.4316 5.6341 3.7491 40 207 40 0.837
3.1646 -1.5461 2.6760 7 233 7 0.969
-0.0476 -1.6625 4.0432 38 209 38 0.848
-2.4903 0.4544 2.9444 26 218 26 0.892
-6.1722 -7.7603 1.5894 38 209 38 0.848
-4.5754 -1.7103 2.1930 43 205 43 0.826
-3.3881 -5.3081 2.5782 32 214 32 0.870
-6.7802 7.6649 1.2277 29 216 29 0.881
-4.7020 7.3758 2.0761 46 202 46 0.815
-5.1240 -0.8236 2.0373 43 205 43 0.826
-2.4245 5.3713 2.9851 26 218 26 0.892
6.4568 0.7708 1.4257 35 211 35 0.859
6.0499 -7.7948 1.6222 29 216 29 0.881
0.7062 3.9194 3.6542 43 205 43 0.826
-3.9669 4.0675 2.4410 29 216 29 0.881
3.3976 4.8252 2.6759 26 218 26 0.892
4.7687 2.7504 2.0970 16 227 16 0.936
-5.3348 6.2874 1.9298 26 218 26 0.892
2.6041 7.9184 3.0095 105 215 20 0.760
0.6064 -4.9517 3.7680 43 205 43 0.826
-1.9260 1.2500 3.2478 35 211 35 0.859
1.2840 -7.4857 3.4352 35 211 35 0.859
0.5484 -4.4579 3.7506 46 202 46 0.815
2.3023 0.4204 3.0690 16 227 16 0.936
-3.3727 -1.1151 2.6094 35 211 35 0.859
3.4869 3.1433 2.6728 21 222 21 0.914
4.7648 0.4665 2.1677 38 209 38 0.848
-1.8757 6.9911 3.2588 46 202 46 0.815
6.9844 -3.4374 1.2058 32 214 32 0.870
-1.8505 4.0769 3.2291 40 207 40 0.837
3.5498 -0.4892 2.4930 35 211 35 0.859
-5.2772 -0.9688 1.9100 40 207 40 0.837
-2.0443 6.5502 3.2510 24 220 24 0.903
1.3906 -3.5655 3.3447 38 209 38 0.848
-6.3126 -3.8588 1.4700 113 213 20 0.738
-4.0996 -0.9475 2.3001 10 231 10 0.958
-4.0442 -1.1137 2.4178 7 233 7 0.969
2.9345 -6.8034 2.8324 35 211 35 0.859
2.7993 2.7849 2.9214 96 218 20 0.782
1.1016 7.8259 3.5937 92 219 20 0.793
0.4509 -3.7069 3.8494 21 222 21 0.914
1.6457 3.8598 3.4247 32 214 32 0.870
-3.4281 0.1141 2.7061 10 231 10 0.958
3.9933 6.6393 2.4060 29 216 29 0.881
6.7245 -5.7056 1.2638 7 233 7 0.969
3.2979 4.2380 2.6912 92 219 20 0.793
2.1446 1.7724 3.1715 21 222 21 0.914
-0.1862 7.3162 3.9907 29 216 29 0.881
5.5438 7.5909 1.7354 21 222 21 0.914
7.8475 -0.4866 0.8597 117 212 20 0.727
3.9819 4.4930 2.2756 4 236 4 0.980
-1.4160 -7.6462 3.3560 32 214 32 0.870
5.6193 4.8741 1.7335 26 218 26 0.892
1.1106 -7.6885 3.6730 35 211 35 0.859
-2.3240 6.4843 3.0943 38 209 38 0.848
-6.5172 3.4231 1.4020 40 207 40 0.837
3.5601 7.2595 2.6020 29 216 29 0.881
3.5024 -0.3342 2.5964 26 218 26 0.892
-4.0759 0.1481 2.3392 18 225 18 0.925
-6.9697 2.7456 1.2305 40 207 40 0.837
-7.5644 0.8682 0.9246 13 229 13 0.947
-1.8588 6.8567 3.2382 40 207 40 0.837
-4.1734 2.1525 2.2995 48 200 48 0.804
-6.6743 -4.1942 1.2965 32 214 32 0.870
7.0183 6.6828 1.2539 26 218 26 0.892
5.5608 -5.8322 1.7787 4 236 4 0.980
7.7980 -7.5381 0.8926 96 218 20 0.782
5.3511 7.6714 1.9185 26 218 26 0.892
-5.7474 -2.5682 1.6494 29 216 29 0.881
-7.0934 -4.8386 1.2121 38 209 38 0.848
7.5131 6.1121 0.9530 4 236 4 0.980
4.7095 -3.9005 2.1054 26 218 26 0.892
-5.5549 6.8189 1.7501 40 207 40 0.837
-4.3131 -0.3173 2.3305 92 219 20 0.793
-6.6318 5.2273 1.3490 21 222 21 0.914
6.6197 -5.5558 1.2912 16 227 16 0.936
5.5368 5.3014 1.7188 13 229 13 0.947
-0.1371 -1.4322 3.9836 38 209 38 0.848
6.2264 -1.2435 1.5092 26 218 26 0.892
-3.0335 0.5208 2.7811 38 209 38 0.848
-0.7700 -7.2199 3.6259 35 211 35 0.859
6.4716 6.7654 1.3933 38 209 38 0.848
1.1977 5.6963 3.5648 40 207 40 0.837
4.7320 -2.2238 2.1273 7 233 7 0.969
1.4058 6.0529 3.4358 29 216 29 0.881
3.8715 3.7802 2.5392 96 218 20 0.782
4.9787 -2.4359 2.0032 26 218 26 0.892
3.4792 5.1059 2.6647 13 229 13 0.947
0.7412 -5.5929 3.7599 32 214 32 0.870
-3.9266 -6.0501 2.4846 43 205 43 0.826
-5.9554 -5.3365 1.6663 26 218 26 0.892
1.2551 5.2698 3.5222 24 220 24 0.903
5.6183 0.1018 1.7237 32 214 32 0.870
-0.7548 6.7291 3.7062 21 222 21 0.914
7.7060 1.0791 1.0065 35 211 35 0.859
-1.7863 -1.5098 3.2280 46 202 46 0.815
0.6524 -1.0263 3.7788 16 227 16 0.936
0.1338 6.9298 3.8988 10 231 10 0.958
7.3574 3.0064 1.0967 48 200 48 0.804
-7.4937 3.5899 1.0296 32 214 32 0.870
-4.9359 -1.9893 2.0316 32 214 32 0.870
-4.2116 0.1200 2.2644 32 214 32 0.870
7.7759 5.2600 0.8160 24 220 24 0.903
-5.2504 -4.7654 1.9669 7 233 7 0.969
-0.8748 2.1641 3.6875 16 227 16 0.936
3.7750 5.4826 2.4276 32 214 32 0.870
0.8393 2.2094 3.7419 96 218 20 0.782
-0.7641 -2.3435 3.8046 96 218 20 0.782
6.2870 -7.2425 1.4720 18 225 18 0.925
3.4709 -6.0343 2.5674 24 220 24 0.903
3.2858 0.1462 2.7332 38 209 38 0.848
3.5680 -2.9394 2.6016 16 227 16 0.936
-2.2721 3.3154 3.0935 38 209 38 0.848
-0.5081 -7.4805 3.7453 38 209 38 0.848
6.5554 7.8872 1.3645 46 202 46 0.815
5.3972 -2.8487 1.8853 40 207 40 0.837
-4.8475 6.6296 2.1446 48 200 48 0.804
4.9559 5.6725 1.9983 4 236 4 0.980
-4.3000 -7.1548 2.2415 24 220 24 0.903
-5.2298 2.9762 1.8839 35 211 35 0.859
-7.7322 -1.7115 0.9554 21 222 21 0.914
-0.4510 -1.5855 3.8220 29 216 29 0.881
0.6556 7.6576 3.6562 38 209 38 0.848
-2.0956 -1.4473 3.1215 35 211 35 0.859
-1.6556 -5.0699 3.3005 26 218 26 0.892
6.3661 -7.7320 1.3399 40 207 40 0.837
5.1941 -3.5703 1.9340 43 205 43 0.826
0.6533 5.8598 3.7756 26 218 26 0.892
2.9644 7.3452 2.7889 48 200 48 0.804
-4.9640 6.1952 2.0343 4 236 4 0.980
-1.0476 0.6269 3.5306 29 216 29 0.881
3.9798 7.8179 2.3820 109 214 20 0.749
-2.8092 7.9293 2.8014 96 218 20 0.782
5.7401 -0.3007 1.7795 35 211 35 0.859
4.5743 -3.4825 2.1250 26 218 26 0.892
-5.6291 1.3093 1.7968 40 207 40 0.837
-4.1585 1.5276 2.3704 10 231 10 0.958
6.0344 1.7892 1.6830 32 214 32 0.870
2.6535 5.4430 3.0061 40 207 40 0.837
-5.6153 -1.7577 1.7299 43 205 43 0.826
1.5099 3.4605 3.4537 43 205 43 0.826
-5.0567 -5.1072 2.0007 24 220 24 0.903
0.6661 -3.7029 3.7743 7 233 7 0.969
5.2659 -7.5124 2.0373 35 211 35 0.859
-4.3267 7.7090 2.3285 38 209 38 0.848
-7.1257 4.8369 1.1725 38 209 38 0.848
2.0796 4.0400 3.2133 35 211 35 0.859
-1.0813 1.8906 3.5695 21 222 21 0.914
0.6816 -0.7315 3.7061 32 214 32 0.870
5.3434 7.8395 1.8501 43 205 43 0.826
-2.2438 4.3843 3.1125 32 214 32 0.870
0.7787 1.3241 3.7161 92 219 20 0.793
6.7718 -0.0121 1.3286 18 225 18 0.925
1.6573 5.3993 3.3580 24 220 24 0.903
0.3206 -7.6008 3.8923 43 205 43 0.826
-1.7822 -2.5690 3.3284 43 205 43 0.826
6.6460 1.1830 1.4056 21 222 21 0.914
-4.9528 -2.8080 2.0035 26 218 26 0.892
7.0486 4.6088 1.2717 109 214 20 0.749
-2.3006 2.9335 3.0302 100 217 20 0.771
3.8457 -5.4144 2.4608 40 207 40 0.837
5.4366 -7.4060 1.7190 26 218 26 0.892
6.4427 -2.9115 1.3736 32 214 32 0.870
5.6038 -7.1864 1.7151 16 227 16 0.936
7.3685 -6.0771 1.0417 48 200 48 0.804
-2.4198 4.1108 3.0817 35 211 35 0.859
0.4540 2.1793 3.9146 38 209 38 0.848
2.0118 -1.6512 3.2650 18 225 18 0.925
-3.1002 -3.5891 2.7807 18 225 18 0.925
5.7695 7.4614 1.7256 24 220 24 0.903
-5.9161 -0.3033 1.6497 18 225 18 0.925
3.6672 4.5133 2.5291 21 222 21 0.914
0.4122 0.4833 3.7843 21 222 21 0.914
-0.4279 -1.2906 3.7899 32 214 32 0.870
-3.2068 -7.7100 2.7415 13 229 13 0.947
2.6196 -6.0125 3.0083 26 218 26 0.892
-7.1186 6.5856 1.1665 38 209 38 0.848
5.2378 -6.5871 1.8822 4 236 4 0.980
-1.2401 -5.5759 3.5415 92 219 20 0.793
-4.1309 7.0047 2.4086 40 207 40 0.837
1.5369 -5.0243 3.4274 43 205 43 0.826
-6.8695 0.0584 1.2881 96 218 20 0.782
-4.5348 4.8625 2.2062 35 211 35 0.859
-0.8419 4.8416 3.7535 92 219 20 0.793
7.3373 5.3132 1.0480 21 222 21 0.914
-4.6106 -1.8955 2.0765 40 207 40 0.837
3.3233 0.4981 2.6053 38 209 38 0.848
0.5194 0.4256 3.8836 26 218 26 0.892
6.6904 -7.4950 1.3827 18 225 18 0.925
0.6724 1.7963 3.6599 43 205 43 0.826
-7.4321 -5.8362 0.9607 16 227 16 0.936
-5.9496 3.8061 1.6463 43 205 43 0.826
-0.5495 6.8568 3.7209 32 214 32 0.870
1.3152 -3.4713 3.4586 21 222 21 0.914
2.5078 -6.2965 3.0165 4 236 4 0.980
4.4643 3.2167 2.2405 35 211 35 0.859
2.9263 1.7390 2.9118 35 211 35 0.859
-5.6140 4.2380 1.6828 26 218 26 0.892
-3.9275 -1.6725 2.4024 26 218 26 0.892
7.8122 4.7025 0.8585 26 218 26 0.892
-0.6123 -0.4183 3.7627 46 202 46 0.815
2.7529 -7.3433 2.9668 16 227 16 0.936
-6.4876 -3.1810 1.5870 24 220 24 0.903
0.9243 -3.8264 3.5667 24 220 24 0.903
-3.1798 6.5957 2.7798 26 218 26 0.892
7.6968 -7.9055 0.8606 109 214 20 0.749
1.0898 -7.5730 3.5316 38 209 38 0.848
4.1141 1.5380 2.4325 32 214 32 0.870
-7.9842 -6.4215 0.8475 96 218 20 0.782
7.3508 -4.8520 1.0181 7 233 7 0.969
0.0533 4.4039 3.8815 13 229 13 0.947
1.0522 -7.5545 3.5757 32 214 32 0.870
4.6972 5.4647 2.0704 4 236 4 0.980
0.7710 3.0740 3.6734 16 227 16 0.936
4.5570 -0.8553 2.1775 32 214 32 0.870
-0.7500 6.2486 3.5910 40 207 40 0.837
-7.2085 2.6485 1.1357 40 207 40 0.837
6.4596 3.5432 1.4792 43 205 43 0.826
-2.3470 -7.1815 2.9520 32 214 32 0.870
0.7275 3.9182 3.7388 43 205 43 0.826
-4.6731 -0.7748 2.1198 29 216 29 0.881
7.8469 1.4260 0.8413 35 211 35 0.859
-7.0407 -4.3699 1.2386 32 214 32 0.870
0.5431 -3.0687 3.7914 48 200 48 0.804
-7.7764 -4.6916 0.8278 26 218 26 0.892
6.6204 -4.1689 1.4272 46 202 46 0.815
1.4597 -5.9038 3.3328 32 214 32 0.870
0.7390 -7.4673 3.6647 43 205 43 0.826
6.9290 6.5923 1.1895 16 227 16 0.936
-4.5491 1.0105 2.2528 18 225 18 0.925
5.7537 5.7522 1.6648 38 209 38 0.848
6.7597 -1.4697 1.3058 32 214 32 0.870
-7.3812 3.0609 1.0352 40 207 40 0.837
0.7050 -6.1717 3.7337 48 200 48 0.804
3.9762 3.4107 2.3057 16 227 16 0.936
-0.4501 -4.7126 3.7876 24 220 24 0.903
-7.3839 2.4555 0.9706 29 216 29 0.881
3.6005 7.3399 2.5587 26 218 26 0.892
-6.4180 -3.0916 1.4155 18 225 18 0.925
7.3682 -1.4301 1.1312 24 220 24 0.903
-0.0233 -7.0748 3.9062 18 225 18 0.925
2.8977 -0.2979 2.7864 43 205 43 0.826
5.7418 6.7527 1.7994 18 225 18 0.925
3.1167 6.4055 2.6878 21 222 21 0.914
2.4492 6.3574 3.0590 18 225 18 0.925
-2.6504 3.4676 3.0076 29 216 29 0.881
-4.1603 -0.0483 2.3996 32 214 32 0.870
5.7537 -1.7492 1.7889 21 222 21 0.914
-5.5622 -2.9902 1.8067 35 211 35 0.859
5.2404 5.1621 1.9490 24 220 24 0.903
5.3606 4.5770 1.8795 43 205 43 0.826
5.1404 -0.0320 1.8756 29 216 29 0.881
0.7035 -6.2099 3.7475 92 219 20 0.793
0.0491 5.2480 3.9394 13 229 13 0.947
-0.2272 -4.2648 3.8472 35 211 35 0.859
-7.3836 -1.4638 1.1593 38 209 38 0.848
3.7256 -7.3705 2.5889 29 216 29 0.881
0.6595 -4.0131 3.6680 29 216 29 0.881
2.0178 6.7353 3.2551 7 233 7 0.969
6.2230 -3.2185 1.5777 32 214 32 0.870
-7.6437 6.0751 0.9736 38 209 38 0.848
-2.1306 -7.4723 3.1940 40 207 40 0.837
0.2033 -5.1180 3.9324 29 216 29 0.881
6.3336 1.4041 1.4987 46 202 46 0.815
3.1188 0.7230 2.7551 16 227 16 0.936
-7.1173 1.0834 1.1668 21 222 21 0.914
-3.8540 -7.2553 2.4831 35 211 35 0.859
-3.9944 7.5426 2.6075 40 207 40 0.837
7.7883 0.5463 0.9643 96 218 20 0.782
-0.2331 -0.0220 3.8295 29 216 29 0.881
0.2057 -6.9075 3.9300 46 202 46 0.815
-4.2799 -6.4336 2.2580 7 233 7 0.969
5.2449 -7.9749 1.8810 48 200 48 0.804
1.8999 7.0470 3.2263 4 236 4 0.980
1.1203 5.2864 3.5239 35 211 35 0.859
-4.1052 3.7075 2.3419 29 216 29 0.881
4.9832 -1.1508 2.0388 21 222 21 0.914
-3.7857 -0.6513 2.5056 29 216 29 0.881
-7.5438 -3.6415 0.9563 32 214 32 0.870
-4.0257 1.3296 2.4489 7 233 7 0.969
6.2985 -4.1621 1.4731 48 200 48 0.804
3.6325 -7.4906 2.4972 18 225 18 0.925
5.1410 -7.6336 1.8515 24 220 24 0.903
0.1631 2.6181 3.9810 21 222 21 0.914
-1.0503 -3.1333 3.4812 21 222 21 0.914
-1.8537 -4.9724 3.3056 40 207 40 0.837
3.6706 -4.5472 2.6630 21 222 21 0.914
6.3972 -6.6354 1.3871 4 236 4 0.980
1.8911 4.6761 3.2006 24 220 24 0.903
1.9274 1.8859 3.1947 24 220 24 0.903
-7.6725 5.2835 0.8752 40 207 40 0.837
-3.9810 1.5322 2.4281 4 236 4 0.980
-5.7271 -2.6635 1.7044 35 211 35 0.859
2.5065 -0.5454 3.0006 40 207 40 0.837
6.1235 -5.8730 1.6002 48 200 48 0.804
-5.5885 -2.1970 1.7898 26 218 26 0.892
-3.8766 5.8974 2.4651 24 220 24 0.903
-0.9957 -0.8927 3.6160 35 211 35 0.859
7.2460 -7.3570 1.0626 29 216 29 0.881
-4.3193 4.5644 2.3308 35 211 35 0.859
2.8670 3.6040 2.9049 40 207 40 0.837
-2.7701 1.8181 2.9646 40 207 40 0.837
-5.6115 5.9568 1.6591 13 229 13 0.947
5.3897 -3.3170 1.7913 92 219 20 0.793
-7.0892 7.5981 1.1452 24 220 24 0.903
3.5016 1.3932 2.6667 18 225 18 0.925
0.7371 1.3300 3.7863 100 217 20 0.771
-6.4669 1.5726 1.4725 43 205 43 0.826
3.1612 -1.9418 2.8001 16 227 16 0.936
-0.5048 3.2138 3.8499 46 202 46 0.815
-4.1157 1.4556 2.4059 7 233 7 0.969
4.4056 -6.8260 2.3603 24 220 24 0.903
5.4301 4.9820 1.8812 16 227 16 0.936
2.1994 7.0005 3.0940 4 236 4 0.980
-3.3982 0.3341 2.7903 16 227 16 0.936
3.8784 6.6548 2.4344 13 229 13 0.947
-0.0364 4.0085 3.9959 13 229 13 0.947
-6.7563 -5.0401 1.2064 35 211 35 0.859
-6.3817 -2.6925 1.4302 18 225 18 0.925
1.3573 -4.7095 3.4024 43 205 43 0.826
1.7902 7.1225 3.3541 16 227 16 0.936
-5.4834 3.5260 1.8323 117 212 20 0.727
5.0056 3.4731 1.9949 32 214 32 0.870
-3.6105 -7.4339 2.5657 35 211 35 0.859
2.1838 7.4915 3.1464 38 209 38 0.848
1.2779 7.4055 3.4656 43 205 43 0.826
-6.3298 3.0300 1.4725 46 202 46 0.815
2.0501 1.7224 3.1572 24 220 24 0.903
5.7479 1.9276 1.6536 7 233 7 0.969
-7.7600 4.4527 0.8855 32 214 32 0.870
7.2028 -3.5063 1.1247 32 214 32 0.870
-1.5800 -3.4187 3.3000 26 218 26 0.892
3.5807 -4.5127 2.6098 24 220 24 0.903
7.6508 -7.7303 0.9810 40 207 40 0.837
-4.2010 7.1813 2.2888 38 209 38 0.848
-0.8550 -7.4638 3.6233 24 220 24 0.903
5.2905 6.1388 1.7944 38 209 38 0.848
-0.3684 -6.4083 3.8961 48 200 48 0.804
2.5810 -6.5857 3.0215 13 229 13 0.947
6.1562 2.5194 1.5544 26 218 26 0.892
-2.7837 -0.5647 2.9349 40 207 40 0.837
7.7247 5.3352 0.8379 16 227 16 0.936
-3.6147 -4.2137 2.5846 18 225 18 0.925
2.8642 -7.4079 2.8444 32 214 32 0.870
-5.1551 0.7398 2.0051 35 211 35 0.859
-7.3245 0.9721 1.0333 10 231 10 0.958
-4.6592 1.6371 2.1262 24 220 24 0.903
4.5880 6.3076 2.1572 35 211 35 0.859
0.9799 7.8257 3.5840 92 219 20 0.793
-1.6584 -6.6385 3.3571 40 207 40 0.837
-4.0118 -3.8629 2.3575 40 207 40 0.837
2.8828 2.1969 2.8010 29 216 29 0.881
0.2245 7.5165 3.9237 26 218 26 0.892
2.8900 7.4449 2.9211 46 202 46 0.815
-3.7398 -1.8851 2.4811 18 225 18 0.925
0.2742 2.7874 3.8268 21 222 21 0.914
-7.6274 3.0157 0.8918 29 216 29 0.881
6.4070 6.9847 1.4200 32 214 32 0.870
-3.8318 1.1604 2.4625 18 225 18 0.925
0.0414 4.7821 3.8824 18 225 18 0.925
0.5943 -0.5922 3.7822 43 205 43 0.826
-0.4431 -1.2274 3.8147 35 211 35 0.859
-0.4552 7.9008 3.8415 46 202 46 0.815
6.7368 2.0066 1.2648 38 209 38 0.848
4.3374 -5.6608 2.2280 38 209 38 0.848
-1.9113 -5.8255 3.2300 24 220 24 0.903
1.3894 0.9007 3.5147 48 200 48 0.804
-0.8276 7.1274 3.5776 43 205 43 0.826
0.4685 7.5928 3.7901 35 211 35 0.859
7.2495 2.2716 1.1407 92 219 20 0.793
0.6850 5.2108 3.6095 32 214 32 0.870
-4.2791 -5.6283 2.2822 32 214 32 0.870
-2.6763 -5.5547 2.8618 48 200 48 0.804
-6.8669 2.6818 1.2584 35 211 35 0.859
5.1945 2.3156 1.9415 29 216 29 0.881
4.2274 5.3175 2.2725 46 202 46 0.815
-7.6224 4.6078 0.9933 40 207 40 0.837
6.8182 3.7668 1.2509 4 236 4 0.980
-2.4239 -7.1980 3.1230 24 220 24 0.903
-4.3432 0.8724 2.2666 16 227 16 0.936
1.6370 -1.4566 3.3563 26 218 26 0.892
6.8116 -0.3969 1.2456 38 209 38 0.848
6.1980 -4.5924 1.5690 43 205 43 0.826
1.1161 -7.1752 3.5692 35 211 35 0.859
0.5442 7.6078 3.8249 32 214 32 0.870
-7.4043 -5.3222 1.1474 35 211 35 0.859
-4.7730 4.2634 2.1346 35 211 35 0.859
-1.2266 7.9815 3.4389 48 200 48 0.804
-1.6946 -6.9530 3.2973 40 207 40 0.837
6.1119 -2.0900 1.5084 29 216 29 0.881
-6.1921 -1.7473 1.4574 92 219 20 0.793
3.1093 5.9249 2.6977 35 211 35 0.859
-4.1294 2.3676 2.3038 43 205 43 0.826
-6.9814 -6.3273 1.1857 24 220 24 0.903
-7.4238 5.3568 1.0019 48 200 48 0.804
-4.5438 3.6689 2.1437 46 202 46 0.815
-5.2865 7.0599 1.8746 100 217 20 0.771
-0.9182 -1.4439 3.5890 24 220 24 0.903
-5.2314 6.5641 1.9414 40 207 40 0.837
-6.9399 -0.4626 1.2016 40 207 40 0.837
1.8746 7.2161 3.2261 13 229 13 0.947
-2.3798 -7.1230 2.9830 26 218 26 0.892
-7.4702 7.4612 1.0730 32 214 32 0.870
-4.5981 -3.9677 2.0792 38 209 38 0.848
6.1467 -4.8555 1.4639 35 211 35 0.859
0.0369 -5.2213 4.0524 24 220 24 0.903
-3.6054 -1.9795 2.5390 21 222 21 0.914
6.7392 6.4639 1.3087 13 229 13 0.947
-7.1480 -6.3962 1.1612 10 231 10 0.958
5.9770 0.5185 1.6183 32 214 32 0.870
7.5618 -0.8701 0.9994 48 200 48 0.804
3.4054 1.5657 2.5705 16 227 16 0.936
7.6658 2.8492 0.9485 96 218 20 0.782
-2.3208 -3.8271 3.1634 40 207 40 0.837
5.2393 -1.4196 1.9072 43 205 43 0.826
-6.3670 0.3079 1.4957 26 218 26 0.892
4.9880 -1.1725 2.0156 16 227 16 0.936
-1.2462 0.7315 3.5627 40 207 40 0.837
-0.2216 -1.4243 3.9622 32 214 32 0.870
3.8690 6.5655 2.5336 21 222 21 0.914
4.8683 5.7987 2.0483 13 229 13 0.947
-4.7677 0.7026 2.1203 24 220 24 0.903
-5.6003 -4.5599 1.8356 29 216 29 0.881
-2.3392 0.1382 3.0346 26 218 26 0.892
-3.7505 -4.3976 2.4921 18 225 18 0.925
-3.4943 3.0837 2.5985 46 202 46 0.815
4.9059 7.8238 2.0368 40 207 40 0.837
3.9918 -0.0120 2.4096 24 220 24 0.903
0.6720 2.8632 3.6062 21 222 21 0.914
-4.3541 2.6239 2.1877 38 209 38 0.848
-3.3608 -5.8924 2.6954 26 218 26 0.892
-6.4298 -3.8547 1.4220 96 218 20 0.782
-3.6441 -5.4471 2.4591 24 220 24 0.903
2.9360 2.1464 2.8068 24 220 24 0.903
-1.5950 -3.3035 3.4015 7 233 7 0.969
2.1739 -1.4980 3.0774 26 218 26 0.892
-4.4832 4.0794 2.2312 35 211 35 0.859
7.3326 2.6269 1.0985 40 207 40 0.837
5.0770 -6.5984 1.9502 10 231 10 0.958
-1.0183 3.1424 3.5322 16 227 16 0.936
-0.4597 2.7209 3.7930 24 220 24 0.903
5.3518 -4.5644 1.8177 21 222 21 0.914
-4.5042 -6.6623 2.1925 40 207 40 0.837
-6.8974 -4.8631 1.2329 43 205 43 0.826
-0.2581 4.0545 3.8835 24 220 24 0.903
-1.4413 -7.7101 3.3276 43 205 43 0.826
-6.5151 -5.2331 1.4622 46 202 46 0.815
-6.0285 -2.0313 1.6146 29 216 29 0.881
7.0385 -1.2851 1.1266 48 200 48 0.804
0.7692 3.3743 3.6195 46 202 46 0.815
-4.9402 -0.2853 2.0683 38 209 38 0.848
2.6073 -0.4905 2.9518 43 205 43 0.826
-3.8315 -3.1371 2.3986 24 220 24 0.903
-4.8230 -7.5266 2.0534 92 219 20 0.793
5.6197 1.5242 1.7432 32 214 32 0.870
-2.6012 7.4708 2.9894 10 231 10 0.958
-5.0135 2.9735 2.0545 26 218 26 0.892
-5.6545 -2.1871 1.6907 26 218 26 0.892
3.8891 0.9118 2.4545 29 216 29 0.881
-5.7514 4.1830 1.7670 24 220 24 0.903
1.8420 -6.7233 3.2730 26 218 26 0.892
0.3878 4.7747 3.8538 24 220 24 0.903
0.4931 7.4087 3.7912 29 216 29 0.881
5.3072 6.0827 1.9434 29 216 29 0.881
-0.1929 4.7402 3.9228 24 220 24 0.903
7.6677 -5.4922 0.9862 21 222 21 0.914
2.8183 5.5195 2.9466 29 216 29 0.881
-5.1392 3.9398 1.8968 92 219 20 0.793
1.9435 -5.4236 3.2445 26 218 26 0.892
4.8751 -4.1907 2.0623 26 218 26 0.892
-3.6057 -4.0284 2.5467 16 227 16 0.936
-5.8493 -2.2976 1.6793 24 220 24 0.903
4.6280 0.8119 2.1685 24 220 24 0.903
7.6607 -1.1710 0.9750 32 214 32 0.870
-2.2439 3.8100 3.0936 35 211 35 0.859
-3.1792 -6.8945 2.7389 24 220 24 0.903
5.6936 0.1327 1.7311 24 220 24 0.903
6.9188 -4.2301 1.2167 38 209 38 0.848
-3.0353 -4.0872 2.7237 43 205 43 0.826
4.5793 -3.0811 2.1425 24 220 24 0.903
-1.4325 4.4975 3.4667 43 205 43 0.826
-2.7834 2.3890 2.9576 35 211 35 0.859
6.4647 -5.4592 1.4237 38 209 38 0.848
-0.7157 0.9790 3.6764 24 220 24 0.903
7.4209 2.1371 0.9958 40 207 40 0.837
1.3128 -2.4759 3.5240 16 227 16 0.936
-4.2340 3.9791 2.2528 21 222 21 0.914
-3.1684 4.8975 2.7169 35 211 35 0.859
7.4882 -1.7995 1.0150 26 218 26 0.892
0.9986 -1.4074 3.6865 16 227 16 0.936
-2.4503 7.9766 3.0981 100 217 20 0.771
0.7339 -4.6096 3.7052 40 207 40 0.837
-2.7675 -6.4677 2.8767 40 207 40 0.837
-2.1928 2.6606 3.0964 38 209 38 0.848
-0.6454 -7.0740 3.7482 96 218 20 0.782
2.7462 1.2695 2.9418 18 225 18 0.925
2.1492 -7.2485 3.1700 35 211 35 0.859
5.1082 0.8653 1.8947 26 218 26 0.892
4.8522 7.5398 2.0183 21 222 21 0.914
0.1167 0.4318 3.8807 26 218 26 0.892
2.2845 2.7344 3.0586 35 211 35 0.859
6.5446 7.2264 1.3420 38 209 38 0.848
4.6073 2.4358 2.2080 29 216 29 0.881
5.4014 3.5671 1.7712 40 207 40 0.837
7.6220 7.4541 0.8802 26 218 26 0.892
-3.5172 3.2172 2.5628 24 220 24 0.903
2.3250 -5.0425 3.0297 24 220 24 0.903
-7.5700 7.7348 0.9786 92 219 20 0.793
-4.1656 -0.2559 2.4176 32 214 32 0.870
0.2829 5.6889 3.9304 21 222 21 0.914
4.6880 7.8691 2.2178 92 219 20 0.793
-3.7228 6.2311 2.5567 29 216 29 0.881
4.7305 2.2953 2.0482 18 225 18 0.925
-1.4329 2.5349 3.4080 92 219 20 0.793
-3.2677 1.9931 2.6679 35 211 35 0.859
7.6665 -1.1185 0.9362 32 214 32 0.870
-2.5331 2.8252 3.0163 43 205 43 0.826
-7.8486 -4.6721 0.8082 32 214 32 0.870
-7.6530 -7.2126 0.9376 7 233 7 0.969
3.5437 1.9211 2.4929 13 229 13 0.947
-7.1184 -6.1393 1.1848 16 227 16 0.936
5.2646 -6.2340 1.8984 4 236 4 0.980
-2.5934 7.3181 2.9912 18 225 18 0.925
-1.5117 3.1182 3.3553 35 211 35 0.859
2.3434 1.2686 2.9993 46 202 46 0.815
6.8511 5.3607 1.2697 7 233 7 0.969
-5.6026 -1.2615 1.6763 35 211 35 0.859
7.9831 4.6270 0.8186 43 205 43 0.826
3.4539 -6.6664 2.6824 26 218 26 0.892
2.0610 7.0269 3.1662 4 236 4 0.980
5.8127 3.1533 1.6785 40 207 40 0.837
1.3485 -5.4660 3.4065 21 222 21 0.914
7.5897 5.6236 1.0238 16 227 16 0.936
-6.8239 5.6650 1.2813 21 222 21 0.914
-6.5060 6.5355 1.4152 26 218 26 0.892
-0.1495 -2.3337 4.0004 96 218 20 0.782
-2.4910 6.8463 2.9766 40 207 40 0.837
2.2632 -4.1889 3.0991 43 205 43 0.826
4.8322 5.7430 2.0570 4 236 4 0.980
2.3894 -4.9148 2.8917 46 202 46 0.815
5.6608 0.0313 1.7316 24 220 24 0.903
-4.1094 3.5129 2.2973 38 209 38 0.848
-1.3420 6.9131 3.4645 35 211 35 0.859
6.8231 -6.0117 1.3104 21 222 21 0.914
0.1612 -0.4947 4.0349 92 219 20 0.793
3.1281 7.8865 2.7618 92 219 20 0.793
-0.2377 -2.8926 3.8772 10 231 10 0.958
4.1905 4.3689 2.2100 16 227 16 0.936
0.3004 7.8615 3.8282 109 214 20 0.749
-4.1894 -4.7049 2.3239 4 236 4 0.980
-6.3171 1.9471 1.4479 48 200 48 0.804
0.3952 -5.4699 3.8548 32 214 32 0.870
-0.8585 1.0252 3.6890 26 218 26 0.892
-3.4985 7.2027 2.6919 96 218 20 0.782
6.1587 7.6641 1.4641 38 209 38 0.848
-0.6502 -6.0887 3.7048 32 214 32 0.870
0.7771 -3.9695 3.6904 38 209 38 0.848
-3.0653 4.4381 2.7874 38 209 38 0.848
-3.5275 1.8852 2.5921 38 209 38 0.848
6.7500 -6.0196 1.3463 26 218 26 0.892
-2.3591 4.3937 3.0920 24 220 24 0.903
3.0065 1.7264 2.7386 21 222 21 0.914
1.3067 2.7907 3.4821 48 200 48 0.804
-3.6221 5.5430 2.5596 32 214 32 0.870
-5.7277 2.9227 1.8071 48 200 48 0.804
-1.1671 0.0849 3.5675 32 214 32 0.870
6.0926 2.5657 1.5770 24 220 24 0.903
0.6387 -0.8285 3.7608 26 218 26 0.892
0.0247 -4.1060 3.9823 35 211 35 0.859
6.4534 1.8226 1.4009 21 222 21 0.914
-4.8249 2.5200 2.0597 32 214 32 0.870
2.9435 -7.6471 2.8536 48 200 48 0.804
5.0521 -0.7486 2.0488 38 209 38 0.848
-0.5742 -3.9999 3.7673 29 216 29 0.881
-4.4722 2.2848 2.1940 38 209 38 0.848
-7.3756 -1.6457 1.1287 46 202 46 0.815
-2.6259 -7.2325 2.9967 21 222 21 0.914
5.1250 -2.2172 1.9048 40 207 40 0.837
1.9249 -5.7246 3.1756 29 216 29 0.881
4.8090 5.4243 2.0697 4 236 4 0.980
-6.4604 6.5670 1.3923 24 220 24 0.903
4.0341 7.8266 2.3794 105 215 20 0.760
-6.5817 -1.2860 1.3475 32 214 32 0.870
2.9725 -2.2231 2.8018 35 211 35 0.859
7.2864 -4.1104 1.0856 32 214 32 0.870
-3.8062 4.9536 2.4323 46 202 46 0.815
-4.2213 -4.5789 2.3257 4 236 4 0.980
2.4742 6.9148 3.1054 26 218 26 0.892
-4.4161 7.3737 2.2742 48 200 48 0.804
-0.7298 -1.5864 3.7566 24 220 24 0.903
-5.3576 5.8871 1.8950 16 227 16 0.936
-6.7448 -2.1771 1.3464 38 209 38 0.848
7.7548 -0.8772 0.7947 113 213 20 0.738
-3.5913 -0.3701 2.5289 21 222 21 0.914
-0.6234 2.0465 3.7543 21 222 21 0.914
3.8369 2.8885 2.3568 18 225 18 0.925
7.2622 -4.1073 1.0940 35 211 35 0.859
-0.8902 -3.5946 3.5931 26 218 26 0.892
-1.6025 5.9273 3.3700 29 216 29 0.881
3.0806 -3.1510 2.7478 43 205 43 0.826
-7.2022 -2.8958 1.1420 35 211 35 0.859
-5.7889 0.2750 1.7105 18 225 18 0.925
4.8857 5.6143 2.0622 7 233 7 0.969
-2.1118 4.7078 3.1901 32 214 32 0.870
0.6181 2.0629 3.7163 43 205 43 0.826
-1.3491 0.0904 3.4679 26 218 26 0.892
2.1103 -6.3303 3.0924 46 202 46 0.815
-6.8438 4.3821 1.2314 32 214 32 0.870
-5.9131 2.7285 1.5957 13 229 13 0.947
6.3901 -3.4545 1.4287 40 207 40 0.837
0.4757 -7.1784 3.7695 43 205 43 0.826
6.8033 -7.2258 1.2453 26 218 26 0.892
6.8367 -3.6368 1.2744 26 218 26 0.892
-3.1618 5.2585 2.7834 35 211 35 0.859
-4.4531 -5.0558 2.2411 13 229 13 0.947
1.1131 -4.1889 3.6252 96 218 20 0.782
-4.2903 -3.6740 2.2099 32 214 32 0.870
4.6617 -0.4638 2.2232 24 220 24 0.903
7.5721 -5.6377 1.0155 29 216 29 0.881
-7.9511 -2.7636 0.8194 43 205 43 0.826
-1.9246 -7.6250 3.2281 38 209 38 0.848
-6.7728 5.2926 1.2498 21 222 21 0.914
-0.8605 -4.8094 3.5663 24 220 24 0.903
-6.0065 6.2578 1.6133 10 231 10 0.958
6.0386 -4.3628 1.5755 21 222 21 0.914
-5.9494 -5.0283 1.5813 18 225 18 0.925
-2.5519 4.4429 2.9500 40 207 40 0.837
-3.3984 5.1775 2.6319 48 200 48 0.804
6.5253 5.8575 1.3734 35 211 35 0.859
0.1245 6.3013 3.9976 21 222 21 0.914
-2.7237 -7.6716 2.8978 29 216 29 0.881
-7.4704 -5.3449 0.9576 38 209 38 0.848
6.8525 -7.7991 1.3081 29 216 29 0.881
2.7145 3.9451 2.9627 40 207 40 0.837
-5.9919 -1.3053 1.5574 38 209 38 0.848
-5.2501 -2.5911 1.9110 24 220 24 0.903
-6.7615 -3.4326 1.3229 32 214 32 0.870
5.1015 5.5266 1.9503 26 218 26 0.892
0.9481 5.9252 3.6551 38 209 38 0.848
-1.3177 -4.3575 3.4618 29 216 29 0.881
-5.7325 -1.8518 1.6665 43 205 43 0.826
2.6086 -3.1540 2.9629 7 233 7 0.969
0.5227 -7.7947 3.7845 117 212 20 0.727
1.1543 -2.4300 3.5367 24 220 24 0.903
-6.4491 -2.4018 1.2522 32 214 32 0.870
1.5445 0.4463 3.4006 43 205 43 0.826
-4.0389 -6.5694 2.4112 32 214 32 0.870
-4.4075 5.5758 2.3541 29 216 29 0.881
6.3682 -6.2872 1.3694 21 222 21 0.914
1.8761 1.0906 3.1975 43 205 43 0.826
7.6567 -5.4295 0.9268 13 229 13 0.947
-6.6068 4.3435 1.3990 38 209 38 0.848
5.5140 -6.6450 1.7670 4 236 4 0.980
6.2634 5.6408 1.4729 38 209 38 0.848
4.7364 -5.0786 2.1346 16 227 16 0.936
-0.0948 -0.5813 3.9920 38 209 38 0.848
7.0833 -1.4335 1.1745 38 209 38 0.848
-3.9858 -2.2545 2.3952 32 214 32 0.870
-1.6748 7.4929 3.3425 32 214 32 0.870
-2.0896 -7.7719 3.2039 92 219 20 0.793
-6.2661 -5.2362 1.4890 48 200 48 0.804
4.2237 2.5468 2.2596 92 219 20 0.793
3.6667 -3.1269 2.4915 13 229 13 0.947
0.4732 -3.1266 3.9048 96 218 20 0.782
6.1106 -6.8014 1.5313 16 227 16 0.936
-2.8712 5.8830 2.9239 21 222 21 0.914
4.0230 2.9738 2.4523 35 211 35 0.859
-1.2261 -2.3772 3.4340 48 200 48 0.804
-4.5946 -3.1668 2.2278 32 214 32 0.870
7.7592 -2.0886 0.8384 92 219 20 0.793
-7.5916 -0.5466 0.9103 24 220 24 0.903
1.7718 5.0256 3.4018 40 207 40 0.837
0.5070 7.0378 3.7773 18 225 18 0.925
-4.8961 -1.9342 2.0130 18 225 18 0.925
-4.5876 -1.4824 2.1593 26 218 26 0.892
-0.7803 -1.7081 3.6529 26 218 26 0.892
-6.5388 -6.0720 1.3974 38 209 38 0.848
-0.0055 7.3861 4.0833 43 205 43 0.826
-5.5858 6.0149 1.7120 18 225 18 0.925
-4.8705 6.6078 2.0124 46 202 46 0.815
4.1116 4.7839 2.3300 13 229 13 0.947
-6.5190 7.3690 1.3868 29 216 29 0.881
-3.2559 6.9116 2.6156 29 216 29 0.881
5.0030 -2.0784 2.0776 46 202 46 0.815
1.7065 2.7547 3.2695 40 207 40 0.837
-3.1869 -0.5339 2.7360 32 214 32 0.870
-3.8482 2.4591 2.4235 40 207 40 0.837
5.9651 2.2995 1.5303 46 202 46 0.815
-5.4005 -6.7220 1.8778 26 218 26 0.892
-0.8693 0.7930 3.6686 26 218 26 0.892
-7.7388 3.5511 0.8681 35 211 35 0.859
6.4483 2.1042 1.3799 21 222 21 0.914
-7.3112 -4.3312 1.0633 35 211 35 0.859
4.9069 -4.9520 1.9487 43 205 43 0.826
3.0274 4.5196 2.7519 35 211 35 0.859
-3.9931 1.3267 2.4749 13 229 13 0.947
-2.6647 6.8032 2.8642 38 209 38 0.848
-0.4957 -3.9213 3.8818 35 211 35 0.859
7.6722 -6.9706 0.9373 38 209 38 0.848
3.7402 -7.0114 2.5555 24 220 24 0.903
6.8292 -4.8548 1.2356 4 236 4 0.980
-0.8753 6.5486 3.7372 26 218 26 0.892
-0.0591 -5.9097 4.0112 48 200 48 0.804
3.5391 -3.5129 2.6033 26 218 26 0.892
0.8095 5.9911 3.6414 35 211 35 0.859
-7.6977 5.9770 0.9843 38 209 38 0.848
3.5213 2.7189 2.6425 35 211 35 0.859
-7.9923 2.1197 0.8051 105 215 20 0.760
-0.0148 -7.1410 3.9733 32 214 32 0.870
-5.2535 -5.6833 1.9188 43 205 43 0.826
-0.0731 -4.2023 3.9197 32 214 32 0.870
6.7340 0.9611 1.2933 4 236 4 0.980
5.4184 0.0623 1.8912 32 214 32 0.870
-0.6007 -6.2372 3.7464 43 205 43 0.826
3.1846 -0.1576 2.7388 40 207 40 0.837
0.1180 -1.3013 3.9639 10 231 10 0.958
-0.7335 -3.2412 3.5716 24 220 24 0.903
1.3139 5.5760 3.4466 24 220 24 0.903
-3.1366 -7.2733 2.6508 35 211 35 0.859
-4.3582 2.7486 2.1958 40 207 40 0.837
-5.9544 -2.6323 1.5593 29 216 29 0.881
2.3283 -4.6526 3.0813 48 200 48 0.804
-0.8695 -7.4060 3.7334 24 220 24 0.903
6.9468 2.8951 1.2625 43 205 43 0.826
-4.1975 -1.9665 2.3525 18 225 18 0.925
-7.0843 6.6134 1.1856 40 207 40 0.837
6.4911 -1.1876 1.3942 26 218 26 0.892
3.0796 0.0196 2.7405 100 217 20 0.771
-6.7672 -4.9773 1.3053 40 207 40 0.837
7.5340 3.6688 0.9643 40 207 40 0.837
3.6019 -4.8960 2.4730 26 218 26 0.892
3.3885 -5.7217 2.7268 26 218 26 0.892
6.5522 6.2087 1.3842 29 216 29 0.881
2.7451 -5.0322 2.9026 35 211 35 0.859
-3.7181 -7.2320 2.5739 43 205 43 0.826
-4.6826 6.3406 2.1885 26 218 26 0.892
-4.9864 -2.5841 2.0088 26 218 26 0.892
3.8826 -6.6474 2.4353 40 207 40 0.837
-7.6574 -7.7510 1.0135 38 209 38 0.848
5.0982 -6.9087 1.9706 35 211 35 0.859
3.9254 -5.0057 2.3629 29 216 29 0.881
3.9905 -0.0609 2.4054 18 225 18 0.925
1.0989 -0.4796 3.6105 38 209 38 0.848
-5.5566 0.3954 1.7945 7 233 7 0.969
1.5964 1.7722 3.3932 92 219 20 0.793
-0.0523 -7.5148 4.0346 35 211 35 0.859
2.0595 -0.7548 3.2062 38 209 38 0.848
0.0315 7.9147 3.9617 92 219 20 0.793
6.5598 2.6171 1.4004 35 211 35 0.859
2.7837 -0.8325 2.9112 32 214 32 0.870
2.3024 -2.4972 2.9946 38 209 38 0.848
4.6822 2.0672 2.1355 35 211 35 0.859
0.1955 5.9385 3.9436 29 216 29 0.881
-0.5389 7.5740 3.8439 26 218 26 0.892
5.7971 2.6434 1.6318 24 220 24 0.903
2.9061 -0.8357 2.8640 26 218 26 0.892
7.8739 -4.0636 0.8229 40 207 40 0.837
-6.0992 -4.9906 1.5110 35 211 35 0.859
0.2023 0.5587 3.8828 35 211 35 0.859
-3.5409 -3.9163 2.5839 16 227 16 0.936
-0.7663 -7.4027 3.6925 26 218 26 0.892
0.6924 0.5579 3.7058 32 214 32 0.870
4.2825 -7.0519 2.2889 24 220 24 0.903
-3.6026 6.4980 2.5990 24 220 24 0.903
1.5155 7.1373 3.3781 35 211 35 0.859
-0.4748 -2.9975 3.7568 24 220 24 0.903
5.8131 -3.4486 1.7366 29 216 29 0.881
3.3358 -7.0451 2.7296 43 205 43 0.826
-1.8382 1.1260 3.3659 43 205 43 0.826
-4.6831 6.1664 2.1191 16 227 16 0.936
-3.4798 -2.2037 2.5541 24 220 24 0.903
-7.9037 6.1798 0.8389 109 214 20 0.749
1.7437 -5.6467 3.3203 10 231 10 0.958
-2.7238 -7.7137 2.8822 29 216 29 0.881
3.7084 -1.0034 2.5417 38 209 38 0.848
4.2621 1.6335 2.2698 32 214 32 0.870
-7.7246 3.3475 0.9219 35 211 35 0.859
-0.4057 -5.7877 3.7908 92 219 20 0.793
-5.2717 -7.3748 1.8672 38 209 38 0.848
-3.1330 4.6544 2.7594 35 211 35 0.859
0.0074 0.1940 3.9817 29 216 29 0.881
-2.0922 2.3735 3.0672 48 200 48 0.804
-3.6396 4.3660 2.4753 35 211 35 0.859
1.1421 -6.4708 3.5187 43 205 43 0.826
-5.3701 0.2445 1.8871 21 222 21 0.914
-1.1124 2.3492 3.5437 26 218 26 0.892
5.4085 5.5392 1.7801 38 209 38 0.848
-0.3207 7.9365 3.8647 100 217 20 0.771
-3.3934 6.0790 2.6867 16 227 16 0.936
5.4491 2.5897 1.8557 48 200 48 0.804
-3.3817 3.2304 2.7038 35 211 35 0.859
-6.7988 -5.7744 1.2062 35 211 35 0.859
-1.7992 -3.5085 3.1682 32 214 32 0.870
-0.3291 -5.9482 3.8885 35 211 35 0.859
6.0846 -4.6462 1.5691 32 214 32 0.870
-6.6574 -4.3561 1.2636 35 211 35 0.859
0.4893 5.6295 3.7646 10 231 10 0.958
-2.7647 -5.2320 2.9545 46 202 46 0.815
-7.6038 0.2851 0.9898 92 219 20 0.793
6.1099 -6.0491 1.6715 46 202 46 0.815
0.2937 2.3058 3.8857 35 211 35 0.859
2.1997 1.2132 3.1269 43 205 43 0.826
5.3208 -2.1634 1.9087 35 211 35 0.859
-5.5927 0.1887 1.8032 4 236 4 0.980
-7.4299 0.2848 1.0216 96 218 20 0.782
-7.6559 4.4282 0.9489 21 222 21 0.914
-5.3052 -0.3132 1.8737 43 205 43 0.826
-5.5016 -3.8795 1.8274 26 218 26 0.892
5.5407 0.4691 1.7816 21 222 21 0.914
-3.5469 -3.2292 2.5487 24 220 24 0.903
-0.6480 1.1763 3.6824 43 205 43 0.826
-6.1150 7.2148 1.5241 46 202 46 0.815
-1.0979 -5.2115 3.5351 35 211 35 0.859
4.9174 2.5374 2.0276 10 231 10 0.958
-5.2802 -4.2952 1.9097 29 216 29 0.881
-4.4467 -1.9168 2.2289 35 211 35 0.859
-4.3982 -2.8813 2.1278 21 222 21 0.914
-2.5219 7.0844 2.8491 21 222 21 0.914
2.1119 3.9203 3.0941 26 218 26 0.892
5.7635 4.2385 1.6852 32 214 32 0.870
5.2205 -6.5232 1.8748 4 236 4 0.980
7.2695 4.0062 1.1355 26 218 26 0.892
4.3711 -1.6353 2.2243 38 209 38 0.848
3.5717 -7.1271 2.5715 18 225 18 0.925
-5.1110 7.5863 1.9619 35 211 35 0.859
6.2826 4.5794 1.4561 105 215 20 0.760
-6.3524 1.3930 1.4346 26 218 26 0.892
6.8831 -2.4163 1.2874 43 205 43 0.826
-3.3797 -3.8579 2.5446 18 225 18 0.925
2.1077 4.5381 3.2228 16 227 16 0.936
-5.4300 0.2399 1.7655 10 231 10 0.958
-6.9849 6.0525 1.2264 38 209 38 0.848
-6.1030 0.4549 1.5196 26 218 26 0.892
2.1241 -6.4548 3.0835 32 214 32 0.870
5.8156 -4.2984 1.7117 29 216 29 0.881
4.5019 7.6989 2.2275 40 207 40 0.837
2.3753 -5.5960 3.0709 92 219 20 0.793
2.2314 -6.4949 3.1318 35 211 35 0.859
-2.3638 5.7550 3.0253 46 202 46 0.815
-6.6637 -5.8809 1.2992 40 207 40 0.837
6.7185 1.1569 1.3172 21 222 21 0.914
2.8535 -6.4765 2.8456 4 236 4 0.980
-2.3222 -2.6966 3.0770 16 227 16 0.936
-2.9396 -7.9102 2.8282 32 214 32 0.870
2.2471 2.9005 3.0836 35 211 35 0.859
3.9909 -5.2049 2.4279 29 216 29 0.881
-0.5871 3.7956 3.7308 96 218 20 0.782
1.6961 7.7426 3.3452 29 216 29 0.881
5.7046 2.8040 1.6825 26 218 26 0.892
2.6133 -2.3079 2.9707 43 205 43 0.826
0.6635 7.7523 3.6903 40 207 40 0.837
4.6277 2.1950 2.0998 32 214 32 0.870
1.1413 -6.1255 3.5025 32 214 32 0.870
-6.3223 6.9264 1.4658 38 209 38 0.848
7.4043 3.4096 0.9663 38 209 38 0.848
7.4821 -4.9581 1.0507 16 227 16 0.936
1.7909 -4.2818 3.2809 26 218 26 0.892
5.4367 3.0642 1.8383 38 209 38 0.848
-0.1369 -5.4590 3.9381 32 214 32 0.870
4.2095 -7.0154 2.3356 18 225 18 0.925
7.1188 -6.3225 1.1430 38 209 38 0.848
7.0060 1.6202 1.1255 100 217 20 0.771
5.5267 -2.8401 1.8304 35 211 35 0.859
-0.0135 -7.3949 4.0158 18 225 18 0.925
0.0867 7.7079 3.9434 32 214 32 0.870
-4.4007 3.7097 2.2396 38 209 38 0.848
-2.0313 -0.5285 3.2980 24 220 24 0.903
2.8619 5.4493 2.8804 26 218 26 0.892
7.4937 2.1311 1.0640 35 211 35 0.859
-7.1571 -0.4544 1.1164 43 205 43 0.826
5.2977 -3.9812 1.8902 32 214 32 0.870
-6.8628 -3.2014 1.2932 38 209 38 0.848
-5.2785 6.5621 1.8355 38 209 38 0.848
7.7952 0.1336 0.9023 109 214 20 0.749
-5.9612 -5.0400 1.8140 24 220 24 0.903
3.6626 -5.9691 2.5637 26 218 26 0.892
6.8308 5.3624 1.1999 16 227 16 0.936
-2.2560 4.3770 3.1301 32 214 32 0.870
-3.7289 0.8391 2.5241 7 233 7 0.969
-2.9354 -0.6179 2.8498 26 218 26 0.892
0.5182 5.7598 3.7360 21 222 21 0.914
0.4006 7.0988 3.8960 13 229 13 0.947
5.9577 7.0647 1.6039 40 207 40 0.837
-4.8732 -7.3252 2.0326 92 219 20 0.793
-0.0166 6.4374 4.0341 26 218 26 0.892
0.6200 -4.3487 3.7381 40 207 40 0.837
4.3375 -7.1924 2.2549 26 218 26 0.892
-3.3324 6.7824 2.6661 26 218 26 0.892
-5.2510 0.4642 1.8577 24 220 24 0.903
-7.0511 -5.0848 1.2764 24 220 24 0.903
6.9141 2.4563 1.2286 29 216 29 0.881
-6.8917 -6.8563 1.2697 18 225 18 0.925
5.7985 7.7133 1.8044 24 220 24 0.903
6.7456 -4.6951 1.3026 24 220 24 0.903
3.7319 4.2254 2.5656 29 216 29 0.881
-5.6297 4.9196 1.7188 29 216 29 0.881
-1.5001 -7.8879 3.3914 109 214 20 0.749
5.5192 -6.6892 1.8004 4 236 4 0.980
-2.6261 -2.8373 3.0076 16 227 16 0.936
7.1602 -7.8200 1.2063 32 214 32 0.870
5.0290 -5.8183 2.0590 38 209 38 0.848
-4.3855 5.6983 2.3153 29 216 29 0.881
2.5910 1.5134 2.8848 24 220 24 0.903
-6.0608 -0.8258 1.5853 35 211 35 0.859
-1.4312 -0.8222 3.4032 18 225 18 0.925
0.0575 5.9376 3.9720 18 225 18 0.925
-6.8841 -7.2636 1.2309 32 214 32 0.870
6.1316 0.1946 1.5758 48 200 48 0.804
7.7172 0.9604 0.9021 46 202 46 0.815
6.8865 3.3767 1.2759 29 216 29 0.881
6.6490 -0.0286 1.2393 24 220 24 0.903
-7.3937 0.6393 1.0246 21 222 21 0.914
2.8282 -6.9973 2.9235 38 209 38 0.848
-3.5572 -3.8680 2.5096 18 225 18 0.925
0.0690 2.9025 3.9496 24 220 24 0.903
-0.6863 -0.9431 3.7071 43 205 43 0.826
-1.0472 -3.3600 3.5893 21 222 21 0.914
-0.6884 7.7816 3.7720 43 205 43 0.826
-4.8056 4.9068 2.0853 21 222 21 0.914
-4.7359 -4.3858 2.0669 24 220 24 0.903
-1.7209 5.9593 3.2541 38 209 38 0.848
-3.7685 1.5491 2.4942 18 225 18 0.925
6.5122 2.1452 1.4414 21 222 21 0.914
1.0891 -0.9158 3.5124 24 220 24 0.903
7.2088 6.1900 1.1107 7 233 7 0.969
4.8451 3.5077 2.1087 43 205 43 0.826
7.3101 -2.6376 1.1053 16 227 16 0.936
-7.7903 5.6419 0.8432 100 217 20 0.771
-5.2866 0.2724 1.9025 18 225 18 0.925
-2.9228 -7.5512 2.8763 13 229 13 0.947
-7.4705 3.9456 0.9010 21 222 21 0.914
2.2495 -2.4011 3.0366 35 211 35 0.859
7.7474 1.1380 0.8845 35 211 35 0.859
-6.3037 -4.4211 1.5330 96 218 20 0.782
-3.8647 6.8428 2.4692 38 209 38 0.848
-3.5848 0.5462 2.5939 4 236 4 0.980
4.5511 1.5820 2.1977 32 214 32 0.870
0.3071 -7.0484 3.8575 38 209 38 0.848
1.7417 4.2999 3.3996 38 209 38 0.848
0.6312 -4.2611 3.6758 43 205 43 0.826
5.6126 -2.2766 1.7239 26 218 26 0.892
1.1278 -1.6476 3.5096 10 231 10 0.958
-5.2319 -7.3325 1.8307 38 209 38 0.848
-5.2519 6.7818 1.9352 96 218 20 0.782
1.1470 -3.6666 3.5084 26 218 26 0.892
6.5936 -7.7423 1.3331 16 227 16 0.936
-2.5394 7.9614 3.0285 43 205 43 0.826
1.1667 -6.2659 3.4649 40 207 40 0.837
2.3740 1.9657 3.0195 4 236 4 0.980
-6.1089 2.7155 1.6170 4 236 4 0.980
2.9184 3.2673 2.8184 4 236 4 0.980
-2.1107 7.4784 3.2041 40 207 40 0.837
5.6048 -5.4262 1.7016 43 205 43 0.826
7.0513 2.2433 1.2007 40 207 40 0.837
-6.5020 6.4164 1.4502 24 220 24 0.903
-6.4376 0.7238 1.3998 29 216 29 0.881
-7.7062 4.2150 0.9197 16 227 16 0.936
-5.6293 -3.8210 1.7333 35 211 35 0.859
-4.9204 -2.6293 2.0975 29 216 29 0.881
-2.8493 -7.4466 2.8847 7 233 7 0.969
-4.7048 4.3079 2.1525 29 216 29 0.881
1.8926 -7.3529 3.2126 18 225 18 0.925
4.3335 7.0027 2.2647 13 229 13 0.947
0.9430 -6.7858 3.5918 43 205 43 0.826
-6.5301 0.2039 1.3436 32 214 32 0.870
3.3881 -0.7258 2.6557 29 216 29 0.881
3.7903 4.5070 2.3914 21 222 21 0.914
-4.4164 4.3072 2.3333 29 216 29 0.881
-2.6827 2.2371 2.9057 92 219 20 0.793
0.0732 -0.9882 4.0063 35 211 35 0.859
4.3260 7.7057 2.2497 100 217 20 0.771
2.0620 -0.8960 3.0894 38 209 38 0.848
0.5465 6.0855 3.7391 38 209 38 0.848
-1.3679 -5.4490 3.5558 46 202 46 0.815
6.7759 0.0761 1.2991 16 227 16 0.936
-5.3902 0.7031 1.7995 29 216 29 0.881
-2.3163 -5.8624 3.1101 38 209 38 0.848
-3.6398 -4.8521 2.5593 38 209 38 0.848
-4.9006 -1.6808 1.9901 24 220 24 0.903
0.2946 3.7031 3.9004 29 216 29 0.881
-5.4139 -7.9101 1.8475 38 209 38 0.848
-7.1983 -2.4941 1.0452 48 200 48 0.804
-3.8114 1.2403 2.4188 16 227 16 0.936
1.7614 3.9911 3.3476 24 220 24 0.903
2.4797 -2.9897 2.9974 21 222 21 0.914
-4.6850 2.1537 2.1617 29 216 29 0.881
-0.9609 3.1918 3.6889 26 218 26 0.892
6.8964 -2.3641 1.3091 46 202 46 0.815
4.9509 2.6215 2.0295 10 231 10 0.958
4.6723 2.3315 2.1575 26 218 26 0.892
-2.8215 6.3237 2.9126 32 214 32 0.870
1.2791 -1.2968 3.5744 4 236 4 0.980
-0.9876 1.7828 3.6252 13 229 13 0.947
2.6837 -5.4145 2.8931 48 200 48 0.804
-4.2640 0.4662 2.3097 35 211 35 0.859
-6.9842 -2.9465 1.2414 43 205 43 0.826
1.8514 -2.8091 3.2038 24 220 24 0.903
-4.3192 6.3574 2.1326 35 211 35 0.859
-2.5976 -2.6545 2.9456 32 214 32 0.870
2.4120 1.3413 2.9693 32 214 32 0.870
3.6214 -2.6117 2.5076 35 211 35 0.859
-1.0833 -7.5266 3.5051 35 211 35 0.859
-7.5888 -1.6640 1.0565 40 207 40 0.837
6.1062 -4.3738 1.6139 24 220 24 0.903
-5.1701 0.3208 2.0050 18 225 18 0.925
-5.8171 3.4099 1.6645 96 218 20 0.782
-5.1916 -7.3476 1.9058 35 211 35 0.859
-0.6309 7.3723 3.6304 43 205 43 0.826
2.2442 0.1513 3.0982 40 207 40 0.837
3.9112 -6.7130 2.3803 32 214 32 0.870
6.2234 4.1333 1.5577 96 218 20 0.782
-1.3982 -0.7717 3.4166 24 220 24 0.903
4.8627 -2.6711 2.1099 10 231 10 0.958
2.9954 7.3255 2.7765 48 200 48 0.804
-2.6005 -0.0620 2.9352 24 220 24 0.903
-3.5397 6.7098 2.4708 26 218 26 0.892
1.9053 -2.1809 3.3158 26 218 26 0.892
1.3688 -1.2230 3.5282 13 229 13 0.947
-6.5872 -1.2681 1.3659 35 211 35 0.859
0.8117 -6.0976 3.6604 35 211 35 0.859
7.9944 1.2413 0.7760 100 217 20 0.771
6.0444 4.4587 1.5335 40 207 40 0.837
2.6280 -4.3894 2.8762 40 207 40 0.837
-3.8717 0.1449 2.4446 24 220 24 0.903
-1.5694 -2.0076 3.4378 48 200 48 0.804
5.7909 -2.3566 1.6313 16 227 16 0.936
-1.0033 7.4481 3.6225 40 207 40 0.837
-1.8631 7.2375 3.2556 38 209 38 0.848
-4.7107 -5.2582 2.1383 18 225 18 0.925
0.8626 1.4158 3.6500 40 207 40 0.837
-3.6499 -0.5446 2.5568 38 209 38 0.848
1.4712 4.4103 3.3742 21 222 21 0.914
1.4222 -7.3622 3.4801 43 205 43 0.826
3.1991 2.0916 2.7193 24 220 24 0.903
-1.8049 5.6457 3.3401 35 211 35 0.859
-3.0383 -6.7323 2.7768 13 229 13 0.947
0.3240 5.9469 3.8932 21 222 21 0.914
-6.2333 -4.8556 1.5164 43 205 43 0.826
1.4178 6.1193 3.3890 29 216 29 0.881
-6.4462 1.4934 1.5015 43 205 43 0.826
3.5579 -1.2090 2.6058 105 215 20 0.760
-1.5033 0.9899 3.5288 40 207 40 0.837
-2.6373 4.4863 2.9156 43 205 43 0.826
-0.4395 -0.0232 3.7744 32 214 32 0.870
3.0429 -1.3728 2.8148 13 229 13 0.947
-1.5854 -2.8448 3.3610 46 202 46 0.815
-5.3122 0.7304 1.8758 24 220 24 0.903
1.0815 -3.9120 3.4873 40 207 40 0.837
-6.0867 -0.6871 1.4935 38 209 38 0.848
-4.2515 4.9338 2.3276 38 209 38 0.848
-0.6002 5.0633 3.7576 35 211 35 0.859
3.2192 4.1995 2.6069 48 200 48 0.804
-2.6709 -3.5840 3.0199 24 220 24 0.903
5.3920 2.1723 1.8295 26 218 26 0.892
4.9599 -6.4120 2.0413 26 218 26 0.892
-6.6010 2.3518 1.3346 35 211 35 0.859
-4.9031 -4.7031 2.0504 7 233 7 0.969
3.2813 -1.3571 2.6431 40 207 40 0.837
-3.8069 -0.1254 2.5157 13 229 13 0.947
4.1332 -6.3810 2.4323 40 207 40 0.837
6.7332 7.8481 1.3762 92 219 20 0.793
-6.8949 -6.4563 1.3505 18 225 18 0.925
-4.7081 2.6536 2.0950 48 200 48 0.804
-0.8375 -7.6199 3.6962 29 216 29 0.881
-5.5045 5.0979 1.8245 29 216 29 0.881
2.5885 -7.4615 2.9145 21 222 21 0.914
0.2671 -0.9758 3.7943 4 236 4 0.980
4.2930 5.2984 2.2020 38 209 38 0.848
-4.2813 -7.4720 2.2469 7 233 7 0.969
-2.0672 2.7366 3.2052 43 205 43 0.826
-6.2341 4.0962 1.5331 46 202 46 0.815
7.0771 3.9489 1.1941 24 220 24 0.903
-5.9215 0.8934 1.6016 16 227 16 0.936
4.1018 0.9589 2.4630 29 216 29 0.881
-1.0728 -2.8024 3.5601 21 222 21 0.914
-3.6341 5.2919 2.5944 96 218 20 0.782
5.4983 -3.4150 1.8212 40 207 40 0.837
3.3345 5.1407 2.7462 16 227 16 0.936
-1.3622 1.0561 3.4867 35 211 35 0.859
-6.5512 -7.4837 1.3128 43 205 43 0.826
-0.1973 2.8409 3.9453 24 220 24 0.903
-3.6690 -3.4964 2.5864 13 229 13 0.947
-0.5506 -2.1370 3.7213 43 205 43 0.826
-7.2279 3.6788 1.0127 35 211 35 0.859
7.0191 -6.8569 1.1274 46 202 46 0.815
1.2056 -0.1332 3.4817 32 214 32 0.870
2.8167 -6.2428 2.8891 4 236 4 0.980
-7.1501 -6.3447 1.1223 16 227 16 0.936
6.3015 -5.9772 1.4658 32 214 32 0.870
1.0140 -3.0685 3.6712 35 211 35 0.859
-2.8169 -4.2757 2.8578 43 205 43 0.826
4.1045 6.7391 2.3152 18 225 18 0.925
1.9894 -7.5703 3.1982 26 218 26 0.892
4.3916 4.3153 2.2893 24 220 24 0.903
0.3086 -4.9048 3.8976 26 218 26 0.892
6.5206 1.1130 1.3541 21 222 21 0.914
-7.8254 0.9318 0.7925 92 219 20 0.793
7.3869 -5.1555 1.0822 18 225 18 0.925
4.3558 -1.9007 2.3054 24 220 24 0.903
1.5394 -6.1271 3.3011 46 202 46 0.815
-0.2483 7.7795 3.9827 43 205 43 0.826
2.1403 3.2958 3.1289 32 214 32 0.870
-1.4160 6.4138 3.4777 38 209 38 0.848
-0.9399 -3.6591 3.5989 35 211 35 0.859
7.4676 1.9980 1.0011 35 211 35 0.859
-3.6536 -0.3232 2.4584 24 220 24 0.903
-3.7744 5.8603 2.6384 21 222 21 0.914
7.7813 6.6915 0.9154 32 214 32 0.870
-1.7588 6.1082 3.2766 38 209 38 0.848
7.8154 5.7317 0.9084 38 209 38 0.848
-7.3295 -3.0591 1.0436 40 207 40 0.837
2.5518 0.0041 2.9794 48 200 48 0.804
7.3857 5.3217 0.9531 16 227 16 0.936
-3.6933 1.6201 2.5798 26 218 26 0.892
3.8998 5.9524 2.4852 40 207 40 0.837
3.0034 -0.7385 2.8197 24 220 24 0.903
-2.6795 -1.4668 2.8513 43 205 43 0.826
2.6172 -1.0193 2.9581 40 207 40 0.837
-6.5870 -5.5067 1.2415 46 202 46 0.815
0.1734 1.9347 3.9574 43 205 43 0.826
-3.2047 6.0642 2.7497 7 233 7 0.969
4.6118 2.8050 2.1716 38 209 38 0.848
-1.0644 -2.6426 3.5355 32 214 32 0.870
-7.2857 -1.2508 1.1123 29 216 29 0.881
-6.2581 -3.4789 1.5205 38 209 38 0.848
-1.3253 -3.0292 3.4598 21 222 21 0.914
0.8628 1.5411 3.7180 43 205 43 0.826
0.7763 4.1412 3.7476 35 211 35 0.859
0.2532 6.5785 3.9232 32 214 32 0.870
-3.0616 3.9168 2.7794 46 202 46 0.815
5.3845 2.4468 1.8647 40 207 40 0.837
2.9539 0.5876 2.7865 40 207 40 0.837
6.4332 -5.7513 1.4618 26 218 26 0.892
-5.7953 -4.1574 1.6694 113 213 20 0.738
2.9369 -4.1824 2.8523 21 222 21 0.914
7.0342 -7.6679 1.1773 26 218 26 0.892
-7.2694 0.5437 1.1027 96 218 20 0.782
6.0356 -4.5243 1.6045 24 220 24 0.903
1.7831 -5.3683 3.2408 29 216 29 0.881
2.0108 -6.7449 3.2281 26 218 26 0.892
2.3052 4.4432 3.0459 29 216 29 0.881
-0.1541 5.3076 3.9217 29 216 29 0.881
-1.9083 -1.8982 3.2402 43 205 43 0.826
1.0197 0.3151 3.5581 26 218 26 0.892
-5.2501 7.7650 1.8707 96 218 20 0.782
0.3717 -3.7074 3.8173 24 220 24 0.903
-4.5843 -3.4788 2.1356 46 202 46 0.815
6.3181 5.2003 1.4372 18 225 18 0.925
-4.7515 1.7351 2.2384 29 216 29 0.881
6.2160 7.1719 1.5624 35 211 35 0.859
-0.0300 -1.7490 3.9670 40 207 40 0.837
6.4988 0.7435 1.4008 40 207 40 0.837
4.2231 5.9653 2.2446 32 214 32 0.870
0.5246 5.2412 3.8979 4 236 4 0.980
6.1568 -6.6912 1.5383 16 227 16 0.936
3.7708 7.1265 2.4627 29 216 29 0.881
1.1991 5.6582 3.4695 32 214 32 0.870
4.6130 0.6552 2.1480 16 227 16 0.936
7.4783 -7.0050 1.0230 32 214 32 0.870
-4.4123 -4.4542 2.3241 13 229 13 0.947
-1.7711 6.5593 3.3201 35 211 35 0.859
-2.0031 4.2815 3.2305 26 218 26 0.892
-5.4640 -0.8782 1.8155 40 207 40 0.837
-7.9869 -2.7728 0.8457 92 219 20 0.793
-2.6954 -3.3001 2.9736 26 218 26 0.892
-4.3075 6.9982 2.2319 40 207 40 0.837
0.3714 -5.5795 3.9306 32 214 32 0.870
-5.5150 -5.4020 1.8325 43 205 43 0.826
-6.8761 0.6048 1.2589 40 207 40 0.837
0.1760 4.2409 3.9022 10 231 10 0.958
-1.2920 -3.1450 3.5543 16 227 16 0.936
7.8189 -6.9121 0.8046 48 200 48 0.804
6.5201 -6.4843 1.3381 13 229 13 0.947
4.5521 -3.9028 2.1512 38 209 38 0.848
6.6133 -5.1968 1.4342 4 236 4 0.980
7.3193 4.5311 0.9726 92 219 20 0.793
-4.7902 -4.7020 2.1446 29 216 29 0.881
-5.1263 -3.2391 1.9391 26 218 26 0.892
4.0938 6.6125 2.4191 26 218 26 0.892
-6.4300 -6.3177 1.4689 26 218 26 0.892
3.0788 -2.1325 2.7275 35 211 35 0.859
-2.0812 7.3643 3.1894 38 209 38 0.848
-2.3163 -7.8259 3.1237 92 219 20 0.793
-7.0883 -1.5043 1.1563 32 214 32 0.870
3.1191 -6.1534 2.7378 18 225 18 0.925
1.8994 -3.7264 3.1882 40 207 40 0.837
4.6160 -6.4456 2.1736 16 227 16 0.936
4.3999 6.4492 2.2440 32 214 32 0.870
1.6962 6.9331 3.2453 18 225 18 0.925
-3.2951 1.0803 2.6591 40 207 40 0.837
0.6516 -0.7352 3.7664 26 218 26 0.892
-4.4928 -6.0333 2.1732 38 209 38 0.848
-7.8554 -7.8504 0.9261 105 215 20 0.760
-0.4815 -1.6538 3.8047 26 218 26 0.892
4.5226 4.0334 2.1348 26 218 26 0.892
2.9672 -4.6996 2.8540 26 218 26 0.892
-6.3775 4.3933 1.4706 40 207 40 0.837
-5.4103 0.2706 1.8285 7 233 7 0.969
-2.8032 -7.6527 2.9115 21 222 21 0.914
6.4639 0.3936 1.4689 40 207 40 0.837
4.1997 -7.7855 2.2828 96 218 20 0.782
0.0133 -1.6275 4.0170 38 209 38 0.848
-0.5834 -2.6683 3.7884 29 216 29 0.881
-6.0893 0.7007 1.6209 13 229 13 0.947
0.9575 -6.8426 3.6291 46 202 46 0.815
3.2515 6.0933 2.7323 24 220 24 0.903
-7.4207 -5.4579 1.0464 35 211 35 0.859
-0.2550 -7.5222 3.8923 24 220 24 0.903
0.5293 3.7305 3.7162 35 211 35 0.859
-2.8382 1.3688 2.9260 21 222 21 0.914
-3.3648 1.4776 2.6422 21 222 21 0.914
4.0960 4.0091 2.3197 26 218 26 0.892
3.5213 4.3473 2.6032 40 207 40 0.837
-1.5123 1.7854 3.3911 24 220 24 0.903
-1.5826 1.0509 3.3988 38 209 38 0.848
-4.1032 0.8090 2.3582 24 220 24 0.903
4.7534 1.2878 2.0661 26 218 26 0.892
0.6204 2.3004 3.7388 38 209 38 0.848
2.4327 6.5742 3.0608 13 229 13 0.947
0.9802 -6.1285 3.6477 35 211 35 0.859
6.7551 3.1007 1.2902 92 219 20 0.793
7.5921 5.8848 0.9282 4 236 4 0.980
1.4631 5.1408 3.4094 26 218 26 0.892
4.6078 5.5591 2.1766 4 236 4 0.980
5.8549 -1.2475 1.6795 32 214 32 0.870
7.5205 -0.2877 0.9116 38 209 38 0.848
2.0150 -3.7477 3.1673 32 214 32 0.870
-3.0874 -1.1497 2.7974 35 211 35 0.859
2.2943 -5.4471 3.0999 43 205 43 0.826
5.4859 7.9345 1.7877 100 217 20 0.771
-3.9013 0.8797 2.4645 16 227 16 0.936
6.7772 6.3758 1.2867 13 229 13 0.947
3.1328 5.9079 2.6710 43 205 43 0.826
1.9041 -0.1425 3.3114 92 219 20 0.793
2.7413 -4.1292 2.8518 29 216 29 0.881
-0.4232 1.8217 3.7387 13 229 13 0.947
1.6642 -2.7613 3.3354 35 211 35 0.859
7.7063 -3.7626 0.8981 13 229 13 0.947
4.8065 -5.3825 2.0796 38 209 38 0.848
-6.3639 6.3123 1.4565 16 227 16 0.936
-1.6412 -3.6293 3.3226 38 209 38 0.848
-7.4751 1.0871 1.0006 13 229 13 0.947
7.4481 -7.2490 1.0341 29 216 29 0.881
5.5425 -1.1077 1.8096 35 211 35 0.859
-0.9104 0.3140 3.5158 26 218 26 0.892
0.2007 6.7586 3.9532 13 229 13 0.947
6.7804 2.4782 1.3278 26 218 26 0.892
-4.4971 -7.1027 2.1698 40 207 40 0.837
-6.1584 3.3773 1.4863 92 219 20 0.793
3.6991 4.5746 2.5886 35 211 35 0.859
-4.1171 6.8361 2.3420 32 214 32 0.870
-4.2037 4.9465 2.3174 40 207 40 0.837
-3.0862 4.9435 2.8605 38 209 38 0.848
1.6376 -6.1266 3.3710 43 205 43 0.826
-0.9180 -6.1359 3.5873 18 225 18 0.925
1.0858 -3.3018 3.6109 32 214 32 0.870
5.7725 -4.6576 1.7149 38 209 38 0.848
-1.5655 5.6028 3.4171 38 209 38 0.848
7.3484 5.1025 1.0521 26 218 26 0.892
-2.2511 -2.4670 3.0681 40 207 40 0.837
-2.0761 6.4969 3.0716 32 214 32 0.870
-0.7100 6.1563 3.7958 35 211 35 0.859
5.4181 -1.9883 1.8375 40 207 40 0.837
-3.8030 0.0508 2.4554 7 233 7 0.969
-5.8453 -1.8823 1.6552 38 209 38 0.848
-1.3006 -5.2094 3.4832 40 207 40 0.837
-6.9564 5.4246 1.1732 35 211 35 0.859
7.0845 -6.9875 1.1941 43 205 43 0.826
-6.5623 -6.5196 1.3177 26 218 26 0.892
6.6903 -4.9902 1.2936 4 236 4 0.980
-0.0220 -5.4686 3.9053 29 216 29 0.881
6.3847 -4.0305 1.3680 109 214 20 0.749
7.8119 -1.2580 0.8696 117 212 20 0.727
-1.3333 5.5681 3.3762 18 225 18 0.925
-0.1847 5.4993 3.9234 38 209 38 0.848
0.1326 3.1509 3.8907 26 218 26 0.892
-0.8746 7.6383 3.6647 40 207 40 0.837
6.4191 1.1997 1.4809 32 214 32 0.870
-7.6974 5.5212 0.8512 40 207 40 0.837
0.6293 5.0131 3.7546 26 218 26 0.892
6.0488 7.9200 1.6404 96 218 20 0.782
7.8014 6.4253 0.8854 29 216 29 0.881
1.9293 7.2238 3.2120 13 229 13 0.947
2.1214 1.8815 3.1278 21 222 21 0.914
-2.2240 -5.6383 3.2083 38 209 38 0.848
-2.5773 -5.3390 2.9140 43 205 43 0.826
-4.4652 1.8995 2.2270 32 214 32 0.870
-0.0272 4.2330 3.9078 4 236 4 0.980
4.8382 7.0743 1.9982 21 222 21 0.914
1.2003 2.8996 3.5431 35 211 35 0.859
-1.0389 -3.7227 3.5365 40 207 40 0.837
-0.1333 5.5256 3.9495 38 209 38 0.848
6.2472 -3.3945 1.4779 38 209 38 0.848
-7.7533 -7.9384 0.9717 100 217 20 0.771
7.5697 5.0616 0.9058 10 231 10 0.958
2.3757 6.0931 2.9548 38 209 38 0.848
-3.5524 -3.5198 2.6144 21 222 21 0.914
3.8204 0.5341 2.4546 35 211 35 0.859
-3.6901 3.5856 2.5470 29 216 29 0.881
-3.0695 7.3697 2.8573 24 220 24 0.903
-0.4499 2.6891 3.8547 26 218 26 0.892
3.9867 -7.5712 2.4212 38 209 38 0.848
4.2392 -5.0414 2.2583 35 211 35 0.859
-2.6339 3.2819 2.9549 18 225 18 0.925
5.4560 -4.7654 1.8233 24 220 24 0.903
7.3573 5.3661 0.9914 13 229 13 0.947
-5.6852 -5.2312 1.7268 21 222 21 0.914
-0.5103 6.1329 3.8096 21 222 21 0.914
-2.2342 2.1674 3.0992 43 205 43 0.826
3.8327 -3.5779 2.4194 26 218 26 0.892
-4.4577 -2.7650 2.1612 18 225 18 0.925
7.9507 7.2313 0.8814 43 205 43 0.826
2.5877 -6.2904 3.0509 10 231 10 0.958
4.1349 2.9359 2.4053 40 207 40 0.837
-4.1566 0.6940 2.3791 29 216 29 0.881
4.1035 4.6297 2.3386 4 236 4 0.980
2.8184 0.5804 2.7934 38 209 38 0.848
-2.3128 5.3065 2.9939 16 227 16 0.936
1.7188 -2.0968 3.3677 18 225 18 0.925
-3.9895 -6.2649 2.3985 40 207 40 0.837
-0.3981 -5.7057 3.9303 40 207 40 0.837
2.5542 -4.6091 3.0084 43 205 43 0.826
-4.3420 -3.9396 2.1465 43 205 43 0.826
-5.2280 6.3000 1.9086 18 225 18 0.925
7.2140 0.4746 1.1257 18 225 18 0.925
-6.4017 0.0174 1.4376 46 202 46 0.815
-4.9279 4.2545 2.0399 29 216 29 0.881
-0.2665 4.2466 3.9638 24 220 24 0.903
-1.2220 -2.8151 3.5442 26 218 26 0.892
-5.2756 7.8397 1.8974 100 217 20 0.771
-1.7907 0.3970 3.2517 48 200 48 0.804
-7.7392 -5.0845 0.9049 32 214 32 0.870
6.9746 -1.4580 1.2603 46 202 46 0.815
-4.9510 4.3908 1.9957 38 209 38 0.848
-4.6183 6.9229 2.1845 48 200 48 0.804
-1.9909 4.2961 3.1744 26 218 26 0.892
7.6813 -4.0997 0.9728 32 214 32 0.870
2.4246 6.2862 2.9936 24 220 24 0.903
-4.9726 -5.0228 1.9877 24 220 24 0.903
-3.1763 0.5230 2.6768 26 218 26 0.892
-1.0131 -2.1435 3.5800 96 218 20 0.782
6.3438 -2.0346 1.5038 35 211 35 0.859
3.0266 5.8871 2.7497 38 209 38 0.848
5.7638 1.4188 1.7346 38 209 38 0.848
-2.3821 3.7748 3.0176 21 222 21 0.914
-2.2364 -7.4656 3.0620 46 202 46 0.815
5.7068 7.9456 1.7204 96 218 20 0.782
5.7735 6.5920 1.7105 7 233 7 0.969
7.6875 0.1277 0.9370 96 218 20 0.782
2.9726 -6.4385 2.7117 4 236 4 0.980
1.8292 -5.5156 3.3076 26 218 26 0.892
-5.5606 -6.4407 1.7627 40 207 40 0.837
6.0236 3.3201 1.7094 96 218 20 0.782
5.2439 -0.3722 1.9691 24 220 24 0.903
2.9036 1.9276 2.9039 16 227 16 0.936
1.6529 -3.8815 3.3816 43 205 43 0.826
-3.3870 1.7722 2.6843 13 229 13 0.947
-0.2848 2.6879 3.7998 35 211 35 0.859
-6.9969 -6.2215 1.1959 24 220 24 0.903
7.4527 -5.2618 1.0105 4 236 4 0.980
7.6346 4.6052 0.9366 26 218 26 0.892
-7.8562 -4.5183 0.9160 32 214 32 0.870
-4.6349 -3.9163 2.0881 40 207 40 0.837
3.4989 7.8182 2.5893 96 218 20 0.782
6.1723 -6.0788 1.5041 32 214 32 0.870
-6.2965 -2.3357 1.5643 24 220 24 0.903
7.7489 6.2448 0.8507 24 220 24 0.903
7.7505 4.4051 0.9548 16 227 16 0.936
3.4434 -6.6713 2.6041 26 218 26 0.892
1.0026 2.5338 3.5430 35 211 35 0.859
-2.3792 -0.9284 3.0706 38 209 38 0.848
4.3203 5.8057 2.2489 21 222 21 0.914
6.0177 -2.4600 1.5794 32 214 32 0.870
-2.7777 -3.5989 2.9576 26 218 26 0.892
-4.3505 3.1462 2.2859 26 218 26 0.892
7.5936 0.0282 0.9231 38 209 38 0.848
-5.7370 -7.0377 1.6565 29 216 29 0.881
0.3799 3.5642 3.8339 32 214 32 0.870
5.3832 -5.8793 1.8168 4 236 4 0.980
-4.8779 0.0891 2.0263 35 211 35 0.859
-6.5651 1.2985 1.3435 16 227 16 0.936
3.7831 -6.3099 2.5282 43 205 43 0.826
4.2644 1.9615 2.2594 32 214 32 0.870
3.2965 4.9754 2.7255 32 214 32 0.870
3.3511 1.3931 2.6736 18 225 18 0.925
-6.0984 -1.2634 1.5547 43 205 43 0.826
2.9295 4.9019 2.8208 32 214 32 0.870
1.7869 -1.9622 3.2515 10 231 10 0.958
1.1659 4.3773 3.4779 10 231 10 0.958
-6.3414 -6.8613 1.3952 38 209 38 0.848
-0.7682 2.2372 3.7379 26 218 26 0.892
-2.4270 -3.0387 3.0174 16 227 16 0.936
2.6884 -7.1031 2.8613 38 209 38 0.848
-0.1768 -6.0556 3.9653 38 209 38 0.848
1.4003 -1.4358 3.4462 10 231 10 0.958
-2.9552 1.3718 2.8936 21 222 21 0.914
1.5523 1.4135 3.3563 48 200 48 0.804
-3.4202 -6.4230 2.6135 46 202 46 0.815
-1.4788 -0.0481 3.4278 21 222 21 0.914
-0.8343 7.5945 3.7132 32 214 32 0.870
-3.1511 -0.6852 2.7115 24 220 24 0.903
-2.8488 2.7034 2.8515 26 218 26 0.892
-7.2915 -4.1930 1.1094 21 222 21 0.914
-6.8831 3.5211 1.2817 26 218 26 0.892
6.8111 -4.9160 1.3024 13 229 13 0.947
-6.1063 -6.5821 1.6450 18 225 18 0.925
-2.1503 5.2615 3.2097 13 229 13 0.947
-2.5240 -4.6998 3.1341 38 209 38 0.848
-3.3213 4.9705 2.6999 40 207 40 0.837
-4.3044 -6.0725 2.1962 43 205 43 0.826
-2.9150 0.8665 2.9107 46 202 46 0.815
2.8586 1.9532 2.8175 18 225 18 0.925
-5.4724 4.5154 1.7450 46 202 46 0.815
0.6287 -0.2697 3.7419 38 209 38 0.848
-3.0437 -6.0404 2.8469 29 216 29 0.881
6.4213 -7.2723 1.4487 24 220 24 0.903
-5.2799 -1.9639 1.9005 32 214 32 0.870
-2.5797 0.1966 2.9754 24 220 24 0.903
0.7689 -2.0870 3.7084 38 209 38 0.848
6.9268 6.6970 1.2091 26 218 26 0.892
-7.0648 5.2465 1.2583 35 211 35 0.859
-2.8964 -2.6389 2.8316 29 216 29 0.881
-0.8143 0.3592 3.6536 21 222 21 0.914
-5.8642 4.3402 1.6011 21 222 21 0.914
-5.6761 -0.2533 1.7437 29 216 29 0.881
-2.2659 3.6243 3.1172 32 214 32 0.870
4.3369 2.3212 2.2999 46 202 46 0.815
4.7421 5.8977 2.0687 10 231 10 0.958
-0.7572 -1.3433 3.5776 29 216 29 0.881
-3.7569 -2.5709 2.5035 40 207 40 0.837
-5.5112 -1.2197 1.8331 26 218 26 0.892
-0.5187 6.6491 3.8340 26 218 26 0.892
-1.6641 0.2716 3.3841 38 209 38 0.848
4.2281 4.4929 2.2152 16 227 16 0.936
7.3980 -2.0393 1.0389 29 216 29 0.881
7.1156 6.3212 1.1524 16 227 16 0.936
1.5084 3.8129 3.2934 35 211 35 0.859
-0.4835 4.6584 3.8605 40 207 40 0.837
5.2765 -0.8979 1.9042 40 207 40 0.837
7.2575 -2.7101 1.0451 26 218 26 0.892
-3.0832 -2.2352 2.8619 38 209 38 0.848
5.0464 -6.9628 1.9551 38 209 38 0.848
5.8250 2.0789 1.6858 4 236 4 0.980
3.8680 3.3832 2.4357 24 220 24 0.903
3.7529 7.4218 2.4801 21 222 21 0.914
-1.1286 -5.5524 3.5011 43 205 43 0.826
-1.9699 5.7124 3.1604 46 202 46 0.815
1.8940 4.7838 3.1949 26 218 26 0.892
-2.8985 6.8613 2.8720 43 205 43 0.826
-5.4913 -2.3635 1.6862 26 218 26 0.892
-0.0107 4.2408 3.9756 4 236 4 0.980
-4.6089 -6.0256 2.0945 46 202 46 0.815
7.2355 -2.7637 1.1161 32 214 32 0.870
-2.1097 -1.2405 3.1899 26 218 26 0.892
1.5686 5.1882 3.3915 24 220 24 0.903
5.0437 7.5054 1.9902 18 225 18 0.925
7.4319 -2.3840 0.9663 26 218 26 0.892
-3.5778 2.8934 2.5585 96 218 20 0.782
5.4269 7.3400 1.8270 40 207 40 0.837
2.6341 -0.6520 2.8830 29 216 29 0.881
-0.9568 -0.1355 3.6896 43 205 43 0.826
-4.9626 5.6565 2.0906 21 222 21 0.914
7.5615 -2.0685 0.9654 32 214 32 0.870
-3.9074 1.7111 2.3957 18 225 18 0.925
2.3820 -1.0660 3.0085 32 214 32 0.870
0.2932 7.4184 3.8662 21 222 21 0.914
-5.0703 -4.0395 1.9548 38 209 38 0.848
3.6504 1.4173 2.5218 18 225 18 0.925
-0.2334 -1.4148 3.9118 29 216 29 0.881
0.2143 0.0920 3.8608 35 211 35 0.859
-4.5607 -6.4092 2.2032 24 220 24 0.903
-2.6012 5.2914 2.9397 24 220 24 0.903
-7.0746 1.2595 1.1637 18 225 18 0.925
6.6721 2.5141 1.3689 16 227 16 0.936
-7.3795 6.8795 0.9944 35 211 35 0.859
-3.0981 6.4667 2.8371 32 214 32 0.870
-6.6410 6.1445 1.2808 40 207 40 0.837
-5.7604 0.4673 1.7619 18 225 18 0.925
0.0367 -4.7804 4.0119 24 220 24 0.903
0.0849 -1.0118 3.9915 29 216 29 0.881
5.7193 2.1383 1.7355 7 233 7 0.969
7.7852 -1.1858 0.9345 96 218 20 0.782
-6.1874 4.8915 1.5760 46 202 46 0.815
-5.4698 7.6174 1.8804 40 207 40 0.837
6.8934 -0.0057 1.2349 18 225 18 0.925
-0.7323 4.5335 3.6701 43 205 43 0.826
-7.8487 -1.7361 0.9039 29 216 29 0.881
-5.2472 -0.0271 1.7900 16 227 16 0.936
6.7469 -1.9766 1.3045 29 216 29 0.881
3.0809 -0.6716 2.7310 35 211 35 0.859
2.7830 -7.8502 2.9575 109 214 20 0.749
-2.9090 3.6976 2.7996 40 207 40 0.837
-3.4334 -6.9482 2.6656 35 211 35 0.859
-0.0575 -3.0939 3.9194 21 222 21 0.914
-4.0419 4.6130 2.3748 40 207 40 0.837
-5.0965 -4.8110 1.9302 4 236 4 0.980
-5.4739 5.6098 1.7826 26 218 26 0.892
-3.7812 -3.5597 2.3768 24 220 24 0.903
-0.2327 -1.1568 3.8719 48 200 48 0.804
-5.4515 7.4826 1.8268 38 209 38 0.848
-7.6371 -3.7701 0.9622 13 229 13 0.947
-2.9940 -0.7567 2.8111 18 225 18 0.925
0.0638 4.5536 4.0361 24 220 24 0.903
-2.8022 -4.8159 2.9022 38 209 38 0.848
-6.3676 -2.0049 1.4091 43 205 43 0.826
2.9622 0.8670 2.8220 13 229 13 0.947
-2.3956 -1.8091 3.0654 32 214 32 0.870
4.0668 2.9963 2.4224 35 211 35 0.859
-6.0559 0.4255 1.5560 21 222 21 0.914
7.6941 -7.1860 0.9406 43 205 43 0.826
-5.6779 3.3032 1.7516 109 214 20 0.749
5.1543 -5.2939 1.8324 32 214 32 0.870
-1.1060 6.3138 3.5451 40 207 40 0.837
-6.1413 -5.6910 1.4516 43 205 43 0.826
-5.1392 -2.5299 1.9321 26 218 26 0.892
-0.0469 4.3502 4.0383 10 231 10 0.958
2.4635 1.4680 3.0085 21 222 21 0.914
1.5746 6.9900 3.4306 35 211 35 0.859
-6.4298 -0.8841 1.4736 35 211 35 0.859
-4.8422 -0.6561 1.9644 29 216 29 0.881
3.5612 2.4634 2.5647 40 207 40 0.837
-1.0306 -3.5449 3.5673 38 209 38 0.848
1.0231 -6.4910 3.5160 48 200 48 0.804
4.7370 0.5189 2.1121 35 211 35 0.859
-7.0770 2.5033 1.2026 18 225 18 0.925
0.4581 6.9599 3.8307 26 218 26 0.892
-0.7393 -6.3457 3.7123 43 205 43 0.826
5.6765 -0.4394 1.7247 24 220 24 0.903
4.8745 6.2013 2.0590 38 209 38 0.848
-3.9033 0.5543 2.4609 18 225 18 0.925
-7.5624 7.3786 0.8820 38 209 38 0.848
1.3361 -7.0367 3.5316 40 207 40 0.837
5.6857 -5.8542 1.7709 18 225 18 0.925
-2.1930 2.4782 3.1333 40 207 40 0.837
-0.3879 -2.9722 3.8447 21 222 21 0.914
7.9077 -4.0062 0.9695 35 211 35 0.859
-3.7980 -2.1293 2.5146 16 227 16 0.936
7.3089 -4.9881 1.0805 16 227 16 0.936
-3.2555 -7.1866 2.6155 32 214 32 0.870
-6.6150 -0.3425 1.3729 100 217 20 0.771
-7.3212 6.3307 1.0207 32 214 32 0.870
5.6326 7.0642 1.6617 26 218 26 0.892
-7.4206 -2.8059 0.9889 43 205 43 0.826
6.2773 3.7780 1.5708 46 202 46 0.815
-0.9535 6.5006 3.6273 24 220 24 0.903
6.8497 -2.0387 1.4043 43 205 43 0.826
-6.1208 -5.3690 1.4705 43 205 43 0.826
5.1149 4.9611 2.0606 24 220 24 0.903
-4.8248 5.8434 2.0369 13 229 13 0.947
-2.6537 2.2550 2.9861 48 200 48 0.804
1.6667 -5.9933 3.2975 26 218 26 0.892
-4.7398 -0.6512 2.0510 26 218 26 0.892
-3.2200 2.2981 2.6318 96 218 20 0.782
-2.0745 -7.3168 3.1766 46 202 46 0.815
3.7765 0.4900 2.5205 35 211 35 0.859
-2.7941 0.6782 2.7882 46 202 46 0.815
-4.8906 -2.1147 2.0272 35 211 35 0.859
6.1483 6.2181 1.5505 43 205 43 0.826
-1.5687 2.6534 3.4473 92 219 20 0.793
-3.6412 0.1483 2.4776 7 233 7 0.969
4.8277 -1.4757 2.0843 29 216 29 0.881
1.4933 0.2796 3.4941 32 214 32 0.870
-3.9533 -0.1097 2.4963 13 229 13 0.947
-0.1791 3.4729 3.9722 24 220 24 0.903
5.2311 -1.4763 1.8997 40 207 40 0.837
6.0114 1.9397 1.6545 26 218 26 0.892
-0.4904 1.4500 3.8431 24 220 24 0.903
3.0947 7.1478 2.7019 43 205 43 0.826
4.2518 0.6130 2.3105 35 211 35 0.859
7.9312 4.8333 0.8230 48 200 48 0.804
5.7153 -5.6634 1.6895 29 216 29 0.881
-7.0252 -6.3046 1.1328 18 225 18 0.925
3.1750 3.2141 2.7812 18 225 18 0.925
1.3692 1.0548 3.4165 46 202 46 0.815
4.1193 5.0543 2.3579 35 211 35 0.859
-0.4186 -0.3606 3.8887 46 202 46 0.815
3.2976 -4.2498 2.7348 32 214 32 0.870
7.9658 -3.8915 0.8919 40 207 40 0.837
1.9679 1.7171 3.1564 29 216 29 0.881
-1.8796 -1.6505 3.2621 43 205 43 0.826
4.4155 0.0227 2.2292 29 216 29 0.881
5.7345 -6.7055 1.6180 24 220 24 0.903
-3.3239 -4.6638 2.6552 38 209 38 0.848
2.6007 1.3545 2.9609 18 225 18 0.925
-1.3394 5.5753 3.4507 16 227 16 0.936
7.6096 4.3931 0.9940 26 218 26 0.892
4.9896 7.3766 1.9607 24 220 24 0.903
2.0703 -7.4143 3.1486 26 218 26 0.892
-5.6154 6.1135 1.7253 18 225 18 0.925
-7.6663 -0.5913 0.9704 26 218 26 0.892
4.3126 -5.1215 2.3393 40 207 40 0.837
2.9001 -4.7408 2.8331 26 218 26 0.892
-6.0261 7.8094 1.4836 100 217 20 0.771
6.3947 -1.6321 1.4552 7 233 7 0.969
-1.4163 -0.6022 3.4733 29 216 29 0.881
3.2164 2.1288 2.6730 29 216 29 0.881
-3.6974 4.1195 2.5116 35 211 35 0.859
-4.3824 -6.3080 2.2574 13 229 13 0.947
-5.0446 1.9971 1.9890 43 205 43 0.826
6.9445 4.0612 1.1877 26 218 26 0.892
1.9726 -5.7367 3.2040 32 214 32 0.870
5.0400 -4.3371 2.0085 40 207 40 0.837
6.4517 -5.7888 1.4429 24 220 24 0.903
-0.3779 -0.4614 3.8703 40 207 40 0.837
7.2105 -1.9089 1.1768 32 214 32 0.870
0.0137 7.1020 3.9528 16 227 16 0.936
-5.2028 5.6511 1.9484 13 229 13 0.947
1.3960 -6.9635 3.4243 40 207 40 0.837
3.0126 0.9931 2.7156 16 227 16 0.936
4.2811 -4.1772 2.2842 29 216 29 0.881
-6.3114 2.4942 1.4395 26 218 26 0.892
1.6331 -4.9787 3.3380 40 207 40 0.837
-7.5139 -7.0419 1.0632 7 233 7 0.969
-0.2085 2.0810 3.7996 32 214 32 0.870
0.2798 2.0122 3.8759 35 211 35 0.859
4.5207 3.7636 2.1585 26 218 26 0.892
3.5579 -2.7537 2.6772 35 211 35 0.859
5.7928 2.4399 1.6309 18 225 18 0.925
0.7739 3.9732 3.7364 43 205 43 0.826
5.0839 -1.4272 1.9693 29 216 29 0.881
-1.6533 4.6343 3.3311 29 216 29 0.881
-6.0995 7.8401 1.5329 105 215 20 0.760
-4.3679 -6.2153 2.3506 26 218 26 0.892
-3.2939 2.3815 2.6678 100 217 20 0.771
4.3286 3.9415 2.2772 29 216 29 0.881
-6.0403 2.9056 1.5866 18 225 18 0.925
-7.7874 -6.6234 0.8168 38 209 38 0.848
7.2830 7.0231 1.1094 10 231 10 0.958
4.9235 5.2031 1.9459 29 216 29 0.881
6.1072 -2.6808 1.5491 40 207 40 0.837
6.3692 3.5511 1.5408 92 219 20 0.793
-6.4853 5.7275 1.4281 26 218 26 0.892
2.2626 7.7579 3.1135 92 219 20 0.793
-3.3591 0.1667 2.6084 13 229 13 0.947
7.6806 -3.2628 0.9126 43 205 43 0.826
4.3220 7.6219 2.2661 48 200 48 0.804
-1.8848 -7.3575 3.2945 40 207 40 0.837
0.3554 5.0789 3.8451 4 236 4 0.980
-2.0987 -5.0953 3.1298 92 219 20 0.793
-0.7732 -2.6824 3.6604 18 225 18 0.925
-4.8927 2.7940 2.0513 38 209 38 0.848
5.7442 0.6874 1.7161 13 229 13 0.947
-5.2894 6.6487 1.7814 48 200 48 0.804
-7.9332 -1.1177 0.8798 92 219 20 0.793
0.7510 5.0493 3.7345 35 211 35 0.859
-1.4165 1.6776 3.4610 26 218 26 0.892
4.7903 2.0838 2.1418 26 218 26 0.892
-4.3682 -1.8278 2.1001 40 207 40 0.837
3.3104 3.4880 2.7165 18 225 18 0.925
5.0460 3.6415 1.9080 32 214 32 0.870
-1.4011 -4.4770 3.5392 32 214 32 0.870
1.2488 -7.0030 3.5844 43 205 43 0.826
0.3290 2.5630 3.9180 21 222 21 0.914
2.5615 4.2547 2.9423 29 216 29 0.881
-2.6683 3.5746 2.9726 24 220 24 0.903
-6.1155 3.0125 1.5683 32 214 32 0.870
4.7871 -2.7671 1.9755 16 227 16 0.936
-2.6458 0.5247 2.9211 21 222 21 0.914
0.7567 -4.0280 3.6936 35 211 35 0.859
7.0509 -5.8450 1.0590 46 202 46 0.815
-6.4366 7.3309 1.3933 43 205 43 0.826
-1.0572 -5.0858 3.7016 96 218 20 0.782
-7.5519 6.2408 0.9688 32 214 32 0.870
2.9323 -3.1174 2.8431 32 214 32 0.870
6.9091 2.6738 1.1872 21 222 21 0.914
4.7156 2.7541 2.1362 18 225 18 0.925
5.1406 -0.4991 1.9171 38 209 38 0.848
5.9389 0.9468 1.6830 35 211 35 0.859
-5.1178 5.9949 1.8816 4 236 4 0.980
1.9215 -1.0182 3.3106 35 211 35 0.859
5.1619 -5.7233 1.8990 16 227 16 0.936
-0.0343 -5.1683 3.9572 16 227 16 0.936
-4.7917 -7.2510 2.1314 96 218 20 0.782
7.7902 6.3530 0.8785 21 222 21 0.914
6.0944 3.7766 1.5441 40 207 40 0.837
0.9633 0.3871 3.6247 24 220 24 0.903
4.7576 -7.0984 2.1206 35 211 35 0.859
-6.9817 -6.6054 1.2480 7 233 7 0.969
7.4840 3.4594 1.0114 46 202 46 0.815
-0.4719 0.6483 3.8206 43 205 43 0.826
2.5701 1.5477 2.9573 18 225 18 0.925
-3.6889 4.4401 2.5385 26 218 26 0.892
3.2316 -5.4378 2.6955 21 222 21 0.914
-7.1512 -4.6693 1.1946 38 209 38 0.848
-2.8501 -1.1057 2.8932 29 216 29 0.881
5.8538 4.9660 1.5859 10 231 10 0.958
-2.6427 -2.4022 2.9560 35 211 35 0.859
-6.4269 2.1549 1.4015 46 202 46 0.815
1.2494 -2.3159 3.4743 21 222 21 0.914
-4.2560 6.8432 2.2311 38 209 38 0.848
3.1895 0.5448 2.7353 43 205 43 0.826
1.6971 -6.9170 3.2972 35 211 35 0.859
-2.3552 0.4606 3.0663 16 227 16 0.936
-0.1692 1.4996 3.9147 26 218 26 0.892
7.0411 -4.0901 1.1805 38 209 38 0.848
2.4468 -7.4266 3.0054 32 214 32 0.870
-5.7557 -1.9851 1.6809 29 216 29 0.881
-3.0226 0.9247 2.7755 46 202 46 0.815
-4.1757 -7.5119 2.2718 16 227 16 0.936
-2.7440 -5.8659 2.9405 40 207 40 0.837
3.2874 3.1157 2.6900 29 216 29 0.881
2.9181 0.9466 2.8312 16 227 16 0.936
-4.4959 -2.7586 2.1575 24 220 24 0.903
-2.4851 -0.8385 2.9860 43 205 43 0.826
-3.1350 -3.0861 2.7293 35 211 35 0.859
-6.6176 4.2323 1.3480 29 216 29 0.881
1.6665 2.6030 3.3423 43 205 43 0.826
2.8651 4.9863 2.8535 29 216 29 0.881
-1.3656 -6.0491 3.4977 35 211 35 0.859
-1.9306 3.9909 3.1661 92 219 20 0.793
6.9150 4.9874 1.2402 16 227 16 0.936
0.3402 -5.9672 3.9518 48 200 48 0.804
-4.2175 -4.1913 2.4025 21 222 21 0.914
-2.2298 2.4078 3.1343 48 200 48 0.804
7.4815 -7.5958 0.9480 46 202 46 0.815
3.6097 -0.6283 2.4965 24 220 24 0.903
3.4159 0.5444 2.6911 24 220 24 0.903
-0.7884 -2.1346 3.6740 46 202 46 0.815
-2.7064 1.4737 2.8265 26 218 26 0.892
-1.3719 7.8289 3.5053 29 216 29 0.881
-6.8058 2.0063 1.2930 46 202 46 0.815
7.0820 -2.8360 1.1982 92 219 20 0.793
5.1875 -1.2322 1.9830 21 222 21 0.914
1.7623 -5.8545 3.3618 26 218 26 0.892
-3.5974 -0.4770 2.4655 46 202 46 0.815
-2.5487 7.8677 2.9795 29 216 29 0.881
5.5816 2.0174 1.7317 4 236 4 0.980
2.5845 -3.9681 2.9580 40 207 40 0.837
-5.3920 -3.1407 1.8324 29 216 29 0.881
4.5486 -5.0993 2.1716 40 207 40 0.837
-5.3123 -1.8550 1.8381 21 222 21 0.914
-6.8004 -1.9791 1.2743 46 202 46 0.815
7.3746 -7.7525 1.1615 40 207 40 0.837
-3.5419 -7.8567 2.5906 92 219 20 0.793
5.6782 1.9620 1.6587 7 233 7 0.969
-0.4208 6.3840 3.7569 26 218 26 0.892
-2.1369 7.3365 3.1290 40 207 40 0.837
-5.8317 -6.1474 1.6280 96 218 20 0.782
-5.1151 0.5401 2.0046 24 220 24 0.903
-2.9676 4.8805 2.8332 38 209 38 0.848
-0.8573 2.8939 3.6718 7 233 7 0.969
2.6009 7.1871 2.9975 40 207 40 0.837
3.6373 5.6920 2.5000 29 216 29 0.881
1.8484 -1.8422 3.2252 10 231 10 0.958
-4.0694 -2.7850 2.4063 32 214 32 0.870
4.1630 -0.3457 2.3982 21 222 21 0.914
4.1814 -3.8226 2.3701 32 214 32 0.870
-3.3520 -7.7619 2.6383 26 218 26 0.892
-7.3615 4.8466 1.0554 43 205 43 0.826
-0.2196 4.2783 3.9546 21 222 21 0.914
-5.4161 0.9805 1.7166 48 200 48 0.804
-2.2375 -1.5243 3.0555 35 211 35 0.859
-5.4051 -4.1260 1.8346 21 222 21 0.914
7.8657 1.2587 0.9691 35 211 35 0.859
2.3714 7.6156 3.0244 43 205 43 0.826
-4.1510 7.9921 2.3408 92 219 20 0.793
-1.8416 -5.2386 3.1701 32 214 32 0.870
2.7025 6.9933 2.8847 24 220 24 0.903
6.1699 -1.1493 1.5118 24 220 24 0.903
-3.7561 6.9810 2.5412 35 211 35 0.859
0.6477 3.1531 3.6963 29 216 29 0.881
-6.0790 6.8201 1.6047 29 216 29 0.881
0.3335 3.8261 3.8421 43 205 43 0.826
4.9342 7.1823 2.0047 21 222 21 0.914
-3.2061 -2.0745 2.8419 35 211 35 0.859
-6.6150 5.8933 1.3174 32 214 32 0.870
7.8364 3.7445 0.8458 92 219 20 0.793
0.6561 5.4879 3.6955 16 227 16 0.936
1.6511 -3.3013 3.3132 38 209 38 0.848
7.3387 1.5046 1.1272 46 202 46 0.815
4.4668 3.6021 2.1858 18 225 18 0.925
-0.8713 -1.9860 3.6339 92 219 20 0.793
3.2052 7.7706 2.6694 96 218 20 0.782
5.1117 5.1780 1.9379 29 216 29 0.881
-6.3680 0.1724 1.4777 46 202 46 0.815
-4.3465 -2.4516 2.2528 21 222 21 0.914
-7.6298 -5.1879 0.9441 26 218 26 0.892
0.6969 3.1973 3.8102 35 211 35 0.859
4.5878 -3.7909 2.1716 26 218 26 0.892
1.8987 3.3260 3.1921 92 219 20 0.793
7.2512 0.4958 1.0952 16 227 16 0.936
6.0789 -5.2114 1.6201 92 219 20 0.793
4.4528 -7.5527 2.2517 46 202 46 0.815
0.2728 5.0357 3.9131 4 236 4 0.980
-4.0096 1.7861 2.4173 18 225 18 0.925
0.1435 -5.5227 3.9208 32 214 32 0.870
-3.7407 6.1940 2.5121 24 220 24 0.903
-4.1362 0.4810 2.3633 24 220 24 0.903
-2.2244 -3.9139 3.1685 35 211 35 0.859
-1.0394 -0.7650 3.5496 48 200 48 0.804
2.8091 4.0288 2.8566 96 218 20 0.782
6.1706 6.2662 1.5770 38 209 38 0.848
1.8924 -2.2843 3.1457 26 218 26 0.892
6.4187 7.4154 1.4297 43 205 43 0.826
4.7847 -6.3144 2.0431 38 209 38 0.848
-0.9932 2.0205 3.7147 26 218 26 0.892
-4.9972 5.0940 1.9779 35 211 35 0.859
3.8353 5.5851 2.4901 32 214 32 0.870
-1.9374 -6.2247 3.1959 26 218 26 0.892
-4.4815 -1.9541 2.2061 35 211 35 0.859
2.5789 -2.8977 2.9575 18 225 18 0.925
7.1051 0.0990 1.1440 10 231 10 0.958
-5.0785 -6.9890 1.9823 38 209 38 0.848
-2.1674 -5.9449 3.1262 26 218 26 0.892
4.2014 1.3923 2.3679 16 227 16 0.936
1.0870 -7.7592 3.5032 38 209 38 0.848
-4.0968 -1.4885 2.3524 26 218 26 0.892
-6.9569 2.9822 1.1936 24 220 24 0.903
-2.1536 2.6590 3.1263 35 211 35 0.859
7.7519 6.9995 0.8932 16 227 16 0.936
-2.6579 3.3679 2.9228 21 222 21 0.914
0.5563 -1.0529 3.8111 4 236 4 0.980
1.5009 7.5993 3.4639 46 202 46 0.815
-7.3919 -0.0071 1.0794 109 214 20 0.749
-7.5796 -1.1532 0.9926 21 222 21 0.914
-3.1506 3.8839 2.7972 43 205 43 0.826
-6.6486 6.6709 1.3777 21 222 21 0.914
7.8033 0.4586 0.7683 113 213 20 0.738
-7.5743 5.8951 0.9853 43 205 43 0.826
4.4022 -1.9730 2.1906 21 222 21 0.914
1.2521 -1.5340 3.5414 4 236 4 0.980
-5.8277 3.2781 1.6711 96 218 20 0.782
-3.0729 -4.1535 2.7500 48 200 48 0.804
7.2981 0.5972 1.0984 18 225 18 0.925
7.0729 3.4511 1.0800 35 211 35 0.859
-0.5497 -1.7847 3.7433 18 225 18 0.925
0.3276 4.5288 3.9343 29 216 29 0.881
4.3579 -0.0956 2.2265 35 211 35 0.859
1.1991 -3.1995 3.4460 24 220 24 0.903
-7.2595 1.0991 1.0522 16 227 16 0.936
1.6605 -2.4589 3.3781 46 202 46 0.815
-2.3854 -0.1116 3.0473 32 214 32 0.870
7.0513 -7.5855 1.1306 21 222 21 0.914
-7.8367 -6.8029 0.9167 43 205 43 0.826
3.3222 -5.1844 2.6054 32 214 32 0.870
-0.3736 3.0556 3.7801 38 209 38 0.848
6.4890 -6.3956 1.4511 24 220 24 0.903
-2.5546 -4.0619 3.0439 38 209 38 0.848
1.7968 -4.3883 3.3434 18 225 18 0.925
-2.1686 3.6847 3.0790 38 209 38 0.848
-3.4972 -0.0204 2.5651 10 231 10 0.958
-2.7808 -1.5045 2.8764 32 214 32 0.870
-4.9405 0.4291 1.9981 29 216 29 0.881
3.3878 -4.6131 2.6804 26 218 26 0.892
-7.4419 1.4390 1.0501 38 209 38 0.848
-7.9050 -4.3830 0.8561 38 209 38 0.848
-6.7299 0.2235 1.3929 29 216 29 0.881
-0.1075 -7.5592 3.9833 35 211 35 0.859
3.6241 2.0203 2.4892 10 231 10 0.958
-7.6066 4.2976 0.9762 21 222 21 0.914
-1.3078 -4.9719 3.4756 29 216 29 0.881
5.8160 -5.4803 1.7037 46 202 46 0.815
5.6459 6.8544 1.7713 4 236 4 0.980
-0.5123 -5.5961 3.8748 43 205 43 0.826
5.1872 -5.4249 1.9439 13 229 13 0.947
-1.3263 -0.9066 3.4832 10 231 10 0.958
3.9087 -1.1231 2.4475 96 218 20 0.782
3.4987 -4.7336 2.5355 13 229 13 0.947
3.7697 0.1399 2.5015 40 207 40 0.837
7.7651 -2.5408 0.8957 35 211 35 0.859
-0.1287 -4.9125 3.9762 24 220 24 0.903
-6.4028 -5.9166 1.4523 32 214 32 0.870
-7.7137 5.9711 0.9362 38 209 38 0.848
-5.6002 4.9219 1.7796 32 214 32 0.870
-2.9263 -4.3616 2.8534 96 218 20 0.782
7.5709 1.9558 0.9217 21 222 21 0.914
7.1254 -7.2482 1.1214 29 216 29 0.881
7.4694 7.6572 1.0217 35 211 35 0.859
5.7487 -7.8551 1.7105 43 205 43 0.826
-5.4034 -4.3996 1.8980 24 220 24 0.903
-4.8296 -2.4933 2.1655 40 207 40 0.837
-6.7663 -2.1096 1.2804 48 200 48 0.804
5.6683 -3.0863 1.7870 35 211 35 0.859
-0.8551 -1.4116 3.5870 26 218 26 0.892
-5.4036 -3.7365 1.9210 26 218 26 0.892
-4.2308 -3.9651 2.3274 29 216 29 0.881
-1.3254 -0.3895 3.5107 46 202 46 0.815
-5.3215 -2.4179 1.9023 38 209 38 0.848
-7.3227 -6.8651 1.0641 4 236 4 0.980
-4.1015 5.4176 2.2931 32 214 32 0.870
4.5911 -6.2079 2.1813 32 214 32 0.870
-6.9886 4.1412 1.2694 35 211 35 0.859
5.0383 -2.1883 1.8978 38 209 38 0.848
-6.7258 3.1443 1.3059 21 222 21 0.914
-3.3535 -6.2293 2.5612 92 219 20 0.793
0.1132 -7.1997 3.9518 26 218 26 0.892
-2.7672 -5.1639 2.8779 40 207 40 0.837
-0.0795 6.7140 3.9798 38 209 38 0.848
5.2225 -6.9967 1.9248 13 229 13 0.947
-3.1434 -0.8675 2.7010 29 216 29 0.881
7.2105 -6.6724 1.0001 35 211 35 0.859
-0.0100 -7.2127 3.9814 21 222 21 0.914
4.1939 5.6089 2.3391 32 214 32 0.870
4.2348 1.3962 2.3558 18 225 18 0.925
-3.0224 -2.6546 2.7506 32 214 32 0.870
-0.5800 7.8644 3.6991 105 215 20 0.760
-2.8991 1.7989 2.8596 32 214 32 0.870
-2.6559 0.2623 2.9932 18 225 18 0.925
0.4230 -5.9505 3.7223 96 218 20 0.782
-2.6729 7.6437 2.9019 26 218 26 0.892
-0.7584 -6.0581 3.6729 21 222 21 0.914
4.7839 6.9084 2.0373 21 222 21 0.914
2.0956 0.5593 3.1999 18 225 18 0.925
4.8902 1.0724 2.0268 21 222 21 0.914
2.5205 -7.2840 3.0135 26 218 26 0.892
5.8737 -2.1244 1.7177 26 218 26 0.892
-5.9336 -6.6747 1.6055 16 227 16 0.936
-5.0617 5.7399 1.9455 4 236 4 0.980
6.4534 1.2881 1.4828 29 216 29 0.881
-1.1078 1.7604 3.5763 4 236 4 0.980
-6.6959 -5.1243 1.3863 32 214 32 0.870
0.7582 0.5096 3.6904 38 209 38 0.848
3.1096 6.8353 2.7199 38 209 38 0.848
-7.0198 7.2481 1.0439 21 222 21 0.914
-5.2074 2.5901 1.9071 29 216 29 0.881
-0.2837 0.3539 3.8760 40 207 40 0.837
-6.7086 -6.4062 1.2674 24 220 24 0.903
6.1737 -3.3649 1.4899 24 220 24 0.903
-5.4971 5.2256 1.8517 43 205 43 0.826
-3.4832 -7.5783 2.6221 40 207 40 0.837
-2.8690 1.5980 2.8382 7 233 7 0.969
5.8645 2.7364 1.5707 21 222 21 0.914
-5.6350 -4.4011 1.7757 35 211 35 0.859
-4.1231 6.3905 2.4148 35 211 35 0.859
-7.7195 6.3032 0.9320 40 207 40 0.837
3.6159 1.2463 2.4678 32 214 32 0.870
-7.7289 0.0081 0.9626 48 200 48 0.804
-7.8291 4.2022 0.9386 21 222 21 0.914
-5.4496 -5.0351 1.7711 13 229 13 0.947
-5.6482 6.2494 1.7080 21 222 21 0.914
-6.1667 -2.1868 1.5420 26 218 26 0.892
2.1683 -5.0637 3.1843 26 218 26 0.892
-6.3736 5.6586 1.4175 29 216 29 0.881
1.5097 -1.5595 3.4383 21 222 21 0.914
-7.5911 5.7297 0.9075 48 200 48 0.804
7.4610 5.7752 1.0041 10 231 10 0.958
-2.8739 -1.7770 2.8087 24 220 24 0.903
-2.4568 0.6999 2.9986 35 211 35 0.859
7.7871 7.0234 0.8492 24 220 24 0.903
-5.1567 -6.5335 1.8593 35 211 35 0.859
-5.2289 3.1694 1.9519 32 214 32 0.870
6.7179 1.4300 1.3290 35 211 35 0.859
3.2240 4.3681 2.7290 35 211 35 0.859
5.7758 5.4539 1.6815 35 211 35 0.859
-5.4988 2.6592 1.7333 35 211 35 0.859
-6.7911 -0.6632 1.3933 43 205 43 0.826
-3.2586 -1.9644 2.6389 18 225 18 0.925
1.6676 6.3992 3.4153 43 205 43 0.826
4.9100 -5.2457 2.0405 16 227 16 0.936
5.4331 -5.0840 1.8085 40 207 40 0.837
4.3209 -6.8338 2.2975 18 225 18 0.925
4.9247 -3.6507 1.9600 32 214 32 0.870
4.3408 -4.0036 2.2430 26 218 26 0.892
7.0586 -0.3180 1.2860 32 214 32 0.870
-5.6161 4.8125 1.7668 32 214 32 0.870
-4.6483 -5.3150 2.0978 18 225 18 0.925
7.8752 1.2216 0.7792 43 205 43 0.826
7.5293 6.2241 1.0254 18 225 18 0.925
-2.0023 -5.9028 3.2392 16 227 16 0.936
6.7558 3.7903 1.3368 4 236 4 0.980
-2.3047 -2.9318 3.0100 13 229 13 0.947
-0.7510 -5.8221 3.6359 38 209 38 0.848
-2.5719 5.9991 3.0463 29 216 29 0.881
-5.7980 2.1851 1.6948 32 214 32 0.870
-3.4221 4.9997 2.6535 48 200 48 0.804
-0.8827 0.3637 3.5818 21 222 21 0.914
-0.8895 -0.1585 3.6929 48 200 48 0.804
4.6421 -4.4298 2.1507 21 222 21 0.914
1.7406 -0.4398 3.2966 96 218 20 0.782
7.7313 5.6172 0.9265 24 220 24 0.903
5.7957 -6.5610 1.6369 24 220 24 0.903
0.3152 -1.8506 3.8515 43 205 43 0.826
-6.3769 -4.5342 1.4227 92 219 20 0.793
-2.7432 1.7634 2.9556 35 211 35 0.859
5.7277 -1.1350 1.6548 26 218 26 0.892
1.4313 6.3010 3.4839 24 220 24 0.903
-3.8992 -3.9102 2.4460 13 229 13 0.947
7.2634 -2.1164 1.2197 40 207 40 0.837
0.8626 -3.8041 3.6635 16 227 16 0.936
3.3998 0.7543 2.7158 29 216 29 0.881
-0.1801 4.0470 3.9666 10 231 10 0.958
-5.7443 -0.0651 1.7524 16 227 16 0.936
-4.3011 6.2182 2.3502 35 211 35 0.859
4.0714 -0.8319 2.3498 29 216 29 0.881
-3.2679 4.1272 2.6734 40 207 40 0.837
6.9159 -7.7664 1.2260 24 220 24 0.903
-3.6017 0.3697 2.6171 7 233 7 0.969
6.7388 6.1457 1.3411 32 214 32 0.870
1.7015 4.4885 3.3183 24 220 24 0.903
-1.2707 -1.5950 3.4700 43 205 43 0.826
-4.2420 6.1557 2.3479 26 218 26 0.892
-7.5302 -6.9876 1.0694 7 233 7 0.969
0.4273 1.6151 3.7642 100 217 20 0.771
-3.1702 7.3624 2.7784 38 209 38 0.848
0.1132 5.1144 3.9403 7 233 7 0.969
0.6224 -5.4224 3.7455 35 211 35 0.859
2.2382 -3.9546 3.0637 46 202 46 0.815
-7.4056 -4.6006 1.0677 35 211 35 0.859
-5.2010 -7.6154 1.9936 32 214 32 0.870
-6.8154 4.9386 1.3711 46 202 46 0.815
-3.8960 3.7840 2.5007 24 220 24 0.903
-0.1772 5.1288 3.9340 24 220 24 0.903
-6.5565 5.7008 1.3096 21 222 21 0.914
2.9450 4.0021 2.8083 92 219 20 0.793
-5.6547 -3.6631 1.8010 35 211 35 0.859
1.9464 -6.6221 3.2555 26 218 26 0.892
-6.0310 -1.7979 1.5163 48 200 48 0.804
-0.1046 6.1920 4.0116 29 216 29 0.881
-4.8898 -0.2315 2.0693 35 211 35 0.859
-1.8854 -1.3834 3.2171 35 211 35 0.859
-0.4183 1.2258 3.8010 38 209 38 0.848
1.9066 -4.2057 3.2604 26 218 26 0.892
4.4342 -3.6005 2.2515 24 220 24 0.903
-5.6729 -7.7796 1.7475 24 220 24 0.903
-4.3891 -1.1162 2.1850 29 216 29 0.881
-5.0491 -0.2333 1.9740 29 216 29 0.881
-2.9249 4.5433 2.8577 29 216 29 0.881
5.1363 3.6212 1.9093 29 216 29 0.881
3.2060 5.0240 2.7418 29 216 29 0.881
2.3307 -3.1089 3.0137 13 229 13 0.947
-7.7307 -2.8733 0.8144 29 216 29 0.881
2.2529 -3.5016 3.0029 96 218 20 0.782
1.4739 -2.7835 3.4080 29 216 29 0.881
2.7736 3.8521 2.8110 100 217 20 0.771
-0.7665 -5.3328 3.7368 48 200 48 0.804
4.8511 7.8694 2.0361 92 219 20 0.793
-7.1740 -6.7099 1.1268 18 225 18 0.925
-1.4739 -3.2301 3.4377 13 229 13 0.947
-1.3265 5.8146 3.4042 7 233 7 0.969
7.2580 -2.0136 1.0339 26 218 26 0.892
-5.0536 -2.5438 2.0280 24 220 24 0.903
3.6690 1.4293 2.4753 21 222 21 0.914
5.4641 3.6722 1.8836 35 211 35 0.859
-1.2451 -1.4345 3.4621 40 207 40 0.837
-7.6348 7.4825 0.9337 26 218 26 0.892
6.9954 -5.9662 1.2291 26 218 26 0.892
-4.1712 1.5683 2.2502 16 227 16 0.936
-2.3533 -2.2775 3.0762 40 207 40 0.837
4.9390 1.1809 2.0485 21 222 21 0.914
2.2369 7.4721 3.1776 38 209 38 0.848
0.0703 3.7104 3.9905 26 218 26 0.892
-2.5011 0.1842 3.0438 21 222 21 0.914
-3.1396 -5.4490 2.7782 32 214 32 0.870
-2.6724 2.4404 2.9900 38 209 38 0.848
-4.4611 -2.9654 2.2496 24 220 24 0.903
-1.3160 6.1201 3.4744 32 214 32 0.870
4.2882 -3.5008 2.2569 24 220 24 0.903
-6.2960 -7.7463 1.4458 48 200 48 0.804
-4.3976 -0.9496 2.3585 21 222 21 0.914
6.6616 -4.8915 1.4146 4 236 4 0.980
1.0253 3.3968 3.6369 105 215 20 0.760
-2.9133 0.6233 2.9330 46 202 46 0.815
-4.3866 6.2415 2.2708 24 220 24 0.903
5.8221 1.9997 1.6659 4 236 4 0.980
0.0495 -3.8629 3.8764 18 225 18 0.925
0.2570 -4.6044 3.9569 46 202 46 0.815
5.4497 7.7001 1.8082 21 222 21 0.914
-1.3652 -5.6082 3.4613 40 207 40 0.837
3.4850 -3.9149 2.6335 29 216 29 0.881
3.2867 -1.8952 2.7031 21 222 21 0.914
7.1274 -0.0442 1.1519 10 231 10 0.958
-1.5418 6.1187 3.3967 38 209 38 0.848
-6.0436 -3.4598 1.5516 40 207 40 0.837
6.2658 -1.4422 1.5544 4 236 4 0.980
6.8558 -7.7421 1.2336 21 222 21 0.914
-1.0101 -3.9261 3.5118 38 209 38 0.848
-2.3233 2.8739 3.1420 105 215 20 0.760
-3.8516 7.4779 2.4325 26 218 26 0.892
1.2355 7.1670 3.5184 38 209 38 0.848
0.1950 -5.2016 3.8900 18 225 18 0.925
2.3741 2.2103 3.0052 35 211 35 0.859
-0.9170 -5.5118 3.6262 43 205 43 0.826
1.8577 4.6025 3.2622 26 218 26 0.892
-5.9117 4.3897 1.6038 18 225 18 0.925
-7.6723 -1.7181 0.8725 26 218 26 0.892
5.0834 2.9279 1.9775 26 218 26 0.892
4.8750 6.7653 2.0913 18 225 18 0.925
6.2199 4.0547 1.5105 96 218 20 0.782
-6.7852 3.5168 1.2187 29 216 29 0.881
1.6636 -1.8590 3.3481 18 225 18 0.925
-0.0829 4.0362 3.9745 16 227 16 0.936
5.3329 0.8606 1.8650 29 216 29 0.881
7.1361 3.7664 1.1190 26 218 26 0.892
-2.7172 -3.6902 2.7955 32 214 32 0.870
-3.8006 4.8919 2.5604 40 207 40 0.837
1.3482 3.9238 3.4153 26 218 26 0.892
1.2365 4.1656 3.5187 7 233 7 0.969
-4.3817 -5.4079 2.2913 13 229 13 0.947
-5.9313 7.0079 1.6233 46 202 46 0.815
6.1835 3.9880 1.4183 100 217 20 0.771
1.7848 -7.6543 3.2927 43 205 43 0.826
-4.8449 -5.8875 2.2130 46 202 46 0.815
2.7242 -6.3773 3.0069 10 231 10 0.958
-0.9684 -5.6597 3.6509 38 209 38 0.848
-5.4767 -3.3846 1.8241 29 216 29 0.881
-2.2689 4.7047 3.0515 29 216 29 0.881
0.9953 0.6242 3.5244 35 211 35 0.859
3.7860 2.6692 2.4781 46 202 46 0.815
6.6248 6.0907 1.3848 35 211 35 0.859
0.6444 6.7594 3.7630 32 214 32 0.870
-2.6928 0.1573 2.8846 35 211 35 0.859
-3.5060 -0.1753 2.6132 24 220 24 0.903
5.2458 -7.5600 1.8794 10 231 10 0.958
-1.0510 7.2449 3.6288 43 205 43 0.826
-5.2317 -0.8892 1.8609 40 207 40 0.837
-4.6365 -1.2006 2.1263 29 216 29 0.881
5.9091 -4.3501 1.5768 29 216 29 0.881
-0.6436 6.3516 3.7566 16 227 16 0.936
-2.8225 6.4931 2.7846 35 211 35 0.859
5.6955 -7.7709 1.6242 40 207 40 0.837
6.7724 7.1286 1.3474 96 218 20 0.782
-6.0629 -2.0616 1.5662 32 214 32 0.870
0.7063 2.5558 3.7394 35 211 35 0.859
-4.4228 0.3900 2.2621 32 214 32 0.870
-1.8329 5.4470 3.2043 26 218 26 0.892
1.6533 7.4047 3.3899 29 216 29 0.881
-3.5526 5.6245 2.6062 29 216 29 0.881
4.1635 3.2226 2.3884 10 231 10 0.958
-1.7386 -2.1443 3.3638 46 202 46 0.815
6.1900 4.4064 1.5254 92 219 20 0.793
5.0272 3.5329 1.9521 38 209 38 0.848
-5.9856 -3.2798 1.5688 29 216 29 0.881
-3.9394 -2.5864 2.4450 35 211 35 0.859
-6.3452 -2.4422 1.4374 10 231 10 0.958
3.8549 -6.3404 2.4126 32 214 32 0.870
1.1134 2.5937 3.5338 26 218 26 0.892
5.4918 -5.4247 1.8182 35 211 35 0.859
5.8660 -2.2312 1.5982 21 222 21 0.914
-5.0550 -4.9599 1.9821 7 233 7 0.969
-3.8008 -1.6970 2.5027 38 209 38 0.848
2.4328 -4.0502 3.0154 46 202 46 0.815
1.5182 -2.7334 3.4180 21 222 21 0.914
-1.7777 4.9490 3.3369 32 214 32 0.870
-6.3110 -2.2925 1.4757 26 218 26 0.892
-2.0420 6.3487 3.1448 26 218 26 0.892
-6.5795 -4.5419 1.3400 46 202 46 0.815
2.5040 1.6851 2.9938 16 227 16 0.936
-3.7481 -5.4995 2.5548 24 220 24 0.903
6.4972 -6.9923 1.4929 16 227 16 0.936
3.1124 -5.6773 2.7094 24 220 24 0.903
-4.3606 3.5542 2.2058 40 207 40 0.837
1.9167 2.7993 3.2320 32 214 32 0.870
-1.1906 -7.7523 3.5378 35 211 35 0.859
-0.6331 6.8130 3.7552 26 218 26 0.892
-2.9250 3.3618 2.8106 16 227 16 0.936
-2.5026 1.2647 2.9909 38 209 38 0.848
5.0116 -2.5387 1.9785 32 214 32 0.870
5.5256 -6.7924 1.7680 4 236 4 0.980
-4.3545 2.1645 2.2543 40 207 40 0.837
-7.2148 3.9098 1.0970 26 218 26 0.892
0.1674 3.3202 3.8836 26 218 26 0.892
6.0862 -2.3874 1.5153 24 220 24 0.903
7.2899 -3.9560 1.0838 29 216 29 0.881
-4.5632 -1.2432 2.2191 26 218 26 0.892
5.7708 -7.0531 1.7254 29 216 29 0.881
-0.6518 -7.3955 3.7507 24 220 24 0.903
-6.7046 -6.7949 1.2571 21 222 21 0.914
-3.4834 4.7872 2.6975 46 202 46 0.815
-4.1709 1.8396 2.3185 29 216 29 0.881
3.1680 5.0093 2.7375 26 218 26 0.892
0.2945 4.3271 3.8925 21 222 21 0.914
-3.5843 6.3857 2.4814 38 209 38 0.848
-3.2004 7.7743 2.7430 105 215 20 0.760
-2.9459 3.6186 2.7669 24 220 24 0.903
4.3866 -1.8301 2.2417 26 218 26 0.892
-3.9083 -5.0766 2.4387 35 211 35 0.859
7.4563 1.3104 1.0409 38 209 38 0.848
0.6350 0.8500 3.8247 46 202 46 0.815
2.3371 -2.0891 3.1014 43 205 43 0.826
5.1288 -2.7865 1.9569 35 211 35 0.859
5.4744 7.0767 1.7742 32 214 32 0.870
4.2410 4.1893 2.3274 16 227 16 0.936
-3.7990 3.2596 2.4875 16 227 16 0.936
-4.6894 3.0806 2.1401 21 222 21 0.914
-6.1992 -2.8033 1.5331 24 220 24 0.903
-3.2149 7.3521 2.8066 35 211 35 0.859
-6.6183 4.5434 1.3235 100 217 20 0.771
0.2534 -0.3395 3.8738 46 202 46 0.815
2.9077 -6.7777 2.7885 32 214 32 0.870
6.5771 -5.3178 1.3621 24 220 24 0.903
-0.9556 -0.2351 3.6589 92 219 20 0.793
-6.8814 -6.6725 1.3199 18 225 18 0.925
-6.3107 2.5599 1.4800 26 218 26 0.892
-1.1393 1.0174 3.6391 43 205 43 0.826
3.5019 1.6304 2.5667 13 229 13 0.947
7.6191 -5.2404 1.0082 10 231 10 0.958
3.7469 -2.2548 2.4829 113 213 20 0.738
-4.2413 6.0310 2.2546 35 211 35 0.859
-5.6598 -3.8336 1.7556 38 209 38 0.848
6.0085 -0.9381 1.6554 24 220 24 0.903
-3.4462 -0.4565 2.5951 35 211 35 0.859
-3.2882 0.4202 2.6734 4 236 4 0.980
3.6462 1.4210 2.4361 21 222 21 0.914
7.0776 -2.4830 1.1380 32 214 32 0.870
2.8380 -6.3148 2.9395 4 236 4 0.980
-2.3163 -4.4974 3.0529 46 202 46 0.815
-6.7933 -3.0076 1.2250 43 205 43 0.826
2.2523 -1.5920 3.1376 24 220 24 0.903
6.6983 -3.0358 1.2685 40 207 40 0.837
-2.5434 0.8537 3.0701 92 219 20 0.793
-3.5748 -1.3532 2.4876 26 218 26 0.892
3.7093 7.2056 2.4997 26 218 26 0.892
-2.7997 -6.0726 2.9027 40 207 40 0.837
7.6260 -6.6615 1.0007 43 205 43 0.826
1.7403 -5.1726 3.2826 16 227 16 0.936
0.1485 -6.0498 4.0065 46 202 46 0.815
7.9117 7.7685 0.8281 48 200 48 0.804
5.2839 5.3002 1.8753 10 231 10 0.958
-1.0292 6.5267 3.6021 38 209 38 0.848
-3.5452 -3.0771 2.7224 38 209 38 0.848
-4.6082 1.0904 2.2375 24 220 24 0.903
6.1855 -1.2130 1.6234 26 218 26 0.892
1.1217 3.4309 3.5798 100 217 20 0.771
6.5927 -3.4329 1.3856 35 211 35 0.859
-6.9319 3.5773 1.2179 32 214 32 0.870
-6.4684 -0.7179 1.3579 40 207 40 0.837
-1.7286 -0.6666 3.3649 26 218 26 0.892
0.3240 -7.5416 3.8381 38 209 38 0.848
6.0349 1.9215 1.5322 29 216 29 0.881
-3.3896 0.7733 2.6467 29 216 29 0.881
7.1354 1.4983 1.1500 48 200 48 0.804
7.2534 6.9968 1.0763 13 229 13 0.947
4.5994 -5.4710 2.1615 40 207 40 0.837
-4.6097 5.4100 2.1650 32 214 32 0.870
0.2310 6.6142 3.8595 35 211 35 0.859
3.7504 6.9028 2.4791 21 222 21 0.914
1.7739 -4.7109 3.2496 43 205 43 0.826
-0.2263 -4.7024 3.9240 32 214 32 0.870
7.6840 -7.9257 0.9076 105 215 20 0.760
-1.1189 -3.8181 3.5869 38 209 38 0.848
-2.9422 -6.5944 2.8223 38 209 38 0.848
5.1702 5.8520 1.9334 32 214 32 0.870
-0.8216 -1.1280 3.6838 29 216 29 0.881
6.9724 6.4424 1.1388 21 222 21 0.914
-4.2677 -4.2827 2.2846 13 229 13 0.947
5.3858 -5.7755 1.9161 10 231 10 0.958
-7.6596 7.1476 0.8317 40 207 40 0.837
-4.7422 3.2643 2.0618 21 222 21 0.914
2.9639 -4.2917 2.7909 21 222 21 0.914
-3.7732 6.8694 2.4686 32 214 32 0.870
-0.7801 -4.7805 3.5726 29 216 29 0.881
-6.9862 -4.4745 1.1565 92 219 20 0.793
-2.5730 3.4462 3.0372 32 214 32 0.870
-6.7683 1.3767 1.2331 29 216 29 0.881
-1.6737 -6.1145 3.3414 21 222 21 0.914
-4.2989 -4.3919 2.3029 4 236 4 0.980
2.4024 2.2887 3.0449 43 205 43 0.826
0.8751 3.5473 3.6416 96 218 20 0.782
2.7663 -2.8278 2.7793 35 211 35 0.859
2.7596 1.1070 2.9285 26 218 26 0.892
0.5952 -1.5950 3.7487 18 225 18 0.925
-0.9769 -6.3385 3.6496 43 205 43 0.826
-6.1906 -6.3389 1.4953 35 211 35 0.859
7.4773 -2.8377 1.0660 43 205 43 0.826
0.4038 -1.4555 3.8871 4 236 4 0.980
-5.0114 -1.7431 2.1002 18 225 18 0.925
-2.1937 3.2626 3.1282 46 202 46 0.815
4.7239 -6.1639 2.1663 46 202 46 0.815
3.5767 0.3296 2.5315 24 220 24 0.903
5.5667 -1.0646 1.7306 29 216 29 0.881
-7.5898 5.1262 0.9305 38 209 38 0.848
-4.8449 1.7028 2.1410 26 218 26 0.892
-4.4322 -2.1519 2.2598 38 209 38 0.848
3.0229 -3.4687 2.7716 46 202 46 0.815
-3.7245 0.0432 2.4359 24 220 24 0.903
-5.6559 2.9469 1.6933 92 219 20 0.793
1.6417 1.2276 3.3768 43 205 43 0.826
3.0512 -2.3778 2.7814 29 216 29 0.881
0.5687 -0.7588 3.7821 26 218 26 0.892
-5.2713 5.9534 1.9079 13 229 13 0.947
-2.8879 -7.5384 2.8261 13 229 13 0.947
2.3629 4.5651 3.0095 29 216 29 0.881
-6.1535 5.0928 1.5351 43 205 43 0.826
3.5463 -3.6267 2.6048 24 220 24 0.903
-6.1353 -3.2420 1.4945 21 222 21 0.914
-7.6764 3.6474 0.9034 38 209 38 0.848
-1.0681 -4.3812 3.6201 26 218 26 0.892
2.8486 4.7440 2.9039 35 211 35 0.859
6.6777 -1.6545 1.3301 24 220 24 0.903
7.8421 -7.6955 0.9204 100 217 20 0.771
-2.8126 -7.1212 2.8617 16 227 16 0.936
5.1974 7.1676 1.9924 40 207 40 0.837
-5.2783 -5.6707 1.8563 38 209 38 0.848
5.5554 0.2446 1.7749 24 220 24 0.903
1.9172 7.9968 3.1971 105 215 20 0.760
6.6023 -4.3035 1.3461 92 219 20 0.793
3.1333 3.5089 2.7039 10 231 10 0.958
-0.6579 -4.8924 3.6957 35 211 35 0.859
-6.7713 7.7717 1.2831 46 202 46 0.815
7.8068 7.1156 0.8571 26 218 26 0.892
-3.0970 -1.5683 2.7328 43 205 43 0.826
2.8412 -2.8786 2.8644 35 211 35 0.859
-4.5347 -7.3687 2.2379 24 220 24 0.903
4.0240 7.1748 2.4039 29 216 29 0.881
-1.3078 -4.5148 3.4658 32 214 32 0.870
7.1076 6.7890 1.1785 16 227 16 0.936
-3.5917 1.7197 2.5549 26 218 26 0.892
-5.4887 -6.4951 1.8333 38 209 38 0.848
-6.9628 0.9477 1.1594 38 209 38 0.848
6.5030 7.3739 1.3949 46 202 46 0.815
-7.4891 -5.1945 0.9340 26 218 26 0.892
-2.1105 5.3333 3.1061 4 236 4 0.980
-5.6163 2.1660 1.6244 32 214 32 0.870
-1.2424 -2.9511 3.4106 21 222 21 0.914
-1.2067 6.8700 3.5334 40 207 40 0.837
-4.2793 -3.8484 2.2801 43 205 43 0.826
-6.0247 2.7468 1.6218 10 231 10 0.958
6.8369 1.0027 1.2917 13 229 13 0.947
7.2118 -6.1043 1.0585 46 202 46 0.815
-0.2505 -4.6053 3.9127 26 218 26 0.892
3.8867 4.7476 2.4222 13 229 13 0.947
6.3561 -6.8182 1.3706 21 222 21 0.914
1.3849 0.7538 3.5001 38 209 38 0.848
1.0031 -6.8689 3.5879 43 205 43 0.826
-1.4683 3.0075 3.4447 46 202 46 0.815
0.7753 5.7614 3.7429 32 214 32 0.870
-6.7555 -0.3762 1.3336 43 205 43 0.826
-4.4232 6.5445 2.2794 26 218 26 0.892
-6.9403 6.6023 1.2468 26 218 26 0.892
-3.4931 -2.8235 2.6199 40 207 40 0.837
-7.4384 -2.4581 1.0733 43 205 43 0.826
-1.5350 -6.5248 3.4356 48 200 48 0.804
-0.2835 -1.8165 3.9740 38 209 38 0.848
1.0298 -0.6902 3.5480 29 216 29 0.881
-1.2607 4.9435 3.4586 100 217 20 0.771
6.7382 -6.3928 1.3648 29 216 29 0.881
2.9420 -6.9791 2.7673 38 209 38 0.848
1.7901 -5.6296 3.1640 18 225 18 0.925
-3.6549 -3.0654 2.5876 29 216 29 0.881
-2.5155 -0.4039 2.9811 26 218 26 0.892
-5.1643 5.6604 1.9780 13 229 13 0.947
0.8183 6.9831 3.6377 43 205 43 0.826
-2.9230 -5.7807 2.8976 43 205 43 0.826
-4.6899 5.8030 2.0362 24 220 24 0.903
-0.8061 1.6765 3.7115 18 225 18 0.925
-5.1749 4.4884 1.9009 40 207 40 0.837
1.7654 1.8344 3.2978 32 214 32 0.870
-4.1172 7.8572 2.3793 35 211 35 0.859
-1.3607 -1.0215 3.4478 16 227 16 0.936
-4.3339 3.7986 2.3088 38 209 38 0.848
-0.0956 2.7616 4.0931 32 214 32 0.870
-7.8148 -1.4468 0.8212 16 227 16 0.936
2.6350 -6.9990 2.9048 35 211 35 0.859
2.7682 1.1857 2.7888 35 211 35 0.859
5.8644 -4.3868 1.6420 24 220 24 0.903
-4.9546 3.1607 1.9156 26 218 26 0.892
3.4512 3.3785 2.5990 32 214 32 0.870
6.3787 5.5403 1.4640 16 227 16 0.936
-6.7140 7.5763 1.2801 21 222 21 0.914
-2.3043 -1.5320 3.0966 29 216 29 0.881
2.6677 -2.7698 2.9271 18 225 18 0.925
6.6246 -2.9297 1.3787 38 209 38 0.848
6.4198 5.3646 1.4308 18 225 18 0.925
0.4297 -6.0037 3.8223 43 205 43 0.826
-1.6129 -5.6986 3.3457 32 214 32 0.870
-1.2771 -7.2369 3.5511 48 200 48 0.804
-0.7109 7.2301 3.7343 38 209 38 0.848
4.1659 0.3277 2.2909 26 218 26 0.892
5.5054 -6.9233 1.7456 4 236 4 0.980
7.1638 -7.0356 1.1607 38 209 38 0.848
-0.0479 2.5123 3.9564 26 218 26 0.892
5.8403 4.9085 1.6810 16 227 16 0.936
-7.6116 6.9317 1.0305 38 209 38 0.848
1.4490 -3.3470 3.3481 13 229 13 0.947
-7.7309 6.7348 1.0085 43 205 43 0.826
7.4363 -6.3108 1.0236 43 205 43 0.826
-4.5384 -2.5583 2.2325 21 222 21 0.914
0.7234 3.8771 3.6108 46 202 46 0.815
7.2578 -4.5634 1.0583 32 214 32 0.870
-5.2953 4.6646 1.9136 29 216 29 0.881
-7.6256 2.2869 0.9193 92 219 20 0.793
-6.2357 6.3101 1.5256 13 229 13 0.947
0.7200 -4.7769 3.6587 48 200 48 0.804
-1.4435 3.7114 3.3758 35 211 35 0.859
7.7427 -1.3976 0.8783 105 215 20 0.760
-7.0100 -2.2630 1.2127 48 200 48 0.804
1.3901 5.3825 3.4725 16 227 16 0.936
-3.2946 -3.3999 2.5778 26 218 26 0.892
2.1682 5.0474 3.1033 35 211 35 0.859
-5.4765 -0.5926 1.8013 40 207 40 0.837
-2.6508 -6.4023 2.9711 46 202 46 0.815
0.4056 0.3432 3.8139 29 216 29 0.881
-3.4954 -2.9112 2.6177 43 205 43 0.826
-0.3673 1.8566 3.9330 24 220 24 0.903
-4.8098 0.6070 2.0190 29 216 29 0.881
-6.2963 -3.1736 1.4129 13 229 13 0.947
-0.3402 -5.0743 3.8544 32 214 32 0.870
-1.7047 -0.3116 3.2811 32 214 32 0.870
-7.2284 1.0162 1.2199 26 218 26 0.892
7.7429 5.1500 0.9187 18 225 18 0.925
-4.1500 -4.2875 2.3963 7 233 7 0.969
-4.4685 -5.3578 2.2654 4 236 4 0.980
1.3111 6.7561 3.4863 29 216 29 0.881
7.9164 1.2062 0.8738 43 205 43 0.826
-4.9614 1.5426 1.9324 38 209 38 0.848
5.4319 6.5830 1.8247 32 214 32 0.870
-5.9124 -7.4204 1.6893 32 214 32 0.870
4.3692 6.6789 2.3828 7 233 7 0.969
2.9235 -5.6122 2.8633 32 214 32 0.870
5.0817 3.1985 1.9924 35 211 35 0.859
5.6615 3.8580 1.7676 32 214 32 0.870
7.0494 -4.8869 1.2741 18 225 18 0.925
7.8427 6.3786 0.7950 32 214 32 0.870
6.8607 -6.7089 1.2252 21 222 21 0.914
-6.0455 4.0749 1.6221 32 214 32 0.870
6.8442 -6.3991 1.2664 21 222 21 0.914
-7.4489 6.9087 1.0845 35 211 35 0.859
-6.4135 5.7853 1.4528 18 225 18 0.925
-3.5800 -2.4649 2.5070 38 209 38 0.848
1.3054 -6.8260 3.4326 92 219 20 0.793
3.2953 -4.2182 2.7086 29 216 29 0.881
-7.2316 -3.4121 1.1176 46 202 46 0.815
6.9545 4.9340 1.1335 26 218 26 0.892
-6.7836 5.1136 1.2539 24 220 24 0.903
-7.5737 4.5627 0.9830 38 209 38 0.848
-3.0813 1.4288 2.7683 16 227 16 0.936
4.9690 -5.1442 2.0865 26 218 26 0.892
0.2241 0.4718 3.8868 32 214 32 0.870
6.1970 -5.9537 1.4506 40 207 40 0.837
-7.5549 -7.0201 1.0283 10 231 10 0.958
4.0803 6.6318 2.3637 24 220 24 0.903
4.0187 5.6187 2.4100 24 220 24 0.903
4.7374 4.9702 2.2540 48 200 48 0.804
1.1678 6.0729 3.5633 35 211 35 0.859
4.5990 7.2232 2.2243 29 216 29 0.881
0.5890 5.5931 3.7803 18 225 18 0.925
3.0221 6.1764 2.7873 29 216 29 0.881
-4.6918 -2.9278 2.1639 24 220 24 0.903
-3.1860 0.2110 2.8650 40 207 40 0.837
-0.7035 -6.9490 3.7495 100 217 20 0.771
-5.2058 -3.4416 1.8735 32 214 32 0.870
-1.1845 -1.4612 3.5192 29 216 29 0.881
7.9474 -6.9953 0.8774 105 215 20 0.760
4.2158 -7.6867 2.3215 46 202 46 0.815
2.5074 1.4667 3.0172 29 216 29 0.881
-2.8196 -6.7480 2.9775 40 207 40 0.837
-3.0977 5.0029 2.8330 40 207 40 0.837
7.2674 -5.8762 1.1314 40 207 40 0.837
-1.4835 2.4961 3.3077 100 217 20 0.771
6.3143 0.5202 1.4902 38 209 38 0.848
6.9569 3.6399 1.2475 4 236 4 0.980
-7.6321 -5.8222 0.9203 38 209 38 0.848
-3.4861 -2.6608 2.6610 38 209 38 0.848
2.8110 -3.0500 2.8837 21 222 21 0.914
-6.3654 6.0782 1.4762 24 220 24 0.903
6.0156 -4.3156 1.5732 21 222 21 0.914
2.1324 4.0392 3.1299 21 222 21 0.914
5.8940 1.2748 1.6902 46 202 46 0.815
-1.5844 -7.2868 3.3005 35 211 35 0.859
6.5379 5.4057 1.3941 13 229 13 0.947
-3.2455 -5.6176 2.6892 32 214 32 0.870
1.3082 -2.2892 3.4695 21 222 21 0.914
1.2293 -0.3358 3.4868 40 207 40 0.837
-5.8817 4.4405 1.6585 26 218 26 0.892
-0.8733 -4.2400 3.5497 32 214 32 0.870
6.8873 -5.6715 1.2987 13 229 13 0.947
7.2634 -4.0410 1.0887 32 214 32 0.870
6.6942 -7.4133 1.3535 26 218 26 0.892
3.9621 -4.3781 2.2938 26 218 26 0.892
7.8792 7.8510 0.7595 100 217 20 0.771
0.2915 5.0967 3.8202 4 236 4 0.980
2.0480 4.9986 3.1864 24 220 24 0.903
0.2303 0.1221 3.9287 29 216 29 0.881
-5.0658 3.9575 1.9603 92 219 20 0.793
0.2388 -3.7532 3.8494 29 216 29 0.881
3.8154 -5.8356 2.6087 35 211 35 0.859
5.9426 -7.1059 1.5916 38 209 38 0.848
5.9385 -2.6505 1.6335 32 214 32 0.870
2.6423 -3.4490 2.9247 26 218 26 0.892
1.4540 -5.4180 3.5212 24 220 24 0.903
-3.8075 4.7252 2.5401 35 211 35 0.859
-1.4296 1.0375 3.4010 40 207 40 0.837
7.8186 2.9630 0.8762 100 217 20 0.771
-3.3094 -4.3951 2.6059 100 217 20 0.771
7.4684 6.1758 1.0040 4 236 4 0.980
4.3026 3.4131 2.3107 13 229 13 0.947
-7.0580 6.9645 1.1721 29 216 29 0.881
-2.2537 7.8638 3.0093 92 219 20 0.793
-1.1332 -5.9240 3.6104 40 207 40 0.837
4.1839 3.2406 2.4799 24 220 24 0.903
-6.5557 -5.6722 1.3750 35 211 35 0.859
0.0965 4.2138 3.9060 21 222 21 0.914
-3.9742 -4.2814 2.3517 7 233 7 0.969
6.9160 1.6937 1.2623 48 200 48 0.804
-4.0684 -5.6145 2.3689 26 218 26 0.892
1.9551 7.0158 3.2360 4 236 4 0.980
-2.3853 5.9555 3.0879 35 211 35 0.859
-6.4717 0.6017 1.3578 29 216 29 0.881
-1.7342 7.2317 3.2912 46 202 46 0.815
-0.1752 -1.8356 3.9197 40 207 40 0.837
6.2162 -7.1033 1.5291 10 231 10 0.958
0.8027 -0.1106 3.7173 26 218 26 0.892
1.9143 -7.1053 3.1836 35 211 35 0.859
-5.2564 -3.8831 1.8441 38 209 38 0.848
-5.5863 2.8892 1.6886 48 200 48 0.804
1.5874 -0.9901 3.3946 35 211 35 0.859
3.4960 -0.6720 2.5949 29 216 29 0.881
-1.3747 2.3844 3.4398 29 216 29 0.881
4.3530 0.4554 2.2156 29 216 29 0.881
4.2313 6.8314 2.2412 13 229 13 0.947
0.6638 0.3351 3.7915 29 216 29 0.881
-4.6093 -7.8784 2.2408 96 218 20 0.782
-7.3322 -5.5858 1.0499 35 211 35 0.859
-6.9571 4.1971 1.2384 38 209 38 0.848
0.9469 4.2403 3.6885 13 229 13 0.947
3.5462 7.2878 2.6259 29 216 29 0.881
-7.3224 3.7806 1.0184 18 225 18 0.925
2.9364 -4.5283 2.8323 21 222 21 0.914
-4.7244 -1.5525 2.0880 26 218 26 0.892
0.7093 6.5400 3.6836 48 200 48 0.804
0.7366 -2.6953 3.7623 35 211 35 0.859
-3.6891 3.5627 2.5476 29 216 29 0.881
6.0673 1.0010 1.5808 38 209 38 0.848
-1.2156 -4.1971 3.5514 24 220 24 0.903
-2.4485 -6.2697 3.0473 35 211 35 0.859
3.2665 -7.0152 2.7031 40 207 40 0.837
-4.0997 -3.3067 2.3661 21 222 21 0.914
-5.5855 2.1950 1.7555 18 225 18 0.925
0.8351 -7.5421 3.6631 38 209 38 0.848
-2.8928 7.4375 2.7648 26 218 26 0.892
-7.1244 -0.8096 1.2289 48 200 48 0.804
5.8731 4.4732 1.7119 35 211 35 0.859
-7.7764 -5.1018 0.9595 35 211 35 0.859
-4.6130 2.4179 2.1476 35 211 35 0.859
5.0093 4.3975 1.9820 32 214 32 0.870
2.1926 -0.3944 3.1414 96 218 20 0.782
6.9632 5.8349 1.1734 35 211 35 0.859
-4.5030 -2.9891 2.3216 29 216 29 0.881
-5.2998 1.9574 1.9062 40 207 40 0.837
-5.2038 -1.2419 1.9686 32 214 32 0.870
-4.1291 6.9817 2.2840 40 207 40 0.837
-4.5363 3.3775 2.1788 16 227 16 0.936
6.0603 5.7689 1.5573 46 202 46 0.815
-3.9698 -2.0049 2.4516 29 216 29 0.881
-1.7977 6.7422 3.2626 40 207 40 0.837
5.5494 1.2439 1.8047 26 218 26 0.892
-2.2349 -3.6123 3.0857 29 216 29 0.881
6.7813 5.0407 1.3312 24 220 24 0.903
-1.4621 -2.4559 3.4595 46 202 46 0.815
-5.0510 -1.6510 2.0259 24 220 24 0.903
0.8207 4.5202 3.7134 38 209 38 0.848
-1.5863 -0.6790 3.3601 16 227 16 0.936
-3.1090 -7.9694 2.7317 35 211 35 0.859
2.7844 1.9856 2.9303 18 225 18 0.925
-6.7861 -2.4714 1.3040 38 209 38 0.848
-5.8284 7.0458 1.6010 40 207 40 0.837
2.4900 -4.2567 3.0154 46 202 46 0.815
-0.6030 1.6138 3.8126 24 220 24 0.903
4.6282 -2.4848 2.2012 16 227 16 0.936
3.9871 -7.3136 2.3677 43 205 43 0.826
-5.1078 -5.1202 1.9401 26 218 26 0.892
-6.1830 5.9321 1.5677 24 220 24 0.903
-3.4225 -5.1919 2.6262 35 211 35 0.859
-2.5306 -7.0196 2.9757 16 227 16 0.936
-2.8074 2.7165 2.8338 26 218 26 0.892
-4.2391 0.4718 2.2029 40 207 40 0.837
1.4489 -6.0853 3.4178 26 218 26 0.892
-7.9772 -1.5004 0.8636 29 216 29 0.881
5.5645 6.7084 1.8265 29 216 29 0.881
6.8266 3.6599 1.3110 4 236 4 0.980
-7.7558 1.9042 0.8861 100 217 20 0.771
-4.5865 -0.3590 2.1340 96 218 20 0.782
0.8670 -1.8224 3.6267 21 222 21 0.914
2.6488 -4.2004 2.9134 32 214 32 0.870
-6.5957 3.0408 1.4068 38 209 38 0.848
5.9642 -4.8596 1.5816 35 211 35 0.859
-3.9165 -0.8890 2.5081 21 222 21 0.914
-4.2744 3.0971 2.3237 32 214 32 0.870
3.7226 -2.7024 2.5029 38 209 38 0.848
5.3705 0.2122 1.9445 46 202 46 0.815
-5.7492 3.5935 1.7820 48 200 48 0.804
-2.7526 2.6527 2.9165 29 216 29 0.881
-7.1144 1.5334 1.0758 92 219 20 0.793
0.9719 4.4842 3.6023 29 216 29 0.881
-4.6719 -5.2946 2.1230 16 227 16 0.936
3.6592 6.0938 2.4671 43 205 43 0.826
0.8351 1.6279 3.6035 92 219 20 0.793
-6.5369 -0.8520 1.3746 43 205 43 0.826
4.5096 3.6743 2.2170 18 225 18 0.925
6.6657 -2.7570 1.3989 35 211 35 0.859
4.3181 1.9935 2.1647 35 211 35 0.859
7.5766 -5.1221 0.9651 4 236 4 0.980
-5.6128 -1.3681 1.7680 32 214 32 0.870
-5.6552 4.1654 1.7663 32 214 32 0.870
-3.1946 7.0587 2.7170 32 214 32 0.870
7.3374 -1.5778 1.0804 21 222 21 0.914
6.6488 2.4351 1.4382 24 220 24 0.903
3.7286 1.2462 2.5044 38 209 38 0.848
-5.3620 0.6186 1.8212 29 216 29 0.881
-7.7335 -4.8088 0.8411 21 222 21 0.914
-7.7528 0.1748 0.8337 105 215 20 0.760
4.2477 -3.4148 2.2749 24 220 24 0.903
4.2364 1.7786 2.3811 35 211 35 0.859
6.9474 7.3269 1.1874 113 213 20 0.738
4.2838 -5.1776 2.3076 35 211 35 0.859
-7.6260 -2.5098 0.9891 43 205 43 0.826
2.7733 -0.8530 2.7632 35 211 35 0.859
-3.0305 5.2127 2.7960 26 218 26 0.892
-1.7933 6.3884 3.1721 29 216 29 0.881
-0.6108 -4.1897 3.7194 32 214 32 0.870
-1.2820 -0.7493 3.4632 24 220 24 0.903
7.9759 7.7866 0.8167 105 215 20 0.760
5.6916 2.5995 1.7637 32 214 32 0.870
0.0507 -6.5560 4.0233 24 220 24 0.903
4.5158 -6.0002 2.2328 26 218 26 0.892
1.0913 6.1593 3.6427 38 209 38 0.848
7.2371 -2.3711 1.1835 38 209 38 0.848
-4.3550 -5.7053 2.2389 46 202 46 0.815
2.0650 7.0249 3.2216 4 236 4 0.980
-3.9369 0.1011 2.3943 16 227 16 0.936
2.5056 1.7589 2.9477 18 225 18 0.925
3.6781 0.4074 2.5458 21 222 21 0.914
-0.3061 3.8811 3.9475 29 216 29 0.881
4.0184 -2.0206 2.3616 100 217 20 0.771
5.6291 3.4959 1.7230 32 214 32 0.870
-0.6560 -2.9841 3.7840 29 216 29 0.881
2.5263 -4.1671 2.9363 43 205 43 0.826
-6.4841 -7.1419 1.3956 32 214 32 0.870
-2.6381 0.1973 2.9255 32 214 32 0.870
-3.2151 5.8074 2.7793 16 227 16 0.936
-5.7626 1.2525 1.6732 29 216 29 0.881
-2.6885 6.3110 2.9717 38 209 38 0.848
-0.4031 -6.0417 3.8168 29 216 29 0.881
1.0798 0.7157 3.5896 43 205 43 0.826
1.7964 -6.6465 3.2605 29 216 29 0.881
-7.2668 -4.9701 1.1227 35 211 35 0.859
-4.6897 -0.6420 2.2341 32 214 32 0.870
4.0828 3.9731 2.2911 29 216 29 0.881
-0.1306 0.1315 3.8875 32 214 32 0.870
-7.7231 -6.5924 0.8576 29 216 29 0.881
1.7555 7.9666 3.3436 96 218 20 0.782
5.1909 3.9190 1.8783 26 218 26 0.892
-6.8042 -1.6914 1.2133 35 211 35 0.859
-6.9523 3.4807 1.2837 18 225 18 0.925
-2.1088 5.2700 3.1769 7 233 7 0.969
2.4840 -7.3902 3.0473 38 209 38 0.848
1.3779 1.9070 3.4111 100 217 20 0.771
0.7238 -5.7307 3.7694 32 214 32 0.870
4.0762 1.5281 2.3505 32 214 32 0.870
1.6342 -2.4565 3.3263 46 202 46 0.815
-0.9482 1.8247 3.6963 16 227 16 0.936
-2.5869 -7.7154 3.0368 96 218 20 0.782
-5.2028 -4.2976 1.9610 29 216 29 0.881
4.0589 -5.8238 2.3786 24 220 24 0.903
-2.4952 -7.5670 3.0412 35 211 35 0.859
-4.8503 -4.4708 2.0808 21 222 21 0.914
4.4564 5.3892 2.1715 35 211 35 0.859
-7.5822 -3.4653 0.9497 46 202 46 0.815
2.5541 -6.0462 2.9369 32 214 32 0.870
3.2173 3.6919 2.6812 38 209 38 0.848
4.7250 -7.2503 2.0730 43 205 43 0.826
-1.8186 6.5554 3.2642 29 216 29 0.881
-4.2382 4.3171 2.2721 38 209 38 0.848
7.3511 5.8918 0.9674 18 225 18 0.925
0.6145 -3.4044 3.8159 35 211 35 0.859
0.1264 7.4294 3.9114 21 222 21 0.914
2.6351 -4.9328 2.9775 26 218 26 0.892
-5.7870 -3.4593 1.7053 29 216 29 0.881
5.9456 -6.5850 1.6689 26 218 26 0.892
7.5329 7.0053 1.0002 10 231 10 0.958
5.1945 3.3173 1.9169 38 209 38 0.848
-5.8120 -3.4060 1.5939 40 207 40 0.837
-0.2338 -4.7343 4.0493 43 205 43 0.826
4.0107 5.5188 2.4044 21 222 21 0.914
2.6458 3.1856 2.9883 16 227 16 0.936
-7.4962 0.5533 1.0167 24 220 24 0.903
-3.6465 4.2483 2.5424 38 209 38 0.848
4.5108 6.1901 2.1456 26 218 26 0.892
-5.5671 7.4539 1.7801 46 202 46 0.815
-3.4695 -6.6223 2.5724 48 200 48 0.804
-3.5440 1.7012 2.5596 21 222 21 0.914
-5.1075 1.9795 1.9801 46 202 46 0.815
-4.3434 6.9068 2.2173 38 209 38 0.848
0.9591 5.7038 3.5616 40 207 40 0.837
5.2036 7.6999 1.9062 26 218 26 0.892
-2.7943 -2.6802 2.8443 35 211 35 0.859
-5.4368 -0.0430 1.8454 21 222 21 0.914
2.9133 6.4629 2.8213 26 218 26 0.892
0.2332 6.3513 3.8404 24 220 24 0.903
6.7185 3.6994 1.3063 13 229 13 0.947
2.6976 -2.2438 2.9830 40 207 40 0.837
0.1666 -1.2575 3.8681 10 231 10 0.958
-5.3504 -6.2147 1.8499 92 219 20 0.793
-4.1534 2.6135 2.3167 32 214 32 0.870
7.8224 -7.3264 0.9315 109 214 20 0.749
2.1841 4.4077 3.1106 29 216 29 0.881
3.4080 -4.1717 2.6560 26 218 26 0.892
7.6817 7.0684 0.8380 24 220 24 0.903
3.4047 5.4533 2.6581 35 211 35 0.859
-6.6776 7.0729 1.3156 18 225 18 0.925
5.3131 -6.7296 1.8272 4 236 4 0.980
-4.0544 -2.3519 2.4337 35 211 35 0.859
7.9451 1.2566 0.8961 46 202 46 0.815
7.2357 0.2936 1.1102 21 222 21 0.914
6.9314 -5.6047 1.3186 35 211 35 0.859
5.7869 3.7326 1.6718 35 211 35 0.859
-5.4171 5.2231 1.8663 92 219 20 0.793
0.5636 -5.0635 3.8234 46 202 46 0.815
1.8269 -7.3145 3.2122 29 216 29 0.881
-3.5842 -2.3623 2.5412 35 211 35 0.859
5.9427 6.4736 1.5804 24 220 24 0.903
-2.6318 -3.0072 2.8719 26 218 26 0.892
6.8119 -3.9361 1.3379 46 202 46 0.815
3.9496 -0.8028 2.4170 24 220 24 0.903
1.9534 3.4789 3.1848 32 214 32 0.870
1.3622 2.0156 3.3851 48 200 48 0.804
-7.6817 2.3159 0.9241 96 218 20 0.782
-5.6005 2.8108 1.7539 43 205 43 0.826
7.8279 5.0371 0.8885 24 220 24 0.903
-6.2800 2.7241 1.3917 26 218 26 0.892
-2.0317 -3.1108 3.1605 46 202 46 0.815
0.6199 -4.6713 3.8134 43 205 43 0.826
-6.6556 3.5835 1.3226 29 216 29 0.881
7.1962 4.1139 1.1835 43 205 43 0.826
4.2861 2.4984 2.2381 40 207 40 0.837
-5.5007 4.8882 1.8073 29 216 29 0.881
-1.8994 -1.5063 3.2281 38 209 38 0.848
-7.3514 2.5254 1.0619 35 211 35 0.859
-4.7394 -0.5619 2.0877 24 220 24 0.903
-6.6349 -5.9552 1.3189 40 207 40 0.837
-0.8785 7.6961 3.6051 40 207 40 0.837
-4.5726 -2.6117 2.1387 21 222 21 0.914
1.2244 -0.2648 3.4775 35 211 35 0.859
-1.8889 3.1784 3.2280 26 218 26 0.892
2.5868 1.8384 2.8766 16 227 16 0.936
0.3164 -3.0080 3.8210 40 207 40 0.837
6.8990 -5.2975 1.2772 32 214 32 0.870
-0.8509 -6.3772 3.6532 43 205 43 0.826
-0.6591 1.8868 3.7945 21 222 21 0.914
-3.6515 4.5630 2.4948 26 218 26 0.892
7.6610 -5.3677 0.8855 16 227 16 0.936
5.8552 4.4207 1.6465 32 214 32 0.870
-3.8429 -7.7332 2.5595 105 215 20 0.760
-2.9299 -0.6511 2.7509 26 218 26 0.892
4.3518 -0.2715 2.2362 38 209 38 0.848
3.1100 2.0108 2.7598 21 222 21 0.914
-0.4170 -2.5557 3.7920 46 202 46 0.815
-1.9992 -0.8179 3.1962 35 211 35 0.859
-0.9913 -0.8757 3.4729 43 205 43 0.826
-1.5097 -2.3829 3.4732 46 202 46 0.815
4.1193 -6.9775 2.3135 18 225 18 0.925
6.5187 5.4343 1.4178 13 229 13 0.947
3.6065 -7.4128 2.6887 32 214 32 0.870
5.1896 -7.5296 1.8984 21 222 21 0.914
3.0327 3.7481 2.7639 21 222 21 0.914
4.8244 -3.9296 2.0630 21 222 21 0.914
4.6569 -0.6067 2.1794 16 227 16 0.936
-1.7957 7.0509 3.2518 48 200 48 0.804
1.4945 -5.7531 3.3761 16 227 16 0.936
5.3880 4.3539 1.8910 40 207 40 0.837
-4.5530 -5.5985 2.1639 21 222 21 0.914
7.2449 5.1278 1.1263 26 218 26 0.892
3.8023 -0.2064 2.5529 29 216 29 0.881
2.5819 3.3520 2.9623 26 218 26 0.892
1.9998 -5.5397 3.1594 29 216 29 0.881
-3.4738 6.2411 2.6468 24 220 24 0.903
4.9028 6.9574 2.0414 18 225 18 0.925
-5.0925 0.8325 1.9587 38 209 38 0.848
-3.1755 -7.2235 2.7298 32 214 32 0.870
3.1778 6.9645 2.6971 40 207 40 0.837
1.3271 -4.5359 3.4969 43 205 43 0.826
-7.8602 -1.9841 0.8305 46 202 46 0.815
6.8778 7.1885 1.2614 96 218 20 0.782
-5.9546 1.1147 1.6664 26 218 26 0.892
6.8952 0.7820 1.1698 26 218 26 0.892
4.6162 6.7158 2.2398 21 222 21 0.914
-0.0095 3.3271 3.9660 32 214 32 0.870
-0.7695 6.7810 3.7355 24 220 24 0.903
-0.0553 4.3889 4.0393 24 220 24 0.903
-7.4753 7.1591 1.0114 43 205 43 0.826
-7.6294 -4.4118 1.0031 24 220 24 0.903
-1.0174 -1.1991 3.5716 29 216 29 0.881
-1.0171 -3.1504 3.4969 24 220 24 0.903
1.7813 -3.9280 3.2256 32 214 32 0.870
3.7466 -5.7217 2.4777 21 222 21 0.914
-6.7150 7.3925 1.2565 10 231 10 0.958
3.4728 6.5262 2.6288 21 222 21 0.914
4.3220 -1.9562 2.2785 18 225 18 0.925
-0.2035 1.5853 3.9565 21 222 21 0.914
-1.0553 6.6656 3.5868 24 220 24 0.903
-7.3324 3.5081 0.9962 35 211 35 0.859
-5.3011 6.3205 1.8469 32 214 32 0.870
0.7877 -5.1571 3.7337 92 219 20 0.793
0.1651 -7.4714 3.9278 26 218 26 0.892
0.7471 -3.8884 3.6721 32 214 32 0.870
-5.9473 -7.4803 1.5841 40 207 40 0.837
5.7875 5.0935 1.6816 4 236 4 0.980
6.1008 -4.5218 1.6098 38 209 38 0.848
4.3880 -6.5137 2.2357 24 220 24 0.903
-1.2800 -4.5450 3.4857 29 216 29 0.881
4.3984 4.9986 2.2201 43 205 43 0.826
5.9589 -4.6063 1.6033 21 222 21 0.914
3.1634 -6.4132 2.7058 10 231 10 0.958
-6.2510 0.5056 1.4772 18 225 18 0.925
-1.0131 -6.2840 3.5589 38 209 38 0.848
-3.8514 -4.4831 2.4183 4 236 4 0.980
-7.5098 -4.0438 0.9870 7 233 7 0.969
5.7078 -7.4817 1.6833 29 216 29 0.881
1.4867 7.5064 3.4625 38 209 38 0.848
-4.9780 -6.6669 1.9978 32 214 32 0.870
1.3616 -1.1568 3.5001 21 222 21 0.914
1.1410 6.3389 3.5644 26 218 26 0.892
1.9677 3.3608 3.2546 46 202 46 0.815
6.8078 -0.0918 1.3068 18 225 18 0.925
-3.0052 -0.7321 2.8375 26 218 26 0.892
-3.0558 5.4786 2.7121 38 209 38 0.848
2.8800 3.3772 2.8448 7 233 7 0.969
6.5422 6.2844 1.4571 35 211 35 0.859
6.6583 5.5419 1.2935 21 222 21 0.914
5.1579 3.1762 1.9979 35 211 35 0.859
-6.7050 3.0433 1.3380 24 220 24 0.903
6.0650 3.9558 1.5726 32 214 32 0.870
-4.2663 0.0045 2.2330 35 211 35 0.859
-3.7025 5.1954 2.5104 46 202 46 0.815
2.7069 3.1257 2.9637 21 222 21 0.914
6.9194 -5.3575 1.2891 40 207 40 0.837
-1.4038 -6.1883 3.4469 38 209 38 0.848
-5.6255 -7.6140 1.6712 21 222 21 0.914
0.9645 -6.5053 3.6318 48 200 48 0.804
-0.3767 -0.6865 3.8176 48 200 48 0.804
0.9729 6.2755 3.6431 29 216 29 0.881
-6.6267 -7.2896 1.3471 43 205 43 0.826
-5.8058 6.8502 1.7588 46 202 46 0.815
1.5037 6.5854 3.3247 35 211 35 0.859
-6.4182 0.8453 1.4728 29 216 29 0.881
3.0951 7.1440 2.8103 40 207 40 0.837
7.5407 -6.0550 0.9806 40 207 40 0.837
5.6913 -0.6843 1.7456 16 227 16 0.936
-1.5524 -3.5877 3.3422 35 211 35 0.859
-3.7531 -6.7496 2.5326 105 215 20 0.760
3.6862 7.4571 2.4453 24 220 24 0.903
2.1509 -0.8336 3.2098 40 207 40 0.837
0.0267 0.3714 3.9953 29 216 29 0.881
-3.0524 5.8858 2.8276 13 229 13 0.947
6.2888 7.0797 1.4929 43 205 43 0.826
-1.5230 3.9723 3.3926 38 209 38 0.848
-2.9949 1.4785 2.7092 16 227 16 0.936
-5.3247 -7.8464 1.8902 35 211 35 0.859
-4.7199 2.2164 2.1393 43 205 43 0.826
3.4670 2.2600 2.5492 35 211 35 0.859
-6.9323 7.0899 1.2384 13 229 13 0.947
-0.4914 2.9091 3.7815 26 218 26 0.892
-5.5145 2.2149 1.7641 21 222 21 0.914
2.9362 0.8726 2.8808 10 231 10 0.958
4.8392 6.8349 2.0544 24 220 24 0.903
-7.4573 -7.3859 1.0909 35 211 35 0.859
-7.6234 -0.3278 0.9346 26 218 26 0.892
6.5436 -6.0365 1.4000 16 227 16 0.936
1.7512 -7.5241 3.2144 29 216 29 0.881
1.8861 -4.3687 3.2088 32 214 32 0.870
3.9946 -7.2048 2.4093 32 214 32 0.870
-5.9003 -5.2551 1.6187 13 229 13 0.947
-7.8800 2.0169 0.8446 100 217 20 0.771
-7.4750 1.3581 1.0251 38 209 38 0.848
2.4116 3.9702 2.9909 24 220 24 0.903
2.8183 1.5759 2.8470 32 214 32 0.870
7.7036 4.3069 0.8977 21 222 21 0.914
1.8310 -5.4335 3.1936 29 216 29 0.881
-6.2971 0.2850 1.5471 29 216 29 0.881
6.9383 -1.0086 1.1560 48 200 48 0.804
-6.3162 -6.4673 1.4525 24 220 24 0.903
7.6647 -3.3588 0.9698 38 209 38 0.848
-7.5926 6.7870 0.8955 40 207 40 0.837
-5.5158 -6.2693 1.7345 43 205 43 0.826
-2.1939 -2.7528 3.1801 26 218 26 0.892
-4.8124 -1.3398 2.1370 26 218 26 0.892
2.3662 -1.8416 3.0845 35 211 35 0.859
-5.5114 1.5280 1.8269 38 209 38 0.848
-1.6526 -5.9139 3.2732 24 220 24 0.903
-2.2243 -1.1544 3.0873 32 214 32 0.870
5.0318 3.4264 1.9823 32 214 32 0.870
4.4564 -4.8988 2.2052 32 214 32 0.870
-6.1512 -2.6376 1.5581 18 225 18 0.925
5.9689 2.7206 1.5473 21 222 21 0.914
-7.3644 2.5747 0.9994 43 205 43 0.826
0.0458 -4.4330 3.9927 46 202 46 0.815
2.4026 3.1169 2.9949 13 229 13 0.947
-7.0556 -2.8294 1.2085 46 202 46 0.815
1.5218 -5.7058 3.3878 13 229 13 0.947
7.3243 -0.0711 1.1177 18 225 18 0.925
6.0236 2.9278 1.5647 43 205 43 0.826
6.2033 -7.6415 1.5328 10 231 10 0.958
4.2048 4.6723 2.3475 7 233 7 0.969
5.0159 1.5992 1.9746 96 218 20 0.782
-0.6441 6.0290 3.7242 32 214 32 0.870
-7.4297 -5.8248 0.9800 16 227 16 0.936
-3.0004 1.2647 2.8333 24 220 24 0.903
4.9510 6.8118 2.0505 21 222 21 0.914
2.6279 -3.8545 2.9393 26 218 26 0.892
6.8804 2.2435 1.2908 26 218 26 0.892
5.4418 -2.4793 1.8288 46 202 46 0.815
2.6185 -0.8370 2.9511 21 222 21 0.914
-7.4720 -2.3684 0.9952 92 219 20 0.793
-5.9592 7.8974 1.5769 105 215 20 0.760
3.7985 -7.4769 2.5301 35 211 35 0.859
4.2162 1.2458 2.2836 24 220 24 0.903
4.8983 6.9619 1.9996 18 225 18 0.925
6.8356 -7.7055 1.2645 16 227 16 0.936
-7.7079 -4.8694 1.0363 21 222 21 0.914
-3.7593 -5.3142 2.5304 29 216 29 0.881
0.0228 0.2816 3.8937 18 225 18 0.925
-3.9290 6.5743 2.4411 35 211 35 0.859
-1.1109 1.4622 3.5772 18 225 18 0.925
2.5337 2.4717 2.9573 96 218 20 0.782
-7.3806 -4.1735 1.0311 13 229 13 0.947
5.3497 -4.3466 1.7858 29 216 29 0.881
-3.2688 -1.8629 2.7249 24 220 24 0.903
-1.4669 -1.1889 3.3957 24 220 24 0.903
-3.9322 -4.5469 2.4754 4 236 4 0.980
-3.9270 5.6513 2.4679 32 214 32 0.870
5.8394 6.6200 1.7069 13 229 13 0.947
2.8837 1.4157 2.8701 35 211 35 0.859
-7.9719 -3.6927 0.8957 48 200 48 0.804
5.1290 5.5507 1.9925 26 218 26 0.892
2.9055 -2.6771 2.8566 32 214 32 0.870
6.8480 -3.8887 1.2137 40 207 40 0.837
5.3381 -6.1221 1.8198 4 236 4 0.980
-3.3199 -1.8545 2.5937 35 211 35 0.859
-5.3006 -5.2754 1.8595 26 218 26 0.892
1.5979 -7.5424 3.3444 48 200 48 0.804
0.8066 5.2358 3.7636 24 220 24 0.903
-7.0437 -2.4646 1.2684 43 205 43 0.826
-2.3505 0.3675 3.0730 24 220 24 0.903
-2.5686 7.3152 2.9816 26 218 26 0.892
5.0945 -3.5685 1.9778 35 211 35 0.859
-6.9674 -5.2059 1.2591 16 227 16 0.936
-1.2584 5.7342 3.4940 21 222 21 0.914
2.4181 4.0982 3.0323 26 218 26 0.892
7.6723 -5.4375 0.9116 16 227 16 0.936
-6.8977 -7.6360 1.1761 38 209 38 0.848
0.8441 1.9829 3.5913 100 217 20 0.771
-5.5421 -6.4538 1.7986 38 209 38 0.848
-2.5315 6.9311 3.0786 40 207 40 0.837
-4.0408 -7.0542 2.4330 29 216 29 0.881
1.1818 1.3715 3.5625 43 205 43 0.826
-0.1441 -3.0542 3.9895 13 229 13 0.947
-1.8860 -2.7472 3.2364 32 214 32 0.870
0.0990 -6.4109 3.9872 24 220 24 0.903
6.0335 4.7214 1.5656 38 209 38 0.848
5.9810 0.0272 1.5789 43 205 43 0.826
4.7460 -6.8668 2.1046 24 220 24 0.903
6.2485 2.0589 1.4908 26 218 26 0.892
-6.0405 -7.6608 1.5602 26 218 26 0.892
-5.3657 -6.4322 1.8416 35 211 35 0.859
1.2984 4.5749 3.4970 24 220 24 0.903
7.3598 6.7910 1.0826 29 216 29 0.881
-6.5668 -2.0711 1.4012 38 209 38 0.848
-4.3725 -3.1421 2.2420 35 211 35 0.859
7.9009 -3.7490 0.8355 38 209 38 0.848
-6.1189 6.2948 1.6096 10 231 10 0.958
-4.7470 0.4335 2.0450 35 211 35 0.859
-2.9573 -1.8711 2.8192 13 229 13 0.947
0.2821 -1.9303 3.8937 48 200 48 0.804
-4.2016 -2.1276 2.3091 21 222 21 0.914
4.4657 3.5136 2.1770 13 229 13 0.947
-5.2969 2.0124 1.9079 38 209 38 0.848
-1.9767 6.3831 3.2175 26 218 26 0.892
0.5046 -0.1084 3.7473 40 207 40 0.837
-1.7823 -5.7337 3.2625 26 218 26 0.892
-1.0436 0.7173 3.5588 21 222 21 0.914
4.2210 -6.0304 2.3780 43 205 43 0.826
1.2164 0.4674 3.4989 18 225 18 0.925
-4.4872 4.8474 2.1639 32 214 32 0.870
-2.7515 5.6658 2.8717 24 220 24 0.903
3.7167 -5.4894 2.5988 46 202 46 0.815
2.7920 6.6801 2.7985 32 214 32 0.870
-7.5254 0.7393 0.9353 21 222 21 0.914
4.7784 3.9901 2.1379 35 211 35 0.859
-5.9582 2.7181 1.6582 7 233 7 0.969
-7.1079 5.7258 1.2037 46 202 46 0.815
-2.8609 -2.9324 2.8638 24 220 24 0.903
7.6812 -5.1936 0.9565 4 236 4 0.980
3.4477 -5.9144 2.5490 18 225 18 0.925
1.2636 -2.6395 3.4873 16 227 16 0.936
0.2940 0.3362 3.8334 26 218 26 0.892
-4.0421 -7.1135 2.4510 16 227 16 0.936
-6.5668 4.2382 1.3130 26 218 26 0.892
6.7901 -4.3457 1.3084 40 207 40 0.837
2.6202 0.8843 2.9219 26 218 26 0.892
7.5891 -0.4777 1.0561 48 200 48 0.804
2.8133 -0.2591 2.8543 48 200 48 0.804
3.5584 7.4638 2.6240 29 216 29 0.881
6.5480 -2.8386 1.4630 32 214 32 0.870
-5.5943 4.9330 1.7638 32 214 32 0.870
-7.9491 3.3236 0.7802 113 213 20 0.738
3.1091 6.2417 2.7460 24 220 24 0.903
5.3294 -3.5238 1.7746 92 219 20 0.793
-2.1720 6.5843 3.1934 38 209 38 0.848
6.3138 -7.7131 1.4315 16 227 16 0.936
6.4681 3.4624 1.3860 105 215 20 0.760
-5.9763 1.3260 1.6132 21 222 21 0.914
3.9916 4.2983 2.5261 26 218 26 0.892
3.4728 -7.7088 2.5382 38 209 38 0.848
0.6924 5.7571 3.8181 32 214 32 0.870
5.2204 1.1505 1.8183 38 209 38 0.848
5.7139 7.6247 1.6547 18 225 18 0.925
5.0033 2.4594 1.9981 24 220 24 0.903
7.4760 -0.0094 0.9944 18 225 18 0.925
-1.0136 -2.8096 3.5086 21 222 21 0.914
5.1493 6.8718 1.9918 35 211 35 0.859
2.6038 7.9439 2.9455 105 215 20 0.760
4.5349 -4.2932 2.1109 35 211 35 0.859
2.7474 -3.3832 2.8689 18 225 18 0.925
3.4472 -6.9392 2.5661 29 216 29 0.881
-4.6860 -2.8706 2.1079 21 222 21 0.914
5.0999 -5.2331 1.9902 21 222 21 0.914
-0.3585 -3.1385 3.9310 24 220 24 0.903
0.3026 -0.1454 3.8638 46 202 46 0.815
0.9067 2.2926 3.6273 48 200 48 0.804
-3.3481 2.1757 2.7004 43 205 43 0.826
7.7140 0.1706 1.0043 92 219 20 0.793
7.7624 7.0343 0.8645 21 222 21 0.914
7.7485 -5.2511 0.9677 16 227 16 0.936
-7.4421 7.1770 0.9291 46 202 46 0.815
0.9125 -2.0526 3.6394 24 220 24 0.903
-5.9043 3.7596 1.5583 92 219 20 0.793
1.3894 2.4508 3.4041 40 207 40 0.837
-5.0275 -3.3286 2.0141 38 209 38 0.848
-4.5349 2.3880 2.0502 38 209 38 0.848
3.4252 -4.8861 2.5916 24 220 24 0.903
-0.9745 -3.2340 3.6369 21 222 21 0.914
-1.4389 -0.9879 3.4309 13 229 13 0.947
0.2608 0.6450 3.8602 40 207 40 0.837
5.6446 6.7321 1.7338 4 236 4 0.980
6.2482 -2.9046 1.5850 35 211 35 0.859
2.3047 -5.3149 3.0735 43 205 43 0.826
-3.6501 0.9847 2.5339 24 220 24 0.903
-5.4339 -3.9346 1.8157 35 211 35 0.859
-2.6553 -1.1142 2.9380 26 218 26 0.892
5.4994 -6.6222 1.8251 4 236 4 0.980
2.6614 -2.3891 2.9841 38 209 38 0.848
-2.8565 3.3575 2.8046 10 231 10 0.958
-5.7849 -1.0160 1.6111 38 209 38 0.848
-7.0473 -5.0963 1.1716 26 218 26 0.892
5.3767 -5.6592 1.8849 18 225 18 0.925
1.4376 -3.1470 3.3583 18 225 18 0.925
-2.7304 3.6845 2.9101 35 211 35 0.859
-0.9893 -1.7305 3.5994 35 211 35 0.859
4.4566 4.1779 2.1762 32 214 32 0.870
-1.1706 -3.7934 3.5651 46 202 46 0.815
-3.2226 -5.4810 2.8132 38 209 38 0.848
6.6097 0.3259 1.4045 35 211 35 0.859
0.6108 2.4642 3.8044 32 214 32 0.870
1.8400 -1.8840 3.2574 7 233 7 0.969
5.6778 5.2632 1.7440 4 236 4 0.980
1.8860 5.3785 3.2789 46 202 46 0.815
1.8736 7.6990 3.2536 26 218 26 0.892
5.4481 -4.0706 1.7923 24 220 24 0.903
-1.2170 -1.1039 3.6099 35 211 35 0.859
-0.8741 3.0134 3.5754 13 229 13 0.947
3.9690 6.2652 2.4267 92 219 20 0.793
2.7472 -6.0244 2.8887 16 227 16 0.936
0.9541 6.1491 3.6284 40 207 40 0.837
5.9261 -3.0914 1.5674 29 216 29 0.881
7.4039 -0.2575 1.0594 29 216 29 0.881
5.2863 -2.2600 1.9403 38 209 38 0.848
6.6585 -0.7088 1.3477 38 209 38 0.848
5.0490 -0.1276 1.9652 29 216 29 0.881
3.4064 -4.3449 2.6863 18 225 18 0.925
5.5511 -5.7089 1.7181 10 231 10 0.958
-3.7941 5.1680 2.5232 40 207 40 0.837
-5.2383 -1.6312 1.8403 35 211 35 0.859
7.2432 0.9007 1.2013 43 205 43 0.826
-2.0987 -2.8779 3.1460 32 214 32 0.870
-2.7536 2.5113 2.9089 24 220 24 0.903
-5.9801 6.0373 1.6013 10 231 10 0.958
-5.3978 2.6977 1.8734 35 211 35 0.859
0.6489 -1.5299 3.7307 18 225 18 0.925
-0.0711 4.5928 3.9846 24 220 24 0.903
-0.5980 4.3103 3.7764 100 217 20 0.771
-7.4429 -7.7482 1.0824 40 207 40 0.837
-1.7276 -3.6190 3.2410 43 205 43 0.826
-4.0971 7.7509 2.3122 24 220 24 0.903
4.0344 7.5505 2.3368 43 205 43 0.826
-5.5669 -0.8801 1.6804 32 214 32 0.870
-2.4259 -2.1445 3.1673 43 205 43 0.826
-2.5920 -7.1636 2.9140 16 227 16 0.936
4.4593 0.2168 2.1549 35 211 35 0.859
1.2252 -3.4217 3.5001 16 227 16 0.936
-3.7278 0.2721 2.5683 13 229 13 0.947
-3.2427 -7.9464 2.6091 43 205 43 0.826
-6.8250 6.4663 1.2565 21 222 21 0.914
1.2244 -1.2739 3.4520 4 236 4 0.980
-7.8597 -1.3637 0.8635 26 218 26 0.892
5.7896 -0.4333 1.7584 24 220 24 0.903
-0.8780 1.6073 3.7052 21 222 21 0.914
-2.3680 -6.8105 2.9820 48 200 48 0.804
-4.3232 5.0513 2.2414 24 220 24 0.903
7.0393 -4.8517 1.1677 10 231 10 0.958
-5.1973 0.2255 1.8155 24 220 24 0.903
5.9697 -7.3961 1.6955 24 220 24 0.903
3.6937 2.6358 2.5361 38 209 38 0.848
0.2892 -1.8508 3.8753 43 205 43 0.826
-3.1264 7.6233 2.7118 38 209 38 0.848
-0.7454 1.9072 3.6616 4 236 4 0.980
-3.0473 6.2953 2.7169 16 227 16 0.936
-0.5024 7.6258 3.8545 35 211 35 0.859
-7.9430 -5.0354 0.8316 100 217 20 0.771
2.1495 -7.3534 3.2090 32 214 32 0.870
7.1144 -6.2895 1.1737 38 209 38 0.848
-0.2926 1.5313 3.7878 13 229 13 0.947
-2.3123 -7.3164 3.1270 40 207 40 0.837
-2.6818 2.9904 2.9429 26 218 26 0.892
-2.0323 0.7250 3.2194 40 207 40 0.837
-5.4294 2.3170 1.8765 21 222 21 0.914
2.4142 -2.5762 3.0138 26 218 26 0.892
3.2040 0.7716 2.7016 16 227 16 0.936
1.4887 -4.5908 3.4119 38 209 38 0.848
5.0030 1.1383 1.9614 21 222 21 0.914
2.7001 -6.6785 2.9199 16 227 16 0.936
4.2027 4.4829 2.2980 10 231 10 0.958
1.2273 4.4346 3.4709 24 220 24 0.903
-4.8857 -0.7648 2.0377 21 222 21 0.914
4.2847 3.7773 2.2527 26 218 26 0.892
-5.4742 7.4610 1.6952 46 202 46 0.815
-4.4023 -5.1092 2.1419 16 227 16 0.936
-1.3358 7.1871 3.4551 35 211 35 0.859
6.1125 -1.3560 1.5321 13 229 13 0.947
2.5017 -6.0917 2.9215 35 211 35 0.859
-1.9182 7.7391 3.2597 105 215 20 0.760
-5.9718 7.5495 1.5904 48 200 48 0.804
1.9504 -7.3856 3.2466 18 225 18 0.925
-6.6598 2.4255 1.3154 35 211 35 0.859
2.1567 2.6693 3.2059 38 209 38 0.848
3.0396 4.4303 2.8746 48 200 48 0.804
-1.2129 5.8829 3.4686 29 216 29 0.881
-6.3452 6.4933 1.4405 16 227 16 0.936
3.5598 -5.9637 2.5148 21 222 21 0.914
-4.7528 -4.4983 2.0559 24 220 24 0.903
-3.5967 5.6256 2.5896 35 211 35 0.859
-0.3414 7.2628 3.9083 29 216 29 0.881
-3.4728 5.6917 2.6092 18 225 18 0.925
0.5165 -3.7395 3.8155 26 218 26 0.892
-4.5225 0.4713 2.0539 32 214 32 0.870
-0.5106 3.7758 3.8043 40 207 40 0.837
-2.1047 -1.1471 3.1255 38 209 38 0.848
-7.3359 3.0392 1.0192 38 209 38 0.848
1.2494 -1.2852 3.5772 4 236 4 0.980
1.9231 -6.0408 3.1980 38 209 38 0.848
-3.9484 -3.5266 2.4219 18 225 18 0.925
-7.2057 -3.3813 1.0340 46 202 46 0.815
1.2766 -6.2207 3.5786 38 209 38 0.848
1.2429 -5.2418 3.4229 38 209 38 0.848
-1.1550 0.0967 3.5625 32 214 32 0.870
-2.6614 4.7187 2.9698 21 222 21 0.914
4.0438 1.4192 2.3644 29 216 29 0.881
4.0431 -3.4040 2.4206 10 231 10 0.958
-3.8806 4.5366 2.5381 35 211 35 0.859
-2.1195 -0.9152 3.2274 21 222 21 0.914
-4.1019 0.9640 2.3581 24 220 24 0.903
-1.5327 -0.8688 3.3851 21 222 21 0.914
-7.5845 -7.4123 0.9568 24 220 24 0.903
-3.3888 6.3281 2.7303 32 214 32 0.870
-1.4542 -0.2541 3.3702 21 222 21 0.914
0.8277 2.9592 3.6465 13 229 13 0.947
-2.5459 0.5864 2.9997 18 225 18 0.925
3.9751 -5.9066 2.3598 24 220 24 0.903
6.9476 -5.2373 1.1962 35 211 35 0.859
4.1437 2.7577 2.3511 48 200 48 0.804
-0.6933 -1.6119 3.7612 21 222 21 0.914
-3.4191 0.2157 2.5701 10 231 10 0.958
-3.3163 -2.5691 2.6581 46 202 46 0.815
1.6794 -6.2583 3.3811 43 205 43 0.826
6.4470 2.3975 1.3605 29 216 29 0.881
7.2653 -5.5009 1.1142 48 200 48 0.804
6.5768 -0.2276 1.3924 38 209 38 0.848
-3.7120 6.0743 2.5344 29 216 29 0.881
3.8568 7.7314 2.3888 48 200 48 0.804
-4.0108 1.2990 2.3813 10 231 10 0.958
-0.3635 6.3593 3.9554 40 207 40 0.837
3.1756 6.6455 2.7258 29 216 29 0.881
1.3150 -4.2318 3.5712 46 202 46 0.815
5.2478 -6.8772 1.9436 4 236 4 0.980
-4.0099 -3.0107 2.4015 24 220 24 0.903
-3.5521 -3.0663 2.5386 26 218 26 0.892
-6.3678 2.7635 1.3949 32 214 32 0.870
-4.1524 4.2039 2.3452 29 216 29 0.881
2.7138 1.0523 2.9826 26 218 26 0.892
-1.6447 3.5133 3.3057 43 205 43 0.826
4.1280 -2.8694 2.3746 24 220 24 0.903
-7.3027 6.5578 1.1048 29 216 29 0.881
5.0877 -4.0546 2.0329 35 211 35 0.859
7.4516 7.5227 1.0321 46 202 46 0.815
5.0760 0.7655 1.8939 29 216 29 0.881
-5.2038 0.4086 1.8293 29 216 29 0.881
6.2182 -7.3150 1.5708 21 222 21 0.914
2.2696 1.9352 2.9772 7 233 7 0.969
3.4258 -4.4378 2.5781 18 225 18 0.925
1.4688 3.4160 3.4310 92 219 20 0.793
1.0914 -3.8380 3.5760 35 211 35 0.859
-1.5625 5.5343 3.4231 92 219 20 0.793
5.7125 -0.4131 1.7222 24 220 24 0.903
6.0375 0.1414 1.7159 38 209 38 0.848
-7.0302 -3.6432 1.1978 26 218 26 0.892
-6.3488 -0.9916 1.4693 32 214 32 0.870
5.7822 -3.1519 1.6601 24 220 24 0.903
-3.0838 7.5247 2.7595 26 218 26 0.892
-1.5912 -6.0700 3.3069 21 222 21 0.914
6.1626 0.2232 1.4361 46 202 46 0.815
-0.4625 -4.1877 3.8342 26 218 26 0.892
-5.6271 7.4293 1.6412 43 205 43 0.826
4.6730 0.9752 2.1818 24 220 24 0.903
0.9521 3.9288 3.5809 38 209 38 0.848
-6.8101 7.1634 1.2019 16 227 16 0.936
6.5038 2.6956 1.4137 26 218 26 0.892
5.6208 1.1721 1.7507 29 216 29 0.881
-6.8466 -0.4030 1.3417 46 202 46 0.815
-6.2029 3.6925 1.4967 48 200 48 0.804
4.1726 4.3374 2.3282 7 233 7 0.969
6.1863 -1.4547 1.5412 13 229 13 0.947
2.4609 6.7198 3.0504 21 222 21 0.914
-5.5561 5.8430 1.8132 16 227 16 0.936
-4.0221 4.9724 2.3741 32 214 32 0.870
-6.7473 5.4171 1.3374 16 227 16 0.936
2.6360 1.0482 2.9869 29 216 29 0.881
1.9968 -1.8402 3.2108 21 222 21 0.914
-1.9567 -2.1494 3.2392 96 218 20 0.782
6.1680 -3.6667 1.5546 26 218 26 0.892
-1.6672 7.4466 3.2654 40 207 40 0.837
6.5256 0.0652 1.3552 38 209 38 0.848
2.3350 3.3594 3.1385 26 218 26 0.892
-1.5289 -1.2447 3.4167 29 216 29 0.881
-3.6952 -2.1775 2.5831 24 220 24 0.903
4.0044 1.0636 2.3622 21 222 21 0.914
-5.3192 1.3508 1.8080 100 217 20 0.771
2.7213 -3.0407 2.9170 10 231 10 0.958
-5.4863 2.1896 1.7705 16 227 16 0.936
6.4136 -0.9456 1.3788 24 220 24 0.903
5.7169 2.5096 1.7012 35 211 35 0.859
6.3265 -5.0222 1.4549 24 220 24 0.903
-4.6745 1.9932 2.0709 40 207 40 0.837
5.6404 4.9615 1.7831 4 236 4 0.980
-5.6180 1.1199 1.7453 35 211 35 0.859
6.6521 -6.9473 1.3497 24 220 24 0.903
0.8609 0.0126 3.6616 40 207 40 0.837
1.5105 7.5950 3.3589 40 207 40 0.837
-5.8756 -3.0593 1.7520 43 205 43 0.826
1.7470 -3.2010 3.3129 35 211 35 0.859
6.2983 0.7063 1.5127 48 200 48 0.804
-7.8309 7.6063 0.8793 92 219 20 0.793
-0.0571 -2.4906 3.9848 38 209 38 0.848
-2.5174 1.1932 2.9784 48 200 48 0.804
-5.8811 0.4345 1.6670 4 236 4 0.980
0.4031 -5.5970 3.8200 26 218 26 0.892
-2.8561 -1.6636 2.8639 18 225 18 0.925
2.0234 0.2241 3.1640 26 218 26 0.892
-5.1672 -3.1128 1.9606 32 214 32 0.870
0.9326 -5.2321 3.6397 92 219 20 0.793
-0.2779 6.2720 3.8572 38 209 38 0.848
-7.4197 -0.6859 1.0713 21 222 21 0.914
6.8908 3.3729 1.3461 38 209 38 0.848
1.8622 -1.7923 3.2138 21 222 21 0.914
6.5246 3.6162 1.3575 32 214 32 0.870
-2.1884 -2.2014 3.1643 35 211 35 0.859
-7.9351 6.9780 0.8153 113 213 20 0.738
4.2439 1.3042 2.4042 26 218 26 0.892
-3.4955 -1.2981 2.6263 35 211 35 0.859
3.3484 4.5162 2.6274 29 216 29 0.881
5.8708 -3.5854 1.6138 24 220 24 0.903
5.9209 5.1757 1.6347 7 233 7 0.969
0.3448 -4.4540 3.8029 43 205 43 0.826
1.5938 4.5753 3.3339 24 220 24 0.903
-2.9042 -4.7311 2.8421 48 200 48 0.804
-2.2367 -7.7726 3.1076 43 205 43 0.826
-5.7084 1.4131 1.6787 24 220 24 0.903
0.4786 -7.4707 3.8234 29 216 29 0.881
-6.1597 6.7384 1.4619 40 207 40 0.837
-3.6308 6.7943 2.5935 21 222 21 0.914
-4.1893 -0.1342 2.3887 26 218 26 0.892
-1.1903 -4.8720 3.5643 32 214 32 0.870
-5.2537 7.7857 1.9626 96 218 20 0.782
5.0989 -5.7133 1.8930 21 222 21 0.914
4.9308 0.5006 2.0080 48 200 48 0.804
-6.8783 -4.7916 1.2629 38 209 38 0.848
6.4276 -1.8964 1.4398 24 220 24 0.903
7.4294 -6.3071 0.9754 46 202 46 0.815
2.8494 -2.5717 2.9562 38 209 38 0.848
7.2750 2.0067 1.1041 96 218 20 0.782
-6.5624 3.2752 1.4313 26 218 26 0.892
4.0575 -4.7623 2.3553 16 227 16 0.936
-0.6575 4.6872 3.6906 92 219 20 0.793
4.6078 -4.8952 2.1442 35 211 35 0.859
4.0594 2.1916 2.3489 29 216 29 0.881
-6.8435 -2.4921 1.3128 40 207 40 0.837
-5.9954 0.1909 1.6554 40 207 40 0.837
-3.7610 -3.3631 2.4375 21 222 21 0.914
-7.9509 -1.6088 0.8237 26 218 26 0.892
4.6968 -5.2984 2.0837 46 202 46 0.815
7.3775 4.4089 1.0137 46 202 46 0.815
1.7279 -3.4438 3.2971 43 205 43 0.826
-3.2812 6.1159 2.7146 4 236 4 0.980
2.2648 -1.3736 3.1387 35 211 35 0.859
0.1275 -6.7814 3.7989 26 218 26 0.892
-5.6295 -2.3567 1.6958 13 229 13 0.947
1.5809 2.2702 3.3979 46 202 46 0.815
-5.1483 -4.6993 1.9733 4 236 4 0.980
-6.7731 -7.3747 1.2409 26 218 26 0.892
-4.7427 -6.5872 2.0989 32 214 32 0.870
6.6446 7.6985 1.3620 46 202 46 0.815
-6.7634 1.0820 1.2034 35 211 35 0.859
5.0892 -0.1175 1.9684 24 220 24 0.903
-7.9808 -1.2818 0.7609 35 211 35 0.859
-7.8980 4.1163 0.8840 32 214 32 0.870
-0.6036 -5.9385 3.8541 32 214 32 0.870
-4.2911 1.1103 2.2429 32 214 32 0.870
-5.7797 4.1110 1.7247 29 216 29 0.881
-0.2827 3.8433 3.8659 29 216 29 0.881
-7.2708 -6.6595 1.1421 16 227 16 0.936
1.6147 7.6713 3.4260 32 214 32 0.870
6.6141 7.6450 1.3818 40 207 40 0.837
-2.7316 4.4502 2.8666 35 211 35 0.859
0.6949 4.5761 3.7071 40 207 40 0.837
7.1988 -5.0351 1.2090 24 220 24 0.903
-7.3301 2.2479 1.1336 35 211 35 0.859
1.2841 -6.3631 3.4250 43 205 43 0.826
6.8718 -3.5393 1.2298 18 225 18 0.925
4.5546 -6.1682 2.1165 32 214 32 0.870
2.2331 5.0152 3.0609 26 218 26 0.892
-2.9295 -4.8177 2.8113 43 205 43 0.826
7.5951 -7.8065 0.8537 48 200 48 0.804
-1.4782 -1.0005 3.3373 13 229 13 0.947
7.1960 3.5495 1.0857 40 207 40 0.837
4.8874 1.3716 2.0392 29 216 29 0.881
7.5689 -3.9311 0.9950 7 233 7 0.969
-1.3443 -3.2294 3.4984 7 233 7 0.969
3.2157 0.8073 2.7516 13 229 13 0.947
6.5235 1.2726 1.3694 29 216 29 0.881
-7.9141 -0.3873 0.7798 109 214 20 0.749
2.3519 -1.4228 2.9954 24 220 24 0.903
-6.7013 -6.9488 1.2936 21 222 21 0.914
3.9419 4.4603 2.4193 4 236 4 0.980
5.5027 4.4166 1.8557 46 202 46 0.815
1.2010 -5.1106 3.5104 48 200 48 0.804
0.5588 0.8706 3.8433 92 219 20 0.793
3.0164 4.2931 2.7346 38 209 38 0.848
5.5242 3.2452 1.7558 32 214 32 0.870
4.7266 6.8820 2.1377 21 222 21 0.914
1.7621 -3.3341 3.3088 43 205 43 0.826
-0.2569 4.4453 3.8867 21 222 21 0.914
7.1147 6.8176 1.2246 13 229 13 0.947
6.8707 -0.8940 1.1783 43 205 43 0.826
4.1715 3.4276 2.3826 10 231 10 0.958
-7.2186 -4.7635 1.1017 43 205 43 0.826
-6.2513 0.9018 1.4464 29 216 29 0.881
-2.2750 -3.2109 3.0666 10 231 10 0.958
5.9288 7.4900 1.6188 21 222 21 0.914
-5.6983 1.9084 1.7939 32 214 32 0.870
-1.8179 4.5130 3.2481 32 214 32 0.870
-6.0316 -2.2012 1.5400 26 218 26 0.892
-3.4950 0.2790 2.5625 13 229 13 0.947
-1.5466 1.6299 3.3522 16 227 16 0.936
7.4801 -2.8962 0.9808 46 202 46 0.815
-3.1632 -2.0653 2.7902 18 225 18 0.925
-0.2336 -2.8821 3.8392 10 231 10 0.958
7.7114 4.4478 0.9224 10 231 10 0.958
2.8778 -2.0892 2.8131 43 205 43 0.826
2.0650 2.4884 3.2253 46 202 46 0.815
4.9165 5.4317 1.9771 13 229 13 0.947
-2.1954 -7.1002 3.1756 92 219 20 0.793
7.3930 0.3914 1.0798 26 218 26 0.892
5.4718 5.0935 1.8607 7 233 7 0.969
2.7397 7.1643 2.8946 38 209 38 0.848
-3.8209 -4.7119 2.4405 7 233 7 0.969
-7.0336 7.8409 1.1662 43 205 43 0.826
-6.8764 -5.2848 1.2363 7 233 7 0.969
-6.4990 0.3816 1.4143 18 225 18 0.925
3.6994 -5.6975 2.5832 26 218 26 0.892
-7.1108 6.7912 1.1299 32 214 32 0.870
-0.5939 5.1003 3.7325 35 211 35 0.859
-4.2753 2.9113 2.2628 29 216 29 0.881
0.1895 -0.0930 3.9696 38 209 38 0.848
-3.4676 0.7349 2.6097 24 220 24 0.903
-1.3641 -4.9307 3.4247 26 218 26 0.892
2.0998 0.3423 3.1207 26 218 26 0.892
0.8141 6.5324 3.7548 43 205 43 0.826
-2.1545 5.5098 3.0536 21 222 21 0.914
5.2181 -2.9007 1.9746 43 205 43 0.826
5.4712 2.1022 1.8347 24 220 24 0.903
-2.2785 -4.5759 3.0540 96 218 20 0.782
7.1431 -7.2148 1.1573 40 207 40 0.837
2.5266 0.5803 2.9750 29 216 29 0.881
-2.6775 -4.8709 2.9138 38 209 38 0.848
0.5615 2.8735 3.7438 16 227 16 0.936
1.9720 -2.9167 3.1461 18 225 18 0.925
-5.4511 -6.3357 1.7647 43 205 43 0.826
2.6788 7.1871 2.9735 38 209 38 0.848
5.5949 -5.9874 1.7760 10 231 10 0.958
5.2331 -5.1736 1.7768 32 214 32 0.870
-7.9176 7.0992 0.7978 109 214 20 0.749
4.8347 -5.6193 2.0762 40 207 40 0.837
4.3740 5.6406 2.1913 18 225 18 0.925
3.8691 3.2925 2.4107 26 218 26 0.892
-6.0139 -1.3881 1.5861 40 207 40 0.837
4.9064 1.2292 1.9783 29 216 29 0.881
0.1381 4.5392 3.9430 13 229 13 0.947
7.4032 -1.4258 0.9984 32 214 32 0.870
2.5863 1.7293 2.9057 18 225 18 0.925
4.2893 -0.0696 2.2881 18 225 18 0.925
-3.7137 -2.5175 2.5212 38 209 38 0.848
-4.7610 -0.7598 2.0324 35 211 35 0.859
-6.1640 -7.6541 1.5916 24 220 24 0.903
-6.6234 5.1754 1.3343 24 220 24 0.903
1.5934 6.7980 3.3730 26 218 26 0.892
5.5706 4.3986 1.7073 35 211 35 0.859
-5.8597 3.9449 1.6030 35 211 35 0.859
1.7604 -2.3130 3.3058 16 227 16 0.936
3.7589 -0.7684 2.4816 35 211 35 0.859
7.2976 -5.9318 1.1536 92 219 20 0.793
6.7179 4.9888 1.3049 24 220 24 0.903
7.5691 6.9750 1.0431 16 227 16 0.936
-5.5462 3.5679 1.7772 113 213 20 0.738
0.7291 5.4064 3.7716 35 211 35 0.859
-7.7639 -1.3572 0.9204 16 227 16 0.936
3.2869 -6.6333 2.6237 18 225 18 0.925
5.9682 -6.3002 1.6155 38 209 38 0.848
3.5926 -6.7799 2.6169 24 220 24 0.903
-4.2581 -4.2331 2.3471 18 225 18 0.925
2.1367 -0.9675 3.0926 29 216 29 0.881
6.4488 -5.1611 1.3808 13 229 13 0.947
-7.2592 4.9668 1.1414 46 202 46 0.815
7.4977 -2.7503 1.0352 38 209 38 0.848
-0.3548 -7.8520 3.9023 48 200 48 0.804
4.9878 -1.2394 2.1163 21 222 21 0.914
-5.3719 6.6664 1.8518 40 207 40 0.837
2.2128 5.2614 3.1889 48 200 48 0.804
-1.9125 4.8036 3.2282 43 205 43 0.826
7.1883 6.0372 1.0592 18 225 18 0.925
3.7765 5.0835 2.3946 24 220 24 0.903
-5.4073 0.4381 1.8387 7 233 7 0.969
-6.5435 5.5919 1.3902 35 211 35 0.859
-2.0839 -0.7712 3.2179 35 211 35 0.859
5.1792 -1.2523 1.8021 38 209 38 0.848
-6.9537 -3.0969 1.1931 38 209 38 0.848
5.6721 -4.6873 1.6992 40 207 40 0.837
-5.2844 -4.8459 1.8890 4 236 4 0.980
4.2087 -5.4971 2.2723 40 207 40 0.837
-6.0413 4.0819 1.6267 32 214 32 0.870
3.0299 -2.6950 2.7800 21 222 21 0.914
-1.2252 -4.7813 3.6474 35 211 35 0.859
4.6750 -5.7622 2.1017 96 218 20 0.782
-5.8855 6.0908 1.6317 18 225 18 0.925
-5.0874 7.4257 1.9865 32 214 32 0.870
-2.1425 -0.7428 3.1446 26 218 26 0.892
-4.8133 0.8020 2.0623 26 218 26 0.892
-6.8389 7.5791 1.3204 26 218 26 0.892
7.1977 7.6033 1.0660 48 200 48 0.804
-2.4978 -3.4643 2.9923 13 229 13 0.947
-1.7204 7.1463 3.3105 40 207 40 0.837
2.4105 -3.9526 3.0375 46 202 46 0.815
7.5074 -7.5816 1.0194 40 207 40 0.837
-7.8011 6.0230 0.8091 92 219 20 0.793
4.2719 1.1549 2.3057 21 222 21 0.914
-6.7491 6.9785 1.2531 13 229 13 0.947
2.6075 3.0464 2.9666 21 222 21 0.914
-4.0333 -7.4154 2.3914 16 227 16 0.936
0.7800 -4.4534 3.6686 38 209 38 0.848
5.2818 -0.5333 1.9004 43 205 43 0.826
-6.0067 0.6463 1.5731 13 229 13 0.947
5.9436 7.6112 1.5656 24 220 24 0.903
7.4273 2.9263 1.0468 48 200 48 0.804
7.7505 -3.6461 0.8671 35 211 35 0.859
4.3390 6.8499 2.2391 21 222 21 0.914
-2.9189 -3.5982 2.8170 16 227 16 0.936
7.1813 5.8884 1.1363 13 229 13 0.947
1.8351 -3.6549 3.3310 43 205 43 0.826
1.3805 -0.1686 3.4196 38 209 38 0.848
5.4851 -6.8752 1.8071 4 236 4 0.980
3.3390 -3.7944 2.6914 21 222 21 0.914
4.6732 -1.0722 2.0510 26 218 26 0.892
-1.4291 6.0656 3.4557 29 216 29 0.881
2.1148 -3.0146 3.2153 18 225 18 0.925
-2.4867 -2.5978 3.0048 38 209 38 0.848
-4.1471 -1.6444 2.2744 40 207 40 0.837
7.9125 4.3910 0.8794 29 216 29 0.881
-5.0416 4.8527 1.9522 29 216 29 0.881
-2.9446 3.1314 2.8601 18 225 18 0.925
-5.9540 3.7491 1.6216 43 205 43 0.826
2.4918 -0.1437 3.0496 46 202 46 0.815
-1.2531 -3.2890 3.4645 16 227 16 0.936
-2.7411 3.3543 2.9604 13 229 13 0.947
4.1223 2.7489 2.2977 48 200 48 0.804
-2.3903 3.9331 3.0735 26 218 26 0.892
-6.1631 -0.1589 1.5154 48 200 48 0.804
1.5133 -5.8961 3.4392 26 218 26 0.892
-3.9064 3.4897 2.4151 26 218 26 0.892
-4.0296 -1.2998 2.4248 26 218 26 0.892
4.9809 1.2953 2.0403 32 214 32 0.870
-0.8081 7.3762 3.6367 32 214 32 0.870
-7.2820 2.7915 1.1665 40 207 40 0.837
5.9094 0.5977 1.5371 24 220 24 0.903
-4.5606 0.3171 2.1033 43 205 43 0.826
-6.0232 -3.5374 1.5682 92 219 20 0.793
3.2275 -2.7741 2.6484 40 207 40 0.837
-3.3235 -7.4963 2.6473 29 216 29 0.881
2.3837 3.0252 3.0945 16 227 16 0.936
5.1899 -5.2109 1.9511 24 220 24 0.903
-3.5987 -0.1477 2.4952 21 222 21 0.914
5.1099 6.9532 2.0842 32 214 32 0.870
-6.6860 -6.4578 1.3584 26 218 26 0.892
7.8737 -4.0476 0.9303 32 214 32 0.870
-4.3272 5.4549 2.2749 18 225 18 0.925
6.1705 -6.6912 1.6350 16 227 16 0.936
0.3192 -0.8243 3.7609 38 209 38 0.848
7.0193 3.8606 1.1672 18 225 18 0.925
-0.6976 1.6696 3.8004 26 218 26 0.892
-4.6679 0.3901 2.1779 35 211 35 0.859
7.1593 6.6063 1.1119 24 220 24 0.903
-3.7579 0.6265 2.4489 21 222 21 0.914
-1.0950 -3.4722 3.6242 29 216 29 0.881
7.1043 -4.7466 1.2134 16 227 16 0.936
-0.0073 -2.6147 3.9251 26 218 26 0.892
4.9980 1.4444 2.0367 38 209 38 0.848
-5.2066 4.3293 1.8985 35 211 35 0.859
-1.2011 6.6756 3.5103 29 216 29 0.881
-0.3179 4.2598 3.8406 26 218 26 0.892
-1.8632 6.3154 3.2172 16 227 16 0.936
0.1597 3.6599 3.8470 26 218 26 0.892
1.4528 -1.4125 3.4520 13 229 13 0.947
3.0591 6.3381 2.8157 21 222 21 0.914
-5.6986 -7.3596 1.7321 16 227 16 0.936
-0.1381 4.6382 3.9642 26 218 26 0.892
-1.6955 0.0660 3.3649 38 209 38 0.848
6.3651 1.4926 1.3580 38 209 38 0.848
-7.2844 7.2930 1.0770 35 211 35 0.859
-6.7523 2.9083 1.3274 38 209 38 0.848
2.1744 2.7583 3.1144 26 218 26 0.892
-0.8214 -7.0193 3.6693 100 217 20 0.771
6.1913 -2.4178 1.5504 32 214 32 0.870
4.2146 -4.4303 2.3036 24 220 24 0.903
-5.4284 -3.5564 1.9301 29 216 29 0.881
0.8321 2.1431 3.6432 105 215 20 0.760
-6.8356 -7.6409 1.2284 40 207 40 0.837
-5.6462 0.4325 1.7424 16 227 16 0.936
-5.4807 -6.6957 1.8252 32 214 32 0.870
-2.1317 6.1494 3.1188 32 214 32 0.870
-4.9872 -1.1792 2.0015 38 209 38 0.848
-2.9779 3.4803 2.7418 24 220 24 0.903
5.0676 -6.1019 1.9758 24 220 24 0.903
-3.7889 -1.0856 2.4727 16 227 16 0.936
-3.2320 -5.8802 2.7409 29 216 29 0.881
2.4594 -5.0639 3.0977 32 214 32 0.870
-4.7000 3.6854 2.1637 105 215 20 0.760
3.9747 -3.5154 2.4607 13 229 13 0.947
-0.9502 -4.9672 3.6922 26 218 26 0.892
1.2939 -3.0126 3.4793 18 225 18 0.925
7.3597 6.2220 1.0500 16 227 16 0.936
-6.6117 -6.5702 1.4230 24 220 24 0.903
-2.2557 -0.7089 3.0623 35 211 35 0.859
-6.9372 -0.9544 1.3114 43 205 43 0.826
6.0141 0.3545 1.5868 35 211 35 0.859
7.7842 -2.5542 0.8578 43 205 43 0.826
-4.7826 6.6184 2.0962 40 207 40 0.837
-0.5960 0.4432 3.7713 32 214 32 0.870
4.9463 -1.4350 2.0308 24 220 24 0.903
5.7127 -1.6241 1.7025 26 218 26 0.892
4.1723 -0.6865 2.3099 26 218 26 0.892
0.7804 6.7291 3.7748 46 202 46 0.815
2.6875 4.2651 2.8856 48 200 48 0.804
5.0851 -4.4905 1.9769 24 220 24 0.903
6.6330 6.5659 1.2982 29 216 29 0.881
-2.0263 5.6566 3.1877 35 211 35 0.859
-6.0956 0.7224 1.5802 16 227 16 0.936
-6.4561 -1.0267 1.4328 24 220 24 0.903
-6.6019 1.1957 1.3687 21 222 21 0.914
-0.9484 3.1992 3.5518 21 222 21 0.914
6.7230 7.7294 1.1774 92 219 20 0.793
-4.8792 -1.8056 2.0161 16 227 16 0.936
6.9787 0.8132 1.0965 29 216 29 0.881
-5.8304 0.7467 1.6547 7 233 7 0.969
-5.5367 -0.1194 1.8138 24 220 24 0.903
-5.9963 -5.5856 1.5703 46 202 46 0.815
-0.8415 2.9081 3.6133 10 231 10 0.958
5.8709 5.4484 1.6531 46 202 46 0.815
-1.0087 -7.5102 3.5373 26 218 26 0.892
7.1406 7.3291 1.1139 92 219 20 0.793
-7.7581 -2.6825 0.9261 29 216 29 0.881
6.3764 1.2896 1.4885 32 214 32 0.870
4.8833 2.4620 2.1029 18 225 18 0.925
-0.3764 -6.5849 3.8669 46 202 46 0.815
1.3359 4.4208 3.4724 21 222 21 0.914
-7.0954 -5.4903 1.1355 32 214 32 0.870
-0.7124 -3.8311 3.7832 46 202 46 0.815
4.8625 -4.4346 2.1367 35 211 35 0.859
-1.2749 2.8578 3.5878 32 214 32 0.870
-6.1235 6.3031 1.5360 7 233 7 0.969
1.9861 -5.1350 3.2607 40 207 40 0.837
0.7752 -0.4961 3.6866 24 220 24 0.903
4.6693 -1.4012 2.1193 43 205 43 0.826
-3.2352 -0.0200 2.6002 48 200 48 0.804
5.1237 -7.9570 1.9572 48 200 48 0.804
-1.0022 3.1085 3.5751 18 225 18 0.925
-7.0685 7.5852 1.2526 26 218 26 0.892
2.8098 -2.0355 2.9148 92 219 20 0.793
1.7611 7.7103 3.2453 35 211 35 0.859
6.2593 2.5615 1.4828 29 216 29 0.881
-7.3494 -4.1425 1.0532 18 225 18 0.925
-4.3884 5.5441 2.2094 16 227 16 0.936
-3.1158 -3.4473 2.7584 10 231 10 0.958
-4.1852 1.9762 2.3462 43 205 43 0.826
-4.6794 -1.1349 2.1220 35 211 35 0.859
-7.4554 -1.1000 1.0512 16 227 16 0.936
-4.5855 -0.5008 2.1516 46 202 46 0.815
7.6140 3.5643 1.0124 43 205 43 0.826
2.8384 -0.8794 2.8466 24 220 24 0.903
-4.4664 -4.8290 2.2176 21 222 21 0.914
-1.7497 -1.4754 3.2816 46 202 46 0.815
-1.9179 -5.7459 3.3127 26 218 26 0.892
0.3853 3.4257 3.8872 38 209 38 0.848
-6.2736 -7.9349 1.5168 48 200 48 0.804
-3.9505 -0.6554 2.5680 40 207 40 0.837
-3.3424 0.0547 2.6064 13 229 13 0.947
-5.3344 -7.2929 1.9677 38 209 38 0.848
-5.9451 -0.8578 1.6409 32 214 32 0.870
4.5998 -2.3144 2.1272 13 229 13 0.947
-5.1230 5.8680 1.9119 4 236 4 0.980
6.2332 1.6497 1.4683 29 216 29 0.881
-0.4937 -1.1770 3.7662 43 205 43 0.826
0.8605 -2.3084 3.5911 35 211 35 0.859
7.3150 3.7527 1.1123 40 207 40 0.837
1.4008 6.7912 3.4169 29 216 29 0.881
3.3563 1.6556 2.6820 13 229 13 0.947
-3.7188 -3.8396 2.5612 4 236 4 0.980
-1.3792 -2.8540 3.4391 29 216 29 0.881
6.8880 5.1880 1.2760 10 231 10 0.958
0.6912 -4.0485 3.7755 40 207 40 0.837
-5.5650 -4.2706 1.6920 29 216 29 0.881
6.2781 -3.6842 1.4748 43 205 43 0.826
-2.8732 5.3370 2.8807 24 220 24 0.903
4.1377 5.4969 2.3748 29 216 29 0.881
2.4709 6.9472 2.9589 26 218 26 0.892
-4.9918 -1.1810 1.9518 40 207 40 0.837
-2.8367 -0.8334 2.9038 29 216 29 0.881
2.7834 -6.4039 2.9072 7 233 7 0.969
-6.1430 4.6597 1.5924 48 200 48 0.804
-5.5463 -5.2167 1.7723 21 222 21 0.914
-6.3377 -0.5419 1.4923 105 215 20 0.760
-2.4070 -0.1354 3.0370 29 216 29 0.881
3.8343 4.9828 2.4790 24 220 24 0.903
2.9780 -4.0253 2.7739 13 229 13 0.947
-3.6034 7.6928 2.5085 92 219 20 0.793
4.4775 -3.6118 2.1850 32 214 32 0.870
-6.4749 1.7911 1.4884 92 219 20 0.793
-2.7006 -1.9389 2.8942 40 207 40 0.837
0.7817 -0.7123 3.7120 18 225 18 0.925
-4.4902 1.7236 2.2202 35 211 35 0.859
7.5173 -7.5501 1.0553 38 209 38 0.848
4.1600 4.2964 2.2883 4 236 4 0.980
-1.5474 7.6668 3.3635 18 225 18 0.925
7.0238 -7.5147 1.2302 21 222 21 0.914
-3.2168 -1.1730 2.7837 48 200 48 0.804
-4.0229 -2.2125 2.4050 32 214 32 0.870
6.8622 -5.7950 1.2305 10 231 10 0.958
-4.2967 -7.1745 2.2229 24 220 24 0.903
-4.5227 7.7276 2.1670 109 214 20 0.749
-2.5447 -2.4385 3.0068 38 209 38 0.848
4.5556 2.9504 2.1148 43 205 43 0.826
-7.2880 5.3209 1.0822 43 205 43 0.826
-4.4126 4.4163 2.1501 21 222 21 0.914
-4.0607 0.3171 2.4760 35 211 35 0.859
-1.4917 4.7765 3.4030 40 207 40 0.837
6.2026 -3.4247 1.5876 32 214 32 0.870
-0.6288 1.6315 3.7586 21 222 21 0.914
-4.2821 -3.5696 2.2472 26 218 26 0.892
-7.0117 -4.5275 1.2285 48 200 48 0.804
4.2758 6.8324 2.2744 10 231 10 0.958
1.5239 -5.6010 3.3531 7 233 7 0.969
-0.9392 6.9429 3.6528 35 211 35 0.859
-5.5630 -2.7498 1.8784 32 214 32 0.870
1.7194 0.3599 3.3259 38 209 38 0.848
-3.1867 -6.8414 2.7974 26 218 26 0.892
-0.2549 -6.6018 3.8837 29 216 29 0.881
4.9162 4.0480 2.1193 29 216 29 0.881
-4.1552 2.3101 2.3348 46 202 46 0.815
-2.3998 1.8129 3.0483 46 202 46 0.815
-3.2251 -4.1265 2.7162 46 202 46 0.815
6.3882 1.8707 1.5042 26 218 26 0.892
5.5805 -0.8579 1.7976 18 225 18 0.925
-4.2360 -4.4337 2.3543 4 236 4 0.980
4.2420 0.9348 2.3670 18 225 18 0.925
-6.8707 4.9843 1.2499 32 214 32 0.870
-4.3050 -2.5312 2.3688 26 218 26 0.892
0.1154 -3.1637 3.8825 43 205 43 0.826
3.3610 -5.0432 2.6900 32 214 32 0.870
-5.4272 -0.9997 1.8289 38 209 38 0.848
1.7850 1.6298 3.2960 35 211 35 0.859
-6.2262 0.9104 1.6043 26 218 26 0.892
-0.7444 2.1225 3.7498 26 218 26 0.892
-7.4702 6.3339 1.0322 24 220 24 0.903
-1.7864 -5.5342 3.3101 26 218 26 0.892
-7.1006 -5.3777 1.1150 24 220 24 0.903
0.3607 6.5578 3.9380 43 205 43 0.826
-6.5466 1.3695 1.3525 24 220 24 0.903
-6.7694 -0.3476 1.2646 38 209 38 0.848
-1.6270 -6.0357 3.3391 16 227 16 0.936
4.7257 1.6954 2.0328 46 202 46 0.815
2.2722 -3.5972 3.0395 48 200 48 0.804
6.9206 0.7760 1.2753 24 220 24 0.903
-5.5409 6.2710 1.7660 18 225 18 0.925
3.3275 -0.6184 2.6746 29 216 29 0.881
6.8578 1.2001 1.2065 35 211 35 0.859
-7.8437 1.1319 0.9547 100 217 20 0.771
-4.2497 -1.0387 2.2997 4 236 4 0.980
-2.3155 2.0238 3.0073 96 218 20 0.782
-4.1862 -0.0129 2.3282 29 216 29 0.881
-2.8003 -3.6327 2.9098 32 214 32 0.870
3.0831 4.0379 2.7871 43 205 43 0.826
2.1086 -4.1507 3.1051 38 209 38 0.848
-7.5491 -7.1925 1.0079 7 233 7 0.969
-7.3551 6.5694 1.0765 24 220 24 0.903
4.1635 -5.3783 2.3503 38 209 38 0.848
1.2005 3.4077 3.4298 92 219 20 0.793
-7.6811 4.6453 0.8492 48 200 48 0.804
-5.7330 -3.2419 1.5954 46 202 46 0.815
-2.3036 0.7813 3.0197 32 214 32 0.870
0.9474 5.3667 3.6670 26 218 26 0.892
-6.0260 0.1471 1.6175 46 202 46 0.815
3.2608 7.8540 2.7455 48 200 48 0.804
6.3504 -2.8628 1.4356 29 216 29 0.881
0.1923 4.9237 4.0139 16 227 16 0.936
2.2588 0.3409 3.1355 29 216 29 0.881
-2.1563 3.8534 3.1123 43 205 43 0.826
4.1301 -3.8589 2.3469 35 211 35 0.859
0.3649 6.9625 3.8102 21 222 21 0.914
5.1776 4.1859 1.9826 16 227 16 0.936
-4.1341 -1.7548 2.3852 38 209 38 0.848
2.6898 -6.3441 3.0107 4 236 4 0.980
-2.9072 -2.5300 2.6960 46 202 46 0.815
-1.1091 2.3802 3.5770 26 218 26 0.892
-0.8674 4.7930 3.6135 100 217 20 0.771
0.1237 1.5366 3.9510 48 200 48 0.804
2.9872 -7.3008 2.7830 46 202 46 0.815
3.4072 6.9005 2.5742 38 209 38 0.848
5.4679 7.9402 1.7712 100 217 20 0.771
-3.1612 -3.6886 2.7401 24 220 24 0.903
-0.1252 -7.7060 3.9634 43 205 43 0.826
5.7022 1.2613 1.7242 29 216 29 0.881
2.0010 -1.8810 3.1771 21 222 21 0.914
1.1476 -7.7705 3.5419 35 211 35 0.859
6.3464 -6.8280 1.4730 18 225 18 0.925
4.1645 -4.1336 2.1975 24 220 24 0.903
6.8834 4.9366 1.2446 24 220 24 0.903
-4.4514 7.4845 2.1920 43 205 43 0.826
-6.9123 6.9946 1.2302 16 227 16 0.936
2.5132 -7.2928 3.0406 32 214 32 0.870
5.7120 -1.7138 1.6700 10 231 10 0.958
1.2470 -0.8314 3.4620 40 207 40 0.837
-3.9899 -1.4823 2.3491 32 214 32 0.870
7.3659 1.0318 1.0673 48 200 48 0.804
-5.3469 -4.8551 1.8336 7 233 7 0.969
-2.3110 -4.5422 3.1284 96 218 20 0.782
0.9553 -5.4618 3.6446 96 218 20 0.782
2.4499 4.8847 2.9687 18 225 18 0.925
4.2531 6.8809 2.2631 16 227 16 0.936
6.2948 -1.7836 1.4523 21 222 21 0.914
-3.4568 4.0009 2.5981 96 218 20 0.782
6.4612 7.5632 1.4366 35 211 35 0.859
2.3835 -3.4714 3.0965 43 205 43 0.826
0.0384 0.0321 4.0133 26 218 26 0.892
0.9765 -7.6105 3.4975 38 209 38 0.848
1.2374 -1.8341 3.5328 7 233 7 0.969
3.9487 -3.1573 2.3471 13 229 13 0.947
-4.9198 5.7826 1.9550 4 236 4 0.980
3.6103 -3.8782 2.5320 32 214 32 0.870
0.9166 7.7156 3.5653 35 211 35 0.859
7.6514 3.1026 0.9713 38 209 38 0.848
1.6230 -2.4024 3.4204 38 209 38 0.848
6.6145 7.4411 1.2914 40 207 40 0.837
2.1174 7.5314 3.1574 35 211 35 0.859
6.6041 5.6031 1.5193 26 218 26 0.892
2.6794 -4.5257 3.0051 35 211 35 0.859
-0.7449 -1.2936 3.6789 24 220 24 0.903
-4.1477 2.5483 2.3707 32 214 32 0.870
-6.3381 -6.5739 1.5030 32 214 32 0.870
-7.0618 -1.7345 1.1426 92 219 20 0.793
-3.5975 -3.9725 2.4918 18 225 18 0.925
1.0052 2.7535 3.7042 32 214 32 0.870
-0.6141 -2.5213 3.7869 32 214 32 0.870
-5.3397 4.3762 1.9176 46 202 46 0.815
-1.3114 7.1999 3.4739 32 214 32 0.870
6.8012 -1.4489 1.2787 32 214 32 0.870
-6.8763 -4.3766 1.2910 35 211 35 0.859
-5.1806 0.6742 1.9492 24 220 24 0.903
-6.4299 -2.8821 1.4253 29 216 29 0.881
2.9706 7.9879 2.8828 92 219 20 0.793
3.4122 5.6421 2.6083 43 205 43 0.826
-0.8006 -7.7564 3.7351 43 205 43 0.826
3.0659 5.2578 2.8008 35 211 35 0.859
-6.8900 6.2940 1.2614 35 211 35 0.859
-6.0248 2.5608 1.5808 16 227 16 0.936
-0.6525 -7.9238 3.6827 105 215 20 0.760
3.9056 -6.8237 2.5002 29 216 29 0.881
-2.9789 -4.6937 2.8672 48 200 48 0.804
-0.3602 -7.7027 3.8604 35 211 35 0.859
-4.8399 5.1943 2.0610 38 209 38 0.848
-1.5298 6.3621 3.4009 43 205 43 0.826
-6.6586 4.9096 1.3324 40 207 40 0.837
-4.9002 -1.6221 1.9838 29 216 29 0.881
1.9876 7.4088 3.1708 16 227 16 0.936
-5.2270 2.3693 1.9381 35 211 35 0.859
2.6154 6.6291 2.9621 18 225 18 0.925
0.5299 -1.3833 3.8170 4 236 4 0.980
3.8766 -4.5932 2.5226 13 229 13 0.947
-7.5895 -7.5520 0.9779 26 218 26 0.892
-7.9575 -4.4282 0.8295 48 200 48 0.804
-6.5558 5.1816 1.3117 32 214 32 0.870
-5.6070 -2.9058 1.7674 35 211 35 0.859
-1.7418 -6.2266 3.2542 29 216 29 0.881
6.3953 2.3021 1.4984 24 220 24 0.903
-3.8737 -1.0550 2.3994 13 229 13 0.947
6.8970 -3.4248 1.3137 29 216 29 0.881
-0.4392 5.0621 3.9089 26 218 26 0.892
-4.0216 -4.7403 2.3752 4 236 4 0.980
1.6261 3.8116 3.4110 26 218 26 0.892
2.0868 -7.5649 3.1453 26 218 26 0.892
1.0863 -3.6108 3.5553 24 220 24 0.903
2.2472 2.6031 3.1970 40 207 40 0.837
-2.5496 5.5033 2.9255 21 222 21 0.914
-2.1455 3.2096 3.1809 40 207 40 0.837
-3.7218 4.3512 2.5675 35 211 35 0.859
-2.0947 4.4703 3.2165 16 227 16 0.936
4.3879 -3.5077 2.3906 40 207 40 0.837
6.7107 4.8180 1.3464 35 211 35 0.859
2.3164 -2.3517 2.9894 29 216 29 0.881
-3.2513 0.0064 2.7828 48 200 48 0.804
4.5159 -5.8684 2.2165 35 211 35 0.859
-6.9138 -4.2034 1.1688 32 214 32 0.870
-6.5335 -1.6699 1.3889 96 218 20 0.782
4.8775 1.6851 2.1220 92 219 20 0.793
-3.7252 7.6237 2.4906 40 207 40 0.837
-1.8523 -6.5580 3.2783 35 211 35 0.859
1.0945 7.5463 3.6562 43 205 43 0.826
2.9785 -4.1753 2.8073 7 233 7 0.969
1.8217 -3.2033 3.3005 32 214 32 0.870
-2.2657 7.3084 3.0516 18 225 18 0.925
-1.2744 3.4382 3.4779 96 218 20 0.782
0.9225 6.3532 3.6770 35 211 35 0.859
-3.8423 6.8320 2.4601 32 214 32 0.870
3.2500 4.3901 2.6381 32 214 32 0.870
7.2969 -7.1436 1.0969 32 214 32 0.870
-1.3741 -3.3476 3.4045 16 227 16 0.936
2.5364 -4.8417 3.0297 24 220 24 0.903
5.0200 -2.0739 2.0251 40 207 40 0.837
4.1379 3.2334 2.3379 10 231 10 0.958
-4.2636 -0.7977 2.3038 16 227 16 0.936
-6.2449 6.1603 1.4911 16 227 16 0.936
-4.0146 7.1576 2.3436 40 207 40 0.837
-3.5793 0.2739 2.5558 4 236 4 0.980
-4.9414 -3.4390 1.9550 48 200 48 0.804
3.5301 2.2972 2.5833 40 207 40 0.837
-2.0798 5.2974 3.1182 7 233 7 0.969
-6.6956 -6.7686 1.3992 29 216 29 0.881
5.3257 0.7821 1.8100 24 220 24 0.903
-2.1054 -2.6155 3.1304 40 207 40 0.837
4.2269 -2.2108 2.2892 40 207 40 0.837
-3.0881 5.8643 2.7114 18 225 18 0.925
-2.5207 -4.7610 2.9434 43 205 43 0.826
-0.6426 -3.0873 3.6553 24 220 24 0.903
1.0467 1.2040 3.5863 48 200 48 0.804
-0.1865 -7.5357 3.9501 29 216 29 0.881
5.3952 -6.3453 1.7965 4 236 4 0.980
-6.8612 6.9577 1.3203 24 220 24 0.903
-1.7378 -7.7049 3.3463 46 202 46 0.815
-5.5002 -6.8099 1.8285 32 214 32 0.870
6.2529 -6.9805 1.5690 13 229 13 0.947
1.2293 1.7264 3.5042 100 217 20 0.771
-3.2169 6.8449 2.8518 40 207 40 0.837
5.6870 -5.5750 1.7607 21 222 21 0.914
4.1963 -6.8544 2.2556 24 220 24 0.903
-5.5768 -4.6035 1.6925 29 216 29 0.881
6.1671 -0.7669 1.5159 48 200 48 0.804
-7.8088 -6.2656 0.8827 48 200 48 0.804
0.2078 -1.8548 3.9714 46 202 46 0.815
-6.0947 4.8684 1.4648 43 205 43 0.826
-5.1786 -5.4485 1.9730 26 218 26 0.892
3.4994 1.5097 2.5852 7 233 7 0.969
-2.6406 2.0350 2.9204 43 205 43 0.826
-6.1842 -6.8932 1.5160 38 209 38 0.848
7.4657 -4.5498 1.0601 35 211 35 0.859
-5.6216 -0.3814 1.7669 24 220 24 0.903
-5.1253 2.4081 1.9154 26 218 26 0.892
-3.7697 -1.8411 2.5478 26 218 26 0.892
4.9208 -1.0650 2.0107 24 220 24 0.903
6.3987 -2.6231 1.4582 32 214 32 0.870
-1.5038 5.0972 3.3456 46 202 46 0.815
-7.1229 -1.1343 1.1349 21 222 21 0.914
-1.9515 -6.1970 3.1593 26 218 26 0.892
5.3836 -6.5525 1.8713 4 236 4 0.980
6.5448 0.3660 1.4462 35 211 35 0.859
-3.1330 6.3099 2.7103 21 222 21 0.914
7.5410 -1.3150 0.9603 24 220 24 0.903
-2.6979 -7.1892 2.9453 18 225 18 0.925
-6.7849 -6.9081 1.2823 29 216 29 0.881
7.1334 0.5243 1.1329 21 222 21 0.914
-1.9655 1.4016 3.1500 32 214 32 0.870
-4.7242 1.8427 2.1942 24 220 24 0.903
5.5529 -2.2831 1.6640 40 207 40 0.837
2.8647 6.4274 2.8614 32 214 32 0.870
-3.1594 -5.1217 2.7680 38 209 38 0.848
5.0732 2.3569 1.9879 32 214 32 0.870
0.4453 -2.6201 3.8412 40 207 40 0.837
6.5475 1.0861 1.5388 26 218 26 0.892
-6.1204 -2.6740 1.5582 24 220 24 0.903
-0.0142 7.9016 4.0704 105 215 20 0.760
-5.7891 -7.8631 1.6306 40 207 40 0.837
-4.2478 -4.9965 2.2641 18 225 18 0.925
7.2640 0.2947 1.0547 16 227 16 0.936
1.0727 -2.7652 3.5389 24 220 24 0.903
-0.1224 -7.7628 3.8924 48 200 48 0.804
-7.7437 -7.2222 0.8829 35 211 35 0.859
-7.1176 2.2565 1.2680 35 211 35 0.859
5.4458 -6.5108 1.8007 4 236 4 0.980
0.0989 3.5390 3.9167 18 225 18 0.925
-0.9961 4.3403 3.5790 121 211 20 0.716
1.6117 -3.1415 3.3390 21 222 21 0.914
4.3728 -1.6358 2.2035 38 209 38 0.848
2.6457 -1.8163 2.9564 96 218 20 0.782
5.1331 -0.3017 1.9363 26 218 26 0.892
3.7798 5.9681 2.5550 35 211 35 0.859
2.0196 6.0345 3.1598 40 207 40 0.837
5.7804 -2.6236 1.7070 32 214 32 0.870
4.6361 -4.8449 2.1012 21 222 21 0.914
-1.7503 7.5859 3.2665 46 202 46 0.815
1.5060 -1.8122 3.3969 24 220 24 0.903
1.0668 -0.4334 3.6057 35 211 35 0.859
6.1981 7.6384 1.5168 38 209 38 0.848
0.8735 -3.5934 3.6188 26 218 26 0.892
0.3382 -5.8231 3.9226 40 207 40 0.837
-1.9636 0.3368 3.1897 96 218 20 0.782
-0.2964 5.9298 3.9386 43 205 43 0.826
6.1676 -0.6473 1.4931 96 218 20 0.782
-4.7675 6.4310 2.0561 32 214 32 0.870
7.4419 -5.0825 1.0074 21 222 21 0.914
5.2010 -5.7265 1.9370 21 222 21 0.914
4.7220 4.0828 2.0456 32 214 32 0.870
2.5643 -7.4285 3.0258 32 214 32 0.870
3.3163 1.1947 2.6742 40 207 40 0.837
1.1999 2.7493 3.5351 32 214 32 0.870
-0.5633 2.6603 3.8530 24 220 24 0.903
5.9394 7.4658 1.5735 32 214 32 0.870
1.8447 6.9450 3.3030 4 236 4 0.980
4.6755 -5.4712 2.1372 43 205 43 0.826
4.1003 0.1925 2.3383 26 218 26 0.892
1.6295 7.5561 3.4262 32 214 32 0.870
6.8702 5.6809 1.2592 26 218 26 0.892
2.8208 3.5813 2.8600 32 214 32 0.870
-7.2552 6.4506 1.1400 26 218 26 0.892
0.3885 5.5710 3.8831 24 220 24 0.903
2.7309 5.5230 2.9373 26 218 26 0.892
6.5911 2.3983 1.3422 18 225 18 0.925
-5.4936 -7.3563 1.8581 21 222 21 0.914
3.7095 5.4330 2.4733 29 216 29 0.881
-5.5244 1.9306 1.8092 29 216 29 0.881
-7.5974 -2.4368 0.9217 43 205 43 0.826
7.0845 -4.3074 1.1738 38 209 38 0.848
4.4013 -1.8305 2.2758 29 216 29 0.881
-3.8456 3.5112 2.4224 26 218 26 0.892
7.6751 5.2932 0.9879 7 233 7 0.969
-2.1447 -1.2851 3.1814 21 222 21 0.914
6.4017 -7.0153 1.4990 29 216 29 0.881
4.4732 5.5301 2.3384 16 227 16 0.936
-7.2373 -6.3979 1.1415 21 222 21 0.914
-6.9249 5.8870 1.1288 43 205 43 0.826
-5.6998 -6.7707 1.7755 24 220 24 0.903
-7.3783 0.8745 1.0001 13 229 13 0.947
4.3303 -2.9686 2.3103 21 222 21 0.914
-6.4848 0.7612 1.4316 32 214 32 0.870
-7.3271 4.7292 1.0686 43 205 43 0.826
-0.5394 1.1525 3.8258 40 207 40 0.837
-6.6935 -2.5895 1.3579 43 205 43 0.826
1.2695 0.6414 3.5763 38 209 38 0.848
-0.0994 4.9856 4.0166 35 211 35 0.859
2.9935 1.7024 2.8513 26 218 26 0.892
1.2267 -7.2530 3.4991 38 209 38 0.848
-1.0716 -6.4821 3.5677 48 200 48 0.804
-7.5235 -1.4060 0.9663 16 227 16 0.936
2.4664 -1.0981 2.9278 48 200 48 0.804
0.6827 0.0231 3.7481 35 211 35 0.859
-2.4869 5.8141 3.0056 35 211 35 0.859
-0.9662 3.0504 3.5202 16 227 16 0.936
4.0638 -4.2306 2.3907 29 216 29 0.881
4.5553 -6.1867 2.1310 29 216 29 0.881
6.1890 -1.7589 1.5265 18 225 18 0.925
-4.1522 6.3729 2.2356 24 220 24 0.903
2.1113 5.7138 3.1313 40 207 40 0.837
3.7655 -5.3580 2.4847 43 205 43 0.826
5.9589 4.7605 1.6695 43 205 43 0.826
4.9923 0.9196 1.9799 32 214 32 0.870
4.7546 -5.3612 2.0389 43 205 43 0.826
-4.9725 3.9977 1.9704 96 218 20 0.782
2.3809 -6.5729 3.0108 26 218 26 0.892
0.2730 -0.0970 3.8306 46 202 46 0.815
-3.2558 1.8975 2.6972 32 214 32 0.870
-0.3521 -5.9086 3.9529 38 209 38 0.848
-3.4374 -7.4164 2.6267 40 207 40 0.837
6.8245 3.8749 1.2963 4 236 4 0.980
-6.2285 -3.2554 1.4787 16 227 16 0.936
-5.8481 0.7396 1.7453 10 231 10 0.958
4.9013 6.4870 1.9668 26 218 26 0.892
2.4740 2.0078 3.0697 16 227 16 0.936
4.6919 5.7728 2.0566 16 227 16 0.936
7.3600 -1.5787 1.0074 21 222 21 0.914
3.6554 -0.1382 2.5514 40 207 40 0.837
-6.8756 -6.5679 1.2254 7 233 7 0.969
4.9040 -2.2623 1.9861 24 220 24 0.903
-4.6728 3.5749 2.2071 92 219 20 0.793
-4.1708 -4.1848 2.3170 21 222 21 0.914
-5.0712 -5.8164 1.9995 48 200 48 0.804
-4.4010 -5.3073 2.2037 13 229 13 0.947
-6.8895 3.1607 1.2231 24 220 24 0.903
5.8855 -6.1049 1.5859 46 202 46 0.815
-7.2287 4.1504 1.0487 26 218 26 0.892
2.5651 7.7089 2.9706 96 218 20 0.782
3.7627 6.7489 2.5541 29 216 29 0.881
4.6862 7.3835 2.1887 18 225 18 0.925
-5.8914 -0.9444 1.7714 32 214 32 0.870
5.1964 1.1358 1.7952 43 205 43 0.826
0.3557 -1.1983 3.9049 4 236 4 0.980
5.1602 -5.2623 1.9668 26 218 26 0.892
-5.5784 -7.5584 1.7194 32 214 32 0.870
-0.7517 -2.9550 3.6282 35 211 35 0.859
-0.4579 0.5870 3.8439 43 205 43 0.826
-3.9961 6.4824 2.4495 40 207 40 0.837
-3.6535 -4.3851 2.4412 24 220 24 0.903
-7.0983 -4.5515 1.2070 40 207 40 0.837
7.4226 7.5509 1.0133 48 200 48 0.804
-3.9122 -7.4309 2.3945 16 227 16 0.936
1.5744 1.2392 3.2790 40 207 40 0.837
-5.0300 -1.5551 1.8969 29 216 29 0.881
0.6032 -7.1848 3.8730 92 219 20 0.793
0.9460 0.0769 3.6470 38 209 38 0.848
-2.9257 -4.7045 2.7545 92 219 20 0.793
-7.3282 -6.2731 1.1171 18 225 18 0.925
-6.0002 5.5547 1.6478 46 202 46 0.815
-0.0014 -5.1192 4.0061 18 225 18 0.925
-3.7085 -7.7646 2.4361 100 217 20 0.771
-6.5101 -0.7402 1.4107 40 207 40 0.837
-6.9036 0.4410 1.2851 46 202 46 0.815
-7.3803 -0.1705 1.0972 48 200 48 0.804
-1.4121 -2.6488 3.4567 32 214 32 0.870
-2.7177 3.9295 2.9322 96 218 20 0.782
-4.2929 5.1891 2.3074 24 220 24 0.903
-7.5386 7.7403 0.9635 92 219 20 0.793
0.1524 5.2293 3.9667 13 229 13 0.947
-3.3292 1.8127 2.6672 18 225 18 0.925
-0.5064 1.9043 3.7695 13 229 13 0.947
7.5817 -5.7641 0.8990 43 205 43 0.826
-2.1876 -1.9053 3.0414 46 202 46 0.815
-2.3747 7.2459 3.0882 26 218 26 0.892
-2.7634 2.2781 2.8154 92 219 20 0.793
-6.4528 3.4641 1.4253 43 205 43 0.826
-7.8644 0.2086 0.9293 113 213 20 0.738
-2.7005 -3.9035 2.9192 35 211 35 0.859
3.8957 0.5712 2.4853 32 214 32 0.870
5.4495 0.6514 1.7664 26 218 26 0.892
-3.0373 -3.1011 2.7738 29 216 29 0.881
-6.7200 -6.8403 1.3325 21 222 21 0.914
6.9478 -7.9498 1.2215 48 200 48 0.804
3.0486 3.0911 2.7766 26 218 26 0.892
5.3194 -5.7565 1.8688 10 231 10 0.958
-4.6556 4.3800 2.1999 26 218 26 0.892
2.0643 7.1023 3.2241 4 236 4 0.980
6.2294 0.9642 1.4723 35 211 35 0.859
3.5300 7.5839 2.6140 26 218 26 0.892
-0.6454 3.7895 3.7915 100 217 20 0.771
-2.6779 -6.1127 2.9773 29 216 29 0.881
-6.0507 0.0067 1.5817 48 200 48 0.804
1.7462 2.6150 3.3536 46 202 46 0.815
-3.2367 3.5908 2.6824 26 218 26 0.892
3.1531 -4.3279 2.7177 16 227 16 0.936
-7.4800 -1.0051 0.9547 26 218 26 0.892
-2.3883 6.1554 3.0601 38 209 38 0.848
-6.2185 7.8334 1.5230 113 213 20 0.738
-7.1633 -4.8589 1.1737 35 211 35 0.859
-4.5380 -2.8300 2.2408 21 222 21 0.914
-6.0306 -0.9771 1.6680 35 211 35 0.859
-6.8936 -6.2682 1.2825 21 222 21 0.914
-3.5757 -6.1511 2.5520 92 219 20 0.793
0.2024 3.2085 3.9046 29 216 29 0.881
-5.7371 -5.3278 1.7183 26 218 26 0.892
-2.8459 -2.1492 2.8914 32 214 32 0.870
-4.4102 2.5423 2.2842 35 211 35 0.859
-6.0497 -6.6920 1.6430 21 222 21 0.914
7.2158 4.1856 1.0924 48 200 48 0.804
-3.2664 -2.1619 2.6217 18 225 18 0.925
7.4861 2.6790 0.9678 92 219 20 0.793
-7.4566 6.4736 1.0279 29 216 29 0.881
6.0625 -0.8029 1.6432 40 207 40 0.837
-0.6179 3.3472 3.8164 48 200 48 0.804
1.5633 6.1778 3.3922 26 218 26 0.892
-4.7435 3.0562 2.1935 21 222 21 0.914
5.9237 -5.5599 1.6571 92 219 20 0.793
3.3078 6.4485 2.6889 24 220 24 0.903
1.6232 5.1676 3.3108 26 218 26 0.892
3.0396 3.5464 2.7028 18 225 18 0.925
6.6339 3.8105 1.4322 26 218 26 0.892
5.2833 7.8963 1.9169 43 205 43 0.826
6.8304 -0.3863 1.2821 35 211 35 0.859
3.3502 2.7064 2.7021 100 217 20 0.771
5.2637 -5.6930 1.8750 16 227 16 0.936
-4.4773 4.3945 2.1690 16 227 16 0.936
5.7851 5.0885 1.6118 4 236 4 0.980
4.1629 -5.1723 2.3263 38 209 38 0.848
6.5932 2.2138 1.4129 29 216 29 0.881
-4.8108 1.0869 1.9669 43 205 43 0.826
-5.9396 4.4238 1.5331 29 216 29 0.881
3.9281 -4.1027 2.4366 38 209 38 0.848
-4.2797 -6.1882 2.2442 35 211 35 0.859
6.9641 -0.4460 1.2458 48 200 48 0.804
-5.6312 2.6530 1.7581 32 214 32 0.870
2.5670 4.4781 2.9151 43 205 43 0.826
6.4580 5.2057 1.4247 10 231 10 0.958
3.4969 5.9498 2.6096 40 207 40 0.837
3.1735 -1.2737 2.6841 24 220 24 0.903
2.8460 3.0629 2.8235 21 222 21 0.914
4.5382 7.3978 2.1651 24 220 24 0.903
1.2303 5.2643 3.5010 24 220 24 0.903
-3.4932 -5.6491 2.6392 26 218 26 0.892
7.6596 -2.5176 0.8320 24 220 24 0.903
-7.2167 3.9295 1.1300 26 218 26 0.892
1.2601 -7.8980 3.4779 105 215 20 0.760
2.5039 -2.3110 2.9666 32 214 32 0.870
4.9836 1.9469 1.9764 109 214 20 0.749
-2.3832 -3.2157 3.1011 16 227 16 0.936
6.1734 -7.5977 1.5525 7 233 7 0.969
-3.9445 2.9003 2.4337 40 207 40 0.837
7.3619 6.8518 1.0772 24 220 24 0.903
-3.4483 3.4830 2.6821 32 214 32 0.870
-4.7783 4.7132 2.1749 35 211 35 0.859
-2.1653 -7.7242 3.0733 43 205 43 0.826
7.7262 -5.4362 0.9064 21 222 21 0.914
-1.0751 5.4636 3.5091 96 218 20 0.782
3.5137 -1.8848 2.4880 32 214 32 0.870
-4.8345 -1.1635 2.1143 29 216 29 0.881
-4.3466 -6.1789 2.2044 26 218 26 0.892
2.8885 2.4526 2.8272 92 219 20 0.793
6.4470 2.8395 1.3722 40 207 40 0.837
7.0162 6.9489 1.2964 35 211 35 0.859
2.1865 -1.3644 3.1280 26 218 26 0.892
2.6923 7.8561 2.8436 46 202 46 0.815
5.7385 2.6136 1.6387 26 218 26 0.892
0.6310 5.4304 3.7292 16 227 16 0.936
-1.1090 2.6781 3.5004 38 209 38 0.848
2.8971 7.7455 2.8580 40 207 40 0.837
4.8691 6.7849 2.0463 21 222 21 0.914
2.8844 -6.8616 2.8540 29 216 29 0.881
-4.7652 -2.4203 2.0705 40 207 40 0.837
4.7228 0.5000 2.0716 35 211 35 0.859
-3.3686 -7.8196 2.7670 29 216 29 0.881
-2.6065 -4.8673 2.9416 35 211 35 0.859
6.1310 1.7047 1.5887 38 209 38 0.848
-4.0244 -4.3246 2.3911 4 236 4 0.980
1.8749 0.5205 3.2645 21 222 21 0.914
-4.4508 -5.1103 2.2673 10 231 10 0.958
-3.5197 1.8438 2.4365 43 205 43 0.826
1.9284 -2.2744 3.2106 21 222 21 0.914
7.8836 -2.0784 0.8130 109 214 20 0.749
-5.7004 2.4262 1.6838 24 220 24 0.903
-1.1349 -7.7280 3.5227 40 207 40 0.837
6.1048 5.9581 1.5112 43 205 43 0.826
3.6952 5.3872 2.4821 29 216 29 0.881
-1.6266 -0.4523 3.3780 10 231 10 0.958
-1.5191 -5.8017 3.4312 46 202 46 0.815
-0.2754 5.0613 3.8599 18 225 18 0.925
4.5946 -2.8388 2.1921 13 229 13 0.947
-0.7095 3.7063 3.7374 109 214 20 0.749
-7.6724 -5.3967 0.9714 35 211 35 0.859
6.8763 6.3242 1.2806 21 222 21 0.914
-5.5800 0.0190 1.7712 10 231 10 0.958
-7.6859 -3.8463 0.9845 13 229 13 0.947
3.7249 6.6381 2.5501 24 220 24 0.903
2.4977 -6.6794 2.9936 40 207 40 0.837
-2.3885 -5.0955 3.0101 46 202 46 0.815
3.4197 1.8574 2.6287 4 236 4 0.980
1.5237 -7.4868 3.3745 48 200 48 0.804
-3.4942 7.3105 2.5942 100 217 20 0.771
4.8796 -4.3175 2.0007 35 211 35 0.859
-0.4471 -4.5997 3.7333 32 214 32 0.870
-7.6083 4.0868 0.9028 13 229 13 0.947
-6.8917 -3.8948 1.2785 38 209 38 0.848
-7.0193 -5.3127 1.2860 24 220 24 0.903
-3.6503 4.3963 2.5272 29 216 29 0.881
-7.4755 -0.0690 1.0268 92 219 20 0.793
3.6323 -7.1120 2.4520 35 211 35 0.859
1.1145 -1.1667 3.5919 7 233 7 0.969
-0.0848 7.6625 4.0428 38 209 38 0.848
-5.6458 5.6609 1.7762 32 214 32 0.870
-3.6490 0.4680 2.6222 21 222 21 0.914
-7.9008 7.4888 0.8239 100 217 20 0.771
-6.9242 1.5502 1.3013 40 207 40 0.837
-0.8427 -2.9455 3.6963 24 220 24 0.903
-2.8247 -7.3248 2.8557 21 222 21 0.914
3.4310 2.8746 2.6882 43 205 43 0.826
2.9743 0.5619 2.7979 43 205 43 0.826
3.7062 -6.3006 2.4773 32 214 32 0.870
6.9272 -3.7960 1.2204 38 209 38 0.848
6.3568 0.4313 1.5272 40 207 40 0.837
-6.0653 3.2119 1.6177 46 202 46 0.815
-1.7407 -1.7527 3.3112 46 202 46 0.815
-7.5391 2.7446 0.9687 21 222 21 0.914
2.0207 7.1686 3.0953 13 229 13 0.947
-5.6912 -7.6679 1.7512 24 220 24 0.903
0.2231 -6.5044 3.9422 38 209 38 0.848
-3.5869 -5.8408 2.4820 40 207 40 0.837
-5.5235 4.0764 1.7898 43 205 43 0.826
-3.7446 -3.6313 2.4316 18 225 18 0.925
-5.2667 -7.5975 1.8730 24 220 24 0.903
5.4491 -5.6313 1.7724 7 233 7 0.969
-2.1654 -1.5556 3.1324 26 218 26 0.892
5.8280 -0.8506 1.6819 13 229 13 0.947
-3.8907 1.7018 2.4188 16 227 16 0.936
7.7248 -3.6444 0.9290 24 220 24 0.903
0.3290 -6.6989 3.8771 40 207 40 0.837
1.3545 -0.8528 3.5915 48 200 48 0.804
7.7717 -0.4908 0.8451 100 217 20 0.771
1.3653 -1.5728 3.4096 7 233 7 0.969
-7.8597 5.3336 0.8583 96 218 20 0.782
-2.7438 3.0301 2.8947 29 216 29 0.881
5.5516 3.1268 1.8340 48 200 48 0.804
-6.5464 4.4108 1.4579 48 200 48 0.804
2.7692 -6.3294 2.9405 4 236 4 0.980
4.5019 6.4037 2.2363 29 216 29 0.881
-4.4655 -7.7054 2.1886 32 214 32 0.870
5.1613 1.1595 1.9922 35 211 35 0.859
5.8519 -0.7524 1.6548 18 225 18 0.925
7.4154 -2.1045 1.0459 21 222 21 0.914
5.6241 5.1275 1.7963 4 236 4 0.980
-5.6985 6.6822 1.7759 40 207 40 0.837
6.5183 -7.4177 1.4170 18 225 18 0.925
3.7589 -3.1312 2.5442 10 231 10 0.958
-3.4782 -5.2434 2.5842 32 214 32 0.870
5.5348 -1.9109 1.8160 21 222 21 0.914
-0.4364 3.6265 3.8419 24 220 24 0.903
2.0618 0.2480 3.1967 21 222 21 0.914
5.7321 0.4516 1.7594 16 227 16 0.936
-4.8725 -3.1036 2.0223 40 207 40 0.837
2.0933 -4.8083 3.1537 46 202 46 0.815
-2.3388 1.3270 3.0786 29 216 29 0.881
-2.5395 6.8029 3.0439 43 205 43 0.826
4.7287 7.1736 2.1688 16 227 16 0.936
1.3728 -6.0539 3.4181 29 216 29 0.881
-6.1834 -1.9309 1.5807 92 219 20 0.793
3.6838 -1.8530 2.5597 92 219 20 0.793
1.3882 4.6120 3.5029 38 209 38 0.848
2.9341 -0.5346 2.8284 26 218 26 0.892
-2.7477 6.8935 2.9287 26 218 26 0.892
-5.3009 -7.2498 1.8625 38 209 38 0.848
-3.6599 6.4968 2.5332 26 218 26 0.892
1.1132 -6.4650 3.5149 40 207 40 0.837
-4.5934 6.7977 2.1470 43 205 43 0.826
2.8522 -0.9856 2.8216 29 216 29 0.881
-4.5370 0.6385 2.2108 24 220 24 0.903
-2.2252 -5.9128 3.0787 38 209 38 0.848
0.4362 -5.4192 3.7811 35 211 35 0.859
3.8484 6.8940 2.4790 4 236 4 0.980
1.8247 -5.4513 3.3179 26 218 26 0.892
5.4216 -3.6975 1.8063 46 202 46 0.815
1.4283 -6.3952 3.4484 38 209 38 0.848
7.6591 2.0153 0.9948 21 222 21 0.914
-7.3547 1.8555 1.1113 113 213 20 0.738
3.0485 -1.5357 2.8069 10 231 10 0.958
-6.2776 4.1974 1.5318 43 205 43 0.826
6.9900 -5.3730 1.1933 29 216 29 0.881
7.9463 4.9208 0.8462 35 211 35 0.859
0.1602 3.7340 4.0404 29 216 29 0.881
-6.5445 -4.1508 1.3573 24 220 24 0.903
-3.9198 4.0903 2.4676 29 216 29 0.881
-3.8856 4.3887 2.5051 24 220 24 0.903
0.2500 2.5146 3.7371 26 218 26 0.892
-1.2335 1.4896 3.4559 46 202 46 0.815
0.4461 -2.6312 3.7753 38 209 38 0.848
-5.5206 -3.8343 1.7573 26 218 26 0.892
7.2216 0.1636 1.1553 4 236 4 0.980
6.5067 -5.3249 1.4446 29 216 29 0.881
-2.8603 -7.1387 2.8380 16 227 16 0.936
2.9065 -7.3502 2.8893 35 211 35 0.859
-3.3274 -5.5218 2.6029 32 214 32 0.870
-3.9044 -1.3231 2.4955 29 216 29 0.881
3.7176 -0.8215 2.4797 38 209 38 0.848
-3.3169 -6.8445 2.6047 29 216 29 0.881
-4.7497 0.3380 2.1236 40 207 40 0.837
4.1110 -6.9578 2.3865 18 225 18 0.925
2.1408 -2.6368 3.0909 18 225 18 0.925
-5.5509 -5.8404 1.7332 105 215 20 0.760
2.5967 1.6660 3.0052 29 216 29 0.881
-4.3941 -7.8512 2.2213 43 205 43 0.826
0.3312 -6.2447 3.8867 46 202 46 0.815
4.0720 -0.5216 2.3187 21 222 21 0.914
4.9367 4.2523 2.0479 26 218 26 0.892
1.1434 -2.5517 3.4641 24 220 24 0.903
5.8763 1.5316 1.6233 43 205 43 0.826
7.1886 6.1864 1.1849 18 225 18 0.925
6.7725 -5.9183 1.2495 13 229 13 0.947
-6.1538 -3.1289 1.5220 16 227 16 0.936
3.1345 -1.9450 2.8445 21 222 21 0.914
-0.7808 7.0099 3.6080 40 207 40 0.837
0.4940 2.9231 3.7395 7 233 7 0.969
-0.2082 0.0719 3.9374 21 222 21 0.914
0.6727 3.8771 3.6887 40 207 40 0.837
-1.4284 -6.6847 3.4311 92 219 20 0.793
-2.9946 -7.0113 2.7275 21 222 21 0.914
1.4495 6.7640 3.4348 32 214 32 0.870
-7.3990 -3.9938 0.9331 21 222 21 0.914
2.6281 -5.0405 2.9227 32 214 32 0.870
2.0806 7.4182 3.1729 26 218 26 0.892
-2.7996 -4.0205 2.8774 29 216 29 0.881
-0.6912 -3.4067 3.7239 26 218 26 0.892
-2.8494 7.1361 2.8653 29 216 29 0.881
6.8050 -6.4886 1.3010 21 222 21 0.914
-1.0656 -7.4446 3.5885 29 216 29 0.881
-4.5853 -5.0223 2.1809 10 231 10 0.958
-2.8460 -7.7429 2.8508 16 227 16 0.936
2.3841 -7.4189 3.0733 29 216 29 0.881
-5.2608 -4.6956 1.7650 4 236 4 0.980
-0.2252 4.9658 3.9690 18 225 18 0.925
3.0582 3.0998 2.7115 26 218 26 0.892
0.7193 -1.8191 3.6754 16 227 16 0.936
6.1304 -6.3827 1.4698 21 222 21 0.914
-2.4274 -6.5002 3.0870 46 202 46 0.815
7.0550 2.5988 1.1894 26 218 26 0.892
-4.9591 2.2885 2.0600 35 211 35 0.859
-5.4332 6.9300 1.8181 92 219 20 0.793
3.7818 -7.0145 2.4075 26 218 26 0.892
4.5969 0.5392 2.2109 26 218 26 0.892
7.8043 -0.5358 0.8971 117 212 20 0.727
-1.6094 5.8077 3.3752 24 220 24 0.903
5.9440 3.5220 1.5535 92 219 20 0.793
5.7297 -3.4697 1.7451 32 214 32 0.870
2.3922 3.4096 3.0503 21 222 21 0.914
3.8964 2.4272 2.4358 46 202 46 0.815
5.7188 5.2738 1.7729 7 233 7 0.969
3.9456 1.5685 2.4163 32 214 32 0.870
0.4362 6.9007 3.8385 26 218 26 0.892
-3.1786 1.7650 2.8450 29 216 29 0.881
7.0255 -0.4274 1.2109 48 200 48 0.804
4.8695 0.6887 2.0078 24 220 24 0.903
-7.4369 2.9814 1.0914 46 202 46 0.815
-5.4586 6.0658 1.8621 16 227 16 0.936
6.9868 -4.6038 1.2595 16 227 16 0.936
2.4956 4.2261 3.0636 32 214 32 0.870
2.3408 -0.0663 3.1034 100 217 20 0.771
-0.5125 2.0573 3.7678 24 220 24 0.903
0.3855 4.4029 3.8416 32 214 32 0.870
4.9067 7.2803 2.0653 16 227 16 0.936
-2.6424 1.6709 2.9280 32 214 32 0.870
-5.6051 1.0978 1.8132 43 205 43 0.826
1.3238 -3.3037 3.4426 24 220 24 0.903
-1.1868 0.1582 3.5377 38 209 38 0.848
6.6227 1.0272 1.4169 18 225 18 0.925
5.6768 2.6076 1.6564 26 218 26 0.892
-5.9943 -7.9513 1.6570 43 205 43 0.826
-7.3790 -3.1466 1.1103 40 207 40 0.837
6.4432 1.8915 1.4589 21 222 21 0.914
7.5775 -6.1743 0.9822 96 218 20 0.782
2.9482 -3.0188 2.8371 38 209 38 0.848
5.6543 0.2930 1.7287 16 227 16 0.936
4.9333 -4.9897 2.0736 40 207 40 0.837
7.8261 0.0628 0.9164 113 213 20 0.738
-5.9983 -7.2677 1.5289 29 216 29 0.881
-5.2015 7.3498 1.9680 24 220 24 0.903
6.7157 1.9043 1.3321 29 216 29 0.881
-6.1818 6.6580 1.5633 29 216 29 0.881
6.0369 -4.0454 1.7192 46 202 46 0.815
-3.4331 -5.1979 2.6650 35 211 35 0.859
5.8022 -2.3514 1.6768 16 227 16 0.936
-5.2955 1.5125 1.8865 96 218 20 0.782
1.1069 3.2587 3.5383 100 217 20 0.771
-4.6129 6.4153 2.1051 18 225 18 0.925
-7.7493 -0.3715 0.9233 40 207 40 0.837
-2.2354 -0.5170 3.0975 26 218 26 0.892
-0.8464 -3.4820 3.6613 24 220 24 0.903
4.8819 -1.1992 2.0504 13 229 13 0.947
-3.9953 7.7801 2.4131 24 220 24 0.903
0.3001 5.7913 3.8878 26 218 26 0.892
-6.1543 -5.1493 1.5382 29 216 29 0.881
-4.3479 6.1190 2.2883 24 220 24 0.903
3.8915 -0.9019 2.4807 35 211 35 0.859
3.1349 -3.9123 2.7020 18 225 18 0.925
-6.9278 -7.7241 1.2793 48 200 48 0.804
-5.1993 -6.9087 1.9524 38 209 38 0.848
-6.7335 0.5338 1.3645 21 222 21 0.914
6.2898 -5.0913 1.4202 10 231 10 0.958
2.1829 1.8584 3.1255 18 225 18 0.925
6.8132 1.1468 1.2164 29 216 29 0.881
6.2666 0.7727 1.4689 40 207 40 0.837
2.6609 -7.7246 2.8947 46 202 46 0.815
5.4797 -5.4282 1.7962 38 209 38 0.848
7.9448 -6.9659 0.8555 105 215 20 0.760
-5.9789 -3.1946 1.6645 40 207 40 0.837
5.6186 1.9734 1.6476 10 231 10 0.958
-1.6168 3.8651 3.3688 35 211 35 0.859
-2.8048 7.5735 2.9101 29 216 29 0.881
-7.0099 -0.3194 1.1977 35 211 35 0.859
-7.7006 2.7712 0.8585 48 200 48 0.804
-2.3682 0.6258 3.0282 26 218 26 0.892
6.2349 -7.7867 1.5421 29 216 29 0.881
0.5421 0.3421 3.8099 32 214 32 0.870
5.1473 -2.8770 1.9436 43 205 43 0.826
0.2302 1.9558 3.7996 38 209 38 0.848
2.9486 -2.0544 2.9355 48 200 48 0.804
-5.0159 7.5569 1.9562 38 209 38 0.848
5.0556 -7.0393 1.9598 26 218 26 0.892
-7.2102 -6.5694 1.0709 21 222 21 0.914
-7.8563 7.5031 0.8838 96 218 20 0.782
6.9088 -5.3611 1.2533 40 207 40 0.837
6.9869 3.8905 1.1713 16 227 16 0.936
7.6537 1.8670 0.8553 35 211 35 0.859
-4.7600 -4.5090 2.1149 24 220 24 0.903
2.5515 -5.0072 3.0152 35 211 35 0.859
6.2380 -2.0506 1.4741 35 211 35 0.859
-4.0685 -2.0769 2.3348 29 216 29 0.881
-7.6494 -7.5561 1.0105 32 214 32 0.870
-1.3780 5.7222 3.4165 10 231 10 0.958
4.9865 -0.8876 1.9855 24 220 24 0.903
-3.7497 -4.7560 2.4838 13 229 13 0.947
7.8927 1.9334 0.8438 96 218 20 0.782
3.4272 -4.9984 2.6076 24 220 24 0.903
-2.8698 -6.8981 2.8013 26 218 26 0.892
-6.3667 5.1531 1.5573 38 209 38 0.848
0.6961 1.4988 3.7097 43 205 43 0.826
5.3235 -4.6563 1.9367 26 218 26 0.892
-1.3796 5.9471 3.5132 18 225 18 0.925
-5.1879 -3.1612 1.9646 43 205 43 0.826
1.7043 3.3453 3.2829 43 205 43 0.826
2.5763 3.1944 2.9602 16 227 16 0.936
5.7423 1.0002 1.7867 26 218 26 0.892
7.2842 -5.4504 1.1344 46 202 46 0.815
7.7124 -7.8815 0.9794 105 215 20 0.760
-7.0271 4.1990 1.1308 24 220 24 0.903
7.9609 4.2418 0.8711 38 209 38 0.848
0.8878 -7.3568 3.6647 38 209 38 0.848
6.6262 4.9608 1.3971 35 211 35 0.859
-4.9560 0.6814 2.0701 21 222 21 0.914
-2.4569 -3.3224 3.0655 16 227 16 0.936
4.5623 -2.0802 2.0649 29 216 29 0.881
-1.3074 7.6296 3.5075 24 220 24 0.903
4.9541 2.5080 1.9940 16 227 16 0.936
5.5354 -7.8123 1.7942 35 211 35 0.859
-1.3166 2.6813 3.4974 21 222 21 0.914
-3.4120 -4.2843 2.5580 48 200 48 0.804
-6.2371 6.1167 1.5665 13 229 13 0.947
-7.9541 -7.1905 0.8762 109 214 20 0.749
1.7681 -0.2263 3.2687 40 207 40 0.837
2.3235 -2.1266 3.1147 40 207 40 0.837
7.8114 5.6709 0.8654 38 209 38 0.848
-4.3105 5.7977 2.2789 18 225 18 0.925
3.6019 2.8767 2.5240 35 211 35 0.859
-1.0095 4.3048 3.5544 121 211 20 0.716
3.2239 -7.3418 2.6957 40 207 40 0.837
3.6293 5.1155 2.5758 16 227 16 0.936
-4.9672 3.1648 2.0058 16 227 16 0.936
1.6089 7.6189 3.3150 26 218 26 0.892
-5.9208 3.8960 1.6304 40 207 40 0.837
-6.3198 -5.4530 1.5131 92 219 20 0.793
-5.3982 4.1139 1.8965 43 205 43 0.826
4.1693 1.9859 2.3832 35 211 35 0.859
3.7122 7.2041 2.4057 35 211 35 0.859
4.3005 -2.7649 2.3037 29 216 29 0.881
1.1646 5.5104 3.6032 32 214 32 0.870
7.4270 7.2040 1.0464 35 211 35 0.859
-2.7127 1.0518 2.8169 43 205 43 0.826
-6.7392 3.1530 1.3360 21 222 21 0.914
-3.2800 -0.3696 2.6470 92 219 20 0.793
-1.1335 -2.8096 3.5392 24 220 24 0.903
6.7483 -0.6407 1.3136 32 214 32 0.870
4.7168 -7.7048 2.1003 105 215 20 0.760
6.5441 -0.5711 1.2975 46 202 46 0.815
-4.0267 1.7176 2.3743 18 225 18 0.925
5.8608 -1.9448 1.6221 24 220 24 0.903
-7.0208 7.5296 1.2105 10 231 10 0.958
-5.8994 -2.5104 1.6222 26 218 26 0.892
-1.6475 -3.4394 3.3116 24 220 24 0.903
2.9861 5.0088 2.8820 43 205 43 0.826
-0.3518 5.4537 3.8901 40 207 40 0.837
-2.0796 5.0013 3.1453 29 216 29 0.881
5.4563 -0.9081 1.7858 38 209 38 0.848
6.4873 -2.1503 1.4277 46 202 46 0.815
-2.1623 -6.5452 3.0989 46 202 46 0.815
-7.1445 3.6325 1.1702 21 222 21 0.914
6.3478 6.3939 1.4393 32 214 32 0.870
5.9047 4.9231 1.6360 7 233 7 0.969
6.3528 -1.5138 1.4293 4 236 4 0.980
-7.2065 -5.4773 1.1396 43 205 43 0.826
-6.0102 1.9747 1.6546 43 205 43 0.826
-2.8096 5.4173 2.8872 24 220 24 0.903
-6.7844 0.2069 1.2613 29 216 29 0.881
-5.8312 1.6267 1.7123 35 211 35 0.859
-4.7616 4.4683 2.1282 18 225 18 0.925
5.6220 1.2218 1.6803 32 214 32 0.870
1.8555 0.6174 3.1620 40 207 40 0.837
0.2471 6.0849 3.8868 18 225 18 0.925
5.9933 0.4639 1.6148 32 214 32 0.870
3.7951 -5.4151 2.4180 46 202 46 0.815
-2.4872 -2.9318 2.9159 18 225 18 0.925
-5.4391 -0.1631 1.8718 32 214 32 0.870
1.9059 1.0934 3.2417 43 205 43 0.826
2.3226 -1.6522 2.9879 35 211 35 0.859
-4.8118 -5.0107 2.1027 13 229 13 0.947
4.8695 -3.4581 2.0205 43 205 43 0.826
-5.0120 -6.9966 2.0139 43 205 43 0.826
0.3847 2.4950 3.8585 21 222 21 0.914
5.1027 -2.5500 1.9392 35 211 35 0.859
2.2620 1.7056 3.0935 21 222 21 0.914
1.7970 -2.7481 3.1987 32 214 32 0.870
-7.4722 6.6348 1.0295 24 220 24 0.903
1.7740 3.8886 3.3543 38 209 38 0.848
-6.6623 -2.8077 1.2913 40 207 40 0.837
7.4598 6.0048 0.9854 4 236 4 0.980
-2.6714 -5.0881 2.8902 38 209 38 0.848
-7.6156 -4.6865 0.9598 13 229 13 0.947
7.8424 7.7437 0.8256 46 202 46 0.815
-7.4711 5.5434 0.9603 100 217 20 0.771
-7.3322 4.0843 1.1058 21 222 21 0.914
-4.0151 2.4365 2.4226 43 205 43 0.826
7.7262 -3.8548 0.9783 13 229 13 0.947
-5.5834 4.0767 1.7999 40 207 40 0.837
-6.8607 2.7491 1.2615 35 211 35 0.859
7.6425 5.8032 0.9568 21 222 21 0.914
-7.9267 -6.3148 0.8564 92 219 20 0.793
6.1916 -3.2758 1.5972 32 214 32 0.870
-1.5112 3.4658 3.3764 38 209 38 0.848
-5.9241 -6.6219 1.6422 24 220 24 0.903
-3.7871 6.0275 2.4500 26 218 26 0.892
6.8207 -6.5869 1.2837 21 222 21 0.914
-6.6362 -5.9805 1.3952 40 207 40 0.837
6.8007 -4.7091 1.2759 18 225 18 0.925
-2.0109 6.2203 3.2223 26 218 26 0.892
-0.8504 -6.2069 3.6477 26 218 26 0.892
1.8077 1.7777 3.3341 38 209 38 0.848
-0.7743 7.4831 3.7485 26 218 26 0.892
4.4197 0.8115 2.1994 24 220 24 0.903
7.8190 7.2050 0.8629 35 211 35 0.859
-2.8315 -7.2843 2.8808 18 225 18 0.925
4.5744 7.3400 2.0699 21 222 21 0.914
-5.4849 -3.9798 1.7598 29 216 29 0.881
-1.8342 -5.8912 3.3534 21 222 21 0.914
6.8094 -6.3541 1.3749 26 218 26 0.892
7.1625 3.3518 1.1734 48 200 48 0.804
4.4107 -1.0475 2.2553 109 214 20 0.749
0.6675 -2.9639 3.7466 96 218 20 0.782
1.7911 2.9477 3.2934 92 219 20 0.793
-6.9132 -3.5866 1.2938 35 211 35 0.859
2.4432 -1.0504 2.9811 38 209 38 0.848
-1.0968 -3.1304 3.5979 13 229 13 0.947
2.2958 4.6800 3.1405 21 222 21 0.914
-6.2717 -5.0969 1.5092 38 209 38 0.848
-5.6175 -5.2945 1.7188 24 220 24 0.903
-3.0355 6.7318 2.8200 29 216 29 0.881
3.5770 5.2048 2.5980 13 229 13 0.947
3.1876 4.7808 2.7036 32 214 32 0.870
-3.9654 3.8287 2.4298 29 216 29 0.881
-7.9096 -1.2945 0.8625 32 214 32 0.870
2.4491 6.0311 3.0334 29 216 29 0.881
-1.5057 4.6929 3.3815 46 202 46 0.815
6.1038 7.5712 1.4793 48 200 48 0.804
-3.8707 7.2578 2.5528 43 205 43 0.826
-4.4444 -4.5125 2.2068 10 231 10 0.958
-6.9393 0.7353 1.2993 92 219 20 0.793
6.1175 6.0562 1.5797 38 209 38 0.848
6.7417 -4.3034 1.2957 46 202 46 0.815
-7.2770 -1.6552 1.0941 48 200 48 0.804
-6.6634 -2.5358 1.3554 32 214 32 0.870
-6.1369 6.4888 1.5649 21 222 21 0.914
-3.8173 -5.6491 2.5121 16 227 16 0.936
-4.7724 2.3004 2.1830 40 207 40 0.837
4.6838 1.0464 2.1575 32 214 32 0.870
-7.1142 5.3801 1.1356 46 202 46 0.815
1.4563 4.0133 3.3578 24 220 24 0.903
-1.2627 1.6579 3.4174 21 222 21 0.914
-5.5585 6.2418 1.7856 18 225 18 0.925
-1.7112 5.0090 3.2952 35 211 35 0.859
-7.4318 -0.2311 1.0950 43 205 43 0.826
6.4198 2.7466 1.4213 38 209 38 0.848
0.8636 7.5027 3.6978 43 205 43 0.826
-0.7931 2.6793 3.6687 21 222 21 0.914
-1.2677 -1.2173 3.4518 29 216 29 0.881
4.0611 3.3794 2.3541 16 227 16 0.936
0.3142 -2.4205 3.8823 32 214 32 0.870
-3.8731 7.6351 2.4628 13 229 13 0.947
7.5094 -3.7131 1.0254 4 236 4 0.980
-1.3860 -3.9373 3.4043 100 217 20 0.771
2.0225 -6.7413 3.1857 29 216 29 0.881
-0.8278 2.2973 3.6412 13 229 13 0.947
4.3411 -6.5501 2.3004 21 222 21 0.914
-1.3631 3.9365 3.5030 35 211 35 0.859
-3.2097 3.9954 2.7349 43 205 43 0.826
-2.3986 2.0353 3.0794 46 202 46 0.815
-1.4137 -7.3512 3.4267 32 214 32 0.870
6.2659 -7.2904 1.5020 24 220 24 0.903
-5.0012 2.6578 1.9963 38 209 38 0.848
-5.4422 -4.8565 1.7366 10 231 10 0.958
-2.2115 4.1970 3.1598 29 216 29 0.881
5.1302 -6.0675 1.8652 10 231 10 0.958
1.3829 4.0195 3.4722 24 220 24 0.903
3.6373 -6.0334 2.5682 16 227 16 0.936
4.4093 -3.1972 2.1959 40 207 40 0.837
-7.8567 7.5168 0.8118 96 218 20 0.782
2.5630 3.1021 2.9322 21 222 21 0.914
5.7039 0.6358 1.7327 24 220 24 0.903
-0.7733 -2.2224 3.6837 48 200 48 0.804
3.4456 5.6111 2.6229 43 205 43 0.826
2.8128 -7.7136 2.8780 46 202 46 0.815
3.8736 -2.8917 2.3709 24 220 24 0.903
3.3566 -4.0608 2.6122 16 227 16 0.936
-0.4658 7.3900 3.7898 26 218 26 0.892
2.1592 -0.4608 3.1817 46 202 46 0.815
2.7947 -6.3134 2.9552 4 236 4 0.980
1.0679 -2.4197 3.5822 16 227 16 0.936
-5.7553 -6.7895 1.7016 16 227 16 0.936
3.7281 6.3381 2.4765 43 205 43 0.826
-4.2774 1.9918 2.2704 48 200 48 0.804
-4.6932 2.8027 2.0746 92 219 20 0.793
6.5791 7.1412 1.3092 35 211 35 0.859
6.7461 -4.1613 1.2733 40 207 40 0.837
1.7148 2.4465 3.3578 92 219 20 0.793
2.3335 -0.4613 3.0933 100 217 20 0.771
-1.9027 -5.9313 3.2835 13 229 13 0.947
-6.2740 1.3140 1.4638 29 216 29 0.881
-5.9268 -6.0719 1.5133 43 205 43 0.826
0.8433 -0.9099 3.6840 16 227 16 0.936
-5.5491 -3.7130 1.7745 29 216 29 0.881
-2.9044 3.9321 2.7960 96 218 20 0.782
7.4190 -1.8395 0.9865 21 222 21 0.914
1.6903 -4.0418 3.3198 35 211 35 0.859
-5.9653 -0.5378 1.6445 35 211 35 0.859
-6.9809 -6.5408 1.1550 10 231 10 0.958
-6.9642 -1.0740 1.1744 40 207 40 0.837
-7.9249 -3.0282 0.8288 40 207 40 0.837
-4.1492 -5.5678 2.3513 32 214 32 0.870
6.1544 -7.3193 1.5079 21 222 21 0.914
0.4111 2.8540 3.8417 21 222 21 0.914
-6.1269 7.3655 1.5733 46 202 46 0.815
-1.6320 -3.2810 3.3334 13 229 13 0.947
5.1178 -7.7199 1.9183 26 218 26 0.892
-1.4457 7.7837 3.4410 26 218 26 0.892
3.5353 -5.7606 2.5048 16 227 16 0.936
4.5945 5.2195 2.1982 26 218 26 0.892
3.0992 -2.4317 2.7648 32 214 32 0.870
1.3099 -5.9041 3.4546 35 211 35 0.859
-3.3897 -3.4303 2.6635 24 220 24 0.903
-5.6205 0.7338 1.7728 26 218 26 0.892
-4.0741 2.3450 2.3034 46 202 46 0.815
-5.6978 -0.1774 1.7215 26 218 26 0.892
-6.4186 2.3621 1.4459 38 209 38 0.848
2.7569 -5.1612 2.8550 46 202 46 0.815
-6.0341 -7.8614 1.5203 35 211 35 0.859
-7.6078 0.7518 0.9429 21 222 21 0.914
2.1145 -1.5629 3.2053 16 227 16 0.936
-4.1316 -3.3221 2.3854 24 220 24 0.903
-4.3663 -2.8871 2.1998 26 218 26 0.892
3.1232 -6.4983 2.7811 16 227 16 0.936
-5.7383 -1.1898 1.6093 32 214 32 0.870
6.5667 -4.6206 1.4453 46 202 46 0.815
-6.8714 1.0282 1.1672 35 211 35 0.859
5.8779 -6.8456 1.6741 29 216 29 0.881
3.7021 4.8290 2.5179 21 222 21 0.914
5.7698 -4.7932 1.7934 43 205 43 0.826
5.3928 3.5151 1.8264 32 214 32 0.870
-1.9245 5.9868 3.2016 40 207 40 0.837
6.9885 -5.1871 1.1334 21 222 21 0.914
-7.5056 -7.7011 1.0087 32 214 32 0.870
-1.2309 6.3642 3.5342 46 202 46 0.815
-5.8955 2.2218 1.6578 43 205 43 0.826
1.0418 -4.7579 3.6544 100 217 20 0.771
-3.6185 3.4502 2.6017 24 220 24 0.903
-3.5169 -5.9646 2.5871 26 218 26 0.892
7.2237 -5.7040 1.0503 40 207 40 0.837
3.1066 -0.9488 2.7006 29 216 29 0.881
-0.7449 -5.8001 3.6918 32 214 32 0.870
-1.6922 -6.9132 3.3143 40 207 40 0.837
4.7413 -3.9646 2.0579 32 214 32 0.870
4.7402 -0.5345 2.0807 24 220 24 0.903
3.1137 1.9710 2.8221 24 220 24 0.903
2.3545 -5.4812 3.0938 43 205 43 0.826
5.8570 -2.4337 1.7600 32 214 32 0.870
3.4284 3.3830 2.7069 29 216 29 0.881
4.5128 5.7393 2.1742 13 229 13 0.947
0.2573 -7.3736 3.9494 21 222 21 0.914
6.9392 2.4362 1.1641 32 214 32 0.870
-1.2738 1.5675 3.4330 32 214 32 0.870
-2.8958 -3.6293 2.8628 16 227 16 0.936
7.6313 -7.6098 1.0055 38 209 38 0.848
-0.1407 -0.2658 4.0096 35 211 35 0.859
0.1790 2.4909 4.0154 26 218 26 0.892
-0.4380 -7.5431 3.8362 26 218 26 0.892
-4.6781 4.6187 2.1672 21 222 21 0.914
0.3440 5.2100 3.8889 7 233 7 0.969
3.5029 -3.1345 2.5504 18 225 18 0.925
4.6319 4.8821 2.1673 48 200 48 0.804
-6.9592 0.9451 1.2079 32 214 32 0.870
-0.2630 -2.0037 3.9122 48 200 48 0.804
7.6312 -4.4775 0.8844 100 217 20 0.771
-7.4947 6.1230 1.0874 38 209 38 0.848
-2.6541 0.4003 2.9938 21 222 21 0.914
-2.3436 4.8370 3.0811 35 211 35 0.859
-0.2476 5.0524 3.9293 18 225 18 0.925
-6.9617 -5.2113 1.1777 18 225 18 0.925
-5.9678 0.7774 1.5255 21 222 21 0.914
3.0568 -1.0195 2.7983 35 211 35 0.859
-2.9628 -1.7594 2.8597 29 216 29 0.881
4.5283 3.4838 2.1818 16 227 16 0.936
-0.2427 6.8466 3.9781 38 209 38 0.848
-5.6772 -7.3434 1.8101 24 220 24 0.903
-5.5902 -6.9623 1.7472 32 214 32 0.870
5.5329 7.5858 1.8002 13 229 13 0.947
0.2766 6.3985 3.8862 24 220 24 0.903
-0.3493 1.8845 3.8417 24 220 24 0.903
1.9927 -5.2842 3.1931 32 214 32 0.870
0.1879 -3.6132 3.9096 24 220 24 0.903
6.6344 -4.6338 1.3739 29 216 29 0.881
1.9112 -2.1612 3.2859 18 225 18 0.925
5.0344 -3.6430 2.0330 40 207 40 0.837
-0.4361 6.3436 3.8440 24 220 24 0.903
4.7326 -0.5892 2.0940 24 220 24 0.903
2.0296 0.3356 3.0847 24 220 24 0.903
3.8061 1.7584 2.3937 21 222 21 0.914
2.0101 1.0837 3.2662 43 205 43 0.826
6.9838 4.0009 1.2057 21 222 21 0.914
-2.6112 -4.5572 2.9385 46 202 46 0.815
3.1549 -6.4792 2.7416 7 233 7 0.969
5.9450 -2.2519 1.5730 21 222 21 0.914
-3.2682 -0.4672 2.7176 48 200 48 0.804
3.5374 5.0173 2.6118 16 227 16 0.936
1.9261 6.8430 3.1546 4 236 4 0.980
0.1499 -2.3830 3.9338 35 211 35 0.859
1.5148 4.7489 3.4012 48 200 48 0.804
-6.9547 -6.9879 1.1870 21 222 21 0.914
1.6768 -6.7943 3.3241 24 220 24 0.903
2.1647 0.8051 3.1357 43 205 43 0.826
2.0932 -6.8774 3.1970 35 211 35 0.859
3.2511 -6.5318 2.7434 16 227 16 0.936
3.2705 -6.5002 2.6194 13 229 13 0.947
7.4787 0.6045 0.9695 38 209 38 0.848
-2.6886 4.9956 2.8496 35 211 35 0.859
1.3048 5.0184 3.4970 46 202 46 0.815
7.5376 -4.7057 0.9808 32 214 32 0.870
-1.1461 3.4335 3.4997 92 219 20 0.793
-6.6365 7.5099 1.2935 21 222 21 0.914
-6.2414 -6.7283 1.5509 24 220 24 0.903
-0.2748 4.2270 3.8762 24 220 24 0.903
-0.0628 3.4059 4.0004 21 222 21 0.914
7.7985 -5.0958 0.9131 32 214 32 0.870
-2.6830 4.9018 3.0236 43 205 43 0.826
5.3088 -7.8086 1.9771 24 220 24 0.903
2.4604 -6.3000 2.9955 10 231 10 0.958
4.6904 1.5044 2.1703 40 207 40 0.837
-2.8448 -1.2375 2.8481 29 216 29 0.881
-3.1580 -4.8467 2.6770 43 205 43 0.826
-2.7030 5.9354 2.9312 32 214 32 0.870
6.7214 0.6638 1.3050 32 214 32 0.870
-4.4816 3.1220 2.2513 13 229 13 0.947
-2.9582 -6.2125 2.8417 29 216 29 0.881
5.5047 4.0603 1.8640 32 214 32 0.870
2.1069 -2.1907 3.2081 26 218 26 0.892
1.2137 -2.8167 3.5443 24 220 24 0.903
-6.6060 4.3818 1.3849 43 205 43 0.826
0.6457 -4.3019 3.7479 35 211 35 0.859
-0.7590 2.0169 3.7037 16 227 16 0.936
2.7967 6.8032 2.8512 32 214 32 0.870
6.4907 6.5684 1.4523 32 214 32 0.870
-2.7108 -6.7978 3.0044 40 207 40 0.837
-7.1020 -3.8373 1.0462 32 214 32 0.870
2.4658 7.5064 3.0148 35 211 35 0.859
2.3520 5.7367 3.0316 38 209 38 0.848
0.4424 3.4245 3.8655 43 205 43 0.826
6.7863 5.0277 1.3050 24 220 24 0.903
-7.8776 -7.4050 0.8849 96 218 20 0.782
-6.9873 1.5018 1.2009 40 207 40 0.837
6.2039 2.2234 1.5633 35 211 35 0.859
0.8901 1.0450 3.5846 96 218 20 0.782
-7.0321 -3.8516 1.1163 26 218 26 0.892
5.3805 -5.3706 1.7915 29 216 29 0.881
5.1625 2.6488 1.8524 29 216 29 0.881
-1.4815 4.4280 3.3526 35 211 35 0.859
7.6984 2.2716 0.9207 35 211 35 0.859
7.2061 -3.6953 1.1520 26 218 26 0.892
-4.0410 0.7742 2.3444 21 222 21 0.914
-1.6174 1.8978 3.3410 40 207 40 0.837
-5.1172 5.1686 1.9159 35 211 35 0.859
4.0931 2.9275 2.2880 46 202 46 0.815
-3.5313 -4.7684 2.6571 38 209 38 0.848
-4.4491 -0.9264 2.2365 26 218 26 0.892
-4.5658 4.6914 2.1646 26 218 26 0.892
-2.9450 -1.6450 2.8030 35 211 35 0.859
-1.9402 5.3403 3.3076 29 216 29 0.881
2.2981 1.6211 3.0879 24 220 24 0.903
-1.4164 -0.7171 3.3782 18 225 18 0.925
5.1629 -3.4584 2.1268 230 100 30 0.157
-6.5293 -1.2149 2.0321 230 107 30 0.178
-1.3022 4.5421 2.9955 230 104 30 0.168
1.3131 5.0491 3.5540 230 113 30 0.194
-3.1695 -3.8375 2.6296 230 130 30 0.247
3.6501 -1.2182 2.5438 230 158 30 0.335
6.5950 -3.7761 0.9219 230 119 30 0.213
-7.5871 -3.0743 0.5399 230 162 30 0.345
8.6994 7.2361 0.8730 230 126 30 0.236
1.2587 -6.4208 3.3666 230 148 30 0.303
1.1055 -4.5380 3.2253 230 136 30 0.265
6.0739 3.2551 1.6926 230 133 30 0.256
-1.1302 -2.5649 3.2909 230 158 30 0.335
1.6196 2.8617 3.5728 230 147 30 0.301
2.7260 7.2133 3.4295 230 162 30 0.346
-4.4574 -5.4862 2.6620 230 108 30 0.180
4.8131 6.0995 2.6877 230 146 30 0.296
-1.5972 -4.0939 3.2283 230 139 30 0.276
-3.1733 2.0518 2.5496 230 141 30 0.282
-7.3999 2.2734 1.0537 230 143 30 0.288
-3.3895 2.3008 3.0336 230 115 30 0.203
-5.2497 4.9725 0.8017 230 104 30 0.167
0.1012 7.6496 4.0750 230 143 30 0.287
6.9786 -1.2936 1.2381 230 125 30 0.234
-5.9228 7.0101 1.5113 230 142 30 0.286
-0.6370 -5.2584 3.5384 230 133 30 0.258
0.9776 7.1802 3.5589 230 137 30 0.270
-0.8808 5.2176 3.6220 230 152 30 0.315
1.5049 1.5771 3.2883 230 145 30 0.294
-1.3992 -6.2068 3.1237 230 133 30 0.257
0.8886 -0.4269 3.4561 230 106 30 0.175
1.7196 0.3163 2.8612 230 119 30 0.213
-0.6919 5.3380 3.0958 230 153 30 0.318
1.0149 -5.6228 3.5458 230 133 30 0.257
5.5399 3.4636 1.8216 230 139 30 0.277
-0.7004 -4.0276 3.8488 230 146 30 0.298
-2.5369 -1.7694 3.3302 230 139 30 0.275
-6.1069 -1.8071 1.4885 230 122 30 0.222
7.5170 -2.3911 0.8446 230 113 30 0.195
-1.9393 3.0842 2.9710 230 153 30 0.318
2.8882 7.5082 3.0711 230 116 30 0.205
6.0884 7.9414 1.7707 230 161 30 0.343
4.8427 -3.3463 2.2083 230 112 30 0.194
6.0833 -3.3012 1.1612 230 144 30 0.290
-1.5273 -1.0035 2.7110 230 155 30 0.325
-0.4593 -7.0021 3.7569 230 118 30 0.210
-6.6890 -4.4536 1.3551 230 158 30 0.334
2.7589 4.2146 3.1310 230 156 30 0.327
0.4799 6.8849 3.6310 230 144 30 0.291
7.9754 1.0265 0.7332 230 120 30 0.215
-3.0842 2.8263 2.6054 230 138 30 0.271
5.5543 3.8538 1.9659 230 135 30 0.262
2.9446 7.2967 2.6959 230 117 30 0.209
0.6013 0.9653 4.4007 230 144 30 0.290
-3.5224 7.3403 2.4917 230 134 30 0.260
-5.2629 1.4186 1.7928 230 111 30 0.189
-3.4712 -6.9437 2.5638 230 128 30 0.242
-0.6668 -6.8798 3.6541 230 125 30 0.233
3.3814 -0.0511 2.8346 230 159 30 0.335
6.6602 -0.8700 1.7041 230 156 30 0.327
1.2864 2.7493 4.0868 230 118 30 0.210
-3.1156 1.2426 2.8829 230 129 30 0.245
0.8432 -7.2305 3.9893 230 145 30 0.292
2.3417 -0.7237 2.8647 230 132 30 0.252
-6.8356 -4.0076 1.0784 230 147 30 0.301
-2.1158 7.4314 3.2885 230 106 30 0.174
5.9693 4.9851 1.6234 230 122 30 0.224
-6.8033 4.4767 1.3558 230 127 30 0.239
0.3672 -6.4120 3.2472 230 100 30 0.157
3.5232 -1.1346 2.4181 230 137 30 0.268
0.2557 3.2072 3.3323 230 150 30 0.311
-7.2190 0.0462 1.0197 230 110 30 0.185
-7.8689 5.1578 1.1316 230 123 30 0.228
7.2114 1.3201 1.1223 230 155 30 0.323
-1.2242 0.7769 3.6848 230 104 30 0.169
-6.3364 -5.0882 0.9881 230 157 30 0.330
6.4461 2.5333 0.9536 230 106 30 0.175
-7.4781 5.0629 1.0950 230 141 30 0.282
-1.8009 -3.2316 3.4832 230 123 30 0.226
-0.3669 7.9040 4.1869 230 142 30 0.286
-6.0063 2.0474 1.3445 230 144 30 0.292
-0.6788 -6.9350 3.8284 230 103 30 0.164
7.9644 3.0953 1.1270 230 155 30 0.323
7.3551 1.0624 1.2280 230 118 30 0.212
-3.0062 -4.6503 2.5673 230 126 30 0.235
7.3102 -3.1701 0.7861 230 156 30 0.329
-8.2920 0.1289 0.8035 230 146 30 0.296
5.2477 -5.2565 2.0893 230 151 30 0.314
-1.1071 -4.0606 3.2254 230 154 30 0.321
-6.2639 -0.4743 1.5190 230 143 30 0.286
-4.2811 7.6777 1.7130 230 104 30 0.169
-3.2739 4.1284 2.5325 230 137 30 0.268
-7.1312 0.7734 1.1983 230 120 30 0.216
-5.2157 -7.6715 2.1440 230 134 30 0.261
-1.5659 -5.8276 3.4141 230 119 30 0.215
3.0931 7.7883 2.4856 230 120 30 0.217
-5.9392 3.7302 1.0504 230 103 30 0.165
4.4891 -7.7490 2.5593 230 123 30 0.225
4.3688 -5.8099 2.4481 230 127 30 0.240
-3.0228 4.2578 3.2529 230 118 30 0.210
-4.8289 -7.0638 1.9936 230 124 30 0.229
-6.8608 1.4781 1.2760 230 122 30 0.223
1.8817 -6.3968 3.5605 230 154 30 0.321
7.3876 4.1516 0.7245 230 132 30 0.255
5.4683 4.9904 1.9379 230 135 30 0.262
0.5565 -5.7081 3.5015 230 163 30 0.350
-7.4372 5.8874 1.0775 230 108 30 0.180
7.9229 0.9735 0.4305 230 108 30 0.179
6.4680 6.2455 1.7753 230 156 30 0.327
0.6825 -6.2509 4.0200 230 153 30 0.317
-3.8651 1.6550 2.5564 230 128 30 0.242
-7.3514 -1.7013 1.1490 230 143 30 0.288
6.8930 -2.6376 1.6852 230 156 30 0.326
3.5149 -1.6362 2.9946 230 154 30 0.321
-5.0111 -7.8086 2.3291 230 123 30 0.227
2.0363 -7.7454 3.0390 230 116 30 0.204
-3.9696 6.6651 2.2087 230 114 30 0.199
-7.9361 -1.8725 0.9316 230 109 30 0.184
-1.6561 6.8398 3.0368 230 152 30 0.315
-7.7977 4.5463 1.0026 230 111 30 0.188
3.4688 -4.9348 1.9574 230 147 30 0.301
-3.5718 3.9306 2.4139 230 105 30 0.172
8.0383 -4.8212 0.3227 230 125 30 0.231
-1.7390 -7.6265 3.1256 230 132 30 0.254
6.4002 4.5491 0.9629 230 101 30 0.157
2.0104 3.0837 3.2845 230 122 30 0.222
-7.8837 -2.7063 0.7965 230 125 30 0.233
3.8943 2.8665 2.4389 230 115 30 0.200
-1.2496 1.0390 4.1124 230 115 30 0.202
1.0953 1.1077 3.6053 230 123 30 0.226
3.8179 -2.1013 2.6786 230 142 30 0.284
-2.1705 2.7154 3.3176 230 108 30 0.179
7.9588 0.3489 0.5663 230 147 30 0.301
-6.1030 7.0057 1.6520 230 132 30 0.254
-7.3488 1.2913 1.0237 230 141 30 0.281
2.3427 -3.2151 2.8150 230 154 30 0.320
3.4178 4.6247 3.1707 230 152 30 0.315
-1.4411 2.6361 3.4100 230 152 30 0.314
0.7767 3.5233 3.3824 230 131 30 0.249
-3.0556 2.4054 2.8394 230 132 30 0.255
-8.0114 3.3469 0.3736 230 156 30 0.329
6.2509 -5.4951 1.3747 230 136 30 0.266
-7.2620 -0.0439 0.7107 230 101 30 0.158
5.8069 -5.1997 1.9606 230 127 30 0.237
-6.5590 -0.3096 1.2217 230 109 30 0.183
-6.0998 -4.1245 1.2712 230 148 30 0.304
-3.5101 1.8419 2.3722 230 154 30 0.322
-5.7584 2.9832 1.6545 230 151 30 0.312
-6.4469 4.3262 1.5985 230 132 30 0.254
-6.7931 -2.1033 1.1585 230 142 30 0.284
2.1262 -0.4729 3.6338 230 137 30 0.268
-6.4552 4.2852 1.5423 230 128 30 0.241
4.1752 -7.5911 2.6353 230 122 30 0.223
-7.8399 6.9868 0.5457 230 114 30 0.198
2.4185 2.4042 2.7750 230 102 30 0.162
-0.0849 -4.1223 3.9920 230 132 30 0.253
7.9821 7.0757 0.6304 230 156 30 0.329
2.7497 -0.2078 2.9900 230 148 30 0.305
-6.4853 -2.3360 1.1247 230 155 30 0.326
-2.2010 -5.3100 3.4160 230 126 30 0.235
6.4008 -4.2796 1.0236 230 109 30 0.185
-6.2985 -5.5626 2.0322 230 110 30 0.187
3.6582 3.4858 2.7922 230 134 30 0.259
-6.3451 2.1772 1.3945 230 158 30 0.332
4.9839 0.2935 2.2338 230 118 30 0.210
-1.7259 -3.0497 3.5301 230 120 30 0.216
7.6387 2.9218 0.9090 230 122 30 0.225
4.0172 2.2667 2.5265 230 108 30 0.180
7.2576 -5.0254 1.0268 230 120 30 0.218
-7.7531 -2.6793 0.7911 230 142 30 0.285
2.4665 -1.9861 2.6522 230 109 30 0.182
-5.3165 7.7585 2.3393 230 158 30 0.333
-0.0679 -0.3201 3.7158 230 102 30 0.160
-0.2755 -2.1569 3.3448 230 108 30 0.179
-2.6641 7.3169 2.3611 230 163 30 0.349
-6.4905 -0.5251 1.7312 230 129 30 0.246
2.0016 3.3308 3.7217 230 150 30 0.308
-1.6838 3.1037 3.5410 230 109 30 0.183
-2.2612 -8.2879 3.1942 230 132 30 0.254
2.3358 1.7016 3.1041 230 121 30 0.220
2.5468 7.7352 2.6033 230 157 30 0.330
-5.9462 -0.2895 1.1611 230 131 30 0.252
-0.5291 -5.0839 3.6616 230 107 30 0.177
6.7869 -0.0136 1.5832 230 154 30 0.321
5.0735 4.6357 2.0262 230 134 30 0.261
-3.1174 2.5400 2.6800 230 102 30 0.160
1.8608 7.3821 2.9107 230 136 30 0.268
7.0318 -1.4444 1.4630 230 154 30 0.322
-0.9643 -2.0234 3.4973 230 134 30 0.259
1.6023 3.5217 3.2356 230 116 30 0.206
1.6493 3.4221 3.0947 230 132 30 0.255
-4.1195 -0.4337 2.4177 230 119 30 0.215
-4.7305 6.9642 2.1920 230 123 30 0.225
-0.0540 2.0574 4.0060 230 110 30 0.187
-7.2286 1.1165 1.1914 230 117 30 0.208
-6.0559 -4.3157 1.3662 230 132 30 0.254
-2.4920 1.9070 2.3668 230 113 30 0.195
-1.1665 -1.7512 4.1069 230 162 30 0.347
-3.5376 5.0633 2.7045 230 111 30 0.190
-6.8789 4.5661 1.4372 230 120 30 0.218
-7.3448 0.7054 0.6669 230 155 30 0.324
-6.8075 -2.1155 1.1701 230 130 30 0.249
-7.1995 -3.3798 1.2553 230 144 30 0.290
0.7860 2.1821 3.5491 230 150 30 0.310
-0.0838 1.0635 4.2931 230 100 30 0.157
-0.2304 -2.6601 4.1134 230 128 30 0.242
0.4899 1.7996 3.7189 230 132 30 0.253
-2.0931 3.3491 2.9448 230 163 30 0.350
6.9408 1.7398 1.6586 230 131 30 0.250
-6.0098 -4.0385 1.6425 230 154 30 0.323
7.8226 -7.1863 0.8806 230 104 30 0.169
-4.4288 -5.8433 2.1501 230 121 30 0.220
6.0349 3.5022 1.7373 230 152 30 0.314
-6.3165 7.7851 1.8251 230 113 30 0.194
1.9770 -1.3045 3.6410 230 147 30 0.300
5.9715 -4.1387 1.6438 230 144 30 0.290
-2.2864 3.0427 2.9192 230 145 30 0.294
6.4704 1.2953 2.0401 230 129 30 0.244
0.9698 -6.2398 3.2645 230 116 30 0.204
-4.6662 -0.4612 2.1924 230 124 30 0.228
-2.8081 2.9361 2.7015 230 115 30 0.202
2.3869 0.2259 3.0673 230 120 30 0.218
-7.2714 -0.5046 1.4585 230 121 30 0.219
-8.1739 5.3551 0.7803 230 110 30 0.186
0.4095 -4.3894 3.5054 230 127 30 0.240
-3.7291 2.8815 2.7234 230 155 30 0.325
-0.3025 -0.8372 3.8810 230 126 30 0.236
7.1173 1.5178 0.8307 230 132 30 0.255
-0.7704 5.2309 3.9101 230 102 30 0.161
-2.0207 -1.0722 3.3612 230 144 30 0.292
-5.1091 -6.6074 1.8196 230 108 30 0.181
-0.5586 -5.0160 4.0040 230 150 30 0.308
-2.7364 2.0679 2.2459 230 124 30 0.230
-0.9221 -6.9861 3.2420 230 126 30 0.236
7.9179 -5.2431 0.9491 230 137 30 0.269
-3.0601 1.4842 2.7718 230 142 30 0.283
2.5009 -3.4889 2.9095 230 106 30 0.173
-1.7655 1.8958 2.8545 230 111 30 0.189
6.3346 7.7215 1.3723 230 106 30 0.175
7.4258 4.3534 0.7494 230 138 30 0.274
-0.9891 -0.6853 3.7954 230 150 30 0.310
-8.0168 0.4465 0.8622 230 111 30 0.190
4.0251 -5.5848 2.4579 230 152 30 0.316
-1.6148 2.1618 3.5032 230 105 30 0.172
-2.8600 2.2853 3.0400 230 143 30 0.288
-1.7264 -6.7537 3.7170 230 121 30 0.219
-5.4114 3.3118 1.7223 230 124 30 0.230
-6.4622 -0.4301 1.5221 230 153 30 0.317
-6.9107 -0.8728 1.4659 230 130 30 0.248
1.8396 5.8302 3.3681 230 131 30 0.252
-5.7640 4.0665 1.8883 230 112 30 0.193
5.8159 -2.6797 1.5248 230 111 30 0.189
-6.6633 5.6743 0.8243 230 144 30 0.292
3.6146 6.7386 2.4464 230 157 30 0.330
-6.0258 0.0825 1.5897 230 125 30 0.232
-1.2501 -3.8616 3.5986 230 147 30 0.299
2.0972 -0.1001 3.2506 230 127 30 0.238
-7.5674 -2.4075 1.1547 230 158 30 0.335
-1.5150 2.3029 3.4934 230 139 30 0.277
-2.2097 -6.9279 2.8982 230 135 30 0.263
-5.5259 -2.0017 1.9642 230 101 30 0.158
7.2159 -2.8292 0.9147 230 122 30 0.224
7.7788 -7.0005 1.2097 230 160 30 0.340
-2.7262 -2.1612 2.8844 230 132 30 0.254
7.4438 3.7692 0.8297 230 134 30 0.260
-7.3707 -0.1630 1.3662 230 123 30 0.227
0.0263 -6.2905 3.4815 230 129 30 0.245
0.8994 1.1616 3.4398 230 142 30 0.284
-1.8956 2.8316 3.5854 230 149 30 0.306
-1.6395 2.8163 3.9283 230 106 30 0.173
0.3712 -2.2213 3.9337 230 152 30 0.315
-0.6965 0.8263 4.2364 230 122 30 0.224
1.4017 3.2861 3.4031 230 99 30 0.153
-3.7361 -5.9025 2.1938 230 105 30 0.170
-7.9140 1.8556 1.2409 230 138 30 0.272
-1.7583 -2.7793 4.0538 230 110 30 0.185
-4.5803 4.2297 1.9743 230 114 30 0.197
0.4963 6.4006 4.1088 230 145 30 0.294
-3.7074 -7.7631 2.0902 230 114 30 0.198
8.2565 6.7530 1.2263 230 117 30 0.209
7.3902 4.5042 1.1871 230 136 30 0.268
-2.0621 -8.0594 3.4503 230 117 30 0.206
-6.1573 -7.8938 1.4798 230 106 30 0.173
0.3077 -6.5215 3.7161 230 135 30 0.262
-4.4242 -2.9648 2.4243 230 130 30 0.249
-1.5688 2.4786 3.4271 230 152 30 0.316
-0.2675 -3.9499 4.4050 230 158 30 0.335
-6.2925 -5.5697 1.7932 230 108 30 0.181
1.0825 1.8393 3.2131 230 106 30 0.173
5.9797 -5.2251 1.3621 230 116 30 0.205
-3.4910 2.4492 2.3584 230 129 30 0.244
-7.8170 -7.5708 0.5896 230 132 30 0.254
-7.5095 0.3215 0.8647 230 108 30 0.182
-6.7697 3.4482 1.8009 230 159 30 0.336
-5.3437 1.3820 2.1271 230 125 30 0.231
3.1090 -0.8317 3.7388 230 101 30 0.159
2.5937 0.1359 2.3597 230 129 30 0.244
2.8767 2.7328 2.6984 230 121 30 0.219
-1.7831 -7.6864 3.1576 230 117 30 0.207
5.2084 2.2061 2.2455 230 112 30 0.192
-8.1928 -6.8776 0.6890 230 138 30 0.272
-2.8158 2.4292 2.9613 230 154 30 0.323
4.7621 -7.8663 2.1288 230 149 30 0.305
7.6795 1.9508 0.9065 230 124 30 0.228
2.6868 2.9117 3.0178 230 109 30 0.184
2.4062 2.3536 2.9162 230 146 30 0.296
-7.1178 -4.1566 0.8201 230 132 30 0.255
-1.8677 -7.8166 3.6418 230 146 30 0.296
-2.2585 -5.1352 3.5097 230 119 30 0.215
-0.3784 1.2727 4.0617 230 155 30 0.326
4.4918 -7.8459 2.3702 230 117 30 0.208
-7.6292 -2.9024 1.4236 230 159 30 0.336
-1.4930 -3.7507 2.9028 230 147 30 0.299
-7.9072 0.9168 1.3044 230 102 30 0.160
-5.3345 -1.6657 1.8003 230 155 30 0.325
-3.4640 7.9604 2.6777 230 151 30 0.312
-5.3437 -7.9573 1.8829 230 154 30 0.321
-0.5768 -7.5241 3.7825 230 134 30 0.261
-7.1614 -1.1425 1.0983 230 133 30 0.256
1.8773 6.2641 3.2852 230 163 30 0.349
-3.2519 -0.2003 2.6731 230 107 30 0.178
8.1854 7.6001 0.9649 230 129 30 0.246
-5.0290 4.3306 2.1198 230 117 30 0.206
0.5913 4.5325 3.9317 230 104 30 0.167
-1.4671 2.6659 3.3646 230 148 30 0.302
-0.3918 -5.8129 3.5059 230 115 30 0.201
-3.0017 -0.1279 3.0387 230 153 30 0.320
-4.1519 -0.1238 2.0157 230 124 30 0.229
-6.2708 3.5534 1.8598 230 161 30 0.344
5.0668 -2.5967 1.5700 230 104 30 0.167
-7.5396 0.5578 1.3111 230 156 30 0.327
1.9163 -4.4423 2.9999 230 139 30 0.276
-6.3588 1.3090 2.0308 230 104 30 0.168
4.5440 -0.8890 2.0637 230 121 30 0.221
2.9264 6.8498 2.7080 230 152 30 0.315
7.4723 8.2682 0.6769 230 138 30 0.271
0.6222 1.5506 3.2362 230 144 30 0.292
1.4105 2.9006 3.3508 230 102 30 0.161
-0.1681 -0.3256 4.1818 230 132 30 0.255
5.8720 -5.7758 1.9311 230 122 30 0.223
-3.2749 1.9817 2.6320 230 152 30 0.315
-1.4303 8.3351 3.3935 230 119 30 0.213
-6.8246 -4.2290 1.7561 230 122 30 0.223
4.4539 3.3939 2.1107 230 108 30 0.179
2.4071 2.4520 3.6011 230 121 30 0.221
-0.3991 -1.8342 4.1880 230 137 30 0.270
8.0511 5.3513 0.5779 230 149 30 0.307
6.0088 1.5215 1.7700 230 113 30 0.195
4.1113 -1.3544 2.1454 230 100 30 0.155
-1.4078 1.4711 3.5513 230 125 30 0.233
-7.7580 -0.2977 1.3461 230 130 30 0.248
7.6407 3.1578 0.5987 230 136 30 0.265
-3.5136 0.7519 2.8047 230 113 30 0.195
-1.9909 5.2125 3.8350 230 114 30 0.198
-5.0303 4.3517 1.4050 230 111 30 0.189
6.1961 3.3478 1.5353 230 106 30 0.174
-5.2991 -5.7750 2.5928 230 158 30 0.335
-3.9162 -8.1325 2.4866 230 104 30 0.168
-1.6330 -2.9927 3.1854 230 117 30 0.208
-1.0037 2.4168 3.6524 230 137 30 0.270
6.0354 4.7469 1.4992 230 157 30 0.332
-7.4301 1.6817 0.9549 230 128 30 0.242
-6.9407 -1.6152 1.2965 230 155 30 0.326
-1.8631 7.9563 3.2556 230 150 30 0.311
-5.9984 2.3358 1.7110 230 113 30 0.196
-6.8223 -2.6033 1.0430 230 162 30 0.347
2.3783 -4.7020 2.7101 230 133 30 0.258
-4.8808 -7.4464 1.9200 230 102 30 0.162
-1.2594 3.9062 3.5025 230 108 30 0.179
-5.2496 3.4164 2.0097 230 104 30 0.169
3.0544 3.9550 2.7363 230 118 30 0.209
-5.9951 5.0009 1.1240 230 149 30 0.307
-5.8275 3.1712 1.4436 230 150 30 0.310
7.1645 1.5535 0.9752 230 148 30 0.303
-5.1607 7.2664 1.8316 230 151 30 0.314
-7.4571 -7.1037 0.8751 230 133 30 0.257
-2.4642 2.0595 2.7868 230 105 30 0.170
-7.9897 -2.2558 0.4818 230 142 30 0.284
4.4114 -0.7655 2.5397 230 115 30 0.202
3.9158 -2.2590 2.1203 230 103 30 0.163
-6.1775 4.0644 1.9978 230 157 30 0.332
1.9094 -0.6282 2.3411 230 151 30 0.312
3.2424 -7.2365 2.3567 230 123 30 0.227
-0.3456 -4.0785 3.8557 230 106 30 0.173
4.7179 -0.7086 2.5539 230 133 30 0.258
-8.0668 -5.2187 0.6695 230 162 30 0.345
-1.6456 0.7352 2.9323 230 129 30 0.245
-5.4548 3.1052 1.7861 230 138 30 0.273
6.7408 7.6330 2.0035 230 139 30 0.275
-3.1572 4.0448 2.8779 230 108 30 0.179
-2.5432 -5.6717 3.1573 230 128 30 0.242
7.7150 -7.0017 0.6256 230 100 30 0.155
-2.9366 7.7643 2.4475 230 107 30 0.178
2.7925 2.5371 2.8143 230 109 30 0.184
-6.0987 7.5217 1.8368 230 116 30 0.205
5.3762 2.9814 1.8172 230 116 30 0.204
-0.0101 1.5785 4.1797 230 123 30 0.227
-1.5219 6.9788 3.3512 230 138 30 0.274
7.5640 0.0225 1.2009 230 141 30 0.281
-1.7652 -4.2085 3.6919 230 161 30 0.342
-1.3041 8.4277 3.6425 230 120 30 0.215
-1.4023 -7.4760 3.3057 230 130 30 0.248
-7.6775 5.6841 0.9848 230 131 30 0.250
-5.5751 6.9218 1.7087 230 114 30 0.197
-3.6832 -7.8736 2.5258 230 149 30 0.305
4.4545 -7.9267 2.3995 230 124 30 0.228
-7.9999 -6.5408 0.8956 230 103 30 0.165
-8.1013 2.4638 0.9655 230 111 30 0.188
-1.3678 6.4570 3.6526 230 154 30 0.323
0.3460 -3.3725 4.3056 230 127 30 0.240
1.7593 -1.2091 3.2879 230 123 30 0.226
0.6567 -7.7438 3.7020 230 145 30 0.293
4.0456 2.3551 2.6848 230 163 30 0.350
-4.7576 -6.0432 1.8990 230 134 30 0.259
6.5532 7.9240 1.2350 230 120 30 0.216
1.2667 -6.7686 3.6009 230 122 30 0.224
-2.2005 2.1375 2.7752 230 135 30 0.262
-3.9063 5.3676 1.7347 230 142 30 0.283
-0.5479 3.8762 3.9701 230 111 30 0.190
5.9707 4.0060 1.2600 230 154 30 0.323
-5.8769 -1.3953 1.5875 230 136 30 0.267
-7.7599 -2.3776 0.7467 230 147 30 0.301
6.6842 -8.4383 1.2573 230 136 30 0.265
-0.5425 0.7764 3.3698 230 143 30 0.287
1.5891 -5.6692 3.1721 230 111 30 0.191
-4.6446 -3.4297 2.1634 230 113 30 0.197
2.8694 -5.2718 2.9135 230 120 30 0.218
-1.8799 -3.0779 3.3528 230 150 30 0.308
6.3432 2.2039 0.9875 230 125 30 0.232
-1.0467 4.6094 3.6309 230 121 30 0.220
-2.4763 -8.1772 3.0296 230 126 30 0.236
-1.3053 1.5121 3.8382 230 132 30 0.255
3.2033 -1.8997 2.9760 230 111 30 0.190
-2.9373 1.0507 2.5336 230 146 30 0.298
2.9379 -8.1566 2.6850 230 146 30 0.295
1.3795 -5.1398 3.3590 230 127 30 0.238
-6.8198 -4.4801 1.5985 230 110 30 0.185
-8.1893 5.6846 0.6736 230 123 30 0.226
2.5583 7.4322 3.1182 230 146 30 0.298
4.9327 -5.0437 1.8143 230 114 30 0.200
-3.9729 7.5584 1.9433 230 110 30 0.186
-5.2052 7.5094 1.4195 230 136 30 0.265
-7.3360 3.0182 1.0099 230 98 30 0.150
1.1399 7.8833 3.8187 230 146 30 0.296
2.8122 3.4172 3.3830 230 148 30 0.304
8.3555 7.0103 0.6108 230 146 30 0.297
-3.2352 -4.0503 2.7124 230 119 30 0.214
-1.8293 -4.1113 3.5520 230 161 30 0.343
6.1062 -4.1889 1.7548 230 103 30 0.165
-7.1334 4.5626 1.0417 230 112 30 0.193
-1.9989 -7.0847 3.3679 230 101 30 0.159
1.5088 3.0085 3.0803 230 130 30 0.248
2.9532 -2.1669 2.7827 230 127 30 0.240
0.5543 -6.1932 3.9344 230 99 30 0.153
6.3695 2.6634 1.3870 230 109 30 0.183
7.6301 0.4919 0.9364 230 151 30 0.312
2.8253 7.9106 2.8337 230 111 30 0.190
3.8786 -0.7247 2.2042 230 141 30 0.280
8.3998 2.8014 1.3972 230 101 30 0.158
3.6295 2.6203 2.7493 230 118 30 0.209
2.5940 -7.4202 3.0629 230 106 30 0.174
-5.3270 3.9614 1.2412 230 116 30 0.204
4.1563 -2.1506 1.9947 230 158 30 0.333
8.2492 5.2175 1.0094 230 105 30 0.169
3.0223 4.2391 2.5482 230 149 30 0.307
0.6308 -5.8293 3.4443 230 128 30 0.240
1.8740 2.1103 3.7640 230 102 30 0.163
-5.9646 -7.8784 2.0018 230 146 30 0.298
-4.5438 0.2831 2.6636 230 162 30 0.347
-5.0311 8.1685 2.0354 230 148 30 0.303
-1.1751 4.1248 3.3150 230 123 30 0.227
-7.8812 -2.8670 0.9279 230 146 30 0.296
3.1006 -7.8495 2.5228 230 144 30 0.292
2.2797 -8.0776 3.2823 230 158 30 0.333
-2.0142 6.9227 3.5669 230 125 30 0.232
6.2238 -6.3991 1.4764 230 122 30 0.222
-6.3817 -7.8104 1.5133 230 135 30 0.262
2.2189 -4.1812 3.3133 230 127 30 0.239
-6.1308 -3.7709 1.8892 230 108 30 0.179
4.1663 -2.9337 2.3083 230 141 30 0.281
2.2386 -3.6035 3.1190 230 162 30 0.345
-7.6291 2.1123 1.5157 230 128 30 0.241
4.8647 0.0815 1.6818 230 153 30 0.319
-1.8820 -4.0369 3.4339 230 150 30 0.308
8.0952 2.7282 0.7685 230 131 30 0.252
-7.3913 -1.4820 1.1663 230 105 30 0.172
1.0516 -7.4872 3.9292 230 154 30 0.320
-5.2152 4.1508 1.8981 230 114 30 0.199
-0.8943 4.5171 3.3787 230 105 30 0.169
6.4509 3.6980 2.3670 230 148 30 0.303
0.0381 7.9099 3.5206 230 148 30 0.304
1.2511 7.5954 3.9945 230 163 30 0.348
2.7389 -1.7685 2.9389 230 163 30 0.349
-4.3185 -2.3569 2.4786 230 134 30 0.261
-3.0207 -5.4961 2.8607 230 113 30 0.194
7.8089 -5.7165 0.9883 230 113 30 0.196
1.6028 -6.1713 3.5978 230 150 30 0.308
1.2855 7.7968 3.3677 230 162 30 0.346
7.1209 1.5864 1.4354 230 100 30 0.154
1.4936 -4.7101 3.5768 230 150 30 0.309
0.2270 -2.5033 4.3292 230 131 30 0.250
0.1548 -4.0420 3.9974 230 100 30 0.156
8.0377 -3.4771 0.9316 230 134 30 0.259
-1.4479 -1.7608 3.4805 230 123 30 0.228
-7.2268 -0.3971 0.9534 230 147 30 0.299
6.3432 5.7434 1.6920 230 144 30 0.290
-2.3392 6.0265 3.2485 230 117 30 0.209
0.6443 7.6486 3.8798 230 157 30 0.330
2.1186 -3.3558 2.9368 230 147 30 0.301
-6.4470 1.4891 0.3909 230 132 30 0.254
6.2589 -0.2354 1.2595 230 139 30 0.275
-1.5357 3.2738 3.2415 230 101 30 0.158
-7.7872 5.2208 0.4853 230 103 30 0.163
-4.3646 -3.2423 1.6905 230 157 30 0.329
-0.2654 3.1156 4.0532 230 161 30 0.344
-3.5716 -8.0881 2.9041 230 113 30 0.196
1.5420 -6.9026 3.5315 230 110 30 0.186
-1.0603 4.1375 3.8227 230 105 30 0.170
-6.7290 4.4428 1.6021 230 99 30 0.153
5.9938 5.8491 1.3438 230 144 30 0.292
-2.0115 3.3693 3.2752 230 128 30 0.240
-3.6272 4.7593 2.4673 230 122 30 0.222
-7.5507 6.2252 1.3137 230 134 30 0.260
-4.5677 -2.4146 2.6697 230 110 30 0.185
-5.9068 4.0735 1.3735 230 120 30 0.217
-4.7286 2.2312 1.8333 230 157 30 0.330
2.8328 -3.5611 2.8493 230 109 30 0.183
-5.8760 -4.7361 1.5454 230 117 30 0.206
-8.5411 -3.4700 0.7913 230 156 30 0.327
-1.0292 4.3108 3.5520 230 139 30 0.276
-1.2253 -2.5161 3.9793 230 143 30 0.287
-6.8379 2.0690 1.2066 230 101 30 0.159
-6.1062 2.0625 1.7320 230 144 30 0.291
2.2959 -0.4429 3.1366 230 157 30 0.331
-1.1301 -2.0412 3.6118 230 122 30 0.222
-0.0453 -6.6523 4.4710 230 144 30 0.292
2.6392 5.0137 3.5805 230 141 30 0.282
-0.3450 -3.9172 4.3071 230 120 30 0.216
-6.0620 6.9668 1.7394 230 111 30 0.190
-1.1164 8.3617 3.6802 230 150 30 0.309
0.5626 -3.0739 4.0485 230 127 30 0.238
1.1584 -4.5486 3.4427 230 117 30 0.208
-4.6301 -5.5151 1.9557 230 151 30 0.312
-2.3215 -1.7060 2.8410 230 141 30 0.281
3.9484 5.9051 2.2394 230 140 30 0.277
-3.5187 3.8008 3.1406 230 151 30 0.312
6.8918 0.6201 1.3871 230 145 30 0.293
-3.5674 5.3746 2.6415 230 142 30 0.284
7.3941 1.6856 0.7288 230 117 30 0.209
-4.8861 4.0655 2.3548 230 123 30 0.225
-2.1193 -5.2824 2.6972 230 117 30 0.209
3.0560 -5.7432 2.4303 230 141 30 0.282
-5.4073 3.5097 1.9619 230 137 30 0.271
-2.8069 -4.1560 3.1629 230 106 30 0.174
-1.3867 -1.9690 3.5255 230 128 30 0.242
-3.4112 3.4969 2.3856 230 125 30 0.233
3.4529 2.8330 2.8959 230 144 30 0.291
-3.6931 0.0436 2.8432 230 132 30 0.253
0.7711 -5.0660 3.8293 230 109 30 0.184
-6.4466 4.9493 1.3268 230 149 30 0.305
-5.1280 7.9200 1.9788 230 145 30 0.295
-1.6496 -5.8391 3.0463 230 122 30 0.223
2.4936 5.5373 3.3970 230 153 30 0.320
2.4356 6.9154 3.0025 230 157 30 0.332
-8.3646 -1.1040 1.5309 230 154 30 0.321
0.3901 -5.0069 3.4590 230 121 30 0.219
7.9966 3.0033 1.4042 230 152 30 0.316
0.2068 8.0413 3.6245 230 132 30 0.253
5.8241 3.6808 1.6812 230 111 30 0.190
-3.2063 -2.2837 2.5421 230 146 30 0.295
-0.8879 -1.4616 4.0580 230 134 30 0.260
-4.2797 7.2462 2.4861 230 125 30 0.232
5.3740 5.0930 1.8850 230 133 30 0.258
-1.6163 7.2076 3.3324 230 115 30 0.201
1.5476 -6.9478 3.1168 230 124 30 0.230
-7.0750 5.7540 0.9749 230 157 30 0.330
0.5219 -6.9665 3.6941 230 105 30 0.171
2.8954 -2.0528 2.3397 230 162 30 0.346
2.8609 6.7613 2.6158 230 160 30 0.340
2.5118 -0.5461 2.8690 230 139 30 0.277
-5.9514 4.0703 1.8523 230 148 30 0.303
-1.5704 -7.7540 3.0061 230 123 30 0.227
5.9504 -4.1670 1.7610 230 144 30 0.291
-7.6228 2.9627 1.0848 230 137 30 0.269
-0.5426 -6.0973 3.8622 230 137 30 0.269
1.6922 2.8338 3.4689 230 115 30 0.201
-5.9099 2.3310 1.3014 230 127 30 0.238
-6.4891 3.3794 0.9775 230 131 30 0.252
5.0471 2.0890 2.6164 230 123 30 0.226
8.2984 -1.8270 0.9901 230 106 30 0.175
-6.9247 7.8060 0.9884 230 158 30 0.335
3.3909 3.7649 2.0485 230 132 30 0.255
-7.5567 -2.2663 1.0296 230 131 30 0.251
0.0609 1.8575 4.2441 230 145 30 0.293
-5.8888 -5.9202 1.2553 230 102 30 0.162
-4.5052 -7.6852 1.5794 230 146 30 0.295
7.1938 -8.2333 1.5176 230 138 30 0.273
-6.7079 3.8821 1.6580 230 131 30 0.250
1.6963 0.9793 3.6531 230 160 30 0.341
-2.2603 -6.6182 2.9559 230 121 30 0.220
-6.0225 -1.4781 1.8245 230 101 30 0.159
-3.3168 -4.8711 2.6428 230 136 30 0.266
-2.3116 2.1556 3.1044 230 154 30 0.322
-6.6158 -7.4358 1.4524 230 148 30 0.302
-3.9266 -6.0178 2.2097 230 136 30 0.267
-2.6376 -1.2456 3.1736 230 98 30 0.150
-0.9761 0.6868 3.6235 230 158 30 0.334
-2.7485 -4.3781 2.7473 230 103 30 0.164
-2.3964 0.5752 3.0998 230 124 30 0.230
-8.0250 -4.1998 0.4650 230 99 30 0.152
-7.8186 2.1473 0.5506 230 143 30 0.287
3.7433 4.2519 2.8066 230 130 30 0.248
-8.0706 7.4135 0.9437 230 146 30 0.297
3.7453 -0.4260 2.5621 230 111 30 0.190
-1.6609 -2.6565 3.2094 230 115 30 0.203
6.9737 -0.4628 1.3602 230 104 30 0.168
-4.5385 7.5191 2.2255 230 156 30 0.327
-2.3993 -1.8134 3.1891 230 152 30 0.314
6.2148 3.8298 1.7776 230 158 30 0.334
-7.0616 2.0923 1.4451 230 111 30 0.188
-5.4452 -3.5470 1.6844 230 150 30 0.309
1.7441 6.2548 3.5712 230 138 30 0.273
-8.2057 -0.3611 0.5160 230 112 30 0.193
-2.9320 -4.7205 2.3445 230 106 30 0.174
3.3061 2.2871 3.0068 230 146 30 0.296
-7.4882 -2.6855 1.4057 230 116 30 0.204
2.8411 3.5676 3.3399 230 145 30 0.293
7.7326 4.1896 1.0453 230 108 30 0.179
-7.5390 1.5236 0.5579 230 108 30 0.180
0.3871 0.6190 3.7608 230 110 30 0.186
7.2738 -2.6038 1.5102 230 128 30 0.241
-6.1278 6.8586 1.0857 230 111 30 0.191
-0.0160 -6.4421 3.8001 230 125 30 0.233
-2.1723 -7.6964 3.7122 230 160 30 0.340
-7.2552 -0.0684 1.1705 230 99 30 0.151
-1.0045 0.4315 3.9184 230 111 30 0.189
-5.4212 3.0012 1.9326 230 156 30 0.329
5.6518 -5.0314 1.2150 230 135 30 0.262
-3.4796 -6.2935 2.7396 230 149 30 0.305
1.7096 -6.1402 2.9876 230 131 30 0.251
4.8710 -1.4234 2.4304 230 119 30 0.215
-6.0007 -5.6829 1.4600 230 117 30 0.209
0.8753 -2.5640 3.1067 230 148 30 0.304
-2.9241 -0.3213 2.7387 230 139 30 0.274
6.1847 -0.6567 1.4213 230 153 30 0.319
6.2831 2.9808 1.4323 230 114 30 0.197
-2.3088 2.1532 2.6071 230 138 30 0.273
7.2696 -6.0462 1.0050 230 126 30 0.235
-5.7657 -3.2584 1.1787 230 105 30 0.171
2.5095 -2.1329 3.0405 230 100 30 0.154
2.3165 -0.5635 2.9183 230 158 30 0.332
-1.4518 -1.9039 3.6028 230 153 30 0.318
-7.5816 -6.8644 0.9719 230 104 30 0.168
1.5523 2.4915 3.5515 230 160 30 0.341
-1.9889 3.4718 3.1252 230 133 30 0.256
6.7104 -5.3679 1.2479 230 133 30 0.257
-6.9441 -0.4473 1.5631 230 122 30 0.225
-0.5632 2.5306 3.8245 230 156 30 0.328
-4.5539 6.8745 2.5881 230 141 30 0.281
0.5611 -6.6167 3.5504 230 102 30 0.160
-6.3407 3.5474 1.6249 230 148 30 0.303
-7.2149 1.0302 0.6976 230 109 30 0.184
1.0084 5.0504 3.4427 230 146 30 0.297
5.7501 5.7273 1.8218 230 131 30 0.252
-3.7147 3.9097 2.3639 230 140 30 0.277
4.1570 7.4027 2.0855 230 131 30 0.250
-2.3399 -4.2729 2.6103 230 126 30 0.236
-4.8259 3.4427 1.8710 230 117 30 0.209
7.3992 2.1416 1.4076 230 127 30 0.239
3.4647 2.7170 2.9347 230 130 30 0.247
-1.4776 -7.9183 3.7249 230 109 30 0.184
-5.1570 7.9518 1.4628 230 129 30 0.243
-3.6074 -4.3347 2.4258 230 117 30 0.206
-5.6349 3.2325 1.3766 230 147 30 0.299
7.2891 1.9003 0.4705 230 157 30 0.332
-7.2455 -3.3920 1.4151 230 134 30 0.259
7.3942 1.3205 1.4705 230 128 30 0.241
1.5316 2.8762 3.5759 230 108 30 0.181
1.5417 2.6636 2.8524 230 161 30 0.343
6.8737 0.5623 1.1961 230 115 30 0.202
-1.9595 -2.0295 3.3102 230 157 30 0.331
6.0116 3.5039 1.6174 230 143 30 0.287
1.0817 8.0859 3.3140 230 138 30 0.272
-6.5656 -4.4246 1.4543 230 126 30 0.237
-4.8299 -2.7354 2.2696 230 107 30 0.177
-4.4380 -8.0563 1.9647 230 112 30 0.193
3.3799 2.2103 2.9939 230 129 30 0.244
-4.9852 -2.9338 2.1228 230 136 30 0.266
1.4416 -3.9411 3.5653 230 156 30 0.329
-4.8156 6.9549 1.6640 230 132 30 0.252
0.4577 -3.3102 4.1226 230 120 30 0.216
-7.8100 5.7066 0.7750 230 150 30 0.310
0.7030 -6.9260 3.8417 230 143 30 0.289
5.4633 7.8741 2.3884 230 132 30 0.253
-5.0236 3.3656 1.9714 230 103 30 0.165
1.2936 2.6211 3.6465 230 152 30 0.315
-3.3458 0.5556 3.3534 230 148 30 0.304
-4.3501 3.0973 2.4276 230 145 30 0.293
6.9024 7.8864 1.5336 230 127 30 0.238
-1.1826 7.5335 3.4939 230 118 30 0.210
-0.5672 -2.1070 3.8442 230 128 30 0.242
-1.5717 -4.2153 3.6975 230 111 30 0.190
-1.0540 -1.7706 3.3442 230 152 30 0.316
6.6966 -1.9470 1.7234 230 99 30 0.154
0.3170 7.6307 3.3524 230 131 30 0.251
-4.1956 -0.2430 1.9937 230 120 30 0.216
-5.6062 3.7377 2.2461 230 127 30 0.239
6.8323 1.3974 1.3750 230 114 30 0.200
1.6170 -7.8007 3.5537 230 118 30 0.210
-6.1962 -4.4028 1.1881 230 107 30 0.178
-7.9547 -3.8457 0.8320 230 138 30 0.272
1.1834 7.1316 3.4354 230 142 30 0.285
-6.2049 7.0139 0.6847 230 123 30 0.226
-0.0113 0.2405 3.5885 230 157 30 0.332
-5.7803 -3.3283 0.9736 230 100 30 0.155
1.3453 1.8381 3.7640 230 121 30 0.219
7.2567 0.0747 1.0034 230 104 30 0.166
1.6186 1.1227 3.2167 230 135 30 0.263
-3.2148 1.8917 2.9978 230 159 30 0.337
-2.1577 -1.9798 3.2294 230 100 30 0.156
-4.4431 -3.8573 2.2748 230 143 30 0.289
-3.7085 7.2446 1.9222 230 134 30 0.260
-3.8388 3.0631 2.6068 230 120 30 0.218
1.3217 7.7395 3.4898 230 133 30 0.255
-7.6318 -7.5516 0.5906 230 100 30 0.156
6.7513 -1.0728 1.6609 230 139 30 0.276
-0.5230 3.6934 3.8056 230 154 30 0.322
-2.5382 -6.2224 3.1103 230 105 30 0.171
-6.8210 0.4295 1.3685 230 119 30 0.215
3.6257 4.8133 2.6465 230 106 30 0.173
7.3013 7.3535 1.1269 230 152 30 0.315
-3.6462 2.1862 2.3402 230 145 30 0.294
7.6442 -3.5492 1.0631 230 125 30 0.231
0.3406 1.5764 3.8470 230 139 30 0.277
-4.9421 4.0943 2.4509 230 110 30 0.187
0.7863 7.6632 3.4127 230 133 30 0.257
5.0082 -7.8696 2.4222 230 125 30 0.231
-7.8888 1.1383 1.5791 230 129 30 0.244
2.3629 0.0605 3.1979 230 134 30 0.259
-1.2235 0.8016 3.7190 230 145 30 0.295
2.5400 7.3521 3.1825 230 136 30 0.267
-1.2574 4.9467 3.4304 230 136 30 0.267
2.1908 -5.7918 3.2325 230 133 30 0.258
2.1940 -0.7822 3.2057 230 157 30 0.330
-1.1027 -4.3411 3.6458 230 105 30 0.169
-7.9771 -2.1347 0.7439 230 126 30 0.235
0.7311 1.7194 3.1541 230 162 30 0.345
-8.3466 4.0887 0.9634 230 128 30 0.242
1.6273 3.5128 3.2632 230 139 30 0.274
2.6601 -2.5462 3.0292 230 157 30 0.330
-5.5374 -3.4345 2.0858 230 145 30 0.293
-7.5946 -0.0325 1.0935 230 159 30 0.336
7.5302 -0.5326 1.2831 230 158 30 0.334
-3.3000 4.1157 2.4238 230 101 30 0.157
-5.9191 -5.6773 1.5828 230 155 30 0.325
-7.9418 6.2147 0.6248 230 143 30 0.287
-8.2337 3.5640 0.6145 230 111 30 0.190
3.4192 6.3565 2.7129 230 123 30 0.226
-2.0162 -4.7113 3.2608 230 139 30 0.275
2.8652 -8.0477 2.6417 230 133 30 0.258
4.6202 0.6302 2.2185 230 110 30 0.187
6.5023 -0.5164 1.4557 230 119 30 0.215
2.9261 4.1579 2.6496 230 137 30 0.269
3.6083 7.7015 2.0666 230 117 30 0.207
6.8253 -8.2794 1.3007 230 139 30 0.275
5.4430 -3.2000 2.2360 230 100 30 0.155
-3.4294 4.7828 2.4907 230 153 30 0.319
6.9526 -1.1004 1.3170 230 128 30 0.241
-2.5320 0.9563 3.4212 230 140 30 0.277
-3.2625 2.4133 2.6624 230 137 30 0.268
-7.2459 0.5334 1.2133 230 110 30 0.185
-6.0160 -1.8491 1.0897 230 131 30 0.252
-1.1696 5.2872 4.1565 230 105 30 0.171
-8.5626 1.7014 0.9853 230 125 30 0.234
5.0573 3.2087 1.2322 230 116 30 0.205
0.7668 -5.1181 3.7889 230 99 30 0.152
-1.2951 -3.3454 3.4451 230 106 30 0.173
-6.5772 4.8926 1.6041 230 136 30 0.267
6.9867 -4.2105 0.8264 230 104 30 0.167
-2.9916 5.3633 2.5203 230 152 30 0.315
-6.4764 -3.6128 1.4269 230 162 30 0.346
6.8161 -3.2477 1.4568 230 115 30 0.201
-3.2492 8.2976 3.0302 230 108 30 0.181
-3.3497 -4.0976 3.1351 230 140 30 0.277
1.9457 8.3319 2.6439 230 123 30 0.225
7.8610 -5.6068 0.8361 230 151 30 0.313
-2.3593 7.8064 2.9936 230 120 30 0.216
-2.5431 -1.2157 3.0824 230 158 30 0.333
-0.7352 5.1554 3.7417 230 159 30 0.336
0.3371 7.5033 4.0142 230 148 30 0.302
0.6486 -2.7873 3.6264 230 122 30 0.224
1.0216 -6.0587 3.8686 230 105 30 0.170
7.1159 1.4358 0.5540 230 127 30 0.239
-2.3779 3.5490 3.3472 230 120 30 0.216
4.9698 1.7797 2.2963 230 111 30 0.190
-7.8972 1.3926 1.1830 230 152 30 0.317
0.8453 1.0056 3.4809 230 133 30 0.257
0.8955 -8.0066 4.4635 230 136 30 0.265
-5.5486 3.3601 1.5446 230 159 30 0.338
7.8259 -7.6432 0.6051 230 162 30 0.346
-3.7868 -2.8792 2.7014 230 105 30 0.171
-6.4788 4.3374 1.9465 230 124 30 0.230
-6.5322 4.3892 1.0842 230 146 30 0.297
2.5803 7.3785 2.9613 230 155 30 0.325
-4.2318 3.8424 2.1554 230 123 30 0.225
-1.6981 -3.1291 2.9512 230 149 30 0.305
-8.2422 -7.9909 0.6658 230 128 30 0.241
-4.5281 6.7313 2.3844 230 143 30 0.288
1.6387 -6.2292 3.7398 230 121 30 0.218
-8.1014 7.2460 0.8659 230 131 30 0.252
0.9131 1.1248 3.0967 230 139 30 0.275
-1.8486 7.5650 3.1737 230 100 30 0.157
-7.7789 4.8548 1.0590 230 100 30 0.154
-6.8685 -0.2228 1.3907 230 163 30 0.349
0.9239 2.0896 3.2911 230 149 30 0.306
-4.9889 -3.1717 2.1850 230 149 30 0.307
5.8587 7.6412 1.6716 230 128 30 0.243
0.5541 7.5021 3.7298 230 144 30 0.292
-1.5092 4.3689 3.3307 230 134 30 0.259
3.2825 -5.3969 2.8166 230 156 30 0.326
-3.5890 5.1172 2.9926 230 113 30 0.195
-1.7736 -8.1984 3.3429 230 149 30 0.307
7.7851 2.9265 0.5757 230 163 30 0.350
-5.4117 -3.3636 1.8481 230 139 30 0.274
6.8999 -7.9231 1.4175 230 148 30 0.304
8.3885 5.4137 1.0268 230 119 30 0.215
7.3685 -5.7349 0.8044 230 110 30 0.186
-6.0185 3.6186 1.1083 230 120 30 0.216
-6.6350 -3.5460 1.7152 230 132 30 0.253
-4.6684 3.6309 2.1193 230 151 30 0.312
-3.4171 -1.7339 2.6032 230 144 30 0.290
0.8023 -7.9997 3.2191 230 139 30 0.276
-7.8992 -1.7334 0.8019 230 145 30 0.294
0.9754 -5.5788 3.2899 230 154 30 0.321
-1.9050 -5.4646 3.1415 230 159 30 0.336
-1.2778 4.1938 3.5310 230 116 30 0.206
3.1336 4.1102 2.4538 230 134 30 0.259
2.0045 -4.5704 3.2688 230 150 30 0.310
-8.2273 1.1673 0.8211 230 154 30 0.320
-5.9098 -5.5589 1.8283 230 116 30 0.206
-3.4721 5.0691 2.9613 230 104 30 0.169
-1.8154 7.4718 3.0455 230 114 30 0.197
-7.4377 4.2389 0.6921 230 131 30 0.250
-1.1493 2.4214 3.4444 230 111 30 0.189
-7.8575 -6.9775 0.5392 230 136 30 0.267
3.1213 7.9338 2.9896 230 122 30 0.223
-3.6164 -4.6966 2.8704 230 132 30 0.255
-5.3215 -2.0598 1.9284 230 148 30 0.304
1.6158 6.6195 3.3001 230 157 30 0.330
-3.9718 2.7817 2.0545 230 110 30 0.186
-1.6550 -1.5326 3.5579 230 138 30 0.272
6.0166 6.5468 1.3848 230 152 30 0.315
-6.3958 4.4000 1.2012 230 110 30 0.186
-0.8090 -0.6573 3.6037 230 146 30 0.296
-6.1629 3.1768 1.7090 230 134 30 0.258
8.4847 6.5609 0.7978 230 113 30 0.194
-5.2272 3.8316 2.1136 230 135 30 0.263
-5.5120 -0.1354 1.5959 230 102 30 0.162
-0.6350 -1.7579 3.8739 230 106 30 0.174
-5.3060 3.3999 2.4652 230 108 30 0.180
-2.1268 -0.3875 3.0213 230 144 30 0.292
0.7358 -2.8993 3.1870 230 136 30 0.267
7.2910 -2.2496 0.4873 230 139 30 0.275
-7.4195 -1.4821 0.7400 230 114 30 0.197
5.7048 8.1147 1.7417 230 145 30 0.294
6.6543 2.8845 1.4441 230 152 30 0.315
-6.3596 -7.5825 1.5141 230 128 30 0.241
3.0929 2.5609 2.9196 230 126 30 0.236
-2.4204 -6.7801 2.9633 230 121 30 0.221
7.4476 -0.1401 0.5490 230 121 30 0.221
-7.8302 -1.8558 1.0505 230 103 30 0.166
-3.7885 -7.1025 2.2916 230 160 30 0.339
-6.0258 2.1373 1.7101 230 161 30 0.343
0.6852 -5.5282 3.5452 230 108 30 0.180
-4.9341 -3.3907 1.8222 230 132 30 0.254
5.3200 3.5103 1.4095 230 162 30 0.347
-1.0395 3.8839 3.7602 230 100 30 0.156
-5.4001 7.1901 1.8595 230 134 30 0.260
4.0560 -2.4098 2.1260 230 102 30 0.160
-4.5029 -3.1685 1.9083 230 111 30 0.190
0.5284 2.9923 3.4937 230 160 30 0.341
0.6554 -6.6168 4.0269 230 141 30 0.281
-3.9229 2.4269 2.4861 230 130 30 0.247
3.8614 5.2123 2.5696 230 141 30 0.283
-7.2281 -2.4067 1.0513 230 160 30 0.339
-1.6797 -5.9745 3.6224 230 124 30 0.230
0.9005 1.1336 4.1650 230 110 30 0.186
-6.9477 -3.6227 1.4335 230 149 30 0.305
7.8116 -7.0262 1.0758 230 134 30 0.261
-6.1724 -5.2011 1.3822 230 112 30 0.192
-2.9350 1.2433 3.2325 230 141 30 0.281
-5.4872 6.8208 1.6693 230 111 30 0.190
7.6287 1.0108 0.8590 230 126 30 0.234
-1.0490 5.5138 3.7755 230 101 30 0.158
-7.5405 7.8972 1.0230 230 132 30 0.254
1.6041 3.0547 3.0088 230 130 30 0.247
-7.9304 1.0085 0.7510 230 156 30 0.328
-3.6603 3.5109 2.6716 230 129 30 0.244
2.7067 -0.1085 2.8240 230 116 30 0.203
-4.0040 -7.7588 2.4572 230 157 30 0.332
2.5498 -3.7763 3.8454 230 153 30 0.318
-4.5458 7.2957 2.5045 230 114 30 0.200
-4.3833 3.7831 2.1100 230 135 30 0.262
0.6668 3.7845 3.6168 230 142 30 0.284
-1.6265 -2.0088 3.5526 230 109 30 0.182
-6.5058 -4.8927 0.9834 230 150 30 0.310
-3.0666 2.9557 2.8962 230 102 30 0.160
-2.0007 8.0411 2.6863 230 116 30 0.204
-1.5209 -2.6121 3.0474 230 142 30 0.285
-6.9276 4.5703 1.4079 230 140 30 0.278
-2.8536 -3.5501 3.2627 230 153 30 0.319
7.6112 -5.9826 1.6609 230 137 30 0.269
6.1012 -2.2692 1.5558 230 150 30 0.311
-5.4467 7.3774 2.0678 230 117 30 0.208
0.5449 -3.0187 4.1667 230 156 30 0.328
6.2082 0.4276 1.5204 230 161 30 0.342
5.6111 4.1619 1.7180 230 110 30 0.186
3.8415 3.5806 2.0234 230 150 30 0.310
-5.5294 5.1451 2.5023 230 143 30 0.289
0.6937 -6.8613 3.4294 230 102 30 0.161
6.0795 -2.5256 1.7595 230 139 30 0.275
0.1427 -3.5302 3.9203 230 143 30 0.287
-2.5021 -7.0238 3.1318 230 104 30 0.168
-7.7872 5.3304 0.9006 230 145 30 0.293
7.5456 -6.1454 1.2142 230 139 30 0.275
-3.1999 -2.6963 2.4045 230 121 30 0.221
1.8296 -3.8344 3.1792 230 111 30 0.191
-0.9007 -1.8841 3.5688 230 103 30 0.164
-4.5941 -7.1320 1.9376 230 146 30 0.295
-3.3590 -4.6156 2.7642 230 143 30 0.286
7.5812 -4.8607 0.5700 230 122 30 0.222
-0.0142 -4.1355 4.1270 230 118 30 0.210
-3.5500 3.0464 2.0430 230 134 30 0.259
0.4577 0.7803 3.8581 230 114 30 0.198
7.5869 -7.5519 0.5924 230 137 30 0.268
-5.2655 1.1782 2.0684 230 158 30 0.334
7.3211 1.1848 0.5780 230 132 30 0.253
4.8706 2.3334 1.9218 230 118 30 0.210
3.4811 7.3641 2.7081 230 133 30 0.258
1.5895 1.1872 4.2406 230 141 30 0.282
1.2035 7.7561 3.7176 230 152 30 0.314
-6.6132 -4.3541 1.3150 230 131 30 0.251
-5.6786 7.4615 1.6530 230 141 30 0.280
4.8042 -3.1022 2.3282 230 128 30 0.241
2.2174 -5.4244 3.3364 230 163 30 0.350
-8.0987 5.1301 0.5696 230 105 30 0.171
-3.0917 2.1667 2.8434 230 125 30 0.231
-2.8372 2.3629 3.0991 230 134 30 0.259
-1.3661 -0.2575 3.5689 230 112 30 0.192
-4.9994 3.1134 1.9794 230 127 30 0.237
-1.2382 -4.2978 3.4160 230 127 30 0.238
-5.3282 6.2651 1.2535 230 143 30 0.287
-6.9757 4.7947 1.1414 230 145 30 0.293
4.9117 1.7689 1.7928 230 133 30 0.257
2.9505 3.4582 3.0074 230 113 30 0.196
-0.6690 0.0292 3.7161 230 159 30 0.336
-2.7364 3.9790 2.5685 230 130 30 0.246
-3.1637 -4.1977 2.5523 230 155 30 0.325
-5.1111 1.2188 1.6829 230 145 30 0.294
-6.8547 -1.3640 0.9812 230 124 30 0.228
6.7082 -0.7815 1.6363 230 158 30 0.333
-1.3756 -1.6767 2.8260 230 133 30 0.258
-2.1900 2.2992 2.8602 230 125 30 0.232
-1.5545 -4.2007 3.6392 230 132 30 0.255
-2.0023 2.5260 3.0111 230 158 30 0.335
-5.3105 3.3275 1.7672 230 129 30 0.243
3.7916 3.4681 2.4781 230 124 30 0.228
8.5427 4.5824 1.2675 230 144 30 0.290
6.9139 -0.6051 0.9318 230 137 30 0.270
0.7449 -4.7059 4.0925 230 112 30 0.193
-0.2011 -5.4621 4.0324 230 101 30 0.160
-5.1665 7.7656 2.2129 230 144 30 0.290
5.5341 -7.6116 1.7220 230 131 30 0.250
-6.6906 -3.9844 2.0678 230 121 30 0.219
-2.0844 1.2713 2.8534 230 99 30 0.151
0.7202 6.6796 3.3491 230 139 30 0.276
7.3871 -6.2240 0.8295 230 122 30 0.222
7.7283 -0.1808 0.5213 230 161 30 0.343
3.4238 4.1266 2.7286 230 159 30 0.337
3.5319 -7.8594 3.0144 230 158 30 0.332
3.3807 7.7131 2.7065 230 113 30 0.195
7.9958 2.8156 1.1740 230 118 30 0.210
-1.2557 4.9614 3.8249 230 152 30 0.316
-3.3200 -0.0538 2.5337 230 134 30 0.260
4.9910 -7.8070 2.1631 230 104 30 0.167
-6.1047 1.2965 1.5438 230 122 30 0.224
6.5079 -0.8399 0.9308 230 144 30 0.290
5.6528 2.8988 1.6896 230 157 30 0.332
3.6152 7.7625 2.2724 230 114 30 0.198
2.6672 -0.2961 3.4408 230 154 30 0.323
0.8647 1.2661 3.6018 230 114 30 0.200
3.4394 8.2026 2.8735 230 154 30 0.321
-7.7810 5.8186 0.9901 230 138 30 0.272
-4.6030 2.1121 2.2233 230 100 30 0.154
-3.7899 3.1677 2.4215 230 141 30 0.280
-3.2497 6.5300 3.2417 230 104 30 0.168
-7.6209 -0.6069 1.3788 230 115 30 0.201
1.7634 2.1408 3.1466 230 102 30 0.162
-1.9906 5.2958 3.4335 230 146 30 0.297
-4.1466 -6.9007 2.1407 230 148 30 0.304
4.1990 7.6633 2.0954 230 123 30 0.227
-0.8725 -7.5343 3.5239 230 120 30 0.217
-0.8411 -0.9909 3.6713 230 148 30 0.304
-7.9042 0.3520 0.8535 230 155 30 0.326
-1.0666 3.9453 3.5825 230 101 30 0.158
-4.1835 2.0088 2.2517 230 110 30 0.185
-1.3594 0.0380 3.3001 230 104 30 0.166
0.1717 -8.2088 3.6285 230 120 30 0.218
7.9746 3.0305 0.5596 230 122 30 0.223
3.0208 3.7663 2.1944 230 130 30 0.248
-7.3718 7.6102 0.5811 230 133 30 0.258
-3.1765 -2.7642 3.1348 230 151 30 0.311
0.4795 -2.4424 4.4054 230 125 30 0.232
-3.1870 -6.6832 2.9506 230 124 30 0.231
-2.4823 2.1167 2.9140 230 129 30 0.245
7.9167 -2.8824 1.1900 230 98 30 0.151
-0.3957 8.3755 4.2495 230 118 30 0.211
-0.8724 -2.4372 3.8738 230 107 30 0.177
1.2903 1.2458 3.6559 230 137 30 0.269
5.8251 8.3159 1.6064 230 160 30 0.340
-5.9818 3.2446 1.3352 230 126 30 0.236
1.5237 -5.9789 2.6458 230 132 30 0.253
0.0944 -1.8565 4.1367 230 143 30 0.288
-7.0414 -0.7589 1.6979 230 137 30 0.270
-2.5872 0.9481 3.1929 230 118 30 0.210
2.1707 5.1095 3.0977 230 114 30 0.200
8.4348 5.6292 0.4397 230 159 30 0.337
6.7057 -4.6759 1.6104 230 137 30 0.269
3.7433 -2.3356 2.7232 230 122 30 0.223
-4.3050 7.5727 1.8993 230 143 30 0.288
5.8696 8.1237 1.8671 230 109 30 0.183
4.0052 -1.3157 2.3363 230 106 30 0.175
-2.6498 -5.6931 3.3786 230 119 30 0.215
2.5415 -0.6091 3.2621 230 163 30 0.348
-2.1241 2.8401 3.2559 230 116 30 0.205
0.9648 -6.4868 3.7366 230 115 30 0.202
0.8744 -7.7302 4.0204 230 110 30 0.185
4.2454 3.7557 2.0866 230 121 30 0.219
8.1363 4.3665 0.8525 230 121 30 0.219
4.8376 -0.8228 2.5622 230 103 30 0.163
-7.4865 2.6942 1.1220 230 140 30 0.278
0.5191 -4.6176 3.5110 230 142 30 0.285
-5.6813 7.3177 1.9111 230 150 30 0.310
-5.9926 7.7449 1.2922 230 163 30 0.349
0.6063 1.5914 3.4665 230 156 30 0.327
-0.2554 -0.5043 4.0801 230 104 30 0.168
0.9256 -7.6314 3.3376 230 124 30 0.231
1.6120 -4.9670 2.8084 230 122 30 0.223
-6.4886 -4.4983 1.5600 230 154 30 0.321
-4.7650 -4.7433 2.1010 230 113 30 0.195
1.2171 2.8168 3.6545 230 122 30 0.224
-5.8518 7.6767 1.1575 230 145 30 0.295
2.1959 -7.8374 3.0004 230 142 30 0.284
2.5782 7.1913 2.3606 230 143 30 0.288
4.3884 -2.4125 2.2954 230 145 30 0.295
-5.1606 1.5380 2.5800 230 116 30 0.204
1.8124 2.7873 2.9968 230 145 30 0.293
2.2789 -4.6031 2.9138 230 141 30 0.282
-7.3667 -4.5238 0.9289 230 110 30 0.185
-5.6646 -5.5117 1.5673 230 140 30 0.277
2.3284 -1.1663 2.9728 230 132 30 0.254
2.6733 2.5532 2.7179 230 121 30 0.220
3.6281 3.0001 2.0784 230 99 30 0.152
1.0251 5.9287 3.2228 230 104 30 0.168
0.7515 -7.8736 4.2932 230 156 30 0.328
3.4872 7.6365 2.5146 230 110 30 0.186
-7.1831 -0.0200 1.4135 230 152 30 0.315
1.5732 1.0087 3.9777 230 137 30 0.268
-7.4531 -2.2243 0.7557 230 107 30 0.177
-8.0138 2.7527 0.8368 230 148 30 0.302
-7.6421 5.8832 0.9957 230 154 30 0.320
-7.0088 4.7776 1.0034 230 131 30 0.250
0.7599 -4.6791 3.9643 230 158 30 0.332
4.2540 6.1172 1.5744 230 162 30 0.347
2.8938 2.2421 2.9682 230 108 30 0.180
-0.2929 0.0638 3.6446 230 142 30 0.284
7.6398 -4.0678 1.1202 230 149 30 0.307
-2.2936 3.7616 2.8510 230 132 30 0.254
-0.0434 -0.7334 3.9850 230 116 30 0.205
1.2166 2.1410 3.8997 230 142 30 0.283
-3.0670 2.7221 2.9029 230 123 30 0.227
4.9390 0.5333 1.6444 230 120 30 0.218
7.9171 -0.9155 1.0482 230 152 30 0.317
2.1858 0.4300 3.0560 230 154 30 0.322
1.8416 2.0805 2.8734 230 123 30 0.225
0.8608 -4.5347 3.6263 230 102 30 0.160
-1.9911 -7.6838 3.6705 230 101 30 0.159
7.5596 -4.8068 1.1011 230 151 30 0.312
0.2801 -3.2503 4.1278 230 121 30 0.221
-3.2589 0.8971 2.9189 230 131 30 0.250
-5.9906 -5.7831 2.2229 230 136 30 0.267
7.7255 3.7911 0.7249 230 122 30 0.224
2.9465 2.7047 2.2391 230 115 30 0.202
-3.4035 2.2271 2.4215 230 162 30 0.346
-7.9282 1.8957 1.2600 230 116 30 0.206
-0.5459 5.4951 4.0486 230 159 30 0.337
-1.9136 -3.2487 3.5641 230 142 30 0.285
-1.7901 -7.2003 3.7005 230 149 30 0.305
-5.6686 -0.4644 1.5730 230 163 30 0.348
4.2520 4.2847 2.6711 230 130 30 0.249
3.7101 -1.9583 2.5212 230 138 30 0.273
1.5907 4.8696 3.4101 230 133 30 0.258
-2.2079 2.6333 3.3432 230 107 30 0.176
6.3691 -4.2102 1.6038 230 122 30 0.224
4.1523 7.7565 2.3966 230 135 30 0.262
-2.6221 2.0890 4.1070 230 135 30 0.264
-6.4924 -7.8976 1.3056 230 108 30 0.178
-7.0305 -3.6186 0.8765 230 132 30 0.255
0.2568 6.3180 3.9005 230 144 30 0.290
-7.1510 -1.7452 1.0511 230 115 30 0.201
-7.4216 -0.4157 1.1461 230 114 30 0.200
-7.7467 1.6340 0.8543 230 155 30 0.324
-6.1831 -8.5505 1.6752 230 133 30 0.257
6.6988 3.5662 1.5191 230 160 30 0.339
6.2138 7.2328 1.3348 230 134 30 0.259
7.5177 2.7639 1.5702 230 159 30 0.336
2.1651 7.4755 3.7549 230 153 30 0.317
-4.3608 7.3718 2.4920 230 140 30 0.278
5.3866 -2.7842 1.7077 230 152 30 0.317
6.0416 6.4259 1.5603 230 126 30 0.236
-0.4371 -3.0910 3.8312 230 149 30 0.305
-4.7468 -7.0424 1.9528 230 123 30 0.226
-5.6535 4.6154 1.8554 230 139 30 0.276
5.7226 3.3008 1.3178 230 111 30 0.189
-6.4523 -1.9301 1.2832 230 133 30 0.258
-6.8139 -0.5986 1.3552 230 161 30 0.342
7.8045 -4.4478 1.2119 230 137 30 0.269
5.2296 3.4831 1.2249 230 114 30 0.198
-7.7037 0.8147 1.5702 230 116 30 0.203
6.8630 -6.7214 1.1486 230 134 30 0.260
-5.9449 -8.3595 1.6307 230 141 30 0.282
7.5505 3.4637 0.6350 230 146 30 0.298
6.2668 7.6981 1.8441 230 106 30 0.173
8.2706 -2.9059 0.9449 230 138 30 0.273
-0.9876 -1.8712 3.4118 230 145 30 0.294
0.2796 -7.5217 3.2813 230 114 30 0.200
-2.1745 3.0882 2.8428 230 155 30 0.324
-0.4885 2.8806 4.1258 230 99 30 0.154
-3.1295 0.7695 2.4668 230 152 30 0.317
-1.7411 -2.1113 3.2625 230 100 30 0.154
2.4350 -4.6907 3.3653 230 137 30 0.270
-0.9954 0.1438 3.6564 230 118 30 0.210
-6.4420 -7.7765 1.9212 230 154 30 0.322
6.4570 -5.0448 0.9744 230 147 30 0.300
6.5483 3.3703 1.2393 230 125 30 0.231
-5.2897 1.4613 2.3088 230 122 30 0.225
8.0534 6.7255 0.9381 230 147 30 0.301
7.1398 0.5947 0.9309 230 126 30 0.235
-3.6534 -6.8579 2.0684 230 124 30 0.229
-6.7206 -7.8811 1.6266 230 108 30 0.181
1.5373 1.1242 3.7372 230 156 30 0.329
-7.2499 5.7205 1.1670 230 151 30 0.314
-7.9592 -0.4875 0.5373 230 99 30 0.152
1.3523 -0.6375 3.4581 230 146 30 0.298
3.3771 -1.4835 2.8263 230 135 30 0.263
6.0300 0.2666 1.5387 230 154 30 0.321
0.6886 1.7282 3.8158 230 112 30 0.191
0.9248 7.1701 3.3419 230 115 30 0.201
2.4703 5.9657 3.1585 230 121 30 0.221
3.2668 3.5722 2.4091 230 150 30 0.310
6.9204 -5.3719 1.7665 230 149 30 0.306
-6.5401 -1.8645 1.6495 230 103 30 0.165
-3.6286 5.4029 2.5735 230 160 30 0.340
-3.3546 -1.7054 2.4364 230 116 30 0.204
-8.0217 -3.5046 0.8140 230 156 30 0.327
6.7062 3.6399 1.6427 230 127 30 0.237
-8.2554 2.2096 0.6772 230 104 30 0.169
-3.0516 2.5487 2.7856 230 144 30 0.289
-6.1040 -6.0298 1.4675 230 159 30 0.338
1.5158 1.5961 3.4490 230 115 30 0.200
2.3848 -4.2642 2.9232 230 118 30 0.211
7.2724 3.0112 1.5736 230 156 30 0.329
4.1820 -1.9955 2.1901 230 150 30 0.309
-3.8478 -6.6860 2.7926 230 140 30 0.280
-0.0356 7.3855 4.3251 230 110 30 0.187
-7.2899 -2.9072 1.5282 230 136 30 0.265
-0.2188 -6.5970 3.9137 230 114 30 0.200
-0.3016 -0.1643 4.2913 230 111 30 0.191
2.8687 5.8756 2.7139 230 114 30 0.198
-1.4167 -1.3539 3.5469 230 113 30 0.194
-2.2345 7.6314 2.9996 230 127 30 0.238
5.6726 -5.1564 1.8632 230 105 30 0.172
0.2681 -4.1509 3.7842 230 154 30 0.321
-3.6404 -6.6408 2.5025 230 116 30 0.206
-2.7811 2.2785 3.2551 230 122 30 0.223
4.5333 2.5860 1.9585 230 148 30 0.305
3.2104 3.1185 2.4055 230 127 30 0.239
1.0924 6.9571 3.5682 230 144 30 0.292
5.0907 -3.2843 1.9801 230 156 30 0.327
0.9807 -6.7913 3.7520 230 146 30 0.298
7.3380 3.1230 0.6910 230 140 30 0.279
-6.8938 -0.8591 1.6477 230 128 30 0.240
-6.9064 -7.8000 1.4058 230 140 30 0.277
-2.7665 -5.1257 2.5576 230 131 30 0.252
-1.9937 -5.1658 2.9050 230 146 30 0.297
-6.4851 2.4366 1.5467 230 99 30 0.152
0.8221 -4.8251 3.6370 230 150 30 0.308
-7.5009 -0.2001 1.1275 230 140 30 0.279
3.7019 -2.5406 2.2682 230 107 30 0.177
2.2965 -0.1728 2.6461 230 109 30 0.182
-1.3956 4.7778 3.4318 230 129 30 0.244
5.1370 7.6991 1.5463 230 159 30 0.336
7.3945 -7.6056 1.0948 230 145 30 0.294
-4.1324 5.1114 2.1841 230 145 30 0.295
-7.6432 4.8724 1.2793 230 111 30 0.188
1.0488 6.6775 3.6083 230 104 30 0.167
-5.3822 -6.0521 2.3756 230 109 30 0.184
-6.5765 3.2560 1.1741 230 131 30 0.250
-5.3775 4.0549 1.8588 230 135 30 0.262
-3.6199 -4.7268 2.8446 230 121 30 0.219
-2.7272 0.1425 2.9186 230 157 30 0.331
1.8870 -0.7818 3.2594 230 134 30 0.260
-0.5283 0.8543 3.8286 230 121 30 0.220
7.9202 -7.3532 0.6618 230 161 30 0.344
0.1736 -5.6807 4.4309 230 116 30 0.206
-3.0839 0.4811 3.3646 230 151 30 0.312
3.0683 4.3376 2.4186 230 122 30 0.224
2.3325 0.2969 2.9117 230 101 30 0.157
7.1427 -1.5280 1.0173 230 123 30 0.227
0.1942 -4.4893 3.7020 230 120 30 0.217
-2.0255 -4.0258 2.9025 230 160 30 0.341
-4.5405 -7.8960 2.2809 230 123 30 0.225
6.0214 0.8900 1.5763 230 148 30 0.303
-5.9332 8.3568 1.5332 230 108 30 0.181
-7.1316 -1.5502 1.5983 230 162 30 0.345
-6.9946 -2.1248 0.8206 230 117 30 0.209
2.0126 0.5658 3.0267 230 112 30 0.192
1.5880 3.2899 3.6722 230 105 30 0.169
-7.1578 5.7490 0.6285 230 125 30 0.232
8.0277 -0.6687 1.3403 230 160 30 0.340
-6.2349 -1.9478 2.0886 230 138 30 0.274
-7.6492 -6.3709 1.1605 230 137 30 0.269
1.7875 1.5416 3.2266 230 118 30 0.212
-3.9834 2.7663 2.9753 230 143 30 0.289
-3.7654 -4.8394 2.7201 230 106 30 0.174
1.1101 -7.0131 3.8476 230 144 30 0.291
6.3840 7.5937 1.6337 230 143 30 0.288
2.5397 -5.0109 2.6305 230 150 30 0.308
-0.8177 -7.4171 3.5535 230 137 30 0.269
-8.0806 -4.7118 0.2860 230 115 30 0.202
7.5087 2.6651 1.1343 230 162 30 0.347
-7.2972 7.3065 0.9859 230 151 30 0.311
-1.1654 -1.4067 3.1928 230 112 30 0.192
3.8582 3.0298 1.9114 230 141 30 0.280
6.3240 -4.2282 1.1679 230 106 30 0.175
-1.8738 -7.6288 3.1269 230 108 30 0.180
-1.1980 5.9848 3.1942 230 99 30 0.153
0.8563 1.7883 3.7186 230 139 30 0.274
3.0798 5.4630 2.7009 230 146 30 0.297
3.1834 4.3003 2.7370 230 102 30 0.162
2.4306 2.3549 2.9857 230 161 30 0.344
2.9150 -5.2505 2.4888 230 124 30 0.229
-6.0404 3.8286 1.6307 230 114 30 0.197
-2.0806 -8.0252 3.3091 230 136 30 0.265
7.8404 -7.5527 0.6454 230 126 30 0.234
-6.4401 3.7649 1.7253 230 120 30 0.216
-2.0603 -7.3661 3.5916 230 147 30 0.301
-1.3576 3.3003 3.6656 230 112 30 0.192
-2.3515 -5.3235 2.8975 230 158 30 0.335
5.9255 2.7923 1.5342 230 152 30 0.316
-8.0852 3.3553 0.6765 230 158 30 0.333
-6.9722 -3.5378 0.8137 230 140 30 0.279
-3.1196 -0.2269 3.3343 230 120 30 0.217
6.6669 -0.3069 1.8733 230 148 30 0.304
-4.8662 -6.6431 1.9671 230 149 30 0.308
-0.4791 -3.3802 4.0327 230 137 30 0.269
-3.4667 3.7425 2.8070 230 133 30 0.257
6.2594 -6.1155 1.5205 230 129 30 0.245
-2.2088 -4.2576 2.7378 230 152 30 0.316
-0.2299 -3.3386 4.3068 230 103 30 0.164
0.9668 1.2699 3.5930 230 125 30 0.233
-6.0226 -0.4491 1.7424 230 134 30 0.261
-1.6815 3.3842 3.3947 230 105 30 0.170
-3.8897 2.4963 2.6594 230 111 30 0.188
5.3216 -3.5016 1.9054 230 105 30 0.172
-3.4669 -4.8612 2.1532 230 151 30 0.313
-0.7106 2.4182 3.4845 230 147 30 0.301
-6.6727 -3.8684 1.9086 230 152 30 0.316
7.8690 -7.2651 0.3913 230 139 30 0.275
7.0180 1.2187 1.1799 230 145 30 0.293
-3.5678 -6.3834 2.3338 230 154 30 0.320
6.4324 -0.2183 1.3563 230 104 30 0.167
1.0413 4.5137 3.9832 230 145 30 0.293
-5.6634 3.1365 1.0041 230 126 30 0.235
4.4105 -0.0074 2.2134 230 115 30 0.201
0.8533 1.9323 4.1619 230 135 30 0.265
-0.1479 -1.9773 3.8789 230 125 30 0.233
-0.3673 -3.6905 4.1392 230 139 30 0.275
4.4923 2.7282 1.9063 230 149 30 0.306
2.4359 3.8340 2.9731 230 122 30 0.224
7.8610 -6.2436 0.7588 230 131 30 0.249
-1.2131 -7.4792 3.5553 230 132 30 0.254
1.0923 -8.0731 3.0297 230 105 30 0.170
4.1203 2.7016 2.2285 230 162 30 0.347
-7.5079 2.7934 1.2161 230 109 30 0.184
8.0572 7.7224 0.6543 230 128 30 0.240
-6.1118 3.5507 0.9736 230 157 30 0.332
2.5643 -0.0468 2.9555 230 124 30 0.229
-1.8442 -4.4144 3.0409 230 113 30 0.196
7.6864 1.6045 1.0923 230 142 30 0.285
-2.0605 -1.6219 3.0617 230 114 30 0.199
-5.3140 4.2120 1.9854 230 131 30 0.250
-6.6135 1.9076 1.6925 230 125 30 0.232
-6.3968 -2.8010 1.1534 230 153 30 0.317
-1.6525 -6.6682 3.0485 230 133 30 0.258
1.7694 2.7965 3.1857 230 108 30 0.181
2.1101 -4.0572 2.5818 230 127 30 0.238
5.7819 4.5514 0.9206 230 138 30 0.271
-1.0758 4.7369 3.3896 230 140 30 0.279
2.3489 5.6738 3.6255 230 109 30 0.182
-4.7720 7.3892 2.3037 230 135 30 0.264
4.2210 -5.7244 2.4828 230 103 30 0.164
-6.6276 -1.7844 0.9400 230 160 30 0.339
1.0802 -5.0885 3.3761 230 143 30 0.288
-3.9588 5.2556 2.1137 230 99 30 0.154
-5.8847 -5.3580 1.6456 230 121 30 0.220
7.2800 -2.8763 1.0572 230 121 30 0.221
-5.4298 -3.6883 1.5724 230 116 30 0.203
-1.7989 -4.1564 3.3364 230 152 30 0.315
7.5259 1.1929 0.4246 230 156 30 0.329
0.8576 -4.6541 3.5531 230 106 30 0.175
7.0348 -5.9729 1.1865 230 117 30 0.208
-0.6539 4.1988 3.6838 230 122 30 0.223
-6.7249 1.5180 1.3279 230 116 30 0.206
0.4540 -6.3205 4.0364 230 150 30 0.310
0.6647 7.2076 3.7071 230 147 30 0.300
0.1157 -2.4484 4.0057 230 128 30 0.243
2.9197 -0.3990 3.6075 230 135 30 0.262
6.6061 -7.6788 1.2592 230 143 30 0.286
2.8885 -7.9046 2.9849 230 160 30 0.341
-2.1903 -2.1592 3.1170 230 105 30 0.171
1.0920 -2.0656 3.8137 230 157 30 0.329
-7.6992 2.0070 1.2140 230 115 30 0.203
-1.4180 -4.5110 3.3289 230 139 30 0.276
-6.1090 3.9579 1.3291 230 127 30 0.239
-7.3366 -0.8879 0.7960 230 162 30 0.346
5.4082 3.1887 2.0361 230 102 30 0.160
0.9218 -7.7194 3.7879 230 103 30 0.163
-6.1472 5.3607 1.5816 230 154 30 0.323
1.8968 0.4533 2.8735 230 118 30 0.211
-1.7277 4.9149 3.4482 230 109 30 0.183
-5.7756 -1.7806 1.5933 230 161 30 0.342
0.2008 -0.8117 3.4732 230 114 30 0.198
0.6093 -0.7232 4.2413 230 101 30 0.158
2.0340 -0.2608 3.8970 230 99 30 0.151
-4.7523 -0.2360 2.3093 230 144 30 0.292
-8.1725 -2.0584 0.5706 230 134 30 0.259
-2.0425 1.7265 2.9224 230 142 30 0.283
3.2473 -1.6231 3.1405 230 143 30 0.287
5.9075 0.4256 1.1945 230 117 30 0.206
-6.1527 5.7537 1.1657 230 157 30 0.332
-1.8630 7.9851 3.4956 230 162 30 0.345
1.0910 -7.5213 3.2883 230 123 30 0.227
0.8364 6.6613 3.9633 230 150 30 0.308
-0.2620 2.1652 4.0196 230 147 30 0.299
-5.4447 0.9748 1.8008 230 133 30 0.258
2.8120 4.2129 2.7475 230 159 30 0.338
-5.9536 -6.5829 1.8072 230 131 30 0.252
7.4617 2.7420 0.4329 230 135 30 0.262
-7.9332 -5.8676 0.7544 230 126 30 0.235
2.9355 2.9038 2.4110 230 141 30 0.282
-6.9775 0.7682 1.5779 230 112 30 0.194
0.3948 6.5639 3.7441 230 102 30 0.161
-5.8106 7.4919 2.2550 230 153 30 0.317
-7.7704 -1.6917 0.6108 230 124 30 0.230
-0.1903 -2.1401 3.7715 230 144 30 0.291
-7.5336 6.4333 1.0817 230 155 30 0.324
6.1600 6.5233 1.5291 230 146 30 0.297
-7.2133 -1.7500 0.9531 230 117 30 0.208
7.3237 -0.0833 0.7443 230 155 30 0.325
-3.3827 -1.2470 3.2517 230 158 30 0.334
6.0000 -4.1277 1.3871 230 131 30 0.250
-1.6891 5.6952 3.2600 230 125 30 0.231
-8.0856 7.8594 1.0822 230 156 30 0.327
-1.1992 6.8499 3.3320 230 118 30 0.210
1.0068 -5.3404 3.9375 230 101 30 0.157
-7.3480 -3.4952 1.0613 230 155 30 0.325
6.9039 7.3537 1.3310 230 112 30 0.192
5.4075 -5.0005 1.6036 230 122 30 0.224
-2.9069 5.2605 2.6965 230 102 30 0.162
-5.7663 7.3372 1.5458 230 127 30 0.237
-6.4348 5.0400 1.4915 230 156 30 0.327
3.6449 7.5775 2.6327 230 119 30 0.213
-6.9692 -0.1680 1.4507 230 163 30 0.348
-2.4892 2.1141 2.6752 230 159 30 0.337
-2.1193 7.3761 3.0612 230 116 30 0.206
6.1611 1.0624 1.5773 230 100 30 0.155
1.1665 6.5226 3.8400 230 146 30 0.298
-1.1777 -0.0863 3.4965 230 153 30 0.318
5.4383 -5.0021 2.8110 230 113 30 0.197
-2.8213 -2.0274 2.5657 230 107 30 0.177
-6.6112 4.5540 1.5566 230 126 30 0.236
-7.4064 5.2269 1.1144 230 114 30 0.198
-7.9916 5.7781 1.0098 230 108 30 0.179
5.8769 -3.6845 1.8142 230 107 30 0.176
-6.8691 -7.6901 1.3026 230 122 30 0.224
-7.5883 7.2809 1.0643 230 107 30 0.176
-6.7442 2.2005 1.3567 230 129 30 0.245
-7.5127 -2.4564 1.1759 230 161 30 0.342
-1.4640 4.9714 3.7803 230 125 30 0.231
3.2430 7.6550 2.8846 230 112 30 0.193
3.1849 3.1267 3.2055 230 99 30 0.153
0.6533 -3.4695 3.9740 230 144 30 0.290
-5.3992 7.8603 2.3216 230 105 30 0.172
-5.3959 -7.6516 2.1630 230 117 30 0.207
7.7077 7.4066 1.0166 230 132 30 0.253
-5.5565 -1.7213 1.8505 230 139 30 0.276
-7.3761 3.4351 1.4878 230 142 30 0.284
-5.0738 6.7454 2.1627 230 119 30 0.214
-3.0512 0.0831 2.4559 230 134 30 0.260
4.0612 3.1909 1.4266 230 142 30 0.284
5.9251 0.4682 0.9638 230 159 30 0.338
0.2925 0.4431 4.1351 230 101 30 0.157
0.8140 1.6963 3.8009 230 142 30 0.285
6.8551 2.5800 1.6165 230 144 30 0.291
-8.0774 -0.3603 1.1277 230 147 30 0.301
1.7397 -7.9672 3.9958 230 106 30 0.175
3.2052 -2.0698 2.8710 230 107 30 0.178
7.5984 -7.4337 0.5390 230 163 30 0.349
-3.2710 4.2831 2.6018 230 127 30 0.239
-7.7932 0.3911 1.0960 230 131 30 0.251
-0.1789 0.9013 3.5773 230 102 30 0.162
-4.7812 3.7098 1.3902 230 126 30 0.236
-2.5261 1.9720 2.7760 230 155 30 0.326
0.9909 -3.5088 3.9937 230 102 30 0.160
1.2273 3.2104 4.0625 230 134 30 0.259
7.8696 -4.4170 1.1031 230 106 30 0.173
-7.0887 -2.5379 1.7315 230 125 30 0.233
5.4526 2.0250 1.8176 230 134 30 0.260
0.5279 -4.8155 2.9647 230 100 30 0.156
-3.4074 2.6405 2.7672 230 136 30 0.267
1.9869 -1.0614 3.4487 230 100 30 0.156
1.6230 -1.0564 2.9710 230 113 30 0.195
1.3038 7.7489 3.2149 230 112 30 0.191
7.8693 -4.6285 1.3569 230 124 30 0.229
-2.5468 0.1282 3.1572 230 102 30 0.162
2.9253 3.3421 3.2483 230 161 30 0.342
6.2893 3.8152 1.3944 230 138 30 0.273
6.1929 4.2676 1.8106 230 101 30 0.160
-1.2190 -4.5099 3.8749 230 146 30 0.296
7.9868 0.4543 0.9196 230 105 30 0.171
-5.0932 6.7352 1.9722 230 141 30 0.281
1.4306 1.8165 3.6316 230 128 30 0.241
4.7647 -2.6073 2.1365 230 123 30 0.226
-6.2428 4.8896 1.5360 230 109 30 0.182
-3.3561 -4.7099 2.3555 230 146 30 0.296
-1.2938 1.3154 3.8698 230 109 30 0.184
-2.7721 -1.9571 2.7894 230 114 30 0.198
4.0284 -1.2334 1.9752 230 150 30 0.310
6.5028 3.8646 1.6181 230 153 30 0.317
6.4244 -4.3141 1.2334 230 145 30 0.294
-3.7429 6.9469 2.9438 230 146 30 0.297
1.8513 5.2388 3.5924 230 108 30 0.180
-5.1543 4.0788 1.8696 230 156 30 0.329
6.3650 7.9056 1.1735 230 119 30 0.215
7.8700 -5.2932 0.6054 230 154 30 0.323
4.3849 -8.0056 1.7865 230 147 30 0.301
-2.2500 -8.0232 3.2314 230 153 30 0.319
-6.2714 0.3066 1.1642 230 100 30 0.154
-3.2364 -4.7815 2.9080 230 100 30 0.154
-7.8148 6.9941 0.2794 230 119 30 0.213
-6.8196 0.1473 1.2864 230 141 30 0.281
4.5662 -7.6954 2.5884 230 160 30 0.341
-1.2851 6.5088 3.9280 230 123 30 0.227
-1.3768 -7.1869 3.1152 230 122 30 0.222
-6.0050 -2.9999 1.6943 230 129 30 0.246
-1.0120 4.5257 3.5588 230 145 30 0.295
7.0578 3.4929 0.8276 230 136 30 0.267
1.7190 -5.1610 2.7425 230 117 30 0.208
5.1463 1.1154 2.5146 230 148 30 0.303
0.5531 -3.3612 3.9632 230 138 30 0.272
-5.3914 4.0144 1.8337 230 117 30 0.207
1.3964 0.8851 3.7625 230 142 30 0.286
-5.3825 6.9359 1.6616 230 148 30 0.304
1.0041 -3.4314 3.5252 230 104 30 0.168
-6.0450 7.3190 1.7321 230 117 30 0.208
-0.4168 -1.6749 3.6370 230 144 30 0.290
-0.9237 -2.4983 3.6991 230 135 30 0.262
-5.6198 -6.3538 1.7641 230 104 30 0.169
-1.1559 -1.4251 3.4588 230 147 30 0.299
0.6042 3.5273 3.7091 230 155 30 0.326
3.6949 -5.3095 2.8809 230 132 30 0.253
0.0240 -6.3120 4.0695 230 154 30 0.322
-8.1775 6.0700 0.9993 230 152 30 0.316
-0.7589 -0.8877 3.5198 230 161 30 0.344
-7.0559 0.5275 1.3197 230 113 30 0.196
4.6186 -1.9099 1.9187 230 110 30 0.187
2.6295 7.8322 3.2383 230 139 30 0.277
-0.3387 -6.7662 4.3702 230 147 30 0.300
1.3360 -7.8714 3.3006 230 107 30 0.176
-7.4500 3.0673 0.9281 230 147 30 0.300
-0.2621 -5.5560 3.6783 230 138 30 0.272
-6.1986 4.1107 1.5466 230 137 30 0.270
6.6891 6.2124 1.3649 230 107 30 0.178
3.5370 -8.2814 2.3787 230 118 30 0.210
4.4887 -2.7130 2.2027 230 161 30 0.342
8.2996 1.2798 0.3858 230 155 30 0.324
5.3737 4.0631 1.8289 230 151 30 0.312
-3.6487 2.1676 2.3702 230 111 30 0.190
-1.6522 -4.6087 3.4704 230 145 30 0.294
6.4008 -0.1915 1.5712 230 127 30 0.238
-7.6150 0.5002 0.8932 230 139 30 0.276
-1.9605 -0.6021 3.1587 230 116 30 0.203
3.6386 4.1896 2.7592 230 113 30 0.194
7.1346 7.7315 0.9768 230 149 30 0.306
-1.5748 1.9451 2.9178 230 136 30 0.265
6.2217 7.9514 1.4312 230 151 30 0.314
-1.7181 2.1692 3.3771 230 144 30 0.290
-8.1434 -3.6605 0.9466 230 116 30 0.204
-7.2611 -1.6510 1.1193 230 116 30 0.203
-7.9587 4.8451 0.3098 230 146 30 0.297
-1.7216 7.3288 3.0937 230 156 30 0.329
-3.9515 -6.5053 2.8001 230 159 30 0.336
-5.1750 2.0793 2.1899 230 119 30 0.215
-7.2285 -3.1631 1.0236 230 121 30 0.221
2.8229 -7.6839 2.6534 230 142 30 0.284
7.6074 1.9704 1.0174 230 105 30 0.170
-1.8636 1.1201 2.8131 230 134 30 0.260
-1.8831 -3.6918 2.7123 230 155 30 0.323
-7.3775 -3.0655 1.0947 230 136 30 0.267
3.0809 -0.0859 2.4374 230 123 30 0.225
-2.8495 2.4249 3.0022 230 121 30 0.220
-0.5754 -0.7071 3.8852 230 138 30 0.272
-3.5039 3.9581 2.9629 230 119 30 0.213
5.2157 3.0660 1.9221 230 109 30 0.182
3.1836 -5.3864 2.6669 230 158 30 0.332
-3.2219 5.0551 2.6555 230 109 30 0.183
-7.3641 -0.7377 1.1767 230 118 30 0.211
-4.6694 4.4701 1.8456 230 128 30 0.240
-0.4985 -2.0672 3.8091 230 110 30 0.187
1.7268 -1.0363 2.7291 230 119 30 0.213
3.8196 -0.9553 2.3719 230 133 30 0.256
7.3487 6.6794 0.8993 230 106 30 0.173
-8.0272 7.6437 0.7962 230 128 30 0.242
6.5453 6.0278 0.7043 230 127 30 0.237
8.3161 6.8994 1.0662 230 140 30 0.280
8.1257 0.5551 0.6144 230 118 30 0.211
6.3111 0.5549 1.7514 230 99 30 0.153
-0.9141 3.5024 3.7005 230 149 30 0.307
1.7149 -6.4346 3.3465 230 133 30 0.258
-6.8376 4.3908 1.1029 230 131 30 0.252
-0.6853 4.9710 3.3774 230 126 30 0.234
-6.1385 4.0409 1.4783 230 163 30 0.349
6.2885 -0.6034 1.0551 230 141 30 0.281
6.1912 4.2681 1.5754 230 107 30 0.177
7.7407 -6.9448 0.6270 230 140 30 0.278
-6.1378 5.1897 1.6581 230 104 30 0.168
-5.6506 1.3646 1.7476 230 107 30 0.177
0.7484 3.6446 3.6638 230 109 30 0.183
1.5486 -0.6749 2.9207 230 161 30 0.344
-7.8958 6.7994 -0.2117 230 147 30 0.299
7.0509 4.3964 1.2404 230 128 30 0.242
-0.4403 0.7584 3.9451 230 103 30 0.164
2.8965 8.1010 2.9264 230 124 30 0.229
3.3516 8.0066 2.7522 230 122 30 0.224
5.9860 -5.0934 1.3325 230 132 30 0.255
2.6114 3.4575 2.6188 230 146 30 0.296
6.2065 -4.3081 1.7614 230 126 30 0.235
-1.8196 -2.2449 3.1952 230 137 30 0.270
8.3798 -7.5922 0.4331 230 128 30 0.242
-1.8895 7.3285 3.4765 230 99 30 0.153
0.5634 -6.0578 3.8678 230 131 30 0.251
8.0534 7.2302 0.6730 230 130 30 0.249
-2.4608 1.4139 2.5781 230 130 30 0.247
-7.4217 -2.0292 0.6857 230 114 30 0.200
-6.2069 7.8740 1.3075 230 145 30 0.295
3.1498 2.7561 2.8122 230 121 30 0.219
0.9907 -4.9043 3.7340 230 101 30 0.159
6.1838 -0.3276 1.0883 230 156 30 0.328
-5.0848 -5.6236 1.8721 230 160 30 0.340
-2.5129 -6.5718 3.2579 230 101 30 0.157
6.6844 -4.0979 1.4091 230 101 30 0.159
-4.1866 2.2891 2.3661 230 154 30 0.323
0.6243 3.3567 3.6116 230 99 30 0.152
-2.1218 6.8854 3.0361 230 154 30 0.322
2.7778 -4.0723 3.0837 230 114 30 0.198
3.8472 2.9203 2.7004 230 130 30 0.248
2.5057 -7.3804 3.4640 230 150 30 0.309
-2.2999 -6.2122 3.3480 230 147 30 0.299
2.9715 -2.8704 2.6005 230 131 30 0.252
-6.8604 4.9823 1.0790 230 114 30 0.198
-3.4259 2.0060 2.8524 230 113 30 0.196
7.4353 -6.3473 0.6795 230 103 30 0.164
-0.8757 -4.8958 3.9508 230 124 30 0.229
-6.9431 -1.6759 0.9765 230 138 30 0.274
-6.0627 -1.9009 1.2260 230 161 30 0.342
0.3297 3.9914 3.7777 230 156 30 0.328
-3.2622 2.0590 2.3086 230 158 30 0.335
-2.0373 7.6734 3.2652 230 125 30 0.231
6.1746 7.8541 1.5378 230 111 30 0.190
2.4289 7.8902 2.7760 230 100 30 0.157
1.5169 2.4760 3.0864 230 128 30 0.240
-7.2261 -0.9922 1.0174 230 131 30 0.251
7.5827 -4.3399 1.2456 230 160 30 0.340
7.5337 -0.7066 0.9530 230 132 30 0.255
-5.5874 -0.7836 1.5352 230 162 30 0.347
8.2235 -7.9504 0.7950 230 135 30 0.263
-6.9289 -4.3531 1.4807 230 142 30 0.284
-1.4254 -2.2829 3.6402 230 112 30 0.193
-1.2148 -2.6103 3.5847 230 151 30 0.313
-1.2380 -6.7073 3.5501 230 112 30 0.192
-3.9495 2.5849 2.4399 230 163 30 0.349
-3.6895 7.3224 2.8480 230 162 30 0.347
6.2404 -0.5171 1.2620 230 148 30 0.302
7.5981 -4.4633 1.3299 230 134 30 0.261
3.0985 7.2549 3.2468 230 109 30 0.183
6.3346 4.4787 1.8283 230 136 30 0.267
8.1281 -2.1901 0.6984 230 116 30 0.205
3.0078 2.0521 3.0034 230 104 30 0.167
6.2956 3.5894 2.0198 230 163 30 0.348
1.1397 -4.3114 3.3738 230 103 30 0.165
6.7600 -1.2436 1.2018 230 105 30 0.170
-3.1211 -3.2273 2.7192 230 131 30 0.251
-5.9579 -1.4770 1.4969 230 128 30 0.242
6.5131 2.6333 0.8038 230 103 30 0.164
-2.4349 -2.4684 3.2761 230 125 30 0.233
4.1336 4.0276 2.5608 230 138 30 0.272
3.0297 7.9550 3.0078 230 144 30 0.292
7.5108 3.0847 0.7159 230 143 30 0.289
0.8002 6.7238 3.5963 230 116 30 0.204
-3.2945 -2.8214 2.4589 230 131 30 0.252
6.8501 -4.2557 1.4881 230 139 30 0.274
7.4996 -8.0014 1.0689 230 154 30 0.321
-7.3425 5.1880 1.2210 230 137 30 0.269
-1.1341 5.9169 3.8561 230 157 30 0.330
-4.3036 -0.7097 1.8454 230 144 30 0.292
-7.2236 0.3205 0.9397 230 100 30 0.155
-3.8533 1.3796 3.1228 230 114 30 0.200
-5.0591 3.9864 1.9861 230 126 30 0.235
-4.3402 -0.4922 2.3441 230 137 30 0.268
-7.8513 -7.8941 1.1606 230 162 30 0.347
-2.8280 -0.0839 2.8962 230 148 30 0.303
7.0252 7.8445 0.9899 230 147 30 0.300
2.1028 3.6487 3.1333 230 161 30 0.342
4.7149 4.1657 2.3457 230 102 30 0.161
-7.7182 -3.6341 0.6814 230 127 30 0.239
-2.0197 2.5536 3.6158 230 157 30 0.331
-2.3321 -5.2511 2.9722 230 158 30 0.334
4.2712 -1.8005 2.1225 230 135 30 0.262
2.3082 6.0173 3.5375 230 154 30 0.323
-7.4583 7.2513 0.8771 230 104 30 0.168
-0.6809 1.1350 3.6550 230 154 30 0.320
-0.0217 -0.3507 4.5783 230 137 30 0.269
0.1729 -2.0757 4.1242 230 157 30 0.331
-5.9004 2.1777 1.2084 230 100 30 0.156
0.7414 -4.4504 3.6246 230 133 30 0.258
8.1641 -2.1847 0.4349 230 145 30 0.294
2.9245 -3.6195 2.5258 230 146 30 0.297
6.7146 1.8891 0.8280 230 121 30 0.220
2.2529 2.5914 2.8983 230 106 30 0.174
-0.5109 -2.8267 3.9725 230 132 30 0.255
4.4903 1.4824 2.1737 230 102 30 0.162
7.8644 7.6536 0.7510 230 112 30 0.191
-6.2827 -4.9605 1.4623 230 124 30 0.228
1.8763 8.2666 3.1426 230 120 30 0.216
7.7954 -7.9965 0.6865 230 159 30 0.338
5.9376 5.9884 2.1423 230 162 30 0.346
-0.8432 -0.5038 3.4745 230 112 30 0.192
-1.5124 5.0355 3.4894 230 144 30 0.292
-8.0613 -1.3943 0.8753 230 131 30 0.249
-1.8537 -5.3549 3.6107 230 153 30 0.318
-7.8801 -4.0157 0.3397 230 123 30 0.226
-3.3278 -6.3922 2.8619 230 154 30 0.322
2.3783 -1.3691 2.7013 230 118 30 0.210
4.7312 -4.1087 2.1711 230 138 30 0.271
0.1112 -7.4209 3.8715 230 113 30 0.194
0.7775 -4.5420 3.7244 230 157 30 0.332
-6.4212 3.5577 1.7356 230 127 30 0.238
7.2039 1.8478 1.0159 230 136 30 0.266
-1.7279 5.3388 3.8528 230 111 30 0.190
6.5862 -2.4563 1.6808 230 117 30 0.206
-2.8973 -5.1938 3.3176 230 154 30 0.321
-7.9593 0.1692 1.2636 230 147 30 0.299
-6.9705 -2.0148 0.9314 230 149 30 0.305
0.8093 3.4012 3.3880 230 103 30 0.163
-6.7883 1.9547 1.3308 230 147 30 0.300
0.8164 -4.6040 3.2513 230 152 30 0.315
-1.2234 -2.0819 3.1051 230 117 30 0.209
0.5298 7.0359 3.8123 230 154 30 0.321
-1.7603 -1.2768 3.3519 230 127 30 0.238
-6.9429 5.2047 0.9503 230 109 30 0.184
3.0421 -0.5462 2.2104 230 125 30 0.231
2.6444 -1.5757 2.7838 230 118 30 0.211
-0.5839 -0.5469 3.2398 230 128 30 0.241
2.9440 3.9970 2.7936 230 148 30 0.304
0.2145 7.3780 4.1439 230 124 30 0.229
4.1503 -7.5251 3.0022 230 144 30 0.290
0.1762 -6.9996 4.1412 230 158 30 0.333
-7.1947 -0.7406 1.2288 230 108 30 0.179
-1.5622 1.7176 3.0527 230 104 30 0.167
7.8330 4.2559 0.6658 230 151 30 0.313
0.6796 -4.6342 3.7990 230 140 30 0.277
-2.7736 7.7290 3.1009 230 150 30 0.309
-1.6596 0.0577 3.1045 230 117 30 0.208
-1.6122 -7.8572 3.4889 230 105 30 0.172
0.8268 -5.0406 3.6044 230 122 30 0.224
-2.6013 -5.0415 3.2535 230 121 30 0.221
-6.3249 5.5424 1.5604 230 161 30 0.343
-2.1959 4.2410 3.3649 230 153 30 0.317
-2.7810 0.2845 2.6517 230 153 30 0.318
6.7939 -1.2951 1.3486 230 106 30 0.173
7.7733 -6.5753 0.3008 230 112 30 0.192
2.6200 -4.4565 3.3043 230 156 30 0.329
-4.8115 -3.7871 1.8338 230 122 30 0.224
-4.6491 -3.4734 2.0453 230 111 30 0.189
0.4040 8.0056 3.6878 230 125 30 0.231
2.1646 -0.5069 3.6337 230 131 30 0.252
-6.4974 4.7401 1.4211 230 99 30 0.152
-2.2421 -6.4815 3.3717 230 117 30 0.208
-3.8313 -7.8838 3.1969 230 158 30 0.335
1.0638 3.7812 3.5487 230 149 30 0.307
6.6359 -1.9684 1.5504 230 138 30 0.273
6.7170 -0.4521 1.4924 230 106 30 0.172
-6.6720 -1.6876 1.4961 230 137 30 0.270
6.7573 4.5153 1.1972 230 128 30 0.242
2.2124 -3.8003 3.1315 230 160 30 0.341
-3.7457 1.9313 2.1210 230 127 30 0.239
0.3692 -4.5372 3.6146 230 131 30 0.250
2.0982 -3.9644 2.9097 230 103 30 0.164
-0.8190 -7.4451 3.9602 230 108 30 0.181
3.6330 3.1018 2.0618 230 152 30 0.315
-5.3063 -7.7185 2.3788 230 110 30 0.187
-3.7483 2.5868 3.1023 230 146 30 0.296
-2.4303 -6.8835 3.4131 230 126 30 0.236
3.4545 8.2027 3.1320 230 111 30 0.189
1.4978 2.8745 3.3976 230 119 30 0.213
5.5524 3.4045 1.6647 230 117 30 0.206
0.7640 1.4531 3.5416 230 137 30 0.268
-1.8952 2.3269 2.9738 230 105 30 0.170
-6.6302 -2.0699 1.7205 230 107 30 0.176
4.3248 4.9661 1.8192 230 116 30 0.204
6.4955 -4.1009 1.0985 230 156 30 0.328
6.8127 -3.6295 1.6817 230 137 30 0.270
-7.4825 -5.4367 1.1509 230 123 30 0.227
3.2828 6.0221 2.4577 230 99 30 0.152
5.0213 5.0479 2.4114 230 106 30 0.173
2.9450 -7.7438 2.5439 230 160 30 0.341
-2.2769 -3.0272 2.8957 230 101 30 0.160
-7.8447 -1.8387 1.1341 230 116 30 0.205
-7.0926 7.8616 1.1731 230 128 30 0.242
-1.3582 5.4279 3.4467 230 119 30 0.212
7.0102 -3.0123 1.2938 230 158 30 0.333
5.9936 3.2242 2.3944 230 137 30 0.269
8.0990 -7.0861 0.9893 230 99 30 0.152
7.8930 5.9058 1.1542 230 130 30 0.249
-5.2755 -7.7980 2.2836 230 144 30 0.289
-8.0556 7.8120 0.7903 230 159 30 0.338
1.7028 2.1366 3.8058 230 144 30 0.289
-6.2953 -4.0088 0.8802 230 146 30 0.298
6.3018 5.4353 0.7269 230 109 30 0.182
-2.6971 -0.0475 2.7244 230 117 30 0.209
-4.7434 -5.7469 2.2992 230 155 30 0.325
-7.8295 0.1102 0.9995 230 110 30 0.187
2.3885 -0.8215 3.1925 230 140 30 0.278
-4.7989 -5.8959 2.2916 230 133 30 0.256
7.2334 3.3315 0.7149 230 119 30 0.212
-5.2260 3.3550 1.6054 230 139 30 0.276
-3.6060 1.8760 2.6354 230 140 30 0.279
5.3918 -2.4449 1.5474 230 149 30 0.307
-0.8124 -5.7511 3.0135 230 103 30 0.164
3.7172 -1.6835 2.9120 230 153 30 0.320
3.9536 8.2710 2.5826 230 152 30 0.314
-2.7270 -4.3029 2.9952 230 132 30 0.255
-6.9869 -4.3462 0.9218 230 131 30 0.251
-2.2333 -4.4498 2.9572 230 101 30 0.158
-3.5360 4.6114 2.5945 230 159 30 0.338
-1.2817 -5.4450 3.6288 230 102 30 0.161
-1.3760 -6.0018 3.8472 230 110 30 0.185
-3.1325 -5.0085 2.7186 230 103 30 0.164
6.1793 -7.8092 1.7059 230 109 30 0.184
-6.6200 4.1013 1.3356 230 112 30 0.191
0.4889 -6.3769 3.7689 230 142 30 0.284
-6.4550 4.8480 2.1294 230 105 30 0.171
6.5648 -1.9798 1.4329 230 104 30 0.168
2.3793 -3.8377 2.8680 230 101 30 0.157
-7.1307 0.5845 1.3994 230 156 30 0.327
-3.4772 -1.4156 2.5804 230 113 30 0.195
-2.2232 2.5804 3.6455 230 111 30 0.190
-0.7126 -6.6906 3.5629 230 161 30 0.343
1.1110 6.3023 4.2898 230 109 30 0.184
0.4410 -4.4679 4.1062 230 159 30 0.338
7.9928 -6.1803 1.1891 230 163 30 0.349
0.7605 -0.4183 3.8404 230 118 30 0.212
-7.5802 5.4105 0.6677 230 141 30 0.283
-8.2901 -7.9561 1.2649 230 136 30 0.266
7.9943 -0.6010 1.0508 230 133 30 0.256
1.9743 -0.4236 3.1441 230 106 30 0.173
-6.3569 7.3765 1.6577 230 99 30 0.153
8.0262 -6.2826 1.0008 230 159 30 0.337
-3.5744 -6.7151 2.9969 230 159 30 0.336
-7.5495 4.6696 1.1928 230 125 30 0.231
6.3551 2.6173 1.2344 230 144 30 0.290
-3.0270 -0.6397 2.5442 230 114 30 0.198
-2.5234 1.0641 2.5567 230 143 30 0.288
-1.7284 -7.4362 2.7446 230 151 30 0.312
-2.1962 -7.1566 3.2400 230 122 30 0.222
3.6890 5.8829 2.1840 230 139 30 0.276
3.0509 6.9136 2.7284 230 104 30 0.168
7.9623 6.4405 0.6240 230 107 30 0.176
0.4745 -5.6891 3.1787 230 154 30 0.321
-6.4604 -5.9817 1.3714 230 139 30 0.276
5.6333 2.6327 1.2877 230 140 30 0.280
7.0796 4.1284 0.9000 230 163 30 0.349
6.0696 5.0011 1.5130 230 118 30 0.211
-1.8808 -3.0265 3.4592 230 109 30 0.182
1.4005 4.5939 3.1860 230 149 30 0.306
-3.0849 -1.2095 2.3093 230 103 30 0.165
-1.9240 -5.4566 3.0261 230 99 30 0.152
-5.8429 -5.4172 1.1237 230 109 30 0.184
2.5360 7.9730 2.8714 230 145 30 0.293
3.8839 -1.9337 2.7304 230 163 30 0.348
6.6412 1.8862 1.1193 230 98 30 0.150
1.3393 -7.3602 3.1791 230 115 30 0.202
0.9419 -4.7658 3.3833 230 153 30 0.319
-7.2551 -1.5012 1.3905 230 132 30 0.255
2.5626 7.7368 2.7954 230 119 30 0.213
-0.7742 -6.1824 3.5936 230 116 30 0.205
-7.7372 0.3863 0.5812 230 133 30 0.257
7.6441 -0.3296 0.8623 230 146 30 0.297
-1.6370 5.9672 3.6622 230 158 30 0.333
-4.9146 4.0503 2.0752 230 149 30 0.306
3.9122 7.3542 1.7811 230 155 30 0.325
-3.3745 -2.7961 3.0924 230 143 30 0.289
-1.2005 -2.3024 3.7319 230 159 30 0.337
-4.5534 6.5825 2.4014 230 142 30 0.284
-6.3912 7.2320 1.7378 230 150 30 0.310
-2.0166 -3.9552 2.8308 230 99 30 0.151
-7.5907 -2.1806 0.9677 230 144 30 0.291
7.6306 -1.0720 0.9003 230 113 30 0.194
-1.4515 -5.0898 3.4380 230 141 30 0.282
4.7563 -7.6354 1.7163 230 133 30 0.256
-1.7859 3.7740 3.2452 230 163 30 0.348
-3.9764 -8.0847 2.0867 230 159 30 0.336
2.3976 -0.4878 2.9007 230 163 30 0.348
3.0164 2.4968 2.7814 230 139 30 0.277
2.2120 5.0033 3.2512 230 112 30 0.193
1.5999 -7.1453 3.3983 230 106 30 0.174
-2.4481 8.2807 3.1446 230 117 30 0.208
-2.0942 -4.0878 3.0043 230 143 30 0.288
-1.7466 -2.1880 3.5165 230 130 30 0.248
0.3688 -6.4037 3.8866 230 113 30 0.195
-1.3410 6.4424 3.5854 230 154 30 0.322
-6.0450 -3.5596 2.0569 230 105 30 0.170
5.2673 7.8383 1.5038 230 143 30 0.288
2.1577 2.5203 2.9534 230 113 30 0.197
1.3688 2.8489 3.6690 230 127 30 0.237
-0.1867 0.7727 4.1798 230 150 30 0.310
7.0663 -0.9520 1.1508 230 133 30 0.257
6.8368 7.3626 1.1751 230 118 30 0.212
4.8714 0.5470 2.0712 230 156 30 0.329
0.0128 -2.1092 4.0030 230 121 30 0.221
2.3538 -0.1931 3.3148 230 106 30 0.174
4.1536 -7.3500 2.7247 230 102 30 0.162
-7.6211 1.1088 0.8969 230 117 30 0.208
-2.9750 0.0261 2.8415 230 126 30 0.234
-5.8125 3.7102 1.5722 230 135 30 0.264
2.1503 -0.5580 3.1888 230 108 30 0.181
-0.5573 3.1962 4.0604 230 129 30 0.245
6.6241 2.0526 1.2187 230 130 30 0.249
-7.6626 -0.3478 1.0177 230 118 30 0.210
5.7515 -4.3417 1.6498 230 163 30 0.350
0.8805 -3.5823 3.5278 230 120 30 0.215
-6.5539 -3.8093 1.2684 230 162 30 0.347
-3.8160 3.5999 2.6876 230 102 30 0.160
-0.1602 -2.8702 3.8331 230 131 30 0.252
7.5768 2.7317 1.0720 230 131 30 0.251
-7.1535 -3.2334 0.7723 230 105 30 0.170
4.8346 4.3463 2.3596 230 135 30 0.262
6.4007 -0.0685 1.4699 230 104 30 0.167
-3.5061 2.3526 2.6811 230 128 30 0.242
1.6279 2.4457 3.7287 230 132 30 0.254
0.6203 -5.5066 3.9649 230 163 30 0.349
2.5671 0.2248 3.1696 230 111 30 0.188
-0.1947 0.9083 3.8876 230 114 30 0.197
0.0956 0.8181 4.0551 230 122 30 0.224
-7.6152 7.7195 1.6730 230 110 30 0.187
2.7636 2.5497 2.4877 230 159 30 0.338
-2.0936 -7.0201 3.4962 230 118 30 0.212
-2.1929 -3.0061 3.2409 230 122 30 0.224
-3.6674 2.4168 2.7191 230 146 30 0.298
-1.3074 -4.1445 3.7971 230 121 30 0.219
6.1855 -0.8173 1.4893 230 143 30 0.287
-1.4989 4.5178 2.9460 230 149 30 0.306
2.9686 -0.4746 3.2999 230 125 30 0.231
-1.3377 2.1787 3.6013 230 145 30 0.292
-6.5029 4.8369 1.3104 230 124 30 0.229
1.7446 6.0150 3.0810 230 139 30 0.275
7.2568 -0.6642 0.7303 230 151 30 0.311
6.2861 7.8476 1.7788 230 119 30 0.213
-0.7205 -0.3439 3.8928 230 130 30 0.248
0.8728 -6.7527 3.7602 230 146 30 0.297
7.8196 3.4381 0.8132 230 124 30 0.228
5.3219 -5.1591 1.8424 230 154 30 0.322
7.4859 -4.7991 0.5944 230 137 30 0.270
3.4752 7.6524 2.5089 230 144 30 0.291
7.6235 0.5615 0.9709 230 125 30 0.231
-6.2386 7.1259 1.2528 230 107 30 0.178
-2.0375 1.4982 3.4766 230 117 30 0.209
-5.5866 6.5458 2.0161 230 135 30 0.264
-7.5905 6.4219 1.0623 230 155 30 0.324
-5.0021 -3.7887 2.0532 230 156 30 0.329
4.6811 1.5518 1.6911 230 123 30 0.227
-5.7623 3.6900 1.1473 230 105 30 0.170
0.5663 -6.9049 3.8390 230 132 30 0.255
8.1801 -2.2387 0.6431 230 143 30 0.286
-3.1046 4.4997 2.7284 230 113 30 0.196
1.8571 -5.0725 2.6699 230 102 30 0.160
2.8558 2.1663 2.7664 230 105 30 0.172
3.0798 -7.2811 2.8134 230 146 30 0.298
-6.3388 1.5814 1.1434 230 127 30 0.238
-6.1136 -5.7439 2.1742 230 124 30 0.229
-2.5359 0.9221 2.9168 230 120 30 0.218
7.1108 2.9320 1.1404 230 117 30 0.208
7.6495 7.5196 1.1710 230 139 30 0.274
4.8990 -5.9231 2.0570 230 146 30 0.298
-1.4046 3.5739 3.2990 230 106 30 0.175
7.1415 -1.1040 0.5240 230 113 30 0.194
-6.4659 -7.6546 1.4612 230 152 30 0.316
-3.5517 4.7694 2.7531 230 147 30 0.300
-3.5333 2.6680 2.1784 230 141 30 0.282
5.7052 -5.8672 1.5290 230 129 30 0.245
-2.8623 3.5942 3.2928 230 129 30 0.244
6.6206 7.9884 1.0813 230 100 30 0.157
1.3989 3.1458 4.2982 230 130 30 0.247
8.1916 -4.8950 1.2834 230 145 30 0.295
-6.2759 4.9294 1.5250 230 150 30 0.310
-3.6457 4.9578 2.6030 230 158 30 0.332
3.2098 6.8284 2.9714 230 116 30 0.205
-2.2382 -5.1547 2.9950 230 121 30 0.219
-5.5608 -5.4864 1.7947 230 158 30 0.334
-8.3407 7.8574 0.6504 230 104 30 0.166
5.6457 -2.4718 1.5040 230 115 30 0.203
-7.6109 7.3318 0.5190 230 111 30 0.190
-7.0601 4.5280 1.5757 230 160 30 0.340
4.7144 -7.3643 1.7056 230 131 30 0.251
-3.0488 -4.6811 2.5028 230 118 30 0.211
-4.4986 2.9400 2.4137 230 118 30 0.211
5.3970 7.7810 1.6873 230 124 30 0.228
-3.1654 -7.3417 2.4465 230 109 30 0.183
6.2237 4.2411 1.2697 230 134 30 0.261
0.6738 2.0430 3.0435 230 127 30 0.240
-4.3750 -3.4671 2.1314 230 151 30 0.313
-1.8087 7.6355 3.2701 230 153 30 0.319
-6.6044 2.0440 1.3764 230 163 30 0.349
-7.1098 -1.5562 1.5289 230 113 30 0.195
6.4001 2.7773 1.5707 230 127 30 0.238
3.3437 -1.9172 1.6320 230 109 30 0.183
-6.3276 3.7239 1.5598 230 132 30 0.253
7.0180 6.3946 1.4552 230 103 30 0.164
2.8955 -0.6622 3.2379 230 100 30 0.155
-5.8776 0.4084 1.7015 230 130 30 0.247
-1.6619 -3.6745 2.6400 230 132 30 0.253
-6.6927 -1.6186 1.2248 230 115 30 0.200
4.4638 -7.4034 2.2085 230 112 30 0.191
-2.2028 -4.5192 3.1297 230 135 30 0.263
5.4635 -2.5520 2.0248 230 141 30 0.280
7.7973 -4.3201 1.3690 230 117 30 0.207
3.8075 -5.2914 2.7608 230 154 30 0.322
-2.5576 1.7777 3.2156 230 147 30 0.300
5.0682 -5.4711 1.2330 230 151 30 0.312
5.0729 2.6786 2.0257 230 101 30 0.158
-2.1779 6.8155 3.1756 230 137 30 0.268
7.6984 -0.9502 1.2224 230 159 30 0.338
2.9669 7.3923 2.4647 230 108 30 0.179
-2.2311 2.0908 3.4705 230 142 30 0.285
-4.4508 -7.4458 2.7801 230 153 30 0.320
-3.7952 7.3923 2.2034 230 119 30 0.214
-0.2970 0.8897 4.1106 230 115 30 0.201
2.2548 4.9513 2.9593 230 104 30 0.169
6.8234 7.1167 1.3019 230 110 30 0.185
-1.8371 3.0029 3.6789 230 99 30 0.154
7.9964 2.8139 0.7500 230 119 30 0.213
2.6530 -5.2426 3.3836 230 146 30 0.298
7.2561 -4.5171 0.8203 230 116 30 0.206
-5.1678 8.1072 1.9457 230 126 30 0.235
7.7968 6.1751 0.6147 230 99 30 0.154
8.0505 6.0238 0.8372 230 113 30 0.197
-2.7878 0.9060 2.9542 230 119 30 0.214
7.6363 -1.3109 1.2943 230 133 30 0.258
5.9899 -0.4917 1.4343 230 103 30 0.165
1.2593 -0.6656 3.4829 230 118 30 0.212
3.1593 2.8615 2.6044 230 158 30 0.332
3.3316 7.9323 3.0571 230 153 30 0.319
1.5890 6.8557 3.3220 230 130 30 0.248
-1.6457 5.4913 3.5596 230 132 30 0.253
7.7961 0.5828 1.0247 230 107 30 0.176
3.1091 -7.7031 3.2203 230 120 30 0.217
0.3849 -0.3108 4.2582 230 160 30 0.341
-8.1552 3.5910 0.5001 230 139 30 0.274
2.6767 -5.5638 2.3188 230 106 30 0.175
7.6254 7.2295 0.8933 230 145 30 0.295
-0.8132 -5.2343 3.7245 230 163 30 0.349
-2.1404 2.8617 3.2354 230 133 30 0.256
-6.0477 3.0326 2.2239 230 157 30 0.330
6.0271 -8.1157 1.3812 230 130 30 0.248
-7.7130 -7.3112 1.0628 230 154 30 0.321
2.9018 7.7848 2.4812 230 116 30 0.203
-7.8819 -1.7037 1.2754 230 139 30 0.274
2.6125 2.6736 2.5620 230 114 30 0.199
6.8052 -5.3497 1.3312 230 132 30 0.254
